Electorate,CandidateName,OfficialParty,PrimaryVotes,PrimaryShare,BroadCategory,CandidateSubtype,IdeologyFamily,ManualReview,ResultsSourceURL
Albert Park,"DRAGWIDGE, Georgie",,2294,0.0587,IND,IND_MINOR,UNKNOWN,True,https://www.vec.vic.gov.au/results/state-election-results/2022-state-election-results/results-by-district/albert-park-district-results
Albert Park,"TAYLOR, Nina",Australian Labor Party - Victorian Branch,14254,0.36450000000000005,ALP,ALP,,False,https://www.vec.vic.gov.au/results/state-election-results/2022-state-election-results/results-by-district/albert-park-district-results
Albert Park,"SAMIOTIS, Kim",Australian Greens,8178,0.2091,GRN,GRN,,False,https://www.vec.vic.gov.au/results/state-election-results/2022-state-election-results/results-by-district/albert-park-district-results
Albert Park,"ANTUNOVIC, Elizabeth",Freedom Party of Victoria,518,0.0132,OTH,OTH_FPV,RIGHT,False,https://www.vec.vic.gov.au/results/state-election-results/2022-state-election-results/results-by-district/albert-park-district-results
Albert Park,"BRADEA, Viorel",Family First Victoria,466,0.011899999999999999,OTH,OTH_FFPA,RIGHT,False,https://www.vec.vic.gov.au/results/state-election-results/2022-state-election-results/results-by-district/albert-park-district-results
Albert Park,"SHERSON, Lauren",Liberal,11659,0.2981,LNP,LIB,,False,https://www.vec.vic.gov.au/results/state-election-results/2022-state-election-results/results-by-district/albert-park-district-results
Albert Park,"SMART, Lance",Liberal Democrats,534,0.0137,OTH,OTH_LTP,RIGHT,False,https://www.vec.vic.gov.au/results/state-election-results/2022-state-election-results/results-by-district/albert-park-district-results
Albert Park,"WESTWOOD, Cassandra",Animal Justice Party,1207,0.030899999999999997,OTH,OTH_AJP,CENTRE_LEFT,False,https://www.vec.vic.gov.au/results/state-election-results/2022-state-election-results/results-by-district/albert-park-district-results
Ashwood,"JUDAH, Asher",Liberal,16618,0.37170000000000003,LNP,LIB,,False,https://www.vec.vic.gov.au/results/state-election-results/2022-state-election-results/results-by-district/ashwood-district-results
Ashwood,"SALOUMI, Lynnette",,704,0.015700000000000002,IND,IND_MINOR,UNKNOWN,True,https://www.vec.vic.gov.au/results/state-election-results/2022-state-election-results/results-by-district/ashwood-district-results
Ashwood,"FREGON, Matt",Australian Labor Party - Victorian Branch,18014,0.4029,ALP,ALP,,False,https://www.vec.vic.gov.au/results/state-election-results/2022-state-election-results/results-by-district/ashwood-district-results
Ashwood,"MORGAN, Peter",Australian Greens,6612,0.1479,GRN,GRN,,False,https://www.vec.vic.gov.au/results/state-election-results/2022-state-election-results/results-by-district/ashwood-district-results
Ashwood,"BAKER, Norman F.",Freedom Party of Victoria,568,0.0127,OTH,OTH_FPV,RIGHT,False,https://www.vec.vic.gov.au/results/state-election-results/2022-state-election-results/results-by-district/ashwood-district-results
Ashwood,"GRIFFITHS, Milton",Animal Justice Party,880,0.0197,OTH,OTH_AJP,CENTRE_LEFT,False,https://www.vec.vic.gov.au/results/state-election-results/2022-state-election-results/results-by-district/ashwood-district-results
Ashwood,"GEYER, Keith",Family First Victoria,847,0.0189,OTH,OTH_FFPA,RIGHT,False,https://www.vec.vic.gov.au/results/state-election-results/2022-state-election-results/results-by-district/ashwood-district-results
Ashwood,"DOYLE, Michael",,467,0.0104,OTH,IND_MINOR,UNKNOWN,True,https://www.vec.vic.gov.au/results/state-election-results/2022-state-election-results/results-by-district/ashwood-district-results
Bass,"TESSARI, Brett",The Nationals,5506,0.133,LNP,NAT,,False,https://www.vec.vic.gov.au/results/state-election-results/2022-state-election-results/results-by-district/bass-district-results
Bass,"O'NEILL, Mark",Labour DLP,1465,0.0354,OTH,OTH_DLP,RIGHT,False,https://www.vec.vic.gov.au/results/state-election-results/2022-state-election-results/results-by-district/bass-district-results
Bass,"MUNDAY, Marcus",Freedom Party of Victoria,1013,0.0245,OTH,OTH_FPV,RIGHT,False,https://www.vec.vic.gov.au/results/state-election-results/2022-state-election-results/results-by-district/bass-district-results
Bass,"VERHAGEN, Martin",Family First Victoria,1164,0.0281,OTH,OTH_FFPA,RIGHT,False,https://www.vec.vic.gov.au/results/state-election-results/2022-state-election-results/results-by-district/bass-district-results
Bass,"CRUGNALE, Jordan",Australian Labor Party - Victorian Branch,13478,0.32549999999999996,ALP,ALP,,False,https://www.vec.vic.gov.au/results/state-election-results/2022-state-election-results/results-by-district/bass-district-results
Bass,"MOUSELLIS, Elly",Animal Justice Party,1085,0.0262,OTH,OTH_AJP,CENTRE_LEFT,False,https://www.vec.vic.gov.au/results/state-election-results/2022-state-election-results/results-by-district/bass-district-results
Bass,"BROWN, Aaron",Liberal,12482,0.3015,LNP,LIB,,False,https://www.vec.vic.gov.au/results/state-election-results/2022-state-election-results/results-by-district/bass-district-results
Bass,"EDWARDS, Meg",,872,0.021099999999999997,OTH,IND_MINOR,UNKNOWN,True,https://www.vec.vic.gov.au/results/state-election-results/2022-state-election-results/results-by-district/bass-district-results
Bass,"BUGBIRD, Callum",Australian Greens,3369,0.0814,GRN,GRN,,False,https://www.vec.vic.gov.au/results/state-election-results/2022-state-election-results/results-by-district/bass-district-results
Bass,"JOBE, Jeni",,970,0.023399999999999997,IND,IND_MINOR,UNKNOWN,True,https://www.vec.vic.gov.au/results/state-election-results/2022-state-election-results/results-by-district/bass-district-results
Bayswater,"COOMBES, Gary",Family First Victoria,1397,0.032799999999999996,OTH,OTH_FFPA,RIGHT,False,https://www.vec.vic.gov.au/results/state-election-results/2022-state-election-results/results-by-district/bayswater-district-results
Bayswater,"FIELD, Chris",Freedom Party of Victoria,937,0.022000000000000002,OTH,OTH_FPV,RIGHT,False,https://www.vec.vic.gov.au/results/state-election-results/2022-state-election-results/results-by-district/bayswater-district-results
Bayswater,"WORMALD, Alyssa",Animal Justice Party,840,0.0197,OTH,OTH_AJP,CENTRE_LEFT,False,https://www.vec.vic.gov.au/results/state-election-results/2022-state-election-results/results-by-district/bayswater-district-results
Bayswater,"MACKALLAH, Chloe",,890,0.0209,IND,IND_MINOR,UNKNOWN,True,https://www.vec.vic.gov.au/results/state-election-results/2022-state-election-results/results-by-district/bayswater-district-results
Bayswater,"WAKELING, Nick",Liberal,15174,0.35619999999999996,LNP,LIB,,False,https://www.vec.vic.gov.au/results/state-election-results/2022-state-election-results/results-by-district/bayswater-district-results
Bayswater,"DOLAN, Thomas",Labour DLP,948,0.0223,OTH,OTH_DLP,RIGHT,False,https://www.vec.vic.gov.au/results/state-election-results/2022-state-election-results/results-by-district/bayswater-district-results
Bayswater,"TAYLOR, Jackson",Australian Labor Party - Victorian Branch,17609,0.41340000000000005,ALP,ALP,,False,https://www.vec.vic.gov.au/results/state-election-results/2022-state-election-results/results-by-district/bayswater-district-results
Bayswater,"HEAP, Ashley",Legalise Cannabis Victoria,1653,0.0388,OTH,OTH_HMP,CENTRE_LEFT,False,https://www.vec.vic.gov.au/results/state-election-results/2022-state-election-results/results-by-district/bayswater-district-results
Bayswater,"SIRNINGER RANKIN, Nadia",Australian Greens,3151,0.07400000000000001,GRN,GRN,,False,https://www.vec.vic.gov.au/results/state-election-results/2022-state-election-results/results-by-district/bayswater-district-results
Bellarine,"SEMMENS, Rachel",Australian Greens,5537,0.1174,GRN,GRN,,False,https://www.vec.vic.gov.au/results/state-election-results/2022-state-election-results/results-by-district/bellarine-district-results
Bellarine,"GRIGAU, Donnie",Liberal,15617,0.3312,LNP,LIB,,False,https://www.vec.vic.gov.au/results/state-election-results/2022-state-election-results/results-by-district/bellarine-district-results
Bellarine,"MANUELL, Guy",Family First Victoria,1033,0.0219,OTH,OTH_FFPA,RIGHT,False,https://www.vec.vic.gov.au/results/state-election-results/2022-state-election-results/results-by-district/bellarine-district-results
Bellarine,"RITCHIE, Brett Anthony",Derryn Hinch's Justice Party,770,0.0163,OTH,OTH_DHJP,CENTRE_RIGHT,False,https://www.vec.vic.gov.au/results/state-election-results/2022-state-election-results/results-by-district/bellarine-district-results
Bellarine,"MUSE, Kylee",Freedom Party of Victoria,458,0.0097,OTH,OTH_FPV,RIGHT,False,https://www.vec.vic.gov.au/results/state-election-results/2022-state-election-results/results-by-district/bellarine-district-results
Bellarine,"TAYLOR, Brendan",Angry Victorians Party,389,0.008199999999999999,OTH,OTH_AVP,RIGHT,True,https://www.vec.vic.gov.au/results/state-election-results/2022-state-election-results/results-by-district/bellarine-district-results
Bellarine,"MARCHANT, Alison",Australian Labor Party - Victorian Branch,20103,0.4263,ALP,ALP,,False,https://www.vec.vic.gov.au/results/state-election-results/2022-state-election-results/results-by-district/bellarine-district-results
Bellarine,"CARDILINI, Adam",Animal Justice Party,1088,0.0231,OTH,OTH_AJP,CENTRE_LEFT,False,https://www.vec.vic.gov.au/results/state-election-results/2022-state-election-results/results-by-district/bellarine-district-results
Bellarine,"FENTON, Sarah",,2158,0.0458,IND,IND_MINOR,UNKNOWN,True,https://www.vec.vic.gov.au/results/state-election-results/2022-state-election-results/results-by-district/bellarine-district-results
Benambra,"FUERY, Mike",Animal Justice Party,1170,0.028399999999999998,OTH,OTH_AJP,CENTRE_LEFT,False,https://www.vec.vic.gov.au/results/state-election-results/2022-state-election-results/results-by-district/benambra-district-results
Benambra,"ROSSITER, Dean",Liberal Democrats,804,0.0195,OTH,OTH_LTP,RIGHT,False,https://www.vec.vic.gov.au/results/state-election-results/2022-state-election-results/results-by-district/benambra-district-results
Benambra,"BRADY, Luke",Australian Greens,1592,0.0387,GRN,GRN,,False,https://www.vec.vic.gov.au/results/state-election-results/2022-state-election-results/results-by-district/benambra-district-results
Benambra,"HAWKINS, Jacqui",,13038,0.317,IND,IND_PROMINENT,UNKNOWN,True,https://www.vec.vic.gov.au/results/state-election-results/2022-state-election-results/results-by-district/benambra-district-results
Benambra,"STRATTON, Janelle",Family First Victoria,815,0.019799999999999998,OTH,OTH_FFPA,RIGHT,False,https://www.vec.vic.gov.au/results/state-election-results/2022-state-election-results/results-by-district/benambra-district-results
Benambra,"TILLEY, Bill",Liberal,17658,0.4293,LNP,LIB,,False,https://www.vec.vic.gov.au/results/state-election-results/2022-state-election-results/results-by-district/benambra-district-results
Benambra,"TAIT, Mark",Australian Labor Party - Victorian Branch,5375,0.1307,ALP,ALP,,False,https://www.vec.vic.gov.au/results/state-election-results/2022-state-election-results/results-by-district/benambra-district-results
Benambra,"O'BRIEN, Adrian James",Freedom Party of Victoria,683,0.0166,OTH,OTH_FPV,RIGHT,False,https://www.vec.vic.gov.au/results/state-election-results/2022-state-election-results/results-by-district/benambra-district-results
Bendigo East,"McLELLAND-HOWE, Vyonne",Animal Justice Party,1574,0.03454178370786517,OTH,OTH_AJP,CENTRE_LEFT,False,https://www.vec.vic.gov.au/results/state-election-results/2022-state-election-results/results-by-district/bendigo-east-district-results
Bendigo East,"SCHADE, Darin",Liberal,12478,0.2738325140449438,LNP,LIB,,False,https://www.vec.vic.gov.au/results/state-election-results/2022-state-election-results/results-by-district/bendigo-east-district-results
Bendigo East,"MIHAIL, Ben",Pauline Hanson's One Nation,2597,0.05699174859550562,ON,ON,,False,https://www.vec.vic.gov.au/results/state-election-results/2022-state-election-results/results-by-district/bendigo-east-district-results
Bendigo East,"KEETELAAR, Evelyn",Family First Victoria,1362,0.02988939606741573,OTH,OTH_FFPA,RIGHT,False,https://www.vec.vic.gov.au/results/state-election-results/2022-state-election-results/results-by-district/bendigo-east-district-results
Bendigo East,"TOLHURST, Michael James",Australian Greens,3944,0.08655196629213484,GRN,GRN,,False,https://www.vec.vic.gov.au/results/state-election-results/2022-state-election-results/results-by-district/bendigo-east-district-results
Bendigo East,"LAURIE, James",,1603,0.0351781952247191,IND,IND_MINOR,UNKNOWN,True,https://www.vec.vic.gov.au/results/state-election-results/2022-state-election-results/results-by-district/bendigo-east-district-results
Bendigo East,"ALLAN, Jacinta",Australian Labor Party - Victorian Branch,22010,0.48301439606741575,ALP,ALP,,False,https://www.vec.vic.gov.au/results/state-election-results/2022-state-election-results/results-by-district/bendigo-east-district-results
Bendigo West,"SERPELL, Steve",Family First Victoria,1704,0.042337507453786526,OTH,OTH_FFPA,RIGHT,False,https://www.vec.vic.gov.au/results/state-election-results/2022-state-election-results/results-by-district/bendigo-west-district-results
Bendigo West,"PRICE, Ken",Liberal,10057,0.24987577022460744,LNP,LIB,,False,https://www.vec.vic.gov.au/results/state-election-results/2022-state-election-results/results-by-district/bendigo-west-district-results
Bendigo West,"MAXWELL, Victoria",Animal Justice Party,1040,0.025839793281653745,OTH,OTH_AJP,CENTRE_LEFT,False,https://www.vec.vic.gov.au/results/state-election-results/2022-state-election-results/results-by-district/bendigo-west-district-results
Bendigo West,"NUSKE, Marilyn",,349,0.008671238322401112,OTH,IND_MINOR,UNKNOWN,True,https://www.vec.vic.gov.au/results/state-election-results/2022-state-election-results/results-by-district/bendigo-west-district-results
Bendigo West,"WOOLLEY, Richard James",Freedom Party of Victoria,606,0.01505664877757901,OTH,OTH_FPV,RIGHT,False,https://www.vec.vic.gov.au/results/state-election-results/2022-state-election-results/results-by-district/bendigo-west-district-results
Bendigo West,"BANSEMER, Matt",,979,0.02432419002186444,IND,IND_MINOR,UNKNOWN,True,https://www.vec.vic.gov.au/results/state-election-results/2022-state-election-results/results-by-district/bendigo-west-district-results
Bendigo West,"EDWARDS, Maree",Australian Labor Party - Victorian Branch,18704,0.46471874378851125,ALP,ALP,,False,https://www.vec.vic.gov.au/results/state-election-results/2022-state-election-results/results-by-district/bendigo-west-district-results
Bendigo West,"SEARLE, James",Australian Greens,4634,0.11513615583383026,GRN,GRN,,False,https://www.vec.vic.gov.au/results/state-election-results/2022-state-election-results/results-by-district/bendigo-west-district-results
Bendigo West,"TAYLOR, Wayne",Legalise Cannabis Victoria,2175,0.05403995229576625,OTH,OTH_HMP,CENTRE_LEFT,False,https://www.vec.vic.gov.au/results/state-election-results/2022-state-election-results/results-by-district/bendigo-west-district-results
Bentleigh,"GNIESLAW, Simon",,789,0.0175,IND,IND_MINOR,UNKNOWN,True,https://www.vec.vic.gov.au/results/state-election-results/2022-state-election-results/results-by-district/bentleigh-district-results
Bentleigh,"STAIKOS, Nick",Australian Labor Party - Victorian Branch,20656,0.4578,ALP,ALP,,False,https://www.vec.vic.gov.au/results/state-election-results/2022-state-election-results/results-by-district/bentleigh-district-results
Bentleigh,"GALLI-MCROSTIE, Alana",Australian Greens,4845,0.1074,GRN,GRN,,False,https://www.vec.vic.gov.au/results/state-election-results/2022-state-election-results/results-by-district/bentleigh-district-results
Bentleigh,"HARRIS, David",Animal Justice Party,1098,0.024300000000000002,OTH,OTH_AJP,CENTRE_LEFT,False,https://www.vec.vic.gov.au/results/state-election-results/2022-state-election-results/results-by-district/bentleigh-district-results
Bentleigh,"RYAN, Paul",Family First Victoria,1331,0.029500000000000002,OTH,OTH_FFPA,RIGHT,False,https://www.vec.vic.gov.au/results/state-election-results/2022-state-election-results/results-by-district/bentleigh-district-results
Bentleigh,"TAYLOR-HAYNES, Debbie",Liberal,16401,0.3635,LNP,LIB,,False,https://www.vec.vic.gov.au/results/state-election-results/2022-state-election-results/results-by-district/bentleigh-district-results
Berwick,"PERRY, Hayley",Australian Greens,4296,0.0970014450867052,GRN,GRN,,False,https://www.vec.vic.gov.au/results/state-election-results/2022-state-election-results/results-by-district/berwick-district-results
Berwick,"HAUPT, Kerry",Freedom Party of Victoria,1570,0.03544978323699422,OTH,OTH_FPV,RIGHT,False,https://www.vec.vic.gov.au/results/state-election-results/2022-state-election-results/results-by-district/berwick-district-results
Berwick,"DOLHEGUY, Katherine",Animal Justice Party,1029,0.023234284682080924,OTH,OTH_AJP,CENTRE_LEFT,False,https://www.vec.vic.gov.au/results/state-election-results/2022-state-election-results/results-by-district/berwick-district-results
Berwick,"BATTIN, Brad",Liberal,20031,0.4522895592485549,LNP,LIB,,False,https://www.vec.vic.gov.au/results/state-election-results/2022-state-election-results/results-by-district/berwick-district-results
Berwick,"van der HORST, Joel",Family First Victoria,1488,0.03359826589595376,OTH,OTH_FFPA,RIGHT,False,https://www.vec.vic.gov.au/results/state-election-results/2022-state-election-results/results-by-district/berwick-district-results
Berwick,"ZAVEER, Malik",Australian Labor Party - Victorian Branch,15874,0.358426661849711,ALP,ALP,,False,https://www.vec.vic.gov.au/results/state-election-results/2022-state-election-results/results-by-district/berwick-district-results
Box Hill,"TSENG, Wayne",,464,0.0105,IND,IND_MINOR,UNKNOWN,True,https://www.vec.vic.gov.au/results/state-election-results/2022-state-election-results/results-by-district/box-hill-district-results
Box Hill,"FOLLONI, Sebastian",Animal Justice Party,824,0.018600000000000002,OTH,OTH_AJP,CENTRE_LEFT,False,https://www.vec.vic.gov.au/results/state-election-results/2022-state-election-results/results-by-district/box-hill-district-results
Box Hill,"LISTON, Cameron",,435,0.0098,OTH,IND_MINOR,UNKNOWN,True,https://www.vec.vic.gov.au/results/state-election-results/2022-state-election-results/results-by-district/box-hill-district-results
Box Hill,"RIERA, Alicia",Freedom Party of Victoria,541,0.012199999999999999,OTH,OTH_FPV,RIGHT,False,https://www.vec.vic.gov.au/results/state-election-results/2022-state-election-results/results-by-district/box-hill-district-results
Box Hill,"WERNER, Nicole Ta-Ei",Liberal,15593,0.3515,LNP,LIB,,False,https://www.vec.vic.gov.au/results/state-election-results/2022-state-election-results/results-by-district/box-hill-district-results
Box Hill,"SHAN, Joanne",Australian Greens,6267,0.1413,GRN,GRN,,False,https://www.vec.vic.gov.au/results/state-election-results/2022-state-election-results/results-by-district/box-hill-district-results
Box Hill,"DEAN, Paul",Labour DLP,1083,0.024399999999999998,OTH,OTH_DLP,RIGHT,False,https://www.vec.vic.gov.au/results/state-election-results/2022-state-election-results/results-by-district/box-hill-district-results
Box Hill,"ONG, Gary",Family First Victoria,809,0.0182,OTH,OTH_FFPA,RIGHT,False,https://www.vec.vic.gov.au/results/state-election-results/2022-state-election-results/results-by-district/box-hill-district-results
Box Hill,"HAMER, Paul",Australian Labor Party - Victorian Branch,18340,0.41350000000000003,ALP,ALP,,False,https://www.vec.vic.gov.au/results/state-election-results/2022-state-election-results/results-by-district/box-hill-district-results
Brighton,"TIMMS, Allan L.",,211,0.005121856490921449,OTH,IND_MINOR,UNKNOWN,True,https://www.vec.vic.gov.au/results/state-election-results/2022-state-election-results/results-by-district/brighton-district-results
Brighton,"SCIOLA, Nick",Family First Victoria,558,0.013545004369356248,OTH,OTH_FFPA,RIGHT,False,https://www.vec.vic.gov.au/results/state-election-results/2022-state-election-results/results-by-district/brighton-district-results
Brighton,"DEKIERE, Sarah",Australian Greens,5680,0.13787746383143995,GRN,GRN,,False,https://www.vec.vic.gov.au/results/state-election-results/2022-state-election-results/results-by-district/brighton-district-results
Brighton,"GIBSON, Sally",,941,0.022842023497426936,OTH,IND_MINOR,UNKNOWN,True,https://www.vec.vic.gov.au/results/state-election-results/2022-state-election-results/results-by-district/brighton-district-results
Brighton,"FREDERICO, Felicity",,3749,0.09100398096902612,IND,IND_MINOR,UNKNOWN,True,https://www.vec.vic.gov.au/results/state-election-results/2022-state-election-results/results-by-district/brighton-district-results
Brighton,"WALKER, Alicia",Animal Justice Party,851,0.020657345373337216,OTH,OTH_AJP,CENTRE_LEFT,False,https://www.vec.vic.gov.au/results/state-election-results/2022-state-election-results/results-by-district/brighton-district-results
Brighton,"NEWBURY, James",Liberal,18791,0.4561365181085542,LNP,LIB,,False,https://www.vec.vic.gov.au/results/state-election-results/2022-state-election-results/results-by-district/brighton-district-results
Brighton,"CRAWFORD, Louise",Australian Labor Party - Victorian Branch,10164,0.24672298281386543,ALP,ALP,,False,https://www.vec.vic.gov.au/results/state-election-results/2022-state-election-results/results-by-district/brighton-district-results
Brighton,"CASLEY, John Tiger",,251,0.006092824546072434,OTH,IND_MINOR,UNKNOWN,True,https://www.vec.vic.gov.au/results/state-election-results/2022-state-election-results/results-by-district/brighton-district-results
Broadmeadows,"DUZOVA, Baris",Liberal,8044,0.2312823461759632,LNP,LIB,,False,https://www.vec.vic.gov.au/results/state-election-results/2022-state-election-results/results-by-district/broadmeadows-district-results
Broadmeadows,"HASSAN, Omar",Victorian Socialists,2795,0.08036227717078781,OTH,OTH_VNS,LEFT,False,https://www.vec.vic.gov.au/results/state-election-results/2022-state-election-results/results-by-district/broadmeadows-district-results
Broadmeadows,"HUYBREGTS, Arie",,362,0.010408280621046578,OTH,IND_MINOR,UNKNOWN,True,https://www.vec.vic.gov.au/results/state-election-results/2022-state-election-results/results-by-district/broadmeadows-district-results
Broadmeadows,"MATTHEWS-WARD, Kathleen",Australian Labor Party - Victorian Branch,15899,0.45713053479010923,ALP,ALP,,False,https://www.vec.vic.gov.au/results/state-election-results/2022-state-election-results/results-by-district/broadmeadows-district-results
Broadmeadows,"SUTTER, Ben",Fiona Patten's Reason Party,815,0.023433007475560666,OTH,OTH_REASON,CENTRE_LEFT,False,https://www.vec.vic.gov.au/results/state-election-results/2022-state-election-results/results-by-district/broadmeadows-district-results
Broadmeadows,"ELMUSTAPHA, Mohamad",,1316,0.03783783783783784,IND,IND_MINOR,UNKNOWN,True,https://www.vec.vic.gov.au/results/state-election-results/2022-state-election-results/results-by-district/broadmeadows-district-results
Broadmeadows,"TAM, Bienne",Family First Victoria,1611,0.04631972397929845,OTH,OTH_FFPA,RIGHT,False,https://www.vec.vic.gov.au/results/state-election-results/2022-state-election-results/results-by-district/broadmeadows-district-results
Broadmeadows,"AGUILUS, Joe",Australian Greens,2908,0.0836112708453134,GRN,GRN,,False,https://www.vec.vic.gov.au/results/state-election-results/2022-state-election-results/results-by-district/broadmeadows-district-results
Broadmeadows,"FEILD, Candace",Animal Justice Party,1030,0.029614721104082805,OTH,OTH_AJP,CENTRE_LEFT,False,https://www.vec.vic.gov.au/results/state-election-results/2022-state-election-results/results-by-district/broadmeadows-district-results
Brunswick,"HELOU, Anthony",,551,0.012682702267234435,IND,IND_MINOR,UNKNOWN,True,https://www.vec.vic.gov.au/results/state-election-results/2022-state-election-results/results-by-district/brunswick-district-results
Brunswick,"WILLIAMS, Mike",Australian Labor Party - Victorian Branch,12392,0.2852342041661871,ALP,ALP,,False,https://www.vec.vic.gov.au/results/state-election-results/2022-state-election-results/results-by-district/brunswick-district-results
Brunswick,"JIMENEZ, Nahui",Victorian Socialists,3506,0.08069973529750259,OTH,OTH_VNS,LEFT,False,https://www.vec.vic.gov.au/results/state-election-results/2022-state-election-results/results-by-district/brunswick-district-results
Brunswick,"EVANS, Shea",Fiona Patten's Reason Party,1933,0.04449303717343768,OTH,OTH_REASON,CENTRE_LEFT,False,https://www.vec.vic.gov.au/results/state-election-results/2022-state-election-results/results-by-district/brunswick-district-results
Brunswick,"SHAKER, Lilian Sabry",Family First Victoria,529,0.012176314880883877,OTH,OTH_FFPA,RIGHT,False,https://www.vec.vic.gov.au/results/state-election-results/2022-state-election-results/results-by-district/brunswick-district-results
Brunswick,"NGUYEN, Minh Quan",Liberal,4723,0.10871216480607665,LNP,LIB,,False,https://www.vec.vic.gov.au/results/state-election-results/2022-state-election-results/results-by-district/brunswick-district-results
Brunswick,"LAMARCHE-BEAUCHESNE, Rachel",Animal Justice Party,699,0.016089308320865463,OTH,OTH_AJP,CENTRE_LEFT,False,https://www.vec.vic.gov.au/results/state-election-results/2022-state-election-results/results-by-district/brunswick-district-results
Brunswick,"TAYLOR, Kenneth Charles",,153,0.0035216940959834275,OTH,IND_MINOR,UNKNOWN,True,https://www.vec.vic.gov.au/results/state-election-results/2022-state-election-results/results-by-district/brunswick-district-results
Brunswick,"READ, Tim",Australian Greens,18959,0.43639083899182873,GRN,GRN,,False,https://www.vec.vic.gov.au/results/state-election-results/2022-state-election-results/results-by-district/brunswick-district-results
Bulleen,"STAFFORD, Kellie",Australian Greens,4576,0.10652017039502781,GRN,GRN,,False,https://www.vec.vic.gov.au/results/state-election-results/2022-state-election-results/results-by-district/bulleen-district-results
Bulleen,"SABHLOK, Sanjeev",,419,0.009753485881887382,IND,IND_MINOR,UNKNOWN,True,https://www.vec.vic.gov.au/results/state-election-results/2022-state-election-results/results-by-district/bulleen-district-results
Bulleen,"STOKES, Jason",Family First Victoria,1014,0.023603901394352755,OTH,OTH_FFPA,RIGHT,False,https://www.vec.vic.gov.au/results/state-election-results/2022-state-election-results/results-by-district/bulleen-district-results
Bulleen,"VINCENT, David",,214,0.004981493982634605,OTH,IND_MINOR,UNKNOWN,True,https://www.vec.vic.gov.au/results/state-election-results/2022-state-election-results/results-by-district/bulleen-district-results
Bulleen,"GUY, Matthew",Liberal,20645,0.4805745012686515,LNP,LIB,,False,https://www.vec.vic.gov.au/results/state-election-results/2022-state-election-results/results-by-district/bulleen-district-results
Bulleen,"PATRIKIOS, Voula",Freedom Party of Victoria,1172,0.027281826858167088,OTH,OTH_FPV,RIGHT,False,https://www.vec.vic.gov.au/results/state-election-results/2022-state-election-results/results-by-district/bulleen-district-results
Bulleen,"ROGERS, Ian",Australian Labor Party - Victorian Branch,14052,0.3271025861868293,ALP,ALP,,False,https://www.vec.vic.gov.au/results/state-election-results/2022-state-election-results/results-by-district/bulleen-district-results
Bulleen,"JAFARI, Elnaz",Animal Justice Party,867,0.020182034032449545,OTH,OTH_AJP,CENTRE_LEFT,False,https://www.vec.vic.gov.au/results/state-election-results/2022-state-election-results/results-by-district/bulleen-district-results
Bundoora,"O'BRIEN, Julie",Australian Greens,5311,0.13166898056326853,GRN,GRN,,False,https://www.vec.vic.gov.au/results/state-election-results/2022-state-election-results/results-by-district/bundoora-district-results
Bundoora,"TOMAR, Sahil",Liberal,11167,0.276849464498215,LNP,LIB,,False,https://www.vec.vic.gov.au/results/state-election-results/2022-state-election-results/results-by-district/bundoora-district-results
Bundoora,"KOELMEYER, Eric",,408,0.010115033716779055,IND,IND_MINOR,UNKNOWN,True,https://www.vec.vic.gov.au/results/state-election-results/2022-state-election-results/results-by-district/bundoora-district-results
Bundoora,"BROOKS, Colin",Australian Labor Party - Victorian Branch,19288,0.4781832606108687,ALP,ALP,,False,https://www.vec.vic.gov.au/results/state-election-results/2022-state-election-results/results-by-district/bundoora-district-results
Bundoora,"JONES, Ethan",Family First Victoria,1294,0.03208052360174534,OTH,OTH_FFPA,RIGHT,False,https://www.vec.vic.gov.au/results/state-election-results/2022-state-election-results/results-by-district/bundoora-district-results
Bundoora,"LU, Andrew",Freedom Party of Victoria,1637,0.04058409361364538,OTH,OTH_FPV,RIGHT,False,https://www.vec.vic.gov.au/results/state-election-results/2022-state-election-results/results-by-district/bundoora-district-results
Bundoora,"HOLGATE, Bella",Animal Justice Party,1231,0.030518643395477985,OTH,OTH_AJP,CENTRE_LEFT,False,https://www.vec.vic.gov.au/results/state-election-results/2022-state-election-results/results-by-district/bundoora-district-results
Carrum,"WILLIS, Damian",,981,0.022659028964752623,IND,IND_MINOR,UNKNOWN,True,https://www.vec.vic.gov.au/results/state-election-results/2022-state-election-results/results-by-district/carrum-district-results
Carrum,"EREVNIDIS, Georgia",Freedom Party of Victoria,1748,0.04037510971497205,OTH,OTH_FPV,RIGHT,False,https://www.vec.vic.gov.au/results/state-election-results/2022-state-election-results/results-by-district/carrum-district-results
Carrum,"CAMERON, Jeremy",Family First Victoria,1352,0.03122834572920035,OTH,OTH_FFPA,RIGHT,False,https://www.vec.vic.gov.au/results/state-election-results/2022-state-election-results/results-by-district/carrum-district-results
Carrum,"MACGREGOR OWEN, Taylor",Animal Justice Party,1200,0.027717466623550607,OTH,OTH_AJP,CENTRE_LEFT,False,https://www.vec.vic.gov.au/results/state-election-results/2022-state-election-results/results-by-district/carrum-district-results
Carrum,"LILLICO, Jayde",Australian Greens,3278,0.07571487965999908,GRN,GRN,,False,https://www.vec.vic.gov.au/results/state-election-results/2022-state-election-results/results-by-district/carrum-district-results
Carrum,"BUCHANAN, Bec",Liberal,13144,0.303598651083291,LNP,LIB,,False,https://www.vec.vic.gov.au/results/state-election-results/2022-state-election-results/results-by-district/carrum-district-results
Carrum,"KILKENNY, Sonya",Australian Labor Party - Victorian Branch,21591,0.4987065182242343,ALP,ALP,,False,https://www.vec.vic.gov.au/results/state-election-results/2022-state-election-results/results-by-district/carrum-district-results
Caulfield,"KALTMANN, Nomi",,2643,0.065,IND,IND_MINOR,UNKNOWN,True,https://www.vec.vic.gov.au/results/state-election-results/2022-state-election-results/results-by-district/caulfield-district-results
Caulfield,"EDWELL, Lynne",Family First Victoria,557,0.0137,OTH,OTH_FFPA,RIGHT,False,https://www.vec.vic.gov.au/results/state-election-results/2022-state-election-results/results-by-district/caulfield-district-results
Caulfield,"IAMPOLSKI, Rachel",Australian Greens,6447,0.1585,GRN,GRN,,False,https://www.vec.vic.gov.au/results/state-election-results/2022-state-election-results/results-by-district/caulfield-district-results
Caulfield,"MYERSON, Asher",Animal Justice Party,908,0.0223,OTH,OTH_AJP,CENTRE_LEFT,False,https://www.vec.vic.gov.au/results/state-election-results/2022-state-election-results/results-by-district/caulfield-district-results
Caulfield,"SOUTHWICK, David",Liberal,18088,0.4446,LNP,LIB,,False,https://www.vec.vic.gov.au/results/state-election-results/2022-state-election-results/results-by-district/caulfield-district-results
Caulfield,"HAREL, Lior",Australian Labor Party - Victorian Branch,11301,0.2778,ALP,ALP,,False,https://www.vec.vic.gov.au/results/state-election-results/2022-state-election-results/results-by-district/caulfield-district-results
Caulfield,"ABELMAN, Michael",Liberal Democrats,739,0.0182,OTH,OTH_LTP,RIGHT,False,https://www.vec.vic.gov.au/results/state-election-results/2022-state-election-results/results-by-district/caulfield-district-results
Clarinda,"WHITE, Caroline",,3167,0.07807415442264076,IND,IND_MINOR,UNKNOWN,True,https://www.vec.vic.gov.au/results/state-election-results/2022-state-election-results/results-by-district/clarinda-district-results
Clarinda,"HASTINGS, Karen",Family First Victoria,1215,0.029952667389803768,OTH,OTH_FFPA,RIGHT,False,https://www.vec.vic.gov.au/results/state-election-results/2022-state-election-results/results-by-district/clarinda-district-results
Clarinda,"WOLFE, Steve",Freedom Party of Victoria,794,0.0195740065082339,OTH,OTH_FPV,RIGHT,False,https://www.vec.vic.gov.au/results/state-election-results/2022-state-election-results/results-by-district/clarinda-district-results
Clarinda,"VO, Hung",,1122,0.027659994083423727,OTH,IND_MINOR,UNKNOWN,True,https://www.vec.vic.gov.au/results/state-election-results/2022-state-election-results/results-by-district/clarinda-district-results
Clarinda,"TAK, Meng Heang",Australian Labor Party - Victorian Branch,18441,0.45461492949413274,ALP,ALP,,False,https://www.vec.vic.gov.au/results/state-election-results/2022-state-election-results/results-by-district/clarinda-district-results
Clarinda,"RICHARDSON, Anthony",Liberal,11593,0.2857952864609013,LNP,LIB,,False,https://www.vec.vic.gov.au/results/state-election-results/2022-state-election-results/results-by-district/clarinda-district-results
Clarinda,"MOFFETT, Jessamine",Australian Greens,3227,0.07955329849127304,GRN,GRN,,False,https://www.vec.vic.gov.au/results/state-election-results/2022-state-election-results/results-by-district/clarinda-district-results
Clarinda,"LITCHFIELD, Sue",Animal Justice Party,1005,0.02477566314959077,OTH,OTH_AJP,CENTRE_LEFT,False,https://www.vec.vic.gov.au/results/state-election-results/2022-state-election-results/results-by-district/clarinda-district-results
Cranbourne,"HARVEY, Bradley",Family First Victoria,2249,0.0550928420949488,OTH,OTH_FFPA,RIGHT,False,https://www.vec.vic.gov.au/results/state-election-results/2022-state-election-results/results-by-district/cranbourne-district-results
Cranbourne,"NORTON, Chris",Labour DLP,2044,0.050071040125422565,OTH,OTH_DLP,RIGHT,False,https://www.vec.vic.gov.au/results/state-election-results/2022-state-election-results/results-by-district/cranbourne-district-results
Cranbourne,"PHILPOTT, Peter Bernard",Derryn Hinch's Justice Party,1126,0.02758316593993435,OTH,OTH_DHJP,CENTRE_RIGHT,False,https://www.vec.vic.gov.au/results/state-election-results/2022-state-election-results/results-by-district/cranbourne-district-results
Cranbourne,"SINGH, Jagdeep",Liberal,11230,0.2750967615501445,LNP,LIB,,False,https://www.vec.vic.gov.au/results/state-election-results/2022-state-election-results/results-by-district/cranbourne-district-results
Cranbourne,"RICHARDS, Pauline",Australian Labor Party - Victorian Branch,18853,0.4618343050316006,ALP,ALP,,False,https://www.vec.vic.gov.au/results/state-election-results/2022-state-election-results/results-by-district/cranbourne-district-results
Cranbourne,"BRENNAN, Gwynne",Animal Justice Party,1006,0.024643574543138504,OTH,OTH_AJP,CENTRE_LEFT,False,https://www.vec.vic.gov.au/results/state-election-results/2022-state-election-results/results-by-district/cranbourne-district-results
Cranbourne,"RAGUPATHY, Ravi",,242,0.005928175983538288,IND,IND_MINOR,UNKNOWN,True,https://www.vec.vic.gov.au/results/state-election-results/2022-state-election-results/results-by-district/cranbourne-district-results
Cranbourne,"HANSEN, Gerardine Frances",Freedom Party of Victoria,1790,0.043848905002204695,OTH,OTH_FPV,RIGHT,False,https://www.vec.vic.gov.au/results/state-election-results/2022-state-election-results/results-by-district/cranbourne-district-results
Cranbourne,"VEMPATI, Kiran",Australian Greens,2282,0.05590122972906766,GRN,GRN,,False,https://www.vec.vic.gov.au/results/state-election-results/2022-state-election-results/results-by-district/cranbourne-district-results
Croydon,"de WIT, Sophia",Labour DLP,1978,0.0433,OTH,OTH_DLP,RIGHT,False,https://www.vec.vic.gov.au/results/state-election-results/2022-state-election-results/results-by-district/croydon-district-results
Croydon,"McDONALD-ECKERSALL, Harley",Animal Justice Party,1501,0.0329,OTH,OTH_AJP,CENTRE_LEFT,False,https://www.vec.vic.gov.au/results/state-election-results/2022-state-election-results/results-by-district/croydon-district-results
Croydon,"GRASSO, Sorina",Australian Labor Party - Victorian Branch,15564,0.341,ALP,ALP,,False,https://www.vec.vic.gov.au/results/state-election-results/2022-state-election-results/results-by-district/croydon-district-results
Croydon,"HODGETT, David",Liberal,19605,0.4296,LNP,LIB,,False,https://www.vec.vic.gov.au/results/state-election-results/2022-state-election-results/results-by-district/croydon-district-results
Croydon,"POWELL, Brendan",Australian Greens,4940,0.1082,GRN,GRN,,False,https://www.vec.vic.gov.au/results/state-election-results/2022-state-election-results/results-by-district/croydon-district-results
Croydon,"NEBAUER, Dan",Family First Victoria,2051,0.0449,OTH,OTH_FFPA,RIGHT,False,https://www.vec.vic.gov.au/results/state-election-results/2022-state-election-results/results-by-district/croydon-district-results
Dandenong,"HARMSE, Audrey",Family First Victoria,2715,0.06872547778762182,OTH,OTH_FFPA,RIGHT,False,https://www.vec.vic.gov.au/results/state-election-results/2022-state-election-results/results-by-district/dandenong-district-results
Dandenong,"LEVCHENKO, Anthony",Freedom Party of Victoria,1479,0.037438298949500064,OTH,OTH_FPV,RIGHT,False,https://www.vec.vic.gov.au/results/state-election-results/2022-state-election-results/results-by-district/dandenong-district-results
Dandenong,"WILLIAMS, Gabrielle",Australian Labor Party - Victorian Branch,21692,0.5490950512593342,ALP,ALP,,False,https://www.vec.vic.gov.au/results/state-election-results/2022-state-election-results/results-by-district/dandenong-district-results
Dandenong,"KIRWAN, Matthew",Australian Greens,3197,0.08092646500442982,GRN,GRN,,False,https://www.vec.vic.gov.au/results/state-election-results/2022-state-election-results/results-by-district/dandenong-district-results
Dandenong,"BROADLEY, Karen",Liberal,8490,0.21490950512593343,LNP,LIB,,False,https://www.vec.vic.gov.au/results/state-election-results/2022-state-election-results/results-by-district/dandenong-district-results
Dandenong,"KLOP, Andrew",Animal Justice Party,974,0.024655106948487535,OTH,OTH_AJP,CENTRE_LEFT,False,https://www.vec.vic.gov.au/results/state-election-results/2022-state-election-results/results-by-district/dandenong-district-results
Dandenong,"TURNER, Tham",Liberal Democrats,958,0.024250094924693075,OTH,OTH_LTP,RIGHT,False,https://www.vec.vic.gov.au/results/state-election-results/2022-state-election-results/results-by-district/dandenong-district-results
Eildon,"JUDD, Jane",Australian Labor Party - Victorian Branch,12284,0.28972381424090193,ALP,ALP,,False,https://www.vec.vic.gov.au/results/state-election-results/2022-state-election-results/results-by-district/eildon-district-results
Eildon,"BOND, Chloe",Animal Justice Party,1340,0.031604518974504114,OTH,OTH_AJP,CENTRE_LEFT,False,https://www.vec.vic.gov.au/results/state-election-results/2022-state-election-results/results-by-district/eildon-district-results
Eildon,"McLEISH, Cindy",Liberal,20119,0.4745159083940659,LNP,LIB,,False,https://www.vec.vic.gov.au/results/state-election-results/2022-state-election-results/results-by-district/eildon-district-results
Eildon,"THORNTON, Robert",,459,0.010825727021863723,OTH,IND_MINOR,UNKNOWN,True,https://www.vec.vic.gov.au/results/state-election-results/2022-state-election-results/results-by-district/eildon-district-results
Eildon,"MIKELSONS, Wil",Australian Greens,4753,0.11210170051180453,GRN,GRN,,False,https://www.vec.vic.gov.au/results/state-election-results/2022-state-election-results/results-by-district/eildon-district-results
Eildon,"RUSIC, Joshua",Freedom Party of Victoria,1426,0.03363286869973348,OTH,OTH_FPV,RIGHT,False,https://www.vec.vic.gov.au/results/state-election-results/2022-state-election-results/results-by-district/eildon-district-results
Eildon,"CORDNER HUNT, Kammy",,581,0.013703153376258874,IND,IND_MINOR,UNKNOWN,True,https://www.vec.vic.gov.au/results/state-election-results/2022-state-election-results/results-by-district/eildon-district-results
Eildon,"LACEY, Tim",Family First Victoria,1437,0.03389230878086747,OTH,OTH_FFPA,RIGHT,False,https://www.vec.vic.gov.au/results/state-election-results/2022-state-election-results/results-by-district/eildon-district-results
Eltham,"WARD, Vicki",Australian Labor Party - Victorian Branch,19509,0.445,ALP,ALP,,False,https://www.vec.vic.gov.au/results/state-election-results/2022-state-election-results/results-by-district/eltham-district-results
Eltham,"KARIMI, Leila",Labour DLP,710,0.016200000000000003,OTH,OTH_DLP,RIGHT,False,https://www.vec.vic.gov.au/results/state-election-results/2022-state-election-results/results-by-district/eltham-district-results
Eltham,"McCLINTOCK, Jason",Liberal,15615,0.35609999999999997,LNP,LIB,,False,https://www.vec.vic.gov.au/results/state-election-results/2022-state-election-results/results-by-district/eltham-district-results
Eltham,"MARSHALL, Catriona",Animal Justice Party,995,0.0227,OTH,OTH_AJP,CENTRE_LEFT,False,https://www.vec.vic.gov.au/results/state-election-results/2022-state-election-results/results-by-district/eltham-district-results
Eltham,"GRIMES, Alex",Australian Greens,5897,0.13449999999999998,GRN,GRN,,False,https://www.vec.vic.gov.au/results/state-election-results/2022-state-election-results/results-by-district/eltham-district-results
Eltham,"STUBLEY, Hugh",Family First Victoria,1118,0.0255,OTH,OTH_FFPA,RIGHT,False,https://www.vec.vic.gov.au/results/state-election-results/2022-state-election-results/results-by-district/eltham-district-results
Essendon,"WILLIAMS, Gayle",Animal Justice Party,1173,0.027999999999999997,OTH,OTH_AJP,CENTRE_LEFT,False,https://www.vec.vic.gov.au/results/state-election-results/2022-state-election-results/results-by-district/essendon-district-results
Essendon,"WRIGHT, David",Freedom Party of Victoria,1006,0.024,OTH,OTH_FPV,RIGHT,False,https://www.vec.vic.gov.au/results/state-election-results/2022-state-election-results/results-by-district/essendon-district-results
Essendon,"PRENTIS, Jared",Australian Greens,6344,0.1515,GRN,GRN,,False,https://www.vec.vic.gov.au/results/state-election-results/2022-state-election-results/results-by-district/essendon-district-results
Essendon,"DADICH, Daniel Nair",Victorian Socialists,1951,0.0466,OTH,OTH_VNS,LEFT,False,https://www.vec.vic.gov.au/results/state-election-results/2022-state-election-results/results-by-district/essendon-district-results
Essendon,"HOPE, Nicholas",Fiona Patten's Reason Party,1018,0.024300000000000002,OTH,OTH_REASON,CENTRE_LEFT,False,https://www.vec.vic.gov.au/results/state-election-results/2022-state-election-results/results-by-district/essendon-district-results
Essendon,"BARONESSA, Angelo",Liberal,12331,0.2945,LNP,LIB,,False,https://www.vec.vic.gov.au/results/state-election-results/2022-state-election-results/results-by-district/essendon-district-results
Essendon,"PEARSON, Danny",Australian Labor Party - Victorian Branch,17196,0.4107,ALP,ALP,,False,https://www.vec.vic.gov.au/results/state-election-results/2022-state-election-results/results-by-district/essendon-district-results
Essendon,"MUIR, Margaret",Family First Victoria,848,0.0203,OTH,OTH_FFPA,RIGHT,False,https://www.vec.vic.gov.au/results/state-election-results/2022-state-election-results/results-by-district/essendon-district-results
Eureka,"TATCHELL, Paul",Liberal,14320,0.3165,LNP,LIB,,False,https://www.vec.vic.gov.au/results/state-election-results/2022-state-election-results/results-by-district/eureka-district-results
Eureka,"GIAMPAOLO, Anthony Joseph",Freedom Party of Victoria,967,0.021400000000000002,OTH,OTH_FPV,RIGHT,False,https://www.vec.vic.gov.au/results/state-election-results/2022-state-election-results/results-by-district/eureka-district-results
Eureka,"McCOLL, Sam",Australian Greens,4887,0.10800000000000001,GRN,GRN,,False,https://www.vec.vic.gov.au/results/state-election-results/2022-state-election-results/results-by-district/eureka-district-results
Eureka,"GARCIA, Adrian",Family First Victoria,1233,0.0273,OTH,OTH_FFPA,RIGHT,False,https://www.vec.vic.gov.au/results/state-election-results/2022-state-election-results/results-by-district/eureka-district-results
Eureka,"RICKARD, Tabitha",Labour DLP,1821,0.04019999999999999,OTH,OTH_DLP,RIGHT,False,https://www.vec.vic.gov.au/results/state-election-results/2022-state-election-results/results-by-district/eureka-district-results
Eureka,"MORRISON, Wendy",Animal Justice Party,1519,0.0336,OTH,OTH_AJP,CENTRE_LEFT,False,https://www.vec.vic.gov.au/results/state-election-results/2022-state-election-results/results-by-district/eureka-district-results
Eureka,"RAY, Michael",,666,0.0147,OTH,IND_MINOR,UNKNOWN,True,https://www.vec.vic.gov.au/results/state-election-results/2022-state-election-results/results-by-district/eureka-district-results
Eureka,"REID, Nicola",,1083,0.0239,IND,IND_MINOR,UNKNOWN,True,https://www.vec.vic.gov.au/results/state-election-results/2022-state-election-results/results-by-district/eureka-district-results
Eureka,"BANWELL, Mark William",,220,0.0049,OTH,IND_MINOR,UNKNOWN,True,https://www.vec.vic.gov.au/results/state-election-results/2022-state-election-results/results-by-district/eureka-district-results
Eureka,"SETTLE, Michaela",Australian Labor Party - Victorian Branch,18531,0.4096,ALP,ALP,,False,https://www.vec.vic.gov.au/results/state-election-results/2022-state-election-results/results-by-district/eureka-district-results
Euroa,"TOUGH, Angela",Australian Labor Party - Victorian Branch,12840,0.304,ALP,ALP,,False,https://www.vec.vic.gov.au/results/state-election-results/2022-state-election-results/results-by-district/euroa-district-results
Euroa,"HADDOCK, Elaine",Animal Justice Party,1170,0.0277,OTH,OTH_AJP,CENTRE_LEFT,False,https://www.vec.vic.gov.au/results/state-election-results/2022-state-election-results/results-by-district/euroa-district-results
Euroa,"CLEELAND, Annabelle",The Nationals,13496,0.3195,LNP,NAT,,False,https://www.vec.vic.gov.au/results/state-election-results/2022-state-election-results/results-by-district/euroa-district-results
Euroa,"HEARN, Brad",Liberal,9227,0.2184,LNP,LIB,,False,https://www.vec.vic.gov.au/results/state-election-results/2022-state-election-results/results-by-district/euroa-district-results
Euroa,"BENNETT, James",Australian Greens,2245,0.053099999999999994,GRN,GRN,,False,https://www.vec.vic.gov.au/results/state-election-results/2022-state-election-results/results-by-district/euroa-district-results
Euroa,"BACHELOR, Paul",Family First Victoria,1494,0.0354,OTH,OTH_FFPA,RIGHT,False,https://www.vec.vic.gov.au/results/state-election-results/2022-state-election-results/results-by-district/euroa-district-results
Euroa,"ROWBOTHAM, Raymond Mark",Freedom Party of Victoria,1770,0.04190000000000001,OTH,OTH_FPV,RIGHT,False,https://www.vec.vic.gov.au/results/state-election-results/2022-state-election-results/results-by-district/euroa-district-results
Evelyn,"HEALD, Jan",Animal Justice Party,1819,0.041659032612678636,OTH,OTH_AJP,CENTRE_LEFT,False,https://www.vec.vic.gov.au/results/state-election-results/2022-state-election-results/results-by-district/evelyn-district-results
Evelyn,"DE FRANCESCO, Nat",,448,0.010260168559912056,IND,IND_MINOR,UNKNOWN,True,https://www.vec.vic.gov.au/results/state-election-results/2022-state-election-results/results-by-district/evelyn-district-results
Evelyn,"DENT, Lorna",Australian Labor Party - Victorian Branch,14277,0.3269741663613045,ALP,ALP,,False,https://www.vec.vic.gov.au/results/state-election-results/2022-state-election-results/results-by-district/evelyn-district-results
Evelyn,"DE FRANCESCO, Rosalie",,366,0.008382191278856725,OTH,IND_MINOR,UNKNOWN,True,https://www.vec.vic.gov.au/results/state-election-results/2022-state-election-results/results-by-district/evelyn-district-results
Evelyn,"VALLENCE, Bridget",Liberal,20385,0.46686057163796263,LNP,LIB,,False,https://www.vec.vic.gov.au/results/state-election-results/2022-state-election-results/results-by-district/evelyn-district-results
Evelyn,"DOBSON, Jeanette",Family First Victoria,2318,0.053087211432759254,OTH,OTH_FFPA,RIGHT,False,https://www.vec.vic.gov.au/results/state-election-results/2022-state-election-results/results-by-district/evelyn-district-results
Evelyn,"HENLEY, Andrew",Australian Greens,4051,0.0927766581165262,GRN,GRN,,False,https://www.vec.vic.gov.au/results/state-election-results/2022-state-election-results/results-by-district/evelyn-district-results
Footscray,"PEREYRA, Elena",Australian Greens,9045,0.2242,GRN,GRN,,False,https://www.vec.vic.gov.au/results/state-election-results/2022-state-election-results/results-by-district/footscray-district-results
Footscray,"MANSOURI JAJAEE, Shohre",Animal Justice Party,989,0.0245,OTH,OTH_AJP,CENTRE_LEFT,False,https://www.vec.vic.gov.au/results/state-election-results/2022-state-election-results/results-by-district/footscray-district-results
Footscray,"HALL, Katie",Australian Labor Party - Victorian Branch,17387,0.431,ALP,ALP,,False,https://www.vec.vic.gov.au/results/state-election-results/2022-state-election-results/results-by-district/footscray-district-results
Footscray,"MUIR, Russell",Family First Victoria,838,0.0208,OTH,OTH_FFPA,RIGHT,False,https://www.vec.vic.gov.au/results/state-election-results/2022-state-election-results/results-by-district/footscray-district-results
Footscray,"WILLIAMS, Alan",Labour DLP,1098,0.027200000000000002,OTH,OTH_DLP,RIGHT,False,https://www.vec.vic.gov.au/results/state-election-results/2022-state-election-results/results-by-district/footscray-district-results
Footscray,"JORQUERA, Jorge",Victorian Socialists,3769,0.0934,OTH,OTH_VNS,LEFT,False,https://www.vec.vic.gov.au/results/state-election-results/2022-state-election-results/results-by-district/footscray-district-results
Footscray,"JOESIKA, Emete",Liberal,7214,0.1788,LNP,LIB,,False,https://www.vec.vic.gov.au/results/state-election-results/2022-state-election-results/results-by-district/footscray-district-results
Frankston,"SURIC, Dragan",Freedom Party of Victoria,1443,0.0361,OTH,OTH_FPV,RIGHT,False,https://www.vec.vic.gov.au/results/state-election-results/2022-state-election-results/results-by-district/frankston-district-results
Frankston,"GREEN, Emily",Australian Greens,5060,0.1267,GRN,GRN,,False,https://www.vec.vic.gov.au/results/state-election-results/2022-state-election-results/results-by-district/frankston-district-results
Frankston,"JOHNSTON, Elizabeth",Animal Justice Party,1365,0.0342,OTH,OTH_AJP,CENTRE_LEFT,False,https://www.vec.vic.gov.au/results/state-election-results/2022-state-election-results/results-by-district/frankston-district-results
Frankston,"BERGWERF, Darren Paul",,844,0.021099999999999997,IND,IND_MINOR,UNKNOWN,True,https://www.vec.vic.gov.au/results/state-election-results/2022-state-election-results/results-by-district/frankston-district-results
Frankston,"KELSALL, Henry",,369,0.0092,OTH,IND_MINOR,UNKNOWN,True,https://www.vec.vic.gov.au/results/state-election-results/2022-state-election-results/results-by-district/frankston-district-results
Frankston,"BROWN, Richard",Family First Victoria,1083,0.0271,OTH,OTH_FFPA,RIGHT,False,https://www.vec.vic.gov.au/results/state-election-results/2022-state-election-results/results-by-district/frankston-district-results
Frankston,"EDBROOKE, Paul",Australian Labor Party - Victorian Branch,16595,0.4155,ALP,ALP,,False,https://www.vec.vic.gov.au/results/state-election-results/2022-state-election-results/results-by-district/frankston-district-results
Frankston,"O'REILLY, Michael",Liberal,11762,0.2945,LNP,LIB,,False,https://www.vec.vic.gov.au/results/state-election-results/2022-state-election-results/results-by-district/frankston-district-results
Frankston,"ABRAHAM, Chrysten",Liberal Democrats,1420,0.0356,OTH,OTH_LTP,RIGHT,False,https://www.vec.vic.gov.au/results/state-election-results/2022-state-election-results/results-by-district/frankston-district-results
Geelong,"PARKER-HILL, Madeleine",Family First Victoria,2051,0.0458,OTH,OTH_FFPA,RIGHT,False,https://www.vec.vic.gov.au/results/state-election-results/2022-state-election-results/results-by-district/geelong-district-results
Geelong,"CARR, Angela",,994,0.0222,IND,IND_MINOR,UNKNOWN,True,https://www.vec.vic.gov.au/results/state-election-results/2022-state-election-results/results-by-district/geelong-district-results
Geelong,"JUHASZ, Stephen",,455,0.0102,OTH,IND_MINOR,UNKNOWN,True,https://www.vec.vic.gov.au/results/state-election-results/2022-state-election-results/results-by-district/geelong-district-results
Geelong,"BENNETT-HULLIN, James",Liberal,12194,0.2724,LNP,LIB,,False,https://www.vec.vic.gov.au/results/state-election-results/2022-state-election-results/results-by-district/geelong-district-results
Geelong,"COUZENS, Christine",Australian Labor Party - Victorian Branch,20754,0.4637,ALP,ALP,,False,https://www.vec.vic.gov.au/results/state-election-results/2022-state-election-results/results-by-district/geelong-district-results
Geelong,"MOTTA, Bob",Animal Justice Party,1465,0.0327,OTH,OTH_AJP,CENTRE_LEFT,False,https://www.vec.vic.gov.au/results/state-election-results/2022-state-election-results/results-by-district/geelong-district-results
Geelong,"SMITH, Aleisha",Australian Greens,6849,0.153,GRN,GRN,,False,https://www.vec.vic.gov.au/results/state-election-results/2022-state-election-results/results-by-district/geelong-district-results
Gippsland East,"BULL, Tim",The Nationals,26737,0.633443104551162,LNP,NAT,,False,https://www.vec.vic.gov.au/results/state-election-results/2022-state-election-results/results-by-district/gippsland-east-district-results
Gippsland East,"FECHNER, Carl John",Family First Victoria,1068,0.02530266057002061,OTH,OTH_FFPA,RIGHT,False,https://www.vec.vic.gov.au/results/state-election-results/2022-state-election-results/results-by-district/gippsland-east-district-results
Gippsland East,"RICHARDSON, Stephen",Australian Labor Party - Victorian Branch,7193,0.17041389277168376,ALP,ALP,,False,https://www.vec.vic.gov.au/results/state-election-results/2022-state-election-results/results-by-district/gippsland-east-district-results
Gippsland East,"MUIR, Ricky","Shooters, Fishers & Farmers Vic",2461,0.05830510080788458,OTH,OTH_ASP,CENTRE_RIGHT,False,https://www.vec.vic.gov.au/results/state-election-results/2022-state-election-results/results-by-district/gippsland-east-district-results
Gippsland East,"LING, Nissa",Australian Greens,2688,0.06368310076050132,GRN,GRN,,False,https://www.vec.vic.gov.au/results/state-election-results/2022-state-election-results/results-by-district/gippsland-east-district-results
Gippsland East,"COURT, Sally",Animal Justice Party,725,0.017176431566727476,OTH,OTH_AJP,CENTRE_LEFT,False,https://www.vec.vic.gov.au/results/state-election-results/2022-state-election-results/results-by-district/gippsland-east-district-results
Gippsland East,"BARNES, Ed",Freedom Party of Victoria,1337,0.03167570897202018,OTH,OTH_FPV,RIGHT,False,https://www.vec.vic.gov.au/results/state-election-results/2022-state-election-results/results-by-district/gippsland-east-district-results
Gippsland South,"ESLER, Clay",,2411,0.05692899813463673,IND,IND_MINOR,UNKNOWN,True,https://www.vec.vic.gov.au/results/state-election-results/2022-state-election-results/results-by-district/gippsland-south-district-results
Gippsland South,"TIZIANI-SIMPSON, Jay",Australian Greens,3536,0.08349271563835564,GRN,GRN,,False,https://www.vec.vic.gov.au/results/state-election-results/2022-state-election-results/results-by-district/gippsland-south-district-results
Gippsland South,"FURLONG, Paul",Family First Victoria,1213,0.028641590517343156,OTH,OTH_FFPA,RIGHT,False,https://www.vec.vic.gov.au/results/state-election-results/2022-state-election-results/results-by-district/gippsland-south-district-results
Gippsland South,"RYAN, Denise",Australian Labor Party - Victorian Branch,9919,0.23420934570612265,ALP,ALP,,False,https://www.vec.vic.gov.au/results/state-election-results/2022-state-election-results/results-by-district/gippsland-south-district-results
Gippsland South,"O'BRIEN, Danny",The Nationals,22569,0.5329035914146065,LNP,NAT,,False,https://www.vec.vic.gov.au/results/state-election-results/2022-state-election-results/results-by-district/gippsland-south-district-results
Gippsland South,"JEGES, Helen",Animal Justice Party,1347,0.03180562442445279,OTH,OTH_AJP,CENTRE_LEFT,False,https://www.vec.vic.gov.au/results/state-election-results/2022-state-election-results/results-by-district/gippsland-south-district-results
Gippsland South,"NEWNHAM, Angela",Freedom Party of Victoria,1356,0.032018134164482535,OTH,OTH_FPV,RIGHT,False,https://www.vec.vic.gov.au/results/state-election-results/2022-state-election-results/results-by-district/gippsland-south-district-results
Glen Waverley,"MARSH, Scott",Labour DLP,1856,0.0416,OTH,OTH_DLP,RIGHT,False,https://www.vec.vic.gov.au/results/state-election-results/2022-state-election-results/results-by-district/glen-waverley-district-results
Glen Waverley,"HARRIS, Joyce Maree",Freedom Party of Victoria,664,0.0149,OTH,OTH_FPV,RIGHT,False,https://www.vec.vic.gov.au/results/state-election-results/2022-state-election-results/results-by-district/glen-waverley-district-results
Glen Waverley,"PARTRIDGE, Steph",Australian Greens,4279,0.0958,GRN,GRN,,False,https://www.vec.vic.gov.au/results/state-election-results/2022-state-election-results/results-by-district/glen-waverley-district-results
Glen Waverley,"HANCE, Maddy",Animal Justice Party,802,0.018000000000000002,OTH,OTH_AJP,CENTRE_LEFT,False,https://www.vec.vic.gov.au/results/state-election-results/2022-state-election-results/results-by-district/glen-waverley-district-results
Glen Waverley,"MULLAHY, John",Australian Labor Party - Victorian Branch,18153,0.4064,ALP,ALP,,False,https://www.vec.vic.gov.au/results/state-election-results/2022-state-election-results/results-by-district/glen-waverley-district-results
Glen Waverley,"HUISMAN, Kristeen",Family First Victoria,972,0.0218,OTH,OTH_FFPA,RIGHT,False,https://www.vec.vic.gov.au/results/state-election-results/2022-state-election-results/results-by-district/glen-waverley-district-results
Glen Waverley,"ANGUS, Neil",Liberal,17941,0.4017,LNP,LIB,,False,https://www.vec.vic.gov.au/results/state-election-results/2022-state-election-results/results-by-district/glen-waverley-district-results
Greenvale,"YOLBULAN, Mutullah Can",Victorian Socialists,2582,0.06851350634187763,OTH,OTH_VNS,LEFT,False,https://www.vec.vic.gov.au/results/state-election-results/2022-state-election-results/results-by-district/greenvale-district-results
Greenvale,"ERCIYAS, Fatma",,2416,0.06410868757628828,IND,IND_MINOR,UNKNOWN,True,https://www.vec.vic.gov.au/results/state-election-results/2022-state-election-results/results-by-district/greenvale-district-results
Greenvale,"GHANI, Usman",Liberal,9568,0.2538873852358966,LNP,LIB,,False,https://www.vec.vic.gov.au/results/state-election-results/2022-state-election-results/results-by-district/greenvale-district-results
Greenvale,"BENGTSSON, Maria",Family First Victoria,2778,0.07371437669160961,OTH,OTH_FFPA,RIGHT,False,https://www.vec.vic.gov.au/results/state-election-results/2022-state-election-results/results-by-district/greenvale-district-results
Greenvale,"SANTA-ISABEL, Cristina",Australian Greens,2194,0.05821790585363265,GRN,GRN,,False,https://www.vec.vic.gov.au/results/state-election-results/2022-state-election-results/results-by-district/greenvale-district-results
Greenvale,"STYLES, Lauren",Freedom Party of Victoria,1225,0.03250543968582498,OTH,OTH_FPV,RIGHT,False,https://www.vec.vic.gov.au/results/state-election-results/2022-state-election-results/results-by-district/greenvale-district-results
Greenvale,"WALTERS, Iwan",Australian Labor Party - Victorian Branch,15628,0.4146898052327124,ALP,ALP,,False,https://www.vec.vic.gov.au/results/state-election-results/2022-state-election-results/results-by-district/greenvale-district-results
Greenvale,"FURINA, Rosanna",Animal Justice Party,1295,0.03436289338215783,OTH,OTH_AJP,CENTRE_LEFT,False,https://www.vec.vic.gov.au/results/state-election-results/2022-state-election-results/results-by-district/greenvale-district-results
Hastings,"JACK, Tyson",Animal Justice Party,1736,0.0421,OTH,OTH_AJP,CENTRE_LEFT,False,https://www.vec.vic.gov.au/results/state-election-results/2022-state-election-results/results-by-district/hastings-district-results
Hastings,"SAUNDERS, Paul",Australian Greens,4118,0.0999,GRN,GRN,,False,https://www.vec.vic.gov.au/results/state-election-results/2022-state-election-results/results-by-district/hastings-district-results
Hastings,"MERCURIO, Paul",Australian Labor Party - Victorian Branch,15361,0.3726,ALP,ALP,,False,https://www.vec.vic.gov.au/results/state-election-results/2022-state-election-results/results-by-district/hastings-district-results
Hastings,"de WIT, Camille",Labour DLP,833,0.0202,OTH,OTH_DLP,RIGHT,False,https://www.vec.vic.gov.au/results/state-election-results/2022-state-election-results/results-by-district/hastings-district-results
Hastings,"SABO, Tom",Family First Victoria,1001,0.024300000000000002,OTH,OTH_FFPA,RIGHT,False,https://www.vec.vic.gov.au/results/state-election-results/2022-state-election-results/results-by-district/hastings-district-results
Hastings,"BENSON, Janet Felicity",Freedom Party of Victoria,1235,0.03,OTH,OTH_FPV,RIGHT,False,https://www.vec.vic.gov.au/results/state-election-results/2022-state-election-results/results-by-district/hastings-district-results
Hastings,"HUTTON, Briony",Liberal,16415,0.3981,LNP,LIB,,False,https://www.vec.vic.gov.au/results/state-election-results/2022-state-election-results/results-by-district/hastings-district-results
Hastings,"WHITEHILL, Robert",,533,0.0129,IND,IND_MINOR,UNKNOWN,True,https://www.vec.vic.gov.au/results/state-election-results/2022-state-election-results/results-by-district/hastings-district-results
Hawthorn,"FUHRER, Faith",Animal Justice Party,660,0.0149,OTH,OTH_AJP,CENTRE_LEFT,False,https://www.vec.vic.gov.au/results/state-election-results/2022-state-election-results/results-by-district/hawthorn-district-results
Hawthorn,"KENNEDY, John",Australian Labor Party - Victorian Branch,9799,0.2211,ALP,ALP,,False,https://www.vec.vic.gov.au/results/state-election-results/2022-state-election-results/results-by-district/hawthorn-district-results
Hawthorn,"TRIANTAFILLIS, Ken",Family First Victoria,408,0.0092,OTH,OTH_FFPA,RIGHT,False,https://www.vec.vic.gov.au/results/state-election-results/2022-state-election-results/results-by-district/hawthorn-district-results
Hawthorn,"PEPPARD, Richard",Liberal Democrats,583,0.0132,OTH,OTH_LTP,RIGHT,False,https://www.vec.vic.gov.au/results/state-election-results/2022-state-election-results/results-by-district/hawthorn-district-results
Hawthorn,"LOWE, Melissa",,8851,0.1998,IND,IND_PROMINENT,CENTRE,True,https://www.vec.vic.gov.au/results/state-election-results/2022-state-election-results/results-by-district/hawthorn-district-results
Hawthorn,"SAVAGE, Nick",Australian Greens,4927,0.1112,GRN,GRN,,False,https://www.vec.vic.gov.au/results/state-election-results/2022-state-election-results/results-by-district/hawthorn-district-results
Hawthorn,"PESUTTO, John",Liberal,18728,0.4227,LNP,LIB,,False,https://www.vec.vic.gov.au/results/state-election-results/2022-state-election-results/results-by-district/hawthorn-district-results
Hawthorn,"BELL, Stratton",Labour DLP,354,0.008,OTH,OTH_DLP,RIGHT,False,https://www.vec.vic.gov.au/results/state-election-results/2022-state-election-results/results-by-district/hawthorn-district-results
Ivanhoe,"CARBINES, Anthony",Australian Labor Party - Victorian Branch,17333,0.4269,ALP,ALP,,False,https://www.vec.vic.gov.au/results/state-election-results/2022-state-election-results/results-by-district/ivanhoe-district-results
Ivanhoe,"HAYWARD, Sarah",Family First Victoria,1216,0.03,OTH,OTH_FFPA,RIGHT,False,https://www.vec.vic.gov.au/results/state-election-results/2022-state-election-results/results-by-district/ivanhoe-district-results
Ivanhoe,"KHOURY, Bernadette",Liberal,12566,0.3095,LNP,LIB,,False,https://www.vec.vic.gov.au/results/state-election-results/2022-state-election-results/results-by-district/ivanhoe-district-results
Ivanhoe,"RISTEVSKI, Sonja",Animal Justice Party,937,0.0231,OTH,OTH_AJP,CENTRE_LEFT,False,https://www.vec.vic.gov.au/results/state-election-results/2022-state-election-results/results-by-district/ivanhoe-district-results
Ivanhoe,"LANGDON, Craig",,739,0.0182,IND,IND_MINOR,UNKNOWN,True,https://www.vec.vic.gov.au/results/state-election-results/2022-state-election-results/results-by-district/ivanhoe-district-results
Ivanhoe,"BIEBER, Emily",Australian Greens,7808,0.1923,GRN,GRN,,False,https://www.vec.vic.gov.au/results/state-election-results/2022-state-election-results/results-by-district/ivanhoe-district-results
Kalkallo,"SPENCE, Ros",Australian Labor Party - Victorian Branch,21538,0.5388541406054541,ALP,ALP,,False,https://www.vec.vic.gov.au/results/state-election-results/2022-state-election-results/results-by-district/kalkallo-district-results
Kalkallo,"SINGH, Bikram",Liberal,9156,0.22907180385288967,LNP,LIB,,False,https://www.vec.vic.gov.au/results/state-election-results/2022-state-election-results/results-by-district/kalkallo-district-results
Kalkallo,"LOWE, Frances",Animal Justice Party,1460,0.03652739554665999,OTH,OTH_AJP,CENTRE_LEFT,False,https://www.vec.vic.gov.au/results/state-election-results/2022-state-election-results/results-by-district/kalkallo-district-results
Kalkallo,"PAREL, Jimmy George",,611,0.015286464848636477,IND,IND_MINOR,UNKNOWN,True,https://www.vec.vic.gov.au/results/state-election-results/2022-state-election-results/results-by-district/kalkallo-district-results
Kalkallo,"UL MURTAZA, Muhammad Nisar",Australian Greens,2112,0.05283962972229172,GRN,GRN,,False,https://www.vec.vic.gov.au/results/state-election-results/2022-state-election-results/results-by-district/kalkallo-district-results
Kalkallo,"FRENCH, Callum John",,299,0.0074806104578433825,OTH,IND_MINOR,UNKNOWN,True,https://www.vec.vic.gov.au/results/state-election-results/2022-state-election-results/results-by-district/kalkallo-district-results
Kalkallo,"SANDHU, Smiley",New Democrats,408,0.010207655741806355,OTH,OTH_ND,CENTRE,False,https://www.vec.vic.gov.au/results/state-election-results/2022-state-election-results/results-by-district/kalkallo-district-results
Kalkallo,"SAYER, Das",Family First Victoria,2451,0.061320990743057295,OTH,OTH_FFPA,RIGHT,False,https://www.vec.vic.gov.au/results/state-election-results/2022-state-election-results/results-by-district/kalkallo-district-results
Kalkallo,"MONSALVE TOBON, Sergio",Victorian Socialists,1935,0.04841130848136102,OTH,OTH_VNS,LEFT,False,https://www.vec.vic.gov.au/results/state-election-results/2022-state-election-results/results-by-district/kalkallo-district-results
Kew,"TORNEY, Sophie",,9200,0.21100000000000002,IND,IND_PROMINENT,CENTRE,True,https://www.vec.vic.gov.au/results/state-election-results/2022-state-election-results/results-by-district/kew-district-results
Kew,"SULLIVAN, Kym",,147,0.0034000000000000002,OTH,IND_MINOR,UNKNOWN,True,https://www.vec.vic.gov.au/results/state-election-results/2022-state-election-results/results-by-district/kew-district-results
Kew,"DAVIS, Finlay",,158,0.0036,OTH,IND_MINOR,UNKNOWN,True,https://www.vec.vic.gov.au/results/state-election-results/2022-state-election-results/results-by-district/kew-district-results
Kew,"SKELTON, Lucy",Australian Labor Party - Victorian Branch,9896,0.22699999999999998,ALP,ALP,,False,https://www.vec.vic.gov.au/results/state-election-results/2022-state-election-results/results-by-district/kew-district-results
Kew,"SEELEY, Ann",Family First Victoria,751,0.0172,OTH,OTH_FFPA,RIGHT,False,https://www.vec.vic.gov.au/results/state-election-results/2022-state-election-results/results-by-district/kew-district-results
Kew,"WILSON, Jess",Liberal,19321,0.4432,LNP,LIB,,False,https://www.vec.vic.gov.au/results/state-election-results/2022-state-election-results/results-by-district/kew-district-results
Kew,"CARTER, Jackie",Australian Greens,3612,0.08289999999999999,GRN,GRN,,False,https://www.vec.vic.gov.au/results/state-election-results/2022-state-election-results/results-by-district/kew-district-results
Kew,"SCHOFIELD, Ruby",Animal Justice Party,507,0.0116,OTH,OTH_AJP,CENTRE_LEFT,False,https://www.vec.vic.gov.au/results/state-election-results/2022-state-election-results/results-by-district/kew-district-results
Kororoit,"GIBSON, Belle",Victorian Socialists,2768,0.06856067173606123,OTH,OTH_VNS,LEFT,False,https://www.vec.vic.gov.au/results/state-election-results/2022-state-election-results/results-by-district/kororoit-district-results
Kororoit,"CHANDOK, Jaz",New Democrats,623,0.015431104946375052,OTH,OTH_ND,CENTRE,False,https://www.vec.vic.gov.au/results/state-election-results/2022-state-election-results/results-by-district/kororoit-district-results
Kororoit,"BROWN, Zuzanna",Labour DLP,2517,0.062343645505659726,OTH,OTH_DLP,RIGHT,False,https://www.vec.vic.gov.au/results/state-election-results/2022-state-election-results/results-by-district/kororoit-district-results
Kororoit,"DIVITA, Katherine",Animal Justice Party,1242,0.030763133777524584,OTH,OTH_AJP,CENTRE_LEFT,False,https://www.vec.vic.gov.au/results/state-election-results/2022-state-election-results/results-by-district/kororoit-district-results
Kororoit,"BAUCH, Joh",,978,0.02422411017264013,IND,IND_MINOR,UNKNOWN,True,https://www.vec.vic.gov.au/results/state-election-results/2022-state-election-results/results-by-district/kororoit-district-results
Kororoit,"MILUTINOVIC, Melanie",Family First Victoria,2326,0.057612761003641044,OTH,OTH_FFPA,RIGHT,False,https://www.vec.vic.gov.au/results/state-election-results/2022-state-election-results/results-by-district/kororoit-district-results
Kororoit,"GRIGOROVITCH, Luba",Australian Labor Party - Victorian Branch,17468,0.4326653951898546,ALP,ALP,,False,https://www.vec.vic.gov.au/results/state-election-results/2022-state-election-results/results-by-district/kororoit-district-results
Kororoit,"CHESTER, Ben",Australian Greens,2650,0.06563792633690833,GRN,GRN,,False,https://www.vec.vic.gov.au/results/state-election-results/2022-state-election-results/results-by-district/kororoit-district-results
Kororoit,"FLETCHER, John",Liberal,9801,0.2427612513313353,LNP,LIB,,False,https://www.vec.vic.gov.au/results/state-election-results/2022-state-election-results/results-by-district/kororoit-district-results
Lara,"GARDNER, Courtney",Australian Greens,4471,0.11315549706418303,GRN,GRN,,False,https://www.vec.vic.gov.au/results/state-election-results/2022-state-election-results/results-by-district/lara-district-results
Lara,"HATHWAY, Sarah",,1050,0.026574205304717553,IND,IND_MINOR,UNKNOWN,True,https://www.vec.vic.gov.au/results/state-election-results/2022-state-election-results/results-by-district/lara-district-results
Lara,"KREIN, Ralph",Liberal,8460,0.21411216845515285,LNP,LIB,,False,https://www.vec.vic.gov.au/results/state-election-results/2022-state-election-results/results-by-district/lara-district-results
Lara,"RANKINE, Steve",Family First Victoria,1774,0.04489775258149423,OTH,OTH_FFPA,RIGHT,False,https://www.vec.vic.gov.au/results/state-election-results/2022-state-election-results/results-by-district/lara-district-results
Lara,"GEORGE, Ella",Australian Labor Party - Victorian Branch,19635,0.49693763919821826,ALP,ALP,,False,https://www.vec.vic.gov.au/results/state-election-results/2022-state-election-results/results-by-district/lara-district-results
Lara,"KELLY, Peter",Animal Justice Party,1501,0.03798845920226766,OTH,OTH_AJP,CENTRE_LEFT,False,https://www.vec.vic.gov.au/results/state-election-results/2022-state-election-results/results-by-district/lara-district-results
Lara,"TAYLOR, Ash",Angry Victorians Party,938,0.02373962340554768,OTH,OTH_AVP,RIGHT,True,https://www.vec.vic.gov.au/results/state-election-results/2022-state-election-results/results-by-district/lara-district-results
Lara,"PAYNE, Max",Liberal Democrats,1683,0.04259465478841871,OTH,OTH_LTP,RIGHT,False,https://www.vec.vic.gov.au/results/state-election-results/2022-state-election-results/results-by-district/lara-district-results
Laverton,"SONI, Gurneet",New Democrats,1082,0.029139286868469245,OTH,OTH_ND,CENTRE,False,https://www.vec.vic.gov.au/results/state-election-results/2022-state-election-results/results-by-district/laverton-district-results
Laverton,"DURZADA, Braishna",Australian Greens,3491,0.09401594312183562,GRN,GRN,,False,https://www.vec.vic.gov.au/results/state-election-results/2022-state-election-results/results-by-district/laverton-district-results
Laverton,"FRY, David",Family First Victoria,1353,0.036437574060109876,OTH,OTH_FFPA,RIGHT,False,https://www.vec.vic.gov.au/results/state-election-results/2022-state-election-results/results-by-district/laverton-district-results
Laverton,"PAREDES, Rufo",,355,0.009560486911558762,IND,IND_MINOR,UNKNOWN,True,https://www.vec.vic.gov.au/results/state-election-results/2022-state-election-results/results-by-district/laverton-district-results
Laverton,"WIRTH, Michael",Labour DLP,2051,0.05523537649466767,OTH,OTH_DLP,RIGHT,False,https://www.vec.vic.gov.au/results/state-election-results/2022-state-election-results/results-by-district/laverton-district-results
Laverton,"ROBERTSON, Catherine",Victorian Socialists,2206,0.059409673596897555,OTH,OTH_VNS,LEFT,False,https://www.vec.vic.gov.au/results/state-election-results/2022-state-election-results/results-by-district/laverton-district-results
Laverton,"RAYMOND, Trent",Freedom Party of Victoria,641,0.01726273833889906,OTH,OTH_FPV,RIGHT,False,https://www.vec.vic.gov.au/results/state-election-results/2022-state-election-results/results-by-district/laverton-district-results
Laverton,"BAGHERI, Pouya",Animal Justice Party,694,0.018690078638371216,OTH,OTH_AJP,CENTRE_LEFT,False,https://www.vec.vic.gov.au/results/state-election-results/2022-state-election-results/results-by-district/laverton-district-results
Laverton,"CONNOLLY, Sarah",Australian Labor Party - Victorian Branch,17026,0.4585263384681676,ALP,ALP,,False,https://www.vec.vic.gov.au/results/state-election-results/2022-state-election-results/results-by-district/laverton-district-results
Laverton,"REDDY, Raja",Liberal,8233,0.22172250350102338,LNP,LIB,,False,https://www.vec.vic.gov.au/results/state-election-results/2022-state-election-results/results-by-district/laverton-district-results
Lowan,"ETHERTON, Richard",Angry Victorians Party,1706,0.039454209065679924,OTH,OTH_AVP,RIGHT,True,https://www.vec.vic.gov.au/results/state-election-results/2022-state-election-results/results-by-district/lowan-district-results
Lowan,"KEALY, Emma",The Nationals,25487,0.5894310823311748,LNP,NAT,,False,https://www.vec.vic.gov.au/results/state-election-results/2022-state-election-results/results-by-district/lowan-district-results
Lowan,"RAMSAY, Tamasin",Animal Justice Party,1018,0.023543015726179464,OTH,OTH_AJP,CENTRE_LEFT,False,https://www.vec.vic.gov.au/results/state-election-results/2022-state-election-results/results-by-district/lowan-district-results
Lowan,"COLEMAN, Robert",Family First Victoria,1572,0.036355226641998147,OTH,OTH_FFPA,RIGHT,False,https://www.vec.vic.gov.au/results/state-election-results/2022-state-election-results/results-by-district/lowan-district-results
Lowan,"MEAD, Amanda",,2324,0.05374653098982424,IND,IND_MINOR,UNKNOWN,True,https://www.vec.vic.gov.au/results/state-election-results/2022-state-election-results/results-by-district/lowan-district-results
Lowan,"MONAGHAN, Mick",Australian Labor Party - Victorian Branch,8560,0.19796484736355227,ALP,ALP,,False,https://www.vec.vic.gov.au/results/state-election-results/2022-state-election-results/results-by-district/lowan-district-results
Lowan,"LANE, Richard",Australian Greens,2573,0.05950508788159112,GRN,GRN,,False,https://www.vec.vic.gov.au/results/state-election-results/2022-state-election-results/results-by-district/lowan-district-results
Macedon,"BONANNO, Dominic",Liberal,12463,0.29969999999999997,LNP,LIB,,False,https://www.vec.vic.gov.au/results/state-election-results/2022-state-election-results/results-by-district/macedon-district-results
Macedon,"McRAE McLEOD, Marley",Australian Greens,5214,0.12539999999999998,GRN,GRN,,False,https://www.vec.vic.gov.au/results/state-election-results/2022-state-election-results/results-by-district/macedon-district-results
Macedon,"THOMAS, Mary-Anne",Australian Labor Party - Victorian Branch,17234,0.4144,ALP,ALP,,False,https://www.vec.vic.gov.au/results/state-election-results/2022-state-election-results/results-by-district/macedon-district-results
Macedon,"BARTON, Huntly",,2250,0.0541,IND,IND_MINOR,UNKNOWN,True,https://www.vec.vic.gov.au/results/state-election-results/2022-state-election-results/results-by-district/macedon-district-results
Macedon,"SEDGMAN, Kerryn P.",Freedom Party of Victoria,770,0.018500000000000003,OTH,OTH_FPV,RIGHT,False,https://www.vec.vic.gov.au/results/state-election-results/2022-state-election-results/results-by-district/macedon-district-results
Macedon,"McCORMACK, Chris",Family First Victoria,791,0.019,OTH,OTH_FFPA,RIGHT,False,https://www.vec.vic.gov.au/results/state-election-results/2022-state-election-results/results-by-district/macedon-district-results
Macedon,"EVEZARD, Amanda",Pauline Hanson's One Nation,1511,0.0363,ON,ON,,False,https://www.vec.vic.gov.au/results/state-election-results/2022-state-election-results/results-by-district/macedon-district-results
Macedon,"BERGMANN, Iris",Animal Justice Party,1356,0.0326,OTH,OTH_AJP,CENTRE_LEFT,False,https://www.vec.vic.gov.au/results/state-election-results/2022-state-election-results/results-by-district/macedon-district-results
Malvern,"NATOLI, Amelia",Animal Justice Party,1000,0.02451521168885293,OTH,OTH_AJP,CENTRE_LEFT,False,https://www.vec.vic.gov.au/results/state-election-results/2022-state-election-results/results-by-district/malvern-district-results
Malvern,"NATALE, Darren",Australian Labor Party - Victorian Branch,10685,0.2619450368953936,ALP,ALP,,False,https://www.vec.vic.gov.au/results/state-election-results/2022-state-election-results/results-by-district/malvern-district-results
Malvern,"O'BRIEN, Michael",Liberal,21438,0.5255571081856292,LNP,LIB,,False,https://www.vec.vic.gov.au/results/state-election-results/2022-state-election-results/results-by-district/malvern-district-results
Malvern,"STEFANOPOULOS, Steve",,645,0.01581231153931014,IND,IND_MINOR,UNKNOWN,True,https://www.vec.vic.gov.au/results/state-election-results/2022-state-election-results/results-by-district/malvern-district-results
Malvern,"SCHMIDT, Judy",Family First Victoria,632,0.015493613787355054,OTH,OTH_FFPA,RIGHT,False,https://www.vec.vic.gov.au/results/state-election-results/2022-state-election-results/results-by-district/malvern-district-results
Malvern,"FULLER, Mitchell",Australian Greens,6391,0.1566767179034591,GRN,GRN,,False,https://www.vec.vic.gov.au/results/state-election-results/2022-state-election-results/results-by-district/malvern-district-results
Melbourne,"PALACKALODY, George",Liberal,7522,0.1769,LNP,LIB,,False,https://www.vec.vic.gov.au/results/state-election-results/2022-state-election-results/results-by-district/melbourne-district-results
Melbourne,"SANDELL, Ellen",Australian Greens,15855,0.3729,GRN,GRN,,False,https://www.vec.vic.gov.au/results/state-election-results/2022-state-election-results/results-by-district/melbourne-district-results
Melbourne,"JANSON, Michael",Family First Victoria,535,0.0126,OTH,OTH_FFPA,RIGHT,False,https://www.vec.vic.gov.au/results/state-election-results/2022-state-election-results/results-by-district/melbourne-district-results
Melbourne,"AL-SAIMARY, Laylah",,428,0.0101,IND,IND_MINOR,UNKNOWN,True,https://www.vec.vic.gov.au/results/state-election-results/2022-state-election-results/results-by-district/melbourne-district-results
Melbourne,"BOLGER, Colleen",Victorian Socialists,2323,0.0546,OTH,OTH_VNS,LEFT,False,https://www.vec.vic.gov.au/results/state-election-results/2022-state-election-results/results-by-district/melbourne-district-results
Melbourne,"BANGAAR, Rabin",Animal Justice Party,701,0.0165,OTH,OTH_AJP,CENTRE_LEFT,False,https://www.vec.vic.gov.au/results/state-election-results/2022-state-election-results/results-by-district/melbourne-district-results
Melbourne,"SMITH, Steven J.",Freedom Party of Victoria,521,0.0123,OTH,OTH_FPV,RIGHT,False,https://www.vec.vic.gov.au/results/state-election-results/2022-state-election-results/results-by-district/melbourne-district-results
Melbourne,"THISTLETON, Rebecca",Australian Labor Party - Victorian Branch,13033,0.3065,ALP,ALP,,False,https://www.vec.vic.gov.au/results/state-election-results/2022-state-election-results/results-by-district/melbourne-district-results
Melbourne,"FOXWORTHY, Nicola",Fiona Patten's Reason Party,1601,0.0377,OTH,OTH_REASON,CENTRE_LEFT,False,https://www.vec.vic.gov.au/results/state-election-results/2022-state-election-results/results-by-district/melbourne-district-results
Melton,"BLACKBORROW, Paul","Shooters, Fishers & Farmers Vic",1682,0.0447,OTH,OTH_ASP,CENTRE_RIGHT,False,https://www.vec.vic.gov.au/results/state-election-results/2022-state-election-results/results-by-district/melton-district-results
Melton,"BIRCHALL, Ian",,3403,0.09050000000000001,IND,IND_MINOR,UNKNOWN,True,https://www.vec.vic.gov.au/results/state-election-results/2022-state-election-results/results-by-district/melton-district-results
Melton,"DOBRAN, Tony",Freedom Party of Victoria,717,0.0191,OTH,OTH_FPV,RIGHT,False,https://www.vec.vic.gov.au/results/state-election-results/2022-state-election-results/results-by-district/melton-district-results
Melton,"WATT, Graham",Liberal,9155,0.2434,LNP,LIB,,False,https://www.vec.vic.gov.au/results/state-election-results/2022-state-election-results/results-by-district/melton-district-results
Melton,"BRUNT, Richard",Family First Victoria,946,0.025099999999999997,OTH,OTH_FFPA,RIGHT,False,https://www.vec.vic.gov.au/results/state-election-results/2022-state-election-results/results-by-district/melton-district-results
Melton,"PERERA, Jason Spencer",,130,0.0034999999999999996,OTH,IND_MINOR,UNKNOWN,True,https://www.vec.vic.gov.au/results/state-election-results/2022-state-election-results/results-by-district/melton-district-results
Melton,"ALP, Ashley",Labour DLP,1629,0.0433,OTH,OTH_DLP,RIGHT,False,https://www.vec.vic.gov.au/results/state-election-results/2022-state-election-results/results-by-district/melton-district-results
Melton,"MORRIS, Praise",Australian Greens,1711,0.0455,GRN,GRN,,False,https://www.vec.vic.gov.au/results/state-election-results/2022-state-election-results/results-by-district/melton-district-results
Melton,"BINGHAM, Jarrod James",,2186,0.0581,OTH,IND_MINOR,UNKNOWN,True,https://www.vec.vic.gov.au/results/state-election-results/2022-state-election-results/results-by-district/melton-district-results
Melton,"McGHIE, Steve",Australian Labor Party - Victorian Branch,14193,0.37729999999999997,ALP,ALP,,False,https://www.vec.vic.gov.au/results/state-election-results/2022-state-election-results/results-by-district/melton-district-results
Melton,"CIAPPARA, Lucienne",Health Australia Party,219,0.0058,OTH,OTH_HAP,RIGHT,True,https://www.vec.vic.gov.au/results/state-election-results/2022-state-election-results/results-by-district/melton-district-results
Melton,"ADIN-JAMES, Fiona",Animal Justice Party,743,0.019799999999999998,OTH,OTH_AJP,CENTRE_LEFT,False,https://www.vec.vic.gov.au/results/state-election-results/2022-state-election-results/results-by-district/melton-district-results
Melton,"KAUR, Jasleen",New Democrats,242,0.0064,OTH,OTH_ND,CENTRE,False,https://www.vec.vic.gov.au/results/state-election-results/2022-state-election-results/results-by-district/melton-district-results
Melton,"DONALD, Samantha Jane",Derryn Hinch's Justice Party,663,0.0176,OTH,OTH_DHJP,CENTRE_RIGHT,False,https://www.vec.vic.gov.au/results/state-election-results/2022-state-election-results/results-by-district/melton-district-results
Mildura,"CUPPER, Ali",,12913,0.3386,IND,IND_PROMINENT,CENTRE,True,https://www.vec.vic.gov.au/results/state-election-results/2022-state-election-results/results-by-district/mildura-district-results
Mildura,"BRYMER, Sonia",,1080,0.028300000000000002,OTH,IND_MINOR,UNKNOWN,True,https://www.vec.vic.gov.au/results/state-election-results/2022-state-election-results/results-by-district/mildura-district-results
Mildura,"BROUGHAM, Philippe John",Freedom Party of Victoria,416,0.0109,OTH,OTH_FPV,RIGHT,False,https://www.vec.vic.gov.au/results/state-election-results/2022-state-election-results/results-by-district/mildura-district-results
Mildura,"SHARPE, Felicity",Labour DLP,586,0.0154,OTH,OTH_DLP,RIGHT,False,https://www.vec.vic.gov.au/results/state-election-results/2022-state-election-results/results-by-district/mildura-district-results
Mildura,"MATHESON, Paul",Liberal,7291,0.1912,LNP,LIB,,False,https://www.vec.vic.gov.au/results/state-election-results/2022-state-election-results/results-by-district/mildura-district-results
Mildura,"ZIGOURAS, Stella",Australian Labor Party - Victorian Branch,2483,0.06509999999999999,ALP,ALP,,False,https://www.vec.vic.gov.au/results/state-election-results/2022-state-election-results/results-by-district/mildura-district-results
Mildura,"BENHAM, Jade",The Nationals,9868,0.2587,LNP,NAT,,False,https://www.vec.vic.gov.au/results/state-election-results/2022-state-election-results/results-by-district/mildura-district-results
Mildura,"ZAYN, Angylina",Animal Justice Party,333,0.0087,OTH,OTH_AJP,CENTRE_LEFT,False,https://www.vec.vic.gov.au/results/state-election-results/2022-state-election-results/results-by-district/mildura-district-results
Mildura,"STRATTON, Brad",Family First Victoria,560,0.0147,OTH,OTH_FFPA,RIGHT,False,https://www.vec.vic.gov.au/results/state-election-results/2022-state-election-results/results-by-district/mildura-district-results
Mildura,"MILNE, Glenn",,1716,0.045,OTH,IND_MINOR,UNKNOWN,True,https://www.vec.vic.gov.au/results/state-election-results/2022-state-election-results/results-by-district/mildura-district-results
Mildura,"CLEMENTS, Katie",Australian Greens,894,0.023399999999999997,GRN,GRN,,False,https://www.vec.vic.gov.au/results/state-election-results/2022-state-election-results/results-by-district/mildura-district-results
Mill Park,"SIMONS, Marcia",Animal Justice Party,1833,0.048501045167094435,OTH,OTH_AJP,CENTRE_LEFT,False,https://www.vec.vic.gov.au/results/state-election-results/2022-state-election-results/results-by-district/mill-park-district-results
Mill Park,"YAP, Paige",Liberal,9797,0.2592278993464398,LNP,LIB,,False,https://www.vec.vic.gov.au/results/state-election-results/2022-state-election-results/results-by-district/mill-park-district-results
Mill Park,"ANDERSON, Craig",Family First Victoria,1890,0.05000926097425449,OTH,OTH_FFPA,RIGHT,False,https://www.vec.vic.gov.au/results/state-election-results/2022-state-election-results/results-by-district/mill-park-district-results
Mill Park,"FILIPPOPOULOS, Andrew",Freedom Party of Victoria,2658,0.07033048448125315,OTH,OTH_FPV,RIGHT,False,https://www.vec.vic.gov.au/results/state-election-results/2022-state-election-results/results-by-district/mill-park-district-results
Mill Park,"D'AMBROSIO, Lily",Australian Labor Party - Victorian Branch,18857,0.4989548329055645,ALP,ALP,,False,https://www.vec.vic.gov.au/results/state-election-results/2022-state-election-results/results-by-district/mill-park-district-results
Mill Park,"KEARNEY, Chris",Australian Greens,2758,0.0729764771253936,GRN,GRN,,False,https://www.vec.vic.gov.au/results/state-election-results/2022-state-election-results/results-by-district/mill-park-district-results
Monbulk,"COLE, Craig",,2069,0.0495,OTH,IND_MINOR,UNKNOWN,True,https://www.vec.vic.gov.au/results/state-election-results/2022-state-election-results/results-by-district/monbulk-district-results
Monbulk,"FOLLONI, Leah",Animal Justice Party,1739,0.0416,OTH,OTH_AJP,CENTRE_LEFT,False,https://www.vec.vic.gov.au/results/state-election-results/2022-state-election-results/results-by-district/monbulk-district-results
Monbulk,"BARNES, Veronica",Freedom Party of Victoria,910,0.0218,OTH,OTH_FPV,RIGHT,False,https://www.vec.vic.gov.au/results/state-election-results/2022-state-election-results/results-by-district/monbulk-district-results
Monbulk,"ORMSBY, Michael",Australian Greens,6255,0.1497,GRN,GRN,,False,https://www.vec.vic.gov.au/results/state-election-results/2022-state-election-results/results-by-district/monbulk-district-results
Monbulk,"WARD, Gareth",Liberal,12327,0.2949,LNP,LIB,,False,https://www.vec.vic.gov.au/results/state-election-results/2022-state-election-results/results-by-district/monbulk-district-results
Monbulk,"SKELTON, Johanna",,2229,0.0533,IND,IND_MINOR,UNKNOWN,True,https://www.vec.vic.gov.au/results/state-election-results/2022-state-election-results/results-by-district/monbulk-district-results
Monbulk,"HIGGINS, David",Family First Victoria,1197,0.0286,OTH,OTH_FFPA,RIGHT,False,https://www.vec.vic.gov.au/results/state-election-results/2022-state-election-results/results-by-district/monbulk-district-results
Monbulk,"DE MARTINO, Daniela",Australian Labor Party - Victorian Branch,15071,0.36060000000000003,ALP,ALP,,False,https://www.vec.vic.gov.au/results/state-election-results/2022-state-election-results/results-by-district/monbulk-district-results
Mordialloc,"O'DONNELL, Sarah",,3240,0.0735,IND,IND_MINOR,UNKNOWN,True,https://www.vec.vic.gov.au/results/state-election-results/2022-state-election-results/results-by-district/mordialloc-district-results
Mordialloc,"REID, Phil",,154,0.0034999999999999996,OTH,IND_MINOR,UNKNOWN,True,https://www.vec.vic.gov.au/results/state-election-results/2022-state-election-results/results-by-district/mordialloc-district-results
Mordialloc,"VO, Chi",Animal Justice Party,1070,0.024300000000000002,OTH,OTH_AJP,CENTRE_LEFT,False,https://www.vec.vic.gov.au/results/state-election-results/2022-state-election-results/results-by-district/mordialloc-district-results
Mordialloc,"RICHARDSON, Tim",Australian Labor Party - Victorian Branch,19398,0.4403,ALP,ALP,,False,https://www.vec.vic.gov.au/results/state-election-results/2022-state-election-results/results-by-district/mordialloc-district-results
Mordialloc,"LUM, Patrick",Family First Victoria,887,0.020099999999999996,OTH,OTH_FFPA,RIGHT,False,https://www.vec.vic.gov.au/results/state-election-results/2022-state-election-results/results-by-district/mordialloc-district-results
Mordialloc,"LESSA, Daniel",Australian Greens,4526,0.1027,GRN,GRN,,False,https://www.vec.vic.gov.au/results/state-election-results/2022-state-election-results/results-by-district/mordialloc-district-results
Mordialloc,"ALBRECHT, Deborah",Freedom Party of Victoria,955,0.0217,OTH,OTH_FPV,RIGHT,False,https://www.vec.vic.gov.au/results/state-election-results/2022-state-election-results/results-by-district/mordialloc-district-results
Mordialloc,"PEASE, Phillip",Liberal,13829,0.3139,LNP,LIB,,False,https://www.vec.vic.gov.au/results/state-election-results/2022-state-election-results/results-by-district/mordialloc-district-results
Mornington,"LARDNER, Kate",,9432,0.2242,IND,IND_PROMINENT,CENTRE,True,https://www.vec.vic.gov.au/results/state-election-results/2022-state-election-results/results-by-district/mornington-district-results
Mornington,"SCHWEEN, Leonie",Animal Justice Party,740,0.0176,OTH,OTH_AJP,CENTRE_LEFT,False,https://www.vec.vic.gov.au/results/state-election-results/2022-state-election-results/results-by-district/mornington-district-results
Mornington,"CREWTHER, Chris",Liberal,17910,0.42579999999999996,LNP,LIB,,False,https://www.vec.vic.gov.au/results/state-election-results/2022-state-election-results/results-by-district/mornington-district-results
Mornington,"HAYWARD, Ross",Family First Victoria,375,0.0089,OTH,OTH_FFPA,RIGHT,False,https://www.vec.vic.gov.au/results/state-election-results/2022-state-election-results/results-by-district/mornington-district-results
Mornington,"PETTITT, Paul",Freedom Party of Victoria,1041,0.024700000000000003,OTH,OTH_FPV,RIGHT,False,https://www.vec.vic.gov.au/results/state-election-results/2022-state-election-results/results-by-district/mornington-district-results
Mornington,"AGIRTAN, Jane",,641,0.0152,OTH,IND_MINOR,UNKNOWN,True,https://www.vec.vic.gov.au/results/state-election-results/2022-state-election-results/results-by-district/mornington-district-results
Mornington,"SINCLAIR, Harry",Australian Greens,2677,0.0636,GRN,GRN,,False,https://www.vec.vic.gov.au/results/state-election-results/2022-state-election-results/results-by-district/mornington-district-results
Mornington,"FOWLER, Georgia",Australian Labor Party - Victorian Branch,9246,0.2198,ALP,ALP,,False,https://www.vec.vic.gov.au/results/state-election-results/2022-state-election-results/results-by-district/mornington-district-results
Morwell,"HARRIMAN, Dale",Liberal,6710,0.1551,LNP,LIB,,False,https://www.vec.vic.gov.au/results/state-election-results/2022-state-election-results/results-by-district/morwell-district-results
Morwell,"CAMERON, Martin",The Nationals,9902,0.2289,LNP,NAT,,False,https://www.vec.vic.gov.au/results/state-election-results/2022-state-election-results/results-by-district/morwell-district-results
Morwell,"MAIDANA, Alex",Freedom Party of Victoria,900,0.0208,OTH,OTH_FPV,RIGHT,False,https://www.vec.vic.gov.au/results/state-election-results/2022-state-election-results/results-by-district/morwell-district-results
Morwell,"HINE, Rochelle",Australian Greens,1830,0.042300000000000004,GRN,GRN,,False,https://www.vec.vic.gov.au/results/state-election-results/2022-state-election-results/results-by-district/morwell-district-results
Morwell,"PROCTOR, Lisa",,469,0.0108,OTH,IND_MINOR,UNKNOWN,True,https://www.vec.vic.gov.au/results/state-election-results/2022-state-election-results/results-by-district/morwell-district-results
Morwell,"CLARKE, Brendan",Family First Victoria,749,0.0173,OTH,OTH_FFPA,RIGHT,False,https://www.vec.vic.gov.au/results/state-election-results/2022-state-election-results/results-by-district/morwell-district-results
Morwell,"McAULIFFE, Jessica",Animal Justice Party,687,0.0159,OTH,OTH_AJP,CENTRE_LEFT,False,https://www.vec.vic.gov.au/results/state-election-results/2022-state-election-results/results-by-district/morwell-district-results
Morwell,"MAXFIELD, Kate",Australian Labor Party - Victorian Branch,13601,0.3144,ALP,ALP,,False,https://www.vec.vic.gov.au/results/state-election-results/2022-state-election-results/results-by-district/morwell-district-results
Morwell,"GIBSON, Sharon",,2515,0.0581,IND,IND_MINOR,UNKNOWN,True,https://www.vec.vic.gov.au/results/state-election-results/2022-state-election-results/results-by-district/morwell-district-results
Morwell,"LUND, Tracie",,1206,0.0279,OTH,IND_MINOR,UNKNOWN,True,https://www.vec.vic.gov.au/results/state-election-results/2022-state-election-results/results-by-district/morwell-district-results
Morwell,"HICKEN, Allan",Pauline Hanson's One Nation,2648,0.061200000000000004,ON,ON,,False,https://www.vec.vic.gov.au/results/state-election-results/2022-state-election-results/results-by-district/morwell-district-results
Morwell,"SNELLING, David","Shooters, Fishers & Farmers Vic",2044,0.0472,OTH,OTH_ASP,CENTRE_RIGHT,False,https://www.vec.vic.gov.au/results/state-election-results/2022-state-election-results/results-by-district/morwell-district-results
Mulgrave,"ANDREWS, Daniel",Australian Labor Party - Victorian Branch,19360,0.5104946735576416,ALP,ALP,,False,https://www.vec.vic.gov.au/results/state-election-results/2022-state-election-results/results-by-district/mulgrave-district-results
Mulgrave,"KING, Andrew",,169,0.004456280983018669,OTH,IND_MINOR,UNKNOWN,True,https://www.vec.vic.gov.au/results/state-election-results/2022-state-election-results/results-by-district/mulgrave-district-results
Mulgrave,"ISMA, Ezra J. D.",,91,0.002399535913933129,OTH,IND_MINOR,UNKNOWN,True,https://www.vec.vic.gov.au/results/state-election-results/2022-state-election-results/results-by-district/mulgrave-district-results
Mulgrave,"MOODY, Anne",,139,0.0036652251872165385,OTH,IND_MINOR,UNKNOWN,True,https://www.vec.vic.gov.au/results/state-election-results/2022-state-election-results/results-by-district/mulgrave-district-results
Mulgrave,"COOK, Ian",,6842,0.18041345849593926,IND,IND_MINOR,UNKNOWN,True,https://www.vec.vic.gov.au/results/state-election-results/2022-state-election-results/results-by-district/mulgrave-district-results
Mulgrave,"TOSCANO, Joseph",,154,0.004060753085117603,OTH,IND_MINOR,UNKNOWN,True,https://www.vec.vic.gov.au/results/state-election-results/2022-state-election-results/results-by-district/mulgrave-district-results
Mulgrave,"MOULD, David",Animal Justice Party,420,0.011074781141229829,OTH,OTH_AJP,CENTRE_LEFT,False,https://www.vec.vic.gov.au/results/state-election-results/2022-state-election-results/results-by-district/mulgrave-district-results
Mulgrave,"FOREMAN, Jane",Family First Victoria,745,0.019644552262419575,OTH,OTH_FFPA,RIGHT,False,https://www.vec.vic.gov.au/results/state-election-results/2022-state-election-results/results-by-district/mulgrave-district-results
Mulgrave,"LIM, Robert",Australian Greens,1920,0.05062757093133636,GRN,GRN,,False,https://www.vec.vic.gov.au/results/state-election-results/2022-state-election-results/results-by-district/mulgrave-district-results
Mulgrave,"WOOD, Maree",Labour DLP,328,0.008648876700769961,OTH,OTH_DLP,RIGHT,False,https://www.vec.vic.gov.au/results/state-election-results/2022-state-election-results/results-by-district/mulgrave-district-results
Mulgrave,"PIASTRINO, Michael",Liberal,6511,0.17168547621558908,LNP,LIB,,False,https://www.vec.vic.gov.au/results/state-election-results/2022-state-election-results/results-by-district/mulgrave-district-results
Mulgrave,"THEODOSSOPOULOU, Fotini",,304,0.008016032064128256,OTH,IND_MINOR,UNKNOWN,True,https://www.vec.vic.gov.au/results/state-election-results/2022-state-election-results/results-by-district/mulgrave-district-results
Mulgrave,"LEE, Howard",,119,0.0031378546566817847,OTH,IND_MINOR,UNKNOWN,True,https://www.vec.vic.gov.au/results/state-election-results/2022-state-election-results/results-by-district/mulgrave-district-results
Mulgrave,"McLINDON, Aidan",Freedom Party of Victoria,822,0.02167492880497838,OTH,OTH_FPV,RIGHT,False,https://www.vec.vic.gov.au/results/state-election-results/2022-state-election-results/results-by-district/mulgrave-district-results
Murray Plains,"MacPHERSON, Cameron",Family First Victoria,2573,0.06403524053657202,OTH,OTH_FFPA,RIGHT,False,https://www.vec.vic.gov.au/results/state-election-results/2022-state-election-results/results-by-district/murray-plains-district-results
Murray Plains,"BISH, Katia",Freedom Party of Victoria,1751,0.04357781040790423,OTH,OTH_FPV,RIGHT,False,https://www.vec.vic.gov.au/results/state-election-results/2022-state-election-results/results-by-district/murray-plains-district-results
Murray Plains,"HURRELL, Damien",Australian Labor Party - Victorian Branch,7545,0.18777531669196884,ALP,ALP,,False,https://www.vec.vic.gov.au/results/state-election-results/2022-state-election-results/results-by-district/murray-plains-district-results
Murray Plains,"LEUNG, Glenys",Animal Justice Party,902,0.022448420895448098,OTH,OTH_AJP,CENTRE_LEFT,False,https://www.vec.vic.gov.au/results/state-election-results/2022-state-election-results/results-by-district/murray-plains-district-results
Murray Plains,"WALSH, Peter",The Nationals,24834,0.6180533087777805,LNP,NAT,,False,https://www.vec.vic.gov.au/results/state-election-results/2022-state-election-results/results-by-district/murray-plains-district-results
Murray Plains,"OTTO, Andrea",,1021,0.02541001966103382,IND,IND_MINOR,UNKNOWN,True,https://www.vec.vic.gov.au/results/state-election-results/2022-state-election-results/results-by-district/murray-plains-district-results
Murray Plains,"BROWNSTEIN, John",Australian Greens,1555,0.038699883029292455,GRN,GRN,,False,https://www.vec.vic.gov.au/results/state-election-results/2022-state-election-results/results-by-district/murray-plains-district-results
Narracan,"ABELMAN, Michael",Liberal Democrats,1325,0.035613492810106166,OTH,OTH_LTP,RIGHT,False,https://www.vec.vic.gov.au/results/state-election-results/state-by-elections-timeline/narracan-district-supplementary-election-results
Narracan,"WOLFE, Tony",,4110,0.11046902298078215,IND,IND_MINOR,UNKNOWN,True,https://www.vec.vic.gov.au/results/state-election-results/state-by-elections-timeline/narracan-district-supplementary-election-results
Narracan,"WEAVER, Alyssa",Australian Greens,4132,0.11106034135196882,GRN,GRN,,False,https://www.vec.vic.gov.au/results/state-election-results/state-by-elections-timeline/narracan-district-supplementary-election-results
Narracan,"CRAM, Austin",Animal Justice Party,849,0.02281951350624916,OTH,OTH_AJP,CENTRE_LEFT,False,https://www.vec.vic.gov.au/results/state-election-results/state-by-elections-timeline/narracan-district-supplementary-election-results
Narracan,"DE WIT, Sophia Camille",Labour DLP,2641,0.07098508265018143,OTH,OTH_DLP,RIGHT,False,https://www.vec.vic.gov.au/results/state-election-results/state-by-elections-timeline/narracan-district-supplementary-election-results
Narracan,"MURPHY, Casey",Pauline Hanson's One Nation,2246,0.06036823007660261,ON,ON,,False,https://www.vec.vic.gov.au/results/state-election-results/state-by-elections-timeline/narracan-district-supplementary-election-results
Narracan,"HONEY, Ian",,381,0.010240559064641849,OTH,IND_MINOR,UNKNOWN,True,https://www.vec.vic.gov.au/results/state-election-results/state-by-elections-timeline/narracan-district-supplementary-election-results
Narracan,"CLARKE, Brendan",Family First Victoria,1089,0.029270259373740087,OTH,OTH_FFPA,RIGHT,False,https://www.vec.vic.gov.au/results/state-election-results/state-by-elections-timeline/narracan-district-supplementary-election-results
Narracan,"BLACKWELL, Leonie",Freedom Party of Victoria,2254,0.060583254938852305,OTH,OTH_FPV,RIGHT,False,https://www.vec.vic.gov.au/results/state-election-results/state-by-elections-timeline/narracan-district-supplementary-election-results
Narracan,"FARNHAM, Wayne",Liberal,16741,0.44996640236527347,LNP,LIB,,False,https://www.vec.vic.gov.au/results/state-election-results/state-by-elections-timeline/narracan-district-supplementary-election-results
Narracan,"McCABE, Annemarie",,1437,0.03862384088160194,OTH,IND_MINOR,UNKNOWN,True,https://www.vec.vic.gov.au/results/state-election-results/state-by-elections-timeline/narracan-district-supplementary-election-results
Narre Warren North,"WILSON, Belinda",Australian Labor Party - Victorian Branch,19350,0.4677302393038434,ALP,ALP,,False,https://www.vec.vic.gov.au/results/state-election-results/2022-state-election-results/results-by-district/narre-warren-north-district-results
Narre Warren North,"ZMEGAC, Andrew",Labour DLP,1191,0.028788977519941986,OTH,OTH_DLP,RIGHT,False,https://www.vec.vic.gov.au/results/state-election-results/2022-state-election-results/results-by-district/narre-warren-north-district-results
Narre Warren North,"RUYTER, Monique","Shooters, Fishers & Farmers Vic",772,0.018660865361372975,OTH,OTH_ASP,CENTRE_RIGHT,False,https://www.vec.vic.gov.au/results/state-election-results/2022-state-election-results/results-by-district/narre-warren-north-district-results
Narre Warren North,"CAPON, Stephen",,906,0.02189992748368383,IND,IND_MINOR,UNKNOWN,True,https://www.vec.vic.gov.au/results/state-election-results/2022-state-election-results/results-by-district/narre-warren-north-district-results
Narre Warren North,"GARDNER, Sheree",Animal Justice Party,978,0.023640319071791153,OTH,OTH_AJP,CENTRE_LEFT,False,https://www.vec.vic.gov.au/results/state-election-results/2022-state-election-results/results-by-district/narre-warren-north-district-results
Narre Warren North,"ELKINS, Christine",Family First Victoria,1530,0.03698332124728064,OTH,OTH_FFPA,RIGHT,False,https://www.vec.vic.gov.au/results/state-election-results/2022-state-election-results/results-by-district/narre-warren-north-district-results
Narre Warren North,"PARKER, Craig",Freedom Party of Victoria,1218,0.029441624365482234,OTH,OTH_FPV,RIGHT,False,https://www.vec.vic.gov.au/results/state-election-results/2022-state-election-results/results-by-district/narre-warren-north-district-results
Narre Warren North,"MATULEC, Stephen",Liberal Democrats,1325,0.03202803964225284,OTH,OTH_LTP,RIGHT,False,https://www.vec.vic.gov.au/results/state-election-results/2022-state-election-results/results-by-district/narre-warren-north-district-results
Narre Warren North,"DRAGAN, Timothy",Liberal,11291,0.27292724196277496,LNP,LIB,,False,https://www.vec.vic.gov.au/results/state-election-results/2022-state-election-results/results-by-district/narre-warren-north-district-results
Narre Warren North,"McLEAN, Laura",Australian Greens,2809,0.06789944404157602,GRN,GRN,,False,https://www.vec.vic.gov.au/results/state-election-results/2022-state-election-results/results-by-district/narre-warren-north-district-results
Narre Warren South,"HARVEY, Jacqueline",Family First Victoria,2495,0.05821414405375767,OTH,OTH_FFPA,RIGHT,False,https://www.vec.vic.gov.au/results/state-election-results/2022-state-election-results/results-by-district/narre-warren-south-district-results
Narre Warren South,"SKROBO, Christine",Liberal Democrats,1212,0.028278774586434588,OTH,OTH_LTP,RIGHT,False,https://www.vec.vic.gov.au/results/state-election-results/2022-state-election-results/results-by-district/narre-warren-south-district-results
Narre Warren South,"BAKER-PEARCE, Tylere",,290,0.00676637345715019,IND,IND_MINOR,UNKNOWN,True,https://www.vec.vic.gov.au/results/state-election-results/2022-state-election-results/results-by-district/narre-warren-south-district-results
Narre Warren South,"SAMUEL, Annette",Liberal,12280,0.2865209174269115,LNP,LIB,,False,https://www.vec.vic.gov.au/results/state-election-results/2022-state-election-results/results-by-district/narre-warren-south-district-results
Narre Warren South,"MAAS, Gary",Australian Labor Party - Victorian Branch,20562,0.47975921043421454,ALP,ALP,,False,https://www.vec.vic.gov.au/results/state-election-results/2022-state-election-results/results-by-district/narre-warren-south-district-results
Narre Warren South,"GALLAGHER, Michael",Animal Justice Party,1048,0.024452273734804825,OTH,OTH_AJP,CENTRE_LEFT,False,https://www.vec.vic.gov.au/results/state-election-results/2022-state-election-results/results-by-district/narre-warren-south-district-results
Narre Warren South,"MOORE, Susanna",Australian Greens,2836,0.06617046594647566,GRN,GRN,,False,https://www.vec.vic.gov.au/results/state-election-results/2022-state-election-results/results-by-district/narre-warren-south-district-results
Narre Warren South,"HANSEN, Geoff",Freedom Party of Victoria,2136,0.04983784036025105,OTH,OTH_FPV,RIGHT,False,https://www.vec.vic.gov.au/results/state-election-results/2022-state-election-results/results-by-district/narre-warren-south-district-results
Nepean,"MILLER, Jay",Companions and Pets Party,526,0.012902909287151057,OTH,OTH_CPP,CENTRE_LEFT,False,https://www.vec.vic.gov.au/results/state-election-results/2022-state-election-results/results-by-district/nepean-district-results
Nepean,"DIJKMAN, Janny",Family First Victoria,638,0.015650296815974095,OTH,OTH_FFPA,RIGHT,False,https://www.vec.vic.gov.au/results/state-election-results/2022-state-election-results/results-by-district/nepean-district-results
Nepean,"ENGELANDER, Pamela",Animal Justice Party,720,0.01766177697100525,OTH,OTH_AJP,CENTRE_LEFT,False,https://www.vec.vic.gov.au/results/state-election-results/2022-state-election-results/results-by-district/nepean-district-results
Nepean,"AINSLIE, Charelle",,449,0.011014080361085218,OTH,IND_MINOR,UNKNOWN,True,https://www.vec.vic.gov.au/results/state-election-results/2022-state-election-results/results-by-district/nepean-district-results
Nepean,"GROTH, Sam",Liberal,19614,0.4811362409851347,LNP,LIB,,False,https://www.vec.vic.gov.au/results/state-election-results/2022-state-election-results/results-by-district/nepean-district-results
Nepean,"GLEIXNER, Esther",Australian Greens,3576,0.08772015895599274,GRN,GRN,,False,https://www.vec.vic.gov.au/results/state-election-results/2022-state-election-results/results-by-district/nepean-district-results
Nepean,"ANGER, Steve",,91,0.002232252367168719,OTH,IND_MINOR,UNKNOWN,True,https://www.vec.vic.gov.au/results/state-election-results/2022-state-election-results/results-by-district/nepean-district-results
Nepean,"LEINE, Hank",Freedom Party of Victoria,980,0.02403964087720159,OTH,OTH_FPV,RIGHT,False,https://www.vec.vic.gov.au/results/state-election-results/2022-state-election-results/results-by-district/nepean-district-results
Nepean,"WOOLCOCK, Elizabeth",,495,0.012142471667566108,IND,IND_MINOR,UNKNOWN,True,https://www.vec.vic.gov.au/results/state-election-results/2022-state-election-results/results-by-district/nepean-district-results
Nepean,"BRAYNE, Chris",Australian Labor Party - Victorian Branch,13308,0.32644851101408034,ALP,ALP,,False,https://www.vec.vic.gov.au/results/state-election-results/2022-state-election-results/results-by-district/nepean-district-results
Nepean,"SKRUZNY, Cynthia",Labour DLP,369,0.00905166069764019,OTH,OTH_DLP,RIGHT,False,https://www.vec.vic.gov.au/results/state-election-results/2022-state-election-results/results-by-district/nepean-district-results
Niddrie,"MAUGERI, Frank",Freedom Party of Victoria,1899,0.045,OTH,OTH_FPV,RIGHT,False,https://www.vec.vic.gov.au/results/state-election-results/2022-state-election-results/results-by-district/niddrie-district-results
Niddrie,"KRUSE, Holly",Labour DLP,1172,0.0277,OTH,OTH_DLP,RIGHT,False,https://www.vec.vic.gov.au/results/state-election-results/2022-state-election-results/results-by-district/niddrie-district-results
Niddrie,"CARROLL, Ben",Australian Labor Party - Victorian Branch,18567,0.4395,ALP,ALP,,False,https://www.vec.vic.gov.au/results/state-election-results/2022-state-election-results/results-by-district/niddrie-district-results
Niddrie,"REICH, Brad",Victorian Socialists,966,0.0229,OTH,OTH_VNS,LEFT,False,https://www.vec.vic.gov.au/results/state-election-results/2022-state-election-results/results-by-district/niddrie-district-results
Niddrie,"MEILAK, Shannon",Animal Justice Party,812,0.0192,OTH,OTH_AJP,CENTRE_LEFT,False,https://www.vec.vic.gov.au/results/state-election-results/2022-state-election-results/results-by-district/niddrie-district-results
Niddrie,"GARCIA, Joanne",Family First Victoria,1096,0.0259,OTH,OTH_FFPA,RIGHT,False,https://www.vec.vic.gov.au/results/state-election-results/2022-state-election-results/results-by-district/niddrie-district-results
Niddrie,"GRAMMENOS, Georgia",New Democrats,269,0.0064,OTH,OTH_ND,CENTRE,False,https://www.vec.vic.gov.au/results/state-election-results/2022-state-election-results/results-by-district/niddrie-district-results
Niddrie,"YOUHANA, Alan",Liberal,14344,0.3396,LNP,LIB,,False,https://www.vec.vic.gov.au/results/state-election-results/2022-state-election-results/results-by-district/niddrie-district-results
Niddrie,"McGINNESS, Declan",Australian Greens,3117,0.0738,GRN,GRN,,False,https://www.vec.vic.gov.au/results/state-election-results/2022-state-election-results/results-by-district/niddrie-district-results
Northcote,"WHITEHEAD, Adrian",,518,0.0121,IND,IND_MINOR,UNKNOWN,True,https://www.vec.vic.gov.au/results/state-election-results/2022-state-election-results/results-by-district/northcote-district-results
Northcote,"NTOUNI, Anastacia",Freedom Party of Victoria,729,0.0171,OTH,OTH_FPV,RIGHT,False,https://www.vec.vic.gov.au/results/state-election-results/2022-state-election-results/results-by-district/northcote-district-results
Northcote,"GOME, Campbell",Australian Greens,12797,0.30010000000000003,GRN,GRN,,False,https://www.vec.vic.gov.au/results/state-election-results/2022-state-election-results/results-by-district/northcote-district-results
Northcote,"OSECKAS, Tim",Animal Justice Party,757,0.0178,OTH,OTH_AJP,CENTRE_LEFT,False,https://www.vec.vic.gov.au/results/state-election-results/2022-state-election-results/results-by-district/northcote-district-results
Northcote,"LARKIN, Kath",Victorian Socialists,2776,0.06509999999999999,OTH,OTH_VNS,LEFT,False,https://www.vec.vic.gov.au/results/state-election-results/2022-state-election-results/results-by-district/northcote-district-results
Northcote,"CAVE, Anthony",Liberal Democrats,530,0.0124,OTH,OTH_LTP,RIGHT,False,https://www.vec.vic.gov.au/results/state-election-results/2022-state-election-results/results-by-district/northcote-district-results
Northcote,"THEOPHANOUS, Kat",Australian Labor Party - Victorian Branch,17303,0.4058,ALP,ALP,,False,https://www.vec.vic.gov.au/results/state-election-results/2022-state-election-results/results-by-district/northcote-district-results
Northcote,"ASHTON, Kathrine",Family First Victoria,408,0.0096,OTH,OTH_FFPA,RIGHT,False,https://www.vec.vic.gov.au/results/state-election-results/2022-state-election-results/results-by-district/northcote-district-results
Northcote,"CLARKE, April",Fiona Patten's Reason Party,1539,0.0361,OTH,OTH_REASON,CENTRE_LEFT,False,https://www.vec.vic.gov.au/results/state-election-results/2022-state-election-results/results-by-district/northcote-district-results
Northcote,"TODHUNTER, Stewart",Liberal,5205,0.12210000000000001,LNP,LIB,,False,https://www.vec.vic.gov.au/results/state-election-results/2022-state-election-results/results-by-district/northcote-district-results
Northcote,"VERMA, Ashish",,80,0.0019,OTH,IND_MINOR,UNKNOWN,True,https://www.vec.vic.gov.au/results/state-election-results/2022-state-election-results/results-by-district/northcote-district-results
Oakleigh,"MURPHY, Dominique",,1084,0.024700000000000003,IND,IND_MINOR,UNKNOWN,True,https://www.vec.vic.gov.au/results/state-election-results/2022-state-election-results/results-by-district/oakleigh-district-results
Oakleigh,"DIMOPOULOS, Steve",Australian Labor Party - Victorian Branch,19778,0.45039999999999997,ALP,ALP,,False,https://www.vec.vic.gov.au/results/state-election-results/2022-state-election-results/results-by-district/oakleigh-district-results
Oakleigh,"SOK, Edward",Family First Victoria,904,0.0206,OTH,OTH_FFPA,RIGHT,False,https://www.vec.vic.gov.au/results/state-election-results/2022-state-election-results/results-by-district/oakleigh-district-results
Oakleigh,"GRIVOKOSTOPOULOS, Jim",Liberal,12848,0.2926,LNP,LIB,,False,https://www.vec.vic.gov.au/results/state-election-results/2022-state-election-results/results-by-district/oakleigh-district-results
Oakleigh,"KIOUPELIS, Parashos",,234,0.0053,OTH,IND_MINOR,UNKNOWN,True,https://www.vec.vic.gov.au/results/state-election-results/2022-state-election-results/results-by-district/oakleigh-district-results
Oakleigh,"HSIEH, Hsiang-Han",Australian Greens,7278,0.16570000000000001,GRN,GRN,,False,https://www.vec.vic.gov.au/results/state-election-results/2022-state-election-results/results-by-district/oakleigh-district-results
Oakleigh,"FABB, Loraine",Animal Justice Party,1014,0.0231,OTH,OTH_AJP,CENTRE_LEFT,False,https://www.vec.vic.gov.au/results/state-election-results/2022-state-election-results/results-by-district/oakleigh-district-results
Oakleigh,"JACOBS, Anthony Charles",Freedom Party of Victoria,770,0.0175,OTH,OTH_FPV,RIGHT,False,https://www.vec.vic.gov.au/results/state-election-results/2022-state-election-results/results-by-district/oakleigh-district-results
Ovens Valley,"McCURDY, Tim",The Nationals,21061,0.5215442523896786,LNP,NAT,,False,https://www.vec.vic.gov.au/results/state-election-results/2022-state-election-results/results-by-district/ovens-valley-district-results
Ovens Valley,"BUGGE, Mark",Freedom Party of Victoria,1925,0.04766975385072557,OTH,OTH_FPV,RIGHT,False,https://www.vec.vic.gov.au/results/state-election-results/2022-state-election-results/results-by-district/ovens-valley-district-results
Ovens Valley,"WISE, Anna",Family First Victoria,1402,0.03471843890842455,OTH,OTH_FFPA,RIGHT,False,https://www.vec.vic.gov.au/results/state-election-results/2022-state-election-results/results-by-district/ovens-valley-district-results
Ovens Valley,"LESCHEN, Zuvele",Australian Labor Party - Victorian Branch,8370,0.20727056609380418,ALP,ALP,,False,https://www.vec.vic.gov.au/results/state-election-results/2022-state-election-results/results-by-district/ovens-valley-district-results
Ovens Valley,"SLATER, Aisha",Animal Justice Party,1009,0.024986380070328364,OTH,OTH_AJP,CENTRE_LEFT,False,https://www.vec.vic.gov.au/results/state-election-results/2022-state-election-results/results-by-district/ovens-valley-district-results
Ovens Valley,"KROMAR, Zoe",Australian Greens,3624,0.08974295478183349,GRN,GRN,,False,https://www.vec.vic.gov.au/results/state-election-results/2022-state-election-results/results-by-district/ovens-valley-district-results
Ovens Valley,"FIDGE, Julian",Liberal Democrats,2991,0.07406765390520528,OTH,OTH_LTP,RIGHT,False,https://www.vec.vic.gov.au/results/state-election-results/2022-state-election-results/results-by-district/ovens-valley-district-results
Pakenham,"FARRELLY, David",Liberal,12605,0.3243,LNP,LIB,,False,https://www.vec.vic.gov.au/results/state-election-results/2022-state-election-results/results-by-district/pakenham-district-results
Pakenham,"PLEDGER-FIRTH, Hannah",Animal Justice Party,978,0.0252,OTH,OTH_AJP,CENTRE_LEFT,False,https://www.vec.vic.gov.au/results/state-election-results/2022-state-election-results/results-by-district/pakenham-district-results
Pakenham,"MAIBAUM, Michelle",Australian Greens,2571,0.0661,GRN,GRN,,False,https://www.vec.vic.gov.au/results/state-election-results/2022-state-election-results/results-by-district/pakenham-district-results
Pakenham,"GORE, Christopher",Family First Victoria,1218,0.0313,OTH,OTH_FFPA,RIGHT,False,https://www.vec.vic.gov.au/results/state-election-results/2022-state-election-results/results-by-district/pakenham-district-results
Pakenham,"CLARKE, Sammi",Freedom Party of Victoria,956,0.0246,OTH,OTH_FPV,RIGHT,False,https://www.vec.vic.gov.au/results/state-election-results/2022-state-election-results/results-by-district/pakenham-district-results
Pakenham,"OWEN, Brett",,3157,0.0812,IND,IND_MINOR,UNKNOWN,True,https://www.vec.vic.gov.au/results/state-election-results/2022-state-election-results/results-by-district/pakenham-district-results
Pakenham,"VULIN, Emma",Australian Labor Party - Victorian Branch,13151,0.33840000000000003,ALP,ALP,,False,https://www.vec.vic.gov.au/results/state-election-results/2022-state-election-results/results-by-district/pakenham-district-results
Pakenham,"SAGOO, Rajvir Singh",,234,0.006,OTH,IND_MINOR,UNKNOWN,True,https://www.vec.vic.gov.au/results/state-election-results/2022-state-election-results/results-by-district/pakenham-district-results
Pakenham,"SARKESHIK, Sarasadat",Labour DLP,666,0.0171,OTH,OTH_DLP,RIGHT,False,https://www.vec.vic.gov.au/results/state-election-results/2022-state-election-results/results-by-district/pakenham-district-results
Pakenham,"SILADJI, Angela",Pauline Hanson's One Nation,1321,0.034,ON,ON,,False,https://www.vec.vic.gov.au/results/state-election-results/2022-state-election-results/results-by-district/pakenham-district-results
Pakenham,"SMITH, Elissa",Legalise Cannabis Victoria,2010,0.051699999999999996,OTH,OTH_HMP,CENTRE_LEFT,False,https://www.vec.vic.gov.au/results/state-election-results/2022-state-election-results/results-by-district/pakenham-district-results
Pascoe Vale,"HAH, Madaleine",Victorian Socialists,2228,0.0553,OTH,OTH_VNS,LEFT,False,https://www.vec.vic.gov.au/results/state-election-results/2022-state-election-results/results-by-district/pascoe-vale-district-results
Pascoe Vale,"WRIGHT, Tom",Liberal,8461,0.2101,LNP,LIB,,False,https://www.vec.vic.gov.au/results/state-election-results/2022-state-election-results/results-by-district/pascoe-vale-district-results
Pascoe Vale,"CIMBARO, Richard",Family First Victoria,1080,0.0268,OTH,OTH_FFPA,RIGHT,False,https://www.vec.vic.gov.au/results/state-election-results/2022-state-election-results/results-by-district/pascoe-vale-district-results
Pascoe Vale,"ADAMS, Elizabeth",Animal Justice Party,889,0.022099999999999998,OTH,OTH_AJP,CENTRE_LEFT,False,https://www.vec.vic.gov.au/results/state-election-results/2022-state-election-results/results-by-district/pascoe-vale-district-results
Pascoe Vale,"GLOVER, Margee",Fiona Patten's Reason Party,1281,0.0318,OTH,OTH_REASON,CENTRE_LEFT,False,https://www.vec.vic.gov.au/results/state-election-results/2022-state-election-results/results-by-district/pascoe-vale-district-results
Pascoe Vale,"BOLTON, Sue",,1689,0.04190000000000001,IND,IND_MINOR,UNKNOWN,True,https://www.vec.vic.gov.au/results/state-election-results/2022-state-election-results/results-by-district/pascoe-vale-district-results
Pascoe Vale,"CIANFLONE, Anthony",Australian Labor Party - Victorian Branch,15611,0.3876,ALP,ALP,,False,https://www.vec.vic.gov.au/results/state-election-results/2022-state-election-results/results-by-district/pascoe-vale-district-results
Pascoe Vale,"PANOPOULOS, Angelica",Australian Greens,9034,0.2243,GRN,GRN,,False,https://www.vec.vic.gov.au/results/state-election-results/2022-state-election-results/results-by-district/pascoe-vale-district-results
Point Cook,"CRONKWRIGHT, Carolyn",Family First Victoria,1496,0.0383,OTH,OTH_FFPA,RIGHT,False,https://www.vec.vic.gov.au/results/state-election-results/2022-state-election-results/results-by-district/point-cook-district-results
Point Cook,"BEECH, Terri",Animal Justice Party,804,0.0206,OTH,OTH_AJP,CENTRE_LEFT,False,https://www.vec.vic.gov.au/results/state-election-results/2022-state-election-results/results-by-district/point-cook-district-results
Point Cook,"KHAN, Shamsher",Australian Greens,2657,0.068,GRN,GRN,,False,https://www.vec.vic.gov.au/results/state-election-results/2022-state-election-results/results-by-district/point-cook-district-results
Point Cook,"ZHAO, Larry",,814,0.0208,OTH,IND_MINOR,UNKNOWN,True,https://www.vec.vic.gov.au/results/state-election-results/2022-state-election-results/results-by-district/point-cook-district-results
Point Cook,"NEWHOUSE, Angela",Liberal,9651,0.2468,LNP,LIB,,False,https://www.vec.vic.gov.au/results/state-election-results/2022-state-election-results/results-by-district/point-cook-district-results
Point Cook,"McAULAY, Alex",Victorian Socialists,1399,0.0358,OTH,OTH_VNS,LEFT,False,https://www.vec.vic.gov.au/results/state-election-results/2022-state-election-results/results-by-district/point-cook-district-results
Point Cook,"GATTI, Lisa Jane",Transport Matters,245,0.0063,OTH,OTH_TM,CENTRE,False,https://www.vec.vic.gov.au/results/state-election-results/2022-state-election-results/results-by-district/point-cook-district-results
Point Cook,"LAW, Emma",Health Australia Party,383,0.0098,OTH,OTH_HAP,RIGHT,True,https://www.vec.vic.gov.au/results/state-election-results/2022-state-election-results/results-by-district/point-cook-district-results
Point Cook,"CHAUDHARY, Rakhi P.",New Democrats,358,0.0092,OTH,OTH_ND,CENTRE,False,https://www.vec.vic.gov.au/results/state-election-results/2022-state-election-results/results-by-district/point-cook-district-results
Point Cook,"HILAKARI, Mathew",Australian Labor Party - Victorian Branch,15657,0.4004,ALP,ALP,,False,https://www.vec.vic.gov.au/results/state-election-results/2022-state-election-results/results-by-district/point-cook-district-results
Point Cook,"ABDULOVSKI, Adrian",Freedom Party of Victoria,571,0.0146,OTH,OTH_FPV,RIGHT,False,https://www.vec.vic.gov.au/results/state-election-results/2022-state-election-results/results-by-district/point-cook-district-results
Point Cook,"SAWANT, Shwetali",,469,0.012,OTH,IND_MINOR,UNKNOWN,True,https://www.vec.vic.gov.au/results/state-election-results/2022-state-election-results/results-by-district/point-cook-district-results
Point Cook,"GRIMLEY, Scott",Derryn Hinch's Justice Party,514,0.0131,OTH,OTH_DHJP,CENTRE_RIGHT,False,https://www.vec.vic.gov.au/results/state-election-results/2022-state-election-results/results-by-district/point-cook-district-results
Point Cook,"HAMMAN, Daniel",Labour DLP,1369,0.035,OTH,OTH_DLP,RIGHT,False,https://www.vec.vic.gov.au/results/state-election-results/2022-state-election-results/results-by-district/point-cook-district-results
Point Cook,"GARRA, Joe",,2712,0.0694,IND,IND_MINOR,UNKNOWN,True,https://www.vec.vic.gov.au/results/state-election-results/2022-state-election-results/results-by-district/point-cook-district-results
Polwarth,"McALLISTER, Hilary",Australian Greens,7661,0.16649999999999998,GRN,GRN,,False,https://www.vec.vic.gov.au/results/state-election-results/2022-state-election-results/results-by-district/polwarth-district-results
Polwarth,"BORSOS, Denes C.",,2017,0.0438,IND,IND_MINOR,UNKNOWN,True,https://www.vec.vic.gov.au/results/state-election-results/2022-state-election-results/results-by-district/polwarth-district-results
Polwarth,"HUNTER, Hollie",Family First Victoria,1166,0.0253,OTH,OTH_FFPA,RIGHT,False,https://www.vec.vic.gov.au/results/state-election-results/2022-state-election-results/results-by-district/polwarth-district-results
Polwarth,"HUSSEIN, Hutch",Australian Labor Party - Victorian Branch,13484,0.29309999999999997,ALP,ALP,,False,https://www.vec.vic.gov.au/results/state-election-results/2022-state-election-results/results-by-district/polwarth-district-results
Polwarth,"ATCHISON, Elisha",Animal Justice Party,1101,0.0239,OTH,OTH_AJP,CENTRE_LEFT,False,https://www.vec.vic.gov.au/results/state-election-results/2022-state-election-results/results-by-district/polwarth-district-results
Polwarth,"REMENYI, Joseph Vincent",Derryn Hinch's Justice Party,1033,0.0225,OTH,OTH_DHJP,CENTRE_RIGHT,False,https://www.vec.vic.gov.au/results/state-election-results/2022-state-election-results/results-by-district/polwarth-district-results
Polwarth,"RIORDAN, Richard",Liberal,19540,0.42479999999999996,LNP,LIB,,False,https://www.vec.vic.gov.au/results/state-election-results/2022-state-election-results/results-by-district/polwarth-district-results
Prahran,"LE HURAY, Alice",Animal Justice Party,1263,0.0322,OTH,OTH_AJP,CENTRE_LEFT,False,https://www.vec.vic.gov.au/results/state-election-results/2022-state-election-results/results-by-district/prahran-district-results
Prahran,"LUCAS, Matthew",Liberal,12198,0.31079999999999997,LNP,LIB,,False,https://www.vec.vic.gov.au/results/state-election-results/2022-state-election-results/results-by-district/prahran-district-results
Prahran,"CHAU, Wesa",Australian Labor Party - Victorian Branch,10421,0.2656,ALP,ALP,,False,https://www.vec.vic.gov.au/results/state-election-results/2022-state-election-results/results-by-district/prahran-district-results
Prahran,"MENADUE, Alan",,449,0.011399999999999999,IND,IND_MINOR,UNKNOWN,True,https://www.vec.vic.gov.au/results/state-election-results/2022-state-election-results/results-by-district/prahran-district-results
Prahran,"HIBBINS, Sam",Australian Greens,14286,0.364,GRN,GRN,,False,https://www.vec.vic.gov.au/results/state-election-results/2022-state-election-results/results-by-district/prahran-district-results
Prahran,"EMILSEN, Ronald",Family First Victoria,626,0.016,OTH,OTH_FFPA,RIGHT,False,https://www.vec.vic.gov.au/results/state-election-results/2022-state-election-results/results-by-district/prahran-district-results
Preston,"GRECO, Gaetano",,5473,0.1373,IND,IND_MINOR,UNKNOWN,True,https://www.vec.vic.gov.au/results/state-election-results/2022-state-election-results/results-by-district/preston-district-results
Preston,"SANAGHAN, Brian",,270,0.0068000000000000005,OTH,IND_MINOR,UNKNOWN,True,https://www.vec.vic.gov.au/results/state-election-results/2022-state-election-results/results-by-district/preston-district-results
Preston,"SOLIMAN, Raouf",Family First Victoria,885,0.0222,OTH,OTH_FFPA,RIGHT,False,https://www.vec.vic.gov.au/results/state-election-results/2022-state-election-results/results-by-district/preston-district-results
Preston,"PATERSON, Patchouli",Australian Greens,6027,0.1512,GRN,GRN,,False,https://www.vec.vic.gov.au/results/state-election-results/2022-state-election-results/results-by-district/preston-district-results
Preston,"LAHIFF-JENKINS, Carmen",Fiona Patten's Reason Party,890,0.0223,OTH,OTH_REASON,CENTRE_LEFT,False,https://www.vec.vic.gov.au/results/state-election-results/2022-state-election-results/results-by-district/preston-district-results
Preston,"UNICOMB, Rachel",Animal Justice Party,822,0.0206,OTH,OTH_AJP,CENTRE_LEFT,False,https://www.vec.vic.gov.au/results/state-election-results/2022-state-election-results/results-by-district/preston-district-results
Preston,"MATIAS, Angelique",Freedom Party of Victoria,1150,0.028900000000000002,OTH,OTH_FPV,RIGHT,False,https://www.vec.vic.gov.au/results/state-election-results/2022-state-election-results/results-by-district/preston-district-results
Preston,"PALIOURAS, Amanda",Liberal,6883,0.1727,LNP,LIB,,False,https://www.vec.vic.gov.au/results/state-election-results/2022-state-election-results/results-by-district/preston-district-results
Preston,"LAMBERT, Nathan",Australian Labor Party - Victorian Branch,14999,0.3763,ALP,ALP,,False,https://www.vec.vic.gov.au/results/state-election-results/2022-state-election-results/results-by-district/preston-district-results
Preston,"PRICE, Steph",Victorian Socialists,2458,0.0617,OTH,OTH_VNS,LEFT,False,https://www.vec.vic.gov.au/results/state-election-results/2022-state-election-results/results-by-district/preston-district-results
Richmond,"VIGGERS, Lis",Animal Justice Party,934,0.0235,OTH,OTH_AJP,CENTRE_LEFT,False,https://www.vec.vic.gov.au/results/state-election-results/2022-state-election-results/results-by-district/richmond-district-results
Richmond,"WARD, Roz",Victorian Socialists,1828,0.046,OTH,OTH_VNS,LEFT,False,https://www.vec.vic.gov.au/results/state-election-results/2022-state-election-results/results-by-district/richmond-district-results
Richmond,"HO, Meca",,417,0.0105,IND,IND_MINOR,UNKNOWN,True,https://www.vec.vic.gov.au/results/state-election-results/2022-state-election-results/results-by-district/richmond-district-results
Richmond,"COWEN, Jeremy",Fiona Patten's Reason Party,1830,0.0461,OTH,OTH_REASON,CENTRE_LEFT,False,https://www.vec.vic.gov.au/results/state-election-results/2022-state-election-results/results-by-district/richmond-district-results
Richmond,"DE VIETRI, Gabrielle",Australian Greens,13771,0.34659999999999996,GRN,GRN,,False,https://www.vec.vic.gov.au/results/state-election-results/2022-state-election-results/results-by-district/richmond-district-results
Richmond,"MOON, Lucas",Liberal,7456,0.1877,LNP,LIB,,False,https://www.vec.vic.gov.au/results/state-election-results/2022-state-election-results/results-by-district/richmond-district-results
Richmond,"FREIVERTS, Markus",Family First Victoria,458,0.0115,OTH,OTH_FFPA,RIGHT,False,https://www.vec.vic.gov.au/results/state-election-results/2022-state-election-results/results-by-district/richmond-district-results
Richmond,"O'DWYER, Lauren",Australian Labor Party - Victorian Branch,13037,0.3281,ALP,ALP,,False,https://www.vec.vic.gov.au/results/state-election-results/2022-state-election-results/results-by-district/richmond-district-results
Ringwood,"RYAN, Gary",Labour DLP,1684,0.0368,OTH,OTH_DLP,RIGHT,False,https://www.vec.vic.gov.au/results/state-election-results/2022-state-election-results/results-by-district/ringwood-district-results
Ringwood,"FOWLES, Will",Australian Labor Party - Victorian Branch,17851,0.39020000000000005,ALP,ALP,,False,https://www.vec.vic.gov.au/results/state-election-results/2022-state-election-results/results-by-district/ringwood-district-results
Ringwood,"SIEMER, Robyn M.",Freedom Party of Victoria,1038,0.0227,OTH,OTH_FPV,RIGHT,False,https://www.vec.vic.gov.au/results/state-election-results/2022-state-election-results/results-by-district/ringwood-district-results
Ringwood,"WATSON, Cynthia",Liberal,15467,0.3381,LNP,LIB,,False,https://www.vec.vic.gov.au/results/state-election-results/2022-state-election-results/results-by-district/ringwood-district-results
Ringwood,"STEEN, Reuben",Australian Greens,7105,0.1553,GRN,GRN,,False,https://www.vec.vic.gov.au/results/state-election-results/2022-state-election-results/results-by-district/ringwood-district-results
Ringwood,"GRIFFITH-JONES, Richard",Family First Victoria,1396,0.0305,OTH,OTH_FFPA,RIGHT,False,https://www.vec.vic.gov.au/results/state-election-results/2022-state-election-results/results-by-district/ringwood-district-results
Ringwood,"ROWE, Nick",Animal Justice Party,1212,0.0265,OTH,OTH_AJP,CENTRE_LEFT,False,https://www.vec.vic.gov.au/results/state-election-results/2022-state-election-results/results-by-district/ringwood-district-results
Ripon,"SMITH, Luke","Shooters, Fishers & Farmers Vic",3606,0.0852,OTH,OTH_ASP,CENTRE_RIGHT,False,https://www.vec.vic.gov.au/results/state-election-results/2022-state-election-results/results-by-district/ripon-district-results
Ripon,"RIGG, Wayne",,872,0.0206,IND,IND_MINOR,UNKNOWN,True,https://www.vec.vic.gov.au/results/state-election-results/2022-state-election-results/results-by-district/ripon-district-results
Ripon,"JAMES, Earl",Australian Greens,2524,0.0596,GRN,GRN,,False,https://www.vec.vic.gov.au/results/state-election-results/2022-state-election-results/results-by-district/ripon-district-results
Ripon,"HAYLETT, Martha",Australian Labor Party - Victorian Branch,16321,0.38549999999999995,ALP,ALP,,False,https://www.vec.vic.gov.au/results/state-election-results/2022-state-election-results/results-by-district/ripon-district-results
Ripon,"WILSON, Wren Louise",Derryn Hinch's Justice Party,940,0.0222,OTH,OTH_DHJP,CENTRE_RIGHT,False,https://www.vec.vic.gov.au/results/state-election-results/2022-state-election-results/results-by-district/ripon-district-results
Ripon,"STALEY, Louise",Liberal,15305,0.3615,LNP,LIB,,False,https://www.vec.vic.gov.au/results/state-election-results/2022-state-election-results/results-by-district/ripon-district-results
Ripon,"SITTERS, Holly",Animal Justice Party,1145,0.027000000000000003,OTH,OTH_AJP,CENTRE_LEFT,False,https://www.vec.vic.gov.au/results/state-election-results/2022-state-election-results/results-by-district/ripon-district-results
Ripon,"GEORGE, Craig",Family First Victoria,1316,0.0311,OTH,OTH_FFPA,RIGHT,False,https://www.vec.vic.gov.au/results/state-election-results/2022-state-election-results/results-by-district/ripon-district-results
Ripon,"QUINCE, Bernard",,312,0.0074,OTH,IND_MINOR,UNKNOWN,True,https://www.vec.vic.gov.au/results/state-election-results/2022-state-election-results/results-by-district/ripon-district-results
Rowville,"WELLS, Kim",Liberal,17600,0.4058,LNP,LIB,,False,https://www.vec.vic.gov.au/results/state-election-results/2022-state-election-results/results-by-district/rowville-district-results
Rowville,"SEYMOUR, Nicole",,5231,0.1206,IND,IND_MINOR,UNKNOWN,True,https://www.vec.vic.gov.au/results/state-election-results/2022-state-election-results/results-by-district/rowville-district-results
Rowville,"DI CAMILLO, Angelica",Australian Greens,3055,0.0704,GRN,GRN,,False,https://www.vec.vic.gov.au/results/state-election-results/2022-state-election-results/results-by-district/rowville-district-results
Rowville,"VERMA, Mannie Kaur",Australian Labor Party - Victorian Branch,14283,0.3293,ALP,ALP,,False,https://www.vec.vic.gov.au/results/state-election-results/2022-state-election-results/results-by-district/rowville-district-results
Rowville,"SMULDERS, Peterine Elizabeth",Freedom Party of Victoria,908,0.0209,OTH,OTH_FPV,RIGHT,False,https://www.vec.vic.gov.au/results/state-election-results/2022-state-election-results/results-by-district/rowville-district-results
Rowville,"BURGESS, Stephen",Family First Victoria,1433,0.033,OTH,OTH_FFPA,RIGHT,False,https://www.vec.vic.gov.au/results/state-election-results/2022-state-election-results/results-by-district/rowville-district-results
Rowville,"GLENANE, Diane",Animal Justice Party,859,0.019799999999999998,OTH,OTH_AJP,CENTRE_LEFT,False,https://www.vec.vic.gov.au/results/state-election-results/2022-state-election-results/results-by-district/rowville-district-results
Sandringham,"REGAN, Alysia",Australian Greens,5947,0.14680325845470255,GRN,GRN,,False,https://www.vec.vic.gov.au/results/state-election-results/2022-state-election-results/results-by-district/sandringham-district-results
Sandringham,"ZMEGAC, Karla",Labour DLP,749,0.01848926191063935,OTH,OTH_DLP,RIGHT,False,https://www.vec.vic.gov.au/results/state-election-results/2022-state-election-results/results-by-district/sandringham-district-results
Sandringham,"PRESCOTT, Bettina",Australian Labor Party - Victorian Branch,10426,0.2573685509750679,ALP,ALP,,False,https://www.vec.vic.gov.au/results/state-election-results/2022-state-election-results/results-by-district/sandringham-district-results
Sandringham,"EPPINGSTALL, Barbara",Animal Justice Party,976,0.024092816588496668,OTH,OTH_AJP,CENTRE_LEFT,False,https://www.vec.vic.gov.au/results/state-election-results/2022-state-election-results/results-by-district/sandringham-district-results
Sandringham,"ROWSWELL, Brad",Liberal,18783,0.4636632930140706,LNP,LIB,,False,https://www.vec.vic.gov.au/results/state-election-results/2022-state-election-results/results-by-district/sandringham-district-results
Sandringham,"CHALMERS, Jill",Family First Victoria,714,0.017625277709207604,OTH,OTH_FFPA,RIGHT,False,https://www.vec.vic.gov.au/results/state-election-results/2022-state-election-results/results-by-district/sandringham-district-results
Sandringham,"CAMPBELL, Rodney",,115,0.0028388052332757345,OTH,IND_MINOR,UNKNOWN,True,https://www.vec.vic.gov.au/results/state-election-results/2022-state-election-results/results-by-district/sandringham-district-results
Sandringham,"MARTIN, Clarke",,2800,0.06911873611453961,IND,IND_MINOR,UNKNOWN,True,https://www.vec.vic.gov.au/results/state-election-results/2022-state-election-results/results-by-district/sandringham-district-results
Shepparton,"O'KEEFFE, Kim",The Nationals,13242,0.3206,LNP,NAT,,False,https://www.vec.vic.gov.au/results/state-election-results/2022-state-election-results/results-by-district/shepparton-district-results
Shepparton,"CHRISTOE, Ian",Australian Greens,1056,0.0256,GRN,GRN,,False,https://www.vec.vic.gov.au/results/state-election-results/2022-state-election-results/results-by-district/shepparton-district-results
Shepparton,"TAYLOR, Katherine",Animal Justice Party,515,0.0125,OTH,OTH_AJP,CENTRE_LEFT,False,https://www.vec.vic.gov.au/results/state-election-results/2022-state-election-results/results-by-district/shepparton-district-results
Shepparton,"McGRATH, Sueie",Labour DLP,882,0.021400000000000002,OTH,OTH_DLP,RIGHT,False,https://www.vec.vic.gov.au/results/state-election-results/2022-state-election-results/results-by-district/shepparton-district-results
Shepparton,"TEASDALE, Diane M.",Freedom Party of Victoria,807,0.0195,OTH,OTH_FPV,RIGHT,False,https://www.vec.vic.gov.au/results/state-election-results/2022-state-election-results/results-by-district/shepparton-district-results
Shepparton,"COWAN, Liam",Australian Labor Party - Victorian Branch,3285,0.0795,ALP,ALP,,False,https://www.vec.vic.gov.au/results/state-election-results/2022-state-election-results/results-by-district/shepparton-district-results
Shepparton,"HAMMER, Cheryl",Liberal,8491,0.20559999999999998,LNP,LIB,,False,https://www.vec.vic.gov.au/results/state-election-results/2022-state-election-results/results-by-district/shepparton-district-results
Shepparton,"SHEED, Suzanna",,12146,0.29410000000000003,IND,IND_PROMINENT,CENTRE,True,https://www.vec.vic.gov.au/results/state-election-results/2022-state-election-results/results-by-district/shepparton-district-results
Shepparton,"WHITE, Alison",Family First Victoria,877,0.0212,OTH,OTH_FFPA,RIGHT,False,https://www.vec.vic.gov.au/results/state-election-results/2022-state-election-results/results-by-district/shepparton-district-results
South Barwon,"KATOS, Andrew",Liberal,14516,0.32130000000000003,LNP,LIB,,False,https://www.vec.vic.gov.au/results/state-election-results/2022-state-election-results/results-by-district/south-barwon-district-results
South Barwon,"DEAN, Jeynelle Marie",Derryn Hinch's Justice Party,891,0.0197,OTH,OTH_DHJP,CENTRE_RIGHT,False,https://www.vec.vic.gov.au/results/state-election-results/2022-state-election-results/results-by-district/south-barwon-district-results
South Barwon,"DAWSON-SCOTT, Genevieve Frances",Australian Greens,5719,0.1266,GRN,GRN,,False,https://www.vec.vic.gov.au/results/state-election-results/2022-state-election-results/results-by-district/south-barwon-district-results
South Barwon,"BATES, Leone",Labour DLP,1099,0.024300000000000002,OTH,OTH_DLP,RIGHT,False,https://www.vec.vic.gov.au/results/state-election-results/2022-state-election-results/results-by-district/south-barwon-district-results
South Barwon,"BARRON, Alan",Family First Victoria,1338,0.0296,OTH,OTH_FFPA,RIGHT,False,https://www.vec.vic.gov.au/results/state-election-results/2022-state-election-results/results-by-district/south-barwon-district-results
South Barwon,"ADAMS, Naomi",Animal Justice Party,1076,0.023799999999999998,OTH,OTH_AJP,CENTRE_LEFT,False,https://www.vec.vic.gov.au/results/state-election-results/2022-state-election-results/results-by-district/south-barwon-district-results
South Barwon,"TOMLINSON, Simone",Freedom Party of Victoria,576,0.0127,OTH,OTH_FPV,RIGHT,False,https://www.vec.vic.gov.au/results/state-election-results/2022-state-election-results/results-by-district/south-barwon-district-results
South Barwon,"CHEESEMAN, Darren",Australian Labor Party - Victorian Branch,19969,0.44189999999999996,ALP,ALP,,False,https://www.vec.vic.gov.au/results/state-election-results/2022-state-election-results/results-by-district/south-barwon-district-results
South-West Coast,"PURCELL, James",,2737,0.0602,OTH,IND_MINOR,UNKNOWN,True,https://www.vec.vic.gov.au/results/state-election-results/2022-state-election-results/results-by-district/south-west-coast-district-results
South-West Coast,"DOUKAS, Jim",,1865,0.040999999999999995,OTH,IND_MINOR,UNKNOWN,True,https://www.vec.vic.gov.au/results/state-election-results/2022-state-election-results/results-by-district/south-west-coast-district-results
South-West Coast,"McCLUSKEY, Michael",,616,0.013500000000000002,OTH,IND_MINOR,UNKNOWN,True,https://www.vec.vic.gov.au/results/state-election-results/2022-state-election-results/results-by-district/south-west-coast-district-results
South-West Coast,"GRIMLEY, James Brash",Derryn Hinch's Justice Party,488,0.010700000000000001,OTH,OTH_DHJP,CENTRE_RIGHT,False,https://www.vec.vic.gov.au/results/state-election-results/2022-state-election-results/results-by-district/south-west-coast-district-results
South-West Coast,"ALTMANN, Carol",,6564,0.14429999999999998,IND,IND_MINOR,UNKNOWN,True,https://www.vec.vic.gov.au/results/state-election-results/2022-state-election-results/results-by-district/south-west-coast-district-results
South-West Coast,"BRUNT, Chris",Family First Victoria,924,0.0203,OTH,OTH_FFPA,RIGHT,False,https://www.vec.vic.gov.au/results/state-election-results/2022-state-election-results/results-by-district/south-west-coast-district-results
South-West Coast,"ANDERSON, Jacinta",Animal Justice Party,688,0.0151,OTH,OTH_AJP,CENTRE_LEFT,False,https://www.vec.vic.gov.au/results/state-election-results/2022-state-election-results/results-by-district/south-west-coast-district-results
South-West Coast,"GASTON, Kylie",Australian Labor Party - Victorian Branch,9640,0.2119,ALP,ALP,,False,https://www.vec.vic.gov.au/results/state-election-results/2022-state-election-results/results-by-district/south-west-coast-district-results
South-West Coast,"CAMPBELL, Thomas",Australian Greens,2457,0.054000000000000006,GRN,GRN,,False,https://www.vec.vic.gov.au/results/state-election-results/2022-state-election-results/results-by-district/south-west-coast-district-results
South-West Coast,"BRITNELL, Roma",Liberal,19517,0.429,LNP,LIB,,False,https://www.vec.vic.gov.au/results/state-election-results/2022-state-election-results/results-by-district/south-west-coast-district-results
St Albans,"KERR, Maria",Liberal,9066,0.25379999999999997,LNP,LIB,,False,https://www.vec.vic.gov.au/results/state-election-results/2022-state-election-results/results-by-district/st-albans-district-results
St Albans,"HOBART, Mark",Labour DLP,2735,0.0766,OTH,OTH_DLP,RIGHT,False,https://www.vec.vic.gov.au/results/state-election-results/2022-state-election-results/results-by-district/st-albans-district-results
St Albans,"RUDD, Van Thanh",Victorian Socialists,2367,0.0663,OTH,OTH_VNS,LEFT,False,https://www.vec.vic.gov.au/results/state-election-results/2022-state-election-results/results-by-district/st-albans-district-results
St Albans,"WALTON, Russell",Family First Victoria,1038,0.0291,OTH,OTH_FFPA,RIGHT,False,https://www.vec.vic.gov.au/results/state-election-results/2022-state-election-results/results-by-district/st-albans-district-results
St Albans,"SULEYMAN, Natalie",Australian Labor Party - Victorian Branch,15094,0.4226,ALP,ALP,,False,https://www.vec.vic.gov.au/results/state-election-results/2022-state-election-results/results-by-district/st-albans-district-results
St Albans,"MANNAN, Zaffer",New Democrats,192,0.0054,OTH,OTH_ND,CENTRE,False,https://www.vec.vic.gov.au/results/state-election-results/2022-state-election-results/results-by-district/st-albans-district-results
St Albans,"BENTLEY, Joel",Australian Greens,2416,0.0676,GRN,GRN,,False,https://www.vec.vic.gov.au/results/state-election-results/2022-state-election-results/results-by-district/st-albans-district-results
St Albans,"TACHOS, Virginia",,1152,0.0323,IND,IND_MINOR,UNKNOWN,True,https://www.vec.vic.gov.au/results/state-election-results/2022-state-election-results/results-by-district/st-albans-district-results
St Albans,"CULLEN, Kim J.",Freedom Party of Victoria,874,0.0245,OTH,OTH_FPV,RIGHT,False,https://www.vec.vic.gov.au/results/state-election-results/2022-state-election-results/results-by-district/st-albans-district-results
St Albans,"CARACASSIS, Jason",Animal Justice Party,782,0.0219,OTH,OTH_AJP,CENTRE_LEFT,False,https://www.vec.vic.gov.au/results/state-election-results/2022-state-election-results/results-by-district/st-albans-district-results
Sunbury,"MOHR, Rohanna",Animal Justice Party,1537,0.0408,OTH,OTH_AJP,CENTRE_LEFT,False,https://www.vec.vic.gov.au/results/state-election-results/2022-state-election-results/results-by-district/sunbury-district-results
Sunbury,"PACE, Charles",Family First Victoria,1445,0.0383,OTH,OTH_FFPA,RIGHT,False,https://www.vec.vic.gov.au/results/state-election-results/2022-state-election-results/results-by-district/sunbury-district-results
Sunbury,"COTTOM, Simmone",Liberal,11895,0.3155,LNP,LIB,,False,https://www.vec.vic.gov.au/results/state-election-results/2022-state-election-results/results-by-district/sunbury-district-results
Sunbury,"BAYLISS, Peter",Labour DLP,1317,0.0349,OTH,OTH_DLP,RIGHT,False,https://www.vec.vic.gov.au/results/state-election-results/2022-state-election-results/results-by-district/sunbury-district-results
Sunbury,"BULL, Josh",Australian Labor Party - Victorian Branch,16253,0.431,ALP,ALP,,False,https://www.vec.vic.gov.au/results/state-election-results/2022-state-election-results/results-by-district/sunbury-district-results
Sunbury,"GALLAGHER, James",Victorian Socialists,1164,0.030899999999999997,OTH,OTH_VNS,LEFT,False,https://www.vec.vic.gov.au/results/state-election-results/2022-state-election-results/results-by-district/sunbury-district-results
Sunbury,"BURKE, Richard",Australian Greens,2459,0.0652,GRN,GRN,,False,https://www.vec.vic.gov.au/results/state-election-results/2022-state-election-results/results-by-district/sunbury-district-results
Sunbury,"PATEL, Rushi Vijaykumar",New Democrats,204,0.0054,OTH,OTH_ND,CENTRE,False,https://www.vec.vic.gov.au/results/state-election-results/2022-state-election-results/results-by-district/sunbury-district-results
Sunbury,"PINCINI, Laurence",,1432,0.038,IND,IND_MINOR,UNKNOWN,True,https://www.vec.vic.gov.au/results/state-election-results/2022-state-election-results/results-by-district/sunbury-district-results
Sydenham,"TAWADROS, Marvet",Family First Victoria,2815,0.06447253904997481,OTH,OTH_FFPA,RIGHT,False,https://www.vec.vic.gov.au/results/state-election-results/2022-state-election-results/results-by-district/sydenham-district-results
Sydenham,"CHLIHI, Hajar",Victorian Socialists,1977,0.045279648206678576,OTH,OTH_VNS,LEFT,False,https://www.vec.vic.gov.au/results/state-election-results/2022-state-election-results/results-by-district/sydenham-district-results
Sydenham,"HUTCHINS, Natalie",Australian Labor Party - Victorian Branch,18978,0.4346571389308781,ALP,ALP,,False,https://www.vec.vic.gov.au/results/state-election-results/2022-state-election-results/results-by-district/sydenham-district-results
Sydenham,"CULLIA, Joseph",Liberal,12661,0.28997755485319043,LNP,LIB,,False,https://www.vec.vic.gov.au/results/state-election-results/2022-state-election-results/results-by-district/sydenham-district-results
Sydenham,"LEUNG, Karina",Animal Justice Party,1095,0.025079016078054142,OTH,OTH_AJP,CENTRE_LEFT,False,https://www.vec.vic.gov.au/results/state-election-results/2022-state-election-results/results-by-district/sydenham-district-results
Sydenham,"RALPH, Maggie",Australian Greens,2547,0.058334478493884845,GRN,GRN,,False,https://www.vec.vic.gov.au/results/state-election-results/2022-state-election-results/results-by-district/sydenham-district-results
Sydenham,"RAMOS, Alejandro",Freedom Party of Victoria,1672,0.038294168842471714,OTH,OTH_FPV,RIGHT,False,https://www.vec.vic.gov.au/results/state-election-results/2022-state-election-results/results-by-district/sydenham-district-results
Sydenham,"RADOVANI, Jakueline",Labour DLP,1917,0.04390545554486739,OTH,OTH_DLP,RIGHT,False,https://www.vec.vic.gov.au/results/state-election-results/2022-state-election-results/results-by-district/sydenham-district-results
Tarneit,"PATEL, Jaydeep",New Democrats,1176,0.0301716396849424,OTH,OTH_ND,CENTRE,False,https://www.vec.vic.gov.au/results/state-election-results/2022-state-election-results/results-by-district/tarneit-district-results
Tarneit,"MOINUDDIN, Aijaz",,534,0.01370038740795854,IND,IND_MINOR,UNKNOWN,True,https://www.vec.vic.gov.au/results/state-election-results/2022-state-election-results/results-by-district/tarneit-district-results
Tarneit,"URIBE, Claudio",Victorian Socialists,2072,0.05315955563537471,OTH,OTH_VNS,LEFT,False,https://www.vec.vic.gov.au/results/state-election-results/2022-state-election-results/results-by-district/tarneit-district-results
Tarneit,"WIGHT, Dylan",Australian Labor Party - Victorian Branch,18173,0.4662493265258999,ALP,ALP,,False,https://www.vec.vic.gov.au/results/state-election-results/2022-state-election-results/results-by-district/tarneit-district-results
Tarneit,"MILLER, Clare",Australian Greens,2884,0.07399235446545399,GRN,GRN,,False,https://www.vec.vic.gov.au/results/state-election-results/2022-state-election-results/results-by-district/tarneit-district-results
Tarneit,"JEFFREY, Thomas",Family First Victoria,1974,0.05064525232829618,OTH,OTH_FFPA,RIGHT,False,https://www.vec.vic.gov.au/results/state-election-results/2022-state-election-results/results-by-district/tarneit-district-results
Tarneit,"MAQSOOD, Erum",Freedom Party of Victoria,882,0.022628729763706803,OTH,OTH_FPV,RIGHT,False,https://www.vec.vic.gov.au/results/state-election-results/2022-state-election-results/results-by-district/tarneit-district-results
Tarneit,"SINGH, Preet",Liberal,10439,0.26782461451625317,LNP,LIB,,False,https://www.vec.vic.gov.au/results/state-election-results/2022-state-election-results/results-by-district/tarneit-district-results
Tarneit,"RAHN, Maurita",Animal Justice Party,843,0.021628139672114324,OTH,OTH_AJP,CENTRE_LEFT,False,https://www.vec.vic.gov.au/results/state-election-results/2022-state-election-results/results-by-district/tarneit-district-results
Thomastown,"SINGH, Gurdawar",Liberal,8973,0.23973389617676133,LNP,LIB,,False,https://www.vec.vic.gov.au/results/state-election-results/2022-state-election-results/results-by-district/thomastown-district-results
Thomastown,"McNAMARA, Colleen",Family First Victoria,2563,0.06847631515669668,OTH,OTH_FFPA,RIGHT,False,https://www.vec.vic.gov.au/results/state-election-results/2022-state-election-results/results-by-district/thomastown-district-results
Thomastown,"LEVENS, Evie",Animal Justice Party,1072,0.028640893424884448,OTH,OTH_AJP,CENTRE_LEFT,False,https://www.vec.vic.gov.au/results/state-election-results/2022-state-election-results/results-by-district/thomastown-district-results
Thomastown,"HALFPENNY, Bronwyn",Australian Labor Party - Victorian Branch,19408,0.5185284137967886,ALP,ALP,,False,https://www.vec.vic.gov.au/results/state-election-results/2022-state-election-results/results-by-district/thomastown-district-results
Thomastown,"SINAPI, Matt",Australian Greens,2547,0.06804883913542975,GRN,GRN,,False,https://www.vec.vic.gov.au/results/state-election-results/2022-state-election-results/results-by-district/thomastown-district-results
Thomastown,"CVETKOVA, Kelly",Victorian Socialists,2866,0.0765716423094392,OTH,OTH_VNS,LEFT,False,https://www.vec.vic.gov.au/results/state-election-results/2022-state-election-results/results-by-district/thomastown-district-results
Warrandyte,"OAKLEY, Naomi",Australian Labor Party - Victorian Branch,14946,0.3315806988352745,ALP,ALP,,False,https://www.vec.vic.gov.au/results/state-election-results/2022-state-election-results/results-by-district/warrandyte-district-results
Warrandyte,"RAE, Nicola",Animal Justice Party,1020,0.022628951747088188,OTH,OTH_AJP,CENTRE_LEFT,False,https://www.vec.vic.gov.au/results/state-election-results/2022-state-election-results/results-by-district/warrandyte-district-results
Warrandyte,"JOSHI, Deepak",Australian Greens,5283,0.11720465890183028,GRN,GRN,,False,https://www.vec.vic.gov.au/results/state-election-results/2022-state-election-results/results-by-district/warrandyte-district-results
Warrandyte,"VERNAY, Richard",Family First Victoria,1823,0.04044370493621741,OTH,OTH_FFPA,RIGHT,False,https://www.vec.vic.gov.au/results/state-election-results/2022-state-election-results/results-by-district/warrandyte-district-results
Warrandyte,"PILLI, Cynthia",,659,0.014620077648363839,IND,IND_MINOR,UNKNOWN,True,https://www.vec.vic.gov.au/results/state-election-results/2022-state-election-results/results-by-district/warrandyte-district-results
Warrandyte,"SMITH, Ryan",Liberal,21344,0.4735219079312257,LNP,LIB,,False,https://www.vec.vic.gov.au/results/state-election-results/2022-state-election-results/results-by-district/warrandyte-district-results
Wendouree,"HARKNESS, Ian",Family First Victoria,1616,0.03831926396661292,OTH,OTH_FFPA,RIGHT,False,https://www.vec.vic.gov.au/results/state-election-results/2022-state-election-results/results-by-district/wendouree-district-results
Wendouree,"HILLS, Bryn",Animal Justice Party,1602,0.037987290145119985,OTH,OTH_AJP,CENTRE_LEFT,False,https://www.vec.vic.gov.au/results/state-election-results/2022-state-election-results/results-by-district/wendouree-district-results
Wendouree,"McINTOSH, Samantha",Liberal,12548,0.2975433937209523,LNP,LIB,,False,https://www.vec.vic.gov.au/results/state-election-results/2022-state-election-results/results-by-district/wendouree-district-results
Wendouree,"ADDISON, Juliana",Australian Labor Party - Victorian Branch,20059,0.47564734895191124,ALP,ALP,,False,https://www.vec.vic.gov.au/results/state-election-results/2022-state-election-results/results-by-district/wendouree-district-results
Wendouree,"ECKEL, Bren",,455,0.010789149198520346,IND,IND_MINOR,UNKNOWN,True,https://www.vec.vic.gov.au/results/state-election-results/2022-state-election-results/results-by-district/wendouree-district-results
Wendouree,"COLBERT, Dianne",Labour DLP,1509,0.035782035473774065,OTH,OTH_DLP,RIGHT,False,https://www.vec.vic.gov.au/results/state-election-results/2022-state-election-results/results-by-district/wendouree-district-results
Wendouree,"BURNS, Ellen",Australian Greens,4383,0.10393151854310917,GRN,GRN,,False,https://www.vec.vic.gov.au/results/state-election-results/2022-state-election-results/results-by-district/wendouree-district-results
Werribee,"PALLAS, Tim",Australian Labor Party - Victorian Branch,17512,0.453643499209906,ALP,ALP,,False,https://www.vec.vic.gov.au/results/state-election-results/2022-state-election-results/results-by-district/werribee-district-results
Werribee,"WICKS, Patricia Anne",Derryn Hinch's Justice Party,709,0.0183664482035075,OTH,OTH_DHJP,CENTRE_RIGHT,False,https://www.vec.vic.gov.au/results/state-election-results/2022-state-election-results/results-by-district/werribee-district-results
Werribee,"BARCATTA, Patrizia",,213,0.00551770587778152,OTH,IND_MINOR,UNKNOWN,True,https://www.vec.vic.gov.au/results/state-election-results/2022-state-election-results/results-by-district/werribee-district-results
Werribee,"BREAKWELL, Kathryn",Labour DLP,767,0.01986892210449965,OTH,OTH_DLP,RIGHT,False,https://www.vec.vic.gov.au/results/state-election-results/2022-state-election-results/results-by-district/werribee-district-results
Werribee,"KWAN, Heni Cazlynn",,45,0.0011657125093904618,OTH,IND_MINOR,UNKNOWN,True,https://www.vec.vic.gov.au/results/state-election-results/2022-state-election-results/results-by-district/werribee-district-results
Werribee,"BODDEKE, Jack",Australian Greens,2613,0.06768903971193949,GRN,GRN,,False,https://www.vec.vic.gov.au/results/state-election-results/2022-state-election-results/results-by-district/werribee-district-results
Werribee,"SHAW, Mia",Liberal,9779,0.2533222806517628,LNP,LIB,,False,https://www.vec.vic.gov.au/results/state-election-results/2022-state-election-results/results-by-district/werribee-district-results
Werribee,"MUNRO, Sue",Victorian Socialists,1391,0.03603346890138072,OTH,OTH_VNS,LEFT,False,https://www.vec.vic.gov.au/results/state-election-results/2022-state-election-results/results-by-district/werribee-district-results
Werribee,"TANDON, Prashant",New Democrats,319,0.00826360645545683,OTH,OTH_ND,CENTRE,False,https://www.vec.vic.gov.au/results/state-election-results/2022-state-election-results/results-by-district/werribee-district-results
Werribee,"SEGRAVE, Josh",Animal Justice Party,730,0.018910447374556383,OTH,OTH_AJP,CENTRE_LEFT,False,https://www.vec.vic.gov.au/results/state-election-results/2022-state-election-results/results-by-district/werribee-district-results
Werribee,"HOPPER, Paul",,2278,0.05901095769758827,IND,IND_MINOR,UNKNOWN,True,https://www.vec.vic.gov.au/results/state-election-results/2022-state-election-results/results-by-district/werribee-district-results
Werribee,"EMERSON, Matthew",Family First Victoria,964,0.024972152423386785,OTH,OTH_FFPA,RIGHT,False,https://www.vec.vic.gov.au/results/state-election-results/2022-state-election-results/results-by-district/werribee-district-results
Werribee,"HOGAN, Karen",Health Australia Party,260,0.006735227832033779,OTH,OTH_HAP,RIGHT,True,https://www.vec.vic.gov.au/results/state-election-results/2022-state-election-results/results-by-district/werribee-district-results
Werribee,"STROTHER, Mark",Freedom Party of Victoria,663,0.01717483097168614,OTH,OTH_FPV,RIGHT,False,https://www.vec.vic.gov.au/results/state-election-results/2022-state-election-results/results-by-district/werribee-district-results
Werribee,"COLLINS, Trevor Russell",Transport Matters,360,0.009325700075123695,OTH,OTH_TM,CENTRE,False,https://www.vec.vic.gov.au/results/state-election-results/2022-state-election-results/results-by-district/werribee-district-results
Williamstown,"FISHER, Rochelle",Labour DLP,1632,0.04190000000000001,OTH,OTH_DLP,RIGHT,False,https://www.vec.vic.gov.au/results/state-election-results/2022-state-election-results/results-by-district/williamstown-district-results
Williamstown,"KELLANDER, Daria",Liberal,10928,0.2804,LNP,LIB,,False,https://www.vec.vic.gov.au/results/state-election-results/2022-state-election-results/results-by-district/williamstown-district-results
Williamstown,"MOSELY, Joshua",Family First Victoria,675,0.0173,OTH,OTH_FFPA,RIGHT,False,https://www.vec.vic.gov.au/results/state-election-results/2022-state-election-results/results-by-district/williamstown-district-results
Williamstown,"ANSALONE, Alexander",Freedom Party of Victoria,976,0.025,OTH,OTH_FPV,RIGHT,False,https://www.vec.vic.gov.au/results/state-election-results/2022-state-election-results/results-by-district/williamstown-district-results
Williamstown,"MACANDILI, Julien Q.",Victorian Socialists,1528,0.0392,OTH,OTH_VNS,LEFT,False,https://www.vec.vic.gov.au/results/state-election-results/2022-state-election-results/results-by-district/williamstown-district-results
Williamstown,"HORNE, Melissa",Australian Labor Party - Victorian Branch,16173,0.415,ALP,ALP,,False,https://www.vec.vic.gov.au/results/state-election-results/2022-state-election-results/results-by-district/williamstown-district-results
Williamstown,"RODOREDA, Suzette",Australian Greens,6013,0.1543,GRN,GRN,,False,https://www.vec.vic.gov.au/results/state-election-results/2022-state-election-results/results-by-district/williamstown-district-results
Williamstown,"MACKEVICIUS, Patricia",Animal Justice Party,1049,0.0269,OTH,OTH_AJP,CENTRE_LEFT,False,https://www.vec.vic.gov.au/results/state-election-results/2022-state-election-results/results-by-district/williamstown-district-results
Yan Yean,"WOOLDRIDGE, Jack",Labour DLP,2028,0.05145249270582266,OTH,OTH_DLP,RIGHT,False,https://www.vec.vic.gov.au/results/state-election-results/2022-state-election-results/results-by-district/yan-yean-district-results
Yan Yean,"HALL, James",Family First Victoria,1280,0.032474946086515286,OTH,OTH_FFPA,RIGHT,False,https://www.vec.vic.gov.au/results/state-election-results/2022-state-election-results/results-by-district/yan-yean-district-results
Yan Yean,"MASON, Samantha",Australian Greens,2537,0.0643663579855385,GRN,GRN,,False,https://www.vec.vic.gov.au/results/state-election-results/2022-state-election-results/results-by-district/yan-yean-district-results
Yan Yean,"GRIMLEY, Mandy Anne",Derryn Hinch's Justice Party,793,0.020119243942661423,OTH,OTH_DHJP,CENTRE_RIGHT,False,https://www.vec.vic.gov.au/results/state-election-results/2022-state-election-results/results-by-district/yan-yean-district-results
Yan Yean,"WELCH, Richard",Liberal,13361,0.3389826208296334,LNP,LIB,,False,https://www.vec.vic.gov.au/results/state-election-results/2022-state-election-results/results-by-district/yan-yean-district-results
Yan Yean,"KATHAGE, Lauren",Australian Labor Party - Victorian Branch,16328,0.4142585310161106,ALP,ALP,,False,https://www.vec.vic.gov.au/results/state-election-results/2022-state-election-results/results-by-district/yan-yean-district-results
Yan Yean,"KRSTIC, Alexandar","Shooters, Fishers & Farmers Vic",1024,0.02597995686921223,OTH,OTH_ASP,CENTRE_RIGHT,False,https://www.vec.vic.gov.au/results/state-election-results/2022-state-election-results/results-by-district/yan-yean-district-results
Yan Yean,"BOUROUTZIS, Con",Freedom Party of Victoria,1021,0.02590384371432196,OTH,OTH_FPV,RIGHT,False,https://www.vec.vic.gov.au/results/state-election-results/2022-state-election-results/results-by-district/yan-yean-district-results
Yan Yean,"PARRAMORE, Ruth",Animal Justice Party,1043,0.02646200685018394,OTH,OTH_AJP,CENTRE_LEFT,False,https://www.vec.vic.gov.au/results/state-election-results/2022-state-election-results/results-by-district/yan-yean-district-results
