Electorate,EliminatedCategory,FinishPosition,CategoryExitRound,AliveSetAfter,RecipientCategory,CategoryPrimaryVotes,AllocatedVotes,Share,CandidateCount,CandidateSubtypeMix,IdeologyFamilyMix,Method
Albert Park,GRN,3,6,ALP+LNP,ALP,8178,6854.435074553175,0.8381554260886739,1,GRN:8178,UNSPECIFIED:8178,CANDIDATE_ORIGIN_PASS_THROUGH
Albert Park,GRN,3,6,ALP+LNP,LNP,8178,1323.5649254468253,0.16184457391132617,1,GRN:8178,UNSPECIFIED:8178,CANDIDATE_ORIGIN_PASS_THROUGH
Albert Park,IND,4,5,ALP+LNP+GRN,ALP,2294,673.7290589451914,0.2936918304033092,1,IND_MINOR:2294,UNKNOWN:2294,CANDIDATE_ORIGIN_PASS_THROUGH
Albert Park,IND,4,5,ALP+LNP+GRN,GRN,2294,944.9603584970699,0.4119269217511203,1,IND_MINOR:2294,UNKNOWN:2294,CANDIDATE_ORIGIN_PASS_THROUGH
Albert Park,IND,4,5,ALP+LNP+GRN,LNP,2294,675.3105825577387,0.2943812478455705,1,IND_MINOR:2294,UNKNOWN:2294,CANDIDATE_ORIGIN_PASS_THROUGH
Albert Park,OTH,5,4,ALP+LNP+GRN+IND,ALP,2725,322.0,0.1181651376146789,4,OTH_AJP:1207|OTH_FFPA:466|OTH_FPV:518|OTH_LTP:534,CENTRE_LEFT:1207|RIGHT:1518,CANDIDATE_ORIGIN_PASS_THROUGH
Albert Park,OTH,5,4,ALP+LNP+GRN+IND,GRN,2725,754.0,0.276697247706422,4,OTH_AJP:1207|OTH_FFPA:466|OTH_FPV:518|OTH_LTP:534,CENTRE_LEFT:1207|RIGHT:1518,CANDIDATE_ORIGIN_PASS_THROUGH
Albert Park,OTH,5,4,ALP+LNP+GRN+IND,IND,2725,607.0,0.22275229357798165,4,OTH_AJP:1207|OTH_FFPA:466|OTH_FPV:518|OTH_LTP:534,CENTRE_LEFT:1207|RIGHT:1518,CANDIDATE_ORIGIN_PASS_THROUGH
Albert Park,OTH,5,4,ALP+LNP+GRN+IND,LNP,2725,1042.0,0.38238532110091744,4,OTH_AJP:1207|OTH_FFPA:466|OTH_FPV:518|OTH_LTP:534,CENTRE_LEFT:1207|RIGHT:1518,CANDIDATE_ORIGIN_PASS_THROUGH
Ashwood,GRN,3,6,ALP+LNP,ALP,6612,5527.96816022596,0.836050840929516,1,GRN:6612,UNSPECIFIED:6612,CANDIDATE_ORIGIN_PASS_THROUGH
Ashwood,GRN,3,6,ALP+LNP,LNP,6612,1084.0318397740402,0.163949159070484,1,GRN:6612,UNSPECIFIED:6612,CANDIDATE_ORIGIN_PASS_THROUGH
Ashwood,OTH,4,5,ALP+LNP+GRN,ALP,2762,453.68940637535144,0.16426118985349436,4,IND_MINOR:467|OTH_AJP:880|OTH_FFPA:847|OTH_FPV:568,CENTRE_LEFT:880|RIGHT:1415|UNKNOWN:467,CANDIDATE_ORIGIN_PASS_THROUGH
Ashwood,OTH,4,5,ALP+LNP+GRN,GRN,2762,1027.6516647292592,0.3720679452314479,4,IND_MINOR:467|OTH_AJP:880|OTH_FFPA:847|OTH_FPV:568,CENTRE_LEFT:880|RIGHT:1415|UNKNOWN:467,CANDIDATE_ORIGIN_PASS_THROUGH
Ashwood,OTH,4,5,ALP+LNP+GRN,LNP,2762,1280.6589288953896,0.4636708649150578,4,IND_MINOR:467|OTH_AJP:880|OTH_FFPA:847|OTH_FPV:568,CENTRE_LEFT:880|RIGHT:1415|UNKNOWN:467,CANDIDATE_ORIGIN_PASS_THROUGH
Ashwood,IND,5,3,ALP+LNP+GRN+OTH,ALP,704,102.81382385730211,0.14604236343366778,1,IND_MINOR:704,UNKNOWN:704,CANDIDATE_ORIGIN_PASS_THROUGH
Ashwood,IND,5,3,ALP+LNP+GRN+OTH,GRN,704,84.76254180602007,0.12040133779264214,1,IND_MINOR:704,UNKNOWN:704,CANDIDATE_ORIGIN_PASS_THROUGH
Ashwood,IND,5,3,ALP+LNP+GRN+OTH,LNP,704,350.03790412486063,0.4972129319955407,1,IND_MINOR:704,UNKNOWN:704,CANDIDATE_ORIGIN_PASS_THROUGH
Ashwood,IND,5,3,ALP+LNP+GRN+OTH,OTH,704,166.3857302118172,0.2363433667781494,1,IND_MINOR:704,UNKNOWN:704,CANDIDATE_ORIGIN_PASS_THROUGH
Bass,GRN,3,7,ALP+LNP,ALP,3369,2202.628045157457,0.6537928302634185,1,GRN:3369,UNSPECIFIED:3369,CANDIDATE_ORIGIN_PASS_THROUGH
Bass,GRN,3,7,ALP+LNP,LNP,3369,1166.371954842543,0.34620716973658144,1,GRN:3369,UNSPECIFIED:3369,CANDIDATE_ORIGIN_PASS_THROUGH
Bass,OTH,4,6,ALP+LNP+GRN,ALP,5599,1188.5305718878335,0.21227550846362447,5,IND_MINOR:872|OTH_AJP:1085|OTH_DLP:1465|OTH_FFPA:1164|OTH_FPV:1013,CENTRE_LEFT:1085|RIGHT:3642|UNKNOWN:872,CANDIDATE_ORIGIN_PASS_THROUGH
Bass,OTH,4,6,ALP+LNP+GRN,GRN,5599,1137.8964159175239,0.20323207999955775,5,IND_MINOR:872|OTH_AJP:1085|OTH_DLP:1465|OTH_FFPA:1164|OTH_FPV:1013,CENTRE_LEFT:1085|RIGHT:3642|UNKNOWN:872,CANDIDATE_ORIGIN_PASS_THROUGH
Bass,OTH,4,6,ALP+LNP+GRN,LNP,5599,3272.573012194642,0.5844924115368176,5,IND_MINOR:872|OTH_AJP:1085|OTH_DLP:1465|OTH_FFPA:1164|OTH_FPV:1013,CENTRE_LEFT:1085|RIGHT:3642|UNKNOWN:872,CANDIDATE_ORIGIN_PASS_THROUGH
Bass,IND,5,4,ALP+LNP+GRN+OTH,ALP,970,97.73636991028295,0.1007591442374051,1,IND_MINOR:970,UNKNOWN:970,CANDIDATE_ORIGIN_PASS_THROUGH
Bass,IND,5,4,ALP+LNP+GRN+OTH,GRN,970,515.4589371980677,0.5314009661835749,1,IND_MINOR:970,UNKNOWN:970,CANDIDATE_ORIGIN_PASS_THROUGH
Bass,IND,5,4,ALP+LNP+GRN+OTH,LNP,970,174.72049689440996,0.1801242236024845,1,IND_MINOR:970,UNKNOWN:970,CANDIDATE_ORIGIN_PASS_THROUGH
Bass,IND,5,4,ALP+LNP+GRN+OTH,OTH,970,182.08419599723948,0.18771566597653555,1,IND_MINOR:970,UNKNOWN:970,CANDIDATE_ORIGIN_PASS_THROUGH
Bayswater,GRN,3,7,ALP+LNP,ALP,3151,2340.7428571428572,0.7428571428571429,1,GRN:3151,UNSPECIFIED:3151,CANDIDATE_ORIGIN_PASS_THROUGH
Bayswater,GRN,3,7,ALP+LNP,LNP,3151,810.2571428571428,0.2571428571428571,1,GRN:3151,UNSPECIFIED:3151,CANDIDATE_ORIGIN_PASS_THROUGH
Bayswater,OTH,4,6,ALP+LNP+GRN,ALP,5775,1375.1524607825886,0.23812163823075128,5,OTH_AJP:840|OTH_DLP:948|OTH_FFPA:1397|OTH_FPV:937|OTH_HMP:1653,CENTRE_LEFT:2493|RIGHT:3282,CANDIDATE_ORIGIN_PASS_THROUGH
Bayswater,OTH,4,6,ALP+LNP+GRN,GRN,5775,1696.7345502039188,0.2938068485201591,5,OTH_AJP:840|OTH_DLP:948|OTH_FFPA:1397|OTH_FPV:937|OTH_HMP:1653,CENTRE_LEFT:2493|RIGHT:3282,CANDIDATE_ORIGIN_PASS_THROUGH
Bayswater,OTH,4,6,ALP+LNP+GRN,LNP,5775,2703.1129890134926,0.46807151324908963,5,OTH_AJP:840|OTH_DLP:948|OTH_FFPA:1397|OTH_FPV:937|OTH_HMP:1653,CENTRE_LEFT:2493|RIGHT:3282,CANDIDATE_ORIGIN_PASS_THROUGH
Bayswater,IND,5,4,ALP+LNP+GRN+OTH,ALP,890,140.48568950563745,0.15784908933217692,1,IND_MINOR:890,UNKNOWN:890,CANDIDATE_ORIGIN_PASS_THROUGH
Bayswater,IND,5,4,ALP+LNP+GRN+OTH,GRN,890,355.84562012142237,0.3998265394622723,1,IND_MINOR:890,UNKNOWN:890,CANDIDATE_ORIGIN_PASS_THROUGH
Bayswater,IND,5,4,ALP+LNP+GRN+OTH,LNP,890,135.08239375542064,0.15177797051170858,1,IND_MINOR:890,UNKNOWN:890,CANDIDATE_ORIGIN_PASS_THROUGH
Bayswater,IND,5,4,ALP+LNP+GRN+OTH,OTH,890,258.5862966175195,0.29054640069384213,1,IND_MINOR:890,UNKNOWN:890,CANDIDATE_ORIGIN_PASS_THROUGH
Bellarine,GRN,3,7,ALP+LNP,ALP,5537,4316.90844043991,0.7796475420696966,1,GRN:5537,UNSPECIFIED:5537,CANDIDATE_ORIGIN_PASS_THROUGH
Bellarine,GRN,3,7,ALP+LNP,LNP,5537,1220.09155956009,0.22035245793030342,1,GRN:5537,UNSPECIFIED:5537,CANDIDATE_ORIGIN_PASS_THROUGH
Bellarine,IND,4,6,ALP+LNP+GRN,ALP,2158,605.4057704112953,0.2805402087170043,1,IND_MINOR:2158,UNKNOWN:2158,CANDIDATE_ORIGIN_PASS_THROUGH
Bellarine,IND,4,6,ALP+LNP+GRN,GRN,2158,811.402701043585,0.3759975445058318,1,IND_MINOR:2158,UNKNOWN:2158,CANDIDATE_ORIGIN_PASS_THROUGH
Bellarine,IND,4,6,ALP+LNP+GRN,LNP,2158,741.1915285451197,0.3434622467771639,1,IND_MINOR:2158,UNKNOWN:2158,CANDIDATE_ORIGIN_PASS_THROUGH
Bellarine,OTH,5,5,ALP+LNP+GRN+IND,ALP,3738,666.0,0.1781701444622793,5,OTH_AJP:1088|OTH_AVP:389|OTH_DHJP:770|OTH_FFPA:1033|OTH_FPV:458,CENTRE_LEFT:1088|CENTRE_RIGHT:770|RIGHT:1880,CANDIDATE_ORIGIN_PASS_THROUGH
Bellarine,OTH,5,5,ALP+LNP+GRN+IND,GRN,3738,785.0,0.21000535045478866,5,OTH_AJP:1088|OTH_AVP:389|OTH_DHJP:770|OTH_FFPA:1033|OTH_FPV:458,CENTRE_LEFT:1088|CENTRE_RIGHT:770|RIGHT:1880,CANDIDATE_ORIGIN_PASS_THROUGH
Bellarine,OTH,5,5,ALP+LNP+GRN+IND,IND,3738,1100.0,0.294275013376137,5,OTH_AJP:1088|OTH_AVP:389|OTH_DHJP:770|OTH_FFPA:1033|OTH_FPV:458,CENTRE_LEFT:1088|CENTRE_RIGHT:770|RIGHT:1880,CANDIDATE_ORIGIN_PASS_THROUGH
Bellarine,OTH,5,5,ALP+LNP+GRN+IND,LNP,3738,1187.0,0.3175494917067951,5,OTH_AJP:1088|OTH_AVP:389|OTH_DHJP:770|OTH_FFPA:1033|OTH_FPV:458,CENTRE_LEFT:1088|CENTRE_RIGHT:770|RIGHT:1880,CANDIDATE_ORIGIN_PASS_THROUGH
Benambra,ALP,3,6,LNP+IND,IND,5375,4006.346363494783,0.7453667653013549,1,ALP:5375,UNSPECIFIED:5375,CANDIDATE_ORIGIN_PASS_THROUGH
Benambra,ALP,3,6,LNP+IND,LNP,5375,1368.6536365052173,0.2546332346986451,1,ALP:5375,UNSPECIFIED:5375,CANDIDATE_ORIGIN_PASS_THROUGH
Benambra,GRN,4,5,ALP+LNP+IND,ALP,1592,475.7221494102228,0.29882044560943644,1,GRN:1592,UNSPECIFIED:1592,CANDIDATE_ORIGIN_PASS_THROUGH
Benambra,GRN,4,5,ALP+LNP+IND,IND,1592,929.1882918304938,0.5836609873307121,1,GRN:1592,UNSPECIFIED:1592,CANDIDATE_ORIGIN_PASS_THROUGH
Benambra,GRN,4,5,ALP+LNP+IND,LNP,1592,187.08955875928353,0.11751856705985146,1,GRN:1592,UNSPECIFIED:1592,CANDIDATE_ORIGIN_PASS_THROUGH
Benambra,OTH,5,4,ALP+LNP+GRN+IND,ALP,3472,362.0,0.10426267281105991,4,OTH_AJP:1170|OTH_FFPA:815|OTH_FPV:683|OTH_LTP:804,CENTRE_LEFT:1170|RIGHT:2302,CANDIDATE_ORIGIN_PASS_THROUGH
Benambra,OTH,5,4,ALP+LNP+GRN+IND,GRN,3472,697.0,0.2007488479262673,4,OTH_AJP:1170|OTH_FFPA:815|OTH_FPV:683|OTH_LTP:804,CENTRE_LEFT:1170|RIGHT:2302,CANDIDATE_ORIGIN_PASS_THROUGH
Benambra,OTH,5,4,ALP+LNP+GRN+IND,IND,3472,1019.0,0.29349078341013823,4,OTH_AJP:1170|OTH_FFPA:815|OTH_FPV:683|OTH_LTP:804,CENTRE_LEFT:1170|RIGHT:2302,CANDIDATE_ORIGIN_PASS_THROUGH
Benambra,OTH,5,4,ALP+LNP+GRN+IND,LNP,3472,1394.0,0.4014976958525346,4,OTH_AJP:1170|OTH_FFPA:815|OTH_FPV:683|OTH_LTP:804,CENTRE_LEFT:1170|RIGHT:2302,CANDIDATE_ORIGIN_PASS_THROUGH
Bendigo East,GRN,3,5,ALP+LNP,ALP,3944,3054.778703368345,0.7745382107931909,1,GRN:3944,UNSPECIFIED:3944,CANDIDATE_ORIGIN_PASS_THROUGH
Bendigo East,GRN,3,5,ALP+LNP,LNP,3944,889.2212966316552,0.22546178920680912,1,GRN:3944,UNSPECIFIED:3944,CANDIDATE_ORIGIN_PASS_THROUGH
Bendigo East,ON,4,4,ALP+LNP+GRN,ALP,2597,383.60063824937316,0.1477091406428083,1,ON:2597,UNSPECIFIED:2597,CANDIDATE_ORIGIN_PASS_THROUGH
Bendigo East,ON,4,4,ALP+LNP+GRN,GRN,2597,351.041942101664,0.13517209938454525,1,ON:2597,UNSPECIFIED:2597,CANDIDATE_ORIGIN_PASS_THROUGH
Bendigo East,ON,4,4,ALP+LNP+GRN,LNP,2597,1862.3574196489626,0.7171187599726464,1,ON:2597,UNSPECIFIED:2597,CANDIDATE_ORIGIN_PASS_THROUGH
Bendigo East,IND,5,3,ALP+LNP+GRN+ON,ALP,1603,241.67820069204151,0.15076618882847256,1,IND_MINOR:1603,UNKNOWN:1603,CANDIDATE_ORIGIN_PASS_THROUGH
Bendigo East,IND,5,3,ALP+LNP+GRN+ON,GRN,1603,204.43598615916954,0.12753336628769155,1,IND_MINOR:1603,UNKNOWN:1603,CANDIDATE_ORIGIN_PASS_THROUGH
Bendigo East,IND,5,3,ALP+LNP+GRN+ON,LNP,1603,244.05536332179932,0.1522491349480969,1,IND_MINOR:1603,UNKNOWN:1603,CANDIDATE_ORIGIN_PASS_THROUGH
Bendigo East,IND,5,3,ALP+LNP+GRN+ON,ON,1603,912.8304498269896,0.569451309935739,1,IND_MINOR:1603,UNKNOWN:1603,CANDIDATE_ORIGIN_PASS_THROUGH
Bendigo East,OTH,6,2,ALP+LNP+GRN+ON+IND,ALP,2936,487.0,0.16587193460490463,2,OTH_AJP:1574|OTH_FFPA:1362,CENTRE_LEFT:1574|RIGHT:1362,CANDIDATE_ORIGIN_PASS_THROUGH
Bendigo East,OTH,6,2,ALP+LNP+GRN+ON+IND,GRN,2936,727.0,0.2476158038147139,2,OTH_AJP:1574|OTH_FFPA:1362,CENTRE_LEFT:1574|RIGHT:1362,CANDIDATE_ORIGIN_PASS_THROUGH
Bendigo East,OTH,6,2,ALP+LNP+GRN+ON+IND,IND,2936,420.0,0.14305177111716622,2,OTH_AJP:1574|OTH_FFPA:1362,CENTRE_LEFT:1574|RIGHT:1362,CANDIDATE_ORIGIN_PASS_THROUGH
Bendigo East,OTH,6,2,ALP+LNP+GRN+ON+IND,LNP,2936,664.0,0.22615803814713897,2,OTH_AJP:1574|OTH_FFPA:1362,CENTRE_LEFT:1574|RIGHT:1362,CANDIDATE_ORIGIN_PASS_THROUGH
Bendigo East,OTH,6,2,ALP+LNP+GRN+ON+IND,ON,2936,638.0,0.21730245231607628,2,OTH_AJP:1574|OTH_FFPA:1362,CENTRE_LEFT:1574|RIGHT:1362,CANDIDATE_ORIGIN_PASS_THROUGH
Bendigo West,GRN,3,7,ALP+LNP,ALP,4634,3922.6925517449768,0.8465024928236894,1,GRN:4634,UNSPECIFIED:4634,CANDIDATE_ORIGIN_PASS_THROUGH
Bendigo West,GRN,3,7,ALP+LNP,LNP,4634,711.3074482550234,0.1534975071763106,1,GRN:4634,UNSPECIFIED:4634,CANDIDATE_ORIGIN_PASS_THROUGH
Bendigo West,OTH,4,6,ALP+LNP+GRN,ALP,5874,1437.8215725904743,0.24477725103685297,5,IND_MINOR:349|OTH_AJP:1040|OTH_FFPA:1704|OTH_FPV:606|OTH_HMP:2175,CENTRE_LEFT:3215|RIGHT:2310|UNKNOWN:349,CANDIDATE_ORIGIN_PASS_THROUGH
Bendigo West,OTH,4,6,ALP+LNP+GRN,GRN,5874,1774.46201103678,0.30208750613496427,5,IND_MINOR:349|OTH_AJP:1040|OTH_FFPA:1704|OTH_FPV:606|OTH_HMP:2175,CENTRE_LEFT:3215|RIGHT:2310|UNKNOWN:349,CANDIDATE_ORIGIN_PASS_THROUGH
Bendigo West,OTH,4,6,ALP+LNP+GRN,LNP,5874,2661.7164163727457,0.4531352428281828,5,IND_MINOR:349|OTH_AJP:1040|OTH_FFPA:1704|OTH_FPV:606|OTH_HMP:2175,CENTRE_LEFT:3215|RIGHT:2310|UNKNOWN:349,CANDIDATE_ORIGIN_PASS_THROUGH
Bendigo West,IND,5,4,ALP+LNP+GRN+OTH,ALP,979,109.03016241299304,0.11136890951276102,1,IND_MINOR:979,UNKNOWN:979,CANDIDATE_ORIGIN_PASS_THROUGH
Bendigo West,IND,5,4,ALP+LNP+GRN+OTH,GRN,979,53.75792730085073,0.05491105955143078,1,IND_MINOR:979,UNKNOWN:979,CANDIDATE_ORIGIN_PASS_THROUGH
Bendigo West,IND,5,4,ALP+LNP+GRN+OTH,LNP,979,164.30239752513535,0.16782675947409126,1,IND_MINOR:979,UNKNOWN:979,CANDIDATE_ORIGIN_PASS_THROUGH
Bendigo West,IND,5,4,ALP+LNP+GRN+OTH,OTH,979,651.9095127610209,0.665893271461717,1,IND_MINOR:979,UNKNOWN:979,CANDIDATE_ORIGIN_PASS_THROUGH
Bentleigh,GRN,3,4,ALP+LNP,ALP,4845,3925.0124378109454,0.8101160862354893,1,GRN:4845,UNSPECIFIED:4845,CANDIDATE_ORIGIN_PASS_THROUGH
Bentleigh,GRN,3,4,ALP+LNP,LNP,4845,919.9875621890548,0.18988391376451078,1,GRN:4845,UNSPECIFIED:4845,CANDIDATE_ORIGIN_PASS_THROUGH
Bentleigh,OTH,4,3,ALP+LNP+GRN,ALP,2429,400.57093693438435,0.16491187193675766,2,OTH_AJP:1098|OTH_FFPA:1331,CENTRE_LEFT:1098|RIGHT:1331,CANDIDATE_ORIGIN_PASS_THROUGH
Bentleigh,OTH,4,3,ALP+LNP+GRN,GRN,2429,908.822473824405,0.37415499128217583,2,OTH_AJP:1098|OTH_FFPA:1331,CENTRE_LEFT:1098|RIGHT:1331,CANDIDATE_ORIGIN_PASS_THROUGH
Bentleigh,OTH,4,3,ALP+LNP+GRN,LNP,2429,1119.6065892412107,0.46093313678106657,2,OTH_AJP:1098|OTH_FFPA:1331,CENTRE_LEFT:1098|RIGHT:1331,CANDIDATE_ORIGIN_PASS_THROUGH
Bentleigh,IND,5,1,ALP+LNP+GRN+OTH,ALP,789,204.0,0.2585551330798479,1,IND_MINOR:789,UNKNOWN:789,CANDIDATE_ORIGIN_PASS_THROUGH
Bentleigh,IND,5,1,ALP+LNP+GRN+OTH,GRN,789,180.0,0.22813688212927757,1,IND_MINOR:789,UNKNOWN:789,CANDIDATE_ORIGIN_PASS_THROUGH
Bentleigh,IND,5,1,ALP+LNP+GRN+OTH,LNP,789,145.0,0.18377693282636248,1,IND_MINOR:789,UNKNOWN:789,CANDIDATE_ORIGIN_PASS_THROUGH
Bentleigh,IND,5,1,ALP+LNP+GRN+OTH,OTH,789,260.0,0.32953105196451205,1,IND_MINOR:789,UNKNOWN:789,CANDIDATE_ORIGIN_PASS_THROUGH
Berwick,GRN,3,4,ALP+LNP,ALP,4296,2730.60611478634,0.6356159485070624,1,GRN:4296,UNSPECIFIED:4296,CANDIDATE_ORIGIN_PASS_THROUGH
Berwick,GRN,3,4,ALP+LNP,LNP,4296,1565.39388521366,0.3643840514929376,1,GRN:4296,UNSPECIFIED:4296,CANDIDATE_ORIGIN_PASS_THROUGH
Berwick,OTH,4,3,ALP+LNP+GRN,ALP,4087,629.0,0.15390261805725472,3,OTH_AJP:1029|OTH_FFPA:1488|OTH_FPV:1570,CENTRE_LEFT:1029|RIGHT:3058,CANDIDATE_ORIGIN_PASS_THROUGH
Berwick,OTH,4,3,ALP+LNP+GRN,GRN,4087,1297.0,0.31734768779055544,3,OTH_AJP:1029|OTH_FFPA:1488|OTH_FPV:1570,CENTRE_LEFT:1029|RIGHT:3058,CANDIDATE_ORIGIN_PASS_THROUGH
Berwick,OTH,4,3,ALP+LNP+GRN,LNP,4087,2161.0,0.5287496941521899,3,OTH_AJP:1029|OTH_FFPA:1488|OTH_FPV:1570,CENTRE_LEFT:1029|RIGHT:3058,CANDIDATE_ORIGIN_PASS_THROUGH
Box Hill,GRN,3,7,ALP+LNP,ALP,6267,5149.2384769539085,0.8216432865731464,1,GRN:6267,UNSPECIFIED:6267,CANDIDATE_ORIGIN_PASS_THROUGH
Box Hill,GRN,3,7,ALP+LNP,LNP,6267,1117.7615230460922,0.17835671342685372,1,GRN:6267,UNSPECIFIED:6267,CANDIDATE_ORIGIN_PASS_THROUGH
Box Hill,OTH,4,6,ALP+LNP+GRN,ALP,3692,803.933581328879,0.21775015745635942,5,IND_MINOR:435|OTH_AJP:824|OTH_DLP:1083|OTH_FFPA:809|OTH_FPV:541,CENTRE_LEFT:824|RIGHT:2433|UNKNOWN:435,CANDIDATE_ORIGIN_PASS_THROUGH
Box Hill,OTH,4,6,ALP+LNP+GRN,GRN,3692,1060.2215578363184,0.2871672691864351,5,IND_MINOR:435|OTH_AJP:824|OTH_DLP:1083|OTH_FFPA:809|OTH_FPV:541,CENTRE_LEFT:824|RIGHT:2433|UNKNOWN:435,CANDIDATE_ORIGIN_PASS_THROUGH
Box Hill,OTH,4,6,ALP+LNP+GRN,LNP,3692,1827.8448608348026,0.49508257335720546,5,IND_MINOR:435|OTH_AJP:824|OTH_DLP:1083|OTH_FFPA:809|OTH_FPV:541,CENTRE_LEFT:824|RIGHT:2433|UNKNOWN:435,CANDIDATE_ORIGIN_PASS_THROUGH
Box Hill,IND,5,3,ALP+LNP+GRN+OTH,ALP,464,43.05817174515236,0.09279778393351801,1,IND_MINOR:464,UNKNOWN:464,CANDIDATE_ORIGIN_PASS_THROUGH
Box Hill,IND,5,3,ALP+LNP+GRN+OTH,GRN,464,58.48199445983379,0.1260387811634349,1,IND_MINOR:464,UNKNOWN:464,CANDIDATE_ORIGIN_PASS_THROUGH
Box Hill,IND,5,3,ALP+LNP+GRN+OTH,LNP,464,111.18005540166205,0.23961218836565096,1,IND_MINOR:464,UNKNOWN:464,CANDIDATE_ORIGIN_PASS_THROUGH
Box Hill,IND,5,3,ALP+LNP+GRN+OTH,OTH,464,251.27977839335182,0.5415512465373962,1,IND_MINOR:464,UNKNOWN:464,CANDIDATE_ORIGIN_PASS_THROUGH
Brighton,GRN,3,7,ALP+LNP,ALP,5680,4374.707520891365,0.7701949860724234,1,GRN:5680,UNSPECIFIED:5680,CANDIDATE_ORIGIN_PASS_THROUGH
Brighton,GRN,3,7,ALP+LNP,LNP,5680,1305.292479108635,0.22980501392757657,1,GRN:5680,UNSPECIFIED:5680,CANDIDATE_ORIGIN_PASS_THROUGH
Brighton,IND,4,6,ALP+LNP+GRN,ALP,3749,1141.55229274904,0.3044951434379941,1,IND_MINOR:3749,UNKNOWN:3749,CANDIDATE_ORIGIN_PASS_THROUGH
Brighton,IND,4,6,ALP+LNP+GRN,GRN,3749,1527.7153828777955,0.40749943528348775,1,IND_MINOR:3749,UNKNOWN:3749,CANDIDATE_ORIGIN_PASS_THROUGH
Brighton,IND,4,6,ALP+LNP+GRN,LNP,3749,1079.7323243731646,0.2880054212785182,1,IND_MINOR:3749,UNKNOWN:3749,CANDIDATE_ORIGIN_PASS_THROUGH
Brighton,OTH,5,5,ALP+LNP+GRN+IND,ALP,2812,338.0,0.12019914651493599,5,IND_MINOR:1403|OTH_AJP:851|OTH_FFPA:558,CENTRE_LEFT:851|RIGHT:558|UNKNOWN:1403,CANDIDATE_ORIGIN_PASS_THROUGH
Brighton,OTH,5,5,ALP+LNP+GRN+IND,GRN,2812,1132.0,0.40256045519203415,5,IND_MINOR:1403|OTH_AJP:851|OTH_FFPA:558,CENTRE_LEFT:851|RIGHT:558|UNKNOWN:1403,CANDIDATE_ORIGIN_PASS_THROUGH
Brighton,OTH,5,5,ALP+LNP+GRN+IND,IND,2812,678.0,0.2411095305832148,5,IND_MINOR:1403|OTH_AJP:851|OTH_FFPA:558,CENTRE_LEFT:851|RIGHT:558|UNKNOWN:1403,CANDIDATE_ORIGIN_PASS_THROUGH
Brighton,OTH,5,5,ALP+LNP+GRN+IND,LNP,2812,664.0,0.2361308677098151,5,IND_MINOR:1403|OTH_AJP:851|OTH_FFPA:558,CENTRE_LEFT:851|RIGHT:558|UNKNOWN:1403,CANDIDATE_ORIGIN_PASS_THROUGH
Broadmeadows,GRN,3,7,ALP+LNP,ALP,2908,2177.42326614823,0.7487700365021425,1,GRN:2908,UNSPECIFIED:2908,CANDIDATE_ORIGIN_PASS_THROUGH
Broadmeadows,GRN,3,7,ALP+LNP,LNP,2908,730.5767338517695,0.2512299634978575,1,GRN:2908,UNSPECIFIED:2908,CANDIDATE_ORIGIN_PASS_THROUGH
Broadmeadows,OTH,4,6,ALP+LNP+GRN,ALP,6613,1767.668877367127,0.2673021136197077,5,IND_MINOR:362|OTH_AJP:1030|OTH_FFPA:1611|OTH_REASON:815|OTH_VNS:2795,CENTRE_LEFT:1845|LEFT:2795|RIGHT:1611|UNKNOWN:362,CANDIDATE_ORIGIN_PASS_THROUGH
Broadmeadows,OTH,4,6,ALP+LNP+GRN,GRN,6613,2915.241689355127,0.4408349749516297,5,IND_MINOR:362|OTH_AJP:1030|OTH_FFPA:1611|OTH_REASON:815|OTH_VNS:2795,CENTRE_LEFT:1845|LEFT:2795|RIGHT:1611|UNKNOWN:362,CANDIDATE_ORIGIN_PASS_THROUGH
Broadmeadows,OTH,4,6,ALP+LNP+GRN,LNP,6613,1930.0894332777461,0.29186291142866266,5,IND_MINOR:362|OTH_AJP:1030|OTH_FFPA:1611|OTH_REASON:815|OTH_VNS:2795,CENTRE_LEFT:1845|LEFT:2795|RIGHT:1611|UNKNOWN:362,CANDIDATE_ORIGIN_PASS_THROUGH
Broadmeadows,IND,5,4,ALP+LNP+GRN+OTH,ALP,1316,156.51674641148327,0.11893369788106631,1,IND_MINOR:1316,UNKNOWN:1316,CANDIDATE_ORIGIN_PASS_THROUGH
Broadmeadows,IND,5,4,ALP+LNP+GRN+OTH,GRN,1316,68.36363636363637,0.05194805194805196,1,IND_MINOR:1316,UNKNOWN:1316,CANDIDATE_ORIGIN_PASS_THROUGH
Broadmeadows,IND,5,4,ALP+LNP+GRN+OTH,LNP,1316,133.12918660287082,0.10116199589883801,1,IND_MINOR:1316,UNKNOWN:1316,CANDIDATE_ORIGIN_PASS_THROUGH
Broadmeadows,IND,5,4,ALP+LNP+GRN+OTH,OTH,1316,957.9904306220096,0.7279562542720438,1,IND_MINOR:1316,UNKNOWN:1316,CANDIDATE_ORIGIN_PASS_THROUGH
Brunswick,LNP,3,7,ALP+GRN,ALP,4723,1615.9838423295455,0.34215198863636365,1,LIB:4723,UNSPECIFIED:4723,CANDIDATE_ORIGIN_PASS_THROUGH
Brunswick,LNP,3,7,ALP+GRN,GRN,4723,3107.0161576704545,0.6578480113636364,1,LIB:4723,UNSPECIFIED:4723,CANDIDATE_ORIGIN_PASS_THROUGH
Brunswick,OTH,4,6,ALP+LNP+GRN,ALP,6820,1249.7487948060977,0.18324762387186183,5,IND_MINOR:153|OTH_AJP:699|OTH_FFPA:529|OTH_REASON:1933|OTH_VNS:3506,CENTRE_LEFT:2632|LEFT:3506|RIGHT:529|UNKNOWN:153,CANDIDATE_ORIGIN_PASS_THROUGH
Brunswick,OTH,4,6,ALP+LNP+GRN,GRN,6820,4845.868137290288,0.7105378500425643,5,IND_MINOR:153|OTH_AJP:699|OTH_FFPA:529|OTH_REASON:1933|OTH_VNS:3506,CENTRE_LEFT:2632|LEFT:3506|RIGHT:529|UNKNOWN:153,CANDIDATE_ORIGIN_PASS_THROUGH
Brunswick,OTH,4,6,ALP+LNP+GRN,LNP,6820,724.3830679036136,0.10621452608557383,5,IND_MINOR:153|OTH_AJP:699|OTH_FFPA:529|OTH_REASON:1933|OTH_VNS:3506,CENTRE_LEFT:2632|LEFT:3506|RIGHT:529|UNKNOWN:153,CANDIDATE_ORIGIN_PASS_THROUGH
Brunswick,IND,5,4,ALP+LNP+GRN+OTH,ALP,551,187.25916870415648,0.33985330073349634,1,IND_MINOR:551,UNKNOWN:551,CANDIDATE_ORIGIN_PASS_THROUGH
Brunswick,IND,5,4,ALP+LNP+GRN+OTH,GRN,551,57.92909535452323,0.10513447432762836,1,IND_MINOR:551,UNKNOWN:551,CANDIDATE_ORIGIN_PASS_THROUGH
Brunswick,IND,5,4,ALP+LNP+GRN+OTH,LNP,551,175.13447432762837,0.31784841075794623,1,IND_MINOR:551,UNKNOWN:551,CANDIDATE_ORIGIN_PASS_THROUGH
Brunswick,IND,5,4,ALP+LNP+GRN+OTH,OTH,551,130.67726161369194,0.2371638141809291,1,IND_MINOR:551,UNKNOWN:551,CANDIDATE_ORIGIN_PASS_THROUGH
Bulleen,GRN,3,6,ALP+LNP,ALP,4576,3259.4857539958307,0.7123002084781098,1,GRN:4576,UNSPECIFIED:4576,CANDIDATE_ORIGIN_PASS_THROUGH
Bulleen,GRN,3,6,ALP+LNP,LNP,4576,1316.5142460041695,0.2876997915218902,1,GRN:4576,UNSPECIFIED:4576,CANDIDATE_ORIGIN_PASS_THROUGH
Bulleen,OTH,4,5,ALP+LNP+GRN,ALP,3267,701.8130602322401,0.21481881243717174,4,IND_MINOR:214|OTH_AJP:867|OTH_FFPA:1014|OTH_FPV:1172,CENTRE_LEFT:867|RIGHT:2186|UNKNOWN:214,CANDIDATE_ORIGIN_PASS_THROUGH
Bulleen,OTH,4,5,ALP+LNP+GRN,GRN,3267,1026.551929864649,0.3142185276598252,4,IND_MINOR:214|OTH_AJP:867|OTH_FFPA:1014|OTH_FPV:1172,CENTRE_LEFT:867|RIGHT:2186|UNKNOWN:214,CANDIDATE_ORIGIN_PASS_THROUGH
Bulleen,OTH,4,5,ALP+LNP+GRN,LNP,3267,1538.6350099031108,0.470962659903003,4,IND_MINOR:214|OTH_AJP:867|OTH_FFPA:1014|OTH_FPV:1172,CENTRE_LEFT:867|RIGHT:2186|UNKNOWN:214,CANDIDATE_ORIGIN_PASS_THROUGH
Bulleen,IND,5,2,ALP+LNP+GRN+OTH,ALP,419,31.10103092783505,0.07422680412371134,1,IND_MINOR:419,UNKNOWN:419,CANDIDATE_ORIGIN_PASS_THROUGH
Bulleen,IND,5,2,ALP+LNP+GRN+OTH,GRN,419,90.71134020618557,0.21649484536082475,1,IND_MINOR:419,UNKNOWN:419,CANDIDATE_ORIGIN_PASS_THROUGH
Bulleen,IND,5,2,ALP+LNP+GRN+OTH,LNP,419,81.20824742268042,0.19381443298969073,1,IND_MINOR:419,UNKNOWN:419,CANDIDATE_ORIGIN_PASS_THROUGH
Bulleen,IND,5,2,ALP+LNP+GRN+OTH,OTH,419,215.97938144329896,0.5154639175257731,1,IND_MINOR:419,UNKNOWN:419,CANDIDATE_ORIGIN_PASS_THROUGH
Bundoora,GRN,3,5,ALP+LNP,ALP,5311,3927.1701368233194,0.7394408090422367,1,GRN:5311,UNSPECIFIED:5311,CANDIDATE_ORIGIN_PASS_THROUGH
Bundoora,GRN,3,5,ALP+LNP,LNP,5311,1383.8298631766806,0.26055919095776325,1,GRN:5311,UNSPECIFIED:5311,CANDIDATE_ORIGIN_PASS_THROUGH
Bundoora,OTH,4,4,ALP+LNP+GRN,ALP,4162,928.419912427867,0.223070618074932,3,OTH_AJP:1231|OTH_FFPA:1294|OTH_FPV:1637,CENTRE_LEFT:1231|RIGHT:2931,CANDIDATE_ORIGIN_PASS_THROUGH
Bundoora,OTH,4,4,ALP+LNP+GRN,GRN,4162,1311.64976092073,0.31514890939950263,3,OTH_AJP:1231|OTH_FFPA:1294|OTH_FPV:1637,CENTRE_LEFT:1231|RIGHT:2931,CANDIDATE_ORIGIN_PASS_THROUGH
Bundoora,OTH,4,4,ALP+LNP+GRN,LNP,4162,1921.9303266514032,0.4617804725255654,3,OTH_AJP:1231|OTH_FFPA:1294|OTH_FPV:1637,CENTRE_LEFT:1231|RIGHT:2931,CANDIDATE_ORIGIN_PASS_THROUGH
Bundoora,IND,5,1,ALP+LNP+GRN+OTH,ALP,408,61.0,0.14950980392156862,1,IND_MINOR:408,UNKNOWN:408,CANDIDATE_ORIGIN_PASS_THROUGH
Bundoora,IND,5,1,ALP+LNP+GRN+OTH,GRN,408,48.0,0.11764705882352941,1,IND_MINOR:408,UNKNOWN:408,CANDIDATE_ORIGIN_PASS_THROUGH
Bundoora,IND,5,1,ALP+LNP+GRN+OTH,LNP,408,125.00000000000001,0.30637254901960786,1,IND_MINOR:408,UNKNOWN:408,CANDIDATE_ORIGIN_PASS_THROUGH
Bundoora,IND,5,1,ALP+LNP+GRN+OTH,OTH,408,174.0,0.4264705882352941,1,IND_MINOR:408,UNKNOWN:408,CANDIDATE_ORIGIN_PASS_THROUGH
Carrum,GRN,3,5,ALP+LNP,ALP,3278,2022.9636231356858,0.6171335030920335,1,GRN:3278,UNSPECIFIED:3278,CANDIDATE_ORIGIN_PASS_THROUGH
Carrum,GRN,3,5,ALP+LNP,LNP,3278,1255.0363768643142,0.3828664969079665,1,GRN:3278,UNSPECIFIED:3278,CANDIDATE_ORIGIN_PASS_THROUGH
Carrum,OTH,4,4,ALP+LNP+GRN,ALP,4300,708.6746895673604,0.1648080673412466,3,OTH_AJP:1200|OTH_FFPA:1352|OTH_FPV:1748,CENTRE_LEFT:1200|RIGHT:3100,CANDIDATE_ORIGIN_PASS_THROUGH
Carrum,OTH,4,4,ALP+LNP+GRN,GRN,4300,1856.0916048068682,0.4316492104202019,3,OTH_AJP:1200|OTH_FFPA:1352|OTH_FPV:1748,CENTRE_LEFT:1200|RIGHT:3100,CANDIDATE_ORIGIN_PASS_THROUGH
Carrum,OTH,4,4,ALP+LNP+GRN,LNP,4300,1735.2337056257716,0.40354272223855153,3,OTH_AJP:1200|OTH_FFPA:1352|OTH_FPV:1748,CENTRE_LEFT:1200|RIGHT:3100,CANDIDATE_ORIGIN_PASS_THROUGH
Carrum,IND,5,1,ALP+LNP+GRN+OTH,ALP,981,81.0,0.08256880733944955,1,IND_MINOR:981,UNKNOWN:981,CANDIDATE_ORIGIN_PASS_THROUGH
Carrum,IND,5,1,ALP+LNP+GRN+OTH,GRN,981,58.0,0.059123343527013254,1,IND_MINOR:981,UNKNOWN:981,CANDIDATE_ORIGIN_PASS_THROUGH
Carrum,IND,5,1,ALP+LNP+GRN+OTH,LNP,981,106.0,0.10805300713557595,1,IND_MINOR:981,UNKNOWN:981,CANDIDATE_ORIGIN_PASS_THROUGH
Carrum,IND,5,1,ALP+LNP+GRN+OTH,OTH,981,736.0,0.7502548419979612,1,IND_MINOR:981,UNKNOWN:981,CANDIDATE_ORIGIN_PASS_THROUGH
Caulfield,GRN,3,5,ALP+LNP,ALP,6447,5321.755152514427,0.8254622541514545,1,GRN:6447,UNSPECIFIED:6447,CANDIDATE_ORIGIN_PASS_THROUGH
Caulfield,GRN,3,5,ALP+LNP,LNP,6447,1125.2448474855728,0.1745377458485455,1,GRN:6447,UNSPECIFIED:6447,CANDIDATE_ORIGIN_PASS_THROUGH
Caulfield,IND,4,4,ALP+LNP+GRN,ALP,2643,809.1871535702642,0.3061623736550375,1,IND_MINOR:2643,UNKNOWN:2643,CANDIDATE_ORIGIN_PASS_THROUGH
Caulfield,IND,4,4,ALP+LNP+GRN,GRN,2643,1271.9491359634824,0.48125203782197595,1,IND_MINOR:2643,UNKNOWN:2643,CANDIDATE_ORIGIN_PASS_THROUGH
Caulfield,IND,4,4,ALP+LNP+GRN,LNP,2643,561.8637104662537,0.21258558852298665,1,IND_MINOR:2643,UNKNOWN:2643,CANDIDATE_ORIGIN_PASS_THROUGH
Caulfield,OTH,5,3,ALP+LNP+GRN+IND,ALP,2204,251.0,0.11388384754990925,3,OTH_AJP:908|OTH_FFPA:557|OTH_LTP:739,CENTRE_LEFT:908|RIGHT:1296,CANDIDATE_ORIGIN_PASS_THROUGH
Caulfield,OTH,5,3,ALP+LNP+GRN+IND,GRN,2204,568.0,0.2577132486388385,3,OTH_AJP:908|OTH_FFPA:557|OTH_LTP:739,CENTRE_LEFT:908|RIGHT:1296,CANDIDATE_ORIGIN_PASS_THROUGH
Caulfield,OTH,5,3,ALP+LNP+GRN+IND,IND,2204,424.0,0.19237749546279492,3,OTH_AJP:908|OTH_FFPA:557|OTH_LTP:739,CENTRE_LEFT:908|RIGHT:1296,CANDIDATE_ORIGIN_PASS_THROUGH
Caulfield,OTH,5,3,ALP+LNP+GRN+IND,LNP,2204,961.0,0.4360254083484574,3,OTH_AJP:908|OTH_FFPA:557|OTH_LTP:739,CENTRE_LEFT:908|RIGHT:1296,CANDIDATE_ORIGIN_PASS_THROUGH
Clarinda,IND,3,6,ALP+LNP,ALP,3167,1370.5667076814905,0.43276498505888555,1,IND_MINOR:3167,UNKNOWN:3167,CANDIDATE_ORIGIN_PASS_THROUGH
Clarinda,IND,3,6,ALP+LNP,LNP,3167,1796.4332923185093,0.5672350149411144,1,IND_MINOR:3167,UNKNOWN:3167,CANDIDATE_ORIGIN_PASS_THROUGH
Clarinda,GRN,4,5,ALP+LNP+IND,ALP,3227,2134.71036889332,0.6615154536390827,1,GRN:3227,UNSPECIFIED:3227,CANDIDATE_ORIGIN_PASS_THROUGH
Clarinda,GRN,4,5,ALP+LNP+IND,IND,3227,590.3833499501495,0.18295114656031902,1,GRN:3227,UNSPECIFIED:3227,CANDIDATE_ORIGIN_PASS_THROUGH
Clarinda,GRN,4,5,ALP+LNP+IND,LNP,3227,501.90628115653044,0.15553339980059822,1,GRN:3227,UNSPECIFIED:3227,CANDIDATE_ORIGIN_PASS_THROUGH
Clarinda,OTH,5,4,ALP+LNP+GRN+IND,ALP,4136,859.0000000000001,0.20768858800773699,4,IND_MINOR:1122|OTH_AJP:1005|OTH_FFPA:1215|OTH_FPV:794,CENTRE_LEFT:1005|RIGHT:2009|UNKNOWN:1122,CANDIDATE_ORIGIN_PASS_THROUGH
Clarinda,OTH,5,4,ALP+LNP+GRN+IND,GRN,4136,785.0,0.18979690522243714,4,IND_MINOR:1122|OTH_AJP:1005|OTH_FFPA:1215|OTH_FPV:794,CENTRE_LEFT:1005|RIGHT:2009|UNKNOWN:1122,CANDIDATE_ORIGIN_PASS_THROUGH
Clarinda,OTH,5,4,ALP+LNP+GRN+IND,IND,4136,1788.0,0.4323017408123791,4,IND_MINOR:1122|OTH_AJP:1005|OTH_FFPA:1215|OTH_FPV:794,CENTRE_LEFT:1005|RIGHT:2009|UNKNOWN:1122,CANDIDATE_ORIGIN_PASS_THROUGH
Clarinda,OTH,5,4,ALP+LNP+GRN+IND,LNP,4136,704.0,0.1702127659574468,4,IND_MINOR:1122|OTH_AJP:1005|OTH_FFPA:1215|OTH_FPV:794,CENTRE_LEFT:1005|RIGHT:2009|UNKNOWN:1122,CANDIDATE_ORIGIN_PASS_THROUGH
Cranbourne,OTH,3,7,ALP+LNP,ALP,8215,3584.102802873947,0.4362876205567799,5,OTH_AJP:1006|OTH_DHJP:1126|OTH_DLP:2044|OTH_FFPA:2249|OTH_FPV:1790,CENTRE_LEFT:1006|CENTRE_RIGHT:1126|RIGHT:6083,CANDIDATE_ORIGIN_PASS_THROUGH
Cranbourne,OTH,3,7,ALP+LNP,LNP,8215,4630.897197126053,0.5637123794432201,5,OTH_AJP:1006|OTH_DHJP:1126|OTH_DLP:2044|OTH_FFPA:2249|OTH_FPV:1790,CENTRE_LEFT:1006|CENTRE_RIGHT:1126|RIGHT:6083,CANDIDATE_ORIGIN_PASS_THROUGH
Cranbourne,GRN,4,6,ALP+LNP+OTH,ALP,2282,1284.4663148090656,0.5628686743247439,1,GRN:2282,UNSPECIFIED:2282,CANDIDATE_ORIGIN_PASS_THROUGH
Cranbourne,GRN,4,6,ALP+LNP+OTH,LNP,2282,280.5563489599503,0.12294318534616577,1,GRN:2282,UNSPECIFIED:2282,CANDIDATE_ORIGIN_PASS_THROUGH
Cranbourne,GRN,4,6,ALP+LNP+OTH,OTH,2282,716.9773362309842,0.31418814032909037,1,GRN:2282,UNSPECIFIED:2282,CANDIDATE_ORIGIN_PASS_THROUGH
Cranbourne,IND,5,1,ALP+LNP+GRN+OTH,ALP,242,25.0,0.10330578512396695,1,IND_MINOR:242,UNKNOWN:242,CANDIDATE_ORIGIN_PASS_THROUGH
Cranbourne,IND,5,1,ALP+LNP+GRN+OTH,GRN,242,30.999999999999996,0.128099173553719,1,IND_MINOR:242,UNKNOWN:242,CANDIDATE_ORIGIN_PASS_THROUGH
Cranbourne,IND,5,1,ALP+LNP+GRN+OTH,LNP,242,80.0,0.3305785123966942,1,IND_MINOR:242,UNKNOWN:242,CANDIDATE_ORIGIN_PASS_THROUGH
Cranbourne,IND,5,1,ALP+LNP+GRN+OTH,OTH,242,106.0,0.4380165289256198,1,IND_MINOR:242,UNKNOWN:242,CANDIDATE_ORIGIN_PASS_THROUGH
Croydon,GRN,3,4,ALP+LNP,ALP,4940,3768.063829787234,0.7627659574468085,1,GRN:4940,UNSPECIFIED:4940,CANDIDATE_ORIGIN_PASS_THROUGH
Croydon,GRN,3,4,ALP+LNP,LNP,4940,1171.936170212766,0.2372340425531915,1,GRN:4940,UNSPECIFIED:4940,CANDIDATE_ORIGIN_PASS_THROUGH
Croydon,OTH,4,3,ALP+LNP+GRN,ALP,5530,1610.0,0.2911392405063291,3,OTH_AJP:1501|OTH_DLP:1978|OTH_FFPA:2051,CENTRE_LEFT:1501|RIGHT:4029,CANDIDATE_ORIGIN_PASS_THROUGH
Croydon,OTH,4,3,ALP+LNP+GRN,GRN,5530,1640.0,0.2965641952983725,3,OTH_AJP:1501|OTH_DLP:1978|OTH_FFPA:2051,CENTRE_LEFT:1501|RIGHT:4029,CANDIDATE_ORIGIN_PASS_THROUGH
Croydon,OTH,4,3,ALP+LNP+GRN,LNP,5530,2280.0,0.41229656419529837,3,OTH_AJP:1501|OTH_DLP:1978|OTH_FFPA:2051,CENTRE_LEFT:1501|RIGHT:4029,CANDIDATE_ORIGIN_PASS_THROUGH
Dandenong,OTH,3,5,ALP+LNP,ALP,6126,2917.1641904330804,0.4761939586080771,4,OTH_AJP:974|OTH_FFPA:2715|OTH_FPV:1479|OTH_LTP:958,CENTRE_LEFT:974|RIGHT:5152,CANDIDATE_ORIGIN_PASS_THROUGH
Dandenong,OTH,3,5,ALP+LNP,LNP,6126,3208.835809566919,0.5238060413919228,4,OTH_AJP:974|OTH_FFPA:2715|OTH_FPV:1479|OTH_LTP:958,CENTRE_LEFT:974|RIGHT:5152,CANDIDATE_ORIGIN_PASS_THROUGH
Dandenong,GRN,4,4,ALP+LNP+OTH,ALP,3197,1985.2615343347638,0.6209763948497854,1,GRN:3197,UNSPECIFIED:3197,CANDIDATE_ORIGIN_PASS_THROUGH
Dandenong,GRN,4,4,ALP+LNP+OTH,LNP,3197,433.0700107296137,0.13546137339055794,1,GRN:3197,UNSPECIFIED:3197,CANDIDATE_ORIGIN_PASS_THROUGH
Dandenong,GRN,4,4,ALP+LNP+OTH,OTH,3197,778.6684549356223,0.24356223175965666,1,GRN:3197,UNSPECIFIED:3197,CANDIDATE_ORIGIN_PASS_THROUGH
Eildon,GRN,3,6,ALP+LNP,ALP,4753,3637.573574029126,0.7653216019417476,1,GRN:4753,UNSPECIFIED:4753,CANDIDATE_ORIGIN_PASS_THROUGH
Eildon,GRN,3,6,ALP+LNP,LNP,4753,1115.4264259708739,0.23467839805825244,1,GRN:4753,UNSPECIFIED:4753,CANDIDATE_ORIGIN_PASS_THROUGH
Eildon,OTH,4,5,ALP+LNP+GRN,ALP,4662,786.6846770350783,0.16874403196805626,4,IND_MINOR:459|OTH_AJP:1340|OTH_FFPA:1437|OTH_FPV:1426,CENTRE_LEFT:1340|RIGHT:2863|UNKNOWN:459,CANDIDATE_ORIGIN_PASS_THROUGH
Eildon,OTH,4,5,ALP+LNP+GRN,GRN,4662,1570.050387093082,0.3367761448076109,4,IND_MINOR:459|OTH_AJP:1340|OTH_FFPA:1437|OTH_FPV:1426,CENTRE_LEFT:1340|RIGHT:2863|UNKNOWN:459,CANDIDATE_ORIGIN_PASS_THROUGH
Eildon,OTH,4,5,ALP+LNP+GRN,LNP,4662,2305.264935871839,0.4944798232243327,4,IND_MINOR:459|OTH_AJP:1340|OTH_FFPA:1437|OTH_FPV:1426,CENTRE_LEFT:1340|RIGHT:2863|UNKNOWN:459,CANDIDATE_ORIGIN_PASS_THROUGH
Eildon,IND,5,2,ALP+LNP+GRN+OTH,ALP,581,84.64900662251655,0.1456953642384106,1,IND_MINOR:581,UNKNOWN:581,CANDIDATE_ORIGIN_PASS_THROUGH
Eildon,IND,5,2,ALP+LNP+GRN+OTH,GRN,581,193.15364238410598,0.33245033112582784,1,IND_MINOR:581,UNKNOWN:581,CANDIDATE_ORIGIN_PASS_THROUGH
Eildon,IND,5,2,ALP+LNP+GRN+OTH,LNP,581,73.10596026490066,0.12582781456953643,1,IND_MINOR:581,UNKNOWN:581,CANDIDATE_ORIGIN_PASS_THROUGH
Eildon,IND,5,2,ALP+LNP+GRN+OTH,OTH,581,230.09139072847682,0.39602649006622515,1,IND_MINOR:581,UNKNOWN:581,CANDIDATE_ORIGIN_PASS_THROUGH
Eltham,GRN,3,4,ALP+LNP,ALP,5897,5013.441309750036,0.8501681040783511,1,GRN:5897,UNSPECIFIED:5897,CANDIDATE_ORIGIN_PASS_THROUGH
Eltham,GRN,3,4,ALP+LNP,LNP,5897,883.5586902499635,0.1498318959216489,1,GRN:5897,UNSPECIFIED:5897,CANDIDATE_ORIGIN_PASS_THROUGH
Eltham,OTH,4,3,ALP+LNP+GRN,ALP,2823,545.0,0.1930570315267446,3,OTH_AJP:995|OTH_DLP:710|OTH_FFPA:1118,CENTRE_LEFT:995|RIGHT:1828,CANDIDATE_ORIGIN_PASS_THROUGH
Eltham,OTH,4,3,ALP+LNP+GRN,GRN,2823,944.0,0.33439603258944384,3,OTH_AJP:995|OTH_DLP:710|OTH_FFPA:1118,CENTRE_LEFT:995|RIGHT:1828,CANDIDATE_ORIGIN_PASS_THROUGH
Eltham,OTH,4,3,ALP+LNP+GRN,LNP,2823,1334.0,0.4725469358838115,3,OTH_AJP:995|OTH_DLP:710|OTH_FFPA:1118,CENTRE_LEFT:995|RIGHT:1828,CANDIDATE_ORIGIN_PASS_THROUGH
Essendon,GRN,3,6,ALP+LNP,ALP,6344,5151.533665835412,0.8120324189526185,1,GRN:6344,UNSPECIFIED:6344,CANDIDATE_ORIGIN_PASS_THROUGH
Essendon,GRN,3,6,ALP+LNP,LNP,6344,1192.4663341645885,0.18796758104738154,1,GRN:6344,UNSPECIFIED:6344,CANDIDATE_ORIGIN_PASS_THROUGH
Essendon,OTH,4,5,ALP+LNP+GRN,ALP,5996,1135.0,0.18929286190793862,5,OTH_AJP:1173|OTH_FFPA:848|OTH_FPV:1006|OTH_REASON:1018|OTH_VNS:1951,CENTRE_LEFT:2191|LEFT:1951|RIGHT:1854,CANDIDATE_ORIGIN_PASS_THROUGH
Essendon,OTH,4,5,ALP+LNP+GRN,GRN,5996,3279.9999999999995,0.5470313542361573,5,OTH_AJP:1173|OTH_FFPA:848|OTH_FPV:1006|OTH_REASON:1018|OTH_VNS:1951,CENTRE_LEFT:2191|LEFT:1951|RIGHT:1854,CANDIDATE_ORIGIN_PASS_THROUGH
Essendon,OTH,4,5,ALP+LNP+GRN,LNP,5996,1581.0,0.26367578385590396,5,OTH_AJP:1173|OTH_FFPA:848|OTH_FPV:1006|OTH_REASON:1018|OTH_VNS:1951,CENTRE_LEFT:2191|LEFT:1951|RIGHT:1854,CANDIDATE_ORIGIN_PASS_THROUGH
Eureka,GRN,3,8,ALP+LNP,ALP,4887,3659.517250897047,0.7488269390008281,1,GRN:4887,UNSPECIFIED:4887,CANDIDATE_ORIGIN_PASS_THROUGH
Eureka,GRN,3,8,ALP+LNP,LNP,4887,1227.4827491029534,0.25117306099917197,1,GRN:4887,UNSPECIFIED:4887,CANDIDATE_ORIGIN_PASS_THROUGH
Eureka,OTH,4,7,ALP+LNP+GRN,ALP,6426,1599.3345061394828,0.24888492159033346,6,IND_MINOR:886|OTH_AJP:1519|OTH_DLP:1821|OTH_FFPA:1233|OTH_FPV:967,CENTRE_LEFT:1519|RIGHT:4021|UNKNOWN:886,CANDIDATE_ORIGIN_PASS_THROUGH
Eureka,OTH,4,7,ALP+LNP+GRN,GRN,6426,2044.2719810581611,0.31812511376566466,6,IND_MINOR:886|OTH_AJP:1519|OTH_DLP:1821|OTH_FFPA:1233|OTH_FPV:967,CENTRE_LEFT:1519|RIGHT:4021|UNKNOWN:886,CANDIDATE_ORIGIN_PASS_THROUGH
Eureka,OTH,4,7,ALP+LNP+GRN,LNP,6426,2782.393512802356,0.43298996464400186,6,IND_MINOR:886|OTH_AJP:1519|OTH_DLP:1821|OTH_FFPA:1233|OTH_FPV:967,CENTRE_LEFT:1519|RIGHT:4021|UNKNOWN:886,CANDIDATE_ORIGIN_PASS_THROUGH
Eureka,IND,5,6,ALP+LNP+GRN+OTH,ALP,1083,234.41773897058823,0.21645220588235295,1,IND_MINOR:1083,UNKNOWN:1083,CANDIDATE_ORIGIN_PASS_THROUGH
Eureka,IND,5,6,ALP+LNP+GRN+OTH,GRN,1083,171.2095588235294,0.15808823529411764,1,IND_MINOR:1083,UNKNOWN:1083,CANDIDATE_ORIGIN_PASS_THROUGH
Eureka,IND,5,6,ALP+LNP+GRN+OTH,LNP,1083,232.4269301470588,0.21461397058823528,1,IND_MINOR:1083,UNKNOWN:1083,CANDIDATE_ORIGIN_PASS_THROUGH
Eureka,IND,5,6,ALP+LNP+GRN+OTH,OTH,1083,444.94577205882354,0.4108455882352941,1,IND_MINOR:1083,UNKNOWN:1083,CANDIDATE_ORIGIN_PASS_THROUGH
Euroa,OTH,3,4,ALP+LNP,ALP,4434,1191.5914947296174,0.2687396244315781,3,OTH_AJP:1170|OTH_FFPA:1494|OTH_FPV:1770,CENTRE_LEFT:1170|RIGHT:3264,CANDIDATE_ORIGIN_PASS_THROUGH
Euroa,OTH,3,4,ALP+LNP,LNP,4434,3242.408505270383,0.7312603755684219,3,OTH_AJP:1170|OTH_FFPA:1494|OTH_FPV:1770,CENTRE_LEFT:1170|RIGHT:3264,CANDIDATE_ORIGIN_PASS_THROUGH
Euroa,GRN,4,3,ALP+LNP+OTH,ALP,2245,1486.3850724099518,0.662086891942072,1,GRN:2245,UNSPECIFIED:2245,CANDIDATE_ORIGIN_PASS_THROUGH
Euroa,GRN,4,3,ALP+LNP+OTH,LNP,2245,434.3278871147419,0.1934645376903082,1,GRN:2245,UNSPECIFIED:2245,CANDIDATE_ORIGIN_PASS_THROUGH
Euroa,GRN,4,3,ALP+LNP+OTH,OTH,2245,324.28704047530636,0.14444857036761977,1,GRN:2245,UNSPECIFIED:2245,CANDIDATE_ORIGIN_PASS_THROUGH
Evelyn,GRN,3,5,ALP+LNP,ALP,4051,2964.569186875892,0.7318116975748931,1,GRN:4051,UNSPECIFIED:4051,CANDIDATE_ORIGIN_PASS_THROUGH
Evelyn,GRN,3,5,ALP+LNP,LNP,4051,1086.4308131241085,0.268188302425107,1,GRN:4051,UNSPECIFIED:4051,CANDIDATE_ORIGIN_PASS_THROUGH
Evelyn,OTH,4,4,ALP+LNP+GRN,ALP,4503,984.1333154514075,0.2185505919279164,3,IND_MINOR:366|OTH_AJP:1819|OTH_FFPA:2318,CENTRE_LEFT:1819|RIGHT:2318|UNKNOWN:366,CANDIDATE_ORIGIN_PASS_THROUGH
Evelyn,OTH,4,4,ALP+LNP+GRN,GRN,4503,1434.4643512868456,0.31855748418539764,3,IND_MINOR:366|OTH_AJP:1819|OTH_FFPA:2318,CENTRE_LEFT:1819|RIGHT:2318|UNKNOWN:366,CANDIDATE_ORIGIN_PASS_THROUGH
Evelyn,OTH,4,4,ALP+LNP+GRN,LNP,4503,2084.402333261747,0.46289192388668604,3,IND_MINOR:366|OTH_AJP:1819|OTH_FFPA:2318,CENTRE_LEFT:1819|RIGHT:2318|UNKNOWN:366,CANDIDATE_ORIGIN_PASS_THROUGH
Evelyn,IND,5,2,ALP+LNP+GRN+OTH,ALP,448,53.152542372881356,0.11864406779661017,1,IND_MINOR:448,UNKNOWN:448,CANDIDATE_ORIGIN_PASS_THROUGH
Evelyn,IND,5,2,ALP+LNP+GRN+OTH,GRN,448,37.27580893682589,0.08320493066255778,1,IND_MINOR:448,UNKNOWN:448,CANDIDATE_ORIGIN_PASS_THROUGH
Evelyn,IND,5,2,ALP+LNP+GRN+OTH,LNP,448,98.71186440677965,0.22033898305084745,1,IND_MINOR:448,UNKNOWN:448,CANDIDATE_ORIGIN_PASS_THROUGH
Evelyn,IND,5,2,ALP+LNP+GRN+OTH,OTH,448,258.8597842835131,0.5778120184899845,1,IND_MINOR:448,UNKNOWN:448,CANDIDATE_ORIGIN_PASS_THROUGH
Footscray,LNP,3,5,ALP+GRN,ALP,7214,2666.9476408989294,0.369690551829627,1,LIB:7214,UNSPECIFIED:7214,CANDIDATE_ORIGIN_PASS_THROUGH
Footscray,LNP,3,5,ALP+GRN,GRN,7214,4547.052359101071,0.6303094481703729,1,LIB:7214,UNSPECIFIED:7214,CANDIDATE_ORIGIN_PASS_THROUGH
Footscray,OTH,4,4,ALP+LNP+GRN,ALP,6694,1351.0,0.20182252763668956,4,OTH_AJP:989|OTH_DLP:1098|OTH_FFPA:838|OTH_VNS:3769,CENTRE_LEFT:989|LEFT:3769|RIGHT:1936,CANDIDATE_ORIGIN_PASS_THROUGH
Footscray,OTH,4,4,ALP+LNP+GRN,GRN,6694,4058.0,0.606214520466089,4,OTH_AJP:989|OTH_DLP:1098|OTH_FFPA:838|OTH_VNS:3769,CENTRE_LEFT:989|LEFT:3769|RIGHT:1936,CANDIDATE_ORIGIN_PASS_THROUGH
Footscray,OTH,4,4,ALP+LNP+GRN,LNP,6694,1285.0,0.1919629518972214,4,OTH_AJP:989|OTH_DLP:1098|OTH_FFPA:838|OTH_VNS:3769,CENTRE_LEFT:989|LEFT:3769|RIGHT:1936,CANDIDATE_ORIGIN_PASS_THROUGH
Frankston,GRN,3,7,ALP+LNP,ALP,5060,3972.374447569305,0.7850542386500603,1,GRN:5060,UNSPECIFIED:5060,CANDIDATE_ORIGIN_PASS_THROUGH
Frankston,GRN,3,7,ALP+LNP,LNP,5060,1087.625552430695,0.21494576134993973,1,GRN:5060,UNSPECIFIED:5060,CANDIDATE_ORIGIN_PASS_THROUGH
Frankston,OTH,4,6,ALP+LNP+GRN,ALP,5680,803.4368454684077,0.1414501488500718,5,IND_MINOR:369|OTH_AJP:1365|OTH_FFPA:1083|OTH_FPV:1443|OTH_LTP:1420,CENTRE_LEFT:1365|RIGHT:3946|UNKNOWN:369,CANDIDATE_ORIGIN_PASS_THROUGH
Frankston,OTH,4,6,ALP+LNP+GRN,GRN,5680,2096.198330166456,0.369049001789869,5,IND_MINOR:369|OTH_AJP:1365|OTH_FFPA:1083|OTH_FPV:1443|OTH_LTP:1420,CENTRE_LEFT:1365|RIGHT:3946|UNKNOWN:369,CANDIDATE_ORIGIN_PASS_THROUGH
Frankston,OTH,4,6,ALP+LNP+GRN,LNP,5680,2780.364824365136,0.48950084936005916,5,IND_MINOR:369|OTH_AJP:1365|OTH_FFPA:1083|OTH_FPV:1443|OTH_LTP:1420,CENTRE_LEFT:1365|RIGHT:3946|UNKNOWN:369,CANDIDATE_ORIGIN_PASS_THROUGH
Frankston,IND,5,2,ALP+LNP+GRN+OTH,ALP,844,68.50364203954214,0.08116545265348594,1,IND_MINOR:844,UNKNOWN:844,CANDIDATE_ORIGIN_PASS_THROUGH
Frankston,IND,5,2,ALP+LNP+GRN+OTH,GRN,844,70.26014568158169,0.08324661810613944,1,IND_MINOR:844,UNKNOWN:844,CANDIDATE_ORIGIN_PASS_THROUGH
Frankston,IND,5,2,ALP+LNP+GRN+OTH,LNP,844,61.477627471383975,0.07284079084287201,1,IND_MINOR:844,UNKNOWN:844,CANDIDATE_ORIGIN_PASS_THROUGH
Frankston,IND,5,2,ALP+LNP+GRN+OTH,OTH,844,643.7585848074922,0.7627471383975026,1,IND_MINOR:844,UNKNOWN:844,CANDIDATE_ORIGIN_PASS_THROUGH
Geelong,GRN,3,5,ALP+LNP,ALP,6849,5644.6257269928155,0.8241532671912418,1,GRN:6849,UNSPECIFIED:6849,CANDIDATE_ORIGIN_PASS_THROUGH
Geelong,GRN,3,5,ALP+LNP,LNP,6849,1204.3742730071845,0.17584673280875812,1,GRN:6849,UNSPECIFIED:6849,CANDIDATE_ORIGIN_PASS_THROUGH
Geelong,OTH,4,4,ALP+LNP+GRN,ALP,3971,752.705271496598,0.18955055943001714,3,IND_MINOR:455|OTH_AJP:1465|OTH_FFPA:2051,CENTRE_LEFT:1465|RIGHT:2051|UNKNOWN:455,CANDIDATE_ORIGIN_PASS_THROUGH
Geelong,OTH,4,4,ALP+LNP+GRN,GRN,3971,1455.4028623988875,0.36650789785920107,3,IND_MINOR:455|OTH_AJP:1465|OTH_FFPA:2051,CENTRE_LEFT:1465|RIGHT:2051|UNKNOWN:455,CANDIDATE_ORIGIN_PASS_THROUGH
Geelong,OTH,4,4,ALP+LNP+GRN,LNP,3971,1762.8918661045145,0.4439415427107818,3,IND_MINOR:455|OTH_AJP:1465|OTH_FFPA:2051,CENTRE_LEFT:1465|RIGHT:2051|UNKNOWN:455,CANDIDATE_ORIGIN_PASS_THROUGH
Geelong,IND,5,2,ALP+LNP+GRN+OTH,ALP,994,159.3170731707317,0.1602787456445993,1,IND_MINOR:994,UNKNOWN:994,CANDIDATE_ORIGIN_PASS_THROUGH
Geelong,IND,5,2,ALP+LNP+GRN+OTH,GRN,994,327.2926829268293,0.32926829268292684,1,IND_MINOR:994,UNKNOWN:994,CANDIDATE_ORIGIN_PASS_THROUGH
Geelong,IND,5,2,ALP+LNP+GRN+OTH,LNP,994,102.17073170731707,0.10278745644599303,1,IND_MINOR:994,UNKNOWN:994,CANDIDATE_ORIGIN_PASS_THROUGH
Geelong,IND,5,2,ALP+LNP+GRN+OTH,OTH,994,405.2195121951219,0.4076655052264808,1,IND_MINOR:994,UNKNOWN:994,CANDIDATE_ORIGIN_PASS_THROUGH
Gippsland East,OTH,3,5,ALP+LNP,ALP,5591,1559.0695208029226,0.278853428868346,4,OTH_AJP:725|OTH_ASP:2461|OTH_FFPA:1068|OTH_FPV:1337,CENTRE_LEFT:725|CENTRE_RIGHT:2461|RIGHT:2405,CANDIDATE_ORIGIN_PASS_THROUGH
Gippsland East,OTH,3,5,ALP+LNP,LNP,5591,4031.930479197077,0.7211465711316539,4,OTH_AJP:725|OTH_ASP:2461|OTH_FFPA:1068|OTH_FPV:1337,CENTRE_LEFT:725|CENTRE_RIGHT:2461|RIGHT:2405,CANDIDATE_ORIGIN_PASS_THROUGH
Gippsland East,GRN,4,4,ALP+LNP+OTH,ALP,2688,1899.2696093998095,0.7065735154017149,1,GRN:2688,UNSPECIFIED:2688,CANDIDATE_ORIGIN_PASS_THROUGH
Gippsland East,GRN,4,4,ALP+LNP+OTH,LNP,2688,474.60400127024457,0.1765639885677993,1,GRN:2688,UNSPECIFIED:2688,CANDIDATE_ORIGIN_PASS_THROUGH
Gippsland East,GRN,4,4,ALP+LNP+OTH,OTH,2688,314.12638932994605,0.11686249603048589,1,GRN:2688,UNSPECIFIED:2688,CANDIDATE_ORIGIN_PASS_THROUGH
Gippsland South,GRN,3,5,ALP+LNP,ALP,3536,2610.892033966842,0.7383744439951476,1,GRN:3536,UNSPECIFIED:3536,CANDIDATE_ORIGIN_PASS_THROUGH
Gippsland South,GRN,3,5,ALP+LNP,LNP,3536,925.1079660331582,0.26162555600485243,1,GRN:3536,UNSPECIFIED:3536,CANDIDATE_ORIGIN_PASS_THROUGH
Gippsland South,IND,4,4,ALP+LNP+GRN,ALP,2411,270.86035267349257,0.11234357224118315,1,IND_MINOR:2411,UNKNOWN:2411,CANDIDATE_ORIGIN_PASS_THROUGH
Gippsland South,IND,4,4,ALP+LNP+GRN,GRN,2411,431.31939704209327,0.17889647326507394,1,IND_MINOR:2411,UNKNOWN:2411,CANDIDATE_ORIGIN_PASS_THROUGH
Gippsland South,IND,4,4,ALP+LNP+GRN,LNP,2411,1708.820250284414,0.7087599544937428,1,IND_MINOR:2411,UNKNOWN:2411,CANDIDATE_ORIGIN_PASS_THROUGH
Gippsland South,OTH,5,3,ALP+LNP+GRN+IND,ALP,3916,622.0,0.1588355464759959,3,OTH_AJP:1347|OTH_FFPA:1213|OTH_FPV:1356,CENTRE_LEFT:1347|RIGHT:2569,CANDIDATE_ORIGIN_PASS_THROUGH
Gippsland South,OTH,5,3,ALP+LNP+GRN+IND,GRN,3916,781.0,0.199438202247191,3,OTH_AJP:1347|OTH_FFPA:1213|OTH_FPV:1356,CENTRE_LEFT:1347|RIGHT:2569,CANDIDATE_ORIGIN_PASS_THROUGH
Gippsland South,OTH,5,3,ALP+LNP+GRN+IND,IND,3916,1105.0,0.28217568947906024,3,OTH_AJP:1347|OTH_FFPA:1213|OTH_FPV:1356,CENTRE_LEFT:1347|RIGHT:2569,CANDIDATE_ORIGIN_PASS_THROUGH
Gippsland South,OTH,5,3,ALP+LNP+GRN+IND,LNP,3916,1408.0,0.3595505617977528,3,OTH_AJP:1347|OTH_FFPA:1213|OTH_FPV:1356,CENTRE_LEFT:1347|RIGHT:2569,CANDIDATE_ORIGIN_PASS_THROUGH
Glen Waverley,GRN,3,5,ALP+LNP,ALP,4279,3447.538998637602,0.8056880108991825,1,GRN:4279,UNSPECIFIED:4279,CANDIDATE_ORIGIN_PASS_THROUGH
Glen Waverley,GRN,3,5,ALP+LNP,LNP,4279,831.4610013623977,0.19431198910081743,1,GRN:4279,UNSPECIFIED:4279,CANDIDATE_ORIGIN_PASS_THROUGH
Glen Waverley,OTH,4,4,ALP+LNP+GRN,ALP,4294,925.0,0.21541686073591057,4,OTH_AJP:802|OTH_DLP:1856|OTH_FFPA:972|OTH_FPV:664,CENTRE_LEFT:802|RIGHT:3492,CANDIDATE_ORIGIN_PASS_THROUGH
Glen Waverley,OTH,4,4,ALP+LNP+GRN,GRN,4294,1593.0,0.3709827666511411,4,OTH_AJP:802|OTH_DLP:1856|OTH_FFPA:972|OTH_FPV:664,CENTRE_LEFT:802|RIGHT:3492,CANDIDATE_ORIGIN_PASS_THROUGH
Glen Waverley,OTH,4,4,ALP+LNP+GRN,LNP,4294,1776.0,0.4136003726129483,4,OTH_AJP:802|OTH_DLP:1856|OTH_FFPA:972|OTH_FPV:664,CENTRE_LEFT:802|RIGHT:3492,CANDIDATE_ORIGIN_PASS_THROUGH
Greenvale,OTH,3,6,ALP+LNP,ALP,7880,3572.7234924623845,0.4533913061500488,4,OTH_AJP:1295|OTH_FFPA:2778|OTH_FPV:1225|OTH_VNS:2582,CENTRE_LEFT:1295|LEFT:2582|RIGHT:4003,CANDIDATE_ORIGIN_PASS_THROUGH
Greenvale,OTH,3,6,ALP+LNP,LNP,7880,4307.276507537616,0.5466086938499514,4,OTH_AJP:1295|OTH_FFPA:2778|OTH_FPV:1225|OTH_VNS:2582,CENTRE_LEFT:1295|LEFT:2582|RIGHT:4003,CANDIDATE_ORIGIN_PASS_THROUGH
Greenvale,GRN,4,4,ALP+LNP+OTH,ALP,2194,994.6445868945868,0.45334757834757833,1,GRN:2194,UNSPECIFIED:2194,CANDIDATE_ORIGIN_PASS_THROUGH
Greenvale,GRN,4,4,ALP+LNP+OTH,LNP,2194,227.36965811965814,0.10363247863247864,1,GRN:2194,UNSPECIFIED:2194,CANDIDATE_ORIGIN_PASS_THROUGH
Greenvale,GRN,4,4,ALP+LNP+OTH,OTH,2194,971.9857549857551,0.4430199430199431,1,GRN:2194,UNSPECIFIED:2194,CANDIDATE_ORIGIN_PASS_THROUGH
Greenvale,IND,5,3,ALP+LNP+GRN+OTH,ALP,2416,361.6990328820116,0.14970986460348162,1,IND_MINOR:2416,UNKNOWN:2416,CANDIDATE_ORIGIN_PASS_THROUGH
Greenvale,IND,5,3,ALP+LNP+GRN+OTH,GRN,2416,175.7090909090909,0.07272727272727272,1,IND_MINOR:2416,UNKNOWN:2416,CANDIDATE_ORIGIN_PASS_THROUGH
Greenvale,IND,5,3,ALP+LNP+GRN+OTH,LNP,2416,891.6301740812379,0.3690522243713733,1,IND_MINOR:2416,UNKNOWN:2416,CANDIDATE_ORIGIN_PASS_THROUGH
Greenvale,IND,5,3,ALP+LNP+GRN+OTH,OTH,2416,986.9617021276596,0.4085106382978723,1,IND_MINOR:2416,UNKNOWN:2416,CANDIDATE_ORIGIN_PASS_THROUGH
Hastings,GRN,3,6,ALP+LNP,ALP,4118,3205.480839720093,0.7784071976007997,1,GRN:4118,UNSPECIFIED:4118,CANDIDATE_ORIGIN_PASS_THROUGH
Hastings,GRN,3,6,ALP+LNP,LNP,4118,912.5191602799067,0.22159280239920026,1,GRN:4118,UNSPECIFIED:4118,CANDIDATE_ORIGIN_PASS_THROUGH
Hastings,OTH,4,5,ALP+LNP+GRN,ALP,4805,1025.023089932552,0.21332426429397544,4,OTH_AJP:1736|OTH_DLP:833|OTH_FFPA:1001|OTH_FPV:1235,CENTRE_LEFT:1736|RIGHT:3069,CANDIDATE_ORIGIN_PASS_THROUGH
Hastings,OTH,4,5,ALP+LNP+GRN,GRN,4805,1708.5575257423768,0.3555790896446154,4,OTH_AJP:1736|OTH_DLP:833|OTH_FFPA:1001|OTH_FPV:1235,CENTRE_LEFT:1736|RIGHT:3069,CANDIDATE_ORIGIN_PASS_THROUGH
Hastings,OTH,4,5,ALP+LNP+GRN,LNP,4805,2071.4193843250714,0.43109664606140924,4,OTH_AJP:1736|OTH_DLP:833|OTH_FFPA:1001|OTH_FPV:1235,CENTRE_LEFT:1736|RIGHT:3069,CANDIDATE_ORIGIN_PASS_THROUGH
Hastings,IND,5,1,ALP+LNP+GRN+OTH,ALP,533,70.0,0.13133208255159476,1,IND_MINOR:533,UNKNOWN:533,CANDIDATE_ORIGIN_PASS_THROUGH
Hastings,IND,5,1,ALP+LNP+GRN+OTH,GRN,533,94.0,0.17636022514071295,1,IND_MINOR:533,UNKNOWN:533,CANDIDATE_ORIGIN_PASS_THROUGH
Hastings,IND,5,1,ALP+LNP+GRN+OTH,LNP,533,133.0,0.24953095684803,1,IND_MINOR:533,UNKNOWN:533,CANDIDATE_ORIGIN_PASS_THROUGH
Hastings,IND,5,1,ALP+LNP+GRN+OTH,OTH,533,236.0,0.4427767354596623,1,IND_MINOR:533,UNKNOWN:533,CANDIDATE_ORIGIN_PASS_THROUGH
Hawthorn,IND,3,6,ALP+LNP,ALP,8851,6767.073229391275,0.7645546525128545,1,IND_PROMINENT:8851,CENTRE:8851,CANDIDATE_ORIGIN_PASS_THROUGH
Hawthorn,IND,3,6,ALP+LNP,LNP,8851,2083.9267706087244,0.23544534748714546,1,IND_PROMINENT:8851,CENTRE:8851,CANDIDATE_ORIGIN_PASS_THROUGH
Hawthorn,GRN,4,5,ALP+LNP+IND,ALP,4927,1823.8478425435276,0.37017411052233157,1,GRN:4927,UNSPECIFIED:4927,CANDIDATE_ORIGIN_PASS_THROUGH
Hawthorn,GRN,4,5,ALP+LNP+IND,IND,4927,2645.3253217259653,0.5369038607115821,1,GRN:4927,UNSPECIFIED:4927,CANDIDATE_ORIGIN_PASS_THROUGH
Hawthorn,GRN,4,5,ALP+LNP+IND,LNP,4927,457.8268357305072,0.0929220287660863,1,GRN:4927,UNSPECIFIED:4927,CANDIDATE_ORIGIN_PASS_THROUGH
Hawthorn,OTH,5,4,ALP+LNP+GRN+IND,ALP,2005,409.0,0.20399002493765586,4,OTH_AJP:660|OTH_DLP:354|OTH_FFPA:408|OTH_LTP:583,CENTRE_LEFT:660|RIGHT:1345,CANDIDATE_ORIGIN_PASS_THROUGH
Hawthorn,OTH,5,4,ALP+LNP+GRN+IND,GRN,2005,357.0,0.17805486284289276,4,OTH_AJP:660|OTH_DLP:354|OTH_FFPA:408|OTH_LTP:583,CENTRE_LEFT:660|RIGHT:1345,CANDIDATE_ORIGIN_PASS_THROUGH
Hawthorn,OTH,5,4,ALP+LNP+GRN+IND,IND,2005,370.00000000000006,0.18453865336658357,4,OTH_AJP:660|OTH_DLP:354|OTH_FFPA:408|OTH_LTP:583,CENTRE_LEFT:660|RIGHT:1345,CANDIDATE_ORIGIN_PASS_THROUGH
Hawthorn,OTH,5,4,ALP+LNP+GRN+IND,LNP,2005,869.0,0.43341645885286784,4,OTH_AJP:660|OTH_DLP:354|OTH_FFPA:408|OTH_LTP:583,CENTRE_LEFT:660|RIGHT:1345,CANDIDATE_ORIGIN_PASS_THROUGH
Ivanhoe,GRN,3,4,ALP+LNP,ALP,7808,6655.016608292848,0.8523330697096373,1,GRN:7808,UNSPECIFIED:7808,CANDIDATE_ORIGIN_PASS_THROUGH
Ivanhoe,GRN,3,4,ALP+LNP,LNP,7808,1152.983391707152,0.14766693029036268,1,GRN:7808,UNSPECIFIED:7808,CANDIDATE_ORIGIN_PASS_THROUGH
Ivanhoe,OTH,4,3,ALP+LNP+GRN,ALP,2153,389.9481340923466,0.18111850166853072,2,OTH_AJP:937|OTH_FFPA:1216,CENTRE_LEFT:937|RIGHT:1216,CANDIDATE_ORIGIN_PASS_THROUGH
Ivanhoe,OTH,4,3,ALP+LNP+GRN,GRN,2153,793.9020119083287,0.36874222568895904,2,OTH_AJP:937|OTH_FFPA:1216,CENTRE_LEFT:937|RIGHT:1216,CANDIDATE_ORIGIN_PASS_THROUGH
Ivanhoe,OTH,4,3,ALP+LNP+GRN,LNP,2153,969.1498539993247,0.4501392726425103,2,OTH_AJP:937|OTH_FFPA:1216,CENTRE_LEFT:937|RIGHT:1216,CANDIDATE_ORIGIN_PASS_THROUGH
Ivanhoe,IND,5,1,ALP+LNP+GRN+OTH,ALP,739,168.0,0.2273342354533153,1,IND_MINOR:739,UNKNOWN:739,CANDIDATE_ORIGIN_PASS_THROUGH
Ivanhoe,IND,5,1,ALP+LNP+GRN+OTH,GRN,739,162.0,0.21921515561569688,1,IND_MINOR:739,UNKNOWN:739,CANDIDATE_ORIGIN_PASS_THROUGH
Ivanhoe,IND,5,1,ALP+LNP+GRN+OTH,LNP,739,186.0,0.2516914749661705,1,IND_MINOR:739,UNKNOWN:739,CANDIDATE_ORIGIN_PASS_THROUGH
Ivanhoe,IND,5,1,ALP+LNP+GRN+OTH,OTH,739,222.99999999999997,0.3017591339648173,1,IND_MINOR:739,UNKNOWN:739,CANDIDATE_ORIGIN_PASS_THROUGH
Kalkallo,OTH,3,7,ALP+LNP,ALP,6553,3233.948843305402,0.4935066142690984,5,IND_MINOR:299|OTH_AJP:1460|OTH_FFPA:2451|OTH_ND:408|OTH_VNS:1935,CENTRE:408|CENTRE_LEFT:1460|LEFT:1935|RIGHT:2451|UNKNOWN:299,CANDIDATE_ORIGIN_PASS_THROUGH
Kalkallo,OTH,3,7,ALP+LNP,LNP,6553,3319.0511566945984,0.5064933857309016,5,IND_MINOR:299|OTH_AJP:1460|OTH_FFPA:2451|OTH_ND:408|OTH_VNS:1935,CENTRE:408|CENTRE_LEFT:1460|LEFT:1935|RIGHT:2451|UNKNOWN:299,CANDIDATE_ORIGIN_PASS_THROUGH
Kalkallo,GRN,4,6,ALP+LNP+OTH,ALP,2112,1230.1562406465132,0.5824603412152051,1,GRN:2112,UNSPECIFIED:2112,CANDIDATE_ORIGIN_PASS_THROUGH
Kalkallo,GRN,4,6,ALP+LNP+OTH,LNP,2112,288.8907512720743,0.13678539359473213,1,GRN:2112,UNSPECIFIED:2112,CANDIDATE_ORIGIN_PASS_THROUGH
Kalkallo,GRN,4,6,ALP+LNP+OTH,OTH,2112,592.9530080814128,0.28075426519006286,1,GRN:2112,UNSPECIFIED:2112,CANDIDATE_ORIGIN_PASS_THROUGH
Kalkallo,IND,5,3,ALP+LNP+GRN+OTH,ALP,611,126.44087403598971,0.2069408740359897,1,IND_MINOR:611,UNKNOWN:611,CANDIDATE_ORIGIN_PASS_THROUGH
Kalkallo,IND,5,3,ALP+LNP+GRN+OTH,GRN,611,58.90102827763496,0.09640102827763496,1,IND_MINOR:611,UNKNOWN:611,CANDIDATE_ORIGIN_PASS_THROUGH
Kalkallo,IND,5,3,ALP+LNP+GRN+OTH,LNP,611,100.52442159383033,0.16452442159383032,1,IND_MINOR:611,UNKNOWN:611,CANDIDATE_ORIGIN_PASS_THROUGH
Kalkallo,IND,5,3,ALP+LNP+GRN+OTH,OTH,611,325.133676092545,0.532133676092545,1,IND_MINOR:611,UNKNOWN:611,CANDIDATE_ORIGIN_PASS_THROUGH
Kew,IND,3,6,ALP+LNP,ALP,9200,6720.146456281057,0.7304507017696801,1,IND_PROMINENT:9200,CENTRE:9200,CANDIDATE_ORIGIN_PASS_THROUGH
Kew,IND,3,6,ALP+LNP,LNP,9200,2479.8535437189435,0.2695492982303199,1,IND_PROMINENT:9200,CENTRE:9200,CANDIDATE_ORIGIN_PASS_THROUGH
Kew,GRN,4,5,ALP+LNP+IND,ALP,3612,1470.9418960244648,0.4072375127420999,1,GRN:3612,UNSPECIFIED:3612,CANDIDATE_ORIGIN_PASS_THROUGH
Kew,GRN,4,5,ALP+LNP+IND,IND,3612,1731.440366972477,0.4793577981651376,1,GRN:3612,UNSPECIFIED:3612,CANDIDATE_ORIGIN_PASS_THROUGH
Kew,GRN,4,5,ALP+LNP+IND,LNP,3612,409.6177370030581,0.11340468909276248,1,GRN:3612,UNSPECIFIED:3612,CANDIDATE_ORIGIN_PASS_THROUGH
Kew,OTH,5,4,ALP+LNP+GRN+IND,ALP,1563,190.0,0.12156110044785669,4,IND_MINOR:305|OTH_AJP:507|OTH_FFPA:751,CENTRE_LEFT:507|RIGHT:751|UNKNOWN:305,CANDIDATE_ORIGIN_PASS_THROUGH
Kew,OTH,5,4,ALP+LNP+GRN+IND,GRN,1563,312.0,0.19961612284069097,4,IND_MINOR:305|OTH_AJP:507|OTH_FFPA:751,CENTRE_LEFT:507|RIGHT:751|UNKNOWN:305,CANDIDATE_ORIGIN_PASS_THROUGH
Kew,OTH,5,4,ALP+LNP+GRN+IND,IND,1563,390.0,0.2495201535508637,4,IND_MINOR:305|OTH_AJP:507|OTH_FFPA:751,CENTRE_LEFT:507|RIGHT:751|UNKNOWN:305,CANDIDATE_ORIGIN_PASS_THROUGH
Kew,OTH,5,4,ALP+LNP+GRN+IND,LNP,1563,671.0,0.4293026231605886,4,IND_MINOR:305|OTH_AJP:507|OTH_FFPA:751,CENTRE_LEFT:507|RIGHT:751|UNKNOWN:305,CANDIDATE_ORIGIN_PASS_THROUGH
Kororoit,OTH,3,7,ALP+LNP,ALP,9476,6102.1208208833505,0.6439553420096402,5,OTH_AJP:1242|OTH_DLP:2517|OTH_FFPA:2326|OTH_ND:623|OTH_VNS:2768,CENTRE:623|CENTRE_LEFT:1242|LEFT:2768|RIGHT:4843,CANDIDATE_ORIGIN_PASS_THROUGH
Kororoit,OTH,3,7,ALP+LNP,LNP,9476,3373.87917911665,0.35604465799035984,5,OTH_AJP:1242|OTH_DLP:2517|OTH_FFPA:2326|OTH_ND:623|OTH_VNS:2768,CENTRE:623|CENTRE_LEFT:1242|LEFT:2768|RIGHT:4843,CANDIDATE_ORIGIN_PASS_THROUGH
Kororoit,GRN,4,5,ALP+LNP+OTH,ALP,2650,1133.1261653200745,0.4275947793660658,1,GRN:2650,UNSPECIFIED:2650,CANDIDATE_ORIGIN_PASS_THROUGH
Kororoit,GRN,4,5,ALP+LNP+OTH,LNP,2650,433.9807333747669,0.16376631448104412,1,GRN:2650,UNSPECIFIED:2650,CANDIDATE_ORIGIN_PASS_THROUGH
Kororoit,GRN,4,5,ALP+LNP+OTH,OTH,2650,1082.8931013051586,0.40863890615289,1,GRN:2650,UNSPECIFIED:2650,CANDIDATE_ORIGIN_PASS_THROUGH
Kororoit,IND,5,2,ALP+LNP+GRN+OTH,ALP,978,223.37636544190664,0.22840119165839126,1,IND_MINOR:978,UNKNOWN:978,CANDIDATE_ORIGIN_PASS_THROUGH
Kororoit,IND,5,2,ALP+LNP+GRN+OTH,GRN,978,62.15690168818272,0.06355511420059583,1,IND_MINOR:978,UNKNOWN:978,CANDIDATE_ORIGIN_PASS_THROUGH
Kororoit,IND,5,2,ALP+LNP+GRN+OTH,LNP,978,121.40019860973189,0.12413108242303875,1,IND_MINOR:978,UNKNOWN:978,CANDIDATE_ORIGIN_PASS_THROUGH
Kororoit,IND,5,2,ALP+LNP+GRN+OTH,OTH,978,571.0665342601787,0.5839126117179742,1,IND_MINOR:978,UNKNOWN:978,CANDIDATE_ORIGIN_PASS_THROUGH
Lara,GRN,3,6,ALP+LNP,ALP,4471,3065.6237060796034,0.6856684647907858,1,GRN:4471,UNSPECIFIED:4471,CANDIDATE_ORIGIN_PASS_THROUGH
Lara,GRN,3,6,ALP+LNP,LNP,4471,1405.3762939203966,0.3143315352092142,1,GRN:4471,UNSPECIFIED:4471,CANDIDATE_ORIGIN_PASS_THROUGH
Lara,OTH,4,5,ALP+LNP+GRN,ALP,5896,1467.6891217092557,0.24892963393983306,4,OTH_AJP:1501|OTH_AVP:938|OTH_FFPA:1774|OTH_LTP:1683,CENTRE_LEFT:1501|RIGHT:4395,CANDIDATE_ORIGIN_PASS_THROUGH
Lara,OTH,4,5,ALP+LNP+GRN,GRN,5896,1813.7839245762236,0.30762956658348434,4,OTH_AJP:1501|OTH_AVP:938|OTH_FFPA:1774|OTH_LTP:1683,CENTRE_LEFT:1501|RIGHT:4395,CANDIDATE_ORIGIN_PASS_THROUGH
Lara,OTH,4,5,ALP+LNP+GRN,LNP,5896,2614.5269537145205,0.4434407994766826,4,OTH_AJP:1501|OTH_AVP:938|OTH_FFPA:1774|OTH_LTP:1683,CENTRE_LEFT:1501|RIGHT:4395,CANDIDATE_ORIGIN_PASS_THROUGH
Lara,IND,5,2,ALP+LNP+GRN+OTH,ALP,1050,137.35733099209833,0.13081650570676032,1,IND_MINOR:1050,UNKNOWN:1050,CANDIDATE_ORIGIN_PASS_THROUGH
Lara,IND,5,2,ALP+LNP+GRN+OTH,GRN,1050,463.69622475856016,0.44161545215100967,1,IND_MINOR:1050,UNKNOWN:1050,CANDIDATE_ORIGIN_PASS_THROUGH
Lara,IND,5,2,ALP+LNP+GRN+OTH,LNP,1050,96.79543459174715,0.09218612818261633,1,IND_MINOR:1050,UNKNOWN:1050,CANDIDATE_ORIGIN_PASS_THROUGH
Lara,IND,5,2,ALP+LNP+GRN+OTH,OTH,1050,352.1510096575944,0.3353819139596137,1,IND_MINOR:1050,UNKNOWN:1050,CANDIDATE_ORIGIN_PASS_THROUGH
Laverton,GRN,3,8,ALP+LNP,ALP,3491,2826.2708473210687,0.8095877534577681,1,GRN:3491,UNSPECIFIED:3491,CANDIDATE_ORIGIN_PASS_THROUGH
Laverton,GRN,3,8,ALP+LNP,LNP,3491,664.7291526789311,0.19041224654223177,1,GRN:3491,UNSPECIFIED:3491,CANDIDATE_ORIGIN_PASS_THROUGH
Laverton,OTH,4,7,ALP+LNP+GRN,ALP,8027,2219.280623826573,0.2764769682106108,6,OTH_AJP:694|OTH_DLP:2051|OTH_FFPA:1353|OTH_FPV:641|OTH_ND:1082|OTH_VNS:2206,CENTRE:1082|CENTRE_LEFT:694|LEFT:2206|RIGHT:4045,CANDIDATE_ORIGIN_PASS_THROUGH
Laverton,OTH,4,7,ALP+LNP+GRN,GRN,8027,3813.164809078009,0.4750423332599986,6,OTH_AJP:694|OTH_DLP:2051|OTH_FFPA:1353|OTH_FPV:641|OTH_ND:1082|OTH_VNS:2206,CENTRE:1082|CENTRE_LEFT:694|LEFT:2206|RIGHT:4045,CANDIDATE_ORIGIN_PASS_THROUGH
Laverton,OTH,4,7,ALP+LNP+GRN,LNP,8027,1994.5545670954182,0.2484806985293906,6,OTH_AJP:694|OTH_DLP:2051|OTH_FFPA:1353|OTH_FPV:641|OTH_ND:1082|OTH_VNS:2206,CENTRE:1082|CENTRE_LEFT:694|LEFT:2206|RIGHT:4045,CANDIDATE_ORIGIN_PASS_THROUGH
Laverton,IND,5,1,ALP+LNP+GRN+OTH,ALP,355,56.00000000000001,0.15774647887323945,1,IND_MINOR:355,UNKNOWN:355,CANDIDATE_ORIGIN_PASS_THROUGH
Laverton,IND,5,1,ALP+LNP+GRN+OTH,GRN,355,27.0,0.07605633802816901,1,IND_MINOR:355,UNKNOWN:355,CANDIDATE_ORIGIN_PASS_THROUGH
Laverton,IND,5,1,ALP+LNP+GRN+OTH,LNP,355,30.0,0.08450704225352113,1,IND_MINOR:355,UNKNOWN:355,CANDIDATE_ORIGIN_PASS_THROUGH
Laverton,IND,5,1,ALP+LNP+GRN+OTH,OTH,355,242.0,0.6816901408450704,1,IND_MINOR:355,UNKNOWN:355,CANDIDATE_ORIGIN_PASS_THROUGH
Lowan,IND,3,5,ALP+LNP,ALP,2324,705.1214594335094,0.30340854536725875,1,IND_MINOR:2324,UNKNOWN:2324,CANDIDATE_ORIGIN_PASS_THROUGH
Lowan,IND,3,5,ALP+LNP,LNP,2324,1618.8785405664905,0.6965914546327412,1,IND_MINOR:2324,UNKNOWN:2324,CANDIDATE_ORIGIN_PASS_THROUGH
Lowan,GRN,4,4,ALP+LNP+IND,ALP,2573,1613.2958199356913,0.6270096463022508,1,GRN:2573,UNSPECIFIED:2573,CANDIDATE_ORIGIN_PASS_THROUGH
Lowan,GRN,4,4,ALP+LNP+IND,IND,2573,426.9028938906753,0.16591639871382638,1,GRN:2573,UNSPECIFIED:2573,CANDIDATE_ORIGIN_PASS_THROUGH
Lowan,GRN,4,4,ALP+LNP+IND,LNP,2573,532.8012861736335,0.20707395498392284,1,GRN:2573,UNSPECIFIED:2573,CANDIDATE_ORIGIN_PASS_THROUGH
Lowan,OTH,5,3,ALP+LNP+GRN+IND,ALP,4296,525.0,0.12220670391061453,3,OTH_AJP:1018|OTH_AVP:1706|OTH_FFPA:1572,CENTRE_LEFT:1018|RIGHT:3278,CANDIDATE_ORIGIN_PASS_THROUGH
Lowan,OTH,5,3,ALP+LNP+GRN+IND,GRN,4296,537.0,0.125,3,OTH_AJP:1018|OTH_AVP:1706|OTH_FFPA:1572,CENTRE_LEFT:1018|RIGHT:3278,CANDIDATE_ORIGIN_PASS_THROUGH
Lowan,OTH,5,3,ALP+LNP+GRN+IND,IND,4296,1326.0,0.308659217877095,3,OTH_AJP:1018|OTH_AVP:1706|OTH_FFPA:1572,CENTRE_LEFT:1018|RIGHT:3278,CANDIDATE_ORIGIN_PASS_THROUGH
Lowan,OTH,5,3,ALP+LNP+GRN+IND,LNP,4296,1907.9999999999998,0.44413407821229045,3,OTH_AJP:1018|OTH_AVP:1706|OTH_FFPA:1572,CENTRE_LEFT:1018|RIGHT:3278,CANDIDATE_ORIGIN_PASS_THROUGH
Macedon,GRN,3,6,ALP+LNP,ALP,5214,4354.9885057471265,0.8352490421455939,1,GRN:5214,UNSPECIFIED:5214,CANDIDATE_ORIGIN_PASS_THROUGH
Macedon,GRN,3,6,ALP+LNP,LNP,5214,859.0114942528736,0.16475095785440613,1,GRN:5214,UNSPECIFIED:5214,CANDIDATE_ORIGIN_PASS_THROUGH
Macedon,ON,4,5,ALP+LNP+GRN,ALP,1511,304.56170628459785,0.20156300879192446,1,ON:1511,UNSPECIFIED:1511,CANDIDATE_ORIGIN_PASS_THROUGH
Macedon,ON,4,5,ALP+LNP+GRN,GRN,1511,246.5030934549007,0.16313904265711496,1,ON:1511,UNSPECIFIED:1511,CANDIDATE_ORIGIN_PASS_THROUGH
Macedon,ON,4,5,ALP+LNP+GRN,LNP,1511,959.9352002605013,0.6352979485509606,1,ON:1511,UNSPECIFIED:1511,CANDIDATE_ORIGIN_PASS_THROUGH
Macedon,IND,5,4,ALP+LNP+GRN+ON,ALP,2250,560.2731591448932,0.24901029295328586,1,IND_MINOR:2250,UNKNOWN:2250,CANDIDATE_ORIGIN_PASS_THROUGH
Macedon,IND,5,4,ALP+LNP+GRN+ON,GRN,2250,485.45130641330167,0.21575613618368963,1,IND_MINOR:2250,UNKNOWN:2250,CANDIDATE_ORIGIN_PASS_THROUGH
Macedon,IND,5,4,ALP+LNP+GRN+ON,LNP,2250,843.5273159144893,0.3749010292953286,1,IND_MINOR:2250,UNKNOWN:2250,CANDIDATE_ORIGIN_PASS_THROUGH
Macedon,IND,5,4,ALP+LNP+GRN+ON,ON,2250,360.74821852731594,0.16033254156769597,1,IND_MINOR:2250,UNKNOWN:2250,CANDIDATE_ORIGIN_PASS_THROUGH
Macedon,OTH,6,3,ALP+LNP+GRN+ON+IND,ALP,2917,394.0,0.13507027768255056,3,OTH_AJP:1356|OTH_FFPA:791|OTH_FPV:770,CENTRE_LEFT:1356|RIGHT:1561,CANDIDATE_ORIGIN_PASS_THROUGH
Macedon,OTH,6,3,ALP+LNP+GRN+ON+IND,GRN,2917,787.0,0.2697977374014398,3,OTH_AJP:1356|OTH_FFPA:791|OTH_FPV:770,CENTRE_LEFT:1356|RIGHT:1561,CANDIDATE_ORIGIN_PASS_THROUGH
Macedon,OTH,6,3,ALP+LNP+GRN+ON+IND,IND,2917,276.0,0.09461775797051765,3,OTH_AJP:1356|OTH_FFPA:791|OTH_FPV:770,CENTRE_LEFT:1356|RIGHT:1561,CANDIDATE_ORIGIN_PASS_THROUGH
Macedon,OTH,6,3,ALP+LNP+GRN+ON+IND,LNP,2917,305.0,0.10455947891669523,3,OTH_AJP:1356|OTH_FFPA:791|OTH_FPV:770,CENTRE_LEFT:1356|RIGHT:1561,CANDIDATE_ORIGIN_PASS_THROUGH
Macedon,OTH,6,3,ALP+LNP+GRN+ON+IND,ON,2917,1155.0,0.3959547480287967,3,OTH_AJP:1356|OTH_FFPA:791|OTH_FPV:770,CENTRE_LEFT:1356|RIGHT:1561,CANDIDATE_ORIGIN_PASS_THROUGH
Malvern,GRN,3,4,ALP+LNP,ALP,6391,5195.054292407331,0.8128703320931514,1,GRN:6391,UNSPECIFIED:6391,CANDIDATE_ORIGIN_PASS_THROUGH
Malvern,GRN,3,4,ALP+LNP,LNP,6391,1195.9457075926691,0.18712966790684857,1,GRN:6391,UNSPECIFIED:6391,CANDIDATE_ORIGIN_PASS_THROUGH
Malvern,OTH,4,3,ALP+LNP+GRN,ALP,1632,367.79580636082176,0.22536507742697412,2,OTH_AJP:1000|OTH_FFPA:632,CENTRE_LEFT:1000|RIGHT:632,CANDIDATE_ORIGIN_PASS_THROUGH
Malvern,OTH,4,3,ALP+LNP+GRN,GRN,1632,654.7264283703912,0.4011804095406809,2,OTH_AJP:1000|OTH_FFPA:632,CENTRE_LEFT:1000|RIGHT:632,CANDIDATE_ORIGIN_PASS_THROUGH
Malvern,OTH,4,3,ALP+LNP+GRN,LNP,1632,609.4777652687869,0.37345451303234495,2,OTH_AJP:1000|OTH_FFPA:632,CENTRE_LEFT:1000|RIGHT:632,CANDIDATE_ORIGIN_PASS_THROUGH
Malvern,IND,5,2,ALP+LNP+GRN+OTH,ALP,645,112.94117647058823,0.17510259917920656,1,IND_MINOR:645,UNKNOWN:645,CANDIDATE_ORIGIN_PASS_THROUGH
Malvern,IND,5,2,ALP+LNP+GRN+OTH,GRN,645,135.88235294117646,0.2106703146374829,1,IND_MINOR:645,UNKNOWN:645,CANDIDATE_ORIGIN_PASS_THROUGH
Malvern,IND,5,2,ALP+LNP+GRN+OTH,LNP,645,247.05882352941177,0.38303693570451436,1,IND_MINOR:645,UNKNOWN:645,CANDIDATE_ORIGIN_PASS_THROUGH
Malvern,IND,5,2,ALP+LNP+GRN+OTH,OTH,645,149.11764705882354,0.23119015047879618,1,IND_MINOR:645,UNKNOWN:645,CANDIDATE_ORIGIN_PASS_THROUGH
Melbourne,LNP,3,7,ALP+GRN,ALP,7522,2389.495976676385,0.317667638483965,1,LIB:7522,UNSPECIFIED:7522,CANDIDATE_ORIGIN_PASS_THROUGH
Melbourne,LNP,3,7,ALP+GRN,GRN,7522,5132.504023323615,0.6823323615160349,1,LIB:7522,UNSPECIFIED:7522,CANDIDATE_ORIGIN_PASS_THROUGH
Melbourne,OTH,4,6,ALP+LNP+GRN,ALP,5681,1092.3368056023141,0.1922789659571051,5,OTH_AJP:701|OTH_FFPA:535|OTH_FPV:521|OTH_REASON:1601|OTH_VNS:2323,CENTRE_LEFT:2302|LEFT:2323|RIGHT:1056,CANDIDATE_ORIGIN_PASS_THROUGH
Melbourne,OTH,4,6,ALP+LNP+GRN,GRN,5681,3607.412155561694,0.6349959787998053,5,OTH_AJP:701|OTH_FFPA:535|OTH_FPV:521|OTH_REASON:1601|OTH_VNS:2323,CENTRE_LEFT:2302|LEFT:2323|RIGHT:1056,CANDIDATE_ORIGIN_PASS_THROUGH
Melbourne,OTH,4,6,ALP+LNP+GRN,LNP,5681,981.251038835991,0.17272505524308943,5,OTH_AJP:701|OTH_FFPA:535|OTH_FPV:521|OTH_REASON:1601|OTH_VNS:2323,CENTRE_LEFT:2302|LEFT:2323|RIGHT:1056,CANDIDATE_ORIGIN_PASS_THROUGH
Melbourne,IND,5,1,ALP+LNP+GRN+OTH,ALP,428,33.0,0.07710280373831775,1,IND_MINOR:428,UNKNOWN:428,CANDIDATE_ORIGIN_PASS_THROUGH
Melbourne,IND,5,1,ALP+LNP+GRN+OTH,GRN,428,133.0,0.3107476635514019,1,IND_MINOR:428,UNKNOWN:428,CANDIDATE_ORIGIN_PASS_THROUGH
Melbourne,IND,5,1,ALP+LNP+GRN+OTH,LNP,428,33.0,0.07710280373831775,1,IND_MINOR:428,UNKNOWN:428,CANDIDATE_ORIGIN_PASS_THROUGH
Melbourne,IND,5,1,ALP+LNP+GRN+OTH,OTH,428,229.0,0.5350467289719626,1,IND_MINOR:428,UNKNOWN:428,CANDIDATE_ORIGIN_PASS_THROUGH
Melton,IND,3,12,ALP+LNP,ALP,3403,1100.9846003079938,0.32353352932941337,1,IND_MINOR:3403,UNKNOWN:3403,CANDIDATE_ORIGIN_PASS_THROUGH
Melton,IND,3,12,ALP+LNP,LNP,3403,2302.015399692006,0.6764664706705866,1,IND_MINOR:3403,UNKNOWN:3403,CANDIDATE_ORIGIN_PASS_THROUGH
Melton,OTH,4,11,ALP+LNP+IND,ALP,9157,3006.1592911696644,0.32829084756685206,10,IND_MINOR:2316|OTH_AJP:743|OTH_ASP:1682|OTH_DHJP:663|OTH_DLP:1629|OTH_FFPA:946|OTH_FPV:717|OTH_HAP:219|OTH_ND:242,CENTRE:242|CENTRE_LEFT:743|CENTRE_RIGHT:2345|RIGHT:3511|UNKNOWN:2316,CANDIDATE_ORIGIN_PASS_THROUGH
Melton,OTH,4,11,ALP+LNP+IND,IND,9157,3377.5642431846845,0.36885052344487107,10,IND_MINOR:2316|OTH_AJP:743|OTH_ASP:1682|OTH_DHJP:663|OTH_DLP:1629|OTH_FFPA:946|OTH_FPV:717|OTH_HAP:219|OTH_ND:242,CENTRE:242|CENTRE_LEFT:743|CENTRE_RIGHT:2345|RIGHT:3511|UNKNOWN:2316,CANDIDATE_ORIGIN_PASS_THROUGH
Melton,OTH,4,11,ALP+LNP+IND,LNP,9157,2773.2764656456498,0.3028586289882767,10,IND_MINOR:2316|OTH_AJP:743|OTH_ASP:1682|OTH_DHJP:663|OTH_DLP:1629|OTH_FFPA:946|OTH_FPV:717|OTH_HAP:219|OTH_ND:242,CENTRE:242|CENTRE_LEFT:743|CENTRE_RIGHT:2345|RIGHT:3511|UNKNOWN:2316,CANDIDATE_ORIGIN_PASS_THROUGH
Melton,GRN,5,9,ALP+LNP+IND+OTH,ALP,1711,912.1312181746965,0.5330983157070114,1,GRN:1711,UNSPECIFIED:1711,CANDIDATE_ORIGIN_PASS_THROUGH
Melton,GRN,5,9,ALP+LNP+IND+OTH,IND,1711,132.02781041911476,0.07716412064238151,1,GRN:1711,UNSPECIFIED:1711,CANDIDATE_ORIGIN_PASS_THROUGH
Melton,GRN,5,9,ALP+LNP+IND+OTH,LNP,1711,171.56913435174303,0.10027418723070897,1,GRN:1711,UNSPECIFIED:1711,CANDIDATE_ORIGIN_PASS_THROUGH
Melton,GRN,5,9,ALP+LNP+IND+OTH,OTH,1711,495.27183705444577,0.28946337641989817,1,GRN:1711,UNSPECIFIED:1711,CANDIDATE_ORIGIN_PASS_THROUGH
Mildura,ALP,3,8,LNP+IND,IND,2483,1497.9335759781618,0.6032757051865332,1,ALP:2483,UNSPECIFIED:2483,CANDIDATE_ORIGIN_PASS_THROUGH
Mildura,ALP,3,8,LNP+IND,LNP,2483,985.0664240218381,0.3967242948134668,1,ALP:2483,UNSPECIFIED:2483,CANDIDATE_ORIGIN_PASS_THROUGH
Mildura,OTH,4,7,ALP+LNP+IND,ALP,4691,576.2419336606616,0.1228398920615352,6,IND_MINOR:2796|OTH_AJP:333|OTH_DLP:586|OTH_FFPA:560|OTH_FPV:416,CENTRE_LEFT:333|RIGHT:1562|UNKNOWN:2796,CANDIDATE_ORIGIN_PASS_THROUGH
Mildura,OTH,4,7,ALP+LNP+IND,IND,4691,1325.5585369256048,0.2825748320029002,6,IND_MINOR:2796|OTH_AJP:333|OTH_DLP:586|OTH_FFPA:560|OTH_FPV:416,CENTRE_LEFT:333|RIGHT:1562|UNKNOWN:2796,CANDIDATE_ORIGIN_PASS_THROUGH
Mildura,OTH,4,7,ALP+LNP+IND,LNP,4691,2789.199529413733,0.5945852759355645,6,IND_MINOR:2796|OTH_AJP:333|OTH_DLP:586|OTH_FFPA:560|OTH_FPV:416,CENTRE_LEFT:333|RIGHT:1562|UNKNOWN:2796,CANDIDATE_ORIGIN_PASS_THROUGH
Mildura,GRN,5,5,ALP+LNP+IND+OTH,ALP,894,222.88542621448212,0.24931255728689275,1,GRN:894,UNSPECIFIED:894,CANDIDATE_ORIGIN_PASS_THROUGH
Mildura,GRN,5,5,ALP+LNP+IND+OTH,IND,894,311.3840513290559,0.3483043079743355,1,GRN:894,UNSPECIFIED:894,CANDIDATE_ORIGIN_PASS_THROUGH
Mildura,GRN,5,5,ALP+LNP+IND+OTH,LNP,894,163.06691109074245,0.18240146654445463,1,GRN:894,UNSPECIFIED:894,CANDIDATE_ORIGIN_PASS_THROUGH
Mildura,GRN,5,5,ALP+LNP+IND+OTH,OTH,894,196.6636113657195,0.2199816681943171,1,GRN:894,UNSPECIFIED:894,CANDIDATE_ORIGIN_PASS_THROUGH
Mill Park,OTH,3,4,ALP+LNP,ALP,6381,2435.2095188674793,0.3816344646399435,3,OTH_AJP:1833|OTH_FFPA:1890|OTH_FPV:2658,CENTRE_LEFT:1833|RIGHT:4548,CANDIDATE_ORIGIN_PASS_THROUGH
Mill Park,OTH,3,4,ALP+LNP,LNP,6381,3945.7904811325197,0.6183655353600563,3,OTH_AJP:1833|OTH_FFPA:1890|OTH_FPV:2658,CENTRE_LEFT:1833|RIGHT:4548,CANDIDATE_ORIGIN_PASS_THROUGH
Mill Park,GRN,4,3,ALP+LNP+OTH,ALP,2758,1787.1274900398407,0.6479795105293114,1,GRN:2758,UNSPECIFIED:2758,CANDIDATE_ORIGIN_PASS_THROUGH
Mill Park,GRN,4,3,ALP+LNP+OTH,LNP,2758,369.6693227091634,0.13403528742174162,1,GRN:2758,UNSPECIFIED:2758,CANDIDATE_ORIGIN_PASS_THROUGH
Mill Park,GRN,4,3,ALP+LNP+OTH,OTH,2758,601.2031872509959,0.21798520204894703,1,GRN:2758,UNSPECIFIED:2758,CANDIDATE_ORIGIN_PASS_THROUGH
Monbulk,GRN,3,6,ALP+LNP,ALP,6255,4888.9655172413795,0.7816091954022989,1,GRN:6255,UNSPECIFIED:6255,CANDIDATE_ORIGIN_PASS_THROUGH
Monbulk,GRN,3,6,ALP+LNP,LNP,6255,1366.0344827586207,0.21839080459770116,1,GRN:6255,UNSPECIFIED:6255,CANDIDATE_ORIGIN_PASS_THROUGH
Monbulk,IND,4,5,ALP+LNP+GRN,ALP,2229,486.7084392475852,0.21835282155566854,1,IND_MINOR:2229,UNKNOWN:2229,CANDIDATE_ORIGIN_PASS_THROUGH
Monbulk,IND,4,5,ALP+LNP+GRN,GRN,2229,1090.1362480935434,0.4890696492119979,1,IND_MINOR:2229,UNKNOWN:2229,CANDIDATE_ORIGIN_PASS_THROUGH
Monbulk,IND,4,5,ALP+LNP+GRN,LNP,2229,652.1553126588714,0.2925775292323335,1,IND_MINOR:2229,UNKNOWN:2229,CANDIDATE_ORIGIN_PASS_THROUGH
Monbulk,OTH,5,4,ALP+LNP+GRN+IND,ALP,5915,646.0,0.1092138630600169,4,IND_MINOR:2069|OTH_AJP:1739|OTH_FFPA:1197|OTH_FPV:910,CENTRE_LEFT:1739|RIGHT:2107|UNKNOWN:2069,CANDIDATE_ORIGIN_PASS_THROUGH
Monbulk,OTH,5,4,ALP+LNP+GRN+IND,GRN,5915,1391.0,0.23516483516483516,4,IND_MINOR:2069|OTH_AJP:1739|OTH_FFPA:1197|OTH_FPV:910,CENTRE_LEFT:1739|RIGHT:2107|UNKNOWN:2069,CANDIDATE_ORIGIN_PASS_THROUGH
Monbulk,OTH,5,4,ALP+LNP+GRN+IND,IND,5915,1705.0,0.2882502113271344,4,IND_MINOR:2069|OTH_AJP:1739|OTH_FFPA:1197|OTH_FPV:910,CENTRE_LEFT:1739|RIGHT:2107|UNKNOWN:2069,CANDIDATE_ORIGIN_PASS_THROUGH
Monbulk,OTH,5,4,ALP+LNP+GRN+IND,LNP,5915,2173.0,0.3673710904480135,4,IND_MINOR:2069|OTH_AJP:1739|OTH_FFPA:1197|OTH_FPV:910,CENTRE_LEFT:1739|RIGHT:2107|UNKNOWN:2069,CANDIDATE_ORIGIN_PASS_THROUGH
Mordialloc,GRN,3,6,ALP+LNP,ALP,4526,3475.2032493907395,0.7678310316815598,1,GRN:4526,UNSPECIFIED:4526,CANDIDATE_ORIGIN_PASS_THROUGH
Mordialloc,GRN,3,6,ALP+LNP,LNP,4526,1050.796750609261,0.23216896831844033,1,GRN:4526,UNSPECIFIED:4526,CANDIDATE_ORIGIN_PASS_THROUGH
Mordialloc,IND,4,5,ALP+LNP+GRN,ALP,3240,757.3744139316813,0.23375753516409917,1,IND_MINOR:3240,UNKNOWN:3240,CANDIDATE_ORIGIN_PASS_THROUGH
Mordialloc,IND,4,5,ALP+LNP+GRN,GRN,3240,624.9966510381782,0.19290020093770932,1,IND_MINOR:3240,UNKNOWN:3240,CANDIDATE_ORIGIN_PASS_THROUGH
Mordialloc,IND,4,5,ALP+LNP+GRN,LNP,3240,1857.6289350301406,0.5733422638981915,1,IND_MINOR:3240,UNKNOWN:3240,CANDIDATE_ORIGIN_PASS_THROUGH
Mordialloc,OTH,5,4,ALP+LNP+GRN+IND,ALP,3066,468.99999999999994,0.15296803652968036,4,IND_MINOR:154|OTH_AJP:1070|OTH_FFPA:887|OTH_FPV:955,CENTRE_LEFT:1070|RIGHT:1842|UNKNOWN:154,CANDIDATE_ORIGIN_PASS_THROUGH
Mordialloc,OTH,5,4,ALP+LNP+GRN+IND,GRN,3066,765.0,0.24951076320939333,4,IND_MINOR:154|OTH_AJP:1070|OTH_FFPA:887|OTH_FPV:955,CENTRE_LEFT:1070|RIGHT:1842|UNKNOWN:154,CANDIDATE_ORIGIN_PASS_THROUGH
Mordialloc,OTH,5,4,ALP+LNP+GRN+IND,IND,3066,1239.0,0.4041095890410959,4,IND_MINOR:154|OTH_AJP:1070|OTH_FFPA:887|OTH_FPV:955,CENTRE_LEFT:1070|RIGHT:1842|UNKNOWN:154,CANDIDATE_ORIGIN_PASS_THROUGH
Mordialloc,OTH,5,4,ALP+LNP+GRN+IND,LNP,3066,593.0,0.1934116112198304,4,IND_MINOR:154|OTH_AJP:1070|OTH_FFPA:887|OTH_FPV:955,CENTRE_LEFT:1070|RIGHT:1842|UNKNOWN:154,CANDIDATE_ORIGIN_PASS_THROUGH
Mornington,ALP,3,6,LNP+IND,IND,9246,7750.872570194384,0.8382946755563903,1,ALP:9246,UNSPECIFIED:9246,CANDIDATE_ORIGIN_PASS_THROUGH
Mornington,ALP,3,6,LNP+IND,LNP,9246,1495.1274298056155,0.16170532444360972,1,ALP:9246,UNSPECIFIED:9246,CANDIDATE_ORIGIN_PASS_THROUGH
Mornington,GRN,4,5,ALP+LNP+IND,ALP,2677,1024.8356120826709,0.38282988871224166,1,GRN:2677,UNSPECIFIED:2677,CANDIDATE_ORIGIN_PASS_THROUGH
Mornington,GRN,4,5,ALP+LNP+IND,IND,2677,1352.5446740858506,0.5052464228934818,1,GRN:2677,UNSPECIFIED:2677,CANDIDATE_ORIGIN_PASS_THROUGH
Mornington,GRN,4,5,ALP+LNP+IND,LNP,2677,299.6197138314785,0.11192368839427662,1,GRN:2677,UNSPECIFIED:2677,CANDIDATE_ORIGIN_PASS_THROUGH
Mornington,OTH,5,4,ALP+LNP+GRN+IND,ALP,2797,199.0,0.07114765820521989,4,IND_MINOR:641|OTH_AJP:740|OTH_FFPA:375|OTH_FPV:1041,CENTRE_LEFT:740|RIGHT:1416|UNKNOWN:641,CANDIDATE_ORIGIN_PASS_THROUGH
Mornington,OTH,5,4,ALP+LNP+GRN+IND,GRN,2797,468.0,0.16732213085448694,4,IND_MINOR:641|OTH_AJP:740|OTH_FFPA:375|OTH_FPV:1041,CENTRE_LEFT:740|RIGHT:1416|UNKNOWN:641,CANDIDATE_ORIGIN_PASS_THROUGH
Mornington,OTH,5,4,ALP+LNP+GRN+IND,IND,2797,788.0,0.28173042545584553,4,IND_MINOR:641|OTH_AJP:740|OTH_FFPA:375|OTH_FPV:1041,CENTRE_LEFT:740|RIGHT:1416|UNKNOWN:641,CANDIDATE_ORIGIN_PASS_THROUGH
Mornington,OTH,5,4,ALP+LNP+GRN+IND,LNP,2797,1342.0,0.4797997854844476,4,IND_MINOR:641|OTH_AJP:740|OTH_FFPA:375|OTH_FPV:1041,CENTRE_LEFT:740|RIGHT:1416|UNKNOWN:641,CANDIDATE_ORIGIN_PASS_THROUGH
Morwell,ON,3,9,ALP+LNP,ALP,2648,487.027652733119,0.18392282958199357,1,ON:2648,UNSPECIFIED:2648,CANDIDATE_ORIGIN_PASS_THROUGH
Morwell,ON,3,9,ALP+LNP,LNP,2648,2160.972347266881,0.8160771704180064,1,ON:2648,UNSPECIFIED:2648,CANDIDATE_ORIGIN_PASS_THROUGH
Morwell,IND,4,8,ALP+LNP+ON,ALP,2515,601.9588507426346,0.2393474555636718,1,IND_MINOR:2515,UNKNOWN:2515,CANDIDATE_ORIGIN_PASS_THROUGH
Morwell,IND,4,8,ALP+LNP+ON,LNP,2515,735.4553201850499,0.292427562697833,1,IND_MINOR:2515,UNKNOWN:2515,CANDIDATE_ORIGIN_PASS_THROUGH
Morwell,IND,4,8,ALP+LNP+ON,ON,2515,1177.5858290723156,0.46822498173849525,1,IND_MINOR:2515,UNKNOWN:2515,CANDIDATE_ORIGIN_PASS_THROUGH
Morwell,OTH,5,7,ALP+LNP+ON+IND,ALP,6055,1573.4046150785757,0.25985212470331553,6,IND_MINOR:1675|OTH_AJP:687|OTH_ASP:2044|OTH_FFPA:749|OTH_FPV:900,CENTRE_LEFT:687|CENTRE_RIGHT:2044|RIGHT:1649|UNKNOWN:1675,CANDIDATE_ORIGIN_PASS_THROUGH
Morwell,OTH,5,7,ALP+LNP+ON+IND,IND,6055,1392.8258015412425,0.23002903411085757,6,IND_MINOR:1675|OTH_AJP:687|OTH_ASP:2044|OTH_FFPA:749|OTH_FPV:900,CENTRE_LEFT:687|CENTRE_RIGHT:2044|RIGHT:1649|UNKNOWN:1675,CANDIDATE_ORIGIN_PASS_THROUGH
Morwell,OTH,5,7,ALP+LNP+ON+IND,LNP,6055,1550.7620328487037,0.2561126396116769,6,IND_MINOR:1675|OTH_AJP:687|OTH_ASP:2044|OTH_FFPA:749|OTH_FPV:900,CENTRE_LEFT:687|CENTRE_RIGHT:2044|RIGHT:1649|UNKNOWN:1675,CANDIDATE_ORIGIN_PASS_THROUGH
Morwell,OTH,5,7,ALP+LNP+ON+IND,ON,6055,1538.0075505314776,0.2540062015741499,6,IND_MINOR:1675|OTH_AJP:687|OTH_ASP:2044|OTH_FFPA:749|OTH_FPV:900,CENTRE_LEFT:687|CENTRE_RIGHT:2044|RIGHT:1649|UNKNOWN:1675,CANDIDATE_ORIGIN_PASS_THROUGH
Morwell,GRN,6,6,ALP+LNP+ON+IND+OTH,ALP,1830,1166.074398249453,0.637199124726477,1,GRN:1830,UNSPECIFIED:1830,CANDIDATE_ORIGIN_PASS_THROUGH
Morwell,GRN,6,6,ALP+LNP+ON+IND+OTH,IND,1830,182.5995623632385,0.09978118161925602,1,GRN:1830,UNSPECIFIED:1830,CANDIDATE_ORIGIN_PASS_THROUGH
Morwell,GRN,6,6,ALP+LNP+ON+IND+OTH,LNP,1830,296.3238512035011,0.16192560175054704,1,GRN:1830,UNSPECIFIED:1830,CANDIDATE_ORIGIN_PASS_THROUGH
Morwell,GRN,6,6,ALP+LNP+ON+IND+OTH,ON,1830,72.87964989059081,0.03982494529540481,1,GRN:1830,UNSPECIFIED:1830,CANDIDATE_ORIGIN_PASS_THROUGH
Morwell,GRN,6,6,ALP+LNP+ON+IND+OTH,OTH,1830,112.12253829321662,0.061269146608315096,1,GRN:1830,UNSPECIFIED:1830,CANDIDATE_ORIGIN_PASS_THROUGH
Mulgrave,LNP,3,12,ALP+IND,ALP,6511,1266.703136669156,0.19454817027632562,1,LIB:6511,UNSPECIFIED:6511,CANDIDATE_ORIGIN_PASS_THROUGH
Mulgrave,LNP,3,12,ALP+IND,IND,6511,5244.296863330844,0.8054518297236744,1,LIB:6511,UNSPECIFIED:6511,CANDIDATE_ORIGIN_PASS_THROUGH
Mulgrave,GRN,4,11,ALP+LNP+IND,ALP,1920,1168.5681557846506,0.6086292478045056,1,GRN:1920,UNSPECIFIED:1920,CANDIDATE_ORIGIN_PASS_THROUGH
Mulgrave,GRN,4,11,ALP+LNP+IND,IND,1920,340.89347079037805,0.1775486827033219,1,GRN:1920,UNSPECIFIED:1920,CANDIDATE_ORIGIN_PASS_THROUGH
Mulgrave,GRN,4,11,ALP+LNP+IND,LNP,1920,410.5383734249714,0.21382206949217258,1,GRN:1920,UNSPECIFIED:1920,CANDIDATE_ORIGIN_PASS_THROUGH
Mulgrave,OTH,5,10,ALP+LNP+GRN+IND,ALP,3291,553.0,0.168034032209055,10,IND_MINOR:976|OTH_AJP:420|OTH_DLP:328|OTH_FFPA:745|OTH_FPV:822,CENTRE_LEFT:420|RIGHT:1895|UNKNOWN:976,CANDIDATE_ORIGIN_PASS_THROUGH
Mulgrave,OTH,5,10,ALP+LNP+GRN+IND,GRN,3291,699.0,0.2123974475843209,10,IND_MINOR:976|OTH_AJP:420|OTH_DLP:328|OTH_FFPA:745|OTH_FPV:822,CENTRE_LEFT:420|RIGHT:1895|UNKNOWN:976,CANDIDATE_ORIGIN_PASS_THROUGH
Mulgrave,OTH,5,10,ALP+LNP+GRN+IND,IND,3291,1076.0,0.3269522941355211,10,IND_MINOR:976|OTH_AJP:420|OTH_DLP:328|OTH_FFPA:745|OTH_FPV:822,CENTRE_LEFT:420|RIGHT:1895|UNKNOWN:976,CANDIDATE_ORIGIN_PASS_THROUGH
Mulgrave,OTH,5,10,ALP+LNP+GRN+IND,LNP,3291,963.0000000000001,0.29261622607110305,10,IND_MINOR:976|OTH_AJP:420|OTH_DLP:328|OTH_FFPA:745|OTH_FPV:822,CENTRE_LEFT:420|RIGHT:1895|UNKNOWN:976,CANDIDATE_ORIGIN_PASS_THROUGH
Murray Plains,OTH,3,5,ALP+LNP,ALP,5226,1952.8178094120854,0.37367351883124483,3,OTH_AJP:902|OTH_FFPA:2573|OTH_FPV:1751,CENTRE_LEFT:902|RIGHT:4324,CANDIDATE_ORIGIN_PASS_THROUGH
Murray Plains,OTH,3,5,ALP+LNP,LNP,5226,3273.1821905879146,0.6263264811687552,3,OTH_AJP:902|OTH_FFPA:2573|OTH_FPV:1751,CENTRE_LEFT:902|RIGHT:4324,CANDIDATE_ORIGIN_PASS_THROUGH
Murray Plains,GRN,4,3,ALP+LNP+OTH,ALP,1555,670.8808016877637,0.4314345991561181,1,GRN:1555,UNSPECIFIED:1555,CANDIDATE_ORIGIN_PASS_THROUGH
Murray Plains,GRN,4,3,ALP+LNP+OTH,LNP,1555,494.54905063291136,0.3180379746835443,1,GRN:1555,UNSPECIFIED:1555,CANDIDATE_ORIGIN_PASS_THROUGH
Murray Plains,GRN,4,3,ALP+LNP+OTH,OTH,1555,389.5701476793249,0.2505274261603376,1,GRN:1555,UNSPECIFIED:1555,CANDIDATE_ORIGIN_PASS_THROUGH
Murray Plains,IND,5,2,ALP+LNP+GRN+OTH,ALP,1021,155.06495882891127,0.15187557182067704,1,IND_MINOR:1021,UNKNOWN:1021,CANDIDATE_ORIGIN_PASS_THROUGH
Murray Plains,IND,5,2,ALP+LNP+GRN+OTH,GRN,1021,192.43000914913085,0.18847209515096067,1,IND_MINOR:1021,UNKNOWN:1021,CANDIDATE_ORIGIN_PASS_THROUGH
Murray Plains,IND,5,2,ALP+LNP+GRN+OTH,LNP,1021,314.80054894784996,0.3083257090576395,1,IND_MINOR:1021,UNKNOWN:1021,CANDIDATE_ORIGIN_PASS_THROUGH
Murray Plains,IND,5,2,ALP+LNP+GRN+OTH,OTH,1021,358.704483074108,0.35132662397072284,1,IND_MINOR:1021,UNKNOWN:1021,CANDIDATE_ORIGIN_PASS_THROUGH
Narracan,GRN,3,9,LNP+IND,IND,4132,3042.309107089884,0.7362800355977455,1,GRN:4132,UNSPECIFIED:4132,CANDIDATE_ORIGIN_PASS_THROUGH
Narracan,GRN,3,9,LNP+IND,LNP,4132,1089.6908929101157,0.26371996440225454,1,GRN:4132,UNSPECIFIED:4132,CANDIDATE_ORIGIN_PASS_THROUGH
Narracan,OTH,4,8,LNP+GRN+IND,GRN,9976,2302.7322372076183,0.23082720902241563,7,IND_MINOR:1818|OTH_AJP:849|OTH_DLP:2641|OTH_FFPA:1089|OTH_FPV:2254|OTH_LTP:1325,CENTRE_LEFT:849|RIGHT:7309|UNKNOWN:1818,CANDIDATE_ORIGIN_PASS_THROUGH
Narracan,OTH,4,8,LNP+GRN+IND,IND,9976,3926.883806431125,0.3936331000833124,7,IND_MINOR:1818|OTH_AJP:849|OTH_DLP:2641|OTH_FFPA:1089|OTH_FPV:2254|OTH_LTP:1325,CENTRE_LEFT:849|RIGHT:7309|UNKNOWN:1818,CANDIDATE_ORIGIN_PASS_THROUGH
Narracan,OTH,4,8,LNP+GRN+IND,LNP,9976,3746.3839563612573,0.37553969089427197,7,IND_MINOR:1818|OTH_AJP:849|OTH_DLP:2641|OTH_FFPA:1089|OTH_FPV:2254|OTH_LTP:1325,CENTRE_LEFT:849|RIGHT:7309|UNKNOWN:1818,CANDIDATE_ORIGIN_PASS_THROUGH
Narracan,ON,5,6,LNP+GRN+IND+OTH,GRN,2246,91.41136898755467,0.04069963000336361,1,ON:2246,UNSPECIFIED:2246,CANDIDATE_ORIGIN_PASS_THROUGH
Narracan,ON,5,6,LNP+GRN+IND+OTH,IND,2246,343.73696602758156,0.15304406323578876,1,ON:2246,UNSPECIFIED:2246,CANDIDATE_ORIGIN_PASS_THROUGH
Narracan,ON,5,6,LNP+GRN+IND+OTH,LNP,2246,665.5654221325261,0.2963336696939119,1,ON:2246,UNSPECIFIED:2246,CANDIDATE_ORIGIN_PASS_THROUGH
Narracan,ON,5,6,LNP+GRN+IND+OTH,OTH,2246,1145.2862428523376,0.5099226370669357,1,ON:2246,UNSPECIFIED:2246,CANDIDATE_ORIGIN_PASS_THROUGH
Narre Warren North,OTH,3,8,ALP+LNP,ALP,7014,2717.7980251631166,0.38748189694370067,6,OTH_AJP:978|OTH_ASP:772|OTH_DLP:1191|OTH_FFPA:1530|OTH_FPV:1218|OTH_LTP:1325,CENTRE_LEFT:978|CENTRE_RIGHT:772|RIGHT:5264,CANDIDATE_ORIGIN_PASS_THROUGH
Narre Warren North,OTH,3,8,ALP+LNP,LNP,7014,4296.201974836884,0.6125181030562994,6,OTH_AJP:978|OTH_ASP:772|OTH_DLP:1191|OTH_FFPA:1530|OTH_FPV:1218|OTH_LTP:1325,CENTRE_LEFT:978|CENTRE_RIGHT:772|RIGHT:5264,CANDIDATE_ORIGIN_PASS_THROUGH
Narre Warren North,GRN,4,7,ALP+LNP+OTH,ALP,2809,1703.2018270054239,0.6063374250642306,1,GRN:2809,UNSPECIFIED:2809,CANDIDATE_ORIGIN_PASS_THROUGH
Narre Warren North,GRN,4,7,ALP+LNP+OTH,LNP,2809,464.2908935198401,0.1652868969454753,1,GRN:2809,UNSPECIFIED:2809,CANDIDATE_ORIGIN_PASS_THROUGH
Narre Warren North,GRN,4,7,ALP+LNP+OTH,OTH,2809,641.5072794747359,0.22837567799029404,1,GRN:2809,UNSPECIFIED:2809,CANDIDATE_ORIGIN_PASS_THROUGH
Narre Warren North,IND,5,2,ALP+LNP+GRN+OTH,ALP,906,118.17391304347825,0.13043478260869565,1,IND_MINOR:906,UNKNOWN:906,CANDIDATE_ORIGIN_PASS_THROUGH
Narre Warren North,IND,5,2,ALP+LNP+GRN+OTH,GRN,906,80.53333333333333,0.08888888888888889,1,IND_MINOR:906,UNKNOWN:906,CANDIDATE_ORIGIN_PASS_THROUGH
Narre Warren North,IND,5,2,ALP+LNP+GRN+OTH,LNP,906,271.3623188405797,0.2995169082125604,1,IND_MINOR:906,UNKNOWN:906,CANDIDATE_ORIGIN_PASS_THROUGH
Narre Warren North,IND,5,2,ALP+LNP+GRN+OTH,OTH,906,435.9304347826087,0.4811594202898551,1,IND_MINOR:906,UNKNOWN:906,CANDIDATE_ORIGIN_PASS_THROUGH
Narre Warren South,OTH,3,6,ALP+LNP,ALP,6891,2397.7258950305877,0.34795035481506137,4,OTH_AJP:1048|OTH_FFPA:2495|OTH_FPV:2136|OTH_LTP:1212,CENTRE_LEFT:1048|RIGHT:5843,CANDIDATE_ORIGIN_PASS_THROUGH
Narre Warren South,OTH,3,6,ALP+LNP,LNP,6891,4493.274104969412,0.6520496451849387,4,OTH_AJP:1048|OTH_FFPA:2495|OTH_FPV:2136|OTH_LTP:1212,CENTRE_LEFT:1048|RIGHT:5843,CANDIDATE_ORIGIN_PASS_THROUGH
Narre Warren South,GRN,4,5,ALP+LNP+OTH,ALP,2836,1682.003838771593,0.5930902111324377,1,GRN:2836,UNSPECIFIED:2836,CANDIDATE_ORIGIN_PASS_THROUGH
Narre Warren South,GRN,4,5,ALP+LNP+OTH,LNP,2836,383.3693446668495,0.13517959967096244,1,GRN:2836,UNSPECIFIED:2836,CANDIDATE_ORIGIN_PASS_THROUGH
Narre Warren South,GRN,4,5,ALP+LNP+OTH,OTH,2836,770.6268165615575,0.27173018919659997,1,GRN:2836,UNSPECIFIED:2836,CANDIDATE_ORIGIN_PASS_THROUGH
Narre Warren South,IND,5,1,ALP+LNP+GRN+OTH,ALP,290,37.0,0.12758620689655173,1,IND_MINOR:290,UNKNOWN:290,CANDIDATE_ORIGIN_PASS_THROUGH
Narre Warren South,IND,5,1,ALP+LNP+GRN+OTH,GRN,290,22.0,0.07586206896551724,1,IND_MINOR:290,UNKNOWN:290,CANDIDATE_ORIGIN_PASS_THROUGH
Narre Warren South,IND,5,1,ALP+LNP+GRN+OTH,LNP,290,43.0,0.1482758620689655,1,IND_MINOR:290,UNKNOWN:290,CANDIDATE_ORIGIN_PASS_THROUGH
Narre Warren South,IND,5,1,ALP+LNP+GRN+OTH,OTH,290,188.0,0.6482758620689655,1,IND_MINOR:290,UNKNOWN:290,CANDIDATE_ORIGIN_PASS_THROUGH
Nepean,GRN,3,9,ALP+LNP,ALP,3576,2708.6644573322287,0.7574565037282519,1,GRN:3576,UNSPECIFIED:3576,CANDIDATE_ORIGIN_PASS_THROUGH
Nepean,GRN,3,9,ALP+LNP,LNP,3576,867.3355426677714,0.24254349627174815,1,GRN:3576,UNSPECIFIED:3576,CANDIDATE_ORIGIN_PASS_THROUGH
Nepean,OTH,4,8,ALP+LNP+GRN,ALP,3773,681.0868174509574,0.18051598660242707,7,IND_MINOR:540|OTH_AJP:720|OTH_CPP:526|OTH_DLP:369|OTH_FFPA:638|OTH_FPV:980,CENTRE_LEFT:1246|RIGHT:1987|UNKNOWN:540,CANDIDATE_ORIGIN_PASS_THROUGH
Nepean,OTH,4,8,ALP+LNP+GRN,GRN,3773,1115.3156097979404,0.29560445528702367,7,IND_MINOR:540|OTH_AJP:720|OTH_CPP:526|OTH_DLP:369|OTH_FFPA:638|OTH_FPV:980,CENTRE_LEFT:1246|RIGHT:1987|UNKNOWN:540,CANDIDATE_ORIGIN_PASS_THROUGH
Nepean,OTH,4,8,ALP+LNP+GRN,LNP,3773,1976.597572751102,0.5238795581105492,7,IND_MINOR:540|OTH_AJP:720|OTH_CPP:526|OTH_DLP:369|OTH_FFPA:638|OTH_FPV:980,CENTRE_LEFT:1246|RIGHT:1987|UNKNOWN:540,CANDIDATE_ORIGIN_PASS_THROUGH
Nepean,IND,5,5,ALP+LNP+GRN+OTH,ALP,495,113.93468118195956,0.2301710730948678,1,IND_MINOR:495,UNKNOWN:495,CANDIDATE_ORIGIN_PASS_THROUGH
Nepean,IND,5,5,ALP+LNP+GRN+OTH,GRN,495,90.06998444790047,0.18195956454121306,1,IND_MINOR:495,UNKNOWN:495,CANDIDATE_ORIGIN_PASS_THROUGH
Nepean,IND,5,5,ALP+LNP+GRN+OTH,LNP,495,145.49766718507,0.2939346811819596,1,IND_MINOR:495,UNKNOWN:495,CANDIDATE_ORIGIN_PASS_THROUGH
Nepean,IND,5,5,ALP+LNP+GRN+OTH,OTH,495,145.49766718507,0.2939346811819596,1,IND_MINOR:495,UNKNOWN:495,CANDIDATE_ORIGIN_PASS_THROUGH
Niddrie,GRN,3,7,ALP+LNP,ALP,3117,2229.498224357635,0.7152705243367453,1,GRN:3117,UNSPECIFIED:3117,CANDIDATE_ORIGIN_PASS_THROUGH
Niddrie,GRN,3,7,ALP+LNP,LNP,3117,887.5017756423647,0.2847294756632546,1,GRN:3117,UNSPECIFIED:3117,CANDIDATE_ORIGIN_PASS_THROUGH
Niddrie,OTH,4,6,ALP+LNP+GRN,ALP,6214,1958.0,0.31509494689411005,6,OTH_AJP:812|OTH_DLP:1172|OTH_FFPA:1096|OTH_FPV:1899|OTH_ND:269|OTH_VNS:966,CENTRE:269|CENTRE_LEFT:812|LEFT:966|RIGHT:4167,CANDIDATE_ORIGIN_PASS_THROUGH
Niddrie,OTH,4,6,ALP+LNP+GRN,GRN,6214,1669.9999999999998,0.26874798841326036,6,OTH_AJP:812|OTH_DLP:1172|OTH_FFPA:1096|OTH_FPV:1899|OTH_ND:269|OTH_VNS:966,CENTRE:269|CENTRE_LEFT:812|LEFT:966|RIGHT:4167,CANDIDATE_ORIGIN_PASS_THROUGH
Niddrie,OTH,4,6,ALP+LNP+GRN,LNP,6214,2586.0,0.41615706469262953,6,OTH_AJP:812|OTH_DLP:1172|OTH_FFPA:1096|OTH_FPV:1899|OTH_ND:269|OTH_VNS:966,CENTRE:269|CENTRE_LEFT:812|LEFT:966|RIGHT:4167,CANDIDATE_ORIGIN_PASS_THROUGH
Northcote,LNP,3,9,ALP+GRN,ALP,5205,2037.748216409037,0.39149821640903687,1,LIB:5205,UNSPECIFIED:5205,CANDIDATE_ORIGIN_PASS_THROUGH
Northcote,LNP,3,9,ALP+GRN,GRN,5205,3167.2517835909634,0.6085017835909632,1,LIB:5205,UNSPECIFIED:5205,CANDIDATE_ORIGIN_PASS_THROUGH
Northcote,OTH,4,8,ALP+LNP+GRN,ALP,6819,1391.450470728851,0.2040549157836708,7,IND_MINOR:80|OTH_AJP:757|OTH_FFPA:408|OTH_FPV:729|OTH_LTP:530|OTH_REASON:1539|OTH_VNS:2776,CENTRE_LEFT:2296|LEFT:2776|RIGHT:1667|UNKNOWN:80,CANDIDATE_ORIGIN_PASS_THROUGH
Northcote,OTH,4,8,ALP+LNP+GRN,GRN,6819,4033.806017278313,0.5915538960666246,7,IND_MINOR:80|OTH_AJP:757|OTH_FFPA:408|OTH_FPV:729|OTH_LTP:530|OTH_REASON:1539|OTH_VNS:2776,CENTRE_LEFT:2296|LEFT:2776|RIGHT:1667|UNKNOWN:80,CANDIDATE_ORIGIN_PASS_THROUGH
Northcote,OTH,4,8,ALP+LNP+GRN,LNP,6819,1393.7435119928352,0.20439118814970453,7,IND_MINOR:80|OTH_AJP:757|OTH_FFPA:408|OTH_FPV:729|OTH_LTP:530|OTH_REASON:1539|OTH_VNS:2776,CENTRE_LEFT:2296|LEFT:2776|RIGHT:1667|UNKNOWN:80,CANDIDATE_ORIGIN_PASS_THROUGH
Northcote,IND,5,3,ALP+LNP+GRN+OTH,ALP,518,33.35957066189625,0.06440071556350627,1,IND_MINOR:518,UNKNOWN:518,CANDIDATE_ORIGIN_PASS_THROUGH
Northcote,IND,5,3,ALP+LNP+GRN+OTH,GRN,518,149.19141323792488,0.2880143112701252,1,IND_MINOR:518,UNKNOWN:518,CANDIDATE_ORIGIN_PASS_THROUGH
Northcote,IND,5,3,ALP+LNP+GRN+OTH,LNP,518,23.166368515205725,0.044722719141323794,1,IND_MINOR:518,UNKNOWN:518,CANDIDATE_ORIGIN_PASS_THROUGH
Northcote,IND,5,3,ALP+LNP+GRN+OTH,OTH,518,312.2826475849732,0.6028622540250448,1,IND_MINOR:518,UNKNOWN:518,CANDIDATE_ORIGIN_PASS_THROUGH
Oakleigh,GRN,3,6,ALP+LNP,ALP,7278,6111.149040139616,0.839674229203025,1,GRN:7278,UNSPECIFIED:7278,CANDIDATE_ORIGIN_PASS_THROUGH
Oakleigh,GRN,3,6,ALP+LNP,LNP,7278,1166.850959860384,0.160325770796975,1,GRN:7278,UNSPECIFIED:7278,CANDIDATE_ORIGIN_PASS_THROUGH
Oakleigh,IND,4,5,ALP+LNP+GRN,ALP,1084,269.4274661508704,0.2485493230174081,1,IND_MINOR:1084,UNKNOWN:1084,CANDIDATE_ORIGIN_PASS_THROUGH
Oakleigh,IND,4,5,ALP+LNP+GRN,GRN,1084,232.21083172147002,0.2142166344294004,1,IND_MINOR:1084,UNKNOWN:1084,CANDIDATE_ORIGIN_PASS_THROUGH
Oakleigh,IND,4,5,ALP+LNP+GRN,LNP,1084,582.3617021276596,0.5372340425531915,1,IND_MINOR:1084,UNKNOWN:1084,CANDIDATE_ORIGIN_PASS_THROUGH
Oakleigh,OTH,5,4,ALP+LNP+GRN+IND,ALP,2922,367.0,0.12559890485968514,4,IND_MINOR:234|OTH_AJP:1014|OTH_FFPA:904|OTH_FPV:770,CENTRE_LEFT:1014|RIGHT:1674|UNKNOWN:234,CANDIDATE_ORIGIN_PASS_THROUGH
Oakleigh,OTH,5,4,ALP+LNP+GRN+IND,GRN,2922,874.0,0.2991101984941821,4,IND_MINOR:234|OTH_AJP:1014|OTH_FFPA:904|OTH_FPV:770,CENTRE_LEFT:1014|RIGHT:1674|UNKNOWN:234,CANDIDATE_ORIGIN_PASS_THROUGH
Oakleigh,OTH,5,4,ALP+LNP+GRN+IND,IND,2922,984.0,0.33675564681724846,4,IND_MINOR:234|OTH_AJP:1014|OTH_FFPA:904|OTH_FPV:770,CENTRE_LEFT:1014|RIGHT:1674|UNKNOWN:234,CANDIDATE_ORIGIN_PASS_THROUGH
Oakleigh,OTH,5,4,ALP+LNP+GRN+IND,LNP,2922,697.0,0.23853524982888433,4,IND_MINOR:234|OTH_AJP:1014|OTH_FFPA:904|OTH_FPV:770,CENTRE_LEFT:1014|RIGHT:1674|UNKNOWN:234,CANDIDATE_ORIGIN_PASS_THROUGH
Ovens Valley,GRN,3,5,ALP+LNP,ALP,3624,2567.301156761069,0.7084164339848423,1,GRN:3624,UNSPECIFIED:3624,CANDIDATE_ORIGIN_PASS_THROUGH
Ovens Valley,GRN,3,5,ALP+LNP,LNP,3624,1056.698843238931,0.29158356601515756,1,GRN:3624,UNSPECIFIED:3624,CANDIDATE_ORIGIN_PASS_THROUGH
Ovens Valley,OTH,4,4,ALP+LNP+GRN,ALP,7327,1065.0,0.14535280469496384,4,OTH_AJP:1009|OTH_FFPA:1402|OTH_FPV:1925|OTH_LTP:2991,CENTRE_LEFT:1009|RIGHT:6318,CANDIDATE_ORIGIN_PASS_THROUGH
Ovens Valley,OTH,4,4,ALP+LNP+GRN,GRN,7327,1390.0,0.18970929439061007,4,OTH_AJP:1009|OTH_FFPA:1402|OTH_FPV:1925|OTH_LTP:2991,CENTRE_LEFT:1009|RIGHT:6318,CANDIDATE_ORIGIN_PASS_THROUGH
Ovens Valley,OTH,4,4,ALP+LNP+GRN,LNP,7327,4872.0,0.6649379009144261,4,OTH_AJP:1009|OTH_FFPA:1402|OTH_FPV:1925|OTH_LTP:2991,CENTRE_LEFT:1009|RIGHT:6318,CANDIDATE_ORIGIN_PASS_THROUGH
Pakenham,IND,3,9,ALP+LNP,ALP,3157,1512.3631751227495,0.479050736497545,1,IND_MINOR:3157,UNKNOWN:3157,CANDIDATE_ORIGIN_PASS_THROUGH
Pakenham,IND,3,9,ALP+LNP,LNP,3157,1644.6368248772503,0.520949263502455,1,IND_MINOR:3157,UNKNOWN:3157,CANDIDATE_ORIGIN_PASS_THROUGH
Pakenham,GRN,4,8,ALP+LNP+IND,ALP,2571,1220.779676674365,0.4748267898383372,1,GRN:2571,UNSPECIFIED:2571,CANDIDATE_ORIGIN_PASS_THROUGH
Pakenham,GRN,4,8,ALP+LNP+IND,IND,2571,833.6452655889145,0.32424942263279444,1,GRN:2571,UNSPECIFIED:2571,CANDIDATE_ORIGIN_PASS_THROUGH
Pakenham,GRN,4,8,ALP+LNP+IND,LNP,2571,516.5750577367205,0.20092378752886833,1,GRN:2571,UNSPECIFIED:2571,CANDIDATE_ORIGIN_PASS_THROUGH
Pakenham,OTH,5,7,ALP+LNP+GRN+IND,ALP,6062,1231.3499440777125,0.20312602178781136,6,IND_MINOR:234|OTH_AJP:978|OTH_DLP:666|OTH_FFPA:1218|OTH_FPV:956|OTH_HMP:2010,CENTRE_LEFT:2988|RIGHT:2840|UNKNOWN:234,CANDIDATE_ORIGIN_PASS_THROUGH
Pakenham,OTH,5,7,ALP+LNP+GRN+IND,GRN,6062,1531.3642782314605,0.2526170039972716,6,IND_MINOR:234|OTH_AJP:978|OTH_DLP:666|OTH_FFPA:1218|OTH_FPV:956|OTH_HMP:2010,CENTRE_LEFT:2988|RIGHT:2840|UNKNOWN:234,CANDIDATE_ORIGIN_PASS_THROUGH
Pakenham,OTH,5,7,ALP+LNP+GRN+IND,IND,6062,1233.6346963556662,0.20350291922726266,6,IND_MINOR:234|OTH_AJP:978|OTH_DLP:666|OTH_FFPA:1218|OTH_FPV:956|OTH_HMP:2010,CENTRE_LEFT:2988|RIGHT:2840|UNKNOWN:234,CANDIDATE_ORIGIN_PASS_THROUGH
Pakenham,OTH,5,7,ALP+LNP+GRN+IND,LNP,6062,2065.6510813351606,0.3407540549876543,6,IND_MINOR:234|OTH_AJP:978|OTH_DLP:666|OTH_FFPA:1218|OTH_FPV:956|OTH_HMP:2010,CENTRE_LEFT:2988|RIGHT:2840|UNKNOWN:234,CANDIDATE_ORIGIN_PASS_THROUGH
Pakenham,ON,6,5,ALP+LNP+GRN+IND+OTH,ALP,1321,89.50514216575922,0.0677555958862674,1,ON:1321,UNSPECIFIED:1321,CANDIDATE_ORIGIN_PASS_THROUGH
Pakenham,ON,6,5,ALP+LNP+GRN+IND+OTH,GRN,1321,51.14579552329099,0.03871748336358137,1,ON:1321,UNSPECIFIED:1321,CANDIDATE_ORIGIN_PASS_THROUGH
Pakenham,ON,6,5,ALP+LNP+GRN+IND+OTH,IND,1321,135.05686630369027,0.10223835450695705,1,ON:1321,UNSPECIFIED:1321,CANDIDATE_ORIGIN_PASS_THROUGH
Pakenham,ON,6,5,ALP+LNP+GRN+IND+OTH,LNP,1321,231.75438596491227,0.17543859649122806,1,ON:1321,UNSPECIFIED:1321,CANDIDATE_ORIGIN_PASS_THROUGH
Pakenham,ON,6,5,ALP+LNP+GRN+IND+OTH,OTH,1321,813.5378100423472,0.6158499697519662,1,ON:1321,UNSPECIFIED:1321,CANDIDATE_ORIGIN_PASS_THROUGH
Pascoe Vale,LNP,3,6,ALP+GRN,ALP,8461,3212.4474202441907,0.3796770382040173,1,LIB:8461,UNSPECIFIED:8461,CANDIDATE_ORIGIN_PASS_THROUGH
Pascoe Vale,LNP,3,6,ALP+GRN,GRN,8461,5248.552579755809,0.6203229617959827,1,LIB:8461,UNSPECIFIED:8461,CANDIDATE_ORIGIN_PASS_THROUGH
Pascoe Vale,OTH,4,5,ALP+LNP+GRN,ALP,5478,1089.5883824919415,0.1989025889908619,4,OTH_AJP:889|OTH_FFPA:1080|OTH_REASON:1281|OTH_VNS:2228,CENTRE_LEFT:2170|LEFT:2228|RIGHT:1080,CANDIDATE_ORIGIN_PASS_THROUGH
Pascoe Vale,OTH,4,5,ALP+LNP+GRN,GRN,5478,2969.6398153174023,0.542102923570172,4,OTH_AJP:889|OTH_FFPA:1080|OTH_REASON:1281|OTH_VNS:2228,CENTRE_LEFT:2170|LEFT:2228|RIGHT:1080,CANDIDATE_ORIGIN_PASS_THROUGH
Pascoe Vale,OTH,4,5,ALP+LNP+GRN,LNP,5478,1418.7718021906564,0.25899448743896614,4,OTH_AJP:889|OTH_FFPA:1080|OTH_REASON:1281|OTH_VNS:2228,CENTRE_LEFT:2170|LEFT:2228|RIGHT:1080,CANDIDATE_ORIGIN_PASS_THROUGH
Pascoe Vale,IND,5,4,ALP+LNP+GRN+OTH,ALP,1689,266.5317324185249,0.15780445969125215,1,IND_MINOR:1689,UNKNOWN:1689,CANDIDATE_ORIGIN_PASS_THROUGH
Pascoe Vale,IND,5,4,ALP+LNP+GRN+OTH,GRN,1689,498.2984562607204,0.2950257289879931,1,IND_MINOR:1689,UNKNOWN:1689,CANDIDATE_ORIGIN_PASS_THROUGH
Pascoe Vale,IND,5,4,ALP+LNP+GRN+OTH,LNP,1689,142.68138936535163,0.08447684391080618,1,IND_MINOR:1689,UNKNOWN:1689,CANDIDATE_ORIGIN_PASS_THROUGH
Pascoe Vale,IND,5,4,ALP+LNP+GRN+OTH,OTH,1689,781.488421955403,0.46269296740994853,1,IND_MINOR:1689,UNKNOWN:1689,CANDIDATE_ORIGIN_PASS_THROUGH
Point Cook,GRN,3,13,ALP+LNP,ALP,2657,1479.1922548750342,0.5567151881351277,1,GRN:2657,UNSPECIFIED:2657,CANDIDATE_ORIGIN_PASS_THROUGH
Point Cook,GRN,3,13,ALP+LNP,LNP,2657,1177.8077451249655,0.44328481186487223,1,GRN:2657,UNSPECIFIED:2657,CANDIDATE_ORIGIN_PASS_THROUGH
Point Cook,IND,4,12,ALP+LNP+GRN,ALP,2712,715.7771260997067,0.26392961876832843,1,IND_MINOR:2712,UNKNOWN:2712,CANDIDATE_ORIGIN_PASS_THROUGH
Point Cook,IND,4,12,ALP+LNP+GRN,GRN,2712,1016.1588089330024,0.3746898263027295,1,IND_MINOR:2712,UNKNOWN:2712,CANDIDATE_ORIGIN_PASS_THROUGH
Point Cook,IND,4,12,ALP+LNP+GRN,LNP,2712,980.0640649672907,0.361380554928942,1,IND_MINOR:2712,UNKNOWN:2712,CANDIDATE_ORIGIN_PASS_THROUGH
Point Cook,OTH,5,11,ALP+LNP+GRN+IND,ALP,8422,1929.0000000000002,0.22904298266445028,11,IND_MINOR:1283|OTH_AJP:804|OTH_DHJP:514|OTH_DLP:1369|OTH_FFPA:1496|OTH_FPV:571|OTH_HAP:383|OTH_ND:358|OTH_TM:245|OTH_VNS:1399,CENTRE:603|CENTRE_LEFT:804|CENTRE_RIGHT:514|LEFT:1399|RIGHT:3819|UNKNOWN:1283,CANDIDATE_ORIGIN_PASS_THROUGH
Point Cook,OTH,5,11,ALP+LNP+GRN+IND,GRN,8422,2964.0,0.3519354072666825,11,IND_MINOR:1283|OTH_AJP:804|OTH_DHJP:514|OTH_DLP:1369|OTH_FFPA:1496|OTH_FPV:571|OTH_HAP:383|OTH_ND:358|OTH_TM:245|OTH_VNS:1399,CENTRE:603|CENTRE_LEFT:804|CENTRE_RIGHT:514|LEFT:1399|RIGHT:3819|UNKNOWN:1283,CANDIDATE_ORIGIN_PASS_THROUGH
Point Cook,OTH,5,11,ALP+LNP+GRN+IND,IND,8422,1721.0,0.20434576110187605,11,IND_MINOR:1283|OTH_AJP:804|OTH_DHJP:514|OTH_DLP:1369|OTH_FFPA:1496|OTH_FPV:571|OTH_HAP:383|OTH_ND:358|OTH_TM:245|OTH_VNS:1399,CENTRE:603|CENTRE_LEFT:804|CENTRE_RIGHT:514|LEFT:1399|RIGHT:3819|UNKNOWN:1283,CANDIDATE_ORIGIN_PASS_THROUGH
Point Cook,OTH,5,11,ALP+LNP+GRN+IND,LNP,8422,1808.0,0.2146758489669912,11,IND_MINOR:1283|OTH_AJP:804|OTH_DHJP:514|OTH_DLP:1369|OTH_FFPA:1496|OTH_FPV:571|OTH_HAP:383|OTH_ND:358|OTH_TM:245|OTH_VNS:1399,CENTRE:603|CENTRE_LEFT:804|CENTRE_RIGHT:514|LEFT:1399|RIGHT:3819|UNKNOWN:1283,CANDIDATE_ORIGIN_PASS_THROUGH
Polwarth,GRN,3,5,ALP+LNP,ALP,7661,6330.8373059260875,0.8263721845615569,1,GRN:7661,UNSPECIFIED:7661,CANDIDATE_ORIGIN_PASS_THROUGH
Polwarth,GRN,3,5,ALP+LNP,LNP,7661,1330.162694073912,0.17362781543844302,1,GRN:7661,UNSPECIFIED:7661,CANDIDATE_ORIGIN_PASS_THROUGH
Polwarth,IND,4,4,ALP+LNP+GRN,ALP,2017,235.94536120278696,0.11697836450311698,1,IND_MINOR:2017,UNKNOWN:2017,CANDIDATE_ORIGIN_PASS_THROUGH
Polwarth,IND,4,4,ALP+LNP+GRN,GRN,2017,425.2933626696003,0.21085441877521086,1,IND_MINOR:2017,UNKNOWN:2017,CANDIDATE_ORIGIN_PASS_THROUGH
Polwarth,IND,4,4,ALP+LNP+GRN,LNP,2017,1355.7612761276127,0.6721672167216721,1,IND_MINOR:2017,UNKNOWN:2017,CANDIDATE_ORIGIN_PASS_THROUGH
Polwarth,OTH,5,3,ALP+LNP+GRN+IND,ALP,3300,818.0000000000001,0.24787878787878792,3,OTH_AJP:1101|OTH_DHJP:1033|OTH_FFPA:1166,CENTRE_LEFT:1101|CENTRE_RIGHT:1033|RIGHT:1166,CANDIDATE_ORIGIN_PASS_THROUGH
Polwarth,OTH,5,3,ALP+LNP+GRN+IND,GRN,3300,910.0,0.27575757575757576,3,OTH_AJP:1101|OTH_DHJP:1033|OTH_FFPA:1166,CENTRE_LEFT:1101|CENTRE_RIGHT:1033|RIGHT:1166,CANDIDATE_ORIGIN_PASS_THROUGH
Polwarth,OTH,5,3,ALP+LNP+GRN+IND,IND,3300,710.0,0.21515151515151515,3,OTH_AJP:1101|OTH_DHJP:1033|OTH_FFPA:1166,CENTRE_LEFT:1101|CENTRE_RIGHT:1033|RIGHT:1166,CANDIDATE_ORIGIN_PASS_THROUGH
Polwarth,OTH,5,3,ALP+LNP+GRN+IND,LNP,3300,862.0,0.26121212121212123,3,OTH_AJP:1101|OTH_DHJP:1033|OTH_FFPA:1166,CENTRE_LEFT:1101|CENTRE_RIGHT:1033|RIGHT:1166,CANDIDATE_ORIGIN_PASS_THROUGH
Prahran,ALP,3,4,LNP+GRN,GRN,10421,8638.283207094033,0.8289303528542398,1,ALP:10421,UNSPECIFIED:10421,CANDIDATE_ORIGIN_PASS_THROUGH
Prahran,ALP,3,4,LNP+GRN,LNP,10421,1782.716792905967,0.1710696471457602,1,ALP:10421,UNSPECIFIED:10421,CANDIDATE_ORIGIN_PASS_THROUGH
Prahran,OTH,4,3,ALP+LNP+GRN,ALP,1889,286.49214753167865,0.15166339202312262,2,OTH_AJP:1263|OTH_FFPA:626,CENTRE_LEFT:1263|RIGHT:626,CANDIDATE_ORIGIN_PASS_THROUGH
Prahran,OTH,4,3,ALP+LNP+GRN,GRN,1889,893.4058756310355,0.472951760524635,2,OTH_AJP:1263|OTH_FFPA:626,CENTRE_LEFT:1263|RIGHT:626,CANDIDATE_ORIGIN_PASS_THROUGH
Prahran,OTH,4,3,ALP+LNP+GRN,LNP,1889,709.101976837286,0.37538484745224243,2,OTH_AJP:1263|OTH_FFPA:626,CENTRE_LEFT:1263|RIGHT:626,CANDIDATE_ORIGIN_PASS_THROUGH
Prahran,IND,5,1,ALP+LNP+GRN+OTH,ALP,449,94.0,0.20935412026726058,1,IND_MINOR:449,UNKNOWN:449,CANDIDATE_ORIGIN_PASS_THROUGH
Prahran,IND,5,1,ALP+LNP+GRN+OTH,GRN,449,107.0,0.2383073496659243,1,IND_MINOR:449,UNKNOWN:449,CANDIDATE_ORIGIN_PASS_THROUGH
Prahran,IND,5,1,ALP+LNP+GRN+OTH,LNP,449,77.0,0.1714922048997773,1,IND_MINOR:449,UNKNOWN:449,CANDIDATE_ORIGIN_PASS_THROUGH
Prahran,IND,5,1,ALP+LNP+GRN+OTH,OTH,449,171.0,0.38084632516703787,1,IND_MINOR:449,UNKNOWN:449,CANDIDATE_ORIGIN_PASS_THROUGH
Preston,LNP,3,8,ALP+GRN,ALP,6883,2252.7095193410487,0.32728599728912516,1,LIB:6883,UNSPECIFIED:6883,CANDIDATE_ORIGIN_PASS_THROUGH
Preston,LNP,3,8,ALP+GRN,GRN,6883,4630.290480658951,0.6727140027108748,1,LIB:6883,UNSPECIFIED:6883,CANDIDATE_ORIGIN_PASS_THROUGH
Preston,IND,4,7,ALP+LNP+GRN,ALP,5473,1228.212478920742,0.22441302373848745,1,IND_MINOR:5473,UNKNOWN:5473,CANDIDATE_ORIGIN_PASS_THROUGH
Preston,IND,4,7,ALP+LNP+GRN,GRN,5473,3236.659359190556,0.5913866908807887,1,IND_MINOR:5473,UNKNOWN:5473,CANDIDATE_ORIGIN_PASS_THROUGH
Preston,IND,4,7,ALP+LNP+GRN,LNP,5473,1008.1281618887016,0.18420028538072383,1,IND_MINOR:5473,UNKNOWN:5473,CANDIDATE_ORIGIN_PASS_THROUGH
Preston,OTH,5,6,ALP+LNP+GRN+IND,ALP,6475,893.0000000000001,0.13791505791505793,6,IND_MINOR:270|OTH_AJP:822|OTH_FFPA:885|OTH_FPV:1150|OTH_REASON:890|OTH_VNS:2458,CENTRE_LEFT:1712|LEFT:2458|RIGHT:2035|UNKNOWN:270,CANDIDATE_ORIGIN_PASS_THROUGH
Preston,OTH,5,6,ALP+LNP+GRN+IND,GRN,6475,2058.0,0.3178378378378378,6,IND_MINOR:270|OTH_AJP:822|OTH_FFPA:885|OTH_FPV:1150|OTH_REASON:890|OTH_VNS:2458,CENTRE_LEFT:1712|LEFT:2458|RIGHT:2035|UNKNOWN:270,CANDIDATE_ORIGIN_PASS_THROUGH
Preston,OTH,5,6,ALP+LNP+GRN+IND,IND,6475,2236.0,0.3453281853281853,6,IND_MINOR:270|OTH_AJP:822|OTH_FFPA:885|OTH_FPV:1150|OTH_REASON:890|OTH_VNS:2458,CENTRE_LEFT:1712|LEFT:2458|RIGHT:2035|UNKNOWN:270,CANDIDATE_ORIGIN_PASS_THROUGH
Preston,OTH,5,6,ALP+LNP+GRN+IND,LNP,6475,1288.0,0.1989189189189189,6,IND_MINOR:270|OTH_AJP:822|OTH_FFPA:885|OTH_FPV:1150|OTH_REASON:890|OTH_VNS:2458,CENTRE_LEFT:1712|LEFT:2458|RIGHT:2035|UNKNOWN:270,CANDIDATE_ORIGIN_PASS_THROUGH
Richmond,LNP,3,6,ALP+GRN,ALP,7456,2376.6556750298687,0.31875746714456393,1,LIB:7456,UNSPECIFIED:7456,CANDIDATE_ORIGIN_PASS_THROUGH
Richmond,LNP,3,6,ALP+GRN,GRN,7456,5079.344324970131,0.681242532855436,1,LIB:7456,UNSPECIFIED:7456,CANDIDATE_ORIGIN_PASS_THROUGH
Richmond,OTH,4,5,ALP+LNP+GRN,ALP,5050,1126.4231478924016,0.22305408869156468,4,OTH_AJP:934|OTH_FFPA:458|OTH_REASON:1830|OTH_VNS:1828,CENTRE_LEFT:2764|LEFT:1828|RIGHT:458,CANDIDATE_ORIGIN_PASS_THROUGH
Richmond,OTH,4,5,ALP+LNP+GRN,GRN,5050,3149.5326587764016,0.6236698334210696,4,OTH_AJP:934|OTH_FFPA:458|OTH_REASON:1830|OTH_VNS:1828,CENTRE_LEFT:2764|LEFT:1828|RIGHT:458,CANDIDATE_ORIGIN_PASS_THROUGH
Richmond,OTH,4,5,ALP+LNP+GRN,LNP,5050,774.0441933311968,0.1532760778873657,4,OTH_AJP:934|OTH_FFPA:458|OTH_REASON:1830|OTH_VNS:1828,CENTRE_LEFT:2764|LEFT:1828|RIGHT:458,CANDIDATE_ORIGIN_PASS_THROUGH
Richmond,IND,5,1,ALP+LNP+GRN+OTH,ALP,417,85.0,0.2038369304556355,1,IND_MINOR:417,UNKNOWN:417,CANDIDATE_ORIGIN_PASS_THROUGH
Richmond,IND,5,1,ALP+LNP+GRN+OTH,GRN,417,34.0,0.0815347721822542,1,IND_MINOR:417,UNKNOWN:417,CANDIDATE_ORIGIN_PASS_THROUGH
Richmond,IND,5,1,ALP+LNP+GRN+OTH,LNP,417,101.0,0.2422062350119904,1,IND_MINOR:417,UNKNOWN:417,CANDIDATE_ORIGIN_PASS_THROUGH
Richmond,IND,5,1,ALP+LNP+GRN+OTH,OTH,417,197.0,0.4724220623501199,1,IND_MINOR:417,UNKNOWN:417,CANDIDATE_ORIGIN_PASS_THROUGH
Ringwood,GRN,3,5,ALP+LNP,ALP,7105,5723.267702936097,0.8055267702936096,1,GRN:7105,UNSPECIFIED:7105,CANDIDATE_ORIGIN_PASS_THROUGH
Ringwood,GRN,3,5,ALP+LNP,LNP,7105,1381.7322970639034,0.19447322970639033,1,GRN:7105,UNSPECIFIED:7105,CANDIDATE_ORIGIN_PASS_THROUGH
Ringwood,OTH,4,4,ALP+LNP+GRN,ALP,5330,1475.0,0.2767354596622889,4,OTH_AJP:1212|OTH_DLP:1684|OTH_FFPA:1396|OTH_FPV:1038,CENTRE_LEFT:1212|RIGHT:4118,CANDIDATE_ORIGIN_PASS_THROUGH
Ringwood,OTH,4,4,ALP+LNP+GRN,GRN,5330,1580.0,0.2964352720450281,4,OTH_AJP:1212|OTH_DLP:1684|OTH_FFPA:1396|OTH_FPV:1038,CENTRE_LEFT:1212|RIGHT:4118,CANDIDATE_ORIGIN_PASS_THROUGH
Ringwood,OTH,4,4,ALP+LNP+GRN,LNP,5330,2275.0,0.4268292682926829,4,OTH_AJP:1212|OTH_DLP:1684|OTH_FFPA:1396|OTH_FPV:1038,CENTRE_LEFT:1212|RIGHT:4118,CANDIDATE_ORIGIN_PASS_THROUGH
Ripon,OTH,3,7,ALP+LNP,ALP,7319,3603.0486693097087,0.49228701589147544,5,IND_MINOR:312|OTH_AJP:1145|OTH_ASP:3606|OTH_DHJP:940|OTH_FFPA:1316,CENTRE_LEFT:1145|CENTRE_RIGHT:4546|RIGHT:1316|UNKNOWN:312,CANDIDATE_ORIGIN_PASS_THROUGH
Ripon,OTH,3,7,ALP+LNP,LNP,7319,3715.9513306902904,0.5077129841085245,5,IND_MINOR:312|OTH_AJP:1145|OTH_ASP:3606|OTH_DHJP:940|OTH_FFPA:1316,CENTRE_LEFT:1145|CENTRE_RIGHT:4546|RIGHT:1316|UNKNOWN:312,CANDIDATE_ORIGIN_PASS_THROUGH
Ripon,GRN,4,6,ALP+LNP+OTH,ALP,2524,1815.0199325360318,0.7191045691505673,1,GRN:2524,UNSPECIFIED:2524,CANDIDATE_ORIGIN_PASS_THROUGH
Ripon,GRN,4,6,ALP+LNP+OTH,LNP,2524,280.9604415823367,0.11131554737810488,1,GRN:2524,UNSPECIFIED:2524,CANDIDATE_ORIGIN_PASS_THROUGH
Ripon,GRN,4,6,ALP+LNP+OTH,OTH,2524,428.01962588163144,0.16957988347132782,1,GRN:2524,UNSPECIFIED:2524,CANDIDATE_ORIGIN_PASS_THROUGH
Ripon,IND,5,3,ALP+LNP+GRN+OTH,ALP,872,258.0323501427212,0.29590865842055186,1,IND_MINOR:872,UNKNOWN:872,CANDIDATE_ORIGIN_PASS_THROUGH
Ripon,IND,5,3,ALP+LNP+GRN+OTH,GRN,872,72.1826831588963,0.08277830637488107,1,IND_MINOR:872,UNKNOWN:872,CANDIDATE_ORIGIN_PASS_THROUGH
Ripon,IND,5,3,ALP+LNP+GRN+OTH,LNP,872,156.8106565176023,0.17982873453853473,1,IND_MINOR:872,UNKNOWN:872,CANDIDATE_ORIGIN_PASS_THROUGH
Ripon,IND,5,3,ALP+LNP+GRN+OTH,OTH,872,384.9743101807802,0.44148430066603234,1,IND_MINOR:872,UNKNOWN:872,CANDIDATE_ORIGIN_PASS_THROUGH
Rowville,IND,3,5,ALP+LNP,ALP,5231,2115.34561353211,0.40438646788990823,1,IND_MINOR:5231,UNKNOWN:5231,CANDIDATE_ORIGIN_PASS_THROUGH
Rowville,IND,3,5,ALP+LNP,LNP,5231,3115.6543864678897,0.5956135321100917,1,IND_MINOR:5231,UNKNOWN:5231,CANDIDATE_ORIGIN_PASS_THROUGH
Rowville,GRN,4,4,ALP+LNP+IND,ALP,3055,2034.1969819455674,0.6658582592293183,1,GRN:3055,UNSPECIFIED:3055,CANDIDATE_ORIGIN_PASS_THROUGH
Rowville,GRN,4,4,ALP+LNP+IND,IND,3055,576.2597682565347,0.18862840204796552,1,GRN:3055,UNSPECIFIED:3055,CANDIDATE_ORIGIN_PASS_THROUGH
Rowville,GRN,4,4,ALP+LNP+IND,LNP,3055,444.5432497978981,0.14551333872271624,1,GRN:3055,UNSPECIFIED:3055,CANDIDATE_ORIGIN_PASS_THROUGH
Rowville,OTH,5,3,ALP+LNP+GRN+IND,ALP,3200,520.0,0.1625,3,OTH_AJP:859|OTH_FFPA:1433|OTH_FPV:908,CENTRE_LEFT:859|RIGHT:2341,CANDIDATE_ORIGIN_PASS_THROUGH
Rowville,OTH,5,3,ALP+LNP+GRN+IND,GRN,3200,656.0,0.205,3,OTH_AJP:859|OTH_FFPA:1433|OTH_FPV:908,CENTRE_LEFT:859|RIGHT:2341,CANDIDATE_ORIGIN_PASS_THROUGH
Rowville,OTH,5,3,ALP+LNP+GRN+IND,IND,3200,1045.0,0.3265625,3,OTH_AJP:859|OTH_FFPA:1433|OTH_FPV:908,CENTRE_LEFT:859|RIGHT:2341,CANDIDATE_ORIGIN_PASS_THROUGH
Rowville,OTH,5,3,ALP+LNP+GRN+IND,LNP,3200,979.0,0.3059375,3,OTH_AJP:859|OTH_FFPA:1433|OTH_FPV:908,CENTRE_LEFT:859|RIGHT:2341,CANDIDATE_ORIGIN_PASS_THROUGH
Sandringham,GRN,3,6,ALP+LNP,ALP,5947,4781.992576748868,0.8041016607951685,1,GRN:5947,UNSPECIFIED:5947,CANDIDATE_ORIGIN_PASS_THROUGH
Sandringham,GRN,3,6,ALP+LNP,LNP,5947,1165.0074232511324,0.1958983392048314,1,GRN:5947,UNSPECIFIED:5947,CANDIDATE_ORIGIN_PASS_THROUGH
Sandringham,IND,4,5,ALP+LNP+GRN,ALP,2800,804.78040035853,0.28742157155661785,1,IND_MINOR:2800,UNKNOWN:2800,CANDIDATE_ORIGIN_PASS_THROUGH
Sandringham,IND,4,5,ALP+LNP+GRN,GRN,2800,991.3355243501643,0.3540484015536301,1,IND_MINOR:2800,UNKNOWN:2800,CANDIDATE_ORIGIN_PASS_THROUGH
Sandringham,IND,4,5,ALP+LNP+GRN,LNP,2800,1003.8840752913056,0.358530026889752,1,IND_MINOR:2800,UNKNOWN:2800,CANDIDATE_ORIGIN_PASS_THROUGH
Sandringham,OTH,5,4,ALP+LNP+GRN+IND,ALP,2554,437.0,0.1711041503523884,4,IND_MINOR:115|OTH_AJP:976|OTH_DLP:749|OTH_FFPA:714,CENTRE_LEFT:976|RIGHT:1463|UNKNOWN:115,CANDIDATE_ORIGIN_PASS_THROUGH
Sandringham,OTH,5,4,ALP+LNP+GRN+IND,GRN,2554,816.0000000000001,0.3194988253719656,4,IND_MINOR:115|OTH_AJP:976|OTH_DLP:749|OTH_FFPA:714,CENTRE_LEFT:976|RIGHT:1463|UNKNOWN:115,CANDIDATE_ORIGIN_PASS_THROUGH
Sandringham,OTH,5,4,ALP+LNP+GRN+IND,IND,2554,547.0,0.21417384494909944,4,IND_MINOR:115|OTH_AJP:976|OTH_DLP:749|OTH_FFPA:714,CENTRE_LEFT:976|RIGHT:1463|UNKNOWN:115,CANDIDATE_ORIGIN_PASS_THROUGH
Sandringham,OTH,5,4,ALP+LNP+GRN+IND,LNP,2554,754.0,0.29522317932654657,4,IND_MINOR:115|OTH_AJP:976|OTH_DLP:749|OTH_FFPA:714,CENTRE_LEFT:976|RIGHT:1463|UNKNOWN:115,CANDIDATE_ORIGIN_PASS_THROUGH
Shepparton,ALP,3,6,LNP+IND,IND,3285,1808.9308176100628,0.5506638714185884,1,ALP:3285,UNSPECIFIED:3285,CANDIDATE_ORIGIN_PASS_THROUGH
Shepparton,ALP,3,6,LNP+IND,LNP,3285,1476.069182389937,0.44933612858141153,1,ALP:3285,UNSPECIFIED:3285,CANDIDATE_ORIGIN_PASS_THROUGH
Shepparton,OTH,4,5,ALP+LNP+IND,ALP,3081,621.9119277108433,0.201853920061942,4,OTH_AJP:515|OTH_DLP:882|OTH_FFPA:877|OTH_FPV:807,CENTRE_LEFT:515|RIGHT:2566,CANDIDATE_ORIGIN_PASS_THROUGH
Shepparton,OTH,4,5,ALP+LNP+IND,IND,3081,735.8561445783132,0.2388367882435291,4,OTH_AJP:515|OTH_DLP:882|OTH_FFPA:877|OTH_FPV:807,CENTRE_LEFT:515|RIGHT:2566,CANDIDATE_ORIGIN_PASS_THROUGH
Shepparton,OTH,4,5,ALP+LNP+IND,LNP,3081,1723.2319277108431,0.5593092916945288,4,OTH_AJP:515|OTH_DLP:882|OTH_FFPA:877|OTH_FPV:807,CENTRE_LEFT:515|RIGHT:2566,CANDIDATE_ORIGIN_PASS_THROUGH
Shepparton,GRN,5,4,ALP+LNP+IND+OTH,ALP,1056,374.5301204819277,0.3546686746987952,1,GRN:1056,UNSPECIFIED:1056,CANDIDATE_ORIGIN_PASS_THROUGH
Shepparton,GRN,5,4,ALP+LNP+IND+OTH,IND,1056,254.4578313253012,0.24096385542168675,1,GRN:1056,UNSPECIFIED:1056,CANDIDATE_ORIGIN_PASS_THROUGH
Shepparton,GRN,5,4,ALP+LNP+IND+OTH,LNP,1056,318.86746987951807,0.3019578313253012,1,GRN:1056,UNSPECIFIED:1056,CANDIDATE_ORIGIN_PASS_THROUGH
Shepparton,GRN,5,4,ALP+LNP+IND+OTH,OTH,1056,108.144578313253,0.10240963855421686,1,GRN:1056,UNSPECIFIED:1056,CANDIDATE_ORIGIN_PASS_THROUGH
South Barwon,GRN,3,6,ALP+LNP,ALP,5719,4576.4461391801715,0.8002178945934904,1,GRN:5719,UNSPECIFIED:5719,CANDIDATE_ORIGIN_PASS_THROUGH
South Barwon,GRN,3,6,ALP+LNP,LNP,5719,1142.5538608198283,0.1997821054065096,1,GRN:5719,UNSPECIFIED:5719,CANDIDATE_ORIGIN_PASS_THROUGH
South Barwon,OTH,4,5,ALP+LNP+GRN,ALP,4980,1175.0,0.2359437751004016,5,OTH_AJP:1076|OTH_DHJP:891|OTH_DLP:1099|OTH_FFPA:1338|OTH_FPV:576,CENTRE_LEFT:1076|CENTRE_RIGHT:891|RIGHT:3013,CANDIDATE_ORIGIN_PASS_THROUGH
South Barwon,OTH,4,5,ALP+LNP+GRN,GRN,4980,1623.9999999999998,0.3261044176706827,5,OTH_AJP:1076|OTH_DHJP:891|OTH_DLP:1099|OTH_FFPA:1338|OTH_FPV:576,CENTRE_LEFT:1076|CENTRE_RIGHT:891|RIGHT:3013,CANDIDATE_ORIGIN_PASS_THROUGH
South Barwon,OTH,4,5,ALP+LNP+GRN,LNP,4980,2181.0,0.43795180722891563,5,OTH_AJP:1076|OTH_DHJP:891|OTH_DLP:1099|OTH_FFPA:1338|OTH_FPV:576,CENTRE_LEFT:1076|CENTRE_RIGHT:891|RIGHT:3013,CANDIDATE_ORIGIN_PASS_THROUGH
South-West Coast,IND,3,8,ALP+LNP,ALP,6564,4176.337831278516,0.636248907873022,1,IND_MINOR:6564,UNKNOWN:6564,CANDIDATE_ORIGIN_PASS_THROUGH
South-West Coast,IND,3,8,ALP+LNP,LNP,6564,2387.6621687214833,0.363751092126978,1,IND_MINOR:6564,UNKNOWN:6564,CANDIDATE_ORIGIN_PASS_THROUGH
South-West Coast,OTH,4,7,ALP+LNP+IND,ALP,7318,1764.629243077769,0.2411354527299493,6,IND_MINOR:5218|OTH_AJP:688|OTH_DHJP:488|OTH_FFPA:924,CENTRE_LEFT:688|CENTRE_RIGHT:488|RIGHT:924|UNKNOWN:5218,CANDIDATE_ORIGIN_PASS_THROUGH
South-West Coast,OTH,4,7,ALP+LNP+IND,IND,7318,2818.6255361332524,0.38516336924477346,6,IND_MINOR:5218|OTH_AJP:688|OTH_DHJP:488|OTH_FFPA:924,CENTRE_LEFT:688|CENTRE_RIGHT:488|RIGHT:924|UNKNOWN:5218,CANDIDATE_ORIGIN_PASS_THROUGH
South-West Coast,OTH,4,7,ALP+LNP+IND,LNP,7318,2734.7452207889783,0.37370117802527714,6,IND_MINOR:5218|OTH_AJP:688|OTH_DHJP:488|OTH_FFPA:924,CENTRE_LEFT:688|CENTRE_RIGHT:488|RIGHT:924|UNKNOWN:5218,CANDIDATE_ORIGIN_PASS_THROUGH
South-West Coast,GRN,5,6,ALP+LNP+IND+OTH,ALP,2457,1066.9227557411275,0.43423799582463474,1,GRN:2457,UNSPECIFIED:2457,CANDIDATE_ORIGIN_PASS_THROUGH
South-West Coast,GRN,5,6,ALP+LNP+IND+OTH,IND,2457,806.1764091858038,0.3281141266527488,1,GRN:2457,UNSPECIFIED:2457,CANDIDATE_ORIGIN_PASS_THROUGH
South-West Coast,GRN,5,6,ALP+LNP+IND+OTH,LNP,2457,319.7348643006263,0.1301322199025748,1,GRN:2457,UNSPECIFIED:2457,CANDIDATE_ORIGIN_PASS_THROUGH
South-West Coast,GRN,5,6,ALP+LNP+IND+OTH,OTH,2457,264.16597077244256,0.10751565762004174,1,GRN:2457,UNSPECIFIED:2457,CANDIDATE_ORIGIN_PASS_THROUGH
St Albans,GRN,3,8,ALP+LNP,ALP,2416,1730.0159688412853,0.7160662122687439,1,GRN:2416,UNSPECIFIED:2416,CANDIDATE_ORIGIN_PASS_THROUGH
St Albans,GRN,3,8,ALP+LNP,LNP,2416,685.9840311587147,0.2839337877312561,1,GRN:2416,UNSPECIFIED:2416,CANDIDATE_ORIGIN_PASS_THROUGH
St Albans,OTH,4,7,ALP+LNP+GRN,ALP,7988,2259.482175140255,0.28285956123438344,6,OTH_AJP:782|OTH_DLP:2735|OTH_FFPA:1038|OTH_FPV:874|OTH_ND:192|OTH_VNS:2367,CENTRE:192|CENTRE_LEFT:782|LEFT:2367|RIGHT:4647,CANDIDATE_ORIGIN_PASS_THROUGH
St Albans,OTH,4,7,ALP+LNP+GRN,GRN,7988,2302.9256823962646,0.2882981575358368,6,OTH_AJP:782|OTH_DLP:2735|OTH_FFPA:1038|OTH_FPV:874|OTH_ND:192|OTH_VNS:2367,CENTRE:192|CENTRE_LEFT:782|LEFT:2367|RIGHT:4647,CANDIDATE_ORIGIN_PASS_THROUGH
St Albans,OTH,4,7,ALP+LNP+GRN,LNP,7988,3425.5921424634803,0.4288422812297797,6,OTH_AJP:782|OTH_DLP:2735|OTH_FFPA:1038|OTH_FPV:874|OTH_ND:192|OTH_VNS:2367,CENTRE:192|CENTRE_LEFT:782|LEFT:2367|RIGHT:4647,CANDIDATE_ORIGIN_PASS_THROUGH
St Albans,IND,5,5,ALP+LNP+GRN+OTH,ALP,1152,153.6,0.13333333333333333,1,IND_MINOR:1152,UNKNOWN:1152,CANDIDATE_ORIGIN_PASS_THROUGH
St Albans,IND,5,5,ALP+LNP+GRN+OTH,GRN,1152,327.77142857142854,0.2845238095238095,1,IND_MINOR:1152,UNKNOWN:1152,CANDIDATE_ORIGIN_PASS_THROUGH
St Albans,IND,5,5,ALP+LNP+GRN+OTH,LNP,1152,368.9142857142857,0.3202380952380952,1,IND_MINOR:1152,UNKNOWN:1152,CANDIDATE_ORIGIN_PASS_THROUGH
St Albans,IND,5,5,ALP+LNP+GRN+OTH,OTH,1152,301.7142857142857,0.2619047619047619,1,IND_MINOR:1152,UNKNOWN:1152,CANDIDATE_ORIGIN_PASS_THROUGH
Sunbury,GRN,3,7,ALP+LNP,ALP,2459,1774.1687619859365,0.7215001065416577,1,GRN:2459,UNSPECIFIED:2459,CANDIDATE_ORIGIN_PASS_THROUGH
Sunbury,GRN,3,7,ALP+LNP,LNP,2459,684.8312380140635,0.2784998934583422,1,GRN:2459,UNSPECIFIED:2459,CANDIDATE_ORIGIN_PASS_THROUGH
Sunbury,OTH,4,6,ALP+LNP+GRN,ALP,5667,1363.0285448160473,0.2405203008321947,5,OTH_AJP:1537|OTH_DLP:1317|OTH_FFPA:1445|OTH_ND:204|OTH_VNS:1164,CENTRE:204|CENTRE_LEFT:1537|LEFT:1164|RIGHT:2762,CANDIDATE_ORIGIN_PASS_THROUGH
Sunbury,OTH,4,6,ALP+LNP+GRN,GRN,5667,1934.4989409561692,0.341362085928387,5,OTH_AJP:1537|OTH_DLP:1317|OTH_FFPA:1445|OTH_ND:204|OTH_VNS:1164,CENTRE:204|CENTRE_LEFT:1537|LEFT:1164|RIGHT:2762,CANDIDATE_ORIGIN_PASS_THROUGH
Sunbury,OTH,4,6,ALP+LNP+GRN,LNP,5667,2369.472514227783,0.4181176132394182,5,OTH_AJP:1537|OTH_DLP:1317|OTH_FFPA:1445|OTH_ND:204|OTH_VNS:1164,CENTRE:204|CENTRE_LEFT:1537|LEFT:1164|RIGHT:2762,CANDIDATE_ORIGIN_PASS_THROUGH
Sunbury,IND,5,4,ALP+LNP+GRN+OTH,ALP,1432,182.27095148078138,0.12728418399495905,1,IND_MINOR:1432,UNKNOWN:1432,CANDIDATE_ORIGIN_PASS_THROUGH
Sunbury,IND,5,4,ALP+LNP+GRN+OTH,GRN,1432,159.71266540642722,0.11153119092627599,1,IND_MINOR:1432,UNKNOWN:1432,CANDIDATE_ORIGIN_PASS_THROUGH
Sunbury,IND,5,4,ALP+LNP+GRN+OTH,LNP,1432,649.6786389413988,0.45368620037807184,1,IND_MINOR:1432,UNKNOWN:1432,CANDIDATE_ORIGIN_PASS_THROUGH
Sunbury,IND,5,4,ALP+LNP+GRN+OTH,OTH,1432,440.3377441713925,0.3074984247006931,1,IND_MINOR:1432,UNKNOWN:1432,CANDIDATE_ORIGIN_PASS_THROUGH
Sydenham,OTH,3,6,ALP+LNP,ALP,9476,4951.2683815090895,0.5225061609866072,5,OTH_AJP:1095|OTH_DLP:1917|OTH_FFPA:2815|OTH_FPV:1672|OTH_VNS:1977,CENTRE_LEFT:1095|LEFT:1977|RIGHT:6404,CANDIDATE_ORIGIN_PASS_THROUGH
Sydenham,OTH,3,6,ALP+LNP,LNP,9476,4524.7316184909105,0.4774938390133928,5,OTH_AJP:1095|OTH_DLP:1917|OTH_FFPA:2815|OTH_FPV:1672|OTH_VNS:1977,CENTRE_LEFT:1095|LEFT:1977|RIGHT:6404,CANDIDATE_ORIGIN_PASS_THROUGH
Sydenham,GRN,4,5,ALP+LNP+OTH,ALP,2547,1422.221379310345,0.5583908045977012,1,GRN:2547,UNSPECIFIED:2547,CANDIDATE_ORIGIN_PASS_THROUGH
Sydenham,GRN,4,5,ALP+LNP+OTH,LNP,2547,471.9268965517241,0.18528735632183907,1,GRN:2547,UNSPECIFIED:2547,CANDIDATE_ORIGIN_PASS_THROUGH
Sydenham,GRN,4,5,ALP+LNP+OTH,OTH,2547,652.851724137931,0.25632183908045975,1,GRN:2547,UNSPECIFIED:2547,CANDIDATE_ORIGIN_PASS_THROUGH
Tarneit,GRN,3,7,ALP+LNP,ALP,2884,2083.9225806451614,0.7225806451612904,1,GRN:2884,UNSPECIFIED:2884,CANDIDATE_ORIGIN_PASS_THROUGH
Tarneit,GRN,3,7,ALP+LNP,LNP,2884,800.0774193548386,0.27741935483870966,1,GRN:2884,UNSPECIFIED:2884,CANDIDATE_ORIGIN_PASS_THROUGH
Tarneit,OTH,4,6,ALP+LNP+GRN,ALP,6947,1992.7066339395265,0.2868441966229346,5,OTH_AJP:843|OTH_FFPA:1974|OTH_FPV:882|OTH_ND:1176|OTH_VNS:2072,CENTRE:1176|CENTRE_LEFT:843|LEFT:2072|RIGHT:2856,CANDIDATE_ORIGIN_PASS_THROUGH
Tarneit,OTH,4,6,ALP+LNP+GRN,GRN,6947,2406.9776501689203,0.3464772779860257,5,OTH_AJP:843|OTH_FFPA:1974|OTH_FPV:882|OTH_ND:1176|OTH_VNS:2072,CENTRE:1176|CENTRE_LEFT:843|LEFT:2072|RIGHT:2856,CANDIDATE_ORIGIN_PASS_THROUGH
Tarneit,OTH,4,6,ALP+LNP+GRN,LNP,6947,2547.3157158915533,0.3666785253910398,5,OTH_AJP:843|OTH_FFPA:1974|OTH_FPV:882|OTH_ND:1176|OTH_VNS:2072,CENTRE:1176|CENTRE_LEFT:843|LEFT:2072|RIGHT:2856,CANDIDATE_ORIGIN_PASS_THROUGH
Tarneit,IND,5,1,ALP+LNP+GRN+OTH,ALP,534,101.0,0.1891385767790262,1,IND_MINOR:534,UNKNOWN:534,CANDIDATE_ORIGIN_PASS_THROUGH
Tarneit,IND,5,1,ALP+LNP+GRN+OTH,GRN,534,39.0,0.07303370786516854,1,IND_MINOR:534,UNKNOWN:534,CANDIDATE_ORIGIN_PASS_THROUGH
Tarneit,IND,5,1,ALP+LNP+GRN+OTH,LNP,534,75.0,0.1404494382022472,1,IND_MINOR:534,UNKNOWN:534,CANDIDATE_ORIGIN_PASS_THROUGH
Tarneit,IND,5,1,ALP+LNP+GRN+OTH,OTH,534,319.0,0.5973782771535581,1,IND_MINOR:534,UNKNOWN:534,CANDIDATE_ORIGIN_PASS_THROUGH
Thomastown,OTH,3,4,ALP+LNP,ALP,6501,3429.600173272733,0.5275496344058965,3,OTH_AJP:1072|OTH_FFPA:2563|OTH_VNS:2866,CENTRE_LEFT:1072|LEFT:2866|RIGHT:2563,CANDIDATE_ORIGIN_PASS_THROUGH
Thomastown,OTH,3,4,ALP+LNP,LNP,6501,3071.3998267272664,0.4724503655941034,3,OTH_AJP:1072|OTH_FFPA:2563|OTH_VNS:2866,CENTRE_LEFT:1072|LEFT:2866|RIGHT:2563,CANDIDATE_ORIGIN_PASS_THROUGH
Thomastown,GRN,4,2,ALP+LNP+OTH,ALP,2547,1164.0010838150288,0.45700867052023114,1,GRN:2547,UNSPECIFIED:2547,CANDIDATE_ORIGIN_PASS_THROUGH
Thomastown,GRN,4,2,ALP+LNP+OTH,LNP,2547,221.75830924855492,0.08706647398843931,1,GRN:2547,UNSPECIFIED:2547,CANDIDATE_ORIGIN_PASS_THROUGH
Thomastown,GRN,4,2,ALP+LNP+OTH,OTH,2547,1161.2406069364163,0.4559248554913295,1,GRN:2547,UNSPECIFIED:2547,CANDIDATE_ORIGIN_PASS_THROUGH
Warrandyte,GRN,3,4,ALP+LNP,ALP,5283,4163.997217068646,0.7881880024737168,1,GRN:5283,UNSPECIFIED:5283,CANDIDATE_ORIGIN_PASS_THROUGH
Warrandyte,GRN,3,4,ALP+LNP,LNP,5283,1119.0027829313544,0.21181199752628324,1,GRN:5283,UNSPECIFIED:5283,CANDIDATE_ORIGIN_PASS_THROUGH
Warrandyte,OTH,4,3,ALP+LNP+GRN,ALP,2843,395.71172153608995,0.13918808355120998,2,OTH_AJP:1020|OTH_FFPA:1823,CENTRE_LEFT:1020|RIGHT:1823,CANDIDATE_ORIGIN_PASS_THROUGH
Warrandyte,OTH,4,3,ALP+LNP+GRN,GRN,2843,950.7381222048268,0.3344136905398617,2,OTH_AJP:1020|OTH_FFPA:1823,CENTRE_LEFT:1020|RIGHT:1823,CANDIDATE_ORIGIN_PASS_THROUGH
Warrandyte,OTH,4,3,ALP+LNP+GRN,LNP,2843,1496.5501562590832,0.5263982259089284,2,OTH_AJP:1020|OTH_FFPA:1823,CENTRE_LEFT:1020|RIGHT:1823,CANDIDATE_ORIGIN_PASS_THROUGH
Warrandyte,IND,5,1,ALP+LNP+GRN+OTH,ALP,659,119.0,0.18057663125948406,1,IND_MINOR:659,UNKNOWN:659,CANDIDATE_ORIGIN_PASS_THROUGH
Warrandyte,IND,5,1,ALP+LNP+GRN+OTH,GRN,659,151.0,0.2291350531107739,1,IND_MINOR:659,UNKNOWN:659,CANDIDATE_ORIGIN_PASS_THROUGH
Warrandyte,IND,5,1,ALP+LNP+GRN+OTH,LNP,659,147.0,0.22306525037936267,1,IND_MINOR:659,UNKNOWN:659,CANDIDATE_ORIGIN_PASS_THROUGH
Warrandyte,IND,5,1,ALP+LNP+GRN+OTH,OTH,659,242.0,0.36722306525037934,1,IND_MINOR:659,UNKNOWN:659,CANDIDATE_ORIGIN_PASS_THROUGH
Wendouree,GRN,3,5,ALP+LNP,ALP,4383,3442.6312437143815,0.7854508883674154,1,GRN:4383,UNSPECIFIED:4383,CANDIDATE_ORIGIN_PASS_THROUGH
Wendouree,GRN,3,5,ALP+LNP,LNP,4383,940.3687562856185,0.21454911163258464,1,GRN:4383,UNSPECIFIED:4383,CANDIDATE_ORIGIN_PASS_THROUGH
Wendouree,OTH,4,4,ALP+LNP+GRN,ALP,4727,1240.9853527069367,0.26253127833867923,3,OTH_AJP:1602|OTH_DLP:1509|OTH_FFPA:1616,CENTRE_LEFT:1602|RIGHT:3125,CANDIDATE_ORIGIN_PASS_THROUGH
Wendouree,OTH,4,4,ALP+LNP+GRN,GRN,4727,1463.1052791543175,0.30952089679592076,3,OTH_AJP:1602|OTH_DLP:1509|OTH_FFPA:1616,CENTRE_LEFT:1602|RIGHT:3125,CANDIDATE_ORIGIN_PASS_THROUGH
Wendouree,OTH,4,4,ALP+LNP+GRN,LNP,4727,2022.9093681387458,0.4279478248654,3,OTH_AJP:1602|OTH_DLP:1509|OTH_FFPA:1616,CENTRE_LEFT:1602|RIGHT:3125,CANDIDATE_ORIGIN_PASS_THROUGH
Wendouree,IND,5,1,ALP+LNP+GRN+OTH,ALP,455,55.0,0.12087912087912088,1,IND_MINOR:455,UNKNOWN:455,CANDIDATE_ORIGIN_PASS_THROUGH
Wendouree,IND,5,1,ALP+LNP+GRN+OTH,GRN,455,40.0,0.08791208791208792,1,IND_MINOR:455,UNKNOWN:455,CANDIDATE_ORIGIN_PASS_THROUGH
Wendouree,IND,5,1,ALP+LNP+GRN+OTH,LNP,455,92.0,0.2021978021978022,1,IND_MINOR:455,UNKNOWN:455,CANDIDATE_ORIGIN_PASS_THROUGH
Wendouree,IND,5,1,ALP+LNP+GRN+OTH,OTH,455,268.0,0.589010989010989,1,IND_MINOR:455,UNKNOWN:455,CANDIDATE_ORIGIN_PASS_THROUGH
Werribee,GRN,3,13,ALP+LNP,ALP,2613,1808.7298387096776,0.6922043010752689,1,GRN:2613,UNSPECIFIED:2613,CANDIDATE_ORIGIN_PASS_THROUGH
Werribee,GRN,3,13,ALP+LNP,LNP,2613,804.2701612903226,0.3077956989247312,1,GRN:2613,UNSPECIFIED:2613,CANDIDATE_ORIGIN_PASS_THROUGH
Werribee,IND,4,12,ALP+LNP+GRN,ALP,2278,427.74914758889435,0.18777398928397468,1,IND_MINOR:2278,UNKNOWN:2278,CANDIDATE_ORIGIN_PASS_THROUGH
Werribee,IND,4,12,ALP+LNP+GRN,GRN,2278,504.86604968339014,0.22162688748173404,1,IND_MINOR:2278,UNKNOWN:2278,CANDIDATE_ORIGIN_PASS_THROUGH
Werribee,IND,4,12,ALP+LNP+GRN,LNP,2278,1345.3848027277156,0.5905991232342913,1,IND_MINOR:2278,UNKNOWN:2278,CANDIDATE_ORIGIN_PASS_THROUGH
Werribee,OTH,5,11,ALP+LNP+GRN+IND,ALP,6421,1629.0,0.2536988008098427,11,IND_MINOR:258|OTH_AJP:730|OTH_DHJP:709|OTH_DLP:767|OTH_FFPA:964|OTH_FPV:663|OTH_HAP:260|OTH_ND:319|OTH_TM:360|OTH_VNS:1391,CENTRE:679|CENTRE_LEFT:730|CENTRE_RIGHT:709|LEFT:1391|RIGHT:2654|UNKNOWN:258,CANDIDATE_ORIGIN_PASS_THROUGH
Werribee,OTH,5,11,ALP+LNP+GRN+IND,GRN,6421,1685.0,0.2624201837719981,11,IND_MINOR:258|OTH_AJP:730|OTH_DHJP:709|OTH_DLP:767|OTH_FFPA:964|OTH_FPV:663|OTH_HAP:260|OTH_ND:319|OTH_TM:360|OTH_VNS:1391,CENTRE:679|CENTRE_LEFT:730|CENTRE_RIGHT:709|LEFT:1391|RIGHT:2654|UNKNOWN:258,CANDIDATE_ORIGIN_PASS_THROUGH
Werribee,OTH,5,11,ALP+LNP+GRN+IND,IND,6421,1828.0,0.2846908581217879,11,IND_MINOR:258|OTH_AJP:730|OTH_DHJP:709|OTH_DLP:767|OTH_FFPA:964|OTH_FPV:663|OTH_HAP:260|OTH_ND:319|OTH_TM:360|OTH_VNS:1391,CENTRE:679|CENTRE_LEFT:730|CENTRE_RIGHT:709|LEFT:1391|RIGHT:2654|UNKNOWN:258,CANDIDATE_ORIGIN_PASS_THROUGH
Werribee,OTH,5,11,ALP+LNP+GRN+IND,LNP,6421,1279.0,0.1991901572963713,11,IND_MINOR:258|OTH_AJP:730|OTH_DHJP:709|OTH_DLP:767|OTH_FFPA:964|OTH_FPV:663|OTH_HAP:260|OTH_ND:319|OTH_TM:360|OTH_VNS:1391,CENTRE:679|CENTRE_LEFT:730|CENTRE_RIGHT:709|LEFT:1391|RIGHT:2654|UNKNOWN:258,CANDIDATE_ORIGIN_PASS_THROUGH
Williamstown,GRN,3,6,ALP+LNP,ALP,6013,5167.478141094742,0.8593843574080728,1,GRN:6013,UNSPECIFIED:6013,CANDIDATE_ORIGIN_PASS_THROUGH
Williamstown,GRN,3,6,ALP+LNP,LNP,6013,845.5218589052582,0.1406156425919272,1,GRN:6013,UNSPECIFIED:6013,CANDIDATE_ORIGIN_PASS_THROUGH
Williamstown,OTH,4,5,ALP+LNP+GRN,ALP,5860,1378.0,0.23515358361774744,5,OTH_AJP:1049|OTH_DLP:1632|OTH_FFPA:675|OTH_FPV:976|OTH_VNS:1528,CENTRE_LEFT:1049|LEFT:1528|RIGHT:3283,CANDIDATE_ORIGIN_PASS_THROUGH
Williamstown,OTH,4,5,ALP+LNP+GRN,GRN,5860,2336.0,0.3986348122866894,5,OTH_AJP:1049|OTH_DLP:1632|OTH_FFPA:675|OTH_FPV:976|OTH_VNS:1528,CENTRE_LEFT:1049|LEFT:1528|RIGHT:3283,CANDIDATE_ORIGIN_PASS_THROUGH
Williamstown,OTH,4,5,ALP+LNP+GRN,LNP,5860,2146.0,0.36621160409556314,5,OTH_AJP:1049|OTH_DLP:1632|OTH_FFPA:675|OTH_FPV:976|OTH_VNS:1528,CENTRE_LEFT:1049|LEFT:1528|RIGHT:3283,CANDIDATE_ORIGIN_PASS_THROUGH
Yan Yean,OTH,3,7,ALP+LNP,ALP,7189,3262.1470946954137,0.45376924394149587,6,OTH_AJP:1043|OTH_ASP:1024|OTH_DHJP:793|OTH_DLP:2028|OTH_FFPA:1280|OTH_FPV:1021,CENTRE_LEFT:1043|CENTRE_RIGHT:1817|RIGHT:4329,CANDIDATE_ORIGIN_PASS_THROUGH
Yan Yean,OTH,3,7,ALP+LNP,LNP,7189,3926.8529053045863,0.5462307560585041,6,OTH_AJP:1043|OTH_ASP:1024|OTH_DHJP:793|OTH_DLP:2028|OTH_FFPA:1280|OTH_FPV:1021,CENTRE_LEFT:1043|CENTRE_RIGHT:1817|RIGHT:4329,CANDIDATE_ORIGIN_PASS_THROUGH
Yan Yean,GRN,4,6,ALP+LNP+OTH,ALP,2537,1568.915297450425,0.6184135977337111,1,GRN:2537,UNSPECIFIED:2537,CANDIDATE_ORIGIN_PASS_THROUGH
Yan Yean,GRN,4,6,ALP+LNP+OTH,LNP,2537,314.07053824362606,0.12379603399433428,1,GRN:2537,UNSPECIFIED:2537,CANDIDATE_ORIGIN_PASS_THROUGH
Yan Yean,GRN,4,6,ALP+LNP+OTH,OTH,2537,654.014164305949,0.2577903682719547,1,GRN:2537,UNSPECIFIED:2537,CANDIDATE_ORIGIN_PASS_THROUGH
