District,SeatType,Eliminated,AliveSet,CurrentBasis,FederalSeats,FederalScenarioTotal,TotalVariationDistance,Current_IND,Current_LNP,Current_ON,Federal_IND,Federal_LNP,Federal_ON,Delta_IND,Delta_LNP,Delta_ON,Current_ALP,Federal_ALP,Delta_ALP,Current_GRN,Federal_GRN,Delta_GRN,Current_OTH,Federal_OTH,Delta_OTH
WILLIAMSTOWN,Inner Ring,GRN,ALP+IND+LNP+ON,ideology prior,3,12328.0,0.5575004034808708,0.13280891235198716,0.0049504950495049506,0.0049504950495049506,0.5504851559390067,0.06317396976104211,0.08655118023181911,0.41767624358701955,0.05822347471153717,0.08160068518231416,0.857290097549003,0.29978969406813216,-0.5575004034808708,,,,,,
ALBERT PARK,Inner Ring,GRN,ALP+IND+LNP+ON,ideology prior,3,12328.0,0.5567121985828348,0.13359711725002318,0.0049504950495049506,0.0049504950495049506,0.5504851559390067,0.06317396976104211,0.08655118023181911,0.4168880386889835,0.05822347471153717,0.08160068518231416,0.856501892650967,0.29978969406813216,-0.5567121985828348,,,,,,
CAULFIELD,Inner Ring,GRN,ALP+IND+LNP+ON,ideology prior,3,12328.0,0.5562395125627787,0.1340698032700793,0.004950495049504951,0.004950495049504951,0.5504851559390067,0.06317396976104211,0.08655118023181911,0.4164153526689274,0.05822347471153716,0.08160068518231416,0.8560292066309109,0.29978969406813216,-0.5562395125627787,,,,,,
MALVERN,Inner Ring,GRN,ALP+IND+LNP+ON,ideology prior,3,12328.0,0.5557634698023933,0.13454584603046463,0.0049504950495049506,0.0049504950495049506,0.5504851559390067,0.06317396976104211,0.08655118023181911,0.4159393099085421,0.05822347471153717,0.08160068518231416,0.8555531638705255,0.29978969406813216,-0.5557634698023933,,,,,,
BRIGHTON,Inner Ring,GRN,ALP+IND+LNP+ON,ideology prior,3,12328.0,0.5540946081718949,0.13617185766966025,0.004971920045156345,0.004971920045156345,0.5504851559390067,0.06317396976104211,0.08655118023181911,0.4143132982693465,0.05820204971588577,0.08157926018666277,0.8538843022400271,0.29978969406813216,-0.5540946081718949,,,,,,
BRUNSWICK,Inner Ring,GRN,ALP+IND+LNP+ON,ideology prior,3,12328.0,0.5287889265057896,0.16152038932706833,0.0049504950495049506,0.0049504950495049506,0.5504851559390067,0.06317396976104211,0.08655118023181911,0.38896476661193835,0.05822347471153717,0.08160068518231416,0.8285786205739217,0.29978969406813216,-0.5287889265057896,,,,,,
FOOTSCRAY,Inner Ring,GRN,ALP+IND+LNP+ON,ideology prior,3,12328.0,0.5287889265057896,0.16152038932706833,0.0049504950495049506,0.0049504950495049506,0.5504851559390067,0.06317396976104211,0.08655118023181911,0.38896476661193835,0.05822347471153717,0.08160068518231416,0.8285786205739217,0.29978969406813216,-0.5287889265057896,,,,,,
MELBOURNE,Inner Ring,GRN,ALP+IND+LNP+ON,ideology prior,3,12328.0,0.5287889265057896,0.16152038932706833,0.0049504950495049506,0.0049504950495049506,0.5504851559390067,0.06317396976104211,0.08655118023181911,0.38896476661193835,0.05822347471153717,0.08160068518231416,0.8285786205739217,0.29978969406813216,-0.5287889265057896,,,,,,
NORTHCOTE,Inner Ring,GRN,ALP+IND+LNP+ON,ideology prior,3,12328.0,0.5287889265057896,0.16152038932706833,0.0049504950495049506,0.0049504950495049506,0.5504851559390067,0.06317396976104211,0.08655118023181911,0.38896476661193835,0.05822347471153717,0.08160068518231416,0.8285786205739217,0.29978969406813216,-0.5287889265057896,,,,,,
PRAHRAN,Inner Ring,GRN,ALP+IND+LNP+ON,ideology prior,3,12328.0,0.5287889265057896,0.16152038932706833,0.0049504950495049506,0.0049504950495049506,0.5504851559390067,0.06317396976104211,0.08655118023181911,0.38896476661193835,0.05822347471153717,0.08160068518231416,0.8285786205739217,0.29978969406813216,-0.5287889265057896,,,,,,
RICHMOND,Inner Ring,GRN,ALP+IND+LNP+ON,ideology prior,3,12328.0,0.5287889265057896,0.16152038932706833,0.0049504950495049506,0.0049504950495049506,0.5504851559390067,0.06317396976104211,0.08655118023181911,0.38896476661193835,0.05822347471153717,0.08160068518231416,0.8285786205739217,0.29978969406813216,-0.5287889265057896,,,,,,
BASS,Regional,GRN,ALP+IND+LNP+ON,ideology prior,3,12328.0,0.4903696695041591,0.07777777777777779,0.1323688888888889,0.06888888888888889,0.5504851559390067,0.06317396976104211,0.08655118023181911,0.47270737816122893,-0.06919491912784678,0.017662291342930223,0.7209644444444444,0.29978969406813216,-0.42117475037631225,,,,,,
EILDON,Regional,GRN,ALP+IND+LNP+ON,ideology prior,3,12328.0,0.4903696695041591,0.07777777777777779,0.10224888888888889,0.06888888888888889,0.5504851559390067,0.06317396976104211,0.08655118023181911,0.47270737816122893,-0.039074919127846774,0.017662291342930223,0.7510844444444444,0.29978969406813216,-0.4512947503763123,,,,,,
EUREKA,Regional,GRN,ALP+IND+LNP+ON,ideology prior,3,12328.0,0.4903696695041591,0.07777777777777779,0.10671888888888889,0.06888888888888889,0.5504851559390067,0.06317396976104211,0.08655118023181911,0.47270737816122893,-0.043544919127846776,0.017662291342930223,0.7466144444444445,0.29978969406813216,-0.4468247503763123,,,,,,
GIPPSLAND SOUTH,Regional,GRN,ALP+IND+LNP+ON,ideology prior,3,12328.0,0.4903696695041591,0.07777777777777779,0.10953888888888891,0.06888888888888889,0.5504851559390067,0.06317396976104211,0.08655118023181911,0.47270737816122893,-0.04636491912784679,0.017662291342930223,0.7437944444444444,0.29978969406813216,-0.44400475037631226,,,,,,
HASTINGS,Regional,GRN,ALP+IND+LNP+ON,ideology prior,3,12328.0,0.4903696695041591,0.07777777777777779,0.0987088888888889,0.06888888888888889,0.5504851559390067,0.06317396976104211,0.08655118023181911,0.47270737816122893,-0.03553491912784679,0.017662291342930223,0.7546244444444444,0.29978969406813216,-0.45483475037631227,,,,,,
POLWARTH,Regional,GRN,ALP+IND+LNP+ON,ideology prior,3,12328.0,0.4903696695041591,0.07777777777777779,0.08577888888888889,0.06888888888888889,0.5504851559390067,0.06317396976104211,0.08655118023181911,0.47270737816122893,-0.022604919127846776,0.017662291342930223,0.7675544444444444,0.29978969406813216,-0.46776475037631227,,,,,,
MACEDON,Regional,GRN,ALP+IND+LNP+ON,ideology prior,3,12328.0,0.49036966950415906,0.07777777777777779,0.08337888888888889,0.06888888888888889,0.5504851559390067,0.06317396976104211,0.08655118023181911,0.47270737816122893,-0.020204919127846777,0.017662291342930223,0.7699544444444444,0.29978969406813216,-0.4701647503763122,,,,,,
OVENS VALLEY,Regional,GRN,ALP+IND+LNP+ON,ideology prior,3,12328.0,0.49036966950415906,0.07777777777777779,0.1176088888888889,0.0688888888888889,0.5504851559390067,0.06317396976104211,0.08655118023181911,0.47270737816122893,-0.05443491912784679,0.01766229134293021,0.7357244444444444,0.29978969406813216,-0.43593475037631224,,,,,,
GIPPSLAND EAST,Regional,GRN,ALP+IND+LNP+ON,ideology prior,3,12328.0,0.48684262435440495,0.0777777777777778,0.09216336363184822,0.07241593403864305,0.5504851559390067,0.06317396976104211,0.08655118023181911,0.4727073781612289,-0.02898939387080611,0.014135246193176063,0.757642924551731,0.29978969406813216,-0.4578532304835988,,,,,,
EUROA,Regional,GRN,ALP+IND+LNP+ON,ideology prior,3,12328.0,0.4858869108834694,0.07777777777777779,0.09892337164750958,0.07337164750957856,0.5504851559390067,0.06317396976104211,0.08655118023181911,0.47270737816122893,-0.03574940188646747,0.013179532722240553,0.749927203065134,0.29978969406813216,-0.4501375089970019,,,,,,
RIPON,Regional,GRN,ALP+IND+LNP+ON,ideology prior,3,12328.0,0.4849672621404584,0.0777777777777778,0.07436210106731704,0.07429129625258964,0.5504851559390067,0.06317396976104211,0.08655118023181911,0.4727073781612289,-0.011188131306274926,0.012259883979229474,0.7735688249023156,0.29978969406813216,-0.47377913083418344,,,,,,
IVANHOE,Middle ring,GRN,ALP+IND+LNP+ON,ideology prior,3,12328.0,0.4827566099767783,0.09224318658280925,0.03865932914046123,0.08857442348008387,0.5504851559390067,0.06317396976104211,0.08655118023181911,0.45824196935619743,0.024514640620580883,-0.002023243248264764,0.7805230607966457,0.29978969406813216,-0.4807333667285135,,,,,,
ELTHAM,Outer Metro,GRN,ALP+IND+LNP+ON,ideology prior,3,12328.0,0.48219057224092926,0.09224318658280925,0.039225366876310286,0.08857442348008387,0.5504851559390067,0.06317396976104211,0.08655118023181911,0.45824196935619743,0.02394860288473183,-0.002023243248264764,0.7799570230607966,0.29978969406813216,-0.48016732899266446,,,,,,
MURRAY PLAINS,Regional,GRN,ALP+IND+LNP+ON,ideology prior,3,12328.0,0.481635001976722,0.07777777777777779,0.14974750735241377,0.07762355641632596,0.5504851559390067,0.06317396976104211,0.08655118023181911,0.47270737816122893,-0.08657353759137165,0.008927623815493155,0.6948511584534824,0.29978969406813216,-0.3950614643853503,,,,,,
THOMASTOWN,Outer Metro,GRN,ALP+IND+LNP+ON,ideology prior,3,12328.0,0.48117705117135856,0.09224318658280925,0.040238887945880965,0.09938545467589559,0.5504851559390067,0.06317396976104211,0.08655118023181911,0.45824196935619743,0.02293508181516115,-0.012834274444076477,0.7681324707954142,0.29978969406813216,-0.4683427767272821,,,,,,
OAKLEIGH,Middle Ring,GRN,ALP+IND+LNP+ON,ideology prior,3,12328.0,0.4789075533730047,0.09224318658280925,0.04250838574423482,0.08857442348008387,0.5504851559390067,0.06317396976104211,0.08655118023181911,0.45824196935619743,0.020665584016807292,-0.002023243248264764,0.7766740041928721,0.29978969406813216,-0.47688431012474,,,,,,
ASHWOOD,Middle Ring,GRN,ALP+IND+LNP+ON,ideology prior,3,12328.0,0.47836981752394814,0.09224318658280924,0.04304612159329141,0.08857442348008386,0.5504851559390067,0.06317396976104211,0.08655118023181911,0.4582419693561975,0.020127848167750706,-0.00202324324826475,0.7761362683438154,0.29978969406813216,-0.4763465742756833,,,,,,
NARRACAN,Regional,GRN,ALP+IND+LNP+ON,ideology prior,3,12328.0,0.47798808370964563,0.11111111111111113,0.055555555555555566,0.055555555555555566,0.5504851559390067,0.06317396976104211,0.08655118023181911,0.43937404482789555,0.007618414205486548,0.030995624676263545,0.7777777777777778,0.29978969406813216,-0.47798808370964563,,,,,,
MILL PARK,Outer Metro,GRN,ALP+IND+LNP+ON,ideology prior,3,12328.0,0.47702551181074343,0.09224318658280924,0.044390427306496096,0.09227055209322357,0.5504851559390067,0.06317396976104211,0.08655118023181911,0.4582419693561975,0.01878354245454602,-0.0057193718614044625,0.7710958340174711,0.29978969406813216,-0.4713061399493389,,,,,,
CRANBOURNE,Outer Metro,GRN,ALP+IND+LNP+ON,ideology prior,3,12328.0,0.4753414147751215,0.09224318658280925,0.04607452434211805,0.09459588692095855,0.5504851559390067,0.06317396976104211,0.08655118023181911,0.45824196935619743,0.017099445418924067,-0.008044706689139439,0.7670864021541142,0.29978969406813216,-0.467296708085982,,,,,,
PASCOE VALE,Middle Ring,GRN,ALP+IND+LNP+ON,ideology prior,3,12328.0,0.47529434582583496,0.12368972746331237,0.014675052410901477,0.09014675052410902,0.5504851559390067,0.06317396976104211,0.08655118023181911,0.42679542847569435,0.04849891735014064,-0.003595570292289907,0.7714884696016772,0.29978969406813216,-0.471698775533545,,,,,,
PRESTON,Middle Ring,GRN,ALP+IND+LNP+ON,ideology prior,3,12328.0,0.47529434582583496,0.12368972746331237,0.014675052410901477,0.09014675052410902,0.5504851559390067,0.06317396976104211,0.08655118023181911,0.42679542847569435,0.04849891735014064,-0.003595570292289907,0.7714884696016772,0.29978969406813216,-0.471698775533545,,,,,,
DANDENONG,Outer Metro,GRN,ALP+IND+LNP+ON,ideology prior,3,12328.0,0.4750734099414286,0.09224318658280925,0.04634252917581097,0.09283480378438623,0.5504851559390067,0.06317396976104211,0.08655118023181911,0.45824196935619743,0.016831440585231144,-0.006283623552567119,0.7685794804569936,0.29978969406813216,-0.4687897863888615,,,,,,
BOX HILL,Middle ring,GRN,ALP+IND+LNP+ON,ideology prior,3,12328.0,0.47452076092017453,0.09224318658280925,0.046895178197065006,0.08857442348008387,0.5504851559390067,0.06317396976104211,0.08655118023181911,0.45824196935619743,0.01627879156397711,-0.002023243248264764,0.7722872117400419,0.29978969406813216,-0.47249751767190973,,,,,,
GREENVALE,Outer Metro,GRN,ALP+IND+LNP+ON,ideology prior,3,12328.0,0.4743333586476842,0.09224318658280924,0.04708258046955534,0.09885535749446935,0.5504851559390067,0.06317396976104211,0.08655118023181911,0.4582419693561975,0.016091389291486777,-0.012304177262650234,0.7618188754531661,0.29978969406813216,-0.4620291813850339,,,,,,
NARRE WARREN SOUTH,Outer Metro,GRN,ALP+IND+LNP+ON,ideology prior,3,12328.0,0.4734757200456063,0.09224318658280925,0.04794021907163323,0.09349997428205968,0.5504851559390067,0.06317396976104211,0.08655118023181911,0.45824196935619743,0.015233750689408881,-0.00694879405024057,0.7663166200634979,0.29978969406813216,-0.4665269259953657,,,,,,
ESSENDON,Middle Ring,GRN,ALP+IND+LNP+ON,ideology prior,3,12328.0,0.4719169873352689,0.09224318658280925,0.04949895178197066,0.08857442348008387,0.5504851559390067,0.06317396976104211,0.08655118023181911,0.45824196935619743,0.013675017979071453,-0.002023243248264764,0.7696834381551363,0.29978969406813216,-0.46989374408700413,,,,,,
BENTLEIGH,Middle Ring,GRN,ALP+IND+LNP+ON,ideology prior,3,12328.0,0.4714075533730047,0.09224318658280924,0.0500083857442348,0.08857442348008386,0.5504851559390067,0.06317396976104211,0.08655118023181911,0.4582419693561975,0.013165584016807313,-0.00202324324826475,0.7691740041928721,0.29978969406813216,-0.4693843101247399,,,,,,
LAVERTON,Middle Ring,GRN,ALP+IND+LNP+ON,ideology prior,3,12328.0,0.4712660439390424,0.09224318658280924,0.050149895178197075,0.08857442348008386,0.5504851559390067,0.06317396976104211,0.08655118023181911,0.4582419693561975,0.01302407458284504,-0.00202324324826475,0.7690324947589098,0.29978969406813216,-0.4692428006907776,,,,,,
GLEN WAVERLEY,Middle ring,GRN,ALP+IND+LNP+ON,ideology prior,3,12328.0,0.47021887412772173,0.09224318658280924,0.05119706498951783,0.08857442348008386,0.5504851559390067,0.06317396976104211,0.08655118023181911,0.4582419693561975,0.011976904771524285,-0.00202324324826475,0.7679853249475891,0.29978969406813216,-0.4681956308794569,,,,,,
RINGWOOD,Outer Metro,GRN,ALP+IND+LNP+ON,ideology prior,3,12328.0,0.47019057224092925,0.09224318658280925,0.051225366876310276,0.08857442348008387,0.5504851559390067,0.06317396976104211,0.08655118023181911,0.45824196935619743,0.011948602884731839,-0.002023243248264764,0.7679570230607966,0.29978969406813216,-0.46816732899266444,,,,,,
SANDRINGHAM,Middle Ring,GRN,ALP+IND+LNP+ON,ideology prior,3,12328.0,0.4697943458258349,0.09224318658280925,0.05162159329140462,0.08857442348008387,0.5504851559390067,0.06317396976104211,0.08655118023181911,0.45824196935619743,0.011552376469637492,-0.002023243248264764,0.7675607966457023,0.29978969406813216,-0.46777110257757015,,,,,,
NARRE WARREN NORTH,Outer Metro,GRN,ALP+IND+LNP+ON,ideology prior,3,12328.0,0.46571580176453226,0.09224318658280924,0.05570013735270729,0.09249620472782477,0.5504851559390067,0.06317396976104211,0.08655118023181911,0.4582419693561975,0.007473832408334824,-0.00594502449600566,0.7595604713366587,0.29978969406813216,-0.45977077726852655,,,,,,
WARRANDYTE,Outer Metro,GRN,ALP+IND+LNP+ON,ideology prior,3,12328.0,0.4655207609201746,0.09224318658280924,0.05589517819706501,0.08857442348008387,0.5504851559390067,0.06317396976104211,0.08655118023181911,0.4582419693561975,0.007278791563977108,-0.002023243248264764,0.763287211740042,0.29978969406813216,-0.46349751767190983,,,,,,
FRANKSTON,Outer Metro,GRN,ALP+IND+LNP+ON,ideology prior,3,12328.0,0.4646717043164009,0.09224318658280925,0.056744234800838594,0.08857442348008387,0.5504851559390067,0.06317396976104211,0.08655118023181911,0.45824196935619743,0.00642973496020352,-0.002023243248264764,0.7624381551362683,0.29978969406813216,-0.4626484610681362,,,,,,
MORDIALLOC,Middle Ring,GRN,ALP+IND+LNP+ON,ideology prior,3,12328.0,0.46003019488243874,0.09224318658280924,0.061385744234800844,0.08857442348008387,0.5504851559390067,0.06317396976104211,0.08655118023181911,0.4582419693561975,0.0017882255262412702,-0.002023243248264764,0.7577966457023061,0.29978969406813216,-0.45800695163417393,,,,,,
BELLARINE,Peri-urban,GRN,ALP+IND+LNP+ON,ideology prior,3,12328.0,0.45995017651513836,0.09053497942386834,0.11886934156378601,0.11934156378600823,0.5504851559390067,0.06317396976104211,0.08655118023181911,0.45995017651513836,-0.05569537180274389,-0.03279038355418912,0.6712541152263375,0.29978969406813216,-0.3714644211582053,,,,,,
BENDIGO EAST,Provincial,GRN,ALP+IND+LNP+ON,ideology prior,3,12328.0,0.45995017651513836,0.09053497942386834,0.12014711934156383,0.11934156378600823,0.5504851559390067,0.06317396976104211,0.08655118023181911,0.45995017651513836,-0.056973149580521715,-0.03279038355418912,0.6699763374485597,0.29978969406813216,-0.3701866433804275,,,,,,
BENDIGO WEST,Provincial,GRN,ALP+IND+LNP+ON,ideology prior,3,12328.0,0.45995017651513836,0.09053497942386834,0.1021471193415638,0.11934156378600823,0.5504851559390067,0.06317396976104211,0.08655118023181911,0.45995017651513836,-0.038973149580521685,-0.03279038355418912,0.6879763374485597,0.29978969406813216,-0.3881866433804275,,,,,,
BERWICK,Peri-urban,GRN,ALP+IND+LNP+ON,ideology prior,3,12328.0,0.45995017651513836,0.09053497942386834,0.154869341563786,0.11934156378600823,0.5504851559390067,0.06317396976104211,0.08655118023181911,0.45995017651513836,-0.0916953718027439,-0.03279038355418912,0.6352541152263375,0.29978969406813216,-0.3354644211582053,,,,,,
CARRUM,Peri-urban,GRN,ALP+IND+LNP+ON,ideology prior,3,12328.0,0.45995017651513836,0.09053497942386834,0.15950823045267493,0.11934156378600824,0.5504851559390067,0.06317396976104211,0.08655118023181911,0.45995017651513836,-0.09633426069163281,-0.03279038355418913,0.6306152263374486,0.29978969406813216,-0.33082553226931644,,,,,,
EVELYN,Peri-urban,GRN,ALP+IND+LNP+ON,ideology prior,3,12328.0,0.45995017651513836,0.09053497942386834,0.13084156378600825,0.11934156378600824,0.5504851559390067,0.06317396976104211,0.08655118023181911,0.45995017651513836,-0.06766759402496614,-0.03279038355418913,0.6592818930041152,0.29978969406813216,-0.35949219893598305,,,,,,
GEELONG,Provincial,GRN,ALP+IND+LNP+ON,ideology prior,3,12328.0,0.45995017651513836,0.09053497942386834,0.10775823045267492,0.11934156378600824,0.5504851559390067,0.06317396976104211,0.08655118023181911,0.45995017651513836,-0.04458426069163281,-0.03279038355418913,0.6823652263374486,0.29978969406813216,-0.3825755322693164,,,,,,
MONBULK,Peri-urban,GRN,ALP+IND+LNP+ON,ideology prior,3,12328.0,0.45995017651513836,0.09053497942386834,0.1183971193415638,0.11934156378600824,0.5504851559390067,0.06317396976104211,0.08655118023181911,0.45995017651513836,-0.055223149580521685,-0.03279038355418913,0.6717263374485597,0.29978969406813216,-0.37193664338042753,,,,,,
NEPEAN,Peri-urban,GRN,ALP+IND+LNP+ON,ideology prior,3,12328.0,0.45995017651513836,0.09053497942386834,0.12442489711934156,0.11934156378600823,0.5504851559390067,0.06317396976104211,0.08655118023181911,0.45995017651513836,-0.06125092735829944,-0.03279038355418912,0.665698559670782,0.29978969406813216,-0.3659088656026498,,,,,,
SUNBURY,Peri-urban,GRN,ALP+IND+LNP+ON,ideology prior,3,12328.0,0.45995017651513836,0.09053497942386834,0.1333971193415638,0.11934156378600824,0.5504851559390067,0.06317396976104211,0.08655118023181911,0.45995017651513836,-0.0702231495805217,-0.03279038355418913,0.6567263374485597,0.29978969406813216,-0.3569366433804275,,,,,,
WERRIBEE,Peri-urban,GRN,ALP+IND+LNP+ON,ideology prior,3,12328.0,0.45995017651513836,0.09053497942386834,0.14073045267489714,0.11934156378600823,0.5504851559390067,0.06317396976104211,0.08655118023181911,0.45995017651513836,-0.07755648291385503,-0.03279038355418912,0.6493930041152264,0.29978969406813216,-0.3496033100470942,,,,,,
YAN YEAN,Peri-urban,GRN,ALP+IND+LNP+ON,ideology prior,3,12328.0,0.45995017651513836,0.09053497942386834,0.10407825360082307,0.12773276748971196,0.5504851559390067,0.06317396976104211,0.08655118023181911,0.45995017651513836,-0.04090428383978095,-0.04118158725789285,0.6776539994855967,0.29978969406813216,-0.3778643054174645,,,,,,
KALKALLO,Peri-urban,GRN,ALP+IND+LNP+ON,ideology prior,3,12328.0,0.4599501765151383,0.09053497942386833,0.10954332717123207,0.12873463811284408,0.5504851559390067,0.06317396976104211,0.08655118023181911,0.45995017651513836,-0.04636935741018995,-0.04218345788102497,0.6711870552920555,0.29978969406813216,-0.3713973612239233,,,,,,
LARA,Peri-urban,GRN,ALP+IND+LNP+ON,ideology prior,3,12328.0,0.4599501765151383,0.09053497942386834,0.14236934156378603,0.11934156378600823,0.5504851559390067,0.06317396976104211,0.08655118023181911,0.45995017651513836,-0.07919537180274391,-0.03279038355418912,0.6477541152263374,0.29978969406813216,-0.34796442115820525,,,,,,
SOUTH BARWON,Provincial,GRN,ALP+IND+LNP+ON,ideology prior,3,12328.0,0.4599501765151383,0.09053497942386833,0.11373045267489712,0.11934156378600821,0.5504851559390067,0.06317396976104211,0.08655118023181911,0.45995017651513836,-0.050556482913855005,-0.032790383554189104,0.6763930041152263,0.29978969406813216,-0.37660331004709413,,,,,,
WENDOUREE,Provincial,GRN,ALP+IND+LNP+ON,ideology prior,3,12328.0,0.4599501765151383,0.09053497942386834,0.11742489711934159,0.11934156378600824,0.5504851559390067,0.06317396976104211,0.08655118023181911,0.45995017651513836,-0.05425092735829948,-0.03279038355418913,0.6726985596707818,0.29978969406813216,-0.3729088656026497,,,,,,
CROYDON,Outer Metro,GRN,ALP+IND+LNP+ON,ideology prior,3,12328.0,0.458671704316401,0.09224318658280924,0.06274423480083857,0.08857442348008387,0.5504851559390067,0.06317396976104211,0.08655118023181911,0.4582419693561975,0.00042973496020354274,-0.002023243248264764,0.7564381551362683,0.29978969406813216,-0.45664846106813617,,,,,,
BAYSWATER,Outer Metro,GRN,ALP+IND+LNP+ON,ideology prior,3,12328.0,0.45824196935619743,0.09224318658280925,0.06809329140461218,0.08857442348008389,0.5504851559390067,0.06317396976104211,0.08655118023181911,0.45824196935619743,-0.004919321643570063,-0.0020232432482647777,0.7510890985324947,0.29978969406813216,-0.45129940446436256,,,,,,
BROADMEADOWS,Outer Metro,GRN,ALP+IND+LNP+ON,ideology prior,3,12328.0,0.45824196935619743,0.09224318658280925,0.06650838574423482,0.08857442348008387,0.5504851559390067,0.06317396976104211,0.08655118023181911,0.45824196935619743,-0.003334415983192701,-0.002023243248264764,0.7526740041928721,0.29978969406813216,-0.45288431012473995,,,,,,
BULLEEN,Middle ring,GRN,ALP+IND+LNP+ON,ideology prior,3,12328.0,0.45824196935619743,0.09224318658280924,0.07630083857442348,0.08857442348008386,0.5504851559390067,0.06317396976104211,0.08655118023181911,0.4582419693561975,-0.013126868813381362,-0.00202324324826475,0.7428815513626834,0.29978969406813216,-0.44309185729455125,,,,,,
BUNDOORA,Middle ring,GRN,ALP+IND+LNP+ON,ideology prior,3,12328.0,0.45824196935619743,0.09224318658280924,0.06899895178197064,0.08857442348008386,0.5504851559390067,0.06317396976104211,0.08655118023181911,0.4582419693561975,-0.005824982020928529,-0.00202324324826475,0.7501834381551362,0.29978969406813216,-0.45039374408700406,,,,,,
KOROROIT,Outer Metro,GRN,ALP+IND+LNP+ON,ideology prior,3,12328.0,0.45824196935619743,0.09224318658280925,0.07093238976577348,0.09755349544218767,0.5504851559390067,0.06317396976104211,0.08655118023181911,0.45824196935619743,-0.00775842000473137,-0.011002315210368555,0.7392709282092297,0.29978969406813216,-0.4394812341410975,,,,,,
NIDDRIE,Middle Ring,GRN,ALP+IND+LNP+ON,ideology prior,3,12328.0,0.45824196935619743,0.09224318658280925,0.07550838574423481,0.08857442348008387,0.5504851559390067,0.06317396976104211,0.08655118023181911,0.45824196935619743,-0.012334415983192695,-0.002023243248264764,0.7436740041928721,0.29978969406813216,-0.44388431012473994,,,,,,
POINT COOK,Outer Metro,GRN,ALP+IND+LNP+ON,ideology prior,3,12328.0,0.45824196935619743,0.09224318658280925,0.11813102725366877,0.08857442348008387,0.5504851559390067,0.06317396976104211,0.08655118023181911,0.45824196935619743,-0.05495705749262665,-0.002023243248264764,0.7010513626834382,0.29978969406813216,-0.401261668615306,,,,,,
ST ALBANS,Middle Ring,GRN,ALP+IND+LNP+ON,ideology prior,3,12328.0,0.45824196935619743,0.09224318658280924,0.07528197064989518,0.08857442348008386,0.5504851559390067,0.06317396976104211,0.08655118023181911,0.4582419693561975,-0.012108000888853068,-0.00202324324826475,0.7439004192872117,0.29978969406813216,-0.44411072521907957,,,,,,
SYDENHAM,Outer Metro,GRN,ALP+IND+LNP+ON,ideology prior,3,12328.0,0.45824196935619743,0.09224318658280924,0.06479622447523282,0.09312928761356852,0.5504851559390067,0.06317396976104211,0.08655118023181911,0.4582419693561975,-0.00162225471419071,-0.0065781073817494096,0.7498313013283894,0.29978969406813216,-0.4500416072602572,,,,,,
TARNEIT,Outer Metro,GRN,ALP+IND+LNP+ON,ideology prior,3,12328.0,0.4582419693561974,0.09224318658280925,0.0735272536687631,0.08857442348008386,0.5504851559390067,0.06317396976104211,0.08655118023181911,0.45824196935619743,-0.010353283907720987,-0.00202324324826475,0.7456551362683438,0.29978969406813216,-0.4458654422002116,,,,,,
MORWELL,Provincial,GRN,ALP+IND+LNP+ON,ideology prior,3,12328.0,0.43764239018094936,0.1128427657580573,0.15194760216762418,0.14481216640182537,0.5504851559390067,0.06317396976104211,0.08655118023181911,0.4376423901809494,-0.08877363240658206,-0.05826098617000626,0.5903974656724932,0.29978969406813216,-0.290607771604361,,,,,,
BASS,Regional,OTH,ALP+GRN+LNP+ON,full AEC row,20,185090.0,0.42663861284122717,,0.26492703313238053,0.7251719767686097,,0.21605795970335148,0.3474024373564115,,-0.04886907342902905,-0.37776953941219815,0.004950495049504951,0.19550901872329665,0.1905585236737917,0.004950495049504951,0.24103058421694037,0.23608008916743542,,,
OVENS VALLEY,Regional,OTH,ALP+GRN+LNP+ON,full AEC row,20,185090.0,0.42663861284122717,,0.27035324146449735,0.7197457684364928,,0.21605795970335148,0.3474024373564115,,-0.05429528176114587,-0.37234333108008133,0.004950495049504951,0.19550901872329665,0.1905585236737917,0.004950495049504951,0.24103058421694037,0.23608008916743542,,,
BASS,Regional,ALP,IND+LNP+ON,ideology prior,1,8824.0,0.40981906035582777,0.32051906779661016,0.33339247881355927,0.3460884533898305,0.7303381281524379,0.1427237063328974,0.1269381655146646,0.40981906035582777,-0.19066877248066186,-0.2191502878751659,,,,,,,,,
EILDON,Regional,ALP,IND+LNP+ON,ideology prior,1,8824.0,0.40981906035582777,0.32051906779661016,0.33339247881355927,0.3460884533898305,0.7303381281524379,0.1427237063328974,0.1269381655146646,0.40981906035582777,-0.19066877248066186,-0.2191502878751659,,,,,,,,,
EUREKA,Regional,ALP,IND+LNP+ON,ideology prior,1,8824.0,0.40981906035582777,0.32051906779661016,0.33339247881355927,0.3460884533898305,0.7303381281524379,0.1427237063328974,0.1269381655146646,0.40981906035582777,-0.19066877248066186,-0.2191502878751659,,,,,,,,,
EUROA,Regional,ALP,IND+LNP+ON,ideology prior,1,8824.0,0.40981906035582777,0.32051906779661016,0.33339247881355927,0.3460884533898305,0.7303381281524379,0.1427237063328974,0.1269381655146646,0.40981906035582777,-0.19066877248066186,-0.2191502878751659,,,,,,,,,
GIPPSLAND EAST,Regional,ALP,IND+LNP+ON,ideology prior,1,8824.0,0.40981906035582777,0.32051906779661016,0.33339247881355927,0.3460884533898305,0.7303381281524379,0.1427237063328974,0.1269381655146646,0.40981906035582777,-0.19066877248066186,-0.2191502878751659,,,,,,,,,
GIPPSLAND SOUTH,Regional,ALP,IND+LNP+ON,ideology prior,1,8824.0,0.40981906035582777,0.32051906779661016,0.33339247881355927,0.3460884533898305,0.7303381281524379,0.1427237063328974,0.1269381655146646,0.40981906035582777,-0.19066877248066186,-0.2191502878751659,,,,,,,,,
HASTINGS,Regional,ALP,IND+LNP+ON,ideology prior,1,8824.0,0.40981906035582777,0.32051906779661016,0.33339247881355927,0.3460884533898305,0.7303381281524379,0.1427237063328974,0.1269381655146646,0.40981906035582777,-0.19066877248066186,-0.2191502878751659,,,,,,,,,
LOWAN,Regional,ALP,IND+LNP+ON,ideology prior,1,8824.0,0.40981906035582777,0.32051906779661016,0.33339247881355927,0.3460884533898305,0.7303381281524379,0.1427237063328974,0.1269381655146646,0.40981906035582777,-0.19066877248066186,-0.2191502878751659,,,,,,,,,
MACEDON,Regional,ALP,IND+LNP+ON,ideology prior,1,8824.0,0.40981906035582777,0.32051906779661016,0.33339247881355927,0.3460884533898305,0.7303381281524379,0.1427237063328974,0.1269381655146646,0.40981906035582777,-0.19066877248066186,-0.2191502878751659,,,,,,,,,
MURRAY PLAINS,Regional,ALP,IND+LNP+ON,ideology prior,1,8824.0,0.40981906035582777,0.32051906779661016,0.33339247881355927,0.3460884533898305,0.7303381281524379,0.1427237063328974,0.1269381655146646,0.40981906035582777,-0.19066877248066186,-0.2191502878751659,,,,,,,,,
NARRACAN,Regional,ALP,IND+LNP+ON,ideology prior,1,8824.0,0.40981906035582777,0.32051906779661016,0.33339247881355927,0.3460884533898305,0.7303381281524379,0.1427237063328974,0.1269381655146646,0.40981906035582777,-0.19066877248066186,-0.2191502878751659,,,,,,,,,
OVENS VALLEY,Regional,ALP,IND+LNP+ON,ideology prior,1,8824.0,0.40981906035582777,0.32051906779661016,0.33339247881355927,0.3460884533898305,0.7303381281524379,0.1427237063328974,0.1269381655146646,0.40981906035582777,-0.19066877248066186,-0.2191502878751659,,,,,,,,,
POLWARTH,Regional,ALP,IND+LNP+ON,ideology prior,1,8824.0,0.40981906035582777,0.32051906779661016,0.33339247881355927,0.3460884533898305,0.7303381281524379,0.1427237063328974,0.1269381655146646,0.40981906035582777,-0.19066877248066186,-0.2191502878751659,,,,,,,,,
RIPON,Regional,ALP,IND+LNP+ON,ideology prior,1,8824.0,0.40981906035582777,0.32051906779661016,0.33339247881355927,0.3460884533898305,0.7303381281524379,0.1427237063328974,0.1269381655146646,0.40981906035582777,-0.19066877248066186,-0.2191502878751659,,,,,,,,,
SOUTH-WEST COAST,Regional,ALP,IND+LNP+ON,ideology prior,1,8824.0,0.40981906035582777,0.32051906779661016,0.33339247881355927,0.3460884533898305,0.7303381281524379,0.1427237063328974,0.1269381655146646,0.40981906035582777,-0.19066877248066186,-0.2191502878751659,,,,,,,,,
LOWAN,Regional,GRN,ALP+IND+LNP+ON,full AEC row,3,12328.0,0.40118515593900667,0.1493,0.1864,0.1,0.5504851559390067,0.06317396976104211,0.08655118023181911,0.4011851559390067,-0.1232260302389579,-0.013448819768180895,0.5643,0.29978969406813216,-0.26451030593186786,,,,,,
EILDON,Regional,OTH,ALP+GRN+LNP+ON,full AEC row,20,185090.0,0.3973333529402371,,0.22343750000000004,0.73735625,,0.21605795970335148,0.3474024373564115,,-0.007379540296648557,-0.3899538126435885,0.005146875000000003,0.19550901872329665,0.19036214372329666,0.034059374999999996,0.24103058421694037,0.20697120921694037,,,
MACEDON,Regional,OTH,ALP+GRN+LNP+ON,full AEC row,20,185090.0,0.395358352940237,,0.22103125000000004,0.7377875,,0.21605795970335148,0.3474024373564115,,-0.004973290296648558,-0.3903850626435885,0.028975,0.19550901872329665,0.16653401872329665,0.012206249999999997,0.24103058421694037,0.22882433421694037,,,
BENDIGO EAST,Provincial,ALP,IND+LNP+ON,ideology prior,1,8824.0,0.39187472725153705,0.33846340090090093,0.3247411317567568,0.33679546734234234,0.7303381281524379,0.1427237063328974,0.1269381655146646,0.391874727251537,-0.18201742542385937,-0.20985730182767773,,,,,,,,,
BENDIGO WEST,Provincial,ALP,IND+LNP+ON,ideology prior,1,8824.0,0.39187472725153705,0.33846340090090093,0.3247411317567568,0.33679546734234234,0.7303381281524379,0.1427237063328974,0.1269381655146646,0.391874727251537,-0.18201742542385937,-0.20985730182767773,,,,,,,,,
GEELONG,Provincial,ALP,IND+LNP+ON,ideology prior,1,8824.0,0.39187472725153705,0.33846340090090093,0.3247411317567568,0.33679546734234234,0.7303381281524379,0.1427237063328974,0.1269381655146646,0.391874727251537,-0.18201742542385937,-0.20985730182767773,,,,,,,,,
MORWELL,Provincial,ALP,IND+LNP+ON,ideology prior,1,8824.0,0.39187472725153705,0.33846340090090093,0.3247411317567568,0.33679546734234234,0.7303381281524379,0.1427237063328974,0.1269381655146646,0.391874727251537,-0.18201742542385937,-0.20985730182767773,,,,,,,,,
SOUTH BARWON,Provincial,ALP,IND+LNP+ON,ideology prior,1,8824.0,0.39187472725153705,0.33846340090090093,0.3247411317567568,0.33679546734234234,0.7303381281524379,0.1427237063328974,0.1269381655146646,0.391874727251537,-0.18201742542385937,-0.20985730182767773,,,,,,,,,
WENDOUREE,Provincial,ALP,IND+LNP+ON,ideology prior,1,8824.0,0.39187472725153705,0.33846340090090093,0.3247411317567568,0.33679546734234234,0.7303381281524379,0.1427237063328974,0.1269381655146646,0.391874727251537,-0.18201742542385937,-0.20985730182767773,,,,,,,,,
LOWAN,Regional,OTH,ALP+GRN+LNP+ON,ideology prior,20,185090.0,0.3900823892189315,,0.2219260452708245,0.73161674100787,,0.21605795970335148,0.3474024373564115,,-0.005868085567473008,-0.3842143036514585,0.03289566217665565,0.19550901872329665,0.162613356546641,0.013561551544649853,0.24103058421694037,0.22746903267229052,,,
BELLARINE,Peri-urban,ALP,IND+LNP+ON,ideology prior,1,8824.0,0.38960614617045597,0.340731981981982,0.32997466216216215,0.3292933558558559,0.7303381281524379,0.1427237063328974,0.1269381655146646,0.3896061461704559,-0.18725095582926474,-0.2023551903411913,,,,,,,,,
BERWICK,Peri-urban,ALP,IND+LNP+ON,ideology prior,1,8824.0,0.38960614617045597,0.340731981981982,0.32997466216216215,0.3292933558558559,0.7303381281524379,0.1427237063328974,0.1269381655146646,0.3896061461704559,-0.18725095582926474,-0.2023551903411913,,,,,,,,,
CARRUM,Peri-urban,ALP,IND+LNP+ON,ideology prior,1,8824.0,0.38960614617045597,0.340731981981982,0.32997466216216215,0.3292933558558559,0.7303381281524379,0.1427237063328974,0.1269381655146646,0.3896061461704559,-0.18725095582926474,-0.2023551903411913,,,,,,,,,
EVELYN,Peri-urban,ALP,IND+LNP+ON,ideology prior,1,8824.0,0.38960614617045597,0.340731981981982,0.32997466216216215,0.3292933558558559,0.7303381281524379,0.1427237063328974,0.1269381655146646,0.3896061461704559,-0.18725095582926474,-0.2023551903411913,,,,,,,,,
KALKALLO,Peri-urban,ALP,IND+LNP+ON,ideology prior,1,8824.0,0.38960614617045597,0.340731981981982,0.32997466216216215,0.3292933558558559,0.7303381281524379,0.1427237063328974,0.1269381655146646,0.3896061461704559,-0.18725095582926474,-0.2023551903411913,,,,,,,,,
LARA,Peri-urban,ALP,IND+LNP+ON,ideology prior,1,8824.0,0.38960614617045597,0.340731981981982,0.32997466216216215,0.3292933558558559,0.7303381281524379,0.1427237063328974,0.1269381655146646,0.3896061461704559,-0.18725095582926474,-0.2023551903411913,,,,,,,,,
MELTON,Peri-urban,ALP,IND+LNP+ON,ideology prior,1,8824.0,0.38960614617045597,0.340731981981982,0.32997466216216215,0.3292933558558559,0.7303381281524379,0.1427237063328974,0.1269381655146646,0.3896061461704559,-0.18725095582926474,-0.2023551903411913,,,,,,,,,
MONBULK,Peri-urban,ALP,IND+LNP+ON,ideology prior,1,8824.0,0.38960614617045597,0.340731981981982,0.32997466216216215,0.3292933558558559,0.7303381281524379,0.1427237063328974,0.1269381655146646,0.3896061461704559,-0.18725095582926474,-0.2023551903411913,,,,,,,,,
NEPEAN,Peri-urban,ALP,IND+LNP+ON,ideology prior,1,8824.0,0.38960614617045597,0.340731981981982,0.32997466216216215,0.3292933558558559,0.7303381281524379,0.1427237063328974,0.1269381655146646,0.3896061461704559,-0.18725095582926474,-0.2023551903411913,,,,,,,,,
PAKENHAM,Peri-urban,ALP,IND+LNP+ON,ideology prior,1,8824.0,0.38960614617045597,0.340731981981982,0.32997466216216215,0.3292933558558559,0.7303381281524379,0.1427237063328974,0.1269381655146646,0.3896061461704559,-0.18725095582926474,-0.2023551903411913,,,,,,,,,
SUNBURY,Peri-urban,ALP,IND+LNP+ON,ideology prior,1,8824.0,0.38960614617045597,0.340731981981982,0.32997466216216215,0.3292933558558559,0.7303381281524379,0.1427237063328974,0.1269381655146646,0.3896061461704559,-0.18725095582926474,-0.2023551903411913,,,,,,,,,
WERRIBEE,Peri-urban,ALP,IND+LNP+ON,ideology prior,1,8824.0,0.38960614617045597,0.340731981981982,0.32997466216216215,0.3292933558558559,0.7303381281524379,0.1427237063328974,0.1269381655146646,0.3896061461704559,-0.18725095582926474,-0.2023551903411913,,,,,,,,,
YAN YEAN,Peri-urban,ALP,IND+LNP+ON,ideology prior,1,8824.0,0.38960614617045597,0.340731981981982,0.32997466216216215,0.3292933558558559,0.7303381281524379,0.1427237063328974,0.1269381655146646,0.3896061461704559,-0.18725095582926474,-0.2023551903411913,,,,,,,,,
BRUNSWICK,Inner Ring,OTH,ALP+GRN+IND+LNP+ON,ideology prior,11,70114.0,0.38913992898685124,0.1768867924528302,0.020347722008459523,0.2017047410824955,0.20932964560645767,0.2207199170932339,0.3580296218309449,0.032442853153627466,0.20037219508477438,0.15632488074844939,0.21734516554240804,0.10418590837286915,-0.1131592571695389,0.38371557891380675,0.10773490709649444,-0.27598067181731234,,,
EUREKA,Regional,OTH,ALP+GRN+LNP+ON,full AEC row,20,185090.0,0.3878944376435885,,0.20315624999999998,0.735296875,,0.21605795970335148,0.3474024373564115,,0.0129017097033515,-0.38789443764358844,0.03231093750000001,0.19550901872329665,0.16319808122329665,0.029235937500000003,0.24103058421694037,0.21179464671694037,,,
HASTINGS,Regional,OTH,ALP+GRN+LNP+ON,full AEC row,20,185090.0,0.38719131264358847,,0.20023437500000002,0.7345937499999999,,0.21605795970335148,0.3474024373564115,,0.015823584703351462,-0.3871913126435884,0.02382812500000001,0.19550901872329665,0.17168089372329665,0.041343749999999985,0.24103058421694037,0.1996868342169404,,,
BENAMBRA,Regional,OTH,ALP+GRN+LNP+ON,ideology prior,20,185090.0,0.38232802010768596,,0.20928140460026662,0.7297304574640975,,0.21605795970335148,0.3474024373564115,,0.006776555103084864,-0.38232802010768596,0.02562556603779849,0.19550901872329665,0.16988345268549815,0.03536257189783736,0.24103058421694037,0.205668012319103,,,
GIPPSLAND SOUTH,Regional,OTH,ALP+GRN+LNP+ON,ideology prior,20,185090.0,0.3811030252178297,,0.1968529529332873,0.7285054625742412,,0.21605795970335148,0.3474024373564115,,0.019205006770064176,-0.3811030252178297,0.04133221390136885,0.19550901872329665,0.1541768048219278,0.03330937059110269,0.24103058421694037,0.20772121362583768,,,
RICHMOND,Inner Ring,OTH,ALP+GRN+IND+LNP+ON,ideology prior,11,70114.0,0.37728218197853314,0.1768867924528302,0.030440315343465654,0.20346989475580743,0.20932964560645767,0.2207199170932339,0.3580296218309449,0.032442853153627466,0.19027960174976827,0.15455972707513746,0.22640793851039423,0.10418590837286915,-0.12222203013752508,0.3627950589375025,0.10773490709649444,-0.25506015184100805,,,
MULGRAVE,Middle Ring,GRN,ALP+IND+LNP+ON,full AEC row,3,12328.0,0.374111807868939,0.1780188679245283,0.15386792452830184,0.08490566037735849,0.5504851559390067,0.06317396976104211,0.08655118023181911,0.3724662880144784,-0.09069395476725972,0.0016455198544606253,0.5832075471698114,0.29978969406813216,-0.2834178531016792,,,,,,
MELBOURNE,Inner Ring,OTH,ALP+GRN+IND+LNP+ON,ideology prior,11,70114.0,0.3740331939645987,0.17688679245283018,0.03343455188679245,0.2037246462264151,0.20932964560645767,0.2207199170932339,0.3580296218309449,0.03244285315362749,0.18728536520644146,0.1543049756045298,0.22063944575471697,0.10418590837286915,-0.11645353738184783,0.36531456367924525,0.10773490709649444,-0.25757965658275084,,,
FOOTSCRAY,Inner Ring,OTH,ALP+GRN+IND+LNP+ON,ideology prior,11,70114.0,0.37019724778327345,0.17688679245283018,0.036739066364589956,0.20425607792994283,0.20932964560645767,0.2207199170932339,0.3580296218309449,0.03244285315362749,0.18398085072864395,0.15377354390100206,0.22244297533690027,0.10418590837286915,-0.11825706696403113,0.3596750879157367,0.10773490709649444,-0.2519401808192423,,,
CLARINDA,Middle Ring,GRN,ALP+IND+LNP+ON,full AEC row,3,12328.0,0.369300487114222,0.18283018867924525,0.10169811320754714,0.08490566037735849,0.5504851559390067,0.06317396976104211,0.08655118023181911,0.36765496725976143,-0.038524143446505024,0.0016455198544606253,0.6305660377358491,0.29978969406813216,-0.3307763436677169,,,,,,
SOUTH-WEST COAST,Regional,OTH,ALP+GRN+LNP+ON,ideology prior,20,185090.0,0.36799931448877965,,0.18372497110114372,0.7154017518451912,,0.21605795970335148,0.3474024373564115,,0.03233298860220776,-0.36799931448877965,0.05806672293606034,0.19550901872329665,0.13744229578723632,0.0428065541176048,0.24103058421694037,0.1982240300993356,,,
NORTHCOTE,Inner Ring,OTH,ALP+GRN+IND+LNP+ON,ideology prior,11,70114.0,0.3670306880683723,0.1768867924528302,0.03949071344339623,0.20467099056603774,0.20932964560645767,0.2207199170932339,0.3580296218309449,0.032442853153627466,0.1812292036498377,0.15335863126490715,0.2226356132075472,0.10418590837286915,-0.11844970483467807,0.3563158903301887,0.10773490709649444,-0.24858098323369424,,,
BRUNSWICK,Inner Ring,OTH,ALP+GRN+LNP+ON,full AEC row,20,185090.0,0.36559972919563005,,0.0049751243781094535,0.19288554348602352,,0.21605795970335148,0.3474024373564115,,0.21108283532524202,0.154516893870388,0.20416981912942092,0.19550901872329665,-0.00866080040612427,0.5979695130064462,0.24103058421694037,-0.35693892878950584,,,
ROWVILLE,Outer Metro,GRN,ALP+IND+LNP+ON,full AEC row,3,12328.0,0.3642061474915805,0.1879245283018868,0.09264150943396224,0.08490566037735849,0.5504851559390067,0.06317396976104211,0.08655118023181911,0.36256062763711994,-0.029467539672920123,0.0016455198544606253,0.6345283018867924,0.29978969406813216,-0.33473860781866027,,,,,,
PRAHRAN,Inner Ring,ALP,IND+LNP+ON,ideology prior,1,8824.0,0.36272652100958086,0.3676116071428571,0.37078272930727413,0.2616056635498688,0.7303381281524379,0.1427237063328974,0.1269381655146646,0.3627265210095808,-0.22805902297437672,-0.1346674980352042,,,,,,,,,
POLWARTH,Regional,OTH,ALP+GRN+LNP+ON,ideology prior,20,185090.0,0.3610393874655373,,0.15374629797770314,0.7084418248219488,,0.21605795970335148,0.3474024373564115,,0.06231166172564834,-0.3610393874655373,0.05259524408688086,0.19550901872329665,0.1429137746364158,0.08521663311346712,0.24103058421694037,0.15581395110347324,,,
ASHWOOD,Middle Ring,ALP,IND+LNP+ON,ideology prior,1,8824.0,0.359541559524987,0.370796568627451,0.29702512254901964,0.33217830882352944,0.7303381281524379,0.1427237063328974,0.1269381655146646,0.35954155952498695,-0.15430141621612223,-0.20524014330886484,,,,,,,,,
BAYSWATER,Outer Metro,ALP,IND+LNP+ON,ideology prior,1,8824.0,0.359541559524987,0.370796568627451,0.29702512254901964,0.33217830882352944,0.7303381281524379,0.1427237063328974,0.1269381655146646,0.35954155952498695,-0.15430141621612223,-0.20524014330886484,,,,,,,,,
BENTLEIGH,Middle Ring,ALP,IND+LNP+ON,ideology prior,1,8824.0,0.359541559524987,0.370796568627451,0.29702512254901964,0.33217830882352944,0.7303381281524379,0.1427237063328974,0.1269381655146646,0.35954155952498695,-0.15430141621612223,-0.20524014330886484,,,,,,,,,
BOX HILL,Middle ring,ALP,IND+LNP+ON,ideology prior,1,8824.0,0.359541559524987,0.370796568627451,0.29702512254901964,0.33217830882352944,0.7303381281524379,0.1427237063328974,0.1269381655146646,0.35954155952498695,-0.15430141621612223,-0.20524014330886484,,,,,,,,,
BROADMEADOWS,Outer Metro,ALP,IND+LNP+ON,ideology prior,1,8824.0,0.359541559524987,0.370796568627451,0.29702512254901964,0.33217830882352944,0.7303381281524379,0.1427237063328974,0.1269381655146646,0.35954155952498695,-0.15430141621612223,-0.20524014330886484,,,,,,,,,
BULLEEN,Middle ring,ALP,IND+LNP+ON,ideology prior,1,8824.0,0.359541559524987,0.370796568627451,0.29702512254901964,0.33217830882352944,0.7303381281524379,0.1427237063328974,0.1269381655146646,0.35954155952498695,-0.15430141621612223,-0.20524014330886484,,,,,,,,,
BUNDOORA,Middle ring,ALP,IND+LNP+ON,ideology prior,1,8824.0,0.359541559524987,0.370796568627451,0.29702512254901964,0.33217830882352944,0.7303381281524379,0.1427237063328974,0.1269381655146646,0.35954155952498695,-0.15430141621612223,-0.20524014330886484,,,,,,,,,
CLARINDA,Middle Ring,ALP,IND+LNP+ON,ideology prior,1,8824.0,0.359541559524987,0.370796568627451,0.29702512254901964,0.33217830882352944,0.7303381281524379,0.1427237063328974,0.1269381655146646,0.35954155952498695,-0.15430141621612223,-0.20524014330886484,,,,,,,,,
CRANBOURNE,Outer Metro,ALP,IND+LNP+ON,ideology prior,1,8824.0,0.359541559524987,0.370796568627451,0.29702512254901964,0.33217830882352944,0.7303381281524379,0.1427237063328974,0.1269381655146646,0.35954155952498695,-0.15430141621612223,-0.20524014330886484,,,,,,,,,
CROYDON,Outer Metro,ALP,IND+LNP+ON,ideology prior,1,8824.0,0.359541559524987,0.370796568627451,0.29702512254901964,0.33217830882352944,0.7303381281524379,0.1427237063328974,0.1269381655146646,0.35954155952498695,-0.15430141621612223,-0.20524014330886484,,,,,,,,,
DANDENONG,Outer Metro,ALP,IND+LNP+ON,ideology prior,1,8824.0,0.359541559524987,0.370796568627451,0.29702512254901964,0.33217830882352944,0.7303381281524379,0.1427237063328974,0.1269381655146646,0.35954155952498695,-0.15430141621612223,-0.20524014330886484,,,,,,,,,
ELTHAM,Outer Metro,ALP,IND+LNP+ON,ideology prior,1,8824.0,0.359541559524987,0.370796568627451,0.29702512254901964,0.33217830882352944,0.7303381281524379,0.1427237063328974,0.1269381655146646,0.35954155952498695,-0.15430141621612223,-0.20524014330886484,,,,,,,,,
ESSENDON,Middle Ring,ALP,IND+LNP+ON,ideology prior,1,8824.0,0.359541559524987,0.370796568627451,0.29702512254901964,0.33217830882352944,0.7303381281524379,0.1427237063328974,0.1269381655146646,0.35954155952498695,-0.15430141621612223,-0.20524014330886484,,,,,,,,,
FRANKSTON,Outer Metro,ALP,IND+LNP+ON,ideology prior,1,8824.0,0.359541559524987,0.370796568627451,0.29702512254901964,0.33217830882352944,0.7303381281524379,0.1427237063328974,0.1269381655146646,0.35954155952498695,-0.15430141621612223,-0.20524014330886484,,,,,,,,,
GLEN WAVERLEY,Middle ring,ALP,IND+LNP+ON,ideology prior,1,8824.0,0.359541559524987,0.370796568627451,0.29702512254901964,0.33217830882352944,0.7303381281524379,0.1427237063328974,0.1269381655146646,0.35954155952498695,-0.15430141621612223,-0.20524014330886484,,,,,,,,,
GREENVALE,Outer Metro,ALP,IND+LNP+ON,ideology prior,1,8824.0,0.359541559524987,0.370796568627451,0.29702512254901964,0.33217830882352944,0.7303381281524379,0.1427237063328974,0.1269381655146646,0.35954155952498695,-0.15430141621612223,-0.20524014330886484,,,,,,,,,
IVANHOE,Middle ring,ALP,IND+LNP+ON,ideology prior,1,8824.0,0.359541559524987,0.370796568627451,0.29702512254901964,0.33217830882352944,0.7303381281524379,0.1427237063328974,0.1269381655146646,0.35954155952498695,-0.15430141621612223,-0.20524014330886484,,,,,,,,,
KOROROIT,Outer Metro,ALP,IND+LNP+ON,ideology prior,1,8824.0,0.359541559524987,0.370796568627451,0.29702512254901964,0.33217830882352944,0.7303381281524379,0.1427237063328974,0.1269381655146646,0.35954155952498695,-0.15430141621612223,-0.20524014330886484,,,,,,,,,
LAVERTON,Middle Ring,ALP,IND+LNP+ON,ideology prior,1,8824.0,0.359541559524987,0.370796568627451,0.29702512254901964,0.33217830882352944,0.7303381281524379,0.1427237063328974,0.1269381655146646,0.35954155952498695,-0.15430141621612223,-0.20524014330886484,,,,,,,,,
MILL PARK,Outer Metro,ALP,IND+LNP+ON,ideology prior,1,8824.0,0.359541559524987,0.370796568627451,0.29702512254901964,0.33217830882352944,0.7303381281524379,0.1427237063328974,0.1269381655146646,0.35954155952498695,-0.15430141621612223,-0.20524014330886484,,,,,,,,,
MORDIALLOC,Middle Ring,ALP,IND+LNP+ON,ideology prior,1,8824.0,0.359541559524987,0.370796568627451,0.29702512254901964,0.33217830882352944,0.7303381281524379,0.1427237063328974,0.1269381655146646,0.35954155952498695,-0.15430141621612223,-0.20524014330886484,,,,,,,,,
MULGRAVE,Middle Ring,ALP,IND+LNP+ON,ideology prior,1,8824.0,0.359541559524987,0.370796568627451,0.29702512254901964,0.33217830882352944,0.7303381281524379,0.1427237063328974,0.1269381655146646,0.35954155952498695,-0.15430141621612223,-0.20524014330886484,,,,,,,,,
NARRE WARREN NORTH,Outer Metro,ALP,IND+LNP+ON,ideology prior,1,8824.0,0.359541559524987,0.370796568627451,0.29702512254901964,0.33217830882352944,0.7303381281524379,0.1427237063328974,0.1269381655146646,0.35954155952498695,-0.15430141621612223,-0.20524014330886484,,,,,,,,,
NARRE WARREN SOUTH,Outer Metro,ALP,IND+LNP+ON,ideology prior,1,8824.0,0.359541559524987,0.370796568627451,0.29702512254901964,0.33217830882352944,0.7303381281524379,0.1427237063328974,0.1269381655146646,0.35954155952498695,-0.15430141621612223,-0.20524014330886484,,,,,,,,,
NIDDRIE,Middle Ring,ALP,IND+LNP+ON,ideology prior,1,8824.0,0.359541559524987,0.370796568627451,0.29702512254901964,0.33217830882352944,0.7303381281524379,0.1427237063328974,0.1269381655146646,0.35954155952498695,-0.15430141621612223,-0.20524014330886484,,,,,,,,,
OAKLEIGH,Middle Ring,ALP,IND+LNP+ON,ideology prior,1,8824.0,0.359541559524987,0.370796568627451,0.29702512254901964,0.33217830882352944,0.7303381281524379,0.1427237063328974,0.1269381655146646,0.35954155952498695,-0.15430141621612223,-0.20524014330886484,,,,,,,,,
PASCOE VALE,Middle Ring,ALP,IND+LNP+ON,ideology prior,1,8824.0,0.359541559524987,0.370796568627451,0.29702512254901964,0.33217830882352944,0.7303381281524379,0.1427237063328974,0.1269381655146646,0.35954155952498695,-0.15430141621612223,-0.20524014330886484,,,,,,,,,
POINT COOK,Outer Metro,ALP,IND+LNP+ON,ideology prior,1,8824.0,0.359541559524987,0.370796568627451,0.29702512254901964,0.33217830882352944,0.7303381281524379,0.1427237063328974,0.1269381655146646,0.35954155952498695,-0.15430141621612223,-0.20524014330886484,,,,,,,,,
PRESTON,Middle Ring,ALP,IND+LNP+ON,ideology prior,1,8824.0,0.359541559524987,0.370796568627451,0.29702512254901964,0.33217830882352944,0.7303381281524379,0.1427237063328974,0.1269381655146646,0.35954155952498695,-0.15430141621612223,-0.20524014330886484,,,,,,,,,
RINGWOOD,Outer Metro,ALP,IND+LNP+ON,ideology prior,1,8824.0,0.359541559524987,0.370796568627451,0.29702512254901964,0.33217830882352944,0.7303381281524379,0.1427237063328974,0.1269381655146646,0.35954155952498695,-0.15430141621612223,-0.20524014330886484,,,,,,,,,
ROWVILLE,Outer Metro,ALP,IND+LNP+ON,ideology prior,1,8824.0,0.359541559524987,0.370796568627451,0.29702512254901964,0.33217830882352944,0.7303381281524379,0.1427237063328974,0.1269381655146646,0.35954155952498695,-0.15430141621612223,-0.20524014330886484,,,,,,,,,
SANDRINGHAM,Middle Ring,ALP,IND+LNP+ON,ideology prior,1,8824.0,0.359541559524987,0.370796568627451,0.29702512254901964,0.33217830882352944,0.7303381281524379,0.1427237063328974,0.1269381655146646,0.35954155952498695,-0.15430141621612223,-0.20524014330886484,,,,,,,,,
ST ALBANS,Middle Ring,ALP,IND+LNP+ON,ideology prior,1,8824.0,0.359541559524987,0.370796568627451,0.29702512254901964,0.33217830882352944,0.7303381281524379,0.1427237063328974,0.1269381655146646,0.35954155952498695,-0.15430141621612223,-0.20524014330886484,,,,,,,,,
SYDENHAM,Outer Metro,ALP,IND+LNP+ON,ideology prior,1,8824.0,0.359541559524987,0.370796568627451,0.29702512254901964,0.33217830882352944,0.7303381281524379,0.1427237063328974,0.1269381655146646,0.35954155952498695,-0.15430141621612223,-0.20524014330886484,,,,,,,,,
TARNEIT,Outer Metro,ALP,IND+LNP+ON,ideology prior,1,8824.0,0.359541559524987,0.370796568627451,0.29702512254901964,0.33217830882352944,0.7303381281524379,0.1427237063328974,0.1269381655146646,0.35954155952498695,-0.15430141621612223,-0.20524014330886484,,,,,,,,,
THOMASTOWN,Outer Metro,ALP,IND+LNP+ON,ideology prior,1,8824.0,0.359541559524987,0.370796568627451,0.29702512254901964,0.33217830882352944,0.7303381281524379,0.1427237063328974,0.1269381655146646,0.35954155952498695,-0.15430141621612223,-0.20524014330886484,,,,,,,,,
WARRANDYTE,Outer Metro,ALP,IND+LNP+ON,ideology prior,1,8824.0,0.359541559524987,0.370796568627451,0.29702512254901964,0.33217830882352944,0.7303381281524379,0.1427237063328974,0.1269381655146646,0.35954155952498695,-0.15430141621612223,-0.20524014330886484,,,,,,,,,
POLWARTH,Regional,OTH,ALP+GRN+IND+LNP+ON,full AEC row,11,70114.0,0.3564418855219963,0.08575367647058825,0.12553615196078435,0.7144715073529412,0.20932964560645767,0.2207199170932339,0.3580296218309449,0.12357596913586942,0.09518376513244955,-0.3564418855219963,0.02280024509803921,0.10418590837286915,0.08138566327482993,0.05143841911764705,0.10773490709649444,0.05629648797884739,,,
RICHMOND,Inner Ring,OTH,ALP+GRN+LNP+ON,full AEC row,20,185090.0,0.3543214047089981,,0.007295364213578642,0.20184362813718626,,0.21605795970335148,0.3474024373564115,,0.20876259548977283,0.14555880921922526,0.24398513273672634,0.19550901872329665,-0.04847611401342969,0.5468758749125088,0.24103058421694037,-0.30584529069556843,,,
MILDURA,Regional,ALP,IND+LNP+ON,full AEC row,1,8824.0,0.3469324078134549,0.38340572033898307,0.27399496822033903,0.34259931144067796,0.7303381281524379,0.1427237063328974,0.1269381655146646,0.34693240781345486,-0.13127126188744162,-0.21566114592601335,,,,,,,,,
GIPPSLAND SOUTH,Regional,OTH,ALP+GRN+IND+LNP+ON,full AEC row,11,70114.0,0.34583132993173105,0.11897048368260285,0.16723603606700474,0.7038609517626759,0.20932964560645767,0.2207199170932339,0.3580296218309449,0.09035916192385482,0.05348388102622917,-0.34583132993173105,0.00496626424385828,0.10418590837286915,0.09921964412901087,0.00496626424385828,0.10773490709649444,0.10276864285263616,,,
MELBOURNE,Inner Ring,OTH,ALP+GRN+LNP+ON,full AEC row,20,185090.0,0.342841647059763,,0.017875,0.20274375,,0.21605795970335148,0.3474024373564115,,0.19818295970335148,0.14465868735641152,0.223603125,0.19550901872329665,-0.028094106276703362,0.555778125,0.24103058421694037,-0.31474754078305966,,,
SHEPPARTON,Provincial,GRN,ALP+IND+LNP+ON,ideology prior,3,12328.0,0.3403416374771467,0.21014351846185994,0.24853520560493916,0.1449047274563423,0.5504851559390067,0.06317396976104211,0.08655118023181911,0.34034163747714674,-0.18536123584389705,-0.0583535472245232,0.3964165484768586,0.29978969406813216,-0.09662685440872643,,,,,,
MALVERN,Inner Ring,OTH,ALP+GRN+IND+LNP+ON,ideology prior,11,70114.0,0.3381968142476176,0.17688679245283018,0.06451798349056603,0.20847759433962262,0.20932964560645767,0.2207199170932339,0.3580296218309449,0.03244285315362749,0.15620193360266788,0.14955202749132226,0.22770695754716982,0.10418590837286915,-0.12352104917430068,0.3224106721698113,0.10773490709649444,-0.21467576507331684,,,
WILLIAMSTOWN,Inner Ring,OTH,ALP+GRN+IND+LNP+ON,ideology prior,11,70114.0,0.33600236570488595,0.1768867924528302,0.06639700674076843,0.2087930196321519,0.20932964560645767,0.2207199170932339,0.3580296218309449,0.032442853153627466,0.15432291035246548,0.14923660219879298,0.22873645707731152,0.10418590837286915,-0.12455054870444238,0.319186724096938,0.10773490709649444,-0.21145181700044355,,,
BENAMBRA,Regional,OTH,ALP+GRN+IND+LNP+ON,full AEC row,11,70114.0,0.3341126370546791,0.12054549027681594,0.17741126073855024,0.692142258885624,0.20932964560645767,0.2207199170932339,0.3580296218309449,0.08878415532964173,0.04330865635468367,-0.3341126370546791,0.0049504950495049506,0.10418590837286915,0.09923541332336419,0.0049504950495049506,0.10773490709649444,0.10278441204698949,,,
PRAHRAN,Inner Ring,OTH,ALP+GRN+IND+LNP+ON,ideology prior,11,70114.0,0.33392013382308927,0.1768867924528302,0.0686770341981132,0.20859522405660377,0.20932964560645767,0.2207199170932339,0.3580296218309449,0.032442853153627466,0.1520428828951207,0.14943439777434112,0.21284360259433963,0.10418590837286915,-0.10865769422147048,0.33299734669811326,0.10773490709649444,-0.22526243960161882,,,
FOOTSCRAY,Inner Ring,OTH,ALP+GRN+LNP+ON,full AEC row,20,185090.0,0.32928797055241377,,0.02955095115488451,0.20462147535246472,,0.21605795970335148,0.3474024373564115,,0.18650700854846697,0.1427809620039468,0.229975596190381,0.19550901872329665,-0.03446657746708434,0.5358519773022697,0.24103058421694037,-0.2948213930853294,,,
MELTON,Peri-urban,GRN,ALP+IND+LNP+ON,ideology prior,3,12328.0,0.32918973175501787,0.22129542418398881,0.11023649148074949,0.14557074353435953,0.5504851559390067,0.06317396976104211,0.08655118023181911,0.32918973175501787,-0.04706252171970737,-0.05901956330254042,0.5228973408009022,0.29978969406813216,-0.22310764673277006,,,,,,
BRIGHTON,Inner Ring,OTH,ALP+GRN+IND+LNP+ON,full AEC row,11,70114.0,0.3267510595306365,0.20235849056603772,0.0529407429245283,0.20602889150943396,0.20932964560645767,0.2207199170932339,0.3580296218309449,0.006971155040419952,0.1677791741687056,0.15200073032151093,0.1655380306603774,0.10418590837286915,-0.06135212228750825,0.37313384433962266,0.10773490709649444,-0.26539893724312824,,,
BENDIGO EAST,Provincial,OTH,ALP+GRN+LNP+ON,full AEC row,20,185090.0,0.3225868646976628,,0.27814356435643567,0.6079036974009902,,0.21605795970335148,0.3474024373564115,,-0.062085604653084187,-0.26050126004457863,0.05892009591584158,0.19550901872329665,0.13658892280745508,0.05503264232673267,0.24103058421694037,0.1859979418902077,,,
LOWAN,Regional,OTH,ALP+GRN+IND+LNP+ON,full AEC row,11,70114.0,0.3218108210861181,0.12319542762087399,0.18706313936305316,0.6798404429170629,0.20932964560645767,0.2207199170932339,0.3580296218309449,0.08613421798558368,0.03365677773018075,-0.321810821086118,0.0049504950495049506,0.10418590837286915,0.09923541332336419,0.0049504950495049506,0.10773490709649444,0.10278441204698949,,,
BASS,Regional,ON,ALP+IND+LNP,ideology prior,2,12695.0,0.32076512468763946,0.12424585218702865,0.7611236802413274,,0.4153795086404499,0.4403585555536879,,0.29113365645342126,-0.32076512468763946,,0.11463046757164401,0.14426193580586222,0.02963146823421821,,,,,,
BENAMBRA,Regional,ON,ALP+IND+LNP,ideology prior,2,12695.0,0.32076512468763946,0.12424585218702865,0.7611236802413274,,0.4153795086404499,0.4403585555536879,,0.29113365645342126,-0.32076512468763946,,0.11463046757164401,0.14426193580586222,0.02963146823421821,,,,,,
EILDON,Regional,ON,ALP+IND+LNP,ideology prior,2,12695.0,0.32076512468763946,0.12424585218702865,0.7611236802413274,,0.4153795086404499,0.4403585555536879,,0.29113365645342126,-0.32076512468763946,,0.11463046757164401,0.14426193580586222,0.02963146823421821,,,,,,
EUREKA,Regional,ON,ALP+IND+LNP,ideology prior,2,12695.0,0.32076512468763946,0.12424585218702865,0.7611236802413274,,0.4153795086404499,0.4403585555536879,,0.29113365645342126,-0.32076512468763946,,0.11463046757164401,0.14426193580586222,0.02963146823421821,,,,,,
EUROA,Regional,ON,ALP+IND+LNP,ideology prior,2,12695.0,0.32076512468763946,0.12424585218702865,0.7611236802413274,,0.4153795086404499,0.4403585555536879,,0.29113365645342126,-0.32076512468763946,,0.11463046757164401,0.14426193580586222,0.02963146823421821,,,,,,
GIPPSLAND EAST,Regional,ON,ALP+IND+LNP,ideology prior,2,12695.0,0.32076512468763946,0.12424585218702865,0.7611236802413274,,0.4153795086404499,0.4403585555536879,,0.29113365645342126,-0.32076512468763946,,0.11463046757164401,0.14426193580586222,0.02963146823421821,,,,,,
GIPPSLAND SOUTH,Regional,ON,ALP+IND+LNP,ideology prior,2,12695.0,0.32076512468763946,0.12424585218702865,0.7611236802413274,,0.4153795086404499,0.4403585555536879,,0.29113365645342126,-0.32076512468763946,,0.11463046757164401,0.14426193580586222,0.02963146823421821,,,,,,
HASTINGS,Regional,ON,ALP+IND+LNP,ideology prior,2,12695.0,0.32076512468763946,0.12424585218702865,0.7611236802413274,,0.4153795086404499,0.4403585555536879,,0.29113365645342126,-0.32076512468763946,,0.11463046757164401,0.14426193580586222,0.02963146823421821,,,,,,
LOWAN,Regional,ON,ALP+IND+LNP,ideology prior,2,12695.0,0.32076512468763946,0.12424585218702865,0.7611236802413274,,0.4153795086404499,0.4403585555536879,,0.29113365645342126,-0.32076512468763946,,0.11463046757164401,0.14426193580586222,0.02963146823421821,,,,,,
MACEDON,Regional,ON,ALP+IND+LNP,ideology prior,2,12695.0,0.32076512468763946,0.12424585218702865,0.7611236802413274,,0.4153795086404499,0.4403585555536879,,0.29113365645342126,-0.32076512468763946,,0.11463046757164401,0.14426193580586222,0.02963146823421821,,,,,,
MILDURA,Regional,ON,ALP+IND+LNP,ideology prior,2,12695.0,0.32076512468763946,0.12424585218702865,0.7611236802413274,,0.4153795086404499,0.4403585555536879,,0.29113365645342126,-0.32076512468763946,,0.11463046757164401,0.14426193580586222,0.02963146823421821,,,,,,
MURRAY PLAINS,Regional,ON,ALP+IND+LNP,ideology prior,2,12695.0,0.32076512468763946,0.12424585218702865,0.7611236802413274,,0.4153795086404499,0.4403585555536879,,0.29113365645342126,-0.32076512468763946,,0.11463046757164401,0.14426193580586222,0.02963146823421821,,,,,,
NARRACAN,Regional,ON,ALP+IND+LNP,ideology prior,2,12695.0,0.32076512468763946,0.12424585218702865,0.7611236802413274,,0.4153795086404499,0.4403585555536879,,0.29113365645342126,-0.32076512468763946,,0.11463046757164401,0.14426193580586222,0.02963146823421821,,,,,,
OVENS VALLEY,Regional,ON,ALP+IND+LNP,ideology prior,2,12695.0,0.32076512468763946,0.12424585218702865,0.7611236802413274,,0.4153795086404499,0.4403585555536879,,0.29113365645342126,-0.32076512468763946,,0.11463046757164401,0.14426193580586222,0.02963146823421821,,,,,,
POLWARTH,Regional,ON,ALP+IND+LNP,ideology prior,2,12695.0,0.32076512468763946,0.12424585218702865,0.7611236802413274,,0.4153795086404499,0.4403585555536879,,0.29113365645342126,-0.32076512468763946,,0.11463046757164401,0.14426193580586222,0.02963146823421821,,,,,,
RIPON,Regional,ON,ALP+IND+LNP,ideology prior,2,12695.0,0.32076512468763946,0.12424585218702865,0.7611236802413274,,0.4153795086404499,0.4403585555536879,,0.29113365645342126,-0.32076512468763946,,0.11463046757164401,0.14426193580586222,0.02963146823421821,,,,,,
SOUTH-WEST COAST,Regional,ON,ALP+IND+LNP,ideology prior,2,12695.0,0.32076512468763946,0.12424585218702865,0.7611236802413274,,0.4153795086404499,0.4403585555536879,,0.29113365645342126,-0.32076512468763946,,0.11463046757164401,0.14426193580586222,0.02963146823421821,,,,,,
NORTHCOTE,Inner Ring,OTH,ALP+GRN+LNP+ON,full AEC row,20,185090.0,0.318099459559763,,0.039273437500000015,0.20608750000000006,,0.21605795970335148,0.3474024373564115,,0.17678452220335147,0.14131493735641146,0.23065625,0.19550901872329665,-0.035147231276703356,0.5239828125,0.24103058421694037,-0.28295222828305966,,,
BRUNSWICK,Inner Ring,GRN,ALP+LNP+ON,ideology prior,3,26609.0,0.31485038153765277,,0.006112469437652811,0.006112469437652811,,0.24282225391670564,0.08425306649625271,,0.23670978447905283,0.0781405970585999,0.9877750611246944,0.6729246795870416,-0.31485038153765277,,,,,,
FOOTSCRAY,Inner Ring,GRN,ALP+LNP+ON,ideology prior,3,26609.0,0.31485038153765277,,0.006112469437652811,0.006112469437652811,,0.24282225391670564,0.08425306649625271,,0.23670978447905283,0.0781405970585999,0.9877750611246944,0.6729246795870416,-0.31485038153765277,,,,,,
HAWTHORN,Inner Ring,GRN,ALP+LNP+ON,ideology prior,3,26609.0,0.31485038153765277,,0.006112469437652811,0.006112469437652811,,0.24282225391670564,0.08425306649625271,,0.23670978447905283,0.0781405970585999,0.9877750611246944,0.6729246795870416,-0.31485038153765277,,,,,,
KEW,Inner Ring,GRN,ALP+LNP+ON,ideology prior,3,26609.0,0.31485038153765277,,0.006112469437652811,0.006112469437652811,,0.24282225391670564,0.08425306649625271,,0.23670978447905283,0.0781405970585999,0.9877750611246944,0.6729246795870416,-0.31485038153765277,,,,,,
MELBOURNE,Inner Ring,GRN,ALP+LNP+ON,ideology prior,3,26609.0,0.31485038153765277,,0.006112469437652811,0.006112469437652811,,0.24282225391670564,0.08425306649625271,,0.23670978447905283,0.0781405970585999,0.9877750611246944,0.6729246795870416,-0.31485038153765277,,,,,,
NORTHCOTE,Inner Ring,GRN,ALP+LNP+ON,ideology prior,3,26609.0,0.31485038153765277,,0.006112469437652811,0.006112469437652811,,0.24282225391670564,0.08425306649625271,,0.23670978447905283,0.0781405970585999,0.9877750611246944,0.6729246795870416,-0.31485038153765277,,,,,,
PRAHRAN,Inner Ring,GRN,ALP+LNP+ON,ideology prior,3,26609.0,0.31485038153765277,,0.006112469437652811,0.006112469437652811,,0.24282225391670564,0.08425306649625271,,0.23670978447905283,0.0781405970585999,0.9877750611246944,0.6729246795870416,-0.31485038153765277,,,,,,
RICHMOND,Inner Ring,GRN,ALP+LNP+ON,ideology prior,3,26609.0,0.31485038153765277,,0.006112469437652811,0.006112469437652811,,0.24282225391670564,0.08425306649625271,,0.23670978447905283,0.0781405970585999,0.9877750611246944,0.6729246795870416,-0.31485038153765277,,,,,,
SHEPPARTON,Provincial,ALP,IND+LNP+ON,full AEC row,1,8824.0,0.31210018896324876,0.4182379391891892,0.3302737584459459,0.25148830236486486,0.7303381281524379,0.1427237063328974,0.1269381655146646,0.3121001889632487,-0.1875500521130485,-0.12455013685020025,,,,,,,,,
NEPEAN,Peri-urban,OTH,ALP+GRN+LNP+ON,full AEC row,20,185090.0,0.3111482044253856,,0.22964882425742572,0.6449597772277229,,0.21605795970335148,0.3474024373564115,,-0.013590864554074239,-0.2975573398713114,0.042937809405940594,0.19550901872329665,0.15257120931735607,0.08245358910891089,0.24103058421694037,0.15857699510802947,,,
BERWICK,Peri-urban,OTH,ALP+GRN+LNP+ON,full AEC row,20,185090.0,0.3090071153164747,,0.22794709158415843,0.6445204207920793,,0.21605795970335148,0.3474024373564115,,-0.011889131880806952,-0.29711798343566775,0.03708694306930693,0.19550901872329665,0.15842207565398972,0.09044554455445543,0.24103058421694037,0.15058503966248493,,,
SOUTH-WEST COAST,Regional,OTH,ALP+GRN+IND+LNP+ON,full AEC row,11,70114.0,0.3073698864484168,0.2036543849876946,0.12104511663393389,0.6653995082793617,0.20932964560645767,0.2207199170932339,0.3580296218309449,0.005675260618763084,0.09967480045930002,-0.3073698864484168,0.0049504950495049506,0.10418590837286915,0.09923541332336419,0.0049504950495049506,0.10773490709649444,0.10278441204698949,,,
MORNINGTON,Peri-urban,OTH,ALP+GRN+LNP+ON,ideology prior,20,185090.0,0.30428570332960236,,0.220639089340044,0.6471070110493213,,0.21605795970335148,0.3474024373564115,,-0.004581129636692521,-0.2997045736929098,0.04901561830748429,0.19550901872329665,0.14649340041581235,0.08323828130315034,0.24103058421694037,0.15779230291379004,,,
EVELYN,Peri-urban,OTH,ALP+GRN+LNP+ON,full AEC row,20,185090.0,0.29416625076240044,,0.20208075495049505,0.641568688118812,,0.21605795970335148,0.3474024373564115,,0.013977204752856437,-0.29416625076240044,0.06181157178217822,0.19550901872329665,0.13369744694111843,0.09453898514851485,0.24103058421694037,0.14649159906842552,,,
BELLARINE,Peri-urban,OTH,ALP+GRN+LNP+ON,ideology prior,20,185090.0,0.2939473209175228,,0.1716963938293628,0.6413497582739343,,0.21605795970335148,0.3474024373564115,,0.04436156587398868,-0.29394732091752274,0.0867996263671848,0.19550901872329665,0.10870939235611185,0.10015422152951808,0.24103058421694037,0.1408763626874223,,,
LARA,Peri-urban,OTH,ALP+GRN+LNP+ON,full AEC row,20,185090.0,0.293253503237648,,0.19272122524752472,0.6406559405940595,,0.21605795970335148,0.3474024373564115,,0.023336734455826763,-0.293253503237648,0.07549504950495049,0.19550901872329665,0.12001396921834616,0.09112778465346533,0.24103058421694037,0.14990279956347505,,,
SUNBURY,Peri-urban,OTH,ALP+GRN+LNP+ON,full AEC row,20,185090.0,0.292443462456342,,0.1874620475661428,0.6398458998127535,,0.21605795970335148,0.3474024373564115,,0.02859591213720869,-0.292443462456342,0.07248532712182108,0.19550901872329665,0.12302369160147557,0.10020672549928258,0.24103058421694037,0.1408238587176578,,,
PAKENHAM,Peri-urban,OTH,ALP+GRN+LNP+ON,ideology prior,20,185090.0,0.2907000295819785,,0.17801672158713222,0.63810246693839,,0.21605795970335148,0.3474024373564115,,0.03804123811621926,-0.2907000295819785,0.08516952001626842,0.19550901872329665,0.11033949870702824,0.09871129145820942,0.24103058421694037,0.14231929275873095,,,
CARRUM,Peri-urban,OTH,ALP+GRN+LNP+ON,full AEC row,20,185090.0,0.29062974086141036,,0.1827660891089109,0.6380321782178219,,0.21605795970335148,0.3474024373564115,,0.03329187059444058,-0.29062974086141036,0.03963490099009902,0.19550901872329665,0.15587411773319765,0.1395668316831683,0.24103058421694037,0.10146375253377207,,,
MELTON,Peri-urban,OTH,ALP+GRN+LNP+ON,ideology prior,20,185090.0,0.2903048042962393,,0.15283574546778794,0.6377072416526508,,0.21605795970335148,0.3474024373564115,,0.06322221423556354,-0.2903048042962393,0.11861245932310036,0.19550901872329665,0.0768965594001963,0.09084455355646087,0.24103058421694037,0.1501860306604795,,,
BELLARINE,Peri-urban,ON,ALP+IND+LNP,ideology prior,2,12695.0,0.28943815865292954,0.12891154514386083,0.7297967142066174,,0.4153795086404499,0.4403585555536879,,0.2864679634965891,-0.2894381586529295,,0.14129174064952174,0.14426193580586222,0.002970195156340477,,,,,,
BERWICK,Peri-urban,ON,ALP+IND+LNP,ideology prior,2,12695.0,0.28943815865292954,0.12891154514386083,0.7297967142066174,,0.4153795086404499,0.4403585555536879,,0.2864679634965891,-0.2894381586529295,,0.14129174064952174,0.14426193580586222,0.002970195156340477,,,,,,
CARRUM,Peri-urban,ON,ALP+IND+LNP,ideology prior,2,12695.0,0.28943815865292954,0.12891154514386083,0.7297967142066174,,0.4153795086404499,0.4403585555536879,,0.2864679634965891,-0.2894381586529295,,0.14129174064952174,0.14426193580586222,0.002970195156340477,,,,,,
EVELYN,Peri-urban,ON,ALP+IND+LNP,ideology prior,2,12695.0,0.28943815865292954,0.12891154514386083,0.7297967142066174,,0.4153795086404499,0.4403585555536879,,0.2864679634965891,-0.2894381586529295,,0.14129174064952174,0.14426193580586222,0.002970195156340477,,,,,,
KALKALLO,Peri-urban,ON,ALP+IND+LNP,ideology prior,2,12695.0,0.28943815865292954,0.12891154514386083,0.7297967142066174,,0.4153795086404499,0.4403585555536879,,0.2864679634965891,-0.2894381586529295,,0.14129174064952174,0.14426193580586222,0.002970195156340477,,,,,,
LARA,Peri-urban,ON,ALP+IND+LNP,ideology prior,2,12695.0,0.28943815865292954,0.12891154514386083,0.7297967142066174,,0.4153795086404499,0.4403585555536879,,0.2864679634965891,-0.2894381586529295,,0.14129174064952174,0.14426193580586222,0.002970195156340477,,,,,,
MELTON,Peri-urban,ON,ALP+IND+LNP,ideology prior,2,12695.0,0.28943815865292954,0.12891154514386083,0.7297967142066174,,0.4153795086404499,0.4403585555536879,,0.2864679634965891,-0.2894381586529295,,0.14129174064952174,0.14426193580586222,0.002970195156340477,,,,,,
MONBULK,Peri-urban,ON,ALP+IND+LNP,ideology prior,2,12695.0,0.28943815865292954,0.12891154514386083,0.7297967142066174,,0.4153795086404499,0.4403585555536879,,0.2864679634965891,-0.2894381586529295,,0.14129174064952174,0.14426193580586222,0.002970195156340477,,,,,,
MORNINGTON,Peri-urban,ON,ALP+IND+LNP,ideology prior,2,12695.0,0.28943815865292954,0.12891154514386083,0.7297967142066174,,0.4153795086404499,0.4403585555536879,,0.2864679634965891,-0.2894381586529295,,0.14129174064952174,0.14426193580586222,0.002970195156340477,,,,,,
NEPEAN,Peri-urban,ON,ALP+IND+LNP,ideology prior,2,12695.0,0.28943815865292954,0.12891154514386083,0.7297967142066174,,0.4153795086404499,0.4403585555536879,,0.2864679634965891,-0.2894381586529295,,0.14129174064952174,0.14426193580586222,0.002970195156340477,,,,,,
PAKENHAM,Peri-urban,ON,ALP+IND+LNP,ideology prior,2,12695.0,0.28943815865292954,0.12891154514386083,0.7297967142066174,,0.4153795086404499,0.4403585555536879,,0.2864679634965891,-0.2894381586529295,,0.14129174064952174,0.14426193580586222,0.002970195156340477,,,,,,
SUNBURY,Peri-urban,ON,ALP+IND+LNP,ideology prior,2,12695.0,0.28943815865292954,0.12891154514386083,0.7297967142066174,,0.4153795086404499,0.4403585555536879,,0.2864679634965891,-0.2894381586529295,,0.14129174064952174,0.14426193580586222,0.002970195156340477,,,,,,
WERRIBEE,Peri-urban,ON,ALP+IND+LNP,ideology prior,2,12695.0,0.28943815865292954,0.12891154514386083,0.7297967142066174,,0.4153795086404499,0.4403585555536879,,0.2864679634965891,-0.2894381586529295,,0.14129174064952174,0.14426193580586222,0.002970195156340477,,,,,,
YAN YEAN,Peri-urban,ON,ALP+IND+LNP,ideology prior,2,12695.0,0.28943815865292954,0.12891154514386083,0.7297967142066174,,0.4153795086404499,0.4403585555536879,,0.2864679634965891,-0.2894381586529295,,0.14129174064952174,0.14426193580586222,0.002970195156340477,,,,,,
WERRIBEE,Peri-urban,OTH,ALP+GRN+LNP+ON,ideology prior,20,185090.0,0.28929651206288554,,0.13478793392179295,0.6366989494192971,,0.21605795970335148,0.3474024373564115,,0.08127002578155854,-0.28929651206288554,0.1114370424369441,0.19550901872329665,0.08407197628635255,0.11707607422196595,0.24103058421694037,0.12395450999497443,,,
MONBULK,Peri-urban,OTH,ALP+GRN+LNP+ON,ideology prior,20,185090.0,0.28811219807629174,,0.14873676176073508,0.6355146354327033,,0.21605795970335148,0.3474024373564115,,0.0673211979426164,-0.28811219807629174,0.08374003584878101,0.19550901872329665,0.11176898287451564,0.13200856695778065,0.24103058421694037,0.10902201725915972,,,
BENDIGO EAST,Provincial,ON,ALP+IND+LNP,ideology prior,2,12695.0,0.2847545666182579,0.1308446455505279,0.7251131221719458,,0.4153795086404499,0.4403585555536879,,0.28453486308992204,-0.2847545666182579,,0.14404223227752638,0.14426193580586222,0.00021970352833583506,,,,,,
BENDIGO WEST,Provincial,ON,ALP+IND+LNP,ideology prior,2,12695.0,0.2847545666182579,0.1308446455505279,0.7251131221719458,,0.4153795086404499,0.4403585555536879,,0.28453486308992204,-0.2847545666182579,,0.14404223227752638,0.14426193580586222,0.00021970352833583506,,,,,,
GEELONG,Provincial,ON,ALP+IND+LNP,ideology prior,2,12695.0,0.2847545666182579,0.1308446455505279,0.7251131221719458,,0.4153795086404499,0.4403585555536879,,0.28453486308992204,-0.2847545666182579,,0.14404223227752638,0.14426193580586222,0.00021970352833583506,,,,,,
MORWELL,Provincial,ON,ALP+IND+LNP,ideology prior,2,12695.0,0.2847545666182579,0.1308446455505279,0.7251131221719458,,0.4153795086404499,0.4403585555536879,,0.28453486308992204,-0.2847545666182579,,0.14404223227752638,0.14426193580586222,0.00021970352833583506,,,,,,
SHEPPARTON,Provincial,ON,ALP+IND+LNP,ideology prior,2,12695.0,0.2847545666182579,0.1308446455505279,0.7251131221719458,,0.4153795086404499,0.4403585555536879,,0.28453486308992204,-0.2847545666182579,,0.14404223227752638,0.14426193580586222,0.00021970352833583506,,,,,,
SOUTH BARWON,Provincial,ON,ALP+IND+LNP,ideology prior,2,12695.0,0.2847545666182579,0.1308446455505279,0.7251131221719458,,0.4153795086404499,0.4403585555536879,,0.28453486308992204,-0.2847545666182579,,0.14404223227752638,0.14426193580586222,0.00021970352833583506,,,,,,
WENDOUREE,Provincial,ON,ALP+IND+LNP,ideology prior,2,12695.0,0.2847545666182579,0.1308446455505279,0.7251131221719458,,0.4153795086404499,0.4403585555536879,,0.28453486308992204,-0.2847545666182579,,0.14404223227752638,0.14426193580586222,0.00021970352833583506,,,,,,
MILDURA,Regional,OTH,ALP+GRN+LNP+ON,ideology prior,20,185090.0,0.28191254549010175,,0.23623152520706556,0.6091414173427991,,0.21605795970335148,0.3474024373564115,,-0.020173565503714075,-0.2617389799863876,0.08079893245013524,0.19550901872329665,0.11471008627316141,0.07382812500000001,0.24103058421694037,0.16720245921694038,,,
MILDURA,Regional,GRN,ALP+IND+LNP+ON,ideology prior,3,12328.0,0.2809620689411639,0.2695230869978428,0.14002128549317977,0.09469572360977205,0.5504851559390067,0.06317396976104211,0.08655118023181911,0.28096206894116393,-0.07684731573213766,-0.008144543377952937,0.49575990389920543,0.29978969406813216,-0.19597020983107327,,,,,,
ASHWOOD,Middle Ring,ON,ALP+IND+LNP,ideology prior,2,12695.0,0.28073931653121753,0.13464019210923234,0.6347294990870842,,0.4153795086404499,0.4403585555536879,,0.2807393165312176,-0.1943709435333963,,0.2306303088036834,0.14426193580586222,-0.08636837299782119,,,,,,
BAYSWATER,Outer Metro,ON,ALP+IND+LNP,ideology prior,2,12695.0,0.28073931653121753,0.13464019210923234,0.6347294990870842,,0.4153795086404499,0.4403585555536879,,0.2807393165312176,-0.1943709435333963,,0.2306303088036834,0.14426193580586222,-0.08636837299782119,,,,,,
BENTLEIGH,Middle Ring,ON,ALP+IND+LNP,ideology prior,2,12695.0,0.28073931653121753,0.13464019210923234,0.6347294990870842,,0.4153795086404499,0.4403585555536879,,0.2807393165312176,-0.1943709435333963,,0.2306303088036834,0.14426193580586222,-0.08636837299782119,,,,,,
BOX HILL,Middle ring,ON,ALP+IND+LNP,ideology prior,2,12695.0,0.28073931653121753,0.13464019210923234,0.6347294990870842,,0.4153795086404499,0.4403585555536879,,0.2807393165312176,-0.1943709435333963,,0.2306303088036834,0.14426193580586222,-0.08636837299782119,,,,,,
BROADMEADOWS,Outer Metro,ON,ALP+IND+LNP,ideology prior,2,12695.0,0.28073931653121753,0.13464019210923234,0.6347294990870842,,0.4153795086404499,0.4403585555536879,,0.2807393165312176,-0.1943709435333963,,0.2306303088036834,0.14426193580586222,-0.08636837299782119,,,,,,
BULLEEN,Middle ring,ON,ALP+IND+LNP,ideology prior,2,12695.0,0.28073931653121753,0.13464019210923234,0.6347294990870842,,0.4153795086404499,0.4403585555536879,,0.2807393165312176,-0.1943709435333963,,0.2306303088036834,0.14426193580586222,-0.08636837299782119,,,,,,
BUNDOORA,Middle ring,ON,ALP+IND+LNP,ideology prior,2,12695.0,0.28073931653121753,0.13464019210923234,0.6347294990870842,,0.4153795086404499,0.4403585555536879,,0.2807393165312176,-0.1943709435333963,,0.2306303088036834,0.14426193580586222,-0.08636837299782119,,,,,,
CLARINDA,Middle Ring,ON,ALP+IND+LNP,ideology prior,2,12695.0,0.28073931653121753,0.13464019210923234,0.6347294990870842,,0.4153795086404499,0.4403585555536879,,0.2807393165312176,-0.1943709435333963,,0.2306303088036834,0.14426193580586222,-0.08636837299782119,,,,,,
CRANBOURNE,Outer Metro,ON,ALP+IND+LNP,ideology prior,2,12695.0,0.28073931653121753,0.13464019210923234,0.6347294990870842,,0.4153795086404499,0.4403585555536879,,0.2807393165312176,-0.1943709435333963,,0.2306303088036834,0.14426193580586222,-0.08636837299782119,,,,,,
CROYDON,Outer Metro,ON,ALP+IND+LNP,ideology prior,2,12695.0,0.28073931653121753,0.13464019210923234,0.6347294990870842,,0.4153795086404499,0.4403585555536879,,0.2807393165312176,-0.1943709435333963,,0.2306303088036834,0.14426193580586222,-0.08636837299782119,,,,,,
DANDENONG,Outer Metro,ON,ALP+IND+LNP,ideology prior,2,12695.0,0.28073931653121753,0.13464019210923234,0.6347294990870842,,0.4153795086404499,0.4403585555536879,,0.2807393165312176,-0.1943709435333963,,0.2306303088036834,0.14426193580586222,-0.08636837299782119,,,,,,
ELTHAM,Outer Metro,ON,ALP+IND+LNP,ideology prior,2,12695.0,0.28073931653121753,0.13464019210923234,0.6347294990870842,,0.4153795086404499,0.4403585555536879,,0.2807393165312176,-0.1943709435333963,,0.2306303088036834,0.14426193580586222,-0.08636837299782119,,,,,,
ESSENDON,Middle Ring,ON,ALP+IND+LNP,ideology prior,2,12695.0,0.28073931653121753,0.13464019210923234,0.6347294990870842,,0.4153795086404499,0.4403585555536879,,0.2807393165312176,-0.1943709435333963,,0.2306303088036834,0.14426193580586222,-0.08636837299782119,,,,,,
FRANKSTON,Outer Metro,ON,ALP+IND+LNP,ideology prior,2,12695.0,0.28073931653121753,0.13464019210923234,0.6347294990870842,,0.4153795086404499,0.4403585555536879,,0.2807393165312176,-0.1943709435333963,,0.2306303088036834,0.14426193580586222,-0.08636837299782119,,,,,,
GLEN WAVERLEY,Middle ring,ON,ALP+IND+LNP,ideology prior,2,12695.0,0.28073931653121753,0.13464019210923234,0.6347294990870842,,0.4153795086404499,0.4403585555536879,,0.2807393165312176,-0.1943709435333963,,0.2306303088036834,0.14426193580586222,-0.08636837299782119,,,,,,
GREENVALE,Outer Metro,ON,ALP+IND+LNP,ideology prior,2,12695.0,0.28073931653121753,0.13464019210923234,0.6347294990870842,,0.4153795086404499,0.4403585555536879,,0.2807393165312176,-0.1943709435333963,,0.2306303088036834,0.14426193580586222,-0.08636837299782119,,,,,,
IVANHOE,Middle ring,ON,ALP+IND+LNP,ideology prior,2,12695.0,0.28073931653121753,0.13464019210923234,0.6347294990870842,,0.4153795086404499,0.4403585555536879,,0.2807393165312176,-0.1943709435333963,,0.2306303088036834,0.14426193580586222,-0.08636837299782119,,,,,,
KOROROIT,Outer Metro,ON,ALP+IND+LNP,ideology prior,2,12695.0,0.28073931653121753,0.13464019210923234,0.6347294990870842,,0.4153795086404499,0.4403585555536879,,0.2807393165312176,-0.1943709435333963,,0.2306303088036834,0.14426193580586222,-0.08636837299782119,,,,,,
LAVERTON,Middle Ring,ON,ALP+IND+LNP,ideology prior,2,12695.0,0.28073931653121753,0.13464019210923234,0.6347294990870842,,0.4153795086404499,0.4403585555536879,,0.2807393165312176,-0.1943709435333963,,0.2306303088036834,0.14426193580586222,-0.08636837299782119,,,,,,
MILL PARK,Outer Metro,ON,ALP+IND+LNP,ideology prior,2,12695.0,0.28073931653121753,0.13464019210923234,0.6347294990870842,,0.4153795086404499,0.4403585555536879,,0.2807393165312176,-0.1943709435333963,,0.2306303088036834,0.14426193580586222,-0.08636837299782119,,,,,,
MORDIALLOC,Middle Ring,ON,ALP+IND+LNP,ideology prior,2,12695.0,0.28073931653121753,0.13464019210923234,0.6347294990870842,,0.4153795086404499,0.4403585555536879,,0.2807393165312176,-0.1943709435333963,,0.2306303088036834,0.14426193580586222,-0.08636837299782119,,,,,,
MULGRAVE,Middle Ring,ON,ALP+IND+LNP,ideology prior,2,12695.0,0.28073931653121753,0.13464019210923234,0.6347294990870842,,0.4153795086404499,0.4403585555536879,,0.2807393165312176,-0.1943709435333963,,0.2306303088036834,0.14426193580586222,-0.08636837299782119,,,,,,
NARRE WARREN NORTH,Outer Metro,ON,ALP+IND+LNP,ideology prior,2,12695.0,0.28073931653121753,0.13464019210923234,0.6347294990870842,,0.4153795086404499,0.4403585555536879,,0.2807393165312176,-0.1943709435333963,,0.2306303088036834,0.14426193580586222,-0.08636837299782119,,,,,,
NARRE WARREN SOUTH,Outer Metro,ON,ALP+IND+LNP,ideology prior,2,12695.0,0.28073931653121753,0.13464019210923234,0.6347294990870842,,0.4153795086404499,0.4403585555536879,,0.2807393165312176,-0.1943709435333963,,0.2306303088036834,0.14426193580586222,-0.08636837299782119,,,,,,
NIDDRIE,Middle Ring,ON,ALP+IND+LNP,ideology prior,2,12695.0,0.28073931653121753,0.13464019210923234,0.6347294990870842,,0.4153795086404499,0.4403585555536879,,0.2807393165312176,-0.1943709435333963,,0.2306303088036834,0.14426193580586222,-0.08636837299782119,,,,,,
OAKLEIGH,Middle Ring,ON,ALP+IND+LNP,ideology prior,2,12695.0,0.28073931653121753,0.13464019210923234,0.6347294990870842,,0.4153795086404499,0.4403585555536879,,0.2807393165312176,-0.1943709435333963,,0.2306303088036834,0.14426193580586222,-0.08636837299782119,,,,,,
PASCOE VALE,Middle Ring,ON,ALP+IND+LNP,ideology prior,2,12695.0,0.28073931653121753,0.13464019210923234,0.6347294990870842,,0.4153795086404499,0.4403585555536879,,0.2807393165312176,-0.1943709435333963,,0.2306303088036834,0.14426193580586222,-0.08636837299782119,,,,,,
POINT COOK,Outer Metro,ON,ALP+IND+LNP,ideology prior,2,12695.0,0.28073931653121753,0.13464019210923234,0.6347294990870842,,0.4153795086404499,0.4403585555536879,,0.2807393165312176,-0.1943709435333963,,0.2306303088036834,0.14426193580586222,-0.08636837299782119,,,,,,
PRESTON,Middle Ring,ON,ALP+IND+LNP,ideology prior,2,12695.0,0.28073931653121753,0.13464019210923234,0.6347294990870842,,0.4153795086404499,0.4403585555536879,,0.2807393165312176,-0.1943709435333963,,0.2306303088036834,0.14426193580586222,-0.08636837299782119,,,,,,
RINGWOOD,Outer Metro,ON,ALP+IND+LNP,ideology prior,2,12695.0,0.28073931653121753,0.13464019210923234,0.6347294990870842,,0.4153795086404499,0.4403585555536879,,0.2807393165312176,-0.1943709435333963,,0.2306303088036834,0.14426193580586222,-0.08636837299782119,,,,,,
ROWVILLE,Outer Metro,ON,ALP+IND+LNP,ideology prior,2,12695.0,0.28073931653121753,0.13464019210923234,0.6347294990870842,,0.4153795086404499,0.4403585555536879,,0.2807393165312176,-0.1943709435333963,,0.2306303088036834,0.14426193580586222,-0.08636837299782119,,,,,,
SANDRINGHAM,Middle Ring,ON,ALP+IND+LNP,ideology prior,2,12695.0,0.28073931653121753,0.13464019210923234,0.6347294990870842,,0.4153795086404499,0.4403585555536879,,0.2807393165312176,-0.1943709435333963,,0.2306303088036834,0.14426193580586222,-0.08636837299782119,,,,,,
ST ALBANS,Middle Ring,ON,ALP+IND+LNP,ideology prior,2,12695.0,0.28073931653121753,0.13464019210923234,0.6347294990870842,,0.4153795086404499,0.4403585555536879,,0.2807393165312176,-0.1943709435333963,,0.2306303088036834,0.14426193580586222,-0.08636837299782119,,,,,,
SYDENHAM,Outer Metro,ON,ALP+IND+LNP,ideology prior,2,12695.0,0.28073931653121753,0.13464019210923234,0.6347294990870842,,0.4153795086404499,0.4403585555536879,,0.2807393165312176,-0.1943709435333963,,0.2306303088036834,0.14426193580586222,-0.08636837299782119,,,,,,
TARNEIT,Outer Metro,ON,ALP+IND+LNP,ideology prior,2,12695.0,0.28073931653121753,0.13464019210923234,0.6347294990870842,,0.4153795086404499,0.4403585555536879,,0.2807393165312176,-0.1943709435333963,,0.2306303088036834,0.14426193580586222,-0.08636837299782119,,,,,,
THOMASTOWN,Outer Metro,ON,ALP+IND+LNP,ideology prior,2,12695.0,0.28073931653121753,0.13464019210923234,0.6347294990870842,,0.4153795086404499,0.4403585555536879,,0.2807393165312176,-0.1943709435333963,,0.2306303088036834,0.14426193580586222,-0.08636837299782119,,,,,,
WARRANDYTE,Outer Metro,ON,ALP+IND+LNP,ideology prior,2,12695.0,0.28073931653121753,0.13464019210923234,0.6347294990870842,,0.4153795086404499,0.4403585555536879,,0.2807393165312176,-0.1943709435333963,,0.2306303088036834,0.14426193580586222,-0.08636837299782119,,,,,,
WILLIAMSTOWN,Inner Ring,GRN,ALP+LNP+ON,full AEC row,3,26609.0,0.27926630713613987,,0.04188742753849029,0.005921585738328243,,0.24282225391670564,0.08425306649625271,,0.20093482637821536,0.07833148075792447,0.9521909867231815,0.6729246795870416,-0.27926630713613987,,,,,,
MORNINGTON,Peri-urban,OTH,ALP+GRN+IND+LNP+ON,full AEC row,11,70114.0,0.2751643849075426,0.1331970311942366,0.20452125889946104,0.6331940067384875,0.20932964560645767,0.2207199170932339,0.3580296218309449,0.07613261441222108,0.016198658193772864,-0.2751643849075426,0.004984303074661715,0.10418590837286915,0.09920160529820743,0.02410340009315324,0.10773490709649444,0.08363150700334121,,,
BENDIGO WEST,Provincial,OTH,ALP+GRN+LNP+ON,full AEC row,20,185090.0,0.2707038201432073,,0.23236138613861387,0.6018028310643565,,0.21605795970335148,0.3474024373564115,,-0.01630342643526239,-0.254400393707945,0.08552312809405942,0.19550901872329665,0.10998589062923723,0.08031265470297029,0.24103058421694037,0.16071792951397007,,,
PAKENHAM,Peri-urban,OTH,ALP+GRN+IND+LNP+ON,full AEC row,11,70114.0,0.27059295098458913,0.10412621359223301,0.15835861650485436,0.628622572815534,0.20932964560645767,0.2207199170932339,0.3580296218309449,0.10520343201422466,0.06236130058837955,-0.27059295098458913,0.054226334951456304,0.10418590837286915,0.04995957342141284,0.05466626213592233,0.10773490709649444,0.05306864496057211,,,
BELLARINE,Peri-urban,OTH,ALP+GRN+IND+LNP+ON,full AEC row,11,70114.0,0.27001649467390954,0.1387135922330097,0.14425819174757282,0.6280461165048544,0.20932964560645767,0.2207199170932339,0.3580296218309449,0.07061605337344798,0.07646172534566109,-0.27001649467390954,0.04645327669902912,0.10418590837286915,0.057732631673840025,0.04252882281553397,0.10773490709649444,0.06520608428096047,,,
MELTON,Peri-urban,OTH,ALP+GRN+IND+LNP+ON,full AEC row,11,70114.0,0.2663460493886707,0.19303897989744517,0.10673715418009104,0.6243756712196156,0.20932964560645767,0.2207199170932339,0.3580296218309449,0.016290665709012497,0.11398276291314287,-0.2663460493886707,0.07086264010527747,0.10418590837286915,0.033323268267591674,0.004985554597570752,0.10773490709649444,0.1027493524989237,,,
MONBULK,Peri-urban,OTH,ALP+GRN+IND+LNP+ON,full AEC row,11,70114.0,0.26574616700400666,0.19814927184466016,0.10012135922330095,0.6237757888349516,0.20932964560645767,0.2207199170932339,0.3580296218309449,0.011180373761797507,0.12059855786993295,-0.26574616700400666,0.021375910194174754,0.10418590837286915,0.08280999817869439,0.056577669902912624,0.10773490709649444,0.05115723719358182,,,
ALBERT PARK,Inner Ring,ON,ALP+GRN+IND+LNP,ideology prior,8,25658.0,0.26504735541124413,0.1598693502824859,0.4288047316384181,,0.2810315359295647,0.5726899014025834,,0.12116218564707881,0.14388516976416527,,0.23040254237288135,0.0813531784874851,-0.14904936388539625,0.1809233757062147,0.0649253841803668,-0.1159979915258479,,,
BRIGHTON,Inner Ring,ON,ALP+GRN+IND+LNP,ideology prior,8,25658.0,0.26504735541124413,0.1598693502824859,0.4288047316384181,,0.2810315359295647,0.5726899014025834,,0.12116218564707881,0.14388516976416527,,0.23040254237288135,0.0813531784874851,-0.14904936388539625,0.1809233757062147,0.0649253841803668,-0.1159979915258479,,,
BRUNSWICK,Inner Ring,ON,ALP+GRN+IND+LNP,ideology prior,8,25658.0,0.26504735541124413,0.1598693502824859,0.4288047316384181,,0.2810315359295647,0.5726899014025834,,0.12116218564707881,0.14388516976416527,,0.23040254237288135,0.0813531784874851,-0.14904936388539625,0.1809233757062147,0.0649253841803668,-0.1159979915258479,,,
CAULFIELD,Inner Ring,ON,ALP+GRN+IND+LNP,ideology prior,8,25658.0,0.26504735541124413,0.1598693502824859,0.4288047316384181,,0.2810315359295647,0.5726899014025834,,0.12116218564707881,0.14388516976416527,,0.23040254237288135,0.0813531784874851,-0.14904936388539625,0.1809233757062147,0.0649253841803668,-0.1159979915258479,,,
FOOTSCRAY,Inner Ring,ON,ALP+GRN+IND+LNP,ideology prior,8,25658.0,0.26504735541124413,0.1598693502824859,0.4288047316384181,,0.2810315359295647,0.5726899014025834,,0.12116218564707881,0.14388516976416527,,0.23040254237288135,0.0813531784874851,-0.14904936388539625,0.1809233757062147,0.0649253841803668,-0.1159979915258479,,,
HAWTHORN,Inner Ring,ON,ALP+GRN+IND+LNP,ideology prior,8,25658.0,0.26504735541124413,0.1598693502824859,0.4288047316384181,,0.2810315359295647,0.5726899014025834,,0.12116218564707881,0.14388516976416527,,0.23040254237288135,0.0813531784874851,-0.14904936388539625,0.1809233757062147,0.0649253841803668,-0.1159979915258479,,,
KEW,Inner Ring,ON,ALP+GRN+IND+LNP,ideology prior,8,25658.0,0.26504735541124413,0.1598693502824859,0.4288047316384181,,0.2810315359295647,0.5726899014025834,,0.12116218564707881,0.14388516976416527,,0.23040254237288135,0.0813531784874851,-0.14904936388539625,0.1809233757062147,0.0649253841803668,-0.1159979915258479,,,
MALVERN,Inner Ring,ON,ALP+GRN+IND+LNP,ideology prior,8,25658.0,0.26504735541124413,0.1598693502824859,0.4288047316384181,,0.2810315359295647,0.5726899014025834,,0.12116218564707881,0.14388516976416527,,0.23040254237288135,0.0813531784874851,-0.14904936388539625,0.1809233757062147,0.0649253841803668,-0.1159979915258479,,,
MELBOURNE,Inner Ring,ON,ALP+GRN+IND+LNP,ideology prior,8,25658.0,0.26504735541124413,0.1598693502824859,0.4288047316384181,,0.2810315359295647,0.5726899014025834,,0.12116218564707881,0.14388516976416527,,0.23040254237288135,0.0813531784874851,-0.14904936388539625,0.1809233757062147,0.0649253841803668,-0.1159979915258479,,,
NORTHCOTE,Inner Ring,ON,ALP+GRN+IND+LNP,ideology prior,8,25658.0,0.26504735541124413,0.1598693502824859,0.4288047316384181,,0.2810315359295647,0.5726899014025834,,0.12116218564707881,0.14388516976416527,,0.23040254237288135,0.0813531784874851,-0.14904936388539625,0.1809233757062147,0.0649253841803668,-0.1159979915258479,,,
PRAHRAN,Inner Ring,ON,ALP+GRN+IND+LNP,ideology prior,8,25658.0,0.26504735541124413,0.1598693502824859,0.4288047316384181,,0.2810315359295647,0.5726899014025834,,0.12116218564707881,0.14388516976416527,,0.23040254237288135,0.0813531784874851,-0.14904936388539625,0.1809233757062147,0.0649253841803668,-0.1159979915258479,,,
RICHMOND,Inner Ring,ON,ALP+GRN+IND+LNP,ideology prior,8,25658.0,0.26504735541124413,0.1598693502824859,0.4288047316384181,,0.2810315359295647,0.5726899014025834,,0.12116218564707881,0.14388516976416527,,0.23040254237288135,0.0813531784874851,-0.14904936388539625,0.1809233757062147,0.0649253841803668,-0.1159979915258479,,,
WILLIAMSTOWN,Inner Ring,ON,ALP+GRN+IND+LNP,ideology prior,8,25658.0,0.26504735541124413,0.1598693502824859,0.4288047316384181,,0.2810315359295647,0.5726899014025834,,0.12116218564707881,0.14388516976416527,,0.23040254237288135,0.0813531784874851,-0.14904936388539625,0.1809233757062147,0.0649253841803668,-0.1159979915258479,,,
WERRIBEE,Peri-urban,OTH,ALP+GRN+IND+LNP+ON,full AEC row,11,70114.0,0.2643839097224533,0.13479975728155338,0.0997876213592233,0.6224135315533982,0.20932964560645767,0.2207199170932339,0.3580296218309449,0.07452988832490429,0.12093229573401061,-0.2643839097224533,0.07791565533980582,0.10418590837286915,0.026270253033063323,0.06508343446601943,0.10773490709649444,0.042651472630475015,,,
EUROA,Regional,OTH,ALP+GRN+LNP+ON,ideology prior,20,185090.0,0.26412022794023704,,0.23981718749999997,0.5877634375,,0.21605795970335148,0.3474024373564115,,-0.02375922779664849,-0.24036100014358852,0.09859125,0.19550901872329665,0.09691776872329665,0.07382812500000001,0.24103058421694037,0.16720245921694038,,,
GIPPSLAND EAST,Regional,OTH,ALP+GRN+LNP+ON,ideology prior,20,185090.0,0.26343397794023704,,0.23919843750000003,0.5876959375,,0.21605795970335148,0.3474024373564115,,-0.023140477796648545,-0.24029350014358852,0.0992775,0.19550901872329665,0.09623151872329665,0.07382812500000001,0.24103058421694037,0.16720245921694038,,,
PAKENHAM,Peri-urban,GRN,ALP+IND+LNP+ON,full AEC row,3,12328.0,0.26175443101466234,0.2887307249243444,0.1952019276001674,0.14815740833342597,0.5504851559390067,0.06317396976104211,0.08655118023181911,0.26175443101466234,-0.1320279578391253,-0.06160622810160686,0.3679099391420623,0.29978969406813216,-0.06812024507393016,,,,,,
BENAMBRA,Regional,ALP,IND+LNP+ON,full AEC row,1,8824.0,0.26051397561006506,0.46982415254237286,0.19237129237288136,0.3378045550847458,0.7303381281524379,0.1427237063328974,0.1269381655146646,0.26051397561006506,-0.049647586039983954,-0.21086638957008116,,,,,,,,,
ALBERT PARK,Inner Ring,GRN,ALP+LNP+ON,full AEC row,3,26609.0,0.2558769255689139,,0.06542226545874628,0.0057761293852982305,,0.24282225391670564,0.08425306649625271,,0.17739998845795935,0.07847693711095448,0.9288016051559556,0.6729246795870416,-0.25587692556891395,,,,,,
MURRAY PLAINS,Regional,OTH,ALP+GRN+LNP+ON,ideology prior,20,185090.0,0.252168040440237,,0.22904062499999997,0.5865878125,,0.21605795970335148,0.3474024373564115,,-0.012982665296648488,-0.2391853751435885,0.1105434375,0.19550901872329665,0.08496558122329666,0.07382812500000001,0.24103058421694037,0.16720245921694038,,,
SOUTH BARWON,Provincial,OTH,ALP+GRN+LNP+ON,full AEC row,20,185090.0,0.2506884605463725,,0.20953602659536025,0.598090897902784,,0.21605795970335148,0.3474024373564115,,0.006521933107991235,-0.2506884605463725,0.08242087842577131,0.19550901872329665,0.11308814029752534,0.10995219707608446,0.24103058421694037,0.1310783871408559,,,
WENDOUREE,Provincial,OTH,ALP+GRN+LNP+ON,full AEC row,20,185090.0,0.2506146573218063,,0.20576732673267326,0.5980170946782178,,0.21605795970335148,0.3474024373564115,,0.010290632970678226,-0.2506146573218063,0.09460937500000001,0.19550901872329665,0.10089964372329664,0.1016062035891089,0.24103058421694037,0.13942438062783147,,,
GEELONG,Provincial,OTH,ALP+GRN+LNP+ON,full AEC row,20,185090.0,0.2491344699058326,,0.20818962658189627,0.5965369072622442,,0.21605795970335148,0.3474024373564115,,0.007868333121455212,-0.24913446990583266,0.047016157759224075,0.19550901872329665,0.14849286096407258,0.1482573083966356,0.24103058421694037,0.09277327582030478,,,
BASS,Regional,ON,ALP+GRN+LNP,ideology prior,18,125152.0,0.24488964915937744,,0.8510391357520374,,,0.6061494865926599,,,-0.2448896491593775,,0.14366833230920623,0.1823300461494308,0.03866171384022457,0.0052925319387564515,0.2115204672579093,0.20622793531915284,,,
BENAMBRA,Regional,ON,ALP+GRN+LNP,ideology prior,18,125152.0,0.24488964915937744,,0.8510391357520374,,,0.6061494865926599,,,-0.2448896491593775,,0.14366833230920623,0.1823300461494308,0.03866171384022457,0.0052925319387564515,0.2115204672579093,0.20622793531915284,,,
EILDON,Regional,ON,ALP+GRN+LNP,ideology prior,18,125152.0,0.24488964915937744,,0.8510391357520374,,,0.6061494865926599,,,-0.2448896491593775,,0.14366833230920623,0.1823300461494308,0.03866171384022457,0.0052925319387564515,0.2115204672579093,0.20622793531915284,,,
EUREKA,Regional,ON,ALP+GRN+LNP,ideology prior,18,125152.0,0.24488964915937744,,0.8510391357520374,,,0.6061494865926599,,,-0.2448896491593775,,0.14366833230920623,0.1823300461494308,0.03866171384022457,0.0052925319387564515,0.2115204672579093,0.20622793531915284,,,
EUROA,Regional,ON,ALP+GRN+LNP,ideology prior,18,125152.0,0.24488964915937744,,0.8510391357520374,,,0.6061494865926599,,,-0.2448896491593775,,0.14366833230920623,0.1823300461494308,0.03866171384022457,0.0052925319387564515,0.2115204672579093,0.20622793531915284,,,
GIPPSLAND EAST,Regional,ON,ALP+GRN+LNP,ideology prior,18,125152.0,0.24488964915937744,,0.8510391357520374,,,0.6061494865926599,,,-0.2448896491593775,,0.14366833230920623,0.1823300461494308,0.03866171384022457,0.0052925319387564515,0.2115204672579093,0.20622793531915284,,,
GIPPSLAND SOUTH,Regional,ON,ALP+GRN+LNP,ideology prior,18,125152.0,0.24488964915937744,,0.8510391357520374,,,0.6061494865926599,,,-0.2448896491593775,,0.14366833230920623,0.1823300461494308,0.03866171384022457,0.0052925319387564515,0.2115204672579093,0.20622793531915284,,,
HASTINGS,Regional,ON,ALP+GRN+LNP,ideology prior,18,125152.0,0.24488964915937744,,0.8510391357520374,,,0.6061494865926599,,,-0.2448896491593775,,0.14366833230920623,0.1823300461494308,0.03866171384022457,0.0052925319387564515,0.2115204672579093,0.20622793531915284,,,
LOWAN,Regional,ON,ALP+GRN+LNP,ideology prior,18,125152.0,0.24488964915937744,,0.8510391357520374,,,0.6061494865926599,,,-0.2448896491593775,,0.14366833230920623,0.1823300461494308,0.03866171384022457,0.0052925319387564515,0.2115204672579093,0.20622793531915284,,,
MACEDON,Regional,ON,ALP+GRN+LNP,ideology prior,18,125152.0,0.24488964915937744,,0.8510391357520374,,,0.6061494865926599,,,-0.2448896491593775,,0.14366833230920623,0.1823300461494308,0.03866171384022457,0.0052925319387564515,0.2115204672579093,0.20622793531915284,,,
MILDURA,Regional,ON,ALP+GRN+LNP,ideology prior,18,125152.0,0.24488964915937744,,0.8510391357520374,,,0.6061494865926599,,,-0.2448896491593775,,0.14366833230920623,0.1823300461494308,0.03866171384022457,0.0052925319387564515,0.2115204672579093,0.20622793531915284,,,
MURRAY PLAINS,Regional,ON,ALP+GRN+LNP,ideology prior,18,125152.0,0.24488964915937744,,0.8510391357520374,,,0.6061494865926599,,,-0.2448896491593775,,0.14366833230920623,0.1823300461494308,0.03866171384022457,0.0052925319387564515,0.2115204672579093,0.20622793531915284,,,
NARRACAN,Regional,ON,ALP+GRN+LNP,ideology prior,18,125152.0,0.24488964915937744,,0.8510391357520374,,,0.6061494865926599,,,-0.2448896491593775,,0.14366833230920623,0.1823300461494308,0.03866171384022457,0.0052925319387564515,0.2115204672579093,0.20622793531915284,,,
OVENS VALLEY,Regional,ON,ALP+GRN+LNP,ideology prior,18,125152.0,0.24488964915937744,,0.8510391357520374,,,0.6061494865926599,,,-0.2448896491593775,,0.14366833230920623,0.1823300461494308,0.03866171384022457,0.0052925319387564515,0.2115204672579093,0.20622793531915284,,,
POLWARTH,Regional,ON,ALP+GRN+LNP,ideology prior,18,125152.0,0.24488964915937744,,0.8510391357520374,,,0.6061494865926599,,,-0.2448896491593775,,0.14366833230920623,0.1823300461494308,0.03866171384022457,0.0052925319387564515,0.2115204672579093,0.20622793531915284,,,
RIPON,Regional,ON,ALP+GRN+LNP,ideology prior,18,125152.0,0.24488964915937744,,0.8510391357520374,,,0.6061494865926599,,,-0.2448896491593775,,0.14366833230920623,0.1823300461494308,0.03866171384022457,0.0052925319387564515,0.2115204672579093,0.20622793531915284,,,
SOUTH-WEST COAST,Regional,ON,ALP+GRN+LNP,ideology prior,18,125152.0,0.24488964915937744,,0.8510391357520374,,,0.6061494865926599,,,-0.2448896491593775,,0.14366833230920623,0.1823300461494308,0.03866171384022457,0.0052925319387564515,0.2115204672579093,0.20622793531915284,,,
ALBERT PARK,Inner Ring,OTH,ALP+GRN+IND+LNP+ON,full AEC row,11,70114.0,0.2436776515117685,0.1909492924528302,0.1359596108490566,0.21749262971698113,0.20932964560645767,0.2207199170932339,0.3580296218309449,0.01838035315362746,0.0847603062441773,0.14053699211396375,0.16427918632075472,0.10418590837286915,-0.060093277947885576,0.2913192806603774,0.10773490709649444,-0.18358437356388294,,,
CAULFIELD,Inner Ring,GRN,ALP+LNP+ON,full AEC row,3,26609.0,0.24251847975855678,,0.0788637861808593,0.005693054473542279,,0.24282225391670564,0.08425306649625271,,0.16395846773584632,0.07856001202271043,0.9154431593455984,0.6729246795870416,-0.24251847975855678,,,,,,
RIPON,Regional,OTH,ALP+GRN+LNP+ON,ideology prior,20,185090.0,0.23861460294023698,,0.21682031249999997,0.5852546875,,0.21605795970335148,0.3474024373564115,,-0.0007623527966484911,-0.23785225014358846,0.12409687500000001,0.19550901872329665,0.07141214372329664,0.07382812500000001,0.24103058421694037,0.16720245921694038,,,
ALBERT PARK,Inner Ring,ALP,IND+LNP+ON,ideology prior,1,8824.0,0.23448991386672363,0.49584821428571435,0.2960751488095238,0.20807663690476194,0.7303381281524379,0.1427237063328974,0.1269381655146646,0.23448991386672358,-0.15335144247662638,-0.08113847139009733,,,,,,,,,
BRIGHTON,Inner Ring,ALP,IND+LNP+ON,ideology prior,1,8824.0,0.23448991386672363,0.49584821428571435,0.2960751488095238,0.20807663690476194,0.7303381281524379,0.1427237063328974,0.1269381655146646,0.23448991386672358,-0.15335144247662638,-0.08113847139009733,,,,,,,,,
BRUNSWICK,Inner Ring,ALP,IND+LNP+ON,ideology prior,1,8824.0,0.23448991386672363,0.49584821428571435,0.2960751488095238,0.20807663690476194,0.7303381281524379,0.1427237063328974,0.1269381655146646,0.23448991386672358,-0.15335144247662638,-0.08113847139009733,,,,,,,,,
CAULFIELD,Inner Ring,ALP,IND+LNP+ON,ideology prior,1,8824.0,0.23448991386672363,0.49584821428571435,0.2960751488095238,0.20807663690476194,0.7303381281524379,0.1427237063328974,0.1269381655146646,0.23448991386672358,-0.15335144247662638,-0.08113847139009733,,,,,,,,,
FOOTSCRAY,Inner Ring,ALP,IND+LNP+ON,ideology prior,1,8824.0,0.23448991386672363,0.49584821428571435,0.2960751488095238,0.20807663690476194,0.7303381281524379,0.1427237063328974,0.1269381655146646,0.23448991386672358,-0.15335144247662638,-0.08113847139009733,,,,,,,,,
HAWTHORN,Inner Ring,ALP,IND+LNP+ON,ideology prior,1,8824.0,0.23448991386672363,0.49584821428571435,0.2960751488095238,0.20807663690476194,0.7303381281524379,0.1427237063328974,0.1269381655146646,0.23448991386672358,-0.15335144247662638,-0.08113847139009733,,,,,,,,,
KEW,Inner Ring,ALP,IND+LNP+ON,ideology prior,1,8824.0,0.23448991386672363,0.49584821428571435,0.2960751488095238,0.20807663690476194,0.7303381281524379,0.1427237063328974,0.1269381655146646,0.23448991386672358,-0.15335144247662638,-0.08113847139009733,,,,,,,,,
MALVERN,Inner Ring,ALP,IND+LNP+ON,ideology prior,1,8824.0,0.23448991386672363,0.49584821428571435,0.2960751488095238,0.20807663690476194,0.7303381281524379,0.1427237063328974,0.1269381655146646,0.23448991386672358,-0.15335144247662638,-0.08113847139009733,,,,,,,,,
MELBOURNE,Inner Ring,ALP,IND+LNP+ON,ideology prior,1,8824.0,0.23448991386672363,0.49584821428571435,0.2960751488095238,0.20807663690476194,0.7303381281524379,0.1427237063328974,0.1269381655146646,0.23448991386672358,-0.15335144247662638,-0.08113847139009733,,,,,,,,,
NORTHCOTE,Inner Ring,ALP,IND+LNP+ON,ideology prior,1,8824.0,0.23448991386672363,0.49584821428571435,0.2960751488095238,0.20807663690476194,0.7303381281524379,0.1427237063328974,0.1269381655146646,0.23448991386672358,-0.15335144247662638,-0.08113847139009733,,,,,,,,,
RICHMOND,Inner Ring,ALP,IND+LNP+ON,ideology prior,1,8824.0,0.23448991386672363,0.49584821428571435,0.2960751488095238,0.20807663690476194,0.7303381281524379,0.1427237063328974,0.1269381655146646,0.23448991386672358,-0.15335144247662638,-0.08113847139009733,,,,,,,,,
WILLIAMSTOWN,Inner Ring,ALP,IND+LNP+ON,ideology prior,1,8824.0,0.23448991386672363,0.49584821428571435,0.2960751488095238,0.20807663690476194,0.7303381281524379,0.1427237063328974,0.1269381655146646,0.23448991386672358,-0.15335144247662638,-0.08113847139009733,,,,,,,,,
HAWTHORN,Inner Ring,OTH,ALP+GRN+IND+LNP+ON,full AEC row,11,70114.0,0.2335479345306364,0.1673349056603774,0.16490271226415096,0.2222936320754717,0.20932964560645767,0.2207199170932339,0.3580296218309449,0.04199473994608027,0.05581720482908295,0.13573598975547319,0.2183195754716981,0.10418590837286915,-0.11413366709882897,0.22714917452830188,0.10773490709649444,-0.11941426743180744,,,
MALVERN,Inner Ring,GRN,ALP+LNP+ON,full AEC row,3,26609.0,0.22953884023336366,,0.09192414485732851,0.005612335322266201,,0.24282225391670564,0.08425306649625271,,0.15089810905937712,0.07864073117398651,0.9024635198204053,0.6729246795870416,-0.22953884023336368,,,,,,
CAULFIELD,Inner Ring,OTH,ALP+GRN+IND+LNP+ON,full AEC row,11,70114.0,0.228629007643844,0.1721992924528302,0.16636202830188676,0.22088885613207546,0.20932964560645767,0.2207199170932339,0.3580296218309449,0.03713035315362748,0.05435788879134715,0.13714076569886943,0.16158166273584904,0.10418590837286915,-0.05739575436297989,0.2789681603773585,0.10773490709649444,-0.17123325328086406,,,
BASS,Regional,ON,ALP+GRN+IND+LNP,ideology prior,8,25658.0,0.2230605234526795,0.11792127227914259,0.7762865354969664,,0.2810315359295647,0.5726899014025834,,0.1631102636504221,-0.203596634094383,,0.10081706784578165,0.0813531784874851,-0.019463889358296543,0.0049751243781094535,0.0649253841803668,0.05995025980225734,,,
BENAMBRA,Regional,ON,ALP+GRN+IND+LNP,ideology prior,8,25658.0,0.2230605234526795,0.11792127227914259,0.7762865354969664,,0.2810315359295647,0.5726899014025834,,0.1631102636504221,-0.203596634094383,,0.10081706784578165,0.0813531784874851,-0.019463889358296543,0.0049751243781094535,0.0649253841803668,0.05995025980225734,,,
EILDON,Regional,ON,ALP+GRN+IND+LNP,ideology prior,8,25658.0,0.2230605234526795,0.11792127227914259,0.7762865354969664,,0.2810315359295647,0.5726899014025834,,0.1631102636504221,-0.203596634094383,,0.10081706784578165,0.0813531784874851,-0.019463889358296543,0.0049751243781094535,0.0649253841803668,0.05995025980225734,,,
EUREKA,Regional,ON,ALP+GRN+IND+LNP,ideology prior,8,25658.0,0.2230605234526795,0.11792127227914259,0.7762865354969664,,0.2810315359295647,0.5726899014025834,,0.1631102636504221,-0.203596634094383,,0.10081706784578165,0.0813531784874851,-0.019463889358296543,0.0049751243781094535,0.0649253841803668,0.05995025980225734,,,
EUROA,Regional,ON,ALP+GRN+IND+LNP,ideology prior,8,25658.0,0.2230605234526795,0.11792127227914259,0.7762865354969664,,0.2810315359295647,0.5726899014025834,,0.1631102636504221,-0.203596634094383,,0.10081706784578165,0.0813531784874851,-0.019463889358296543,0.0049751243781094535,0.0649253841803668,0.05995025980225734,,,
GIPPSLAND EAST,Regional,ON,ALP+GRN+IND+LNP,ideology prior,8,25658.0,0.2230605234526795,0.11792127227914259,0.7762865354969664,,0.2810315359295647,0.5726899014025834,,0.1631102636504221,-0.203596634094383,,0.10081706784578165,0.0813531784874851,-0.019463889358296543,0.0049751243781094535,0.0649253841803668,0.05995025980225734,,,
GIPPSLAND SOUTH,Regional,ON,ALP+GRN+IND+LNP,ideology prior,8,25658.0,0.2230605234526795,0.11792127227914259,0.7762865354969664,,0.2810315359295647,0.5726899014025834,,0.1631102636504221,-0.203596634094383,,0.10081706784578165,0.0813531784874851,-0.019463889358296543,0.0049751243781094535,0.0649253841803668,0.05995025980225734,,,
HASTINGS,Regional,ON,ALP+GRN+IND+LNP,ideology prior,8,25658.0,0.2230605234526795,0.11792127227914259,0.7762865354969664,,0.2810315359295647,0.5726899014025834,,0.1631102636504221,-0.203596634094383,,0.10081706784578165,0.0813531784874851,-0.019463889358296543,0.0049751243781094535,0.0649253841803668,0.05995025980225734,,,
LOWAN,Regional,ON,ALP+GRN+IND+LNP,ideology prior,8,25658.0,0.2230605234526795,0.11792127227914259,0.7762865354969664,,0.2810315359295647,0.5726899014025834,,0.1631102636504221,-0.203596634094383,,0.10081706784578165,0.0813531784874851,-0.019463889358296543,0.0049751243781094535,0.0649253841803668,0.05995025980225734,,,
MACEDON,Regional,ON,ALP+GRN+IND+LNP,ideology prior,8,25658.0,0.2230605234526795,0.11792127227914259,0.7762865354969664,,0.2810315359295647,0.5726899014025834,,0.1631102636504221,-0.203596634094383,,0.10081706784578165,0.0813531784874851,-0.019463889358296543,0.0049751243781094535,0.0649253841803668,0.05995025980225734,,,
MILDURA,Regional,ON,ALP+GRN+IND+LNP,ideology prior,8,25658.0,0.2230605234526795,0.11792127227914259,0.7762865354969664,,0.2810315359295647,0.5726899014025834,,0.1631102636504221,-0.203596634094383,,0.10081706784578165,0.0813531784874851,-0.019463889358296543,0.0049751243781094535,0.0649253841803668,0.05995025980225734,,,
MURRAY PLAINS,Regional,ON,ALP+GRN+IND+LNP,ideology prior,8,25658.0,0.2230605234526795,0.11792127227914259,0.7762865354969664,,0.2810315359295647,0.5726899014025834,,0.1631102636504221,-0.203596634094383,,0.10081706784578165,0.0813531784874851,-0.019463889358296543,0.0049751243781094535,0.0649253841803668,0.05995025980225734,,,
NARRACAN,Regional,ON,ALP+GRN+IND+LNP,ideology prior,8,25658.0,0.2230605234526795,0.11792127227914259,0.7762865354969664,,0.2810315359295647,0.5726899014025834,,0.1631102636504221,-0.203596634094383,,0.10081706784578165,0.0813531784874851,-0.019463889358296543,0.0049751243781094535,0.0649253841803668,0.05995025980225734,,,
OVENS VALLEY,Regional,ON,ALP+GRN+IND+LNP,ideology prior,8,25658.0,0.2230605234526795,0.11792127227914259,0.7762865354969664,,0.2810315359295647,0.5726899014025834,,0.1631102636504221,-0.203596634094383,,0.10081706784578165,0.0813531784874851,-0.019463889358296543,0.0049751243781094535,0.0649253841803668,0.05995025980225734,,,
POLWARTH,Regional,ON,ALP+GRN+IND+LNP,ideology prior,8,25658.0,0.2230605234526795,0.11792127227914259,0.7762865354969664,,0.2810315359295647,0.5726899014025834,,0.1631102636504221,-0.203596634094383,,0.10081706784578165,0.0813531784874851,-0.019463889358296543,0.0049751243781094535,0.0649253841803668,0.05995025980225734,,,
RIPON,Regional,ON,ALP+GRN+IND+LNP,ideology prior,8,25658.0,0.2230605234526795,0.11792127227914259,0.7762865354969664,,0.2810315359295647,0.5726899014025834,,0.1631102636504221,-0.203596634094383,,0.10081706784578165,0.0813531784874851,-0.019463889358296543,0.0049751243781094535,0.0649253841803668,0.05995025980225734,,,
SOUTH-WEST COAST,Regional,ON,ALP+GRN+IND+LNP,ideology prior,8,25658.0,0.2230605234526795,0.11792127227914259,0.7762865354969664,,0.2810315359295647,0.5726899014025834,,0.1631102636504221,-0.203596634094383,,0.10081706784578165,0.0813531784874851,-0.019463889358296543,0.0049751243781094535,0.0649253841803668,0.05995025980225734,,,
ALBERT PARK,Inner Ring,ON,ALP+IND+LNP,ideology prior,2,12695.0,0.22270897163029027,0.19267053701015963,0.526578374455733,,0.4153795086404499,0.4403585555536879,,0.2227089716302903,-0.08621981890204505,,0.2807510885341074,0.14426193580586222,-0.1364891527282452,,,,,,
BRIGHTON,Inner Ring,ON,ALP+IND+LNP,ideology prior,2,12695.0,0.22270897163029027,0.19267053701015963,0.526578374455733,,0.4153795086404499,0.4403585555536879,,0.2227089716302903,-0.08621981890204505,,0.2807510885341074,0.14426193580586222,-0.1364891527282452,,,,,,
BRUNSWICK,Inner Ring,ON,ALP+IND+LNP,ideology prior,2,12695.0,0.22270897163029027,0.19267053701015963,0.526578374455733,,0.4153795086404499,0.4403585555536879,,0.2227089716302903,-0.08621981890204505,,0.2807510885341074,0.14426193580586222,-0.1364891527282452,,,,,,
CAULFIELD,Inner Ring,ON,ALP+IND+LNP,ideology prior,2,12695.0,0.22270897163029027,0.19267053701015963,0.526578374455733,,0.4153795086404499,0.4403585555536879,,0.2227089716302903,-0.08621981890204505,,0.2807510885341074,0.14426193580586222,-0.1364891527282452,,,,,,
FOOTSCRAY,Inner Ring,ON,ALP+IND+LNP,ideology prior,2,12695.0,0.22270897163029027,0.19267053701015963,0.526578374455733,,0.4153795086404499,0.4403585555536879,,0.2227089716302903,-0.08621981890204505,,0.2807510885341074,0.14426193580586222,-0.1364891527282452,,,,,,
HAWTHORN,Inner Ring,ON,ALP+IND+LNP,ideology prior,2,12695.0,0.22270897163029027,0.19267053701015963,0.526578374455733,,0.4153795086404499,0.4403585555536879,,0.2227089716302903,-0.08621981890204505,,0.2807510885341074,0.14426193580586222,-0.1364891527282452,,,,,,
KEW,Inner Ring,ON,ALP+IND+LNP,ideology prior,2,12695.0,0.22270897163029027,0.19267053701015963,0.526578374455733,,0.4153795086404499,0.4403585555536879,,0.2227089716302903,-0.08621981890204505,,0.2807510885341074,0.14426193580586222,-0.1364891527282452,,,,,,
MALVERN,Inner Ring,ON,ALP+IND+LNP,ideology prior,2,12695.0,0.22270897163029027,0.19267053701015963,0.526578374455733,,0.4153795086404499,0.4403585555536879,,0.2227089716302903,-0.08621981890204505,,0.2807510885341074,0.14426193580586222,-0.1364891527282452,,,,,,
MELBOURNE,Inner Ring,ON,ALP+IND+LNP,ideology prior,2,12695.0,0.22270897163029027,0.19267053701015963,0.526578374455733,,0.4153795086404499,0.4403585555536879,,0.2227089716302903,-0.08621981890204505,,0.2807510885341074,0.14426193580586222,-0.1364891527282452,,,,,,
NORTHCOTE,Inner Ring,ON,ALP+IND+LNP,ideology prior,2,12695.0,0.22270897163029027,0.19267053701015963,0.526578374455733,,0.4153795086404499,0.4403585555536879,,0.2227089716302903,-0.08621981890204505,,0.2807510885341074,0.14426193580586222,-0.1364891527282452,,,,,,
PRAHRAN,Inner Ring,ON,ALP+IND+LNP,ideology prior,2,12695.0,0.22270897163029027,0.19267053701015963,0.526578374455733,,0.4153795086404499,0.4403585555536879,,0.2227089716302903,-0.08621981890204505,,0.2807510885341074,0.14426193580586222,-0.1364891527282452,,,,,,
RICHMOND,Inner Ring,ON,ALP+IND+LNP,ideology prior,2,12695.0,0.22270897163029027,0.19267053701015963,0.526578374455733,,0.4153795086404499,0.4403585555536879,,0.2227089716302903,-0.08621981890204505,,0.2807510885341074,0.14426193580586222,-0.1364891527282452,,,,,,
WILLIAMSTOWN,Inner Ring,ON,ALP+IND+LNP,ideology prior,2,12695.0,0.22270897163029027,0.19267053701015963,0.526578374455733,,0.4153795086404499,0.4403585555536879,,0.2227089716302903,-0.08621981890204505,,0.2807510885341074,0.14426193580586222,-0.1364891527282452,,,,,,
PASCOE VALE,Middle Ring,GRN,ALP+LNP+ON,ideology prior,3,26609.0,0.21931128212987178,,0.023510971786833867,0.1071055381400209,,0.24282225391670564,0.08425306649625271,,0.21931128212987178,-0.02285247164376819,0.8693834900731452,0.6729246795870416,-0.19645881048610359,,,,,,
PRESTON,Middle Ring,GRN,ALP+LNP+ON,ideology prior,3,26609.0,0.21931128212987178,,0.023510971786833867,0.1071055381400209,,0.24282225391670564,0.08425306649625271,,0.21931128212987178,-0.02285247164376819,0.8693834900731452,0.6729246795870416,-0.19645881048610359,,,,,,
BENAMBRA,Regional,GRN,ALP+IND+LNP+ON,full AEC row,3,12328.0,0.21917485000713885,0.5253,0.26890000000000003,0.1,0.5504851559390067,0.06317396976104211,0.08655118023181911,0.02518515593900672,-0.2057260302389579,-0.013448819768180895,0.1058,0.29978969406813216,0.19398969406813216,,,,,,
MALVERN,Inner Ring,OTH,ALP+GRN+LNP+ON,full AEC row,20,185090.0,0.21621977205976298,,0.127703125,0.21953750000000002,,0.21605795970335148,0.3474024373564115,,0.08835483470335148,0.1278649373564115,0.24857500000000002,0.19550901872329665,-0.05306598127670337,0.404184375,0.24103058421694037,-0.1631537907830596,,,
THOMASTOWN,Outer Metro,GRN,ALP+LNP+ON,ideology prior,3,26609.0,0.20886768093169175,,0.033954572985013934,0.10891675704784932,,0.24282225391670564,0.08425306649625271,,0.20886768093169172,-0.024663690551596618,0.8571286699671368,0.6729246795870416,-0.18420399038009516,,,,,,
WILLIAMSTOWN,Inner Ring,OTH,ALP+GRN+LNP+ON,full AEC row,20,185090.0,0.2084660538754446,,0.13434234048404836,0.22065200270027002,,0.21605795970335148,0.3474024373564115,,0.08171561921930312,0.1267504346561415,0.2522125650065007,0.19550901872329665,-0.05670354628320404,0.39279309180918087,0.24103058421694037,-0.1517625075922405,,,
POINT COOK,Outer Metro,OTH,ALP+GRN+IND+LNP+ON,ideology prior,11,70114.0,0.20723633932006197,0.1388888888888889,0.08392433449074074,0.40480468750000004,0.20932964560645767,0.2207199170932339,0.3580296218309449,0.07044075671756878,0.13679558260249317,-0.04677506566905515,0.16606438078703706,0.10418590837286915,-0.06187847241416791,0.20631770833333335,0.10773490709649444,-0.09858280123683891,,,
ROWVILLE,Outer Metro,OTH,ALP+GRN+LNP+ON,ideology prior,20,185090.0,0.20614718833385037,,0.11719731004548492,0.5535496256902619,,0.21605795970335148,0.3474024373564115,,0.09886064965786656,-0.20614718833385037,0.15327493677641635,0.19550901872329665,0.0422340819468803,0.1759781274878369,0.24103058421694037,0.06505245672910348,,,
BRIGHTON,Inner Ring,OTH,ALP+GRN+LNP+ON,ideology prior,20,185090.0,0.20503248880212344,,0.08126268403362608,0.2771652242240135,,0.21605795970335148,0.3474024373564115,,0.1347952756697254,0.070237213132398,0.22293085768316895,0.19550901872329665,-0.027421838959872297,0.4186412340591915,0.24103058421694037,-0.17761064984225114,,,
BROADMEADOWS,Outer Metro,OTH,ALP+GRN+IND+LNP+ON,ideology prior,11,70114.0,0.20418078376450632,0.1388888888888889,0.0869798900462963,0.40513541666666664,0.20932964560645767,0.2207199170932339,0.3580296218309449,0.07044075671756878,0.1337400270469376,-0.04710579483572175,0.1625960648148148,0.10418590837286915,-0.058410156441945665,0.20639973958333332,0.10773490709649444,-0.09866483248683888,,,
LAVERTON,Middle Ring,OTH,ALP+GRN+IND+LNP+ON,ideology prior,11,70114.0,0.2037988393200619,0.1388888888888889,0.08736183449074074,0.37814930555555554,0.20932964560645767,0.2207199170932339,0.3580296218309449,0.07044075671756878,0.13335808260249316,-0.02011968372461065,0.17180960648148147,0.10418590837286915,-0.06762369810861232,0.22379036458333335,0.10773490709649444,-0.1160554574868389,,,
GREENVALE,Outer Metro,GRN,ALP+LNP+ON,ideology prior,3,26609.0,0.2034352357683065,,0.0393870181483992,0.10858772028052013,,0.24282225391670564,0.08425306649625271,,0.20343523576830644,-0.024334653784267427,0.8520252615710807,0.6729246795870416,-0.1791005819840391,,,,,,
PASCOE VALE,Middle Ring,OTH,ALP+GRN+IND+LNP+ON,ideology prior,11,70114.0,0.2031543080700619,0.1388888888888889,0.08800636574074074,0.37778732638888884,0.20932964560645767,0.2207199170932339,0.3580296218309449,0.07044075671756878,0.1327135513524932,-0.019757704557943956,0.15790986689814818,0.10418590837286915,-0.05372395852527903,0.23740755208333333,0.10773490709649444,-0.1296726449868389,,,
BASS,Regional,ON,IND+LNP,ideology prior,1,7611.0,0.20233490722537995,0.16418164488017428,0.8358183551198257,,0.3665165521055542,0.6334834478944458,,0.20233490722537995,-0.20233490722537995,,,,,,,,,,
BENAMBRA,Regional,ON,IND+LNP,ideology prior,1,7611.0,0.20233490722537995,0.16418164488017428,0.8358183551198257,,0.3665165521055542,0.6334834478944458,,0.20233490722537995,-0.20233490722537995,,,,,,,,,,
EILDON,Regional,ON,IND+LNP,ideology prior,1,7611.0,0.20233490722537995,0.16418164488017428,0.8358183551198257,,0.3665165521055542,0.6334834478944458,,0.20233490722537995,-0.20233490722537995,,,,,,,,,,
EUREKA,Regional,ON,IND+LNP,ideology prior,1,7611.0,0.20233490722537995,0.16418164488017428,0.8358183551198257,,0.3665165521055542,0.6334834478944458,,0.20233490722537995,-0.20233490722537995,,,,,,,,,,
EUROA,Regional,ON,IND+LNP,ideology prior,1,7611.0,0.20233490722537995,0.16418164488017428,0.8358183551198257,,0.3665165521055542,0.6334834478944458,,0.20233490722537995,-0.20233490722537995,,,,,,,,,,
GIPPSLAND EAST,Regional,ON,IND+LNP,ideology prior,1,7611.0,0.20233490722537995,0.16418164488017428,0.8358183551198257,,0.3665165521055542,0.6334834478944458,,0.20233490722537995,-0.20233490722537995,,,,,,,,,,
GIPPSLAND SOUTH,Regional,ON,IND+LNP,ideology prior,1,7611.0,0.20233490722537995,0.16418164488017428,0.8358183551198257,,0.3665165521055542,0.6334834478944458,,0.20233490722537995,-0.20233490722537995,,,,,,,,,,
HASTINGS,Regional,ON,IND+LNP,ideology prior,1,7611.0,0.20233490722537995,0.16418164488017428,0.8358183551198257,,0.3665165521055542,0.6334834478944458,,0.20233490722537995,-0.20233490722537995,,,,,,,,,,
LOWAN,Regional,ON,IND+LNP,ideology prior,1,7611.0,0.20233490722537995,0.16418164488017428,0.8358183551198257,,0.3665165521055542,0.6334834478944458,,0.20233490722537995,-0.20233490722537995,,,,,,,,,,
MACEDON,Regional,ON,IND+LNP,ideology prior,1,7611.0,0.20233490722537995,0.16418164488017428,0.8358183551198257,,0.3665165521055542,0.6334834478944458,,0.20233490722537995,-0.20233490722537995,,,,,,,,,,
MILDURA,Regional,ON,IND+LNP,ideology prior,1,7611.0,0.20233490722537995,0.16418164488017428,0.8358183551198257,,0.3665165521055542,0.6334834478944458,,0.20233490722537995,-0.20233490722537995,,,,,,,,,,
MURRAY PLAINS,Regional,ON,IND+LNP,ideology prior,1,7611.0,0.20233490722537995,0.16418164488017428,0.8358183551198257,,0.3665165521055542,0.6334834478944458,,0.20233490722537995,-0.20233490722537995,,,,,,,,,,
NARRACAN,Regional,ON,IND+LNP,ideology prior,1,7611.0,0.20233490722537995,0.16418164488017428,0.8358183551198257,,0.3665165521055542,0.6334834478944458,,0.20233490722537995,-0.20233490722537995,,,,,,,,,,
OVENS VALLEY,Regional,ON,IND+LNP,ideology prior,1,7611.0,0.20233490722537995,0.16418164488017428,0.8358183551198257,,0.3665165521055542,0.6334834478944458,,0.20233490722537995,-0.20233490722537995,,,,,,,,,,
POLWARTH,Regional,ON,IND+LNP,ideology prior,1,7611.0,0.20233490722537995,0.16418164488017428,0.8358183551198257,,0.3665165521055542,0.6334834478944458,,0.20233490722537995,-0.20233490722537995,,,,,,,,,,
RIPON,Regional,ON,IND+LNP,ideology prior,1,7611.0,0.20233490722537995,0.16418164488017428,0.8358183551198257,,0.3665165521055542,0.6334834478944458,,0.20233490722537995,-0.20233490722537995,,,,,,,,,,
SOUTH-WEST COAST,Regional,ON,IND+LNP,ideology prior,1,7611.0,0.20233490722537995,0.16418164488017428,0.8358183551198257,,0.3665165521055542,0.6334834478944458,,0.20233490722537995,-0.20233490722537995,,,,,,,,,,
ESSENDON,Middle Ring,OTH,ALP+GRN+IND+LNP+ON,ideology prior,11,70114.0,0.20167427334783966,0.1388888888888889,0.08948640046296297,0.3780069444444444,0.20932964560645767,0.2207199170932339,0.3580296218309449,0.07044075671756878,0.13123351663027094,-0.019977322613499493,0.1580422453703704,0.10418590837286915,-0.05385633699750125,0.23557552083333333,0.10773490709649444,-0.1278406137368389,,,
PRAHRAN,Inner Ring,OTH,ALP+GRN+LNP+ON,full AEC row,20,185090.0,0.20110883455976303,,0.14239843749999997,0.21995312499999997,,0.21605795970335148,0.3474024373564115,,0.07365952220335151,0.12744931235641155,0.19605781249999998,0.19550901872329665,-0.0005487937767033324,0.441590625,0.24103058421694037,-0.20056004078305964,,,
SANDRINGHAM,Middle Ring,OTH,ALP+GRN+IND+LNP+ON,full AEC row,11,70114.0,0.20006098748313914,0.11900025275250253,0.11098832246404987,0.44294531773674484,0.20932964560645767,0.2207199170932339,0.3580296218309449,0.09032939285395514,0.10973159462918404,-0.08491569590579995,0.12875078232917447,0.10418590837286915,-0.024564873956305328,0.19831532471752827,0.10773490709649444,-0.09058041762103383,,,
WARRANDYTE,Outer Metro,OTH,ALP+GRN+LNP+ON,full AEC row,20,185090.0,0.19919249188887153,,0.18054982311320755,0.5465949292452831,,0.21605795970335148,0.3474024373564115,,0.03550813659014393,-0.19919249188887156,0.09863944575471698,0.19550901872329665,0.09686957296857968,0.17421580188679248,0.24103058421694037,0.0668147823301479,,,
BELLARINE,Peri-urban,ON,ALP+GRN+IND+LNP,ideology prior,8,25658.0,0.1990287497973006,0.12086162098734389,0.7260916939066299,,0.2810315359295647,0.5726899014025834,,0.16016991494222083,-0.1534017925040465,,0.12698013578073922,0.0813531784874851,-0.04562695729325411,0.026066549325287052,0.0649253841803668,0.03885883485507974,,,
BERWICK,Peri-urban,ON,ALP+GRN+IND+LNP,ideology prior,8,25658.0,0.1990287497973006,0.12086162098734389,0.7260916939066299,,0.2810315359295647,0.5726899014025834,,0.16016991494222083,-0.1534017925040465,,0.12698013578073922,0.0813531784874851,-0.04562695729325411,0.026066549325287052,0.0649253841803668,0.03885883485507974,,,
CARRUM,Peri-urban,ON,ALP+GRN+IND+LNP,ideology prior,8,25658.0,0.1990287497973006,0.12086162098734389,0.7260916939066299,,0.2810315359295647,0.5726899014025834,,0.16016991494222083,-0.1534017925040465,,0.12698013578073922,0.0813531784874851,-0.04562695729325411,0.026066549325287052,0.0649253841803668,0.03885883485507974,,,
EVELYN,Peri-urban,ON,ALP+GRN+IND+LNP,ideology prior,8,25658.0,0.1990287497973006,0.12086162098734389,0.7260916939066299,,0.2810315359295647,0.5726899014025834,,0.16016991494222083,-0.1534017925040465,,0.12698013578073922,0.0813531784874851,-0.04562695729325411,0.026066549325287052,0.0649253841803668,0.03885883485507974,,,
KALKALLO,Peri-urban,ON,ALP+GRN+IND+LNP,ideology prior,8,25658.0,0.1990287497973006,0.12086162098734389,0.7260916939066299,,0.2810315359295647,0.5726899014025834,,0.16016991494222083,-0.1534017925040465,,0.12698013578073922,0.0813531784874851,-0.04562695729325411,0.026066549325287052,0.0649253841803668,0.03885883485507974,,,
LARA,Peri-urban,ON,ALP+GRN+IND+LNP,ideology prior,8,25658.0,0.1990287497973006,0.12086162098734389,0.7260916939066299,,0.2810315359295647,0.5726899014025834,,0.16016991494222083,-0.1534017925040465,,0.12698013578073922,0.0813531784874851,-0.04562695729325411,0.026066549325287052,0.0649253841803668,0.03885883485507974,,,
MELTON,Peri-urban,ON,ALP+GRN+IND+LNP,ideology prior,8,25658.0,0.1990287497973006,0.12086162098734389,0.7260916939066299,,0.2810315359295647,0.5726899014025834,,0.16016991494222083,-0.1534017925040465,,0.12698013578073922,0.0813531784874851,-0.04562695729325411,0.026066549325287052,0.0649253841803668,0.03885883485507974,,,
MONBULK,Peri-urban,ON,ALP+GRN+IND+LNP,ideology prior,8,25658.0,0.1990287497973006,0.12086162098734389,0.7260916939066299,,0.2810315359295647,0.5726899014025834,,0.16016991494222083,-0.1534017925040465,,0.12698013578073922,0.0813531784874851,-0.04562695729325411,0.026066549325287052,0.0649253841803668,0.03885883485507974,,,
MORNINGTON,Peri-urban,ON,ALP+GRN+IND+LNP,ideology prior,8,25658.0,0.1990287497973006,0.12086162098734389,0.7260916939066299,,0.2810315359295647,0.5726899014025834,,0.16016991494222083,-0.1534017925040465,,0.12698013578073922,0.0813531784874851,-0.04562695729325411,0.026066549325287052,0.0649253841803668,0.03885883485507974,,,
NEPEAN,Peri-urban,ON,ALP+GRN+IND+LNP,ideology prior,8,25658.0,0.1990287497973006,0.12086162098734389,0.7260916939066299,,0.2810315359295647,0.5726899014025834,,0.16016991494222083,-0.1534017925040465,,0.12698013578073922,0.0813531784874851,-0.04562695729325411,0.026066549325287052,0.0649253841803668,0.03885883485507974,,,
PAKENHAM,Peri-urban,ON,ALP+GRN+IND+LNP,ideology prior,8,25658.0,0.1990287497973006,0.12086162098734389,0.7260916939066299,,0.2810315359295647,0.5726899014025834,,0.16016991494222083,-0.1534017925040465,,0.12698013578073922,0.0813531784874851,-0.04562695729325411,0.026066549325287052,0.0649253841803668,0.03885883485507974,,,
SUNBURY,Peri-urban,ON,ALP+GRN+IND+LNP,ideology prior,8,25658.0,0.1990287497973006,0.12086162098734389,0.7260916939066299,,0.2810315359295647,0.5726899014025834,,0.16016991494222083,-0.1534017925040465,,0.12698013578073922,0.0813531784874851,-0.04562695729325411,0.026066549325287052,0.0649253841803668,0.03885883485507974,,,
WERRIBEE,Peri-urban,ON,ALP+GRN+IND+LNP,ideology prior,8,25658.0,0.1990287497973006,0.12086162098734389,0.7260916939066299,,0.2810315359295647,0.5726899014025834,,0.16016991494222083,-0.1534017925040465,,0.12698013578073922,0.0813531784874851,-0.04562695729325411,0.026066549325287052,0.0649253841803668,0.03885883485507974,,,
YAN YEAN,Peri-urban,ON,ALP+GRN+IND+LNP,ideology prior,8,25658.0,0.1990287497973006,0.12086162098734389,0.7260916939066299,,0.2810315359295647,0.5726899014025834,,0.16016991494222083,-0.1534017925040465,,0.12698013578073922,0.0813531784874851,-0.04562695729325411,0.026066549325287052,0.0649253841803668,0.03885883485507974,,,
BAYSWATER,Outer Metro,OTH,ALP+GRN+LNP+ON,full AEC row,20,185090.0,0.19773665132905954,,0.16099186071958843,0.545139088685471,,0.21605795970335148,0.3474024373564115,,0.05506609898376305,-0.1977366513290595,0.14241860012111998,0.19550901872329665,0.05309041860217667,0.15145045047382052,0.24103058421694037,0.08958013374311985,,,
KOROROIT,Outer Metro,OTH,ALP+GRN+IND+LNP+ON,ideology prior,11,70114.0,0.1970670684867286,0.1388888888888889,0.09409360532407408,0.40783420138888893,0.20932964560645767,0.2207199170932339,0.3580296218309449,0.07044075671756878,0.12662631176915984,-0.04980457955794404,0.21334997106481485,0.10418590837286915,-0.1091640626919457,0.14583333333333331,0.10773490709649444,-0.03809842623683887,,,
ELTHAM,Outer Metro,OTH,ALP+GRN+LNP+ON,full AEC row,20,185090.0,0.1968693786813244,,0.15914652122641507,0.5442718160377359,,0.21605795970335148,0.3474024373564115,,0.056911438476936416,-0.19686937868132437,0.12273732311320755,0.19550901872329665,0.0727716956100891,0.17384433962264148,0.24103058421694037,0.0671862445942989,,,
PRESTON,Middle Ring,OTH,ALP+GRN+IND+LNP+ON,ideology prior,11,70114.0,0.19596897820895076,0.1388888888888889,0.09519169560185187,0.37894704861111106,0.20932964560645767,0.2207199170932339,0.3580296218309449,0.07044075671756878,0.12552822149138204,-0.02091742678016617,0.1614046585648148,0.10418590837286915,-0.057218750191945666,0.2255677083333333,0.10773490709649444,-0.11783280123683887,,,
KEW,Inner Ring,OTH,ALP+GRN+IND+LNP+ON,full AEC row,11,70114.0,0.19568826471931572,0.2075766509433962,0.16255159198113206,0.22226267688679244,0.20932964560645767,0.2207199170932339,0.3580296218309449,0.0017529946630614746,0.05816832511210185,0.13576694494415245,0.16643720518867922,0.10418590837286915,-0.06225129681581007,0.24117187500000004,0.10773490709649444,-0.1334369679035056,,,
RINGWOOD,Outer Metro,OTH,ALP+GRN+LNP+ON,full AEC row,20,185090.0,0.1954041664171734,,0.14058077830188678,0.5428066037735849,,0.21605795970335148,0.3474024373564115,,0.0754771814014647,-0.1954041664171734,0.1604127358490566,0.19550901872329665,0.03509628287424005,0.1561998820754717,0.24103058421694037,0.08483070214146868,,,
TARNEIT,Outer Metro,OTH,ALP+GRN+IND+LNP+ON,ideology prior,11,70114.0,0.19537659625790985,0.1388888888888889,0.09578407755289287,0.40651073781510744,0.20932964560645767,0.2207199170932339,0.3580296218309449,0.07044075671756878,0.12493583954034104,-0.04848111598416255,0.16590173303271527,0.10418590837286915,-0.061715824659846125,0.19291456271039564,0.10773490709649444,-0.0851796556139012,,,
BELLARINE,Peri-urban,ON,IND+LNP,ideology prior,1,7611.0,0.19534677984882545,0.17116977225672875,0.8288302277432712,,0.3665165521055542,0.6334834478944458,,0.19534677984882548,-0.19534677984882542,,,,,,,,,,
BERWICK,Peri-urban,ON,IND+LNP,ideology prior,1,7611.0,0.19534677984882545,0.17116977225672875,0.8288302277432712,,0.3665165521055542,0.6334834478944458,,0.19534677984882548,-0.19534677984882542,,,,,,,,,,
CARRUM,Peri-urban,ON,IND+LNP,ideology prior,1,7611.0,0.19534677984882545,0.17116977225672875,0.8288302277432712,,0.3665165521055542,0.6334834478944458,,0.19534677984882548,-0.19534677984882542,,,,,,,,,,
EVELYN,Peri-urban,ON,IND+LNP,ideology prior,1,7611.0,0.19534677984882545,0.17116977225672875,0.8288302277432712,,0.3665165521055542,0.6334834478944458,,0.19534677984882548,-0.19534677984882542,,,,,,,,,,
KALKALLO,Peri-urban,ON,IND+LNP,ideology prior,1,7611.0,0.19534677984882545,0.17116977225672875,0.8288302277432712,,0.3665165521055542,0.6334834478944458,,0.19534677984882548,-0.19534677984882542,,,,,,,,,,
LARA,Peri-urban,ON,IND+LNP,ideology prior,1,7611.0,0.19534677984882545,0.17116977225672875,0.8288302277432712,,0.3665165521055542,0.6334834478944458,,0.19534677984882548,-0.19534677984882542,,,,,,,,,,
MELTON,Peri-urban,ON,IND+LNP,ideology prior,1,7611.0,0.19534677984882545,0.17116977225672875,0.8288302277432712,,0.3665165521055542,0.6334834478944458,,0.19534677984882548,-0.19534677984882542,,,,,,,,,,
MONBULK,Peri-urban,ON,IND+LNP,ideology prior,1,7611.0,0.19534677984882545,0.17116977225672875,0.8288302277432712,,0.3665165521055542,0.6334834478944458,,0.19534677984882548,-0.19534677984882542,,,,,,,,,,
MORNINGTON,Peri-urban,ON,IND+LNP,ideology prior,1,7611.0,0.19534677984882545,0.17116977225672875,0.8288302277432712,,0.3665165521055542,0.6334834478944458,,0.19534677984882548,-0.19534677984882542,,,,,,,,,,
NEPEAN,Peri-urban,ON,IND+LNP,ideology prior,1,7611.0,0.19534677984882545,0.17116977225672875,0.8288302277432712,,0.3665165521055542,0.6334834478944458,,0.19534677984882548,-0.19534677984882542,,,,,,,,,,
PAKENHAM,Peri-urban,ON,IND+LNP,ideology prior,1,7611.0,0.19534677984882545,0.17116977225672875,0.8288302277432712,,0.3665165521055542,0.6334834478944458,,0.19534677984882548,-0.19534677984882542,,,,,,,,,,
SUNBURY,Peri-urban,ON,IND+LNP,ideology prior,1,7611.0,0.19534677984882545,0.17116977225672875,0.8288302277432712,,0.3665165521055542,0.6334834478944458,,0.19534677984882548,-0.19534677984882542,,,,,,,,,,
WERRIBEE,Peri-urban,ON,IND+LNP,ideology prior,1,7611.0,0.19534677984882545,0.17116977225672875,0.8288302277432712,,0.3665165521055542,0.6334834478944458,,0.19534677984882548,-0.19534677984882542,,,,,,,,,,
YAN YEAN,Peri-urban,ON,IND+LNP,ideology prior,1,7611.0,0.19534677984882545,0.17116977225672875,0.8288302277432712,,0.3665165521055542,0.6334834478944458,,0.19534677984882548,-0.19534677984882542,,,,,,,,,,
BENDIGO EAST,Provincial,ON,ALP+GRN+IND+LNP,ideology prior,8,25658.0,0.19518372423364289,0.12256586483390608,0.71983581519664,,0.2810315359295647,0.5726899014025834,,0.15846567109565862,-0.14714591379405662,,0.1293909889270714,0.0813531784874851,-0.0480378104395863,0.02820733104238259,0.0649253841803668,0.03671805313798421,,,
BENDIGO WEST,Provincial,ON,ALP+GRN+IND+LNP,ideology prior,8,25658.0,0.19518372423364289,0.12256586483390608,0.71983581519664,,0.2810315359295647,0.5726899014025834,,0.15846567109565862,-0.14714591379405662,,0.1293909889270714,0.0813531784874851,-0.0480378104395863,0.02820733104238259,0.0649253841803668,0.03671805313798421,,,
GEELONG,Provincial,ON,ALP+GRN+IND+LNP,ideology prior,8,25658.0,0.19518372423364289,0.12256586483390608,0.71983581519664,,0.2810315359295647,0.5726899014025834,,0.15846567109565862,-0.14714591379405662,,0.1293909889270714,0.0813531784874851,-0.0480378104395863,0.02820733104238259,0.0649253841803668,0.03671805313798421,,,
MORWELL,Provincial,ON,ALP+GRN+IND+LNP,ideology prior,8,25658.0,0.19518372423364289,0.12256586483390608,0.71983581519664,,0.2810315359295647,0.5726899014025834,,0.15846567109565862,-0.14714591379405662,,0.1293909889270714,0.0813531784874851,-0.0480378104395863,0.02820733104238259,0.0649253841803668,0.03671805313798421,,,
SHEPPARTON,Provincial,ON,ALP+GRN+IND+LNP,ideology prior,8,25658.0,0.19518372423364289,0.12256586483390608,0.71983581519664,,0.2810315359295647,0.5726899014025834,,0.15846567109565862,-0.14714591379405662,,0.1293909889270714,0.0813531784874851,-0.0480378104395863,0.02820733104238259,0.0649253841803668,0.03671805313798421,,,
SOUTH BARWON,Provincial,ON,ALP+GRN+IND+LNP,ideology prior,8,25658.0,0.19518372423364289,0.12256586483390608,0.71983581519664,,0.2810315359295647,0.5726899014025834,,0.15846567109565862,-0.14714591379405662,,0.1293909889270714,0.0813531784874851,-0.0480378104395863,0.02820733104238259,0.0649253841803668,0.03671805313798421,,,
WENDOUREE,Provincial,ON,ALP+GRN+IND+LNP,ideology prior,8,25658.0,0.19518372423364289,0.12256586483390608,0.71983581519664,,0.2810315359295647,0.5726899014025834,,0.15846567109565862,-0.14714591379405662,,0.1293909889270714,0.0813531784874851,-0.0480378104395863,0.02820733104238259,0.0649253841803668,0.03671805313798421,,,
CROYDON,Outer Metro,OTH,ALP+GRN+LNP+ON,full AEC row,20,185090.0,0.194755581511513,,0.13466244103773586,0.5421580188679246,,0.21605795970335148,0.3474024373564115,,0.08139551866561562,-0.19475558151151307,0.16688679245283022,0.19550901872329665,0.028622226270466428,0.15629274764150944,0.24103058421694037,0.08473783657543094,,,
BENDIGO EAST,Provincial,ON,IND+LNP,ideology prior,1,7611.0,0.19291711232964384,0.17359943977591036,0.8264005602240896,,0.3665165521055542,0.6334834478944458,,0.19291711232964387,-0.19291711232964381,,,,,,,,,,
BENDIGO WEST,Provincial,ON,IND+LNP,ideology prior,1,7611.0,0.19291711232964384,0.17359943977591036,0.8264005602240896,,0.3665165521055542,0.6334834478944458,,0.19291711232964387,-0.19291711232964381,,,,,,,,,,
GEELONG,Provincial,ON,IND+LNP,ideology prior,1,7611.0,0.19291711232964384,0.17359943977591036,0.8264005602240896,,0.3665165521055542,0.6334834478944458,,0.19291711232964387,-0.19291711232964381,,,,,,,,,,
MORWELL,Provincial,ON,IND+LNP,ideology prior,1,7611.0,0.19291711232964384,0.17359943977591036,0.8264005602240896,,0.3665165521055542,0.6334834478944458,,0.19291711232964387,-0.19291711232964381,,,,,,,,,,
SHEPPARTON,Provincial,ON,IND+LNP,ideology prior,1,7611.0,0.19291711232964384,0.17359943977591036,0.8264005602240896,,0.3665165521055542,0.6334834478944458,,0.19291711232964387,-0.19291711232964381,,,,,,,,,,
SOUTH BARWON,Provincial,ON,IND+LNP,ideology prior,1,7611.0,0.19291711232964384,0.17359943977591036,0.8264005602240896,,0.3665165521055542,0.6334834478944458,,0.19291711232964387,-0.19291711232964381,,,,,,,,,,
WENDOUREE,Provincial,ON,IND+LNP,ideology prior,1,7611.0,0.19291711232964384,0.17359943977591036,0.8264005602240896,,0.3665165521055542,0.6334834478944458,,0.19291711232964387,-0.19291711232964381,,,,,,,,,,
TARNEIT,Outer Metro,OTH,ALP+GRN+LNP+ON,full AEC row,20,185090.0,0.19210337031753813,,0.1172167570978751,0.5395058076739496,,0.21605795970335148,0.3474024373564115,,0.09884120260547638,-0.1921033703175381,0.16480580715513354,0.19550901872329665,0.030703211568163108,0.1784716280730417,0.24103058421694037,0.06255895614389867,,,
BENAMBRA,Regional,GRN,ALP+LNP+ON,ideology prior,3,26609.0,0.19194018527782325,,0.06756756756756759,0.06756756756756759,,0.24282225391670564,0.08425306649625271,,0.17525468634913804,0.016685498928685122,0.8648648648648649,0.6729246795870416,-0.1919401852778233,,,,,,
MILDURA,Regional,GRN,ALP+LNP+ON,ideology prior,3,26609.0,0.19194018527782325,,0.06756756756756759,0.06756756756756759,,0.24282225391670564,0.08425306649625271,,0.17525468634913804,0.016685498928685122,0.8648648648648649,0.6729246795870416,-0.1919401852778233,,,,,,
NARRACAN,Regional,GRN,ALP+LNP+ON,ideology prior,3,26609.0,0.19194018527782325,,0.06756756756756759,0.06756756756756759,,0.24282225391670564,0.08425306649625271,,0.17525468634913804,0.016685498928685122,0.8648648648648649,0.6729246795870416,-0.1919401852778233,,,,,,
SHEPPARTON,Provincial,OTH,ALP+GRN+LNP+ON,ideology prior,20,185090.0,0.1906787427917222,,0.23545841584158417,0.5186807240099011,,0.21605795970335148,0.3474024373564115,,-0.019400456138232686,-0.17127828665348954,0.1243223391089109,0.19550901872329665,0.07118667961438575,0.12153852103960396,0.24103058421694037,0.11949206317733642,,,
CROYDON,Outer Metro,OTH,ALP+GRN+IND+LNP+ON,ideology prior,11,70114.0,0.1902398115422842,0.1388888888888889,0.10092086226851851,0.4072916666666667,0.20932964560645767,0.2207199170932339,0.3580296218309449,0.07044075671756878,0.1197990548247154,-0.04926204483572183,0.16651446759259264,0.10418590837286915,-0.062328559219723495,0.18638411458333334,0.10773490709649444,-0.0786492074868389,,,
RINGWOOD,Outer Metro,OTH,ALP+GRN+IND+LNP+ON,ideology prior,11,70114.0,0.18849719001450638,0.1388888888888889,0.1026634837962963,0.4074826388888889,0.20932964560645767,0.2207199170932339,0.3580296218309449,0.07044075671756878,0.1180564332969376,-0.049453017057944026,0.16460821759259261,0.10418590837286915,-0.06042230921972347,0.18635677083333335,0.10773490709649444,-0.07862186373683891,,,
BRIGHTON,Inner Ring,GRN,ALP+LNP+ON,full AEC row,3,26609.0,0.18832581373200896,,0.1333934712747364,0.005356035406213001,,0.24282225391670564,0.08425306649625271,,0.10942878264196923,0.0788970310900397,0.8612504933190506,0.6729246795870416,-0.18832581373200896,,,,,,
BROADMEADOWS,Outer Metro,OTH,ALP+GRN+LNP+ON,full AEC row,20,185090.0,0.1874324683039659,,0.08731574292452829,0.5348349056603774,,0.21605795970335148,0.3474024373564115,,0.1287422167788232,-0.18743246830396587,0.15357900943396227,0.19550901872329665,0.04193000928933438,0.22427034198113202,0.24103058421694037,0.016760242235808354,,,
POINT COOK,Outer Metro,OTH,ALP+GRN+LNP+ON,full AEC row,20,185090.0,0.1863092371718904,,0.07693838443396225,0.5337116745283019,,0.21605795970335148,0.3474024373564115,,0.13911957526938923,-0.1863092371718904,0.165358195754717,0.19550901872329665,0.030150822968579655,0.22399174528301888,0.24103058421694037,0.017038838933921496,,,
BASS,Regional,ON,ALP+GRN+LNP+OTH,ideology prior,6,24739.0,0.1842568165996539,,0.7012410205446258,,,0.5169842039449719,,,-0.18425681659965387,,0.06358466606548027,0.15816098284623026,0.09457631678074999,0.0049751243781094535,0.08031902329412052,0.07534389891601107,0.23019918901178452,0.2445357899146774,0.014336600902892876
BENAMBRA,Regional,ON,ALP+GRN+LNP+OTH,ideology prior,6,24739.0,0.1842568165996539,,0.7012410205446258,,,0.5169842039449719,,,-0.18425681659965387,,0.06358466606548027,0.15816098284623026,0.09457631678074999,0.0049751243781094535,0.08031902329412052,0.07534389891601107,0.23019918901178452,0.2445357899146774,0.014336600902892876
EILDON,Regional,ON,ALP+GRN+LNP+OTH,ideology prior,6,24739.0,0.1842568165996539,,0.7012410205446258,,,0.5169842039449719,,,-0.18425681659965387,,0.06358466606548027,0.15816098284623026,0.09457631678074999,0.0049751243781094535,0.08031902329412052,0.07534389891601107,0.23019918901178452,0.2445357899146774,0.014336600902892876
EUREKA,Regional,ON,ALP+GRN+LNP+OTH,ideology prior,6,24739.0,0.1842568165996539,,0.7012410205446258,,,0.5169842039449719,,,-0.18425681659965387,,0.06358466606548027,0.15816098284623026,0.09457631678074999,0.0049751243781094535,0.08031902329412052,0.07534389891601107,0.23019918901178452,0.2445357899146774,0.014336600902892876
EUROA,Regional,ON,ALP+GRN+LNP+OTH,ideology prior,6,24739.0,0.1842568165996539,,0.7012410205446258,,,0.5169842039449719,,,-0.18425681659965387,,0.06358466606548027,0.15816098284623026,0.09457631678074999,0.0049751243781094535,0.08031902329412052,0.07534389891601107,0.23019918901178452,0.2445357899146774,0.014336600902892876
GIPPSLAND EAST,Regional,ON,ALP+GRN+LNP+OTH,ideology prior,6,24739.0,0.1842568165996539,,0.7012410205446258,,,0.5169842039449719,,,-0.18425681659965387,,0.06358466606548027,0.15816098284623026,0.09457631678074999,0.0049751243781094535,0.08031902329412052,0.07534389891601107,0.23019918901178452,0.2445357899146774,0.014336600902892876
GIPPSLAND SOUTH,Regional,ON,ALP+GRN+LNP+OTH,ideology prior,6,24739.0,0.1842568165996539,,0.7012410205446258,,,0.5169842039449719,,,-0.18425681659965387,,0.06358466606548027,0.15816098284623026,0.09457631678074999,0.0049751243781094535,0.08031902329412052,0.07534389891601107,0.23019918901178452,0.2445357899146774,0.014336600902892876
HASTINGS,Regional,ON,ALP+GRN+LNP+OTH,ideology prior,6,24739.0,0.1842568165996539,,0.7012410205446258,,,0.5169842039449719,,,-0.18425681659965387,,0.06358466606548027,0.15816098284623026,0.09457631678074999,0.0049751243781094535,0.08031902329412052,0.07534389891601107,0.23019918901178452,0.2445357899146774,0.014336600902892876
LOWAN,Regional,ON,ALP+GRN+LNP+OTH,ideology prior,6,24739.0,0.1842568165996539,,0.7012410205446258,,,0.5169842039449719,,,-0.18425681659965387,,0.06358466606548027,0.15816098284623026,0.09457631678074999,0.0049751243781094535,0.08031902329412052,0.07534389891601107,0.23019918901178452,0.2445357899146774,0.014336600902892876
MACEDON,Regional,ON,ALP+GRN+LNP+OTH,ideology prior,6,24739.0,0.1842568165996539,,0.7012410205446258,,,0.5169842039449719,,,-0.18425681659965387,,0.06358466606548027,0.15816098284623026,0.09457631678074999,0.0049751243781094535,0.08031902329412052,0.07534389891601107,0.23019918901178452,0.2445357899146774,0.014336600902892876
MILDURA,Regional,ON,ALP+GRN+LNP+OTH,ideology prior,6,24739.0,0.1842568165996539,,0.7012410205446258,,,0.5169842039449719,,,-0.18425681659965387,,0.06358466606548027,0.15816098284623026,0.09457631678074999,0.0049751243781094535,0.08031902329412052,0.07534389891601107,0.23019918901178452,0.2445357899146774,0.014336600902892876
MURRAY PLAINS,Regional,ON,ALP+GRN+LNP+OTH,ideology prior,6,24739.0,0.1842568165996539,,0.7012410205446258,,,0.5169842039449719,,,-0.18425681659965387,,0.06358466606548027,0.15816098284623026,0.09457631678074999,0.0049751243781094535,0.08031902329412052,0.07534389891601107,0.23019918901178452,0.2445357899146774,0.014336600902892876
NARRACAN,Regional,ON,ALP+GRN+LNP+OTH,ideology prior,6,24739.0,0.1842568165996539,,0.7012410205446258,,,0.5169842039449719,,,-0.18425681659965387,,0.06358466606548027,0.15816098284623026,0.09457631678074999,0.0049751243781094535,0.08031902329412052,0.07534389891601107,0.23019918901178452,0.2445357899146774,0.014336600902892876
OVENS VALLEY,Regional,ON,ALP+GRN+LNP+OTH,ideology prior,6,24739.0,0.1842568165996539,,0.7012410205446258,,,0.5169842039449719,,,-0.18425681659965387,,0.06358466606548027,0.15816098284623026,0.09457631678074999,0.0049751243781094535,0.08031902329412052,0.07534389891601107,0.23019918901178452,0.2445357899146774,0.014336600902892876
POLWARTH,Regional,ON,ALP+GRN+LNP+OTH,ideology prior,6,24739.0,0.1842568165996539,,0.7012410205446258,,,0.5169842039449719,,,-0.18425681659965387,,0.06358466606548027,0.15816098284623026,0.09457631678074999,0.0049751243781094535,0.08031902329412052,0.07534389891601107,0.23019918901178452,0.2445357899146774,0.014336600902892876
RIPON,Regional,ON,ALP+GRN+LNP+OTH,ideology prior,6,24739.0,0.1842568165996539,,0.7012410205446258,,,0.5169842039449719,,,-0.18425681659965387,,0.06358466606548027,0.15816098284623026,0.09457631678074999,0.0049751243781094535,0.08031902329412052,0.07534389891601107,0.23019918901178452,0.2445357899146774,0.014336600902892876
SOUTH-WEST COAST,Regional,ON,ALP+GRN+LNP+OTH,ideology prior,6,24739.0,0.1842568165996539,,0.7012410205446258,,,0.5169842039449719,,,-0.18425681659965387,,0.06358466606548027,0.15816098284623026,0.09457631678074999,0.0049751243781094535,0.08031902329412052,0.07534389891601107,0.23019918901178452,0.2445357899146774,0.014336600902892876
GREENVALE,Outer Metro,OTH,ALP+GRN+IND+LNP+ON,ideology prior,11,70114.0,0.18381837057006195,0.1388888888888889,0.10734230324074075,0.40927951388888895,0.20932964560645767,0.2207199170932339,0.3580296218309449,0.07044075671756878,0.11337761385249316,-0.05124989205794406,0.19865596064814817,0.10418590837286915,-0.09447005227527902,0.14583333333333331,0.10773490709649444,-0.03809842623683887,,,
THOMASTOWN,Outer Metro,OTH,ALP+GRN+IND+LNP+ON,ideology prior,11,70114.0,0.18326932543117308,0.1388888888888889,0.10789134837962963,0.40933940972222227,0.20932964560645767,0.2207199170932339,0.3580296218309449,0.07044075671756878,0.11282856871360428,-0.05130978789127738,0.19804701967592597,0.10418590837286915,-0.09386111130305683,0.14583333333333331,0.10773490709649444,-0.03809842623683887,,,
PASCOE VALE,Middle Ring,OTH,ALP+GRN+LNP+ON,full AEC row,20,185090.0,0.18310147135117644,,0.09080188679245282,0.4419545990566037,,0.21605795970335148,0.3474024373564115,,0.12525607291089866,-0.0945521617001922,0.13766362028301887,0.19550901872329665,0.05784539844027778,0.3295798938679246,0.24103058421694037,-0.0885493096509842,,,
ELTHAM,Outer Metro,OTH,ALP+GRN+IND+LNP+ON,ideology prior,11,70114.0,0.18303061015339528,0.1388888888888889,0.10813006365740742,0.40791406250000006,0.20932964560645767,0.2207199170932339,0.3580296218309449,0.07044075671756878,0.11258985343582649,-0.049884440669055174,0.15351490162037038,0.10418590837286915,-0.04932899324750123,0.19155208333333335,0.10773490709649444,-0.0838171762368389,,,
BELLARINE,Peri-urban,ON,ALP+GRN+LNP,ideology prior,18,125152.0,0.18279415287037015,,0.78894363946303,,,0.6061494865926599,,,-0.18279415287037015,,0.1604357553803537,0.1823300461494308,0.02189429076907709,0.050620605156616226,0.2115204672579093,0.16089986210129306,,,
BERWICK,Peri-urban,ON,ALP+GRN+LNP,ideology prior,18,125152.0,0.18279415287037015,,0.78894363946303,,,0.6061494865926599,,,-0.18279415287037015,,0.1604357553803537,0.1823300461494308,0.02189429076907709,0.050620605156616226,0.2115204672579093,0.16089986210129306,,,
CARRUM,Peri-urban,ON,ALP+GRN+LNP,ideology prior,18,125152.0,0.18279415287037015,,0.78894363946303,,,0.6061494865926599,,,-0.18279415287037015,,0.1604357553803537,0.1823300461494308,0.02189429076907709,0.050620605156616226,0.2115204672579093,0.16089986210129306,,,
EVELYN,Peri-urban,ON,ALP+GRN+LNP,ideology prior,18,125152.0,0.18279415287037015,,0.78894363946303,,,0.6061494865926599,,,-0.18279415287037015,,0.1604357553803537,0.1823300461494308,0.02189429076907709,0.050620605156616226,0.2115204672579093,0.16089986210129306,,,
KALKALLO,Peri-urban,ON,ALP+GRN+LNP,ideology prior,18,125152.0,0.18279415287037015,,0.78894363946303,,,0.6061494865926599,,,-0.18279415287037015,,0.1604357553803537,0.1823300461494308,0.02189429076907709,0.050620605156616226,0.2115204672579093,0.16089986210129306,,,
LARA,Peri-urban,ON,ALP+GRN+LNP,ideology prior,18,125152.0,0.18279415287037015,,0.78894363946303,,,0.6061494865926599,,,-0.18279415287037015,,0.1604357553803537,0.1823300461494308,0.02189429076907709,0.050620605156616226,0.2115204672579093,0.16089986210129306,,,
MELTON,Peri-urban,ON,ALP+GRN+LNP,ideology prior,18,125152.0,0.18279415287037015,,0.78894363946303,,,0.6061494865926599,,,-0.18279415287037015,,0.1604357553803537,0.1823300461494308,0.02189429076907709,0.050620605156616226,0.2115204672579093,0.16089986210129306,,,
MONBULK,Peri-urban,ON,ALP+GRN+LNP,ideology prior,18,125152.0,0.18279415287037015,,0.78894363946303,,,0.6061494865926599,,,-0.18279415287037015,,0.1604357553803537,0.1823300461494308,0.02189429076907709,0.050620605156616226,0.2115204672579093,0.16089986210129306,,,
MORNINGTON,Peri-urban,ON,ALP+GRN+LNP,ideology prior,18,125152.0,0.18279415287037015,,0.78894363946303,,,0.6061494865926599,,,-0.18279415287037015,,0.1604357553803537,0.1823300461494308,0.02189429076907709,0.050620605156616226,0.2115204672579093,0.16089986210129306,,,
NEPEAN,Peri-urban,ON,ALP+GRN+LNP,ideology prior,18,125152.0,0.18279415287037015,,0.78894363946303,,,0.6061494865926599,,,-0.18279415287037015,,0.1604357553803537,0.1823300461494308,0.02189429076907709,0.050620605156616226,0.2115204672579093,0.16089986210129306,,,
PAKENHAM,Peri-urban,ON,ALP+GRN+LNP,ideology prior,18,125152.0,0.18279415287037015,,0.78894363946303,,,0.6061494865926599,,,-0.18279415287037015,,0.1604357553803537,0.1823300461494308,0.02189429076907709,0.050620605156616226,0.2115204672579093,0.16089986210129306,,,
SUNBURY,Peri-urban,ON,ALP+GRN+LNP,ideology prior,18,125152.0,0.18279415287037015,,0.78894363946303,,,0.6061494865926599,,,-0.18279415287037015,,0.1604357553803537,0.1823300461494308,0.02189429076907709,0.050620605156616226,0.2115204672579093,0.16089986210129306,,,
WERRIBEE,Peri-urban,ON,ALP+GRN+LNP,ideology prior,18,125152.0,0.18279415287037015,,0.78894363946303,,,0.6061494865926599,,,-0.18279415287037015,,0.1604357553803537,0.1823300461494308,0.02189429076907709,0.050620605156616226,0.2115204672579093,0.16089986210129306,,,
YAN YEAN,Peri-urban,ON,ALP+GRN+LNP,ideology prior,18,125152.0,0.18279415287037015,,0.78894363946303,,,0.6061494865926599,,,-0.18279415287037015,,0.1604357553803537,0.1823300461494308,0.02189429076907709,0.050620605156616226,0.2115204672579093,0.16089986210129306,,,
BAYSWATER,Outer Metro,OTH,ALP+GRN+IND+LNP+ON,ideology prior,11,70114.0,0.18248726019151648,0.1388888888888889,0.10867341361928623,0.4081694261129443,0.20932964560645767,0.2207199170932339,0.3580296218309449,0.07044075671756878,0.11204650347394768,-0.050139804281999434,0.15930994429492237,0.10418590837286915,-0.05512403592205323,0.1849583270839583,0.10773490709649444,-0.07722341998746385,,,
SYDENHAM,Outer Metro,OTH,ALP+GRN+IND+LNP+ON,ideology prior,11,70114.0,0.18183703376450638,0.1388888888888889,0.1093236400462963,0.40949565972222224,0.20932964560645767,0.2207199170932339,0.3580296218309449,0.07044075671756878,0.11139627704693761,-0.05146603789127735,0.19645847800925928,0.10418590837286915,-0.09227256963639013,0.14583333333333331,0.10773490709649444,-0.03809842623683887,,,
MORWELL,Provincial,OTH,ALP+GRN+LNP+ON,ideology prior,20,185090.0,0.18154565956152416,,0.22725297029702973,0.5177530863242574,,0.21605795970335148,0.3474024373564115,,-0.01119501059367825,-0.1703506489678459,0.13345542233910893,0.19550901872329665,0.062053596384187726,0.12153852103960396,0.24103058421694037,0.11949206317733642,,,
ROWVILLE,Outer Metro,OTH,ALP+GRN+IND+LNP+ON,full AEC row,11,70114.0,0.18104523859506508,0.15910040940350406,0.08990391470112247,0.53230848790121,0.20932964560645767,0.2207199170932339,0.3580296218309449,0.05022923620295361,0.13081600239211144,-0.1742788660702651,0.10704288367459552,0.10418590837286915,-0.0028569753017263777,0.11164430431956805,0.10773490709649444,-0.00390939722307361,,,
CRANBOURNE,Outer Metro,GRN,ALP+LNP+ON,ideology prior,3,26609.0,0.1810054028760363,,0.06181685104066934,0.10585709000879372,,0.24282225391670564,0.08425306649625271,,0.1810054028760363,-0.02160402351254101,0.8323260589505369,0.6729246795870416,-0.1594013793634953,,,,,,
GLEN WAVERLEY,Middle ring,OTH,ALP+GRN+IND+LNP+ON,ideology prior,11,70114.0,0.18019582266860212,0.1388888888888889,0.11096485114220059,0.3812563188125633,0.20932964560645767,0.2207199170932339,0.3580296218309449,0.07044075671756878,0.10975506595103332,-0.02322669698161839,0.162195506433153,0.10418590837286915,-0.05800959806028386,0.20669443472319435,0.10773490709649444,-0.0989595276266999,,,
KOROROIT,Outer Metro,GRN,ALP+LNP+ON,ideology prior,3,26609.0,0.1801874308022902,,0.0626348231144155,0.10639801572229582,,0.24282225391670564,0.08425306649625271,,0.18018743080229016,-0.022144949226043112,0.8309671611632887,0.6729246795870416,-0.15804248157624712,,,,,,
KEW,Inner Ring,GRN,ALP+IND+LNP+ON,full AEC row,3,12328.0,0.17989110983315348,0.5077582385104182,0.007585833210186688,0.004975124378109453,0.5504851559390067,0.06317396976104211,0.08655118023181911,0.04272691742858847,0.05558813655085543,0.08157605585370965,0.4796808039012856,0.29978969406813216,-0.17989110983315343,,,,,,
NIDDRIE,Middle Ring,OTH,ALP+GRN+IND+LNP+ON,ideology prior,11,70114.0,0.17983182543117301,0.1388888888888889,0.11132884837962963,0.3818394097222222,0.20932964560645767,0.2207199170932339,0.3580296218309449,0.07044075671756878,0.10939106871360428,-0.0238097878912773,0.17803139467592594,0.10418590837286915,-0.07384548630305679,0.18991145833333334,0.10773490709649444,-0.0821765512368389,,,
DANDENONG,Outer Metro,OTH,ALP+GRN+IND+LNP+ON,ideology prior,11,70114.0,0.17870986362561747,0.1388888888888889,0.11245081018518518,0.40983680555555557,0.20932964560645767,0.2207199170932339,0.3580296218309449,0.07044075671756878,0.10826910690804872,-0.051807183724610684,0.19299016203703706,0.10418590837286915,-0.08880425366416791,0.14583333333333331,0.10773490709649444,-0.03809842623683887,,,
ST ALBANS,Middle Ring,OTH,ALP+GRN+IND+LNP+ON,ideology prior,11,70114.0,0.17816081848672857,0.1388888888888889,0.1129998553240741,0.3819435763888889,0.20932964560645767,0.2207199170932339,0.3580296218309449,0.07044075671756878,0.10772006176915981,-0.023913954557943984,0.17379528356481483,0.10418590837286915,-0.06960937519194568,0.19237239583333332,0.10773490709649444,-0.08463748873683888,,,
BENTLEIGH,Middle Ring,OTH,ALP+GRN+IND+LNP+ON,ideology prior,11,70114.0,0.1777488334948266,0.1388888888888889,0.11341184031597605,0.3815588156037826,0.20932964560645767,0.2207199170932339,0.3580296218309449,0.07044075671756878,0.10730807677725786,-0.023529193772837687,0.1598987372695603,0.10418590837286915,-0.05571282889669116,0.20624171792179213,0.10773490709649444,-0.09850681082529769,,,
ESSENDON,Middle Ring,OTH,ALP+GRN+LNP+ON,full AEC row,20,185090.0,0.17762535106815752,,0.09582841981132076,0.44270047169811316,,0.21605795970335148,0.3474024373564115,,0.12022953989203072,-0.09529803434170164,0.1381132075471698,0.19550901872329665,0.057395811176126854,0.3233579009433962,0.24103058421694037,-0.08232731672645585,,,
YAN YEAN,Peri-urban,OTH,ALP+GRN+LNP+ON,ideology prior,20,185090.0,0.1775709537326974,,0.20091506806930692,0.5249733910891089,,0.21605795970335148,0.3474024373564115,,0.015142891634044559,-0.17757095373269738,0.15228295173267326,0.19550901872329665,0.043226066990623396,0.12182858910891088,0.24103058421694037,0.1192019951080295,,,
BENDIGO EAST,Provincial,ON,ALP+GRN+LNP,ideology prior,18,125152.0,0.17745375227373683,,0.7836032388663967,,,0.6061494865926599,,,-0.17745375227373683,,0.1632591093117409,0.1823300461494308,0.0190709368376899,0.05313765182186234,0.2115204672579093,0.15838281543604696,,,
BENDIGO WEST,Provincial,ON,ALP+GRN+LNP,ideology prior,18,125152.0,0.17745375227373683,,0.7836032388663967,,,0.6061494865926599,,,-0.17745375227373683,,0.1632591093117409,0.1823300461494308,0.0190709368376899,0.05313765182186234,0.2115204672579093,0.15838281543604696,,,
GEELONG,Provincial,ON,ALP+GRN+LNP,ideology prior,18,125152.0,0.17745375227373683,,0.7836032388663967,,,0.6061494865926599,,,-0.17745375227373683,,0.1632591093117409,0.1823300461494308,0.0190709368376899,0.05313765182186234,0.2115204672579093,0.15838281543604696,,,
MORWELL,Provincial,ON,ALP+GRN+LNP,ideology prior,18,125152.0,0.17745375227373683,,0.7836032388663967,,,0.6061494865926599,,,-0.17745375227373683,,0.1632591093117409,0.1823300461494308,0.0190709368376899,0.05313765182186234,0.2115204672579093,0.15838281543604696,,,
SHEPPARTON,Provincial,ON,ALP+GRN+LNP,ideology prior,18,125152.0,0.17745375227373683,,0.7836032388663967,,,0.6061494865926599,,,-0.17745375227373683,,0.1632591093117409,0.1823300461494308,0.0190709368376899,0.05313765182186234,0.2115204672579093,0.15838281543604696,,,
SOUTH BARWON,Provincial,ON,ALP+GRN+LNP,ideology prior,18,125152.0,0.17745375227373683,,0.7836032388663967,,,0.6061494865926599,,,-0.17745375227373683,,0.1632591093117409,0.1823300461494308,0.0190709368376899,0.05313765182186234,0.2115204672579093,0.15838281543604696,,,
WENDOUREE,Provincial,ON,ALP+GRN+LNP,ideology prior,18,125152.0,0.17745375227373683,,0.7836032388663967,,,0.6061494865926599,,,-0.17745375227373683,,0.1632591093117409,0.1823300461494308,0.0190709368376899,0.05313765182186234,0.2115204672579093,0.15838281543604696,,,
CARRUM,Peri-urban,GRN,ALP+LNP+ON,full AEC row,3,26609.0,0.1772643022285511,,0.3533962264150944,0.1509433962264151,,0.24282225391670564,0.08425306649625271,,-0.11057397249838874,-0.06669032973016238,0.4956603773584905,0.6729246795870416,0.1772643022285511,,,,,,
KALKALLO,Peri-urban,OTH,ALP+GRN+LNP+ON,ideology prior,20,185090.0,0.1771449017524994,,0.19700959158415843,0.5245473391089109,,0.21605795970335148,0.3474024373564115,,0.019048368119193054,-0.17714490175249942,0.15661448019801982,0.19550901872329665,0.03889453852527683,0.1218285891089109,0.24103058421694037,0.11920199510802948,,,
WARRANDYTE,Outer Metro,OTH,ALP+GRN+IND+LNP+ON,ideology prior,11,70114.0,0.17672852682006196,0.1388888888888889,0.11443214699074072,0.4085980902777778,0.20932964560645767,0.2207199170932339,0.3580296218309449,0.07044075671756878,0.10628777010249318,-0.05056846844683294,0.1464194155092593,0.10418590837286915,-0.04223350713639015,0.19166145833333334,0.10773490709649444,-0.0839265512368389,,,
ASHWOOD,Middle Ring,OTH,ALP+GRN+IND+LNP+ON,ideology prior,11,70114.0,0.1753439782089508,0.1388888888888889,0.11581669560185184,0.38164930555555554,0.20932964560645767,0.2207199170932339,0.3580296218309449,0.07044075671756878,0.10490322149138206,-0.02361968372461065,0.15232349537037038,0.10418590837286915,-0.04813758699750123,0.21132161458333332,0.10773490709649444,-0.10358670748683887,,,
IVANHOE,Middle ring,OTH,ALP+GRN+IND+LNP+ON,ideology prior,11,70114.0,0.17529623515339524,0.1388888888888889,0.1158644386574074,0.3818020833333333,0.20932964560645767,0.2207199170932339,0.3580296218309449,0.07044075671756878,0.1048554784358265,-0.02377246150238843,0.15677141203703704,0.10418590837286915,-0.05258550366416789,0.20667317708333333,0.10773490709649444,-0.09893826998683888,,,
CLARINDA,Middle Ring,OTH,ALP+GRN+IND+LNP+ON,full AEC row,11,70114.0,0.17513304059569845,0.26334345732093456,0.04558687649753543,0.44017794401115445,0.20932964560645767,0.2207199170932339,0.3580296218309449,-0.05401381171447689,0.17513304059569848,-0.08214832218020957,0.11436709338325426,0.10418590837286915,-0.010181185010385119,0.13652462878712127,0.10773490709649444,-0.028789721690626824,,,
BUNDOORA,Middle ring,OTH,ALP+GRN+IND+LNP+ON,ideology prior,11,70114.0,0.17324328376450632,0.1388888888888889,0.11791739004629631,0.3823177083333333,0.20932964560645767,0.2207199170932339,0.3580296218309449,0.07044075671756878,0.1028025270469376,-0.024288086502388395,0.16339033564814814,0.10418590837286915,-0.059204427275279,0.19748567708333334,0.10773490709649444,-0.0897507699868389,,,
BULLEEN,Middle ring,OTH,ALP+GRN+IND+LNP+ON,ideology prior,11,70114.0,0.17147679070895083,0.1388888888888889,0.11968388310185185,0.3825286458333333,0.20932964560645767,0.2207199170932339,0.3580296218309449,0.07044075671756878,0.10103603399138206,-0.024499024002388403,0.16198712384259265,0.10418590837286915,-0.0578012154697235,0.19691145833333334,0.10773490709649444,-0.0891765512368389,,,
CRANBOURNE,Outer Metro,OTH,ALP+GRN+IND+LNP+ON,ideology prior,11,70114.0,0.17147679070895083,0.1388888888888889,0.11968388310185185,0.41062586805555557,0.20932964560645767,0.2207199170932339,0.3580296218309449,0.07044075671756878,0.10103603399138206,-0.05259624622461068,0.1849680266203704,0.10418590837286915,-0.08078211824750126,0.14583333333333331,0.10773490709649444,-0.03809842623683887,,,
EUROA,Regional,OTH,ALP+GRN+IND+LNP+ON,ideology prior,11,70114.0,0.1711808561102316,0.14705882352941177,0.21299862132352942,0.5292104779411765,0.20932964560645767,0.2207199170932339,0.3580296218309449,0.0622708220770459,0.007721295769704484,-0.1711808561102316,0.07212913602941179,0.10418590837286915,0.03205677234345736,0.038602941176470576,0.10773490709649444,0.06913196592002387,,,
GIPPSLAND EAST,Regional,OTH,ALP+GRN+IND+LNP+ON,ideology prior,11,70114.0,0.1711146796396434,0.14705882352941177,0.2123920036764706,0.5291443014705883,0.20932964560645767,0.2207199170932339,0.3580296218309449,0.0622708220770459,0.00832791341676331,-0.17111467963964344,0.07280193014705884,0.10418590837286915,0.03138397822581031,0.038602941176470576,0.10773490709649444,0.06913196592002387,,,
NARRE WARREN SOUTH,Outer Metro,GRN,ALP+LNP+ON,ideology prior,3,26609.0,0.17084211507749586,,0.0719801388392098,0.1037507681428437,,0.24282225391670564,0.08425306649625271,,0.17084211507749586,-0.019497701646590995,0.8242690930179465,0.6729246795870416,-0.15134441343090488,,,,,,
NARRACAN,Regional,OTH,ALP+GRN+LNP+ON,ideology prior,20,185090.0,0.1707225626435885,,0.2126953125,0.5181250000000001,,0.21605795970335148,0.3474024373564115,,0.003362647203351471,-0.17072256264358854,0.1215234375,0.19550901872329665,0.07398558122329665,0.14765625000000002,0.24103058421694037,0.09337433421694036,,,
ASHWOOD,Middle Ring,ON,IND+LNP,ideology prior,1,7611.0,0.17048657761575825,0.19602997448979595,0.803970025510204,,0.3665165521055542,0.6334834478944458,,0.17048657761575828,-0.17048657761575825,,,,,,,,,,
BAYSWATER,Outer Metro,ON,IND+LNP,ideology prior,1,7611.0,0.17048657761575825,0.19602997448979595,0.803970025510204,,0.3665165521055542,0.6334834478944458,,0.17048657761575828,-0.17048657761575825,,,,,,,,,,
BENTLEIGH,Middle Ring,ON,IND+LNP,ideology prior,1,7611.0,0.17048657761575825,0.19602997448979595,0.803970025510204,,0.3665165521055542,0.6334834478944458,,0.17048657761575828,-0.17048657761575825,,,,,,,,,,
BOX HILL,Middle ring,ON,IND+LNP,ideology prior,1,7611.0,0.17048657761575825,0.19602997448979595,0.803970025510204,,0.3665165521055542,0.6334834478944458,,0.17048657761575828,-0.17048657761575825,,,,,,,,,,
BROADMEADOWS,Outer Metro,ON,IND+LNP,ideology prior,1,7611.0,0.17048657761575825,0.19602997448979595,0.803970025510204,,0.3665165521055542,0.6334834478944458,,0.17048657761575828,-0.17048657761575825,,,,,,,,,,
BULLEEN,Middle ring,ON,IND+LNP,ideology prior,1,7611.0,0.17048657761575825,0.19602997448979595,0.803970025510204,,0.3665165521055542,0.6334834478944458,,0.17048657761575828,-0.17048657761575825,,,,,,,,,,
BUNDOORA,Middle ring,ON,IND+LNP,ideology prior,1,7611.0,0.17048657761575825,0.19602997448979595,0.803970025510204,,0.3665165521055542,0.6334834478944458,,0.17048657761575828,-0.17048657761575825,,,,,,,,,,
CLARINDA,Middle Ring,ON,IND+LNP,ideology prior,1,7611.0,0.17048657761575825,0.19602997448979595,0.803970025510204,,0.3665165521055542,0.6334834478944458,,0.17048657761575828,-0.17048657761575825,,,,,,,,,,
CRANBOURNE,Outer Metro,ON,IND+LNP,ideology prior,1,7611.0,0.17048657761575825,0.19602997448979595,0.803970025510204,,0.3665165521055542,0.6334834478944458,,0.17048657761575828,-0.17048657761575825,,,,,,,,,,
CROYDON,Outer Metro,ON,IND+LNP,ideology prior,1,7611.0,0.17048657761575825,0.19602997448979595,0.803970025510204,,0.3665165521055542,0.6334834478944458,,0.17048657761575828,-0.17048657761575825,,,,,,,,,,
DANDENONG,Outer Metro,ON,IND+LNP,ideology prior,1,7611.0,0.17048657761575825,0.19602997448979595,0.803970025510204,,0.3665165521055542,0.6334834478944458,,0.17048657761575828,-0.17048657761575825,,,,,,,,,,
ELTHAM,Outer Metro,ON,IND+LNP,ideology prior,1,7611.0,0.17048657761575825,0.19602997448979595,0.803970025510204,,0.3665165521055542,0.6334834478944458,,0.17048657761575828,-0.17048657761575825,,,,,,,,,,
ESSENDON,Middle Ring,ON,IND+LNP,ideology prior,1,7611.0,0.17048657761575825,0.19602997448979595,0.803970025510204,,0.3665165521055542,0.6334834478944458,,0.17048657761575828,-0.17048657761575825,,,,,,,,,,
FRANKSTON,Outer Metro,ON,IND+LNP,ideology prior,1,7611.0,0.17048657761575825,0.19602997448979595,0.803970025510204,,0.3665165521055542,0.6334834478944458,,0.17048657761575828,-0.17048657761575825,,,,,,,,,,
GLEN WAVERLEY,Middle ring,ON,IND+LNP,ideology prior,1,7611.0,0.17048657761575825,0.19602997448979595,0.803970025510204,,0.3665165521055542,0.6334834478944458,,0.17048657761575828,-0.17048657761575825,,,,,,,,,,
GREENVALE,Outer Metro,ON,IND+LNP,ideology prior,1,7611.0,0.17048657761575825,0.19602997448979595,0.803970025510204,,0.3665165521055542,0.6334834478944458,,0.17048657761575828,-0.17048657761575825,,,,,,,,,,
IVANHOE,Middle ring,ON,IND+LNP,ideology prior,1,7611.0,0.17048657761575825,0.19602997448979595,0.803970025510204,,0.3665165521055542,0.6334834478944458,,0.17048657761575828,-0.17048657761575825,,,,,,,,,,
KOROROIT,Outer Metro,ON,IND+LNP,ideology prior,1,7611.0,0.17048657761575825,0.19602997448979595,0.803970025510204,,0.3665165521055542,0.6334834478944458,,0.17048657761575828,-0.17048657761575825,,,,,,,,,,
LAVERTON,Middle Ring,ON,IND+LNP,ideology prior,1,7611.0,0.17048657761575825,0.19602997448979595,0.803970025510204,,0.3665165521055542,0.6334834478944458,,0.17048657761575828,-0.17048657761575825,,,,,,,,,,
MILL PARK,Outer Metro,ON,IND+LNP,ideology prior,1,7611.0,0.17048657761575825,0.19602997448979595,0.803970025510204,,0.3665165521055542,0.6334834478944458,,0.17048657761575828,-0.17048657761575825,,,,,,,,,,
MORDIALLOC,Middle Ring,ON,IND+LNP,ideology prior,1,7611.0,0.17048657761575825,0.19602997448979595,0.803970025510204,,0.3665165521055542,0.6334834478944458,,0.17048657761575828,-0.17048657761575825,,,,,,,,,,
MULGRAVE,Middle Ring,ON,IND+LNP,ideology prior,1,7611.0,0.17048657761575825,0.19602997448979595,0.803970025510204,,0.3665165521055542,0.6334834478944458,,0.17048657761575828,-0.17048657761575825,,,,,,,,,,
NARRE WARREN NORTH,Outer Metro,ON,IND+LNP,ideology prior,1,7611.0,0.17048657761575825,0.19602997448979595,0.803970025510204,,0.3665165521055542,0.6334834478944458,,0.17048657761575828,-0.17048657761575825,,,,,,,,,,
NARRE WARREN SOUTH,Outer Metro,ON,IND+LNP,ideology prior,1,7611.0,0.17048657761575825,0.19602997448979595,0.803970025510204,,0.3665165521055542,0.6334834478944458,,0.17048657761575828,-0.17048657761575825,,,,,,,,,,
NIDDRIE,Middle Ring,ON,IND+LNP,ideology prior,1,7611.0,0.17048657761575825,0.19602997448979595,0.803970025510204,,0.3665165521055542,0.6334834478944458,,0.17048657761575828,-0.17048657761575825,,,,,,,,,,
OAKLEIGH,Middle Ring,ON,IND+LNP,ideology prior,1,7611.0,0.17048657761575825,0.19602997448979595,0.803970025510204,,0.3665165521055542,0.6334834478944458,,0.17048657761575828,-0.17048657761575825,,,,,,,,,,
PASCOE VALE,Middle Ring,ON,IND+LNP,ideology prior,1,7611.0,0.17048657761575825,0.19602997448979595,0.803970025510204,,0.3665165521055542,0.6334834478944458,,0.17048657761575828,-0.17048657761575825,,,,,,,,,,
POINT COOK,Outer Metro,ON,IND+LNP,ideology prior,1,7611.0,0.17048657761575825,0.19602997448979595,0.803970025510204,,0.3665165521055542,0.6334834478944458,,0.17048657761575828,-0.17048657761575825,,,,,,,,,,
PRESTON,Middle Ring,ON,IND+LNP,ideology prior,1,7611.0,0.17048657761575825,0.19602997448979595,0.803970025510204,,0.3665165521055542,0.6334834478944458,,0.17048657761575828,-0.17048657761575825,,,,,,,,,,
RINGWOOD,Outer Metro,ON,IND+LNP,ideology prior,1,7611.0,0.17048657761575825,0.19602997448979595,0.803970025510204,,0.3665165521055542,0.6334834478944458,,0.17048657761575828,-0.17048657761575825,,,,,,,,,,
ROWVILLE,Outer Metro,ON,IND+LNP,ideology prior,1,7611.0,0.17048657761575825,0.19602997448979595,0.803970025510204,,0.3665165521055542,0.6334834478944458,,0.17048657761575828,-0.17048657761575825,,,,,,,,,,
SANDRINGHAM,Middle Ring,ON,IND+LNP,ideology prior,1,7611.0,0.17048657761575825,0.19602997448979595,0.803970025510204,,0.3665165521055542,0.6334834478944458,,0.17048657761575828,-0.17048657761575825,,,,,,,,,,
ST ALBANS,Middle Ring,ON,IND+LNP,ideology prior,1,7611.0,0.17048657761575825,0.19602997448979595,0.803970025510204,,0.3665165521055542,0.6334834478944458,,0.17048657761575828,-0.17048657761575825,,,,,,,,,,
SYDENHAM,Outer Metro,ON,IND+LNP,ideology prior,1,7611.0,0.17048657761575825,0.19602997448979595,0.803970025510204,,0.3665165521055542,0.6334834478944458,,0.17048657761575828,-0.17048657761575825,,,,,,,,,,
TARNEIT,Outer Metro,ON,IND+LNP,ideology prior,1,7611.0,0.17048657761575825,0.19602997448979595,0.803970025510204,,0.3665165521055542,0.6334834478944458,,0.17048657761575828,-0.17048657761575825,,,,,,,,,,
THOMASTOWN,Outer Metro,ON,IND+LNP,ideology prior,1,7611.0,0.17048657761575825,0.19602997448979595,0.803970025510204,,0.3665165521055542,0.6334834478944458,,0.17048657761575828,-0.17048657761575825,,,,,,,,,,
WARRANDYTE,Outer Metro,ON,IND+LNP,ideology prior,1,7611.0,0.17048657761575825,0.19602997448979595,0.803970025510204,,0.3665165521055542,0.6334834478944458,,0.17048657761575828,-0.17048657761575825,,,,,,,,,,
MILDURA,Regional,OTH,ALP+GRN+IND+LNP+ON,ideology prior,11,70114.0,0.17044923846317284,0.17810661764705882,0.20154871323529414,0.5284788602941177,0.20932964560645767,0.2207199170932339,0.3580296218309449,0.031223027959398852,0.019171203857939773,-0.17044923846317284,0.05326286764705883,0.10418590837286915,0.05092304072581032,0.038602941176470576,0.10773490709649444,0.06913196592002387,,,
MURRAY PLAINS,Regional,OTH,ALP+GRN+IND+LNP+ON,ideology prior,11,70114.0,0.1700282825808199,0.14705882352941177,0.20243336397058823,0.5280579044117648,0.20932964560645767,0.2207199170932339,0.3580296218309449,0.0622708220770459,0.018286553122645682,-0.17002828258081992,0.08384696691176473,0.10418590837286915,0.020338941461104418,0.038602941176470576,0.10773490709649444,0.06913196592002387,,,
BOX HILL,Middle ring,OTH,ALP+GRN+IND+LNP+ON,ideology prior,11,70114.0,0.16977494582828218,0.1388888888888889,0.1213857279825205,0.38280546804680465,0.20932964560645767,0.2207199170932339,0.3580296218309449,0.07044075671756878,0.09933418911071341,-0.024775846215859765,0.16254657149742754,0.10418590837286915,-0.0583606631245584,0.19437334358435843,0.10773490709649444,-0.08663843648786398,,,
OVENS VALLEY,Regional,OTH,ALP+GRN+IND+LNP+ON,ideology prior,11,70114.0,0.16974703258081988,0.14705882352941177,0.20625000000000002,0.5277766544117648,0.20932964560645767,0.2207199170932339,0.3580296218309449,0.0622708220770459,0.014469917093233892,-0.1697470325808199,0.058336856617647065,0.10418590837286915,0.04584905175522208,0.060577665441176445,0.10773490709649444,0.047157241655318,,,
BASS,Regional,OTH,ALP+GRN+IND+LNP+ON,ideology prior,11,70114.0,0.16943268322308994,0.14705882352941177,0.2038552890215492,0.5274623050540348,0.20932964560645767,0.2207199170932339,0.3580296218309449,0.0622708220770459,0.016864628071684706,-0.1694326832230899,0.058843131555802654,0.10418590837286915,0.04534277681706649,0.06278045083920157,0.10773490709649444,0.04495445625729287,,,
RIPON,Regional,OTH,ALP+GRN+IND+LNP+ON,ideology prior,11,70114.0,0.16872129728670227,0.14705882352941177,0.19045266544117648,0.5267509191176472,0.20932964560645767,0.2207199170932339,0.3580296218309449,0.0622708220770459,0.03026725165205743,-0.16872129728670227,0.0971346507352941,0.10418590837286915,0.00705125763757504,0.038602941176470576,0.10773490709649444,0.06913196592002387,,,
DANDENONG,Outer Metro,GRN,ALP+LNP+ON,ideology prior,3,26609.0,0.16829836379690288,,0.0745238901198028,0.10264248886360032,,0.24282225391670564,0.08425306649625271,,0.16829836379690283,-0.018389422367347613,0.822833621016597,0.6729246795870416,-0.14990894142955535,,,,,,
MACEDON,Regional,OTH,ALP+GRN+IND+LNP+ON,ideology prior,11,70114.0,0.167514495816114,0.14705882352941177,0.18886029411764707,0.5255441176470589,0.20932964560645767,0.2207199170932339,0.3580296218309449,0.0622708220770459,0.03185962297558684,-0.167514495816114,0.06739154411764706,0.10418590837286915,0.03679436425522209,0.07114522058823528,0.10773490709649444,0.03658968650825917,,,
EILDON,Regional,OTH,ALP+GRN+IND+LNP+ON,ideology prior,11,70114.0,0.16738765758081986,0.14705882352941177,0.18956801470588236,0.5254172794117647,0.20932964560645767,0.2207199170932339,0.3580296218309449,0.0622708220770459,0.03115190238735155,-0.16738765758081986,0.06038327205882353,0.10418590837286915,0.043802636314045615,0.07757261029411765,0.10773490709649444,0.030162296802376795,,,
MILL PARK,Outer Metro,GRN,ALP+LNP+ON,ideology prior,3,26609.0,0.16731675849030384,,0.07550549542640185,0.1016731783281958,,0.24282225391670564,0.08425306649625271,,0.1673167584903038,-0.0174201118319431,0.8228213262454024,0.6729246795870416,-0.14989664665836078,,,,,,
EUREKA,Regional,OTH,ALP+GRN+IND+LNP+ON,ideology prior,11,70114.0,0.1667819590514081,0.14705882352941177,0.1836029411764706,0.524811580882353,0.20932964560645767,0.2207199170932339,0.3580296218309449,0.0622708220770459,0.0371169759167633,-0.16678195905140814,0.06837270220588237,0.10418590837286915,0.03581320616698677,0.07615395220588235,0.10773490709649444,0.03158095489061209,,,
ASHWOOD,Middle Ring,ON,ALP+GRN+IND+LNP,ideology prior,8,25658.0,0.16671529661332543,0.11431623931623933,0.5764779202279202,,0.2810315359295647,0.5726899014025834,,0.16671529661332538,-0.0037880188253368585,,0.20178952991452995,0.0813531784874851,-0.12043635142704484,0.10741631054131057,0.0649253841803668,-0.04249092636094377,,,
BAYSWATER,Outer Metro,ON,ALP+GRN+IND+LNP,ideology prior,8,25658.0,0.16671529661332543,0.11431623931623933,0.5764779202279202,,0.2810315359295647,0.5726899014025834,,0.16671529661332538,-0.0037880188253368585,,0.20178952991452995,0.0813531784874851,-0.12043635142704484,0.10741631054131057,0.0649253841803668,-0.04249092636094377,,,
BENTLEIGH,Middle Ring,ON,ALP+GRN+IND+LNP,ideology prior,8,25658.0,0.16671529661332543,0.11431623931623933,0.5764779202279202,,0.2810315359295647,0.5726899014025834,,0.16671529661332538,-0.0037880188253368585,,0.20178952991452995,0.0813531784874851,-0.12043635142704484,0.10741631054131057,0.0649253841803668,-0.04249092636094377,,,
BOX HILL,Middle ring,ON,ALP+GRN+IND+LNP,ideology prior,8,25658.0,0.16671529661332543,0.11431623931623933,0.5764779202279202,,0.2810315359295647,0.5726899014025834,,0.16671529661332538,-0.0037880188253368585,,0.20178952991452995,0.0813531784874851,-0.12043635142704484,0.10741631054131057,0.0649253841803668,-0.04249092636094377,,,
BROADMEADOWS,Outer Metro,ON,ALP+GRN+IND+LNP,ideology prior,8,25658.0,0.16671529661332543,0.11431623931623933,0.5764779202279202,,0.2810315359295647,0.5726899014025834,,0.16671529661332538,-0.0037880188253368585,,0.20178952991452995,0.0813531784874851,-0.12043635142704484,0.10741631054131057,0.0649253841803668,-0.04249092636094377,,,
BULLEEN,Middle ring,ON,ALP+GRN+IND+LNP,ideology prior,8,25658.0,0.16671529661332543,0.11431623931623933,0.5764779202279202,,0.2810315359295647,0.5726899014025834,,0.16671529661332538,-0.0037880188253368585,,0.20178952991452995,0.0813531784874851,-0.12043635142704484,0.10741631054131057,0.0649253841803668,-0.04249092636094377,,,
BUNDOORA,Middle ring,ON,ALP+GRN+IND+LNP,ideology prior,8,25658.0,0.16671529661332543,0.11431623931623933,0.5764779202279202,,0.2810315359295647,0.5726899014025834,,0.16671529661332538,-0.0037880188253368585,,0.20178952991452995,0.0813531784874851,-0.12043635142704484,0.10741631054131057,0.0649253841803668,-0.04249092636094377,,,
CLARINDA,Middle Ring,ON,ALP+GRN+IND+LNP,ideology prior,8,25658.0,0.16671529661332543,0.11431623931623933,0.5764779202279202,,0.2810315359295647,0.5726899014025834,,0.16671529661332538,-0.0037880188253368585,,0.20178952991452995,0.0813531784874851,-0.12043635142704484,0.10741631054131057,0.0649253841803668,-0.04249092636094377,,,
CRANBOURNE,Outer Metro,ON,ALP+GRN+IND+LNP,ideology prior,8,25658.0,0.16671529661332543,0.11431623931623933,0.5764779202279202,,0.2810315359295647,0.5726899014025834,,0.16671529661332538,-0.0037880188253368585,,0.20178952991452995,0.0813531784874851,-0.12043635142704484,0.10741631054131057,0.0649253841803668,-0.04249092636094377,,,
CROYDON,Outer Metro,ON,ALP+GRN+IND+LNP,ideology prior,8,25658.0,0.16671529661332543,0.11431623931623933,0.5764779202279202,,0.2810315359295647,0.5726899014025834,,0.16671529661332538,-0.0037880188253368585,,0.20178952991452995,0.0813531784874851,-0.12043635142704484,0.10741631054131057,0.0649253841803668,-0.04249092636094377,,,
DANDENONG,Outer Metro,ON,ALP+GRN+IND+LNP,ideology prior,8,25658.0,0.16671529661332543,0.11431623931623933,0.5764779202279202,,0.2810315359295647,0.5726899014025834,,0.16671529661332538,-0.0037880188253368585,,0.20178952991452995,0.0813531784874851,-0.12043635142704484,0.10741631054131057,0.0649253841803668,-0.04249092636094377,,,
ELTHAM,Outer Metro,ON,ALP+GRN+IND+LNP,ideology prior,8,25658.0,0.16671529661332543,0.11431623931623933,0.5764779202279202,,0.2810315359295647,0.5726899014025834,,0.16671529661332538,-0.0037880188253368585,,0.20178952991452995,0.0813531784874851,-0.12043635142704484,0.10741631054131057,0.0649253841803668,-0.04249092636094377,,,
ESSENDON,Middle Ring,ON,ALP+GRN+IND+LNP,ideology prior,8,25658.0,0.16671529661332543,0.11431623931623933,0.5764779202279202,,0.2810315359295647,0.5726899014025834,,0.16671529661332538,-0.0037880188253368585,,0.20178952991452995,0.0813531784874851,-0.12043635142704484,0.10741631054131057,0.0649253841803668,-0.04249092636094377,,,
FRANKSTON,Outer Metro,ON,ALP+GRN+IND+LNP,ideology prior,8,25658.0,0.16671529661332543,0.11431623931623933,0.5764779202279202,,0.2810315359295647,0.5726899014025834,,0.16671529661332538,-0.0037880188253368585,,0.20178952991452995,0.0813531784874851,-0.12043635142704484,0.10741631054131057,0.0649253841803668,-0.04249092636094377,,,
GLEN WAVERLEY,Middle ring,ON,ALP+GRN+IND+LNP,ideology prior,8,25658.0,0.16671529661332543,0.11431623931623933,0.5764779202279202,,0.2810315359295647,0.5726899014025834,,0.16671529661332538,-0.0037880188253368585,,0.20178952991452995,0.0813531784874851,-0.12043635142704484,0.10741631054131057,0.0649253841803668,-0.04249092636094377,,,
GREENVALE,Outer Metro,ON,ALP+GRN+IND+LNP,ideology prior,8,25658.0,0.16671529661332543,0.11431623931623933,0.5764779202279202,,0.2810315359295647,0.5726899014025834,,0.16671529661332538,-0.0037880188253368585,,0.20178952991452995,0.0813531784874851,-0.12043635142704484,0.10741631054131057,0.0649253841803668,-0.04249092636094377,,,
IVANHOE,Middle ring,ON,ALP+GRN+IND+LNP,ideology prior,8,25658.0,0.16671529661332543,0.11431623931623933,0.5764779202279202,,0.2810315359295647,0.5726899014025834,,0.16671529661332538,-0.0037880188253368585,,0.20178952991452995,0.0813531784874851,-0.12043635142704484,0.10741631054131057,0.0649253841803668,-0.04249092636094377,,,
KOROROIT,Outer Metro,ON,ALP+GRN+IND+LNP,ideology prior,8,25658.0,0.16671529661332543,0.11431623931623933,0.5764779202279202,,0.2810315359295647,0.5726899014025834,,0.16671529661332538,-0.0037880188253368585,,0.20178952991452995,0.0813531784874851,-0.12043635142704484,0.10741631054131057,0.0649253841803668,-0.04249092636094377,,,
LAVERTON,Middle Ring,ON,ALP+GRN+IND+LNP,ideology prior,8,25658.0,0.16671529661332543,0.11431623931623933,0.5764779202279202,,0.2810315359295647,0.5726899014025834,,0.16671529661332538,-0.0037880188253368585,,0.20178952991452995,0.0813531784874851,-0.12043635142704484,0.10741631054131057,0.0649253841803668,-0.04249092636094377,,,
MILL PARK,Outer Metro,ON,ALP+GRN+IND+LNP,ideology prior,8,25658.0,0.16671529661332543,0.11431623931623933,0.5764779202279202,,0.2810315359295647,0.5726899014025834,,0.16671529661332538,-0.0037880188253368585,,0.20178952991452995,0.0813531784874851,-0.12043635142704484,0.10741631054131057,0.0649253841803668,-0.04249092636094377,,,
MORDIALLOC,Middle Ring,ON,ALP+GRN+IND+LNP,ideology prior,8,25658.0,0.16671529661332543,0.11431623931623933,0.5764779202279202,,0.2810315359295647,0.5726899014025834,,0.16671529661332538,-0.0037880188253368585,,0.20178952991452995,0.0813531784874851,-0.12043635142704484,0.10741631054131057,0.0649253841803668,-0.04249092636094377,,,
MULGRAVE,Middle Ring,ON,ALP+GRN+IND+LNP,ideology prior,8,25658.0,0.16671529661332543,0.11431623931623933,0.5764779202279202,,0.2810315359295647,0.5726899014025834,,0.16671529661332538,-0.0037880188253368585,,0.20178952991452995,0.0813531784874851,-0.12043635142704484,0.10741631054131057,0.0649253841803668,-0.04249092636094377,,,
NARRE WARREN NORTH,Outer Metro,ON,ALP+GRN+IND+LNP,ideology prior,8,25658.0,0.16671529661332543,0.11431623931623933,0.5764779202279202,,0.2810315359295647,0.5726899014025834,,0.16671529661332538,-0.0037880188253368585,,0.20178952991452995,0.0813531784874851,-0.12043635142704484,0.10741631054131057,0.0649253841803668,-0.04249092636094377,,,
NARRE WARREN SOUTH,Outer Metro,ON,ALP+GRN+IND+LNP,ideology prior,8,25658.0,0.16671529661332543,0.11431623931623933,0.5764779202279202,,0.2810315359295647,0.5726899014025834,,0.16671529661332538,-0.0037880188253368585,,0.20178952991452995,0.0813531784874851,-0.12043635142704484,0.10741631054131057,0.0649253841803668,-0.04249092636094377,,,
NIDDRIE,Middle Ring,ON,ALP+GRN+IND+LNP,ideology prior,8,25658.0,0.16671529661332543,0.11431623931623933,0.5764779202279202,,0.2810315359295647,0.5726899014025834,,0.16671529661332538,-0.0037880188253368585,,0.20178952991452995,0.0813531784874851,-0.12043635142704484,0.10741631054131057,0.0649253841803668,-0.04249092636094377,,,
OAKLEIGH,Middle Ring,ON,ALP+GRN+IND+LNP,ideology prior,8,25658.0,0.16671529661332543,0.11431623931623933,0.5764779202279202,,0.2810315359295647,0.5726899014025834,,0.16671529661332538,-0.0037880188253368585,,0.20178952991452995,0.0813531784874851,-0.12043635142704484,0.10741631054131057,0.0649253841803668,-0.04249092636094377,,,
PASCOE VALE,Middle Ring,ON,ALP+GRN+IND+LNP,ideology prior,8,25658.0,0.16671529661332543,0.11431623931623933,0.5764779202279202,,0.2810315359295647,0.5726899014025834,,0.16671529661332538,-0.0037880188253368585,,0.20178952991452995,0.0813531784874851,-0.12043635142704484,0.10741631054131057,0.0649253841803668,-0.04249092636094377,,,
POINT COOK,Outer Metro,ON,ALP+GRN+IND+LNP,ideology prior,8,25658.0,0.16671529661332543,0.11431623931623933,0.5764779202279202,,0.2810315359295647,0.5726899014025834,,0.16671529661332538,-0.0037880188253368585,,0.20178952991452995,0.0813531784874851,-0.12043635142704484,0.10741631054131057,0.0649253841803668,-0.04249092636094377,,,
PRESTON,Middle Ring,ON,ALP+GRN+IND+LNP,ideology prior,8,25658.0,0.16671529661332543,0.11431623931623933,0.5764779202279202,,0.2810315359295647,0.5726899014025834,,0.16671529661332538,-0.0037880188253368585,,0.20178952991452995,0.0813531784874851,-0.12043635142704484,0.10741631054131057,0.0649253841803668,-0.04249092636094377,,,
RINGWOOD,Outer Metro,ON,ALP+GRN+IND+LNP,ideology prior,8,25658.0,0.16671529661332543,0.11431623931623933,0.5764779202279202,,0.2810315359295647,0.5726899014025834,,0.16671529661332538,-0.0037880188253368585,,0.20178952991452995,0.0813531784874851,-0.12043635142704484,0.10741631054131057,0.0649253841803668,-0.04249092636094377,,,
ROWVILLE,Outer Metro,ON,ALP+GRN+IND+LNP,ideology prior,8,25658.0,0.16671529661332543,0.11431623931623933,0.5764779202279202,,0.2810315359295647,0.5726899014025834,,0.16671529661332538,-0.0037880188253368585,,0.20178952991452995,0.0813531784874851,-0.12043635142704484,0.10741631054131057,0.0649253841803668,-0.04249092636094377,,,
SANDRINGHAM,Middle Ring,ON,ALP+GRN+IND+LNP,ideology prior,8,25658.0,0.16671529661332543,0.11431623931623933,0.5764779202279202,,0.2810315359295647,0.5726899014025834,,0.16671529661332538,-0.0037880188253368585,,0.20178952991452995,0.0813531784874851,-0.12043635142704484,0.10741631054131057,0.0649253841803668,-0.04249092636094377,,,
ST ALBANS,Middle Ring,ON,ALP+GRN+IND+LNP,ideology prior,8,25658.0,0.16671529661332543,0.11431623931623933,0.5764779202279202,,0.2810315359295647,0.5726899014025834,,0.16671529661332538,-0.0037880188253368585,,0.20178952991452995,0.0813531784874851,-0.12043635142704484,0.10741631054131057,0.0649253841803668,-0.04249092636094377,,,
SYDENHAM,Outer Metro,ON,ALP+GRN+IND+LNP,ideology prior,8,25658.0,0.16671529661332543,0.11431623931623933,0.5764779202279202,,0.2810315359295647,0.5726899014025834,,0.16671529661332538,-0.0037880188253368585,,0.20178952991452995,0.0813531784874851,-0.12043635142704484,0.10741631054131057,0.0649253841803668,-0.04249092636094377,,,
TARNEIT,Outer Metro,ON,ALP+GRN+IND+LNP,ideology prior,8,25658.0,0.16671529661332543,0.11431623931623933,0.5764779202279202,,0.2810315359295647,0.5726899014025834,,0.16671529661332538,-0.0037880188253368585,,0.20178952991452995,0.0813531784874851,-0.12043635142704484,0.10741631054131057,0.0649253841803668,-0.04249092636094377,,,
THOMASTOWN,Outer Metro,ON,ALP+GRN+IND+LNP,ideology prior,8,25658.0,0.16671529661332543,0.11431623931623933,0.5764779202279202,,0.2810315359295647,0.5726899014025834,,0.16671529661332538,-0.0037880188253368585,,0.20178952991452995,0.0813531784874851,-0.12043635142704484,0.10741631054131057,0.0649253841803668,-0.04249092636094377,,,
WARRANDYTE,Outer Metro,ON,ALP+GRN+IND+LNP,ideology prior,8,25658.0,0.16671529661332543,0.11431623931623933,0.5764779202279202,,0.2810315359295647,0.5726899014025834,,0.16671529661332538,-0.0037880188253368585,,0.20178952991452995,0.0813531784874851,-0.12043635142704484,0.10741631054131057,0.0649253841803668,-0.04249092636094377,,,
HASTINGS,Regional,OTH,ALP+GRN+IND+LNP+ON,ideology prior,11,70114.0,0.16657515758081987,0.14705882352941177,0.18274356617647058,0.5246047794117648,0.20932964560645767,0.2207199170932339,0.3580296218309449,0.0622708220770459,0.037976350916763324,-0.16657515758081987,0.0658777573529412,0.10418590837286915,0.03830815101992795,0.07971507352941176,0.10773490709649444,0.02801983356708268,,,
FRANKSTON,Outer Metro,OTH,ALP+GRN+IND+LNP+ON,ideology prior,11,70114.0,0.16648764140339528,0.1388888888888889,0.1246730324074074,0.4111701388888889,0.20932964560645767,0.2207199170932339,0.3580296218309449,0.07044075671756878,0.0960468846858265,-0.05314051705794404,0.17943460648148152,0.10418590837286915,-0.07524869810861237,0.14583333333333331,0.10773490709649444,-0.03809842623683887,,,
NARRE WARREN NORTH,Outer Metro,OTH,ALP+GRN+IND+LNP+ON,ideology prior,11,70114.0,0.16550890876450639,0.1388888888888889,0.1256517650462963,0.41127690972222225,0.20932964560645767,0.2207199170932339,0.3580296218309449,0.07044075671756878,0.09506815204693761,-0.05324728789127736,0.1783491030092593,0.10418590837286915,-0.07416319463639015,0.14583333333333331,0.10773490709649444,-0.03809842623683887,,,
OAKLEIGH,Middle Ring,OTH,ALP+GRN+IND+LNP+ON,full AEC row,11,70114.0,0.16289577199848665,0.18871527777777777,0.07981047453703702,0.44108217592592597,0.20932964560645767,0.2207199170932339,0.3580296218309449,0.020614367828679897,0.1409094425561969,-0.08305255409498108,0.10281394675925927,0.10418590837286915,0.0013719616136098761,0.187578125,0.10773490709649444,-0.07984321790350557,,,
BERWICK,Peri-urban,GRN,ALP+LNP+ON,full AEC row,3,26609.0,0.16150958524741899,,0.33764150943396226,0.1509433962264151,,0.24282225391670564,0.08425306649625271,,-0.09481925551725662,-0.06669032973016238,0.5114150943396226,0.6729246795870416,0.16150958524741899,,,,,,
NARRE WARREN SOUTH,Outer Metro,OTH,ALP+GRN+IND+LNP+ON,ideology prior,11,70114.0,0.16125977682006193,0.1388888888888889,0.12990089699074076,0.41174045138888893,0.20932964560645767,0.2207199170932339,0.3580296218309449,0.07044075671756878,0.09081902010249315,-0.05371082955794404,0.1736364293981482,0.10418590837286915,-0.06945052102527904,0.14583333333333331,0.10773490709649444,-0.03809842623683887,,,
MILL PARK,Outer Metro,OTH,ALP+GRN+IND+LNP+ON,ideology prior,11,70114.0,0.16004232890339526,0.1388888888888889,0.13111834490740742,0.4118732638888889,0.20932964560645767,0.2207199170932339,0.3580296218309449,0.07044075671756878,0.08960157218582648,-0.05384364205794401,0.1722861689814815,0.10418590837286915,-0.06810026060861235,0.14583333333333331,0.10773490709649444,-0.03809842623683887,,,
KOROROIT,Outer Metro,OTH,ALP+GRN+LNP+ON,ideology prior,20,185090.0,0.15885004156180133,,0.11715064858490565,0.4607827240566038,,0.21605795970335148,0.3474024373564115,,0.09890731111844583,-0.11338028670019229,0.2409787735849057,0.19550901872329665,-0.045469754861609035,0.1810878537735849,0.24103058421694037,0.05994273044335546,,,
BELLARINE,Peri-urban,ON,ALP+GRN+LNP+OTH,ideology prior,6,24739.0,0.15851037385386316,,0.675494577798835,,,0.5169842039449719,,,-0.15851037385386313,,0.09596058881129549,0.15816098284623026,0.06220039403493477,0.004984071683316414,0.08031902329412052,0.07533495161080411,0.2235607617065531,0.2445357899146774,0.020975028208124302
BERWICK,Peri-urban,ON,ALP+GRN+LNP+OTH,ideology prior,6,24739.0,0.15851037385386316,,0.675494577798835,,,0.5169842039449719,,,-0.15851037385386313,,0.09596058881129549,0.15816098284623026,0.06220039403493477,0.004984071683316414,0.08031902329412052,0.07533495161080411,0.2235607617065531,0.2445357899146774,0.020975028208124302
CARRUM,Peri-urban,ON,ALP+GRN+LNP+OTH,ideology prior,6,24739.0,0.15851037385386316,,0.675494577798835,,,0.5169842039449719,,,-0.15851037385386313,,0.09596058881129549,0.15816098284623026,0.06220039403493477,0.004984071683316414,0.08031902329412052,0.07533495161080411,0.2235607617065531,0.2445357899146774,0.020975028208124302
EVELYN,Peri-urban,ON,ALP+GRN+LNP+OTH,ideology prior,6,24739.0,0.15851037385386316,,0.675494577798835,,,0.5169842039449719,,,-0.15851037385386313,,0.09596058881129549,0.15816098284623026,0.06220039403493477,0.004984071683316414,0.08031902329412052,0.07533495161080411,0.2235607617065531,0.2445357899146774,0.020975028208124302
KALKALLO,Peri-urban,ON,ALP+GRN+LNP+OTH,ideology prior,6,24739.0,0.15851037385386316,,0.675494577798835,,,0.5169842039449719,,,-0.15851037385386313,,0.09596058881129549,0.15816098284623026,0.06220039403493477,0.004984071683316414,0.08031902329412052,0.07533495161080411,0.2235607617065531,0.2445357899146774,0.020975028208124302
LARA,Peri-urban,ON,ALP+GRN+LNP+OTH,ideology prior,6,24739.0,0.15851037385386316,,0.675494577798835,,,0.5169842039449719,,,-0.15851037385386313,,0.09596058881129549,0.15816098284623026,0.06220039403493477,0.004984071683316414,0.08031902329412052,0.07533495161080411,0.2235607617065531,0.2445357899146774,0.020975028208124302
MELTON,Peri-urban,ON,ALP+GRN+LNP+OTH,ideology prior,6,24739.0,0.15851037385386316,,0.675494577798835,,,0.5169842039449719,,,-0.15851037385386313,,0.09596058881129549,0.15816098284623026,0.06220039403493477,0.004984071683316414,0.08031902329412052,0.07533495161080411,0.2235607617065531,0.2445357899146774,0.020975028208124302
MONBULK,Peri-urban,ON,ALP+GRN+LNP+OTH,ideology prior,6,24739.0,0.15851037385386316,,0.675494577798835,,,0.5169842039449719,,,-0.15851037385386313,,0.09596058881129549,0.15816098284623026,0.06220039403493477,0.004984071683316414,0.08031902329412052,0.07533495161080411,0.2235607617065531,0.2445357899146774,0.020975028208124302
MORNINGTON,Peri-urban,ON,ALP+GRN+LNP+OTH,ideology prior,6,24739.0,0.15851037385386316,,0.675494577798835,,,0.5169842039449719,,,-0.15851037385386313,,0.09596058881129549,0.15816098284623026,0.06220039403493477,0.004984071683316414,0.08031902329412052,0.07533495161080411,0.2235607617065531,0.2445357899146774,0.020975028208124302
NEPEAN,Peri-urban,ON,ALP+GRN+LNP+OTH,ideology prior,6,24739.0,0.15851037385386316,,0.675494577798835,,,0.5169842039449719,,,-0.15851037385386313,,0.09596058881129549,0.15816098284623026,0.06220039403493477,0.004984071683316414,0.08031902329412052,0.07533495161080411,0.2235607617065531,0.2445357899146774,0.020975028208124302
PAKENHAM,Peri-urban,ON,ALP+GRN+LNP+OTH,ideology prior,6,24739.0,0.15851037385386316,,0.675494577798835,,,0.5169842039449719,,,-0.15851037385386313,,0.09596058881129549,0.15816098284623026,0.06220039403493477,0.004984071683316414,0.08031902329412052,0.07533495161080411,0.2235607617065531,0.2445357899146774,0.020975028208124302
SUNBURY,Peri-urban,ON,ALP+GRN+LNP+OTH,ideology prior,6,24739.0,0.15851037385386316,,0.675494577798835,,,0.5169842039449719,,,-0.15851037385386313,,0.09596058881129549,0.15816098284623026,0.06220039403493477,0.004984071683316414,0.08031902329412052,0.07533495161080411,0.2235607617065531,0.2445357899146774,0.020975028208124302
WERRIBEE,Peri-urban,ON,ALP+GRN+LNP+OTH,ideology prior,6,24739.0,0.15851037385386316,,0.675494577798835,,,0.5169842039449719,,,-0.15851037385386313,,0.09596058881129549,0.15816098284623026,0.06220039403493477,0.004984071683316414,0.08031902329412052,0.07533495161080411,0.2235607617065531,0.2445357899146774,0.020975028208124302
YAN YEAN,Peri-urban,ON,ALP+GRN+LNP+OTH,ideology prior,6,24739.0,0.15851037385386316,,0.675494577798835,,,0.5169842039449719,,,-0.15851037385386313,,0.09596058881129549,0.15816098284623026,0.06220039403493477,0.004984071683316414,0.08031902329412052,0.07533495161080411,0.2235607617065531,0.2445357899146774,0.020975028208124302
SOUTH-WEST COAST,Regional,GRN,ALP+IND+LNP+ON,full AEC row,3,12328.0,0.15838515593900665,0.3921,0.11710000000000001,0.1,0.5504851559390067,0.06317396976104211,0.08655118023181911,0.1583851559390067,-0.053926030238957895,-0.013448819768180895,0.3908,0.29978969406813216,-0.09101030593186782,,,,,,
ROWVILLE,Outer Metro,GRN,ALP+LNP+ON,ideology prior,3,26609.0,0.15830749037001354,,0.0845147635466921,0.09958261349543723,,0.24282225391670564,0.08425306649625271,,0.15830749037001354,-0.015329546999184526,0.8159026229578706,0.6729246795870416,-0.14297794337082903,,,,,,
MORDIALLOC,Middle Ring,OTH,ALP+GRN+IND+LNP+ON,full AEC row,11,70114.0,0.1577786555191598,0.22074652777777778,0.06294126157407408,0.44070746527777777,0.20932964560645767,0.2207199170932339,0.3580296218309449,-0.011416882171320114,0.15777865551915982,-0.08267784344683288,0.1173755787037037,0.10418590837286915,-0.013189670330834555,0.15822916666666664,0.10773490709649444,-0.0504942595701722,,,
CLARINDA,Middle Ring,GRN,ALP+LNP+ON,ideology prior,3,26609.0,0.15159532177669316,,0.0912269321400125,0.09862724956007274,,0.24282225391670564,0.08425306649625271,,0.15159532177669316,-0.014374183063820031,0.8101458182999147,0.6729246795870416,-0.13722113871287311,,,,,,
SOUTH-WEST COAST,Regional,GRN,ALP+LNP+ON,ideology prior,3,26609.0,0.15143297511475895,,0.09138927880194671,0.08553414343765492,,0.24282225391670564,0.08425306649625271,,0.15143297511475895,-0.0012810769414022122,0.8230765777603983,0.6729246795870416,-0.15015189817335672,,,,,,
BENDIGO EAST,Provincial,ON,ALP+GRN+LNP+OTH,ideology prior,6,24739.0,0.1501384729300394,,0.6671226768750113,,,0.5169842039449719,,,-0.15013847293003935,,0.09596058881129547,0.15816098284623026,0.06220039403493478,0.004984071683316414,0.08031902329412052,0.07533495161080411,0.23193266263037685,0.2445357899146774,0.012603127284300547
BENDIGO WEST,Provincial,ON,ALP+GRN+LNP+OTH,ideology prior,6,24739.0,0.1501384729300394,,0.6671226768750113,,,0.5169842039449719,,,-0.15013847293003935,,0.09596058881129547,0.15816098284623026,0.06220039403493478,0.004984071683316414,0.08031902329412052,0.07533495161080411,0.23193266263037685,0.2445357899146774,0.012603127284300547
GEELONG,Provincial,ON,ALP+GRN+LNP+OTH,ideology prior,6,24739.0,0.1501384729300394,,0.6671226768750113,,,0.5169842039449719,,,-0.15013847293003935,,0.09596058881129547,0.15816098284623026,0.06220039403493478,0.004984071683316414,0.08031902329412052,0.07533495161080411,0.23193266263037685,0.2445357899146774,0.012603127284300547
MORWELL,Provincial,ON,ALP+GRN+LNP+OTH,ideology prior,6,24739.0,0.1501384729300394,,0.6671226768750113,,,0.5169842039449719,,,-0.15013847293003935,,0.09596058881129547,0.15816098284623026,0.06220039403493478,0.004984071683316414,0.08031902329412052,0.07533495161080411,0.23193266263037685,0.2445357899146774,0.012603127284300547
SHEPPARTON,Provincial,ON,ALP+GRN+LNP+OTH,ideology prior,6,24739.0,0.1501384729300394,,0.6671226768750113,,,0.5169842039449719,,,-0.15013847293003935,,0.09596058881129547,0.15816098284623026,0.06220039403493478,0.004984071683316414,0.08031902329412052,0.07533495161080411,0.23193266263037685,0.2445357899146774,0.012603127284300547
SOUTH BARWON,Provincial,ON,ALP+GRN+LNP+OTH,ideology prior,6,24739.0,0.1501384729300394,,0.6671226768750113,,,0.5169842039449719,,,-0.15013847293003935,,0.09596058881129547,0.15816098284623026,0.06220039403493478,0.004984071683316414,0.08031902329412052,0.07533495161080411,0.23193266263037685,0.2445357899146774,0.012603127284300547
WENDOUREE,Provincial,ON,ALP+GRN+LNP+OTH,ideology prior,6,24739.0,0.1501384729300394,,0.6671226768750113,,,0.5169842039449719,,,-0.15013847293003935,,0.09596058881129547,0.15816098284623026,0.06220039403493478,0.004984071683316414,0.08031902329412052,0.07533495161080411,0.23193266263037685,0.2445357899146774,0.012603127284300547
NARRE WARREN NORTH,Outer Metro,GRN,ALP+LNP+ON,ideology prior,3,26609.0,0.14996438478779267,,0.09285786912891296,0.10012108456042361,,0.24282225391670564,0.08425306649625271,,0.14996438478779267,-0.015868018064170902,0.8070210463106634,0.6729246795870416,-0.1340963667236218,,,,,,
MORNINGTON,Peri-urban,ALP,IND+LNP+ON,full AEC row,1,8824.0,0.14747005520605608,0.5957202702702703,0.129871509009009,0.27440822072072074,0.7303381281524379,0.1427237063328974,0.1269381655146646,0.13461785788216762,0.012852197323888398,-0.14747005520605613,,,,,,,,,
PRESTON,Middle Ring,OTH,ALP+GRN+LNP+ON,full AEC row,20,185090.0,0.1468293605021198,,0.11520489386792454,0.44589327830188674,,0.21605795970335148,0.3474024373564115,,0.10085306583542694,-0.09849084094547522,0.14953272405660378,0.19550901872329665,0.04597629466669287,0.28936910377358493,0.24103058421694037,-0.04833851955664456,,,
ALBERT PARK,Inner Ring,ON,ALP+GRN+LNP+OTH,ideology prior,6,24739.0,0.14644062878028416,,0.404265873015873,,,0.5169842039449719,,,0.11271833092909889,,0.2157738095238095,0.15816098284623026,-0.05761282667757925,0.16914682539682538,0.08031902329412052,-0.08882780210270486,0.21081349206349206,0.2445357899146774,0.03372229785118533
BRIGHTON,Inner Ring,ON,ALP+GRN+LNP+OTH,ideology prior,6,24739.0,0.14644062878028416,,0.404265873015873,,,0.5169842039449719,,,0.11271833092909889,,0.2157738095238095,0.15816098284623026,-0.05761282667757925,0.16914682539682538,0.08031902329412052,-0.08882780210270486,0.21081349206349206,0.2445357899146774,0.03372229785118533
BRUNSWICK,Inner Ring,ON,ALP+GRN+LNP+OTH,ideology prior,6,24739.0,0.14644062878028416,,0.404265873015873,,,0.5169842039449719,,,0.11271833092909889,,0.2157738095238095,0.15816098284623026,-0.05761282667757925,0.16914682539682538,0.08031902329412052,-0.08882780210270486,0.21081349206349206,0.2445357899146774,0.03372229785118533
CAULFIELD,Inner Ring,ON,ALP+GRN+LNP+OTH,ideology prior,6,24739.0,0.14644062878028416,,0.404265873015873,,,0.5169842039449719,,,0.11271833092909889,,0.2157738095238095,0.15816098284623026,-0.05761282667757925,0.16914682539682538,0.08031902329412052,-0.08882780210270486,0.21081349206349206,0.2445357899146774,0.03372229785118533
FOOTSCRAY,Inner Ring,ON,ALP+GRN+LNP+OTH,ideology prior,6,24739.0,0.14644062878028416,,0.404265873015873,,,0.5169842039449719,,,0.11271833092909889,,0.2157738095238095,0.15816098284623026,-0.05761282667757925,0.16914682539682538,0.08031902329412052,-0.08882780210270486,0.21081349206349206,0.2445357899146774,0.03372229785118533
HAWTHORN,Inner Ring,ON,ALP+GRN+LNP+OTH,ideology prior,6,24739.0,0.14644062878028416,,0.404265873015873,,,0.5169842039449719,,,0.11271833092909889,,0.2157738095238095,0.15816098284623026,-0.05761282667757925,0.16914682539682538,0.08031902329412052,-0.08882780210270486,0.21081349206349206,0.2445357899146774,0.03372229785118533
KEW,Inner Ring,ON,ALP+GRN+LNP+OTH,ideology prior,6,24739.0,0.14644062878028416,,0.404265873015873,,,0.5169842039449719,,,0.11271833092909889,,0.2157738095238095,0.15816098284623026,-0.05761282667757925,0.16914682539682538,0.08031902329412052,-0.08882780210270486,0.21081349206349206,0.2445357899146774,0.03372229785118533
MALVERN,Inner Ring,ON,ALP+GRN+LNP+OTH,ideology prior,6,24739.0,0.14644062878028416,,0.404265873015873,,,0.5169842039449719,,,0.11271833092909889,,0.2157738095238095,0.15816098284623026,-0.05761282667757925,0.16914682539682538,0.08031902329412052,-0.08882780210270486,0.21081349206349206,0.2445357899146774,0.03372229785118533
MELBOURNE,Inner Ring,ON,ALP+GRN+LNP+OTH,ideology prior,6,24739.0,0.14644062878028416,,0.404265873015873,,,0.5169842039449719,,,0.11271833092909889,,0.2157738095238095,0.15816098284623026,-0.05761282667757925,0.16914682539682538,0.08031902329412052,-0.08882780210270486,0.21081349206349206,0.2445357899146774,0.03372229785118533
NORTHCOTE,Inner Ring,ON,ALP+GRN+LNP+OTH,ideology prior,6,24739.0,0.14644062878028416,,0.404265873015873,,,0.5169842039449719,,,0.11271833092909889,,0.2157738095238095,0.15816098284623026,-0.05761282667757925,0.16914682539682538,0.08031902329412052,-0.08882780210270486,0.21081349206349206,0.2445357899146774,0.03372229785118533
PRAHRAN,Inner Ring,ON,ALP+GRN+LNP+OTH,ideology prior,6,24739.0,0.14644062878028416,,0.404265873015873,,,0.5169842039449719,,,0.11271833092909889,,0.2157738095238095,0.15816098284623026,-0.05761282667757925,0.16914682539682538,0.08031902329412052,-0.08882780210270486,0.21081349206349206,0.2445357899146774,0.03372229785118533
RICHMOND,Inner Ring,ON,ALP+GRN+LNP+OTH,ideology prior,6,24739.0,0.14644062878028416,,0.404265873015873,,,0.5169842039449719,,,0.11271833092909889,,0.2157738095238095,0.15816098284623026,-0.05761282667757925,0.16914682539682538,0.08031902329412052,-0.08882780210270486,0.21081349206349206,0.2445357899146774,0.03372229785118533
WILLIAMSTOWN,Inner Ring,ON,ALP+GRN+LNP+OTH,ideology prior,6,24739.0,0.14644062878028416,,0.404265873015873,,,0.5169842039449719,,,0.11271833092909889,,0.2157738095238095,0.15816098284623026,-0.05761282667757925,0.16914682539682538,0.08031902329412052,-0.08882780210270486,0.21081349206349206,0.2445357899146774,0.03372229785118533
MORNINGTON,Peri-urban,GRN,ALP+LNP+ON,ideology prior,3,26609.0,0.14577585209122496,,0.09704640182548067,0.1252455107475026,,0.24282225391670564,0.08425306649625271,,0.14577585209122496,-0.040992444251249885,0.7777080874270167,0.6729246795870416,-0.10478340783997508,,,,,,
ALBERT PARK,Inner Ring,ON,ALP+LNP,ideology prior,3,38627.0,0.14567375936294857,,0.6520541958041959,,,0.7977279551671445,,,0.14567375936294857,,0.34794580419580423,0.20227204483285566,-0.14567375936294857,,,,,,
BRIGHTON,Inner Ring,ON,ALP+LNP,ideology prior,3,38627.0,0.14567375936294857,,0.6520541958041959,,,0.7977279551671445,,,0.14567375936294857,,0.34794580419580423,0.20227204483285566,-0.14567375936294857,,,,,,
BRUNSWICK,Inner Ring,ON,ALP+LNP,ideology prior,3,38627.0,0.14567375936294857,,0.6520541958041959,,,0.7977279551671445,,,0.14567375936294857,,0.34794580419580423,0.20227204483285566,-0.14567375936294857,,,,,,
CAULFIELD,Inner Ring,ON,ALP+LNP,ideology prior,3,38627.0,0.14567375936294857,,0.6520541958041959,,,0.7977279551671445,,,0.14567375936294857,,0.34794580419580423,0.20227204483285566,-0.14567375936294857,,,,,,
FOOTSCRAY,Inner Ring,ON,ALP+LNP,ideology prior,3,38627.0,0.14567375936294857,,0.6520541958041959,,,0.7977279551671445,,,0.14567375936294857,,0.34794580419580423,0.20227204483285566,-0.14567375936294857,,,,,,
HAWTHORN,Inner Ring,ON,ALP+LNP,ideology prior,3,38627.0,0.14567375936294857,,0.6520541958041959,,,0.7977279551671445,,,0.14567375936294857,,0.34794580419580423,0.20227204483285566,-0.14567375936294857,,,,,,
KEW,Inner Ring,ON,ALP+LNP,ideology prior,3,38627.0,0.14567375936294857,,0.6520541958041959,,,0.7977279551671445,,,0.14567375936294857,,0.34794580419580423,0.20227204483285566,-0.14567375936294857,,,,,,
MALVERN,Inner Ring,ON,ALP+LNP,ideology prior,3,38627.0,0.14567375936294857,,0.6520541958041959,,,0.7977279551671445,,,0.14567375936294857,,0.34794580419580423,0.20227204483285566,-0.14567375936294857,,,,,,
MELBOURNE,Inner Ring,ON,ALP+LNP,ideology prior,3,38627.0,0.14567375936294857,,0.6520541958041959,,,0.7977279551671445,,,0.14567375936294857,,0.34794580419580423,0.20227204483285566,-0.14567375936294857,,,,,,
NORTHCOTE,Inner Ring,ON,ALP+LNP,ideology prior,3,38627.0,0.14567375936294857,,0.6520541958041959,,,0.7977279551671445,,,0.14567375936294857,,0.34794580419580423,0.20227204483285566,-0.14567375936294857,,,,,,
PRAHRAN,Inner Ring,ON,ALP+LNP,ideology prior,3,38627.0,0.14567375936294857,,0.6520541958041959,,,0.7977279551671445,,,0.14567375936294857,,0.34794580419580423,0.20227204483285566,-0.14567375936294857,,,,,,
RICHMOND,Inner Ring,ON,ALP+LNP,ideology prior,3,38627.0,0.14567375936294857,,0.6520541958041959,,,0.7977279551671445,,,0.14567375936294857,,0.34794580419580423,0.20227204483285566,-0.14567375936294857,,,,,,
WILLIAMSTOWN,Inner Ring,ON,ALP+LNP,ideology prior,3,38627.0,0.14567375936294857,,0.6520541958041959,,,0.7977279551671445,,,0.14567375936294857,,0.34794580419580423,0.20227204483285566,-0.14567375936294857,,,,,,
GREENVALE,Outer Metro,OTH,ALP+GRN+LNP+ON,ideology prior,20,185090.0,0.1453513682127447,,0.13064932193396228,0.4622553066037736,,0.21605795970335148,0.3474024373564115,,0.0854086377693892,-0.1148528692473621,0.22600751768867924,0.19550901872329665,-0.030498498965382592,0.1810878537735849,0.24103058421694037,0.05994273044335546,,,
THOMASTOWN,Outer Metro,OTH,ALP+GRN+LNP+ON,ideology prior,20,185090.0,0.14479196373161263,,0.13120872641509432,0.4623163325471698,,0.21605795970335148,0.3474024373564115,,0.08484923328825716,-0.11491389519075829,0.22538708726415094,0.19550901872329665,-0.029878068540854286,0.18108785377358488,0.24103058421694037,0.05994273044335549,,,
IVANHOE,Middle ring,GRN,ALP+LNP+ON,full AEC row,3,26609.0,0.144710153750414,,0.09811210016629165,0.08803677981023182,,0.24282225391670564,0.08425306649625271,,0.144710153750414,-0.0037837133139791146,0.8138511200234765,0.6729246795870416,-0.14092644043643487,,,,,,
MULGRAVE,Middle Ring,OTH,ALP+GRN+LNP+ON,ideology prior,20,185090.0,0.14469870675150578,,0.20031336076648643,0.4921011441079173,,0.21605795970335148,0.3474024373564115,,0.015744598936865056,-0.14469870675150576,0.14400445755598548,0.19550901872329665,0.05150456116731117,0.1635810375696108,0.24103058421694037,0.07744954664732959,,,
RIPON,Regional,GRN,ALP+LNP+ON,ideology prior,3,26609.0,0.14376103898463433,,0.09906121493207135,0.09890708954982327,,0.24282225391670564,0.08425306649625271,,0.1437610389846343,-0.014654023053570567,0.8020316955181054,0.6729246795870416,-0.12910701593106377,,,,,,
CLARINDA,Middle Ring,OTH,ALP+GRN+LNP+ON,ideology prior,20,185090.0,0.14355944830243816,,0.10254516619822006,0.4909618856588497,,0.21605795970335148,0.3474024373564115,,0.11351279350513142,-0.14355944830243816,0.18174201069544896,0.19550901872329665,0.013767008027847694,0.22475093744748134,0.24103058421694037,0.016279646769459033,,,
SYDENHAM,Outer Metro,OTH,ALP+GRN+LNP+ON,ideology prior,20,185090.0,0.14333264769387677,,0.1326680424528302,0.4624755306603774,,0.21605795970335148,0.3474024373564115,,0.08338991725052128,-0.11507309330396587,0.22376857311320758,0.19550901872329665,-0.02825955438991093,0.1810878537735849,0.24103058421694037,0.05994273044335546,,,
MORDIALLOC,Middle Ring,OTH,ALP+GRN+LNP+ON,ideology prior,20,185090.0,0.14306094624349694,,0.1066759161812494,0.4904633835999085,,0.21605795970335148,0.3474024373564115,,0.10938204352210208,-0.14306094624349697,0.17497796677949368,0.19550901872329665,0.020531051943802975,0.2278827334393485,0.24103058421694037,0.013147850777591868,,,
ELTHAM,Outer Metro,GRN,ALP+LNP+ON,full AEC row,3,26609.0,0.14294916985930062,,0.09987308405740505,0.08786488333496045,,0.24282225391670564,0.08425306649625271,,0.1429491698593006,-0.003611816838707746,0.8122620326076345,0.6729246795870416,-0.1393373530205929,,,,,,
SYDENHAM,Outer Metro,GRN,ALP+LNP+ON,ideology prior,3,26609.0,0.14250332078827388,,0.10031893312843179,0.10021963346906933,,0.24282225391670564,0.08425306649625271,,0.14250332078827385,-0.01596656697281662,0.7994614334024989,0.6729246795870416,-0.12653675381545726,,,,,,
OAKLEIGH,Middle Ring,OTH,ALP+GRN+LNP+ON,ideology prior,20,185090.0,0.1403328297269973,,0.11374415070450022,0.48773526708340875,,0.21605795970335148,0.3474024373564115,,0.10231380899885126,-0.14033282972699723,0.1575323773325853,0.19550901872329665,0.03797664139071136,0.24098820487950567,0.24103058421694037,4.237933743470035e-05,,,
CARRUM,Peri-urban,OTH,ALP+GRN+IND+LNP+ON,ideology prior,11,70114.0,0.14032163612110438,0.14563106796116504,0.15889259708737866,0.46468021844660196,0.20932964560645767,0.2207199170932339,0.3580296218309449,0.06369857764529263,0.06182732000585525,-0.10665059661565707,0.08939016990291263,0.10418590837286915,0.01479573846995652,0.14140594660194175,0.10773490709649444,-0.03367103950544731,,,
DANDENONG,Outer Metro,OTH,ALP+GRN+LNP+ON,ideology prior,20,185090.0,0.14014647434482014,,0.13585421580188678,0.46282311320754715,,0.21605795970335148,0.3474024373564115,,0.0802037439014647,-0.11542067585113563,0.22023481721698113,0.19550901872329665,-0.024725798493684475,0.18108785377358488,0.24103058421694037,0.05994273044335549,,,
HAWTHORN,Inner Ring,GRN,ALP+IND+LNP+ON,full AEC row,3,12328.0,0.13982415989385127,0.5524100093741083,0.0049504950495049506,0.0049504950495049506,0.5504851559390067,0.06317396976104211,0.08655118023181911,-0.0019248534351016255,0.05822347471153717,0.08160068518231416,0.43768900052688176,0.29978969406813216,-0.1378993064587496,,,,,,
LAVERTON,Middle Ring,OTH,ALP+GRN+LNP+ON,full AEC row,20,185090.0,0.13808378267193117,,0.08861291273584904,0.4431839622641509,,0.21605795970335148,0.3474024373564115,,0.12744504696750245,-0.09578152490773939,0.18487028301886793,0.19550901872329665,0.01063873570442872,0.2833328419811321,0.24103058421694037,-0.04230225776419175,,,
KALKALLO,Peri-urban,OTH,ALP+GRN+IND+LNP+ON,ideology prior,11,70114.0,0.13485743702919575,0.14563106796116504,0.17128261529126215,0.4677903519417476,0.20932964560645767,0.2207199170932339,0.3580296218309449,0.06369857764529263,0.049437301801971756,-0.10976073011080273,0.12928261529126217,0.10418590837286915,-0.025096706918393025,0.08601334951456309,0.10773490709649444,0.021721557581931353,,,
MELTON,Peri-urban,GRN,ALP+LNP+ON,ideology prior,3,26609.0,0.13386901011214358,,0.1089532438045621,0.14165353949591666,,0.24282225391670564,0.08425306649625271,,0.13386901011214353,-0.05740047299966396,0.7493932166995213,0.6729246795870416,-0.0764685371124797,,,,,,
GEELONG,Provincial,OTH,ALP+GRN+IND+LNP+ON,ideology prior,11,70114.0,0.13384787140716317,0.14417475728155335,0.1652247153925384,0.45588886082568925,0.20932964560645767,0.2207199170932339,0.3580296218309449,0.06515488832490432,0.055495201700695496,-0.09785923899474436,0.09098812699130573,0.10418590837286915,0.013197781381563412,0.1437235395089132,0.10773490709649444,-0.03598863241241876,,,
ALBERT PARK,Inner Ring,OTH,ALP+GRN+LNP+ON,ideology prior,20,185090.0,0.13361373969373289,,0.14707664512342333,0.2827700122426068,,0.21605795970335148,0.3474024373564115,,0.06898131457992815,0.06463242511380474,0.21897003768199627,0.19550901872329665,-0.02346101895869962,0.35118330495197364,0.24103058421694037,-0.11015272073503327,,,
OAKLEIGH,Middle Ring,GRN,ALP+LNP+ON,full AEC row,3,26609.0,0.13286955577981988,,0.1099526981368858,0.08688097306689835,,0.24282225391670564,0.08425306649625271,,0.13286955577981985,-0.002627906570645641,0.8031663287962159,0.6729246795870416,-0.13024164920917425,,,,,,
CRANBOURNE,Outer Metro,OTH,ALP+GRN+LNP+ON,ideology prior,20,185090.0,0.13277692835425414,,0.1432237617924528,0.4636270636792453,,0.21605795970335148,0.3474024373564115,,0.07283419791089868,-0.11622462632283376,0.212061320754717,0.19550901872329665,-0.016552302031420357,0.18108785377358488,0.24103058421694037,0.05994273044335549,,,
ASHWOOD,Middle Ring,GRN,ALP+LNP+ON,full AEC row,3,26609.0,0.13124006081591558,,0.11158219310079012,0.08672191173636538,,0.24282225391670564,0.08425306649625271,,0.13124006081591552,-0.002468845240112677,0.8016958951628446,0.6729246795870416,-0.12877121557580296,,,,,,
YAN YEAN,Peri-urban,OTH,ALP+GRN+IND+LNP+ON,ideology prior,11,70114.0,0.13102779503890447,0.14563106796116504,0.1751122572815534,0.46820813106796116,0.20932964560645767,0.2207199170932339,0.3580296218309449,0.06369857764529263,0.045607659811680495,-0.11017850923701628,0.1250351941747573,0.10418590837286915,-0.020849285801888162,0.08601334951456309,0.10773490709649444,0.021721557581931353,,,
SANDRINGHAM,Middle Ring,OTH,ALP+GRN+LNP+ON,ideology prior,20,185090.0,0.12962795096897112,,0.12877041800436984,0.47703038832538264,,0.21605795970335148,0.3474024373564115,,0.08728754169898165,-0.12962795096897112,0.16094230593236053,0.19550901872329665,0.03456671279093612,0.233256887737887,0.24103058421694037,0.007773696479053377,,,
SUNBURY,Peri-urban,OTH,ALP+GRN+IND+LNP+ON,ideology prior,11,70114.0,0.12927643754784898,0.14563106796116504,0.16027402952673908,0.4652137695565673,0.20932964560645767,0.2207199170932339,0.3580296218309449,0.06369857764529263,0.06044588756649483,-0.1071841477256224,0.0990539360368076,0.10418590837286915,0.005131972336061552,0.129827196918721,0.10773490709649444,-0.022092289822226552,,,
EVELYN,Peri-urban,OTH,ALP+GRN+IND+LNP+ON,ideology prior,11,70114.0,0.12811593223760925,0.14563106796116504,0.16457448422330098,0.4657205703883495,0.20932964560645767,0.2207199170932339,0.3580296218309449,0.06369857764529263,0.056145432869932926,-0.10769094855740463,0.09591398665048545,0.10418590837286915,0.008271921722383696,0.12815989077669904,0.10773490709649444,-0.020424983680204595,,,
BERWICK,Peri-urban,OTH,ALP+GRN+IND+LNP+ON,ideology prior,11,70114.0,0.1277800705871238,0.14563106796116504,0.17218370752427187,0.466588895631068,0.20932964560645767,0.2207199170932339,0.3580296218309449,0.06369857764529263,0.04853620956896204,-0.10855927380012309,0.08864062499999999,0.10418590837286915,0.01554528337286916,0.1269557038834951,0.10773490709649444,-0.01922079678700067,,,
FRANKSTON,Outer Metro,OTH,ALP+GRN+LNP+ON,ideology prior,20,185090.0,0.12769364415614093,,0.14830704599056602,0.4641816037735849,,0.21605795970335148,0.3474024373564115,,0.06775091371278547,-0.1167791664171734,0.20642349646226416,0.19550901872329665,-0.010914477738967504,0.18108785377358488,0.24103058421694037,0.05994273044335549,,,
LARA,Peri-urban,OTH,ALP+GRN+IND+LNP+ON,ideology prior,11,70114.0,0.12684393587838597,0.14563106796116504,0.1618211468446602,0.46545206310679615,0.20932964560645767,0.2207199170932339,0.3580296218309449,0.06369857764529263,0.058898770248573706,-0.10742244127585127,0.09993932038834953,0.10418590837286915,0.004246587984519615,0.12715640169902914,0.10773490709649444,-0.0194214946025347,,,
NARRE WARREN NORTH,Outer Metro,OTH,ALP+GRN+LNP+ON,ideology prior,20,185090.0,0.12669644486368808,,0.14930424528301883,0.4642903891509434,,0.21605795970335148,0.3474024373564115,,0.06675371442033265,-0.11688795179453187,0.20531751179245283,0.19550901872329665,-0.009808493069156182,0.18108785377358488,0.24103058421694037,0.05994273044335549,,,
POINT COOK,Outer Metro,GRN,ALP+LNP+ON,full AEC row,3,26609.0,0.1259054488178108,,0.3664423076923077,0.08653846153846154,,0.24282225391670564,0.08425306649625271,,-0.12362005377560203,-0.0022853950422088293,0.5470192307692309,0.6729246795870416,0.12590544881781074,,,,,,
NEPEAN,Peri-urban,OTH,ALP+GRN+IND+LNP+ON,ideology prior,11,70114.0,0.1255582866065413,0.14563106796116504,0.17268431432038836,0.46671814320388355,0.20932964560645767,0.2207199170932339,0.3580296218309449,0.06369857764529263,0.04803560277284555,-0.10868852137293866,0.09036180218446602,0.10418590837286915,0.013824106188403129,0.1246046723300971,0.10773490709649444,-0.01686976523360266,,,
SOUTH BARWON,Provincial,OTH,ALP+GRN+IND+LNP+ON,ideology prior,11,70114.0,0.12303661940129582,0.14417475728155338,0.16562079228970308,0.45634600564518796,0.20932964560645767,0.2207199170932339,0.3580296218309449,0.06515488832490429,0.055099124803530825,-0.09831638381424307,0.10140330210000846,0.10418590837286915,0.0027826062728606854,0.1324551426835472,0.10773490709649444,-0.024720235587052747,,,
NARRE WARREN SOUTH,Outer Metro,OTH,ALP+GRN+LNP+ON,ideology prior,20,185090.0,0.12236714061840506,,0.15363354952830188,0.46476267688679246,,0.21605795970335148,0.3474024373564115,,0.0624244101750496,-0.11736023953038094,0.20051591981132075,0.19550901872329665,-0.005006901088024096,0.18108785377358488,0.24103058421694037,0.05994273044335549,,,
WENDOUREE,Provincial,OTH,ALP+GRN+IND+LNP+ON,ideology prior,11,70114.0,0.12136266949580808,0.1441747572815534,0.1645121359223301,0.4563242945995146,0.20932964560645767,0.2207199170932339,0.3580296218309449,0.06515488832490426,0.0562077811709038,-0.09829467276856974,0.10498885012135922,0.10418590837286915,-0.0008029417484900769,0.12999996207524273,0.10773490709649444,-0.022265054978748283,,,
MILL PARK,Outer Metro,OTH,ALP+GRN+LNP+ON,ideology prior,20,185090.0,0.1211267219863296,,0.15487396816037735,0.4648979952830189,,0.21605795970335148,0.3474024373564115,,0.06118399154297413,-0.11749555792660737,0.19914018278301887,0.19550901872329665,-0.0036311640597222195,0.1810878537735849,0.24103058421694037,0.05994273044335546,,,
MORNINGTON,Peri-urban,GRN,ALP+IND+LNP+ON,full AEC row,3,12328.0,0.11946010186565802,0.4395791430994951,0.12102784352509323,0.14815740833342594,0.5504851559390067,0.06317396976104211,0.08655118023181911,0.11090601283951163,-0.057853873764051114,-0.06160622810160683,0.2912356050419857,0.29978969406813216,0.00855408902614646,,,,,,
LARA,Peri-urban,GRN,ALP+LNP+ON,full AEC row,3,26609.0,0.11905675505873975,,0.295188679245283,0.15094339622641512,,0.24282225391670564,0.08425306649625271,,-0.05236642532857738,-0.06669032973016241,0.5538679245283019,0.6729246795870416,0.1190567550587397,,,,,,
NIDDRIE,Middle Ring,OTH,ALP+GRN+LNP+ON,full AEC row,20,185090.0,0.11880581986368809,,0.1700103183962264,0.455716391509434,,0.21605795970335148,0.3474024373564115,,0.046047641307125076,-0.10831395415302247,0.20600088443396228,0.19550901872329665,-0.010491865710665627,0.16827240566037738,0.24103058421694037,0.072758178556563,,,
BOX HILL,Middle ring,GRN,ALP+LNP+ON,full AEC row,3,26609.0,0.11839917699362876,,0.12442307692307693,0.08653846153846154,,0.24282225391670564,0.08425306649625271,,0.11839917699362872,-0.0022853950422088293,0.7890384615384616,0.6729246795870416,-0.11611378195141997,,,,,,
YAN YEAN,Peri-urban,GRN,ALP+LNP+ON,ideology prior,3,26609.0,0.11642374271387546,,0.1263985112028302,0.14766362028301888,,0.24282225391670564,0.08425306649625271,,0.11642374271387546,-0.06341055378676617,0.7259378685141509,0.6729246795870416,-0.05301318892710927,,,,,,
BENDIGO WEST,Provincial,OTH,ALP+GRN+IND+LNP+ON,ideology prior,11,70114.0,0.11540937125459955,0.14417475728155338,0.17233543689320388,0.45743796268203885,0.20932964560645767,0.2207199170932339,0.3580296218309449,0.06515488832490429,0.04838448020003003,-0.09940834085109396,0.10231590564320389,0.10418590837286915,0.0018700027296652544,0.12373593750000002,0.10773490709649444,-0.016001030403505576,,,
WERRIBEE,Peri-urban,GRN,ALP+LNP+ON,full AEC row,3,26609.0,0.11349071732289068,,0.28962264150943395,0.15094339622641512,,0.24282225391670564,0.08425306649625271,,-0.04680038759272831,-0.06669032973016241,0.559433962264151,0.6729246795870416,0.11349071732289062,,,,,,
HAWTHORN,Inner Ring,OTH,ALP+GRN+LNP+ON,ideology prior,20,185090.0,0.11295158523173844,,0.17133903170486192,0.2791697801231626,,0.21605795970335148,0.3474024373564115,,0.04471892799848956,0.0682326572332489,0.258442400867916,0.19550901872329665,-0.06293338214461933,0.2910487873040595,0.24103058421694037,-0.0500182030871191,,,
MULGRAVE,Middle Ring,GRN,ALP+LNP+ON,ideology prior,3,26609.0,0.11258964997486648,,0.13023260394183922,0.09715211109699012,,0.24282225391670564,0.08425306649625271,,0.11258964997486642,-0.012899044600737417,0.7726152849611707,0.6729246795870416,-0.0996906053741291,,,,,,
BOX HILL,Middle ring,OTH,ALP+GRN+LNP+ON,full AEC row,20,185090.0,0.11159490695349121,,0.2041657585569878,0.4589973443099027,,0.21605795970335148,0.3474024373564115,,0.01189220114636369,-0.11159490695349117,0.15341091892208086,0.19550901872329665,0.04209809980121579,0.1834259782110286,0.24103058421694037,0.057604606005911774,,,
CAULFIELD,Inner Ring,OTH,ALP+GRN+LNP+ON,ideology prior,20,185090.0,0.11143443666279762,,0.17244094455392323,0.2795850158430422,,0.21605795970335148,0.3474024373564115,,0.043617015149428257,0.06781742151336934,0.21174778354141763,0.19550901872329665,-0.016238764818120976,0.33622625606161705,0.24103058421694037,-0.09519567184467667,,,
KALKALLO,Peri-urban,GRN,ALP+LNP+ON,ideology prior,3,26609.0,0.11084010313852682,,0.13198215077817882,0.14676217490276314,,0.24282225391670564,0.08425306649625271,,0.11084010313852682,-0.06250910840651043,0.721255674319058,0.6729246795870416,-0.04833099473201641,,,,,,
BULLEEN,Middle ring,OTH,ALP+GRN+LNP+ON,full AEC row,20,185090.0,0.11065475603981491,,0.19838590801886793,0.4580571933962264,,0.21605795970335148,0.3474024373564115,,0.017672051684483547,-0.1106547560398149,0.15151090801886793,0.19550901872329665,0.04399811070442872,0.19204599056603772,0.24103058421694037,0.04898459365090266,,,
BUNDOORA,Middle ring,OTH,ALP+GRN+LNP+ON,full AEC row,20,185090.0,0.10993836453038094,,0.19238649764150942,0.45734080188679244,,0.21605795970335148,0.3474024373564115,,0.023671462061842063,-0.10993836453038092,0.15627653301886793,0.19550901872329665,0.03923248570442872,0.1939961674528302,0.24103058421694037,0.04703441676411019,,,
BENDIGO EAST,Provincial,OTH,ALP+GRN+IND+LNP+ON,ideology prior,11,70114.0,0.1097673506235316,0.14417475728155338,0.18580339805825244,0.4592326835558253,0.20932964560645767,0.2207199170932339,0.3580296218309449,0.06515488832490429,0.03491651903498147,-0.10120306172488042,0.0944899651092233,0.10418590837286915,0.00969594326364584,0.11629919599514564,0.10773490709649444,-0.008564288898651198,,,
ESSENDON,Middle Ring,GRN,ALP+LNP+ON,full AEC row,3,26609.0,0.10955302314747492,,0.13326923076923078,0.08653846153846155,,0.24282225391670564,0.08425306649625271,,0.10955302314747487,-0.002285395042208843,0.7801923076923077,0.6729246795870416,-0.10726762810526613,,,,,,
ST ALBANS,Middle Ring,OTH,ALP+GRN+LNP+ON,full AEC row,20,185090.0,0.10866772773792813,,0.17568543632075473,0.4560701650943396,,0.21605795970335148,0.3474024373564115,,0.04037252338259675,-0.1086677277379281,0.19161409198113205,0.19550901872329665,0.0038949267421646006,0.17663030660377357,0.24103058421694037,0.0644002776131668,,,
IVANHOE,Middle ring,OTH,ALP+GRN+LNP+ON,full AEC row,20,185090.0,0.10818718528509791,,0.18541420990566038,0.45558962264150943,,0.21605795970335148,0.3474024373564115,,0.030643749797691106,-0.10818718528509791,0.13379716981132078,0.19550901872329665,0.06171184891197587,0.22519899764150944,0.24103058421694037,0.015831586575430934,,,
BENTLEIGH,Middle Ring,GRN,ALP+LNP+ON,full AEC row,3,26609.0,0.10782225391670566,,0.13499999999999998,0.08653846153846154,,0.24282225391670564,0.08425306649625271,,0.10782225391670566,-0.0022853950422088293,0.7784615384615384,0.6729246795870416,-0.10553685887449682,,,,,,
ASHWOOD,Middle Ring,OTH,ALP+GRN+LNP+ON,full AEC row,20,185090.0,0.10766831736056962,,0.1852520636792453,0.4550707547169811,,0.21605795970335148,0.3474024373564115,,0.03080589602410619,-0.10766831736056959,0.11869103773584906,0.19550901872329665,0.07681798098744759,0.24098614386792452,0.24103058421694037,4.44403490158507e-05,,,
BENTLEIGH,Middle Ring,OTH,ALP+GRN+LNP+ON,full AEC row,20,185090.0,0.10736099299605774,,0.1770846306328746,0.45476343035246924,,0.21605795970335148,0.3474024373564115,,0.038973329070476875,-0.10736099299605772,0.14441827437460728,0.19550901872329665,0.051090744348689376,0.22373366464004887,0.24103058421694037,0.0172969195768915,,,
LAVERTON,Middle Ring,GRN,ALP+LNP+ON,full AEC row,3,26609.0,0.10734148468593643,,0.1354807692307692,0.08653846153846154,,0.24282225391670564,0.08425306649625271,,0.10734148468593643,-0.0022853950422088293,0.7779807692307692,0.6729246795870416,-0.10505608964372759,,,,,,
MORWELL,Provincial,OTH,ALP+GRN+IND+LNP+ON,ideology prior,11,70114.0,0.10662348678647729,0.14417475728155338,0.2011776699029126,0.46208657463592234,0.20932964560645767,0.2207199170932339,0.3580296218309449,0.06515488832490429,0.0195422471903213,-0.10405695280497745,0.10675244235436895,0.10418590837286915,-0.002566533981499808,0.08580855582524272,0.10773490709649444,0.021926351271251726,,,
GLEN WAVERLEY,Middle ring,OTH,ALP+GRN+LNP+ON,full AEC row,20,185090.0,0.10633364540323706,,0.16877410136344856,0.45373608275964855,,0.21605795970335148,0.3474024373564115,,0.04728385833990292,-0.10633364540323703,0.1522186224773749,0.19550901872329665,0.043290396245921764,0.22527119339952797,0.24103058421694037,0.0157593908174124,,,
ALBERT PARK,Inner Ring,ON,IND+LNP,ideology prior,1,7611.0,0.10616188940714155,0.2603546626984127,0.7396453373015873,,0.3665165521055542,0.6334834478944458,,0.10616188940714155,-0.10616188940714155,,,,,,,,,,
BRIGHTON,Inner Ring,ON,IND+LNP,ideology prior,1,7611.0,0.10616188940714155,0.2603546626984127,0.7396453373015873,,0.3665165521055542,0.6334834478944458,,0.10616188940714155,-0.10616188940714155,,,,,,,,,,
BRUNSWICK,Inner Ring,ON,IND+LNP,ideology prior,1,7611.0,0.10616188940714155,0.2603546626984127,0.7396453373015873,,0.3665165521055542,0.6334834478944458,,0.10616188940714155,-0.10616188940714155,,,,,,,,,,
CAULFIELD,Inner Ring,ON,IND+LNP,ideology prior,1,7611.0,0.10616188940714155,0.2603546626984127,0.7396453373015873,,0.3665165521055542,0.6334834478944458,,0.10616188940714155,-0.10616188940714155,,,,,,,,,,
FOOTSCRAY,Inner Ring,ON,IND+LNP,ideology prior,1,7611.0,0.10616188940714155,0.2603546626984127,0.7396453373015873,,0.3665165521055542,0.6334834478944458,,0.10616188940714155,-0.10616188940714155,,,,,,,,,,
HAWTHORN,Inner Ring,ON,IND+LNP,ideology prior,1,7611.0,0.10616188940714155,0.2603546626984127,0.7396453373015873,,0.3665165521055542,0.6334834478944458,,0.10616188940714155,-0.10616188940714155,,,,,,,,,,
KEW,Inner Ring,ON,IND+LNP,ideology prior,1,7611.0,0.10616188940714155,0.2603546626984127,0.7396453373015873,,0.3665165521055542,0.6334834478944458,,0.10616188940714155,-0.10616188940714155,,,,,,,,,,
MALVERN,Inner Ring,ON,IND+LNP,ideology prior,1,7611.0,0.10616188940714155,0.2603546626984127,0.7396453373015873,,0.3665165521055542,0.6334834478944458,,0.10616188940714155,-0.10616188940714155,,,,,,,,,,
MELBOURNE,Inner Ring,ON,IND+LNP,ideology prior,1,7611.0,0.10616188940714155,0.2603546626984127,0.7396453373015873,,0.3665165521055542,0.6334834478944458,,0.10616188940714155,-0.10616188940714155,,,,,,,,,,
NORTHCOTE,Inner Ring,ON,IND+LNP,ideology prior,1,7611.0,0.10616188940714155,0.2603546626984127,0.7396453373015873,,0.3665165521055542,0.6334834478944458,,0.10616188940714155,-0.10616188940714155,,,,,,,,,,
PRAHRAN,Inner Ring,ON,IND+LNP,ideology prior,1,7611.0,0.10616188940714155,0.2603546626984127,0.7396453373015873,,0.3665165521055542,0.6334834478944458,,0.10616188940714155,-0.10616188940714155,,,,,,,,,,
RICHMOND,Inner Ring,ON,IND+LNP,ideology prior,1,7611.0,0.10616188940714155,0.2603546626984127,0.7396453373015873,,0.3665165521055542,0.6334834478944458,,0.10616188940714155,-0.10616188940714155,,,,,,,,,,
WILLIAMSTOWN,Inner Ring,ON,IND+LNP,ideology prior,1,7611.0,0.10616188940714155,0.2603546626984127,0.7396453373015873,,0.3665165521055542,0.6334834478944458,,0.10616188940714155,-0.10616188940714155,,,,,,,,,,
SHEPPARTON,Provincial,OTH,ALP+GRN+IND+LNP+ON,ideology prior,11,70114.0,0.10496657810837556,0.14417475728155338,0.20922378640776704,0.46299619993932045,0.20932964560645767,0.2207199170932339,0.3580296218309449,0.06515488832490429,0.011496130685466871,-0.10496657810837556,0.0977967005461165,0.10418590837286915,0.006389207826752646,0.0858085558252427,0.10773490709649444,0.02192635127125174,,,
KEW,Inner Ring,OTH,ALP+GRN+LNP+ON,ideology prior,20,185090.0,0.1041752680770138,,0.1677681108458785,0.2915170181368707,,0.21605795970335148,0.3474024373564115,,0.04828984885747298,0.05588541921954082,0.22496592771751325,0.19550901872329665,-0.029456908994216602,0.31574894329973757,0.24103058421694037,-0.0747183590827972,,,
GLEN WAVERLEY,Middle ring,GRN,ALP+LNP+ON,full AEC row,3,26609.0,0.10378379237824417,,0.13903846153846153,0.08653846153846154,,0.24282225391670564,0.08425306649625271,,0.10378379237824412,-0.0022853950422088293,0.774423076923077,0.6729246795870416,-0.10149839733603538,,,,,,
RINGWOOD,Outer Metro,GRN,ALP+LNP+ON,full AEC row,3,26609.0,0.10368763853209029,,0.13913461538461536,0.08653846153846154,,0.24282225391670564,0.08425306649625271,,0.10368763853209029,-0.0022853950422088293,0.7743269230769231,0.6729246795870416,-0.10140224348988147,,,,,,
SANDRINGHAM,Middle Ring,GRN,ALP+LNP+ON,full AEC row,3,26609.0,0.10234148468593648,,0.14048076923076921,0.08653846153846154,,0.24282225391670564,0.08425306649625271,,0.10234148468593643,-0.0022853950422088293,0.7729807692307693,0.6729246795870416,-0.1000560896437277,,,,,,
ALBERT PARK,Inner Ring,ON,ALP+GRN+LNP,ideology prior,18,125152.0,0.09852095441055624,,0.5076285321821037,,,0.6061494865926599,,,0.0985209544105562,,0.2754611459968603,0.1823300461494308,-0.09313109984742948,0.2169103218210361,0.2115204672579093,-0.005389854563126795,,,
BRIGHTON,Inner Ring,ON,ALP+GRN+LNP,ideology prior,18,125152.0,0.09852095441055624,,0.5076285321821037,,,0.6061494865926599,,,0.0985209544105562,,0.2754611459968603,0.1823300461494308,-0.09313109984742948,0.2169103218210361,0.2115204672579093,-0.005389854563126795,,,
BRUNSWICK,Inner Ring,ON,ALP+GRN+LNP,ideology prior,18,125152.0,0.09852095441055624,,0.5076285321821037,,,0.6061494865926599,,,0.0985209544105562,,0.2754611459968603,0.1823300461494308,-0.09313109984742948,0.2169103218210361,0.2115204672579093,-0.005389854563126795,,,
CAULFIELD,Inner Ring,ON,ALP+GRN+LNP,ideology prior,18,125152.0,0.09852095441055624,,0.5076285321821037,,,0.6061494865926599,,,0.0985209544105562,,0.2754611459968603,0.1823300461494308,-0.09313109984742948,0.2169103218210361,0.2115204672579093,-0.005389854563126795,,,
FOOTSCRAY,Inner Ring,ON,ALP+GRN+LNP,ideology prior,18,125152.0,0.09852095441055624,,0.5076285321821037,,,0.6061494865926599,,,0.0985209544105562,,0.2754611459968603,0.1823300461494308,-0.09313109984742948,0.2169103218210361,0.2115204672579093,-0.005389854563126795,,,
HAWTHORN,Inner Ring,ON,ALP+GRN+LNP,ideology prior,18,125152.0,0.09852095441055624,,0.5076285321821037,,,0.6061494865926599,,,0.0985209544105562,,0.2754611459968603,0.1823300461494308,-0.09313109984742948,0.2169103218210361,0.2115204672579093,-0.005389854563126795,,,
KEW,Inner Ring,ON,ALP+GRN+LNP,ideology prior,18,125152.0,0.09852095441055624,,0.5076285321821037,,,0.6061494865926599,,,0.0985209544105562,,0.2754611459968603,0.1823300461494308,-0.09313109984742948,0.2169103218210361,0.2115204672579093,-0.005389854563126795,,,
MALVERN,Inner Ring,ON,ALP+GRN+LNP,ideology prior,18,125152.0,0.09852095441055624,,0.5076285321821037,,,0.6061494865926599,,,0.0985209544105562,,0.2754611459968603,0.1823300461494308,-0.09313109984742948,0.2169103218210361,0.2115204672579093,-0.005389854563126795,,,
MELBOURNE,Inner Ring,ON,ALP+GRN+LNP,ideology prior,18,125152.0,0.09852095441055624,,0.5076285321821037,,,0.6061494865926599,,,0.0985209544105562,,0.2754611459968603,0.1823300461494308,-0.09313109984742948,0.2169103218210361,0.2115204672579093,-0.005389854563126795,,,
NORTHCOTE,Inner Ring,ON,ALP+GRN+LNP,ideology prior,18,125152.0,0.09852095441055624,,0.5076285321821037,,,0.6061494865926599,,,0.0985209544105562,,0.2754611459968603,0.1823300461494308,-0.09313109984742948,0.2169103218210361,0.2115204672579093,-0.005389854563126795,,,
PRAHRAN,Inner Ring,ON,ALP+GRN+LNP,ideology prior,18,125152.0,0.09852095441055624,,0.5076285321821037,,,0.6061494865926599,,,0.0985209544105562,,0.2754611459968603,0.1823300461494308,-0.09313109984742948,0.2169103218210361,0.2115204672579093,-0.005389854563126795,,,
RICHMOND,Inner Ring,ON,ALP+GRN+LNP,ideology prior,18,125152.0,0.09852095441055624,,0.5076285321821037,,,0.6061494865926599,,,0.0985209544105562,,0.2754611459968603,0.1823300461494308,-0.09313109984742948,0.2169103218210361,0.2115204672579093,-0.005389854563126795,,,
WILLIAMSTOWN,Inner Ring,ON,ALP+GRN+LNP,ideology prior,18,125152.0,0.09852095441055624,,0.5076285321821037,,,0.6061494865926599,,,0.0985209544105562,,0.2754611459968603,0.1823300461494308,-0.09313109984742948,0.2169103218210361,0.2115204672579093,-0.005389854563126795,,,
MULGRAVE,Middle Ring,OTH,ALP+GRN+IND+LNP+ON,full AEC row,11,70114.0,0.09778779715053659,0.1424479166666667,0.1974971064814815,0.4558174189814815,0.20932964560645767,0.2207199170932339,0.3580296218309449,0.06688172893979097,0.02322281061175241,-0.09778779715053659,0.10069589120370372,0.10418590837286915,0.0034900171691654297,0.10354166666666667,0.10773490709649444,0.0041932404298277715,,,
GIPPSLAND EAST,Regional,GRN,ALP+LNP+ON,ideology prior,3,26609.0,0.0951331124884535,,0.14768914142825215,0.09896235890701834,,0.24282225391670564,0.08425306649625271,,0.09513311248845349,-0.014709292410765629,0.7533484996647295,0.6729246795870416,-0.08042382007768789,,,,,,
MACEDON,Regional,GRN,ALP+LNP+ON,full AEC row,3,26609.0,0.09452225391670568,,0.1483,0.1,,0.24282225391670564,0.08425306649625271,,0.09452225391670566,-0.0157469335037473,0.7517,0.6729246795870416,-0.07877532041295843,,,,,,
MORWELL,Provincial,GRN,ALP+LNP+ON,ideology prior,3,26609.0,0.09042524210582711,,0.15239701181087853,0.1492007849351415,,0.24282225391670564,0.08425306649625271,,0.09042524210582711,-0.06494771843888879,0.69840220325398,0.6729246795870416,-0.02547752366693834,,,,,,
SUNBURY,Peri-urban,GRN,ALP+LNP+ON,full AEC row,3,26609.0,0.08858505694553218,,0.2647169811320755,0.15094339622641512,,0.24282225391670564,0.08425306649625271,,-0.021894727215369836,-0.06669032973016241,0.5843396226415095,0.6729246795870416,0.08858505694553209,,,,,,
WARRANDYTE,Outer Metro,GRN,ALP+LNP+ON,full AEC row,3,26609.0,0.08782225391670569,,0.15500000000000003,0.08653846153846155,,0.24282225391670564,0.08425306649625271,,0.08782225391670562,-0.002285395042208843,0.7584615384615385,0.6729246795870416,-0.08553685887449691,,,,,,
POLWARTH,Regional,GRN,ALP+LNP+ON,full AEC row,3,26609.0,0.08652225391670568,,0.1563,0.1,,0.24282225391670564,0.08425306649625271,,0.08652225391670565,-0.0157469335037473,0.7437,0.6729246795870416,-0.07077532041295842,,,,,,
FRANKSTON,Outer Metro,GRN,ALP+LNP+ON,full AEC row,3,26609.0,0.0849376385320903,,0.1578846153846154,0.08653846153846154,,0.24282225391670564,0.08425306649625271,,0.08493763853209024,-0.0022853950422088293,0.7555769230769231,0.6729246795870416,-0.08265224348988154,,,,,,
EUROA,Regional,GRN,ALP+LNP+ON,ideology prior,3,26609.0,0.08485188753739534,,0.1579703663793103,0.09888200431034481,,0.24282225391670564,0.08425306649625271,,0.08485188753739534,-0.014628937814092108,0.7431476293103448,0.6729246795870416,-0.07022294972330323,,,,,,
PAKENHAM,Peri-urban,GRN,ALP+LNP+ON,ideology prior,3,26609.0,0.08455252198833452,,0.15826973192837118,0.14455394348057338,,0.24282225391670564,0.08425306649625271,,0.08455252198833446,-0.06030087698432067,0.6971763245910555,0.6729246795870416,-0.02425164500401389,,,,,,
BASS,Regional,GRN,ALP+LNP+ON,full AEC row,3,26609.0,0.0845246795870416,,0.3116,0.1,,0.24282225391670564,0.08425306649625271,,-0.06877774608329434,-0.0157469335037473,0.5884,0.6729246795870416,0.08452467958704157,,,,,,
BENDIGO WEST,Provincial,GRN,ALP+LNP+ON,full AEC row,3,26609.0,0.08423734825632828,,0.15858490566037736,0.1509433962264151,,0.24282225391670564,0.08425306649625271,,0.08423734825632828,-0.06669032973016238,0.6904716981132075,0.6729246795870416,-0.017547018526165914,,,,,,
NARRACAN,Regional,OTH,ALP+GRN+IND+LNP+ON,ideology prior,11,70114.0,0.08222773111023161,0.20220588235294118,0.1769301470588235,0.44025735294117646,0.20932964560645767,0.2207199170932339,0.3580296218309449,0.007123763253516491,0.0437897700344104,-0.08222773111023157,0.08409926470588235,0.10418590837286915,0.0200866436669868,0.09650735294117647,0.10773490709649444,0.011227554155317968,,,
ASHWOOD,Middle Ring,ON,ALP+GRN+LNP,ideology prior,18,125152.0,0.08114716409048847,,0.6366892911010558,,,0.6061494865926599,,,-0.030539804508395885,,0.23293740573152338,0.1823300461494308,-0.05060735958209259,0.13037330316742082,0.2115204672579093,0.08114716409048847,,,
BAYSWATER,Outer Metro,ON,ALP+GRN+LNP,ideology prior,18,125152.0,0.08114716409048847,,0.6366892911010558,,,0.6061494865926599,,,-0.030539804508395885,,0.23293740573152338,0.1823300461494308,-0.05060735958209259,0.13037330316742082,0.2115204672579093,0.08114716409048847,,,
BENTLEIGH,Middle Ring,ON,ALP+GRN+LNP,ideology prior,18,125152.0,0.08114716409048847,,0.6366892911010558,,,0.6061494865926599,,,-0.030539804508395885,,0.23293740573152338,0.1823300461494308,-0.05060735958209259,0.13037330316742082,0.2115204672579093,0.08114716409048847,,,
BOX HILL,Middle ring,ON,ALP+GRN+LNP,ideology prior,18,125152.0,0.08114716409048847,,0.6366892911010558,,,0.6061494865926599,,,-0.030539804508395885,,0.23293740573152338,0.1823300461494308,-0.05060735958209259,0.13037330316742082,0.2115204672579093,0.08114716409048847,,,
BROADMEADOWS,Outer Metro,ON,ALP+GRN+LNP,ideology prior,18,125152.0,0.08114716409048847,,0.6366892911010558,,,0.6061494865926599,,,-0.030539804508395885,,0.23293740573152338,0.1823300461494308,-0.05060735958209259,0.13037330316742082,0.2115204672579093,0.08114716409048847,,,
BULLEEN,Middle ring,ON,ALP+GRN+LNP,ideology prior,18,125152.0,0.08114716409048847,,0.6366892911010558,,,0.6061494865926599,,,-0.030539804508395885,,0.23293740573152338,0.1823300461494308,-0.05060735958209259,0.13037330316742082,0.2115204672579093,0.08114716409048847,,,
BUNDOORA,Middle ring,ON,ALP+GRN+LNP,ideology prior,18,125152.0,0.08114716409048847,,0.6366892911010558,,,0.6061494865926599,,,-0.030539804508395885,,0.23293740573152338,0.1823300461494308,-0.05060735958209259,0.13037330316742082,0.2115204672579093,0.08114716409048847,,,
CLARINDA,Middle Ring,ON,ALP+GRN+LNP,ideology prior,18,125152.0,0.08114716409048847,,0.6366892911010558,,,0.6061494865926599,,,-0.030539804508395885,,0.23293740573152338,0.1823300461494308,-0.05060735958209259,0.13037330316742082,0.2115204672579093,0.08114716409048847,,,
CRANBOURNE,Outer Metro,ON,ALP+GRN+LNP,ideology prior,18,125152.0,0.08114716409048847,,0.6366892911010558,,,0.6061494865926599,,,-0.030539804508395885,,0.23293740573152338,0.1823300461494308,-0.05060735958209259,0.13037330316742082,0.2115204672579093,0.08114716409048847,,,
CROYDON,Outer Metro,ON,ALP+GRN+LNP,ideology prior,18,125152.0,0.08114716409048847,,0.6366892911010558,,,0.6061494865926599,,,-0.030539804508395885,,0.23293740573152338,0.1823300461494308,-0.05060735958209259,0.13037330316742082,0.2115204672579093,0.08114716409048847,,,
DANDENONG,Outer Metro,ON,ALP+GRN+LNP,ideology prior,18,125152.0,0.08114716409048847,,0.6366892911010558,,,0.6061494865926599,,,-0.030539804508395885,,0.23293740573152338,0.1823300461494308,-0.05060735958209259,0.13037330316742082,0.2115204672579093,0.08114716409048847,,,
ELTHAM,Outer Metro,ON,ALP+GRN+LNP,ideology prior,18,125152.0,0.08114716409048847,,0.6366892911010558,,,0.6061494865926599,,,-0.030539804508395885,,0.23293740573152338,0.1823300461494308,-0.05060735958209259,0.13037330316742082,0.2115204672579093,0.08114716409048847,,,
ESSENDON,Middle Ring,ON,ALP+GRN+LNP,ideology prior,18,125152.0,0.08114716409048847,,0.6366892911010558,,,0.6061494865926599,,,-0.030539804508395885,,0.23293740573152338,0.1823300461494308,-0.05060735958209259,0.13037330316742082,0.2115204672579093,0.08114716409048847,,,
FRANKSTON,Outer Metro,ON,ALP+GRN+LNP,ideology prior,18,125152.0,0.08114716409048847,,0.6366892911010558,,,0.6061494865926599,,,-0.030539804508395885,,0.23293740573152338,0.1823300461494308,-0.05060735958209259,0.13037330316742082,0.2115204672579093,0.08114716409048847,,,
GLEN WAVERLEY,Middle ring,ON,ALP+GRN+LNP,ideology prior,18,125152.0,0.08114716409048847,,0.6366892911010558,,,0.6061494865926599,,,-0.030539804508395885,,0.23293740573152338,0.1823300461494308,-0.05060735958209259,0.13037330316742082,0.2115204672579093,0.08114716409048847,,,
GREENVALE,Outer Metro,ON,ALP+GRN+LNP,ideology prior,18,125152.0,0.08114716409048847,,0.6366892911010558,,,0.6061494865926599,,,-0.030539804508395885,,0.23293740573152338,0.1823300461494308,-0.05060735958209259,0.13037330316742082,0.2115204672579093,0.08114716409048847,,,
IVANHOE,Middle ring,ON,ALP+GRN+LNP,ideology prior,18,125152.0,0.08114716409048847,,0.6366892911010558,,,0.6061494865926599,,,-0.030539804508395885,,0.23293740573152338,0.1823300461494308,-0.05060735958209259,0.13037330316742082,0.2115204672579093,0.08114716409048847,,,
KOROROIT,Outer Metro,ON,ALP+GRN+LNP,ideology prior,18,125152.0,0.08114716409048847,,0.6366892911010558,,,0.6061494865926599,,,-0.030539804508395885,,0.23293740573152338,0.1823300461494308,-0.05060735958209259,0.13037330316742082,0.2115204672579093,0.08114716409048847,,,
LAVERTON,Middle Ring,ON,ALP+GRN+LNP,ideology prior,18,125152.0,0.08114716409048847,,0.6366892911010558,,,0.6061494865926599,,,-0.030539804508395885,,0.23293740573152338,0.1823300461494308,-0.05060735958209259,0.13037330316742082,0.2115204672579093,0.08114716409048847,,,
MILL PARK,Outer Metro,ON,ALP+GRN+LNP,ideology prior,18,125152.0,0.08114716409048847,,0.6366892911010558,,,0.6061494865926599,,,-0.030539804508395885,,0.23293740573152338,0.1823300461494308,-0.05060735958209259,0.13037330316742082,0.2115204672579093,0.08114716409048847,,,
MORDIALLOC,Middle Ring,ON,ALP+GRN+LNP,ideology prior,18,125152.0,0.08114716409048847,,0.6366892911010558,,,0.6061494865926599,,,-0.030539804508395885,,0.23293740573152338,0.1823300461494308,-0.05060735958209259,0.13037330316742082,0.2115204672579093,0.08114716409048847,,,
MULGRAVE,Middle Ring,ON,ALP+GRN+LNP,ideology prior,18,125152.0,0.08114716409048847,,0.6366892911010558,,,0.6061494865926599,,,-0.030539804508395885,,0.23293740573152338,0.1823300461494308,-0.05060735958209259,0.13037330316742082,0.2115204672579093,0.08114716409048847,,,
NARRE WARREN NORTH,Outer Metro,ON,ALP+GRN+LNP,ideology prior,18,125152.0,0.08114716409048847,,0.6366892911010558,,,0.6061494865926599,,,-0.030539804508395885,,0.23293740573152338,0.1823300461494308,-0.05060735958209259,0.13037330316742082,0.2115204672579093,0.08114716409048847,,,
NARRE WARREN SOUTH,Outer Metro,ON,ALP+GRN+LNP,ideology prior,18,125152.0,0.08114716409048847,,0.6366892911010558,,,0.6061494865926599,,,-0.030539804508395885,,0.23293740573152338,0.1823300461494308,-0.05060735958209259,0.13037330316742082,0.2115204672579093,0.08114716409048847,,,
NIDDRIE,Middle Ring,ON,ALP+GRN+LNP,ideology prior,18,125152.0,0.08114716409048847,,0.6366892911010558,,,0.6061494865926599,,,-0.030539804508395885,,0.23293740573152338,0.1823300461494308,-0.05060735958209259,0.13037330316742082,0.2115204672579093,0.08114716409048847,,,
OAKLEIGH,Middle Ring,ON,ALP+GRN+LNP,ideology prior,18,125152.0,0.08114716409048847,,0.6366892911010558,,,0.6061494865926599,,,-0.030539804508395885,,0.23293740573152338,0.1823300461494308,-0.05060735958209259,0.13037330316742082,0.2115204672579093,0.08114716409048847,,,
PASCOE VALE,Middle Ring,ON,ALP+GRN+LNP,ideology prior,18,125152.0,0.08114716409048847,,0.6366892911010558,,,0.6061494865926599,,,-0.030539804508395885,,0.23293740573152338,0.1823300461494308,-0.05060735958209259,0.13037330316742082,0.2115204672579093,0.08114716409048847,,,
POINT COOK,Outer Metro,ON,ALP+GRN+LNP,ideology prior,18,125152.0,0.08114716409048847,,0.6366892911010558,,,0.6061494865926599,,,-0.030539804508395885,,0.23293740573152338,0.1823300461494308,-0.05060735958209259,0.13037330316742082,0.2115204672579093,0.08114716409048847,,,
PRESTON,Middle Ring,ON,ALP+GRN+LNP,ideology prior,18,125152.0,0.08114716409048847,,0.6366892911010558,,,0.6061494865926599,,,-0.030539804508395885,,0.23293740573152338,0.1823300461494308,-0.05060735958209259,0.13037330316742082,0.2115204672579093,0.08114716409048847,,,
RINGWOOD,Outer Metro,ON,ALP+GRN+LNP,ideology prior,18,125152.0,0.08114716409048847,,0.6366892911010558,,,0.6061494865926599,,,-0.030539804508395885,,0.23293740573152338,0.1823300461494308,-0.05060735958209259,0.13037330316742082,0.2115204672579093,0.08114716409048847,,,
ROWVILLE,Outer Metro,ON,ALP+GRN+LNP,ideology prior,18,125152.0,0.08114716409048847,,0.6366892911010558,,,0.6061494865926599,,,-0.030539804508395885,,0.23293740573152338,0.1823300461494308,-0.05060735958209259,0.13037330316742082,0.2115204672579093,0.08114716409048847,,,
SANDRINGHAM,Middle Ring,ON,ALP+GRN+LNP,ideology prior,18,125152.0,0.08114716409048847,,0.6366892911010558,,,0.6061494865926599,,,-0.030539804508395885,,0.23293740573152338,0.1823300461494308,-0.05060735958209259,0.13037330316742082,0.2115204672579093,0.08114716409048847,,,
ST ALBANS,Middle Ring,ON,ALP+GRN+LNP,ideology prior,18,125152.0,0.08114716409048847,,0.6366892911010558,,,0.6061494865926599,,,-0.030539804508395885,,0.23293740573152338,0.1823300461494308,-0.05060735958209259,0.13037330316742082,0.2115204672579093,0.08114716409048847,,,
SYDENHAM,Outer Metro,ON,ALP+GRN+LNP,ideology prior,18,125152.0,0.08114716409048847,,0.6366892911010558,,,0.6061494865926599,,,-0.030539804508395885,,0.23293740573152338,0.1823300461494308,-0.05060735958209259,0.13037330316742082,0.2115204672579093,0.08114716409048847,,,
TARNEIT,Outer Metro,ON,ALP+GRN+LNP,ideology prior,18,125152.0,0.08114716409048847,,0.6366892911010558,,,0.6061494865926599,,,-0.030539804508395885,,0.23293740573152338,0.1823300461494308,-0.05060735958209259,0.13037330316742082,0.2115204672579093,0.08114716409048847,,,
THOMASTOWN,Outer Metro,ON,ALP+GRN+LNP,ideology prior,18,125152.0,0.08114716409048847,,0.6366892911010558,,,0.6061494865926599,,,-0.030539804508395885,,0.23293740573152338,0.1823300461494308,-0.05060735958209259,0.13037330316742082,0.2115204672579093,0.08114716409048847,,,
WARRANDYTE,Outer Metro,ON,ALP+GRN+LNP,ideology prior,18,125152.0,0.08114716409048847,,0.6366892911010558,,,0.6061494865926599,,,-0.030539804508395885,,0.23293740573152338,0.1823300461494308,-0.05060735958209259,0.13037330316742082,0.2115204672579093,0.08114716409048847,,,
EVELYN,Peri-urban,GRN,ALP+LNP+ON,full AEC row,3,26609.0,0.07990581166251337,,0.25603773584905665,0.15094339622641512,,0.24282225391670564,0.08425306649625271,,-0.013215481932351003,-0.06669032973016241,0.5930188679245283,0.6729246795870416,0.07990581166251332,,,,,,
LOWAN,Regional,GRN,ALP+LNP+ON,ideology prior,3,26609.0,0.07733897681769894,,0.1654832770990067,0.09869898181277184,,0.24282225391670564,0.08425306649625271,,0.07733897681769894,-0.014445915316519134,0.7358177410882214,0.6729246795870416,-0.06289306150117979,,,,,,
ASHWOOD,Middle Ring,ON,ALP+LNP,ideology prior,3,38627.0,0.07246821490740413,,0.7252597402597403,,,0.7977279551671445,,,0.07246821490740418,,0.27474025974025973,0.20227204483285566,-0.07246821490740407,,,,,,
BAYSWATER,Outer Metro,ON,ALP+LNP,ideology prior,3,38627.0,0.07246821490740413,,0.7252597402597403,,,0.7977279551671445,,,0.07246821490740418,,0.27474025974025973,0.20227204483285566,-0.07246821490740407,,,,,,
BENTLEIGH,Middle Ring,ON,ALP+LNP,ideology prior,3,38627.0,0.07246821490740413,,0.7252597402597403,,,0.7977279551671445,,,0.07246821490740418,,0.27474025974025973,0.20227204483285566,-0.07246821490740407,,,,,,
BOX HILL,Middle ring,ON,ALP+LNP,ideology prior,3,38627.0,0.07246821490740413,,0.7252597402597403,,,0.7977279551671445,,,0.07246821490740418,,0.27474025974025973,0.20227204483285566,-0.07246821490740407,,,,,,
BROADMEADOWS,Outer Metro,ON,ALP+LNP,ideology prior,3,38627.0,0.07246821490740413,,0.7252597402597403,,,0.7977279551671445,,,0.07246821490740418,,0.27474025974025973,0.20227204483285566,-0.07246821490740407,,,,,,
BULLEEN,Middle ring,ON,ALP+LNP,ideology prior,3,38627.0,0.07246821490740413,,0.7252597402597403,,,0.7977279551671445,,,0.07246821490740418,,0.27474025974025973,0.20227204483285566,-0.07246821490740407,,,,,,
BUNDOORA,Middle ring,ON,ALP+LNP,ideology prior,3,38627.0,0.07246821490740413,,0.7252597402597403,,,0.7977279551671445,,,0.07246821490740418,,0.27474025974025973,0.20227204483285566,-0.07246821490740407,,,,,,
CLARINDA,Middle Ring,ON,ALP+LNP,ideology prior,3,38627.0,0.07246821490740413,,0.7252597402597403,,,0.7977279551671445,,,0.07246821490740418,,0.27474025974025973,0.20227204483285566,-0.07246821490740407,,,,,,
CRANBOURNE,Outer Metro,ON,ALP+LNP,ideology prior,3,38627.0,0.07246821490740413,,0.7252597402597403,,,0.7977279551671445,,,0.07246821490740418,,0.27474025974025973,0.20227204483285566,-0.07246821490740407,,,,,,
CROYDON,Outer Metro,ON,ALP+LNP,ideology prior,3,38627.0,0.07246821490740413,,0.7252597402597403,,,0.7977279551671445,,,0.07246821490740418,,0.27474025974025973,0.20227204483285566,-0.07246821490740407,,,,,,
DANDENONG,Outer Metro,ON,ALP+LNP,ideology prior,3,38627.0,0.07246821490740413,,0.7252597402597403,,,0.7977279551671445,,,0.07246821490740418,,0.27474025974025973,0.20227204483285566,-0.07246821490740407,,,,,,
ELTHAM,Outer Metro,ON,ALP+LNP,ideology prior,3,38627.0,0.07246821490740413,,0.7252597402597403,,,0.7977279551671445,,,0.07246821490740418,,0.27474025974025973,0.20227204483285566,-0.07246821490740407,,,,,,
ESSENDON,Middle Ring,ON,ALP+LNP,ideology prior,3,38627.0,0.07246821490740413,,0.7252597402597403,,,0.7977279551671445,,,0.07246821490740418,,0.27474025974025973,0.20227204483285566,-0.07246821490740407,,,,,,
FRANKSTON,Outer Metro,ON,ALP+LNP,ideology prior,3,38627.0,0.07246821490740413,,0.7252597402597403,,,0.7977279551671445,,,0.07246821490740418,,0.27474025974025973,0.20227204483285566,-0.07246821490740407,,,,,,
GLEN WAVERLEY,Middle ring,ON,ALP+LNP,ideology prior,3,38627.0,0.07246821490740413,,0.7252597402597403,,,0.7977279551671445,,,0.07246821490740418,,0.27474025974025973,0.20227204483285566,-0.07246821490740407,,,,,,
GREENVALE,Outer Metro,ON,ALP+LNP,ideology prior,3,38627.0,0.07246821490740413,,0.7252597402597403,,,0.7977279551671445,,,0.07246821490740418,,0.27474025974025973,0.20227204483285566,-0.07246821490740407,,,,,,
IVANHOE,Middle ring,ON,ALP+LNP,ideology prior,3,38627.0,0.07246821490740413,,0.7252597402597403,,,0.7977279551671445,,,0.07246821490740418,,0.27474025974025973,0.20227204483285566,-0.07246821490740407,,,,,,
KOROROIT,Outer Metro,ON,ALP+LNP,ideology prior,3,38627.0,0.07246821490740413,,0.7252597402597403,,,0.7977279551671445,,,0.07246821490740418,,0.27474025974025973,0.20227204483285566,-0.07246821490740407,,,,,,
LAVERTON,Middle Ring,ON,ALP+LNP,ideology prior,3,38627.0,0.07246821490740413,,0.7252597402597403,,,0.7977279551671445,,,0.07246821490740418,,0.27474025974025973,0.20227204483285566,-0.07246821490740407,,,,,,
MILL PARK,Outer Metro,ON,ALP+LNP,ideology prior,3,38627.0,0.07246821490740413,,0.7252597402597403,,,0.7977279551671445,,,0.07246821490740418,,0.27474025974025973,0.20227204483285566,-0.07246821490740407,,,,,,
MORDIALLOC,Middle Ring,ON,ALP+LNP,ideology prior,3,38627.0,0.07246821490740413,,0.7252597402597403,,,0.7977279551671445,,,0.07246821490740418,,0.27474025974025973,0.20227204483285566,-0.07246821490740407,,,,,,
MULGRAVE,Middle Ring,ON,ALP+LNP,ideology prior,3,38627.0,0.07246821490740413,,0.7252597402597403,,,0.7977279551671445,,,0.07246821490740418,,0.27474025974025973,0.20227204483285566,-0.07246821490740407,,,,,,
NARRE WARREN NORTH,Outer Metro,ON,ALP+LNP,ideology prior,3,38627.0,0.07246821490740413,,0.7252597402597403,,,0.7977279551671445,,,0.07246821490740418,,0.27474025974025973,0.20227204483285566,-0.07246821490740407,,,,,,
NARRE WARREN SOUTH,Outer Metro,ON,ALP+LNP,ideology prior,3,38627.0,0.07246821490740413,,0.7252597402597403,,,0.7977279551671445,,,0.07246821490740418,,0.27474025974025973,0.20227204483285566,-0.07246821490740407,,,,,,
NIDDRIE,Middle Ring,ON,ALP+LNP,ideology prior,3,38627.0,0.07246821490740413,,0.7252597402597403,,,0.7977279551671445,,,0.07246821490740418,,0.27474025974025973,0.20227204483285566,-0.07246821490740407,,,,,,
OAKLEIGH,Middle Ring,ON,ALP+LNP,ideology prior,3,38627.0,0.07246821490740413,,0.7252597402597403,,,0.7977279551671445,,,0.07246821490740418,,0.27474025974025973,0.20227204483285566,-0.07246821490740407,,,,,,
PASCOE VALE,Middle Ring,ON,ALP+LNP,ideology prior,3,38627.0,0.07246821490740413,,0.7252597402597403,,,0.7977279551671445,,,0.07246821490740418,,0.27474025974025973,0.20227204483285566,-0.07246821490740407,,,,,,
POINT COOK,Outer Metro,ON,ALP+LNP,ideology prior,3,38627.0,0.07246821490740413,,0.7252597402597403,,,0.7977279551671445,,,0.07246821490740418,,0.27474025974025973,0.20227204483285566,-0.07246821490740407,,,,,,
PRESTON,Middle Ring,ON,ALP+LNP,ideology prior,3,38627.0,0.07246821490740413,,0.7252597402597403,,,0.7977279551671445,,,0.07246821490740418,,0.27474025974025973,0.20227204483285566,-0.07246821490740407,,,,,,
RINGWOOD,Outer Metro,ON,ALP+LNP,ideology prior,3,38627.0,0.07246821490740413,,0.7252597402597403,,,0.7977279551671445,,,0.07246821490740418,,0.27474025974025973,0.20227204483285566,-0.07246821490740407,,,,,,
ROWVILLE,Outer Metro,ON,ALP+LNP,ideology prior,3,38627.0,0.07246821490740413,,0.7252597402597403,,,0.7977279551671445,,,0.07246821490740418,,0.27474025974025973,0.20227204483285566,-0.07246821490740407,,,,,,
SANDRINGHAM,Middle Ring,ON,ALP+LNP,ideology prior,3,38627.0,0.07246821490740413,,0.7252597402597403,,,0.7977279551671445,,,0.07246821490740418,,0.27474025974025973,0.20227204483285566,-0.07246821490740407,,,,,,
ST ALBANS,Middle Ring,ON,ALP+LNP,ideology prior,3,38627.0,0.07246821490740413,,0.7252597402597403,,,0.7977279551671445,,,0.07246821490740418,,0.27474025974025973,0.20227204483285566,-0.07246821490740407,,,,,,
SYDENHAM,Outer Metro,ON,ALP+LNP,ideology prior,3,38627.0,0.07246821490740413,,0.7252597402597403,,,0.7977279551671445,,,0.07246821490740418,,0.27474025974025973,0.20227204483285566,-0.07246821490740407,,,,,,
TARNEIT,Outer Metro,ON,ALP+LNP,ideology prior,3,38627.0,0.07246821490740413,,0.7252597402597403,,,0.7977279551671445,,,0.07246821490740418,,0.27474025974025973,0.20227204483285566,-0.07246821490740407,,,,,,
THOMASTOWN,Outer Metro,ON,ALP+LNP,ideology prior,3,38627.0,0.07246821490740413,,0.7252597402597403,,,0.7977279551671445,,,0.07246821490740418,,0.27474025974025973,0.20227204483285566,-0.07246821490740407,,,,,,
WARRANDYTE,Outer Metro,ON,ALP+LNP,ideology prior,3,38627.0,0.07246821490740413,,0.7252597402597403,,,0.7977279551671445,,,0.07246821490740418,,0.27474025974025973,0.20227204483285566,-0.07246821490740407,,,,,,
MORDIALLOC,Middle Ring,GRN,ALP+LNP+ON,full AEC row,3,26609.0,0.06916840776285955,,0.17365384615384616,0.08653846153846155,,0.24282225391670564,0.08425306649625271,,0.06916840776285949,-0.002285395042208843,0.7398076923076924,0.6729246795870416,-0.06688301272065078,,,,,,
MONBULK,Peri-urban,GRN,ALP+LNP+ON,full AEC row,3,26609.0,0.0666903297301624,,0.21377358490566037,0.1509433962264151,,0.24282225391670564,0.08425306649625271,,0.029048669011045275,-0.06669032973016238,0.6352830188679245,0.6729246795870416,0.03764166071911712,,,,,,
SOUTH BARWON,Provincial,GRN,ALP+LNP+ON,full AEC row,3,26609.0,0.0666903297301624,,0.1979245283018868,0.1509433962264151,,0.24282225391670564,0.08425306649625271,,0.044897725614818834,-0.06669032973016238,0.651132075471698,0.6729246795870416,0.02179260411534356,,,,,,
BELLARINE,Peri-urban,GRN,ALP+LNP+ON,full AEC row,3,26609.0,0.06669032973016237,,0.21537735849056602,0.15094339622641512,,0.24282225391670564,0.08425306649625271,,0.02744489542613962,-0.06669032973016241,0.6336792452830189,0.6729246795870416,0.03924543430402272,,,,,,
BENDIGO EAST,Provincial,GRN,ALP+LNP+ON,full AEC row,3,26609.0,0.06669032973016237,,0.2197169811320755,0.15094339622641512,,0.24282225391670564,0.08425306649625271,,0.02310527278463015,-0.06669032973016241,0.6293396226415094,0.6729246795870416,0.043585056945532163,,,,,,
GEELONG,Provincial,GRN,ALP+LNP+ON,full AEC row,3,26609.0,0.06669032973016237,,0.17764150943396226,0.1509433962264151,,0.24282225391670564,0.08425306649625271,,0.06518074448274339,-0.06669032973016238,0.6714150943396227,0.6729246795870416,0.0015095852474189542,,,,,,
NEPEAN,Peri-urban,GRN,ALP+LNP+ON,full AEC row,3,26609.0,0.06669032973016237,,0.23424528301886793,0.15094339622641512,,0.24282225391670564,0.08425306649625271,,0.00857697089783771,-0.06669032973016241,0.614811320754717,0.6729246795870416,0.0581133588323246,,,,,,
WENDOUREE,Provincial,GRN,ALP+LNP+ON,full AEC row,3,26609.0,0.06669032973016234,,0.21047169811320757,0.15094339622641512,,0.24282225391670564,0.08425306649625271,,0.03235055580349808,-0.06669032973016241,0.6385849056603774,0.6729246795870416,0.03433977392666421,,,,,,
CROYDON,Outer Metro,GRN,ALP+LNP+ON,full AEC row,3,26609.0,0.06455302314747491,,0.17826923076923076,0.08653846153846155,,0.24282225391670564,0.08425306649625271,,0.06455302314747488,-0.002285395042208843,0.7351923076923077,0.6729246795870416,-0.06226762810526609,,,,,,
SHEPPARTON,Provincial,GRN,ALP+LNP+ON,ideology prior,3,26609.0,0.05908051694717368,,0.19900026611300725,0.14333358344342642,,0.24282225391670564,0.08425306649625271,,0.04382198780369839,-0.059080516947173714,0.6576661504435664,0.6729246795870416,0.015258529143475252,,,,,,
BROADMEADOWS,Outer Metro,GRN,ALP+LNP+ON,full AEC row,3,26609.0,0.05176456160901333,,0.19105769230769232,0.08653846153846154,,0.24282225391670564,0.08425306649625271,,0.051764561609013326,-0.0022853950422088293,0.7224038461538461,0.6729246795870416,-0.04947916656680451,,,,,,
BASS,Regional,ON,ALP+LNP,ideology prior,3,38627.0,0.04808306600346582,,0.8458110211706102,,,0.7977279551671445,,,-0.04808306600346579,,0.1541889788293898,0.20227204483285566,0.048083066003465846,,,,,,
BENAMBRA,Regional,ON,ALP+LNP,ideology prior,3,38627.0,0.04808306600346582,,0.8458110211706102,,,0.7977279551671445,,,-0.04808306600346579,,0.1541889788293898,0.20227204483285566,0.048083066003465846,,,,,,
EILDON,Regional,ON,ALP+LNP,ideology prior,3,38627.0,0.04808306600346582,,0.8458110211706102,,,0.7977279551671445,,,-0.04808306600346579,,0.1541889788293898,0.20227204483285566,0.048083066003465846,,,,,,
EUREKA,Regional,ON,ALP+LNP,ideology prior,3,38627.0,0.04808306600346582,,0.8458110211706102,,,0.7977279551671445,,,-0.04808306600346579,,0.1541889788293898,0.20227204483285566,0.048083066003465846,,,,,,
EUROA,Regional,ON,ALP+LNP,ideology prior,3,38627.0,0.04808306600346582,,0.8458110211706102,,,0.7977279551671445,,,-0.04808306600346579,,0.1541889788293898,0.20227204483285566,0.048083066003465846,,,,,,
GIPPSLAND EAST,Regional,ON,ALP+LNP,ideology prior,3,38627.0,0.04808306600346582,,0.8458110211706102,,,0.7977279551671445,,,-0.04808306600346579,,0.1541889788293898,0.20227204483285566,0.048083066003465846,,,,,,
GIPPSLAND SOUTH,Regional,ON,ALP+LNP,ideology prior,3,38627.0,0.04808306600346582,,0.8458110211706102,,,0.7977279551671445,,,-0.04808306600346579,,0.1541889788293898,0.20227204483285566,0.048083066003465846,,,,,,
HASTINGS,Regional,ON,ALP+LNP,ideology prior,3,38627.0,0.04808306600346582,,0.8458110211706102,,,0.7977279551671445,,,-0.04808306600346579,,0.1541889788293898,0.20227204483285566,0.048083066003465846,,,,,,
LOWAN,Regional,ON,ALP+LNP,ideology prior,3,38627.0,0.04808306600346582,,0.8458110211706102,,,0.7977279551671445,,,-0.04808306600346579,,0.1541889788293898,0.20227204483285566,0.048083066003465846,,,,,,
MACEDON,Regional,ON,ALP+LNP,ideology prior,3,38627.0,0.04808306600346582,,0.8458110211706102,,,0.7977279551671445,,,-0.04808306600346579,,0.1541889788293898,0.20227204483285566,0.048083066003465846,,,,,,
MILDURA,Regional,ON,ALP+LNP,ideology prior,3,38627.0,0.04808306600346582,,0.8458110211706102,,,0.7977279551671445,,,-0.04808306600346579,,0.1541889788293898,0.20227204483285566,0.048083066003465846,,,,,,
MURRAY PLAINS,Regional,ON,ALP+LNP,ideology prior,3,38627.0,0.04808306600346582,,0.8458110211706102,,,0.7977279551671445,,,-0.04808306600346579,,0.1541889788293898,0.20227204483285566,0.048083066003465846,,,,,,
NARRACAN,Regional,ON,ALP+LNP,ideology prior,3,38627.0,0.04808306600346582,,0.8458110211706102,,,0.7977279551671445,,,-0.04808306600346579,,0.1541889788293898,0.20227204483285566,0.048083066003465846,,,,,,
OVENS VALLEY,Regional,ON,ALP+LNP,ideology prior,3,38627.0,0.04808306600346582,,0.8458110211706102,,,0.7977279551671445,,,-0.04808306600346579,,0.1541889788293898,0.20227204483285566,0.048083066003465846,,,,,,
POLWARTH,Regional,ON,ALP+LNP,ideology prior,3,38627.0,0.04808306600346582,,0.8458110211706102,,,0.7977279551671445,,,-0.04808306600346579,,0.1541889788293898,0.20227204483285566,0.048083066003465846,,,,,,
RIPON,Regional,ON,ALP+LNP,ideology prior,3,38627.0,0.04808306600346582,,0.8458110211706102,,,0.7977279551671445,,,-0.04808306600346579,,0.1541889788293898,0.20227204483285566,0.048083066003465846,,,,,,
SOUTH-WEST COAST,Regional,ON,ALP+LNP,ideology prior,3,38627.0,0.04808306600346582,,0.8458110211706102,,,0.7977279551671445,,,-0.04808306600346579,,0.1541889788293898,0.20227204483285566,0.048083066003465846,,,,,,
BAYSWATER,Outer Metro,GRN,ALP+LNP+ON,full AEC row,3,26609.0,0.04637994622439799,,0.1964423076923077,0.08653846153846155,,0.24282225391670564,0.08425306649625271,,0.04637994622439795,-0.002285395042208843,0.7170192307692308,0.6729246795870416,-0.04409455118218919,,,,,,
HASTINGS,Regional,GRN,ALP+LNP+ON,full AEC row,3,26609.0,0.04342225391670566,,0.19940000000000002,0.1,,0.24282225391670564,0.08425306649625271,,0.04342225391670562,-0.0157469335037473,0.7006,0.6729246795870416,-0.027675320412958393,,,,,,
BUNDOORA,Middle ring,GRN,ALP+LNP+ON,full AEC row,3,26609.0,0.04330302314747491,,0.19951923076923075,0.08653846153846154,,0.24282225391670564,0.08425306649625271,,0.04330302314747489,-0.0022853950422088293,0.7139423076923077,0.6729246795870416,-0.0410176281052661,,,,,,
OVENS VALLEY,Regional,GRN,ALP+LNP+ON,full AEC row,3,26609.0,0.03532467958704162,,0.2624,0.10000000000000002,,0.24282225391670564,0.08425306649625271,,-0.01957774608329438,-0.015746933503747312,0.6376000000000001,0.6729246795870416,0.03532467958704155,,,,,,
EILDON,Regional,GRN,ALP+LNP+ON,full AEC row,3,26609.0,0.03162225391670565,,0.2112,0.1,,0.24282225391670564,0.08425306649625271,,0.031622253916705645,-0.0157469335037473,0.6888,0.6729246795870416,-0.01587532041295836,,,,,,
TARNEIT,Outer Metro,GRN,ALP+LNP+ON,full AEC row,3,26609.0,0.027918407762859573,,0.2149038461538461,0.08653846153846155,,0.24282225391670564,0.08425306649625271,,0.027918407762859532,-0.002285395042208843,0.6985576923076924,0.6729246795870416,-0.025633012720650772,,,,,,
ASHWOOD,Middle Ring,ON,ALP+GRN+LNP+OTH,ideology prior,6,24739.0,0.027829722144779773,,0.5234088907430584,,,0.5169842039449719,,,-0.0064246867980864986,,0.17393269364483382,0.15816098284623026,-0.015771710798603567,0.08595234784221017,0.08031902329412052,-0.005633324548089652,0.21670606776989756,0.2445357899146774,0.027829722144779828
BAYSWATER,Outer Metro,ON,ALP+GRN+LNP+OTH,ideology prior,6,24739.0,0.027829722144779773,,0.5234088907430584,,,0.5169842039449719,,,-0.0064246867980864986,,0.17393269364483382,0.15816098284623026,-0.015771710798603567,0.08595234784221017,0.08031902329412052,-0.005633324548089652,0.21670606776989756,0.2445357899146774,0.027829722144779828
BENTLEIGH,Middle Ring,ON,ALP+GRN+LNP+OTH,ideology prior,6,24739.0,0.027829722144779773,,0.5234088907430584,,,0.5169842039449719,,,-0.0064246867980864986,,0.17393269364483382,0.15816098284623026,-0.015771710798603567,0.08595234784221017,0.08031902329412052,-0.005633324548089652,0.21670606776989756,0.2445357899146774,0.027829722144779828
BOX HILL,Middle ring,ON,ALP+GRN+LNP+OTH,ideology prior,6,24739.0,0.027829722144779773,,0.5234088907430584,,,0.5169842039449719,,,-0.0064246867980864986,,0.17393269364483382,0.15816098284623026,-0.015771710798603567,0.08595234784221017,0.08031902329412052,-0.005633324548089652,0.21670606776989756,0.2445357899146774,0.027829722144779828
BROADMEADOWS,Outer Metro,ON,ALP+GRN+LNP+OTH,ideology prior,6,24739.0,0.027829722144779773,,0.5234088907430584,,,0.5169842039449719,,,-0.0064246867980864986,,0.17393269364483382,0.15816098284623026,-0.015771710798603567,0.08595234784221017,0.08031902329412052,-0.005633324548089652,0.21670606776989756,0.2445357899146774,0.027829722144779828
BULLEEN,Middle ring,ON,ALP+GRN+LNP+OTH,ideology prior,6,24739.0,0.027829722144779773,,0.5234088907430584,,,0.5169842039449719,,,-0.0064246867980864986,,0.17393269364483382,0.15816098284623026,-0.015771710798603567,0.08595234784221017,0.08031902329412052,-0.005633324548089652,0.21670606776989756,0.2445357899146774,0.027829722144779828
BUNDOORA,Middle ring,ON,ALP+GRN+LNP+OTH,ideology prior,6,24739.0,0.027829722144779773,,0.5234088907430584,,,0.5169842039449719,,,-0.0064246867980864986,,0.17393269364483382,0.15816098284623026,-0.015771710798603567,0.08595234784221017,0.08031902329412052,-0.005633324548089652,0.21670606776989756,0.2445357899146774,0.027829722144779828
CLARINDA,Middle Ring,ON,ALP+GRN+LNP+OTH,ideology prior,6,24739.0,0.027829722144779773,,0.5234088907430584,,,0.5169842039449719,,,-0.0064246867980864986,,0.17393269364483382,0.15816098284623026,-0.015771710798603567,0.08595234784221017,0.08031902329412052,-0.005633324548089652,0.21670606776989756,0.2445357899146774,0.027829722144779828
CRANBOURNE,Outer Metro,ON,ALP+GRN+LNP+OTH,ideology prior,6,24739.0,0.027829722144779773,,0.5234088907430584,,,0.5169842039449719,,,-0.0064246867980864986,,0.17393269364483382,0.15816098284623026,-0.015771710798603567,0.08595234784221017,0.08031902329412052,-0.005633324548089652,0.21670606776989756,0.2445357899146774,0.027829722144779828
CROYDON,Outer Metro,ON,ALP+GRN+LNP+OTH,ideology prior,6,24739.0,0.027829722144779773,,0.5234088907430584,,,0.5169842039449719,,,-0.0064246867980864986,,0.17393269364483382,0.15816098284623026,-0.015771710798603567,0.08595234784221017,0.08031902329412052,-0.005633324548089652,0.21670606776989756,0.2445357899146774,0.027829722144779828
DANDENONG,Outer Metro,ON,ALP+GRN+LNP+OTH,ideology prior,6,24739.0,0.027829722144779773,,0.5234088907430584,,,0.5169842039449719,,,-0.0064246867980864986,,0.17393269364483382,0.15816098284623026,-0.015771710798603567,0.08595234784221017,0.08031902329412052,-0.005633324548089652,0.21670606776989756,0.2445357899146774,0.027829722144779828
ELTHAM,Outer Metro,ON,ALP+GRN+LNP+OTH,ideology prior,6,24739.0,0.027829722144779773,,0.5234088907430584,,,0.5169842039449719,,,-0.0064246867980864986,,0.17393269364483382,0.15816098284623026,-0.015771710798603567,0.08595234784221017,0.08031902329412052,-0.005633324548089652,0.21670606776989756,0.2445357899146774,0.027829722144779828
ESSENDON,Middle Ring,ON,ALP+GRN+LNP+OTH,ideology prior,6,24739.0,0.027829722144779773,,0.5234088907430584,,,0.5169842039449719,,,-0.0064246867980864986,,0.17393269364483382,0.15816098284623026,-0.015771710798603567,0.08595234784221017,0.08031902329412052,-0.005633324548089652,0.21670606776989756,0.2445357899146774,0.027829722144779828
FRANKSTON,Outer Metro,ON,ALP+GRN+LNP+OTH,ideology prior,6,24739.0,0.027829722144779773,,0.5234088907430584,,,0.5169842039449719,,,-0.0064246867980864986,,0.17393269364483382,0.15816098284623026,-0.015771710798603567,0.08595234784221017,0.08031902329412052,-0.005633324548089652,0.21670606776989756,0.2445357899146774,0.027829722144779828
GLEN WAVERLEY,Middle ring,ON,ALP+GRN+LNP+OTH,ideology prior,6,24739.0,0.027829722144779773,,0.5234088907430584,,,0.5169842039449719,,,-0.0064246867980864986,,0.17393269364483382,0.15816098284623026,-0.015771710798603567,0.08595234784221017,0.08031902329412052,-0.005633324548089652,0.21670606776989756,0.2445357899146774,0.027829722144779828
GREENVALE,Outer Metro,ON,ALP+GRN+LNP+OTH,ideology prior,6,24739.0,0.027829722144779773,,0.5234088907430584,,,0.5169842039449719,,,-0.0064246867980864986,,0.17393269364483382,0.15816098284623026,-0.015771710798603567,0.08595234784221017,0.08031902329412052,-0.005633324548089652,0.21670606776989756,0.2445357899146774,0.027829722144779828
IVANHOE,Middle ring,ON,ALP+GRN+LNP+OTH,ideology prior,6,24739.0,0.027829722144779773,,0.5234088907430584,,,0.5169842039449719,,,-0.0064246867980864986,,0.17393269364483382,0.15816098284623026,-0.015771710798603567,0.08595234784221017,0.08031902329412052,-0.005633324548089652,0.21670606776989756,0.2445357899146774,0.027829722144779828
KOROROIT,Outer Metro,ON,ALP+GRN+LNP+OTH,ideology prior,6,24739.0,0.027829722144779773,,0.5234088907430584,,,0.5169842039449719,,,-0.0064246867980864986,,0.17393269364483382,0.15816098284623026,-0.015771710798603567,0.08595234784221017,0.08031902329412052,-0.005633324548089652,0.21670606776989756,0.2445357899146774,0.027829722144779828
LAVERTON,Middle Ring,ON,ALP+GRN+LNP+OTH,ideology prior,6,24739.0,0.027829722144779773,,0.5234088907430584,,,0.5169842039449719,,,-0.0064246867980864986,,0.17393269364483382,0.15816098284623026,-0.015771710798603567,0.08595234784221017,0.08031902329412052,-0.005633324548089652,0.21670606776989756,0.2445357899146774,0.027829722144779828
MILL PARK,Outer Metro,ON,ALP+GRN+LNP+OTH,ideology prior,6,24739.0,0.027829722144779773,,0.5234088907430584,,,0.5169842039449719,,,-0.0064246867980864986,,0.17393269364483382,0.15816098284623026,-0.015771710798603567,0.08595234784221017,0.08031902329412052,-0.005633324548089652,0.21670606776989756,0.2445357899146774,0.027829722144779828
MORDIALLOC,Middle Ring,ON,ALP+GRN+LNP+OTH,ideology prior,6,24739.0,0.027829722144779773,,0.5234088907430584,,,0.5169842039449719,,,-0.0064246867980864986,,0.17393269364483382,0.15816098284623026,-0.015771710798603567,0.08595234784221017,0.08031902329412052,-0.005633324548089652,0.21670606776989756,0.2445357899146774,0.027829722144779828
MULGRAVE,Middle Ring,ON,ALP+GRN+LNP+OTH,ideology prior,6,24739.0,0.027829722144779773,,0.5234088907430584,,,0.5169842039449719,,,-0.0064246867980864986,,0.17393269364483382,0.15816098284623026,-0.015771710798603567,0.08595234784221017,0.08031902329412052,-0.005633324548089652,0.21670606776989756,0.2445357899146774,0.027829722144779828
NARRE WARREN NORTH,Outer Metro,ON,ALP+GRN+LNP+OTH,ideology prior,6,24739.0,0.027829722144779773,,0.5234088907430584,,,0.5169842039449719,,,-0.0064246867980864986,,0.17393269364483382,0.15816098284623026,-0.015771710798603567,0.08595234784221017,0.08031902329412052,-0.005633324548089652,0.21670606776989756,0.2445357899146774,0.027829722144779828
NARRE WARREN SOUTH,Outer Metro,ON,ALP+GRN+LNP+OTH,ideology prior,6,24739.0,0.027829722144779773,,0.5234088907430584,,,0.5169842039449719,,,-0.0064246867980864986,,0.17393269364483382,0.15816098284623026,-0.015771710798603567,0.08595234784221017,0.08031902329412052,-0.005633324548089652,0.21670606776989756,0.2445357899146774,0.027829722144779828
NIDDRIE,Middle Ring,ON,ALP+GRN+LNP+OTH,ideology prior,6,24739.0,0.027829722144779773,,0.5234088907430584,,,0.5169842039449719,,,-0.0064246867980864986,,0.17393269364483382,0.15816098284623026,-0.015771710798603567,0.08595234784221017,0.08031902329412052,-0.005633324548089652,0.21670606776989756,0.2445357899146774,0.027829722144779828
OAKLEIGH,Middle Ring,ON,ALP+GRN+LNP+OTH,ideology prior,6,24739.0,0.027829722144779773,,0.5234088907430584,,,0.5169842039449719,,,-0.0064246867980864986,,0.17393269364483382,0.15816098284623026,-0.015771710798603567,0.08595234784221017,0.08031902329412052,-0.005633324548089652,0.21670606776989756,0.2445357899146774,0.027829722144779828
PASCOE VALE,Middle Ring,ON,ALP+GRN+LNP+OTH,ideology prior,6,24739.0,0.027829722144779773,,0.5234088907430584,,,0.5169842039449719,,,-0.0064246867980864986,,0.17393269364483382,0.15816098284623026,-0.015771710798603567,0.08595234784221017,0.08031902329412052,-0.005633324548089652,0.21670606776989756,0.2445357899146774,0.027829722144779828
POINT COOK,Outer Metro,ON,ALP+GRN+LNP+OTH,ideology prior,6,24739.0,0.027829722144779773,,0.5234088907430584,,,0.5169842039449719,,,-0.0064246867980864986,,0.17393269364483382,0.15816098284623026,-0.015771710798603567,0.08595234784221017,0.08031902329412052,-0.005633324548089652,0.21670606776989756,0.2445357899146774,0.027829722144779828
PRESTON,Middle Ring,ON,ALP+GRN+LNP+OTH,ideology prior,6,24739.0,0.027829722144779773,,0.5234088907430584,,,0.5169842039449719,,,-0.0064246867980864986,,0.17393269364483382,0.15816098284623026,-0.015771710798603567,0.08595234784221017,0.08031902329412052,-0.005633324548089652,0.21670606776989756,0.2445357899146774,0.027829722144779828
RINGWOOD,Outer Metro,ON,ALP+GRN+LNP+OTH,ideology prior,6,24739.0,0.027829722144779773,,0.5234088907430584,,,0.5169842039449719,,,-0.0064246867980864986,,0.17393269364483382,0.15816098284623026,-0.015771710798603567,0.08595234784221017,0.08031902329412052,-0.005633324548089652,0.21670606776989756,0.2445357899146774,0.027829722144779828
ROWVILLE,Outer Metro,ON,ALP+GRN+LNP+OTH,ideology prior,6,24739.0,0.027829722144779773,,0.5234088907430584,,,0.5169842039449719,,,-0.0064246867980864986,,0.17393269364483382,0.15816098284623026,-0.015771710798603567,0.08595234784221017,0.08031902329412052,-0.005633324548089652,0.21670606776989756,0.2445357899146774,0.027829722144779828
SANDRINGHAM,Middle Ring,ON,ALP+GRN+LNP+OTH,ideology prior,6,24739.0,0.027829722144779773,,0.5234088907430584,,,0.5169842039449719,,,-0.0064246867980864986,,0.17393269364483382,0.15816098284623026,-0.015771710798603567,0.08595234784221017,0.08031902329412052,-0.005633324548089652,0.21670606776989756,0.2445357899146774,0.027829722144779828
ST ALBANS,Middle Ring,ON,ALP+GRN+LNP+OTH,ideology prior,6,24739.0,0.027829722144779773,,0.5234088907430584,,,0.5169842039449719,,,-0.0064246867980864986,,0.17393269364483382,0.15816098284623026,-0.015771710798603567,0.08595234784221017,0.08031902329412052,-0.005633324548089652,0.21670606776989756,0.2445357899146774,0.027829722144779828
SYDENHAM,Outer Metro,ON,ALP+GRN+LNP+OTH,ideology prior,6,24739.0,0.027829722144779773,,0.5234088907430584,,,0.5169842039449719,,,-0.0064246867980864986,,0.17393269364483382,0.15816098284623026,-0.015771710798603567,0.08595234784221017,0.08031902329412052,-0.005633324548089652,0.21670606776989756,0.2445357899146774,0.027829722144779828
TARNEIT,Outer Metro,ON,ALP+GRN+LNP+OTH,ideology prior,6,24739.0,0.027829722144779773,,0.5234088907430584,,,0.5169842039449719,,,-0.0064246867980864986,,0.17393269364483382,0.15816098284623026,-0.015771710798603567,0.08595234784221017,0.08031902329412052,-0.005633324548089652,0.21670606776989756,0.2445357899146774,0.027829722144779828
THOMASTOWN,Outer Metro,ON,ALP+GRN+LNP+OTH,ideology prior,6,24739.0,0.027829722144779773,,0.5234088907430584,,,0.5169842039449719,,,-0.0064246867980864986,,0.17393269364483382,0.15816098284623026,-0.015771710798603567,0.08595234784221017,0.08031902329412052,-0.005633324548089652,0.21670606776989756,0.2445357899146774,0.027829722144779828
WARRANDYTE,Outer Metro,ON,ALP+GRN+LNP+OTH,ideology prior,6,24739.0,0.027829722144779773,,0.5234088907430584,,,0.5169842039449719,,,-0.0064246867980864986,,0.17393269364483382,0.15816098284623026,-0.015771710798603567,0.08595234784221017,0.08031902329412052,-0.005633324548089652,0.21670606776989756,0.2445357899146774,0.027829722144779828
MURRAY PLAINS,Regional,GRN,ALP+LNP+ON,ideology prior,3,26609.0,0.022298405365220854,,0.22052384855148482,0.09678619522675921,,0.24282225391670564,0.08425306649625271,,0.02229840536522082,-0.012533128730506507,0.682689956221756,0.6729246795870416,-0.009765276634714382,,,,,,
ST ALBANS,Middle Ring,GRN,ALP+LNP+ON,full AEC row,3,26609.0,0.02195686930132109,,0.2208653846153846,0.08653846153846154,,0.24282225391670564,0.08425306649625271,,0.02195686930132104,-0.0022853950422088293,0.6925961538461539,0.6729246795870416,-0.01967147425911231,,,,,,
NIDDRIE,Middle Ring,GRN,ALP+LNP+ON,full AEC row,3,26609.0,0.021187638532090276,,0.22163461538461537,0.08653846153846154,,0.24282225391670564,0.08425306649625271,,0.02118763853209027,-0.0022853950422088293,0.6918269230769231,0.6729246795870416,-0.018902243489881454,,,,,,
BULLEEN,Middle ring,GRN,ALP+LNP+ON,full AEC row,3,26609.0,0.018495330839782602,,0.22432692307692306,0.08653846153846154,,0.24282225391670564,0.08425306649625271,,0.01849533083978258,-0.0022853950422088293,0.6891346153846154,0.6729246795870416,-0.016209935797573793,,,,,,
BELLARINE,Peri-urban,ON,ALP+LNP,ideology prior,3,38627.0,0.018083066003465806,,0.8158110211706102,,,0.7977279551671445,,,-0.018083066003465764,,0.1841889788293898,0.20227204483285566,0.018083066003465847,,,,,,
BERWICK,Peri-urban,ON,ALP+LNP,ideology prior,3,38627.0,0.018083066003465806,,0.8158110211706102,,,0.7977279551671445,,,-0.018083066003465764,,0.1841889788293898,0.20227204483285566,0.018083066003465847,,,,,,
CARRUM,Peri-urban,ON,ALP+LNP,ideology prior,3,38627.0,0.018083066003465806,,0.8158110211706102,,,0.7977279551671445,,,-0.018083066003465764,,0.1841889788293898,0.20227204483285566,0.018083066003465847,,,,,,
EVELYN,Peri-urban,ON,ALP+LNP,ideology prior,3,38627.0,0.018083066003465806,,0.8158110211706102,,,0.7977279551671445,,,-0.018083066003465764,,0.1841889788293898,0.20227204483285566,0.018083066003465847,,,,,,
KALKALLO,Peri-urban,ON,ALP+LNP,ideology prior,3,38627.0,0.018083066003465806,,0.8158110211706102,,,0.7977279551671445,,,-0.018083066003465764,,0.1841889788293898,0.20227204483285566,0.018083066003465847,,,,,,
LARA,Peri-urban,ON,ALP+LNP,ideology prior,3,38627.0,0.018083066003465806,,0.8158110211706102,,,0.7977279551671445,,,-0.018083066003465764,,0.1841889788293898,0.20227204483285566,0.018083066003465847,,,,,,
MELTON,Peri-urban,ON,ALP+LNP,ideology prior,3,38627.0,0.018083066003465806,,0.8158110211706102,,,0.7977279551671445,,,-0.018083066003465764,,0.1841889788293898,0.20227204483285566,0.018083066003465847,,,,,,
MONBULK,Peri-urban,ON,ALP+LNP,ideology prior,3,38627.0,0.018083066003465806,,0.8158110211706102,,,0.7977279551671445,,,-0.018083066003465764,,0.1841889788293898,0.20227204483285566,0.018083066003465847,,,,,,
MORNINGTON,Peri-urban,ON,ALP+LNP,ideology prior,3,38627.0,0.018083066003465806,,0.8158110211706102,,,0.7977279551671445,,,-0.018083066003465764,,0.1841889788293898,0.20227204483285566,0.018083066003465847,,,,,,
NEPEAN,Peri-urban,ON,ALP+LNP,ideology prior,3,38627.0,0.018083066003465806,,0.8158110211706102,,,0.7977279551671445,,,-0.018083066003465764,,0.1841889788293898,0.20227204483285566,0.018083066003465847,,,,,,
PAKENHAM,Peri-urban,ON,ALP+LNP,ideology prior,3,38627.0,0.018083066003465806,,0.8158110211706102,,,0.7977279551671445,,,-0.018083066003465764,,0.1841889788293898,0.20227204483285566,0.018083066003465847,,,,,,
SUNBURY,Peri-urban,ON,ALP+LNP,ideology prior,3,38627.0,0.018083066003465806,,0.8158110211706102,,,0.7977279551671445,,,-0.018083066003465764,,0.1841889788293898,0.20227204483285566,0.018083066003465847,,,,,,
WERRIBEE,Peri-urban,ON,ALP+LNP,ideology prior,3,38627.0,0.018083066003465806,,0.8158110211706102,,,0.7977279551671445,,,-0.018083066003465764,,0.1841889788293898,0.20227204483285566,0.018083066003465847,,,,,,
YAN YEAN,Peri-urban,ON,ALP+LNP,ideology prior,3,38627.0,0.018083066003465806,,0.8158110211706102,,,0.7977279551671445,,,-0.018083066003465764,,0.1841889788293898,0.20227204483285566,0.018083066003465847,,,,,,
EUREKA,Regional,GRN,ALP+LNP+ON,full AEC row,3,26609.0,0.016722253916705697,,0.2261,0.1,,0.24282225391670564,0.08425306649625271,,0.01672225391670565,-0.0157469335037473,0.6739,0.6729246795870416,-0.000975320412958447,,,,,,
GIPPSLAND SOUTH,Regional,GRN,ALP+LNP+ON,full AEC row,3,26609.0,0.015746933503747278,,0.23550000000000001,0.1,,0.24282225391670564,0.08425306649625271,,0.007322253916705629,-0.0157469335037473,0.6645,0.6729246795870416,0.008424679587041628,,,,,,
BENDIGO EAST,Provincial,ON,ALP+LNP,ideology prior,3,38627.0,0.014753105438916225,,0.8124810606060606,,,0.7977279551671445,,,-0.01475310543891617,,0.18751893939393938,0.20227204483285566,0.01475310543891628,,,,,,
BENDIGO WEST,Provincial,ON,ALP+LNP,ideology prior,3,38627.0,0.014753105438916225,,0.8124810606060606,,,0.7977279551671445,,,-0.01475310543891617,,0.18751893939393938,0.20227204483285566,0.01475310543891628,,,,,,
GEELONG,Provincial,ON,ALP+LNP,ideology prior,3,38627.0,0.014753105438916225,,0.8124810606060606,,,0.7977279551671445,,,-0.01475310543891617,,0.18751893939393938,0.20227204483285566,0.01475310543891628,,,,,,
MORWELL,Provincial,ON,ALP+LNP,ideology prior,3,38627.0,0.014753105438916225,,0.8124810606060606,,,0.7977279551671445,,,-0.01475310543891617,,0.18751893939393938,0.20227204483285566,0.01475310543891628,,,,,,
SHEPPARTON,Provincial,ON,ALP+LNP,ideology prior,3,38627.0,0.014753105438916225,,0.8124810606060606,,,0.7977279551671445,,,-0.01475310543891617,,0.18751893939393938,0.20227204483285566,0.01475310543891628,,,,,,
SOUTH BARWON,Provincial,ON,ALP+LNP,ideology prior,3,38627.0,0.014753105438916225,,0.8124810606060606,,,0.7977279551671445,,,-0.01475310543891617,,0.18751893939393938,0.20227204483285566,0.01475310543891628,,,,,,
WENDOUREE,Provincial,ON,ALP+LNP,ideology prior,3,38627.0,0.014753105438916225,,0.8124810606060606,,,0.7977279551671445,,,-0.01475310543891617,,0.18751893939393938,0.20227204483285566,0.01475310543891628,,,,,,
