district,region_current,held_by_current,winner_current,runner_up_current,winner_pct_current,runner_up_pct_current,margin_current,matchup_current,elimination_order_current,ALP_2PP_current,LNP_2PP_current,forced_2pp_elimination_order_current,ALP_ON_2CP_current,ON_ALP_2CP_current,forced_alp_on_2cp_elimination_order_current,region_trial,held_by_trial,winner_trial,runner_up_trial,winner_pct_trial,runner_up_pct_trial,margin_trial,matchup_trial,elimination_order_trial,ALP_2PP_trial,LNP_2PP_trial,forced_2pp_elimination_order_trial,ALP_ON_2CP_trial,ON_ALP_2CP_trial,forced_alp_on_2cp_elimination_order_trial,ONLevel,WinnerChanged,PairChanged,WinnerPctChange
Albert Park,Southern Metro,ALP,ALP,LNP,0.651951517477069,0.348048482522931,0.15195151747706903,ALP-LNP,IND>ON>OTH>GRN,0.651951517477069,0.348048482522931,IND>ON>OTH>GRN,0.7127844177052475,0.2872155822947525,IND>OTH>GRN>LNP,Southern Metro,ALP,ALP,LNP,0.6500257126959071,0.3499742873040929,0.15002571269590714,ALP-LNP,IND>ON>OTH>GRN,0.6500257126959071,0.3499742873040929,IND>ON>OTH>GRN,0.7031542234915981,0.2968457765084019,IND>OTH>GRN>LNP,10.0,False,False,-0.0019258047811618884
Ashwood,Southern Metro,ALP,ALP,LNP,0.5386157585080182,0.4613842414919818,0.03861575850801824,ALP-LNP,IND>OTH>ON>GRN,0.5386157585080182,0.4613842414919818,IND>OTH>ON>GRN,0.6447320981770394,0.35526790182296064,IND>OTH>GRN>LNP,Southern Metro,ALP,ALP,LNP,0.540148145338371,0.4598518546616291,0.040148145338370966,ALP-LNP,IND>OTH>ON>GRN,0.540148145338371,0.4598518546616291,IND>OTH>ON>GRN,0.644864738977229,0.3551352610227711,IND>OTH>GRN>LNP,10.0,False,False,0.0015323868303527277
Bass,Eastern Victoria,ALP,LNP,ALP,0.6345864102899045,0.36541358971009547,0.13458641028990448,LNP-ALP,IND>GRN>OTH>ON,0.36541358971009547,0.6345864102899045,IND>GRN>OTH>ON,0.4235827078264038,0.5764172921735963,IND>GRN>OTH>LNP,Eastern Victoria,ALP,LNP,ALP,0.6331949487421061,0.36680505125789375,0.13319494874210613,LNP-ALP,IND>GRN>OTH>ON,0.36680505125789375,0.6331949487421061,IND>GRN>OTH>ON,0.4235827078264038,0.5764172921735963,IND>GRN>OTH>LNP,10.0,False,False,-0.001391461547798345
Bayswater,North-Eastern Metro,ALP,ALP,LNP,0.5121573114554608,0.4878426885445392,0.01215731145546084,ALP-LNP,IND>GRN>ON>OTH,0.5121573114554608,0.4878426885445392,IND>GRN>ON>OTH,0.5652393217114194,0.4347606782885805,IND>GRN>OTH>LNP,North-Eastern Metro,ALP,ALP,LNP,0.5121573114554608,0.4878426885445392,0.01215731145546084,ALP-LNP,IND>GRN>ON>OTH,0.5121573114554608,0.4878426885445392,IND>GRN>ON>OTH,0.5652393217114194,0.4347606782885805,IND>GRN>OTH>LNP,10.0,False,False,0.0
Bellarine,Western Victoria,ALP,ALP,LNP,0.5136268439301173,0.48637315606988274,0.01362684393011726,ALP-LNP,IND>OTH>GRN>ON,0.5136268439301173,0.48637315606988274,IND>OTH>GRN>ON,0.5722700369889604,0.42772996301103966,IND>OTH>GRN>LNP,Western Victoria,ALP,ALP,LNP,0.5200275934614598,0.4799724065385402,0.02002759346145977,ALP-LNP,IND>OTH>GRN>ON,0.5200275934614598,0.4799724065385402,IND>OTH>GRN>ON,0.5812443928409458,0.41875560715905424,IND>OTH>GRN>LNP,10.0,False,False,0.006400749531342509
Benambra,Northern Victoria,LNP,LNP,IND,0.5919245693183596,0.4080754306816404,0.09192456931835957,LNP-IND,GRN>OTH>ALP>ON,0.2775468375792854,0.7224531624207146,GRN>OTH>ON>IND,0.3004090007410877,0.6995909992589123,GRN>OTH>IND>LNP,Northern Victoria,LNP,LNP,IND,0.5919245693183596,0.4080754306816404,0.09192456931835957,LNP-IND,GRN>OTH>ALP>ON,0.27963269976854765,0.7203673002314523,GRN>OTH>ON>IND,0.3004090007410877,0.6995909992589123,GRN>OTH>IND>LNP,10.0,False,False,0.0
Bendigo East,Northern Victoria,ALP,ALP,LNP,0.5463191240942659,0.4536808759057342,0.04631912409426586,ALP-LNP,IND>OTH>GRN>ON,0.5463191240942659,0.4536808759057342,IND>OTH>GRN>ON,0.6160178043058377,0.3839821956941622,IND>OTH>GRN>LNP,Northern Victoria,ALP,ALP,LNP,0.5543874831915,0.44561251680850006,0.0543874831915,ALP-LNP,IND>OTH>GRN>ON,0.5543874831915,0.44561251680850006,IND>OTH>GRN>ON,0.6253321514403065,0.3746678485596936,IND>OTH>GRN>LNP,10.0,False,False,0.008068359097234135
Bendigo West,Northern Victoria,ALP,ALP,LNP,0.6010111157493327,0.3989888842506673,0.10101111574933275,ALP-LNP,IND>ON>GRN>OTH,0.6010111157493327,0.3989888842506673,IND>ON>GRN>OTH,0.6130597465836869,0.3869402534163131,IND>GRN>OTH>LNP,Northern Victoria,ALP,ALP,LNP,0.6038254125520801,0.39617458744791995,0.10382541255208011,ALP-LNP,IND>ON>GRN>OTH,0.6038254125520801,0.39617458744791995,IND>ON>GRN>OTH,0.6130597465836869,0.3869402534163131,IND>GRN>OTH>LNP,10.0,False,False,0.0028142968027473625
Bentleigh,Southern Metro,ALP,ALP,LNP,0.5517552042610763,0.4482447957389238,0.05175520426107627,ALP-LNP,IND>OTH>GRN>ON,0.5517552042610763,0.4482447957389238,IND>OTH>GRN>ON,0.6480614584682595,0.3519385415317405,IND>OTH>GRN>LNP,Southern Metro,ALP,ALP,LNP,0.5698837556673984,0.43011624433260165,0.06988375566739835,ALP-LNP,IND>OTH>ON>GRN,0.5698837556673984,0.43011624433260165,IND>OTH>ON>GRN,0.6497140475699419,0.35028595243005806,IND>OTH>GRN>LNP,10.0,False,False,0.01812855140632208
Berwick,South-Eastern Metro,LNP,LNP,ALP,0.6085178825593015,0.39148211744069855,0.1085178825593015,LNP-ALP,OTH>GRN>ON,0.39148211744069855,0.6085178825593015,OTH>GRN>ON,0.47141953714421087,0.5285804628557892,OTH>GRN>LNP,South-Eastern Metro,LNP,LNP,ALP,0.5998025841606169,0.40019741583938306,0.09980258416061694,LNP-ALP,OTH>GRN>ON,0.40019741583938306,0.5998025841606169,OTH>GRN>ON,0.4817822020517497,0.5182177979482503,OTH>GRN>LNP,10.0,False,False,-0.008715298398684568
Box Hill,North-Eastern Metro,ALP,ALP,LNP,0.5627604553769009,0.43723954462309905,0.06276045537690089,ALP-LNP,IND>ON>OTH>GRN,0.5627604553769009,0.43723954462309905,IND>ON>OTH>GRN,0.6480660368073746,0.35193396319262543,IND>OTH>GRN>LNP,North-Eastern Metro,ALP,ALP,LNP,0.5627251929196899,0.43727480708031014,0.06272519291968992,ALP-LNP,IND>ON>OTH>GRN,0.5627251929196899,0.43727480708031014,IND>ON>OTH>GRN,0.6497327173212534,0.3502672826787467,IND>OTH>GRN>LNP,10.0,False,False,-3.5262457210971654e-05
Brighton,Southern Metro,LNP,LNP,ALP,0.5095323360826238,0.4904676639173763,0.009532336082623827,LNP-ALP,ON>OTH>IND>GRN,0.4904676639173763,0.5095323360826238,ON>OTH>IND>GRN,0.6376035417715904,0.3623964582284097,OTH>IND>GRN>LNP,Southern Metro,LNP,LNP,ALP,0.5095323360826238,0.4904676639173763,0.009532336082623827,LNP-ALP,ON>OTH>IND>GRN,0.4904676639173763,0.5095323360826238,ON>OTH>IND>GRN,0.628086816420683,0.3719131835793171,OTH>IND>GRN>LNP,10.0,False,False,0.0
Broadmeadows,Northern Metro,ALP,ALP,LNP,0.6384861984113831,0.36151380158861696,0.1384861984113831,ALP-LNP,IND>GRN>ON>OTH,0.6384861984113831,0.36151380158861696,IND>GRN>ON>OTH,0.6807019474756459,0.31929805252435406,IND>GRN>LNP>OTH,Northern Metro,ALP,ALP,LNP,0.6384861984113831,0.36151380158861696,0.1384861984113831,ALP-LNP,IND>GRN>ON>OTH,0.6384861984113831,0.36151380158861696,IND>GRN>ON>OTH,0.6807019474756459,0.31929805252435406,IND>GRN>LNP>OTH,10.0,False,False,0.0
Brunswick,Northern Metro,GRN,GRN,ALP,0.610200513720658,0.389799486279342,0.11020051372065798,GRN-ALP,IND>ON>LNP>OTH,0.8777502539229242,0.12224974607707585,IND>ON>OTH>GRN,0.8336289307979139,0.16637106920208616,IND>LNP>OTH>GRN,Northern Metro,GRN,GRN,ALP,0.6101520140045423,0.3898479859954576,0.11015201400454233,GRN-ALP,IND>ON>LNP>OTH,0.8761168711254039,0.12388312887459604,IND>ON>OTH>GRN,0.8336289307979139,0.16637106920208616,IND>LNP>OTH>GRN,10.0,False,False,-4.849971611564641e-05
Bulleen,North-Eastern Metro,LNP,LNP,ALP,0.5749456751721016,0.4250543248278984,0.0749456751721016,LNP-ALP,IND>OTH>ON>GRN,0.4250543248278984,0.5749456751721016,IND>OTH>ON>GRN,0.5697451755666888,0.4302548244333112,IND>OTH>GRN>LNP,North-Eastern Metro,LNP,LNP,ALP,0.5730786661967827,0.4269213338032173,0.07307866619678272,LNP-ALP,IND>OTH>ON>GRN,0.4269213338032173,0.5730786661967827,IND>OTH>ON>GRN,0.5721033670318673,0.4278966329681328,IND>OTH>GRN>LNP,10.0,False,False,-0.0018670089753188845
Bundoora,North-Eastern Metro,ALP,ALP,LNP,0.5905723539001564,0.4094276460998436,0.09057235390015639,ALP-LNP,IND>OTH>GRN>ON,0.5905723539001564,0.4094276460998436,IND>OTH>GRN>ON,0.653105560383938,0.34689443961606203,IND>OTH>GRN>LNP,North-Eastern Metro,ALP,ALP,LNP,0.5904894662661222,0.40951053373387786,0.0904894662661222,ALP-LNP,IND>OTH>GRN>ON,0.5904894662661222,0.40951053373387786,IND>OTH>GRN>ON,0.6566044462556974,0.34339555374430264,IND>OTH>GRN>LNP,10.0,False,False,-8.288763403418997e-05
Carrum,South-Eastern Metro,ALP,ALP,LNP,0.52904716506471,0.47095283493529017,0.029047165064709946,ALP-LNP,IND>GRN>OTH>ON,0.52904716506471,0.47095283493529017,IND>GRN>OTH>ON,0.5656401289249435,0.4343598710750566,IND>GRN>OTH>LNP,South-Eastern Metro,ALP,ALP,LNP,0.5295122858311965,0.4704877141688036,0.029512285831196472,ALP-LNP,IND>GRN>OTH>ON,0.5295122858311965,0.4704877141688036,IND>GRN>OTH>ON,0.5656401289249435,0.4343598710750566,IND>GRN>OTH>LNP,10.0,False,False,0.00046512076648652645
Caulfield,Southern Metro,LNP,LNP,ALP,0.505566844398728,0.4944331556012721,0.00556684439872801,LNP-ALP,IND>OTH>ON>GRN,0.4944331556012721,0.505566844398728,IND>OTH>ON>GRN,0.638119324877282,0.3618806751227181,IND>OTH>GRN>LNP,Southern Metro,LNP,LNP,ALP,0.5113700423076616,0.4886299576923385,0.011370042307661588,LNP-ALP,IND>OTH>ON>GRN,0.4886299576923385,0.5113700423076616,IND>OTH>ON>GRN,0.6314325827528602,0.36856741724713993,IND>OTH>GRN>LNP,10.0,False,False,0.005803197908933577
Clarinda,South-Eastern Metro,ALP,ALP,LNP,0.5721509577356291,0.427849042264371,0.07215095773562907,ALP-LNP,GRN>OTH>IND>ON,0.5721509577356291,0.427849042264371,GRN>OTH>IND>ON,0.636822117768262,0.36317788223173797,GRN>OTH>IND>LNP,South-Eastern Metro,ALP,ALP,LNP,0.5706057171965969,0.42939428280340314,0.07060571719659692,ALP-LNP,GRN>OTH>IND>ON,0.5706057171965969,0.42939428280340314,GRN>OTH>IND>ON,0.636822117768262,0.36317788223173797,GRN>OTH>IND>LNP,10.0,False,False,-0.0015452405390321555
Cranbourne,South-Eastern Metro,ALP,ALP,LNP,0.5627861172050334,0.4372138827949667,0.06278611720503335,ALP-LNP,IND>GRN>ON>OTH,0.5627861172050334,0.4372138827949667,IND>GRN>ON>OTH,0.5560942973149688,0.44390570268503127,IND>GRN>OTH>LNP,South-Eastern Metro,ALP,ALP,LNP,0.5627861172050334,0.4372138827949667,0.06278611720503335,ALP-LNP,IND>GRN>ON>OTH,0.5627861172050334,0.4372138827949667,IND>GRN>ON>OTH,0.5560942973149688,0.44390570268503127,IND>GRN>OTH>LNP,10.0,False,False,0.0
Croydon,North-Eastern Metro,LNP,LNP,ALP,0.5309246791426615,0.4690753208573386,0.030924679142661504,LNP-ALP,ON>GRN>OTH,0.4690753208573386,0.5309246791426615,ON>GRN>OTH,0.5373237709369958,0.4626762290630042,GRN>OTH>LNP,North-Eastern Metro,LNP,LNP,ALP,0.5310292554278981,0.4689707445721019,0.03102925542789814,LNP-ALP,ON>GRN>OTH,0.4689707445721019,0.5310292554278981,ON>GRN>OTH,0.5373237709369958,0.4626762290630042,GRN>OTH>LNP,10.0,False,False,0.00010457628523663498
Dandenong,South-Eastern Metro,ALP,ALP,LNP,0.6653114787218862,0.3346885212781138,0.16531147872188623,ALP-LNP,GRN>ON>OTH,0.6653114787218862,0.3346885212781138,GRN>ON>OTH,0.6578496773294152,0.34215032267058476,GRN>OTH>LNP,South-Eastern Metro,ALP,ALP,LNP,0.6653114787218862,0.3346885212781138,0.16531147872188623,ALP-LNP,GRN>ON>OTH,0.6653114787218862,0.3346885212781138,GRN>ON>OTH,0.6578496773294152,0.34215032267058476,GRN>OTH>LNP,10.0,False,False,0.0
Eildon,Northern Victoria,LNP,LNP,ALP,0.6486616485459344,0.3513383514540655,0.14866164854593444,LNP-ALP,IND>OTH>GRN>ON,0.3513383514540655,0.6486616485459344,IND>OTH>GRN>ON,0.42040944509357997,0.57959055490642,IND>OTH>GRN>LNP,Northern Victoria,LNP,LNP,ALP,0.6357379653000368,0.3642620346999632,0.1357379653000368,LNP-ALP,IND>OTH>GRN>ON,0.3642620346999632,0.6357379653000368,IND>OTH>GRN>ON,0.43513307910367266,0.5648669208963274,IND>OTH>GRN>LNP,10.0,False,False,-0.012923683245897655
Eltham,North-Eastern Metro,ALP,ALP,LNP,0.5699764040393696,0.43002359596063044,0.06997640403936956,ALP-LNP,OTH>ON>GRN,0.5699764040393696,0.43002359596063044,OTH>ON>GRN,0.6268419452938464,0.37315805470615354,OTH>GRN>LNP,North-Eastern Metro,ALP,ALP,LNP,0.5729659871061545,0.4270340128938454,0.07296598710615454,ALP-LNP,OTH>ON>GRN,0.5729659871061545,0.4270340128938454,OTH>ON>GRN,0.6294206534998764,0.37057934650012364,OTH>GRN>LNP,10.0,False,False,0.0029895830667849843
Essendon,Northern Metro,ALP,ALP,LNP,0.6207860758543532,0.37921392414564675,0.12078607585435319,ALP-LNP,IND>ON>OTH>GRN,0.6207860758543532,0.37921392414564675,IND>ON>OTH>GRN,0.6408498885227772,0.3591501114772228,IND>OTH>GRN>LNP,Northern Metro,ALP,ALP,LNP,0.6207413946668442,0.37925860533315586,0.12074139466684419,ALP-LNP,IND>ON>OTH>GRN,0.6207413946668442,0.37925860533315586,IND>ON>OTH>GRN,0.6411049180858026,0.35889508191419744,IND>OTH>GRN>LNP,10.0,False,False,-4.468118750899919e-05
Eureka,Western Victoria,ALP,LNP,ALP,0.532064698842049,0.467935301157951,0.03206469884204899,LNP-ALP,IND>GRN>OTH>ON,0.467935301157951,0.532064698842049,IND>GRN>OTH>ON,0.4954167118875613,0.5045832881124388,IND>GRN>OTH>LNP,Western Victoria,ALP,LNP,ALP,0.5305035405673774,0.4694964594326227,0.030503540567377363,LNP-ALP,IND>GRN>OTH>ON,0.4694964594326227,0.5305035405673774,IND>GRN>OTH>ON,0.4954167118875613,0.5045832881124388,IND>GRN>OTH>LNP,10.0,False,False,-0.0015611582746716257
Euroa,Northern Victoria,LNP,LNP,ALP,0.7089494396223084,0.2910505603776917,0.20894943962230839,LNP-ALP,GRN>OTH>ON,0.2910505603776917,0.7089494396223084,GRN>OTH>ON,0.3691880084393372,0.6308119915606629,GRN>OTH>LNP,Northern Victoria,LNP,LNP,ALP,0.7076386205878054,0.2923613794121947,0.20763862058780536,LNP-ALP,GRN>OTH>ON,0.2923613794121947,0.7076386205878054,GRN>OTH>ON,0.3691880084393372,0.6308119915606629,GRN>OTH>LNP,10.0,False,False,-0.0013108190345030302
Evelyn,Eastern Victoria,LNP,LNP,ALP,0.6177107887934529,0.3822892112065472,0.11771078879345287,LNP-ALP,IND>OTH>GRN>ON,0.3822892112065472,0.6177107887934529,IND>OTH>GRN>ON,0.4682927305830121,0.5317072694169879,IND>OTH>GRN>LNP,Eastern Victoria,LNP,LNP,ALP,0.6102480080230406,0.38975199197695937,0.11024800802304058,LNP-ALP,IND>OTH>GRN>ON,0.38975199197695937,0.6102480080230406,IND>OTH>GRN>ON,0.4778161860578065,0.5221838139421935,IND>OTH>GRN>LNP,10.0,False,False,-0.007462780770412292
Footscray,Western Metro,ALP,ALP,GRN,0.5688302984276498,0.43116970157235024,0.06883029842764976,ALP-GRN,ON>OTH>LNP,0.7925694736949719,0.20743052630502806,ON>OTH>GRN,0.8117863494343349,0.1882136505656651,LNP>OTH>GRN,Western Metro,ALP,ALP,GRN,0.5688849010561757,0.43111509894382427,0.06888490105617573,ALP-GRN,ON>OTH>LNP,0.7904645240055366,0.2095354759944634,ON>OTH>GRN,0.8117863494343349,0.1882136505656651,LNP>OTH>GRN,10.0,False,False,5.46026285259682e-05
Frankston,South-Eastern Metro,ALP,ALP,LNP,0.5699677705302421,0.43003222946975794,0.06996777053024206,ALP-LNP,IND>GRN>ON>OTH,0.5699677705302421,0.43003222946975794,IND>GRN>ON>OTH,0.5785007970039434,0.4214992029960566,IND>GRN>OTH>LNP,South-Eastern Metro,ALP,ALP,LNP,0.5699677705302421,0.43003222946975794,0.06996777053024206,ALP-LNP,IND>GRN>ON>OTH,0.5699677705302421,0.43003222946975794,IND>GRN>ON>OTH,0.5785007970039434,0.4214992029960566,IND>GRN>OTH>LNP,10.0,False,False,0.0
Geelong,Western Victoria,ALP,ALP,LNP,0.5463662975024456,0.4536337024975544,0.046366297502445586,ALP-LNP,OTH>IND>GRN>ON,0.5463662975024456,0.4536337024975544,OTH>IND>GRN>ON,0.5910964959222482,0.4089035040777518,OTH>IND>GRN>LNP,Western Victoria,ALP,ALP,LNP,0.546496076817104,0.4535039231828961,0.04649607681710399,ALP-LNP,OTH>IND>GRN>ON,0.546496076817104,0.4535039231828961,OTH>IND>GRN>ON,0.5922866225318869,0.4077133774681132,OTH>IND>GRN>LNP,10.0,False,False,0.00012977931465840697
Gippsland East,Eastern Victoria,LNP,LNP,ON,0.6967768631502728,0.3032231368497273,0.19677686315027276,LNP-ON,IND>GRN>OTH>ALP,0.19858837342083954,0.8014116265791604,IND>GRN>OTH>ON,0.285475328254829,0.714524671745171,IND>GRN>OTH>LNP,Eastern Victoria,LNP,LNP,ON,0.6967768631502728,0.3032231368497273,0.19677686315027276,LNP-ON,IND>GRN>OTH>ALP,0.2000968578287886,0.7999031421712113,IND>GRN>OTH>ON,0.285475328254829,0.714524671745171,IND>GRN>OTH>LNP,10.0,False,False,0.0
Gippsland South,Eastern Victoria,LNP,LNP,ALP,0.7167235436068732,0.2832764563931268,0.21672354360687318,LNP-ALP,IND>GRN>OTH>ON,0.2832764563931268,0.7167235436068732,IND>GRN>OTH>ON,0.3597284536983125,0.6402715463016875,IND>GRN>OTH>LNP,Eastern Victoria,LNP,LNP,ALP,0.7153512431595495,0.2846487568404505,0.21535124315954945,LNP-ALP,IND>GRN>OTH>ON,0.2846487568404505,0.7153512431595495,IND>GRN>OTH>ON,0.3597284536983125,0.6402715463016875,IND>GRN>OTH>LNP,10.0,False,False,-0.0013723004473237266
Glen Waverley,North-Eastern Metro,ALP,ALP,LNP,0.5053192157090834,0.49468078429091655,0.005319215709083447,ALP-LNP,ON>GRN>OTH,0.5053192157090834,0.49468078429091655,ON>GRN>OTH,0.6187920696361188,0.3812079303638812,OTH>GRN>LNP,North-Eastern Metro,ALP,ALP,LNP,0.5052463050889152,0.4947536949110848,0.005246305088915215,ALP-LNP,ON>GRN>OTH,0.5052463050889152,0.4947536949110848,ON>GRN>OTH,0.6207695597575829,0.37923044024241714,OTH>GRN>LNP,10.0,False,False,-7.291062016823169e-05
Greenvale,Northern Metro,ALP,ALP,LNP,0.5976461146631213,0.4023538853368786,0.09764611466312134,ALP-LNP,GRN>IND>ON>OTH,0.5976461146631213,0.4023538853368786,GRN>IND>ON>OTH,0.6012221331357837,0.39877786686421635,GRN>IND>OTH>LNP,Northern Metro,ALP,ALP,LNP,0.5976461146631213,0.4023538853368786,0.09764611466312134,ALP-LNP,GRN>IND>ON>OTH,0.5976461146631213,0.4023538853368786,GRN>IND>ON>OTH,0.6012221331357837,0.39877786686421635,GRN>IND>OTH>LNP,10.0,False,False,0.0
Hastings,Eastern Victoria,ALP,LNP,ALP,0.5816200006206346,0.4183799993793655,0.08162000062063457,LNP-ALP,IND>GRN>OTH>ON,0.4183799993793655,0.5816200006206346,IND>GRN>OTH>ON,0.4703465198733176,0.5296534801266825,IND>GRN>OTH>LNP,Eastern Victoria,ALP,LNP,ALP,0.5803197111112799,0.41968028888872017,0.08031971111127989,LNP-ALP,IND>GRN>OTH>ON,0.41968028888872017,0.5803197111112799,IND>GRN>OTH>ON,0.4703465198733176,0.5296534801266825,IND>GRN>OTH>LNP,10.0,False,False,-0.0013002895093546796
Hawthorn,Southern Metro,LNP,LNP,ALP,0.5026304598657872,0.49736954013421275,0.002630459865787249,LNP-ALP,ON>OTH>GRN>IND,0.49736954013421275,0.5026304598657872,ON>OTH>GRN>IND,0.6557092393887352,0.3442907606112649,OTH>GRN>IND>LNP,Southern Metro,LNP,LNP,ALP,0.5026304598657872,0.49736954013421275,0.002630459865787249,LNP-ALP,ON>OTH>GRN>IND,0.49736954013421275,0.5026304598657872,ON>OTH>GRN>IND,0.650531259265417,0.3494687407345831,OTH>GRN>IND>LNP,10.0,False,False,0.0
Ivanhoe,North-Eastern Metro,ALP,ALP,LNP,0.6116366219784621,0.3883633780215378,0.11163662197846214,ALP-LNP,IND>OTH>ON>GRN,0.6116366219784621,0.3883633780215378,IND>OTH>ON>GRN,0.6739540582401196,0.3260459417598805,IND>OTH>GRN>LNP,North-Eastern Metro,ALP,ALP,LNP,0.6138124433012032,0.3861875566987968,0.11381244330120321,ALP-LNP,IND>OTH>ON>GRN,0.6138124433012032,0.3861875566987968,IND>OTH>ON>GRN,0.6743467190326664,0.3256532809673337,IND>OTH>GRN>LNP,10.0,False,False,0.0021758213227410783
Kalkallo,Northern Metro,ALP,ALP,LNP,0.619455523518516,0.38054447648148404,0.11945552351851596,ALP-LNP,IND>GRN>ON>OTH,0.619455523518516,0.38054447648148404,IND>GRN>ON>OTH,0.6118270513453951,0.38817294865460494,IND>GRN>OTH>LNP,Northern Metro,ALP,ALP,LNP,0.619455523518516,0.38054447648148404,0.11945552351851596,ALP-LNP,IND>GRN>ON>OTH,0.619455523518516,0.38054447648148404,IND>GRN>ON>OTH,0.6118270513453951,0.38817294865460494,IND>GRN>OTH>LNP,10.0,False,False,0.0
Kew,Southern Metro,LNP,LNP,ALP,0.5319138387822232,0.46808616121777674,0.0319138387822232,LNP-ALP,ON>OTH>GRN>IND,0.46808616121777674,0.5319138387822232,ON>OTH>GRN>IND,0.6391088082660522,0.36089119173394785,OTH>GRN>IND>LNP,Southern Metro,LNP,LNP,ALP,0.5319138387822232,0.46808616121777674,0.0319138387822232,LNP-ALP,ON>OTH>GRN>IND,0.46808616121777674,0.5319138387822232,ON>OTH>GRN>IND,0.6352158359384763,0.3647841640615238,OTH>GRN>IND>LNP,10.0,False,False,0.0
Kororoit,Western Metro,ALP,ALP,LNP,0.610563361494356,0.38943663850564403,0.11056336149435597,ALP-LNP,IND>GRN>ON>OTH,0.610563361494356,0.38943663850564403,IND>GRN>ON>OTH,0.6682656826508644,0.33173431734913567,IND>GRN>LNP>OTH,Western Metro,ALP,ALP,LNP,0.610563361494356,0.38943663850564403,0.11056336149435597,ALP-LNP,IND>GRN>ON>OTH,0.610563361494356,0.38943663850564403,IND>GRN>ON>OTH,0.6682656826508644,0.33173431734913567,IND>GRN>LNP>OTH,10.0,False,False,0.0
Lara,Western Victoria,ALP,ALP,ON,0.5624617874853574,0.43753821251464275,0.062461787485357356,ALP-ON,IND>GRN>OTH>LNP,0.5591146246244284,0.4408853753755717,IND>GRN>OTH>ON,0.5624617874853574,0.43753821251464275,IND>GRN>OTH>LNP,Western Victoria,ALP,ALP,ON,0.5624617874853574,0.43753821251464275,0.062461787485357356,ALP-ON,IND>GRN>OTH>LNP,0.5597381387838598,0.4402618612161403,IND>GRN>OTH>ON,0.5624617874853574,0.43753821251464275,IND>GRN>OTH>LNP,10.0,False,False,0.0
Laverton,Western Metro,ALP,ALP,LNP,0.6452729740376327,0.35472702596236727,0.14527297403763273,ALP-LNP,IND>GRN>ON>OTH,0.6452729740376327,0.35472702596236727,IND>GRN>ON>OTH,0.6396014206125605,0.3603985793874395,IND>GRN>OTH>LNP,Western Metro,ALP,ALP,LNP,0.6452729740376327,0.35472702596236727,0.14527297403763273,ALP-LNP,IND>GRN>ON>OTH,0.6452729740376327,0.35472702596236727,IND>GRN>ON>OTH,0.6396014206125605,0.3603985793874395,IND>GRN>OTH>LNP,10.0,False,False,0.0
Lowan,Western Victoria,LNP,LNP,ON,0.7123339851483789,0.2876660148516212,0.21233398514837887,LNP-ON,IND>GRN>OTH>ALP,0.22352311904178,0.77647688095822,IND>GRN>OTH>ON,0.3137926823265943,0.6862073176734058,IND>GRN>OTH>LNP,Western Victoria,LNP,LNP,ON,0.7123339851483789,0.2876660148516212,0.21233398514837887,LNP-ON,IND>GRN>OTH>ALP,0.2248718986736322,0.7751281013263678,IND>GRN>OTH>ON,0.3137926823265943,0.6862073176734058,IND>GRN>OTH>LNP,10.0,False,False,0.0
Macedon,Northern Victoria,ALP,ALP,LNP,0.5029254335445889,0.49707456645541115,0.0029254335445888513,ALP-LNP,IND>OTH>GRN>ON,0.5029254335445889,0.49707456645541115,IND>OTH>GRN>ON,0.5394723074563555,0.46052769254364445,IND>OTH>GRN>LNP,Northern Victoria,ALP,ALP,LNP,0.5142600368183714,0.4857399631816286,0.014260036818371402,ALP-LNP,IND>OTH>GRN>ON,0.5142600368183714,0.4857399631816286,IND>OTH>GRN>ON,0.5525297161447562,0.4474702838552438,IND>OTH>GRN>LNP,10.0,False,False,0.01133460327378255
Malvern,Southern Metro,LNP,LNP,ALP,0.5622946548278344,0.43770534517216564,0.06229465482783436,LNP-ALP,IND>ON>OTH>GRN,0.43770534517216564,0.5622946548278344,IND>ON>OTH>GRN,0.6146007992460383,0.3853992007539617,IND>OTH>GRN>LNP,Southern Metro,LNP,LNP,ALP,0.563479592589832,0.4365204074101679,0.06347959258983205,LNP-ALP,IND>ON>OTH>GRN,0.4365204074101679,0.563479592589832,IND>ON>OTH>GRN,0.6055924942541178,0.3944075057458822,IND>OTH>GRN>LNP,10.0,False,False,0.0011849377619976842
Melbourne,Northern Metro,GRN,GRN,ALP,0.5861173581959459,0.41388264180405415,0.0861173581959459,GRN-ALP,IND>ON>OTH>LNP,0.7993705060698151,0.200629493930185,IND>ON>OTH>GRN,0.844002756007523,0.1559972439924771,IND>OTH>LNP>GRN,Northern Metro,GRN,GRN,ALP,0.5861170606810437,0.4138829393189562,0.08611706068104374,GRN-ALP,IND>ON>OTH>LNP,0.7976092379511026,0.20239076204889736,IND>ON>OTH>GRN,0.8351952033897104,0.16480479661028963,IND>OTH>LNP>GRN,10.0,False,False,-2.9751490215890186e-07
Melton,Western Victoria,ALP,LNP,ALP,0.5228246144864953,0.47717538551350464,0.02282461448649531,LNP-ALP,GRN>ON>OTH>IND,0.47717538551350464,0.5228246144864953,GRN>ON>OTH>IND,0.5341384892484214,0.46586151075157856,GRN>OTH>LNP>IND,Western Victoria,ALP,LNP,ALP,0.5228246144864953,0.47717538551350464,0.02282461448649531,LNP-ALP,GRN>ON>OTH>IND,0.47717538551350464,0.5228246144864953,GRN>ON>OTH>IND,0.5341384892484214,0.46586151075157856,GRN>OTH>LNP>IND,10.0,False,False,0.0
Mildura,Northern Victoria,LNP,LNP,IND,0.5702793902969877,0.42972060970301235,0.07027939029698771,LNP-IND,GRN>OTH>ALP>ON,0.27616668020760876,0.7238333197923912,GRN>OTH>ON>IND,0.29245261354180624,0.7075473864581938,GRN>OTH>IND>LNP,Northern Victoria,LNP,LNP,IND,0.5702793902969877,0.42972060970301235,0.07027939029698771,LNP-IND,GRN>OTH>ALP>ON,0.27821332202894555,0.7217866779710544,GRN>OTH>ON>IND,0.29245261354180624,0.7075473864581938,GRN>OTH>IND>LNP,10.0,False,False,0.0
Mill Park,North-Eastern Metro,ALP,ALP,LNP,0.623708422035236,0.376291577964764,0.12370842203523602,ALP-LNP,GRN>ON>OTH,0.623708422035236,0.376291577964764,GRN>ON>OTH,0.608492814836997,0.39150718516300304,GRN>OTH>LNP,North-Eastern Metro,ALP,ALP,LNP,0.623708422035236,0.376291577964764,0.12370842203523602,ALP-LNP,GRN>ON>OTH,0.623708422035236,0.376291577964764,GRN>ON>OTH,0.608492814836997,0.39150718516300304,GRN>OTH>LNP,10.0,False,False,0.0
Monbulk,Eastern Victoria,ALP,LNP,ALP,0.5174597285504137,0.48254027144958644,0.017459728550413667,LNP-ALP,IND>OTH>GRN>ON,0.48254027144958644,0.5174597285504137,IND>OTH>GRN>ON,0.5294808885346535,0.47051911146534664,IND>OTH>GRN>LNP,Eastern Victoria,ALP,ALP,LNP,0.5226926548936848,0.4773073451063153,0.02269265489368477,ALP-LNP,IND>OTH>ON>GRN,0.5226926548936848,0.4773073451063153,IND>OTH>ON>GRN,0.5389705904052321,0.4610294095947679,IND>OTH>GRN>LNP,10.0,True,True,0.005232926343271105
Mordialloc,South-Eastern Metro,ALP,ALP,LNP,0.5615835065846374,0.43841649341536254,0.061583506584637404,ALP-LNP,IND>OTH>GRN>ON,0.5615835065846374,0.43841649341536254,IND>OTH>GRN>ON,0.6362976115463622,0.3637023884536378,IND>OTH>GRN>LNP,South-Eastern Metro,ALP,ALP,LNP,0.5588860364994684,0.44111396350053156,0.05888603649946844,ALP-LNP,IND>OTH>GRN>ON,0.5588860364994684,0.44111396350053156,IND>OTH>GRN>ON,0.6382558930516602,0.3617441069483399,IND>OTH>GRN>LNP,10.0,False,False,-0.0026974700851689626
Mornington,Eastern Victoria,LNP,LNP,ALP,0.6533448077653756,0.3466551922346244,0.15334480776537562,LNP-ALP,OTH>GRN>ON>IND,0.3466551922346244,0.6533448077653756,OTH>GRN>ON>IND,0.4092860140329186,0.5907139859670815,OTH>GRN>IND>LNP,Eastern Victoria,LNP,LNP,IND,0.597364718123788,0.402635281876212,0.097364718123788,LNP-IND,OTH>GRN>ON>ALP,0.35058731263086096,0.649412687369139,OTH>GRN>ON>IND,0.4128200634432497,0.5871799365567503,OTH>GRN>IND>LNP,10.0,False,True,-0.05598008964158763
Morwell,Eastern Victoria,LNP,LNP,ON,0.5944410704183066,0.4055589295816934,0.09444107041830663,LNP-ON,GRN>IND>OTH>ALP,0.36247440723891666,0.6375255927610833,GRN>IND>OTH>ON,0.4149199734906332,0.5850800265093667,GRN>IND>OTH>LNP,Eastern Victoria,LNP,LNP,ON,0.5944410704183066,0.4055589295816934,0.09444107041830663,LNP-ON,GRN>IND>OTH>ALP,0.3630977489943329,0.6369022510056671,GRN>IND>OTH>ON,0.4149199734906332,0.5850800265093667,GRN>IND>OTH>LNP,10.0,False,False,0.0
Mulgrave,South-Eastern Metro,ALP,ALP,LNP,0.6482422685810637,0.3517577314189363,0.1482422685810637,ALP-LNP,GRN>OTH>ON>IND,0.6482422685810637,0.3517577314189363,GRN>OTH>ON>IND,0.6653156492014748,0.3346843507985252,GRN>OTH>IND>LNP,South-Eastern Metro,ALP,ALP,LNP,0.6488745508252519,0.35112544917474814,0.14887455082525192,ALP-LNP,GRN>OTH>ON>IND,0.6488745508252519,0.35112544917474814,GRN>OTH>ON>IND,0.6653156492014748,0.3346843507985252,GRN>OTH>IND>LNP,10.0,False,False,0.0006322822441882092
Murray Plains,Northern Victoria,LNP,LNP,ON,0.6938572317305853,0.3061427682694148,0.19385723173058533,LNP-ON,IND>GRN>OTH>ALP,0.18943480179426803,0.810565198205732,IND>GRN>OTH>ON,0.27606064529003416,0.7239393547099658,IND>GRN>OTH>LNP,Northern Victoria,LNP,LNP,ON,0.6938572317305853,0.3061427682694148,0.19385723173058533,LNP-ON,IND>GRN>OTH>ALP,0.19098374299331028,0.8090162570066898,IND>GRN>OTH>ON,0.27606064529003416,0.7239393547099658,IND>GRN>OTH>LNP,10.0,False,False,0.0
Narracan,Eastern Victoria,LNP,LNP,ALP,0.60478973294151,0.39521026705849,0.10478973294150995,LNP-ALP,OTH>IND>GRN>ON,0.39521026705849,0.60478973294151,OTH>IND>GRN>ON,0.46945467719790995,0.53054532280209,OTH>IND>GRN>LNP,Eastern Victoria,LNP,LNP,ALP,0.6072453206773735,0.39275467932262653,0.10724532067737347,LNP-ALP,OTH>IND>GRN>ON,0.39275467932262653,0.6072453206773735,OTH>IND>GRN>ON,0.4666611518359174,0.5333388481640826,OTH>IND>GRN>LNP,10.0,False,False,0.002455587735863518
Narre Warren North,South-Eastern Metro,ALP,ALP,LNP,0.5697029550218323,0.4302970449781677,0.06970295502183232,ALP-LNP,IND>GRN>ON>OTH,0.5697029550218323,0.4302970449781677,IND>GRN>ON>OTH,0.5673252120995225,0.43267478790047753,IND>GRN>OTH>LNP,South-Eastern Metro,ALP,ALP,LNP,0.5697029550218323,0.4302970449781677,0.06970295502183232,ALP-LNP,IND>GRN>ON>OTH,0.5697029550218323,0.4302970449781677,IND>GRN>ON>OTH,0.5673252120995225,0.43267478790047753,IND>GRN>OTH>LNP,10.0,False,False,0.0
Narre Warren South,South-Eastern Metro,ALP,ALP,LNP,0.5755676279033909,0.42443237209660917,0.07556762790339089,ALP-LNP,IND>GRN>ON>OTH,0.5755676279033909,0.42443237209660917,IND>GRN>ON>OTH,0.5775886894639579,0.4224113105360421,IND>GRN>OTH>LNP,South-Eastern Metro,ALP,ALP,LNP,0.5755676279033909,0.42443237209660917,0.07556762790339089,ALP-LNP,IND>GRN>ON>OTH,0.5755676279033909,0.42443237209660917,IND>GRN>ON>OTH,0.5775886894639579,0.4224113105360421,IND>GRN>OTH>LNP,10.0,False,False,0.0
Nepean,Eastern Victoria,LNP,LNP,ALP,0.623312869644736,0.376687130355264,0.12331286964473598,LNP-ALP,IND>OTH>GRN>ON,0.376687130355264,0.623312869644736,IND>OTH>GRN>ON,0.4607039854553522,0.5392960145446478,IND>OTH>GRN>LNP,Eastern Victoria,LNP,LNP,ALP,0.6158042060880263,0.3841957939119737,0.11580420608802633,LNP-ALP,IND>OTH>GRN>ON,0.3841957939119737,0.6158042060880263,IND>OTH>GRN>ON,0.46985627976277516,0.5301437202372248,IND>OTH>GRN>LNP,10.0,False,False,-0.007508663556709649
Niddrie,Western Metro,ALP,ALP,LNP,0.5280277661047741,0.4719722338952259,0.028027766104774088,ALP-LNP,GRN>OTH>ON,0.5280277661047741,0.4719722338952259,GRN>OTH>ON,0.5919314660213372,0.4080685339786629,GRN>OTH>LNP,Western Metro,ALP,ALP,LNP,0.5261945596338446,0.4738054403661554,0.02619455963384465,ALP-LNP,GRN>OTH>ON,0.5261945596338446,0.4738054403661554,GRN>OTH>ON,0.5919314660213372,0.4080685339786629,GRN>OTH>LNP,10.0,False,False,-0.0018332064709294382
Northcote,Northern Metro,ALP,ALP,GRN,0.5030359429688759,0.4969640570311242,0.003035942968875882,ALP-GRN,IND>ON>LNP>OTH,0.8495274159585026,0.15047258404149738,IND>ON>OTH>GRN,0.8147141395528517,0.1852858604471484,IND>LNP>OTH>GRN,Northern Metro,ALP,ALP,GRN,0.5031667904659224,0.49683320953407756,0.0031667904659223867,ALP-GRN,IND>ON>LNP>OTH,0.8472720640855705,0.15272793591442949,IND>ON>OTH>GRN,0.8147141395528517,0.1852858604471484,IND>LNP>OTH>GRN,10.0,False,False,0.00013084749704650456
Oakleigh,Southern Metro,ALP,ALP,LNP,0.6243632567288454,0.37563674327115465,0.1243632567288454,ALP-LNP,IND>OTH>ON>GRN,0.6243632567288454,0.37563674327115465,IND>OTH>ON>GRN,0.6719876751274538,0.3280123248725462,IND>OTH>GRN>LNP,Southern Metro,ALP,ALP,LNP,0.6252814258307526,0.3747185741692473,0.12528142583075264,ALP-LNP,IND>OTH>ON>GRN,0.6252814258307526,0.3747185741692473,IND>OTH>ON>GRN,0.6724364823277752,0.32756351767222486,IND>OTH>GRN>LNP,10.0,False,False,0.0009181691019072291
Ovens Valley,Northern Victoria,LNP,LNP,ALP,0.6923146162206023,0.30768538377939764,0.1923146162206023,LNP-ALP,IND>GRN>ON>OTH,0.30768538377939764,0.6923146162206023,IND>GRN>ON>OTH,0.32862982530232077,0.6713701746976792,IND>GRN>OTH>LNP,Northern Victoria,LNP,LNP,ALP,0.6923146162206023,0.30768538377939764,0.1923146162206023,LNP-ALP,IND>GRN>ON>OTH,0.30768538377939764,0.6923146162206023,IND>GRN>ON>OTH,0.32862982530232077,0.6713701746976792,IND>GRN>OTH>LNP,10.0,False,False,0.0
Pakenham,Eastern Victoria,ALP,LNP,ALP,0.5445935664326755,0.45540643356732446,0.044593566432675535,LNP-ALP,GRN>IND>ON>OTH,0.45540643356732446,0.5445935664326755,GRN>IND>ON>OTH,0.4600807917117845,0.5399192082882155,GRN>IND>OTH>LNP,Eastern Victoria,ALP,LNP,ALP,0.5445935664326755,0.45540643356732446,0.044593566432675535,LNP-ALP,GRN>IND>ON>OTH,0.45540643356732446,0.5445935664326755,GRN>IND>ON>OTH,0.4600807917117845,0.5399192082882155,GRN>IND>OTH>LNP,10.0,False,False,0.0
Pascoe Vale,Northern Metro,ALP,ALP,GRN,0.5411036640077582,0.45889633599224183,0.04110366400775822,ALP-GRN,ON>IND>OTH>LNP,0.7240892780247257,0.27591072197527433,ON>IND>OTH>GRN,0.7380851838093679,0.2619148161906321,IND>OTH>LNP>GRN,Northern Metro,ALP,ALP,GRN,0.5411036640077582,0.45889633599224183,0.04110366400775822,ALP-GRN,ON>IND>OTH>LNP,0.7240892780247257,0.27591072197527433,ON>IND>OTH>GRN,0.7421652842838917,0.2578347157161082,IND>OTH>LNP>GRN,10.0,False,False,0.0
Point Cook,Western Metro,ALP,ALP,LNP,0.5792640348190295,0.4207359651809705,0.07926403481902955,ALP-LNP,GRN>ON>IND>OTH,0.5792640348190295,0.4207359651809705,GRN>ON>IND>OTH,0.5612489441630057,0.4387510558369943,GRN>IND>OTH>LNP,Western Metro,ALP,ALP,LNP,0.5792640348190295,0.4207359651809705,0.07926403481902955,ALP-LNP,GRN>ON>IND>OTH,0.5792640348190295,0.4207359651809705,GRN>ON>IND>OTH,0.5612489441630057,0.4387510558369943,GRN>IND>OTH>LNP,10.0,False,False,0.0
Polwarth,Western Victoria,LNP,LNP,ALP,0.6044829786653455,0.39551702133465455,0.1044829786653455,LNP-ALP,IND>OTH>GRN>ON,0.39551702133465455,0.6044829786653455,IND>OTH>GRN>ON,0.46485797099261433,0.5351420290073857,IND>OTH>GRN>LNP,Western Victoria,LNP,LNP,ALP,0.5681821130550653,0.4318178869449347,0.06818211305506527,LNP-ALP,IND>OTH>ON>GRN,0.4318178869449347,0.5681821130550653,IND>OTH>ON>GRN,0.4759204449833055,0.5240795550166945,IND>OTH>GRN>LNP,10.0,False,False,-0.03630086561028023
Prahran,Southern Metro,Greens,GRN,LNP,0.6422388316575945,0.3577611683424054,0.14223883165759454,GRN-LNP,IND>ON>OTH>ALP,0.6625063359899775,0.3374936640100224,IND>ON>OTH>GRN,0.7659603347041603,0.2340396652958398,IND>OTH>LNP>GRN,Southern Metro,Greens,GRN,LNP,0.6406182576368971,0.35938174236310294,0.14061825763689706,GRN-LNP,IND>ON>OTH>ALP,0.6608357146222948,0.3391642853777051,IND>ON>OTH>GRN,0.7599757621541485,0.24002423784585153,IND>OTH>LNP>GRN,10.0,False,False,-0.001620574020697485
Preston,Northern Metro,ALP,ALP,LNP,0.7112011470289619,0.2887988529710382,0.21120114702896187,ALP-LNP,ON>IND>OTH>GRN,0.7112011470289619,0.2887988529710382,ON>IND>OTH>GRN,0.7108980533286068,0.2891019466713933,IND>OTH>LNP>GRN,Northern Metro,ALP,ALP,LNP,0.7112011470289619,0.2887988529710382,0.21120114702896187,ALP-LNP,ON>IND>OTH>GRN,0.7112011470289619,0.2887988529710382,ON>IND>OTH>GRN,0.7156409093236075,0.2843590906763926,IND>OTH>LNP>GRN,10.0,False,False,0.0
Richmond,Northern Metro,GRN,GRN,ALP,0.5366929070167756,0.4633070929832243,0.03669290701677563,GRN-ALP,IND>ON>LNP>OTH,0.832770817441701,0.16722918255829894,IND>ON>OTH>GRN,0.826785970911746,0.17321402908825392,IND>LNP>OTH>GRN,Northern Metro,GRN,GRN,ALP,0.536629651459519,0.4633703485404811,0.03662965145951902,GRN-ALP,IND>ON>LNP>OTH,0.8310449022972982,0.16895509770270187,IND>ON>OTH>GRN,0.826785970911746,0.17321402908825392,IND>LNP>OTH>GRN,10.0,False,False,-6.325555725661403e-05
Ringwood,North-Eastern Metro,LNP,ALP,LNP,0.5674518403859382,0.4325481596140618,0.06745184038593821,ALP-LNP,ON>OTH>GRN,0.5674518403859382,0.4325481596140618,ON>OTH>GRN,0.6111666589986308,0.38883334100136924,OTH>GRN>LNP,North-Eastern Metro,LNP,ALP,LNP,0.5674208508889351,0.4325791491110649,0.06742085088893512,ALP-LNP,ON>OTH>GRN,0.5674208508889351,0.4325791491110649,ON>OTH>GRN,0.6155018096646485,0.38449819033535154,OTH>GRN>LNP,10.0,False,False,-3.098949700308662e-05
Ripon,Western Victoria,ALP,LNP,ALP,0.5475734361313169,0.452426563868683,0.047573436131316926,LNP-ALP,IND>GRN>ON>OTH,0.452426563868683,0.5475734361313169,IND>GRN>ON>OTH,0.449392322494425,0.550607677505575,IND>GRN>OTH>LNP,Western Victoria,ALP,LNP,ALP,0.5475734361313169,0.452426563868683,0.047573436131316926,LNP-ALP,IND>GRN>ON>OTH,0.452426563868683,0.5475734361313169,IND>GRN>ON>OTH,0.449392322494425,0.550607677505575,IND>GRN>OTH>LNP,10.0,False,False,0.0
Rowville,South-Eastern Metro,LNP,LNP,ALP,0.5660069178644298,0.4339930821355702,0.0660069178644298,LNP-ALP,OTH>GRN>ON>IND,0.4339930821355702,0.5660069178644298,OTH>GRN>ON>IND,0.5326383178125123,0.4673616821874878,OTH>GRN>IND>LNP,South-Eastern Metro,LNP,LNP,ALP,0.5678306802357661,0.43216931976423395,0.0678306802357661,LNP-ALP,OTH>GRN>ON>IND,0.43216931976423395,0.5678306802357661,OTH>GRN>ON>IND,0.5321558804695935,0.4678441195304066,OTH>GRN>IND>LNP,10.0,False,False,0.0018237623713363016
Sandringham,Southern Metro,LNP,LNP,ALP,0.5426751142412298,0.45732488575877017,0.04267511424122983,LNP-ALP,ON>IND>OTH>GRN,0.45732488575877017,0.5426751142412298,ON>IND>OTH>GRN,0.5588202293356789,0.4411797706643212,IND>OTH>GRN>LNP,Southern Metro,LNP,LNP,ALP,0.5426751142412298,0.45732488575877017,0.04267511424122983,LNP-ALP,ON>IND>OTH>GRN,0.45732488575877017,0.5426751142412298,ON>IND>OTH>GRN,0.5605200707436792,0.4394799292563209,IND>OTH>GRN>LNP,10.0,False,False,0.0
Shepparton,Northern Victoria,LNP,LNP,IND,0.6240897366115051,0.37591026338849487,0.12408973661150513,LNP-IND,GRN>OTH>ALP>ON,0.27225299047701845,0.7277470095229817,GRN>OTH>ON>IND,0.35335526668345646,0.6466447333165436,GRN>OTH>IND>LNP,Northern Victoria,LNP,LNP,IND,0.6240897366115051,0.37591026338849487,0.12408973661150513,LNP-IND,GRN>OTH>ALP>ON,0.2739759320463867,0.7260240679536133,GRN>OTH>ON>IND,0.35335526668345646,0.6466447333165436,GRN>OTH>IND>LNP,10.0,False,False,0.0
South Barwon,Western Victoria,ALP,ALP,LNP,0.5303471843864227,0.46965281561357736,0.0303471843864227,ALP-LNP,ON>GRN>OTH,0.5303471843864227,0.46965281561357736,ON>GRN>OTH,0.5718513204903173,0.42814867950968266,GRN>OTH>LNP,Western Victoria,ALP,ALP,LNP,0.5329559233447253,0.4670440766552747,0.0329559233447253,ALP-LNP,ON>GRN>OTH,0.5329559233447253,0.4670440766552747,ON>GRN>OTH,0.5718513204903173,0.42814867950968266,GRN>OTH>LNP,10.0,False,False,0.0026087389583026033
South-West Coast,Western Victoria,LNP,LNP,IND,0.5908830987664683,0.40911690123353167,0.09088309876646827,LNP-IND,GRN>OTH>ON>ALP,0.357242954626959,0.642757045373041,GRN>OTH>ON>IND,0.3917649520299136,0.6082350479700863,GRN>OTH>IND>LNP,Western Victoria,LNP,LNP,IND,0.5880948416352995,0.4119051583647005,0.08809484163529946,LNP-IND,GRN>OTH>ON>ALP,0.3587956992936003,0.6412043007063998,GRN>OTH>ON>IND,0.3917649520299136,0.6082350479700863,GRN>OTH>IND>LNP,10.0,False,False,-0.0027882571311688142
St Albans,Western Metro,ALP,ALP,LNP,0.6064712303299256,0.3935287696700745,0.10647123032992556,ALP-LNP,IND>GRN>ON>OTH,0.6064712303299256,0.3935287696700745,IND>GRN>ON>OTH,0.6139681318144553,0.3860318681855448,IND>GRN>OTH>LNP,Western Metro,ALP,ALP,LNP,0.6064712303299256,0.3935287696700745,0.10647123032992556,ALP-LNP,IND>GRN>ON>OTH,0.6064712303299256,0.3935287696700745,IND>GRN>ON>OTH,0.6139681318144553,0.3860318681855448,IND>GRN>OTH>LNP,10.0,False,False,0.0
Sunbury,Western Metro,ALP,LNP,ALP,0.5085584988738205,0.4914415011261795,0.008558498873820541,LNP-ALP,IND>GRN>OTH>ON,0.4914415011261795,0.5085584988738205,IND>GRN>OTH>ON,0.5254020641418156,0.47459793585818444,IND>GRN>OTH>LNP,Western Metro,ALP,LNP,ALP,0.5080224391981225,0.4919775608018774,0.00802243919812251,LNP-ALP,IND>GRN>OTH>ON,0.4919775608018774,0.5080224391981225,IND>GRN>OTH>ON,0.5254020641418156,0.47459793585818444,IND>GRN>OTH>LNP,10.0,False,False,-0.0005360596756980307
Sydenham,Western Metro,ALP,ALP,LNP,0.5757076803551907,0.42429231964480923,0.07570768035519071,ALP-LNP,IND>GRN>ON>OTH,0.5757076803551907,0.42429231964480923,IND>GRN>ON>OTH,0.5827008612467023,0.41729913875329766,IND>GRN>OTH>LNP,Western Metro,ALP,ALP,LNP,0.5757076803551907,0.42429231964480923,0.07570768035519071,ALP-LNP,IND>GRN>ON>OTH,0.5757076803551907,0.42429231964480923,IND>GRN>ON>OTH,0.5827008612467023,0.41729913875329766,IND>GRN>OTH>LNP,10.0,False,False,0.0
Tarneit,Western Metro,ALP,ALP,LNP,0.6064952968254986,0.39350470317450137,0.10649529682549863,ALP-LNP,IND>GRN>ON>OTH,0.6064952968254986,0.39350470317450137,IND>GRN>ON>OTH,0.6033901953628766,0.39660980463712336,IND>GRN>OTH>LNP,Western Metro,ALP,ALP,LNP,0.6064952968254986,0.39350470317450137,0.10649529682549863,ALP-LNP,IND>GRN>ON>OTH,0.6064952968254986,0.39350470317450137,IND>GRN>ON>OTH,0.6033901953628766,0.39660980463712336,IND>GRN>OTH>LNP,10.0,False,False,0.0
Thomastown,Northern Metro,ALP,ALP,LNP,0.6453892522182911,0.3546107477817089,0.14538925221829113,ALP-LNP,IND>GRN>ON>OTH,0.6453892522182911,0.3546107477817089,IND>GRN>ON>OTH,0.6325890248692216,0.36741097513077836,IND>GRN>OTH>LNP,Northern Metro,ALP,ALP,LNP,0.6453892522182911,0.3546107477817089,0.14538925221829113,ALP-LNP,IND>GRN>ON>OTH,0.6453892522182911,0.3546107477817089,IND>GRN>ON>OTH,0.6325890248692216,0.36741097513077836,IND>GRN>OTH>LNP,10.0,False,False,0.0
Warrandyte,North-Eastern Metro,LNP,LNP,ALP,0.5631257389625798,0.43687426103742033,0.06312573896257978,LNP-ALP,IND>OTH>ON>GRN,0.43687426103742033,0.5631257389625798,IND>OTH>ON>GRN,0.5435369273696918,0.4564630726303082,IND>OTH>GRN>LNP,North-Eastern Metro,LNP,LNP,ALP,0.5597412911657126,0.4402587088342875,0.059741291165712584,LNP-ALP,IND>OTH>ON>GRN,0.4402587088342875,0.5597412911657126,IND>OTH>ON>GRN,0.547428627694269,0.452571372305731,IND>OTH>GRN>LNP,10.0,False,False,-0.003384447796867196
Wendouree,Western Victoria,ALP,ALP,LNP,0.5324992002363418,0.4675007997636583,0.032499200236341785,ALP-LNP,IND>GRN>OTH>ON,0.5324992002363418,0.4675007997636583,IND>GRN>OTH>ON,0.5904884226266767,0.40951157737332344,IND>GRN>OTH>LNP,Western Victoria,ALP,ALP,LNP,0.5328724479623549,0.4671275520376452,0.03287244796235489,ALP-LNP,IND>GRN>OTH>ON,0.5328724479623549,0.4671275520376452,IND>GRN>OTH>ON,0.5904884226266767,0.40951157737332344,IND>GRN>OTH>LNP,10.0,False,False,0.00037324772601310396
Werribee,Western Metro,ALP,ALP,LNP,0.5183426468420214,0.48165735315797864,0.01834264684202136,ALP-LNP,GRN>IND>OTH>ON,0.5183426468420214,0.48165735315797864,GRN>IND>OTH>ON,0.5339747854533192,0.4660252145466808,GRN>IND>OTH>LNP,Western Metro,ALP,ALP,LNP,0.518950950011926,0.48104904998807396,0.018950950011926038,ALP-LNP,GRN>IND>OTH>ON,0.518950950011926,0.48104904998807396,GRN>IND>OTH>ON,0.5339747854533192,0.4660252145466808,GRN>IND>OTH>LNP,10.0,False,False,0.0006083031699046781
Williamstown,Western Metro,ALP,ALP,LNP,0.6856943444625866,0.3143056555374134,0.1856943444625866,ALP-LNP,IND>ON>OTH>GRN,0.6856943444625866,0.3143056555374134,IND>ON>OTH>GRN,0.7133987098446141,0.28660129015538605,IND>OTH>GRN>LNP,Western Metro,ALP,ALP,LNP,0.6830026076790312,0.31699739232096885,0.1830026076790312,ALP-LNP,IND>ON>OTH>GRN,0.6830026076790312,0.31699739232096885,IND>ON>OTH>GRN,0.6985452402038821,0.301454759796118,IND>OTH>GRN>LNP,10.0,False,False,-0.0026917367835553874
Yan Yean,Northern Victoria,ALP,ALP,LNP,0.5177336494494861,0.482266350550514,0.017733649449486077,ALP-LNP,GRN>ON>OTH,0.5177336494494861,0.482266350550514,GRN>ON>OTH,0.5208680876271042,0.4791319123728957,GRN>OTH>LNP,Northern Victoria,ALP,ALP,LNP,0.5177336494494861,0.482266350550514,0.017733649449486077,ALP-LNP,GRN>ON>OTH,0.5177336494494861,0.482266350550514,GRN>ON>OTH,0.5208680876271042,0.4791319123728957,GRN>OTH>LNP,10.0,False,False,0.0
Albert Park,Southern Metro,ALP,ALP,LNP,0.6331475427241118,0.36685245727588833,0.13314754272411178,ALP-LNP,IND>OTH>ON>GRN,0.6331475427241118,0.36685245727588833,IND>OTH>ON>GRN,0.6567167908053918,0.3432832091946083,IND>OTH>GRN>LNP,Southern Metro,ALP,ALP,LNP,0.6215641217726882,0.3784358782273119,0.12156412177268816,ALP-LNP,IND>OTH>ON>GRN,0.6215641217726882,0.3784358782273119,IND>OTH>ON>GRN,0.6478525932464256,0.35214740675357437,IND>OTH>GRN>LNP,20.0,False,False,-0.011583420951423617
Ashwood,Southern Metro,ALP,ALP,LNP,0.5244968583242574,0.47550314167574265,0.02449685832425741,ALP-LNP,IND>OTH>ON>GRN,0.5244968583242574,0.47550314167574265,IND>OTH>ON>GRN,0.6029834511448654,0.3970165488551346,IND>OTH>GRN>LNP,Southern Metro,ALP,ALP,LNP,0.5263963580801931,0.47360364191980686,0.02639635808019314,ALP-LNP,IND>OTH>ON>GRN,0.5263963580801931,0.47360364191980686,IND>OTH>ON>GRN,0.6027245042880662,0.39727549571193377,IND>OTH>GRN>LNP,20.0,False,False,0.0018994997559357296
Bass,Eastern Victoria,ALP,LNP,ON,0.5683003500926687,0.43169964990733134,0.06830035009266866,LNP-ON,IND>GRN>OTH>ALP,0.3275820743133828,0.6724179256866172,IND>GRN>OTH>ON,0.35855932352300873,0.6414406764769913,IND>GRN>OTH>LNP,Eastern Victoria,ALP,LNP,ON,0.5683003500926687,0.43169964990733134,0.06830035009266866,LNP-ON,IND>GRN>OTH>ALP,0.32962460056037385,0.6703753994396262,IND>GRN>OTH>ON,0.35855932352300873,0.6414406764769913,IND>GRN>OTH>LNP,20.0,False,False,0.0
Bayswater,North-Eastern Metro,ALP,LNP,ALP,0.5349300989762149,0.46506990102378515,0.03493009897621491,LNP-ALP,IND>GRN>OTH>ON,0.46506990102378515,0.5349300989762149,IND>GRN>OTH>ON,0.5103760967347508,0.4896239032652492,IND>GRN>OTH>LNP,North-Eastern Metro,ALP,LNP,ALP,0.5371656240944277,0.46283437590557236,0.037165624094427696,LNP-ALP,IND>GRN>OTH>ON,0.46283437590557236,0.5371656240944277,IND>GRN>OTH>ON,0.5103760967347508,0.4896239032652492,IND>GRN>OTH>LNP,20.0,False,False,0.002235525118212789
Bellarine,Western Victoria,ALP,LNP,ALP,0.5109124808626052,0.48908751913739484,0.010912480862605212,LNP-ALP,IND>OTH>GRN>ON,0.48908751913739484,0.5109124808626052,IND>OTH>GRN>ON,0.5267463392958448,0.4732536607041553,IND>OTH>GRN>LNP,Western Victoria,ALP,LNP,ALP,0.5051075224155814,0.4948924775844187,0.005107522415581434,LNP-ALP,IND>OTH>GRN>ON,0.4948924775844187,0.5051075224155814,IND>OTH>GRN>ON,0.5345955132054673,0.46540448679453267,IND>OTH>GRN>LNP,20.0,False,False,-0.005804958447023778
Benambra,Northern Victoria,LNP,LNP,IND,0.6246032613250164,0.37539673867498363,0.12460326132501642,LNP-IND,GRN>ALP>OTH>ON,0.2441139230893636,0.7558860769106363,GRN>OTH>ON>IND,0.24105267741482075,0.7589473225851793,GRN>OTH>IND>LNP,Northern Victoria,LNP,LNP,IND,0.6246032613250164,0.37539673867498363,0.12460326132501642,LNP-IND,GRN>ALP>OTH>ON,0.2474641655907968,0.7525358344092032,GRN>OTH>ON>IND,0.24105267741482075,0.7589473225851793,GRN>OTH>IND>LNP,20.0,False,False,0.0
Bendigo East,Northern Victoria,ALP,ALP,LNP,0.5178098485941424,0.4821901514058577,0.017809848594142363,ALP-LNP,IND>OTH>GRN>ON,0.5178098485941424,0.4821901514058577,IND>OTH>GRN>ON,0.5584480969512482,0.44155190304875186,IND>OTH>GRN>LNP,Northern Victoria,ALP,ALP,LNP,0.5246173755986024,0.47538262440139756,0.024617375598602442,ALP-LNP,IND>OTH>GRN>ON,0.5246173755986024,0.47538262440139756,IND>OTH>GRN>ON,0.5660581485482942,0.4339418514517058,IND>OTH>GRN>LNP,20.0,False,False,0.006807527004460079
Bendigo West,Northern Victoria,ALP,ALP,ON,0.5562449538500854,0.44375504614991457,0.05624495385008543,ALP-ON,IND>GRN>OTH>LNP,0.5365075517483839,0.46349244825161606,IND>GRN>OTH>ON,0.5562449538500854,0.44375504614991457,IND>GRN>OTH>LNP,Northern Victoria,ALP,ALP,ON,0.5562449538500854,0.44375504614991457,0.05624495385008543,ALP-ON,IND>GRN>OTH>LNP,0.5370396934581789,0.4629603065418211,IND>GRN>OTH>ON,0.5562449538500854,0.44375504614991457,IND>GRN>OTH>LNP,20.0,False,False,0.0
Bentleigh,Southern Metro,ALP,ALP,LNP,0.5296470130495688,0.47035298695043115,0.02964701304956885,ALP-LNP,IND>OTH>GRN>ON,0.5296470130495688,0.47035298695043115,IND>OTH>GRN>ON,0.5937715826359857,0.4062284173640142,IND>OTH>GRN>LNP,Southern Metro,ALP,ALP,LNP,0.5275241279622771,0.4724758720377229,0.0275241279622771,ALP-LNP,IND>OTH>GRN>ON,0.5275241279622771,0.4724758720377229,IND>OTH>GRN>ON,0.5951125897760696,0.4048874102239303,IND>OTH>GRN>LNP,20.0,False,False,-0.002122885087291748
Berwick,South-Eastern Metro,LNP,LNP,ALP,0.6402798673038598,0.35972013269614034,0.14027986730385977,LNP-ALP,OTH>GRN>ON,0.35972013269614034,0.6402798673038598,OTH>GRN>ON,0.40933434788136025,0.5906656521186399,OTH>GRN>LNP,South-Eastern Metro,LNP,LNP,ALP,0.6327215673924497,0.3672784326075504,0.13272156739244967,LNP-ALP,OTH>GRN>ON,0.3672784326075504,0.6327215673924497,OTH>GRN>ON,0.41797077970940827,0.5820292202905918,OTH>GRN>LNP,20.0,False,False,-0.007558299911410105
Box Hill,North-Eastern Metro,ALP,ALP,LNP,0.5370553075303316,0.46294469246966835,0.037055307530331594,ALP-LNP,IND>OTH>ON>GRN,0.5370553075303316,0.46294469246966835,IND>OTH>ON>GRN,0.6108168368222449,0.38918316317775514,IND>OTH>GRN>LNP,North-Eastern Metro,ALP,ALP,LNP,0.5398389459914371,0.46016105400856294,0.039838945991437114,ALP-LNP,IND>OTH>ON>GRN,0.5398389459914371,0.46016105400856294,IND>OTH>ON>GRN,0.6120763837349329,0.3879236162650671,IND>OTH>GRN>LNP,20.0,False,False,0.00278363846110552
Brighton,Southern Metro,LNP,LNP,ALP,0.523843071618363,0.47615692838163703,0.023843071618362965,LNP-ALP,OTH>IND>ON>GRN,0.47615692838163703,0.523843071618363,OTH>IND>ON>GRN,0.5906727486200416,0.40932725137995846,OTH>IND>GRN>LNP,Southern Metro,LNP,LNP,ALP,0.5349418167725958,0.4650581832274042,0.03494181677259578,LNP-ALP,OTH>IND>ON>GRN,0.4650581832274042,0.5349418167725958,OTH>IND>ON>GRN,0.5819895411508306,0.41801045884916943,OTH>IND>GRN>LNP,20.0,False,False,0.011098745154232814
Broadmeadows,Northern Metro,ALP,ALP,ON,0.609539263231773,0.3904607367682271,0.10953926323177299,ALP-ON,GRN>IND>LNP>OTH,0.5796018560941759,0.4203981439058241,GRN>IND>OTH>ON,0.609539263231773,0.3904607367682271,GRN>IND>LNP>OTH,Northern Metro,ALP,ALP,ON,0.609539263231773,0.3904607367682271,0.10953926323177299,ALP-ON,GRN>IND>LNP>OTH,0.5765407820428522,0.4234592179571479,GRN>IND>OTH>ON,0.609539263231773,0.3904607367682271,GRN>IND>LNP>OTH,20.0,False,False,0.0
Brunswick,Northern Metro,GRN,GRN,ALP,0.6218126013900047,0.3781873986099954,0.12181260139000472,GRN-ALP,IND>LNP>ON>OTH,0.8845314402009907,0.11546855979900929,IND>ON>OTH>GRN,0.7769762409589754,0.22302375904102464,IND>LNP>OTH>GRN,Northern Metro,GRN,GRN,ALP,0.6218126013900047,0.3781873986099954,0.12181260139000472,GRN-ALP,IND>LNP>ON>OTH,0.8811156283470666,0.11888437165293342,IND>ON>OTH>GRN,0.7769762409589754,0.22302375904102464,IND>LNP>OTH>GRN,20.0,False,False,0.0
Bulleen,North-Eastern Metro,LNP,LNP,ALP,0.6120452022826636,0.38795479771733643,0.11204520228266357,LNP-ALP,OTH>GRN>ON,0.38795479771733643,0.6120452022826636,OTH>GRN>ON,0.5246846533479722,0.4753153466520278,OTH>GRN>LNP,North-Eastern Metro,LNP,LNP,ALP,0.6125732273510291,0.3874267726489708,0.11257322735102915,LNP-ALP,OTH>GRN>ON,0.3874267726489708,0.6125732273510291,OTH>GRN>ON,0.5265806179210206,0.47341938207897943,OTH>GRN>LNP,20.0,False,False,0.0005280250683655785
Bundoora,North-Eastern Metro,ALP,ALP,ON,0.5839445123539012,0.41605548764609873,0.08394451235390121,ALP-ON,OTH>GRN>LNP,0.562973217231357,0.4370267827686431,OTH>GRN>ON,0.5839445123539012,0.41605548764609873,OTH>GRN>LNP,North-Eastern Metro,ALP,ALP,LNP,0.5618266840975538,0.4381733159024462,0.061826684097553763,ALP-LNP,OTH>GRN>ON,0.5618266840975538,0.4381733159024462,OTH>GRN>ON,0.5870042708779446,0.4129957291220554,OTH>GRN>LNP,20.0,False,True,-0.02211782825634745
Carrum,South-Eastern Metro,ALP,ON,ALP,0.5007417540700347,0.49925824592996526,0.0007417540700347391,ON-ALP,IND>GRN>OTH>LNP,0.49209791443324474,0.5079020855667553,IND>GRN>OTH>ON,0.49925824592996526,0.5007417540700347,IND>GRN>OTH>LNP,South-Eastern Metro,ALP,ON,ALP,0.5007417540700347,0.49925824592996526,0.0007417540700347391,ON-ALP,IND>GRN>OTH>LNP,0.4927960981791952,0.5072039018208049,IND>GRN>OTH>ON,0.49925824592996526,0.5007417540700347,IND>GRN>OTH>LNP,20.0,False,False,0.0
Caulfield,Southern Metro,LNP,LNP,ALP,0.5191526077219423,0.4808473922780577,0.019152607721942272,LNP-ALP,IND>OTH>ON>GRN,0.4808473922780577,0.5191526077219423,IND>OTH>ON>GRN,0.5867785544063588,0.4132214455936412,IND>OTH>GRN>LNP,Southern Metro,LNP,LNP,ALP,0.5274490347961767,0.4725509652038234,0.027449034796176663,LNP-ALP,IND>OTH>ON>GRN,0.4725509652038234,0.5274490347961767,IND>OTH>ON>GRN,0.5807962268513467,0.4192037731486533,IND>OTH>GRN>LNP,20.0,False,False,0.008296427074234392
Clarinda,South-Eastern Metro,ALP,ALP,LNP,0.5475148257919019,0.4524851742080981,0.047514825791901916,ALP-LNP,GRN>OTH>IND>ON,0.5475148257919019,0.4524851742080981,GRN>OTH>IND>ON,0.5741933744994269,0.4258066255005731,GRN>OTH>IND>LNP,South-Eastern Metro,ALP,ALP,LNP,0.5451591898386838,0.45484081016131617,0.04515918983868383,ALP-LNP,GRN>OTH>IND>ON,0.5451591898386838,0.45484081016131617,GRN>OTH>IND>ON,0.5741933744994269,0.4258066255005731,GRN>OTH>IND>LNP,20.0,False,False,-0.0023556359532180826
Cranbourne,South-Eastern Metro,ALP,ON,ALP,0.5208061403209128,0.4791938596790873,0.02080614032091277,ON-ALP,IND>GRN>OTH>LNP,0.49933560098374047,0.5006643990162596,IND>GRN>OTH>ON,0.4791938596790873,0.5208061403209128,IND>GRN>OTH>LNP,South-Eastern Metro,ALP,ON,ALP,0.5208061403209128,0.4791938596790873,0.02080614032091277,ON-ALP,IND>GRN>OTH>LNP,0.49608313454643455,0.5039168654535655,IND>GRN>OTH>ON,0.4791938596790873,0.5208061403209128,IND>GRN>OTH>LNP,20.0,False,False,0.0
Croydon,North-Eastern Metro,LNP,LNP,ALP,0.5791167902190545,0.4208832097809455,0.07911679021905449,LNP-ALP,GRN>OTH>ON,0.4208832097809455,0.5791167902190545,GRN>OTH>ON,0.48213704328120427,0.5178629567187958,GRN>OTH>LNP,North-Eastern Metro,LNP,LNP,ALP,0.5813105852200201,0.41868941477997995,0.0813105852200201,LNP-ALP,GRN>OTH>ON,0.41868941477997995,0.5813105852200201,GRN>OTH>ON,0.48213704328120427,0.5178629567187958,GRN>OTH>LNP,20.0,False,False,0.002193795000965615
Dandenong,South-Eastern Metro,ALP,ALP,ON,0.5892659495379573,0.4107340504620427,0.0892659495379573,ALP-ON,GRN>OTH>LNP,0.6149014448510559,0.3850985551489441,GRN>OTH>ON,0.5892659495379573,0.4107340504620427,GRN>OTH>LNP,South-Eastern Metro,ALP,ALP,ON,0.5892659495379573,0.4107340504620427,0.0892659495379573,ALP-ON,GRN>OTH>LNP,0.6122115902728608,0.3877884097271392,GRN>OTH>ON,0.5892659495379573,0.4107340504620427,GRN>OTH>LNP,20.0,False,False,0.0
Eildon,Northern Victoria,LNP,LNP,ON,0.5991837896727623,0.40081621032723763,0.09918378967276231,LNP-ON,IND>OTH>GRN>ALP,0.31534451354901927,0.6846554864509807,IND>OTH>GRN>ON,0.35819360274560047,0.6418063972543995,IND>OTH>GRN>LNP,Northern Victoria,LNP,LNP,ON,0.6086022071230784,0.3913977928769216,0.10860220712307844,LNP-ON,IND>OTH>GRN>ALP,0.32705080353348787,0.6729491964665122,IND>OTH>GRN>ON,0.3705944098853145,0.6294055901146856,IND>OTH>GRN>LNP,20.0,False,False,0.00941841745031613
Eltham,North-Eastern Metro,ALP,ALP,LNP,0.5280964342645073,0.47190356573549286,0.028096434264507253,ALP-LNP,OTH>GRN>ON,0.5280964342645073,0.47190356573549286,OTH>GRN>ON,0.5693420308932474,0.4306579691067527,OTH>GRN>LNP,North-Eastern Metro,ALP,ALP,LNP,0.5258634176067303,0.4741365823932698,0.025863417606730277,ALP-LNP,OTH>GRN>ON,0.5258634176067303,0.4741365823932698,OTH>GRN>ON,0.5713235842019078,0.42867641579809235,OTH>GRN>LNP,20.0,False,False,-0.002233016657776976
Essendon,Northern Metro,ALP,ALP,ON,0.5731421896573056,0.42685781034269443,0.07314218965730557,ALP-ON,IND>OTH>GRN>LNP,0.5517166230488552,0.44828337695114484,IND>OTH>GRN>ON,0.5731421896573056,0.42685781034269443,IND>OTH>GRN>LNP,Northern Metro,ALP,ALP,LNP,0.545373781818959,0.45462621818104104,0.045373781818959014,ALP-LNP,IND>OTH>GRN>ON,0.545373781818959,0.45462621818104104,IND>OTH>GRN>ON,0.573368883610356,0.42663111638964407,IND>OTH>GRN>LNP,20.0,False,True,-0.027768407838346554
Eureka,Western Victoria,ALP,ON,ALP,0.5771889405780583,0.4228110594219418,0.07718894057805825,ON-ALP,IND>GRN>OTH>LNP,0.42311588463077576,0.5768841153692243,IND>GRN>OTH>ON,0.4228110594219418,0.5771889405780583,IND>GRN>OTH>LNP,Western Victoria,ALP,ON,ALP,0.5771889405780583,0.4228110594219418,0.07718894057805825,ON-ALP,IND>GRN>OTH>LNP,0.42536631239996786,0.5746336876000322,IND>GRN>OTH>ON,0.4228110594219418,0.5771889405780583,IND>GRN>OTH>LNP,20.0,False,False,0.0
Euroa,Northern Victoria,LNP,LNP,ON,0.5961286957905645,0.4038713042094355,0.09612869579056449,LNP-ON,GRN>OTH>ALP,0.255698771207318,0.744301228792682,GRN>OTH>ON,0.3024566934678087,0.6975433065321913,GRN>OTH>LNP,Northern Victoria,LNP,LNP,ON,0.5961286957905645,0.4038713042094355,0.09612869579056449,LNP-ON,GRN>OTH>ALP,0.2577286013610069,0.742271398638993,GRN>OTH>ON,0.3024566934678087,0.6975433065321913,GRN>OTH>LNP,20.0,False,False,0.0
Evelyn,Eastern Victoria,LNP,LNP,ALP,0.6476238496040454,0.3523761503959546,0.1476238496040454,LNP-ALP,IND>OTH>GRN>ON,0.3523761503959546,0.6476238496040454,IND>OTH>GRN>ON,0.41267160680002674,0.5873283931999733,IND>OTH>GRN>LNP,Eastern Victoria,LNP,LNP,ALP,0.641150829211643,0.3588491707883571,0.14115082921164301,LNP-ALP,IND>OTH>GRN>ON,0.3588491707883571,0.641150829211643,IND>OTH>GRN>ON,0.42059236861664256,0.5794076313833575,IND>OTH>GRN>LNP,20.0,False,False,-0.006473020392402384
Footscray,Western Metro,ALP,ALP,GRN,0.5837312007012053,0.41626879929879473,0.08373120070120532,ALP-GRN,LNP>OTH>ON,0.7825789301368342,0.21742106986316578,OTH>ON>GRN,0.7404162841389669,0.2595837158610332,LNP>OTH>GRN,Western Metro,ALP,ALP,GRN,0.5837312007012053,0.41626879929879473,0.08373120070120532,ALP-GRN,LNP>OTH>ON,0.7561692484226711,0.24383075157732895,OTH>ON>GRN,0.7404162841389669,0.2595837158610332,LNP>OTH>GRN,20.0,False,False,0.0
Frankston,South-Eastern Metro,ALP,ALP,ON,0.5088214506611384,0.4911785493388616,0.008821450661138375,ALP-ON,IND>GRN>OTH>LNP,0.5116727116608808,0.4883272883391192,IND>GRN>OTH>ON,0.5088214506611384,0.4911785493388616,IND>GRN>OTH>LNP,South-Eastern Metro,ALP,ALP,ON,0.5088214506611384,0.4911785493388616,0.008821450661138375,ALP-ON,IND>GRN>OTH>LNP,0.5088119000717752,0.49118809992822476,IND>GRN>OTH>ON,0.5088214506611384,0.4911785493388616,IND>GRN>OTH>LNP,20.0,False,False,0.0
Geelong,Western Victoria,ALP,ALP,ON,0.5102695706675524,0.4897304293324477,0.010269570667552408,ALP-ON,OTH>IND>GRN>LNP,0.5020199218100247,0.49798007818997525,OTH>IND>GRN>ON,0.5102695706675524,0.4897304293324477,OTH>IND>GRN>LNP,Western Victoria,ALP,ALP,ON,0.5112595422327432,0.48874045776725694,0.01125954223274317,ALP-ON,OTH>IND>GRN>LNP,0.5024079547975335,0.4975920452024666,OTH>IND>GRN>ON,0.5112595422327432,0.48874045776725694,OTH>IND>GRN>LNP,20.0,False,False,0.0009899715651907615
Gippsland East,Eastern Victoria,LNP,LNP,ON,0.591530597016092,0.40846940298390805,0.09153059701609201,LNP-ON,IND>GRN>OTH>ALP,0.16721422593519902,0.832785774064801,IND>GRN>OTH>ON,0.2197477695485896,0.7802522304514103,IND>GRN>OTH>LNP,Eastern Victoria,LNP,LNP,ON,0.591530597016092,0.40846940298390805,0.09153059701609201,LNP-ON,IND>GRN>OTH>ALP,0.169481348485156,0.8305186515148439,IND>GRN>OTH>ON,0.2197477695485896,0.7802522304514103,IND>GRN>OTH>LNP,20.0,False,False,0.0
Gippsland South,Eastern Victoria,LNP,LNP,ON,0.5882779619976237,0.4117220380023763,0.08827796199762372,LNP-ON,IND>GRN>OTH>ALP,0.24579675177442306,0.7542032482255769,IND>GRN>OTH>ON,0.2906237347600846,0.7093762652399155,IND>GRN>OTH>LNP,Eastern Victoria,LNP,LNP,ON,0.5882779619976237,0.4117220380023763,0.08827796199762372,LNP-ON,IND>GRN>OTH>ALP,0.24790089231666773,0.7520991076833323,IND>GRN>OTH>ON,0.2906237347600846,0.7093762652399155,IND>GRN>OTH>LNP,20.0,False,False,0.0
Glen Waverley,North-Eastern Metro,ALP,LNP,ALP,0.5294091900519234,0.47059080994807656,0.02940919005192344,LNP-ALP,OTH>GRN>ON,0.47059080994807656,0.5294091900519234,OTH>GRN>ON,0.5760767923864863,0.42392320761351376,OTH>GRN>LNP,North-Eastern Metro,ALP,LNP,ALP,0.5311271871323018,0.46887281286769816,0.03112718713230178,LNP-ALP,OTH>GRN>ON,0.46887281286769816,0.5311271871323018,OTH>GRN>ON,0.5778456159044388,0.42215438409556116,OTH>GRN>LNP,20.0,False,False,0.0017179970803783418
Greenvale,Northern Metro,ALP,ALP,LNP,0.5806053146383658,0.41939468536163427,0.08060531463836584,ALP-LNP,GRN>IND>ON>OTH,0.5806053146383658,0.41939468536163427,GRN>IND>ON>OTH,0.5510097017755486,0.44899029822445147,GRN>IND>OTH>LNP,Northern Metro,ALP,ALP,LNP,0.5806053146383658,0.41939468536163427,0.08060531463836584,ALP-LNP,GRN>IND>ON>OTH,0.5806053146383658,0.41939468536163427,GRN>IND>ON>OTH,0.5510097017755486,0.44899029822445147,GRN>IND>OTH>LNP,20.0,False,False,0.0
Hastings,Eastern Victoria,ALP,LNP,ALP,0.6223908690288444,0.37760913097115556,0.12239086902884444,LNP-ALP,GRN>OTH>ON,0.37760913097115556,0.6223908690288444,GRN>OTH>ON,0.40257234088334637,0.5974276591166536,GRN>OTH>LNP,Eastern Victoria,ALP,LNP,ALP,0.6204315710774726,0.3795684289225275,0.1204315710774726,LNP-ALP,GRN>OTH>ON,0.3795684289225275,0.6204315710774726,GRN>OTH>ON,0.40257234088334637,0.5974276591166536,GRN>OTH>LNP,20.0,False,False,-0.001959297951371841
Hawthorn,Southern Metro,LNP,LNP,ALP,0.5163494428598422,0.4836505571401578,0.01634944285984219,LNP-ALP,OTH>ON>GRN>IND,0.4836505571401578,0.5163494428598422,OTH>ON>GRN>IND,0.6183993927668392,0.3816006072331608,OTH>GRN>IND>LNP,Southern Metro,LNP,LNP,ALP,0.5222626519139354,0.4777373480860647,0.022262651913935394,LNP-ALP,OTH>ON>GRN>IND,0.4777373480860647,0.5222626519139354,OTH>ON>GRN>IND,0.6138061690446083,0.3861938309553918,OTH>GRN>IND>LNP,20.0,False,False,0.005913209054093205
Ivanhoe,North-Eastern Metro,ALP,ALP,LNP,0.5960024544314869,0.40399754556851303,0.09600245443148692,ALP-LNP,IND>OTH>ON>GRN,0.5960024544314869,0.40399754556851303,IND>OTH>ON>GRN,0.6226451999956256,0.3773548000043744,IND>OTH>GRN>LNP,North-Eastern Metro,ALP,ALP,LNP,0.5987474184920281,0.40125258150797205,0.09874741849202806,ALP-LNP,IND>OTH>ON>GRN,0.5987474184920281,0.40125258150797205,IND>OTH>ON>GRN,0.6227161741902764,0.37728382580972364,IND>OTH>GRN>LNP,20.0,False,False,0.002744964060541144
Kalkallo,Northern Metro,ALP,ALP,ON,0.5608196320018299,0.4391803679981701,0.06081963200182994,ALP-ON,IND>GRN>OTH>LNP,0.562342722669636,0.437657277330364,IND>GRN>OTH>ON,0.5608196320018299,0.4391803679981701,IND>GRN>OTH>LNP,Northern Metro,ALP,ALP,ON,0.5608196320018299,0.4391803679981701,0.06081963200182994,ALP-ON,IND>GRN>OTH>LNP,0.5629911585127514,0.43700884148724867,IND>GRN>OTH>ON,0.5608196320018299,0.4391803679981701,IND>GRN>OTH>LNP,20.0,False,False,0.0
Kew,Southern Metro,LNP,LNP,ALP,0.5569600429756881,0.443039957024312,0.05696004297568813,LNP-ALP,OTH>GRN>ON>IND,0.443039957024312,0.5569600429756881,OTH>GRN>ON>IND,0.5998087073826451,0.400191292617355,OTH>GRN>IND>LNP,Southern Metro,LNP,LNP,ALP,0.5594073742426358,0.4405926257573642,0.05940737424263576,LNP-ALP,OTH>GRN>ON>IND,0.4405926257573642,0.5594073742426358,OTH>GRN>ON>IND,0.5965829709096893,0.40341702909031085,OTH>GRN>IND>LNP,20.0,False,False,0.0024473312669476277
Kororoit,Western Metro,ALP,ALP,ON,0.60020683207495,0.39979316792505004,0.10020683207494996,ALP-ON,IND>GRN>LNP>OTH,0.5883814450364124,0.4116185549635876,IND>GRN>ON>OTH,0.60020683207495,0.39979316792505004,IND>GRN>LNP>OTH,Western Metro,ALP,ALP,ON,0.60020683207495,0.39979316792505004,0.10020683207494996,ALP-ON,IND>GRN>LNP>OTH,0.5883814450364124,0.4116185549635876,IND>GRN>ON>OTH,0.60020683207495,0.39979316792505004,IND>GRN>LNP>OTH,20.0,False,False,0.0
Lara,Western Victoria,ALP,ON,ALP,0.5253299012683348,0.47467009873166527,0.025329901268334787,ON-ALP,IND>GRN>OTH>LNP,0.5063539005659558,0.49364609943404425,IND>GRN>OTH>ON,0.47467009873166527,0.5253299012683348,IND>GRN>OTH>LNP,Western Victoria,ALP,ON,ALP,0.5253299012683348,0.47467009873166527,0.025329901268334787,ON-ALP,IND>GRN>OTH>LNP,0.5072676357918993,0.49273236420810074,IND>GRN>OTH>ON,0.47467009873166527,0.5253299012683348,IND>GRN>OTH>LNP,20.0,False,False,0.0
Laverton,Western Metro,ALP,ALP,ON,0.6388273132653192,0.3611726867346809,0.13882731326531916,ALP-ON,IND>GRN>LNP>OTH,0.5938236743767428,0.40617632562325734,IND>GRN>OTH>ON,0.6388273132653192,0.3611726867346809,IND>GRN>LNP>OTH,Western Metro,ALP,ALP,ON,0.6388273132653192,0.3611726867346809,0.13882731326531916,ALP-ON,IND>GRN>LNP>OTH,0.5909916800151931,0.40900831998480686,IND>GRN>OTH>ON,0.6388273132653192,0.3611726867346809,IND>GRN>LNP>OTH,20.0,False,False,0.0
Lowan,Western Victoria,LNP,LNP,ON,0.619540356201545,0.3804596437984551,0.11954035620154502,LNP-ON,IND>GRN>OTH>ALP,0.1895626921704765,0.8104373078295234,IND>GRN>OTH>ON,0.25006960578983717,0.7499303942101629,IND>GRN>OTH>LNP,Western Victoria,LNP,LNP,ON,0.619540356201545,0.3804596437984551,0.11954035620154502,LNP-ON,IND>GRN>OTH>ALP,0.19159510878140548,0.8084048912185944,IND>GRN>OTH>ON,0.25006960578983717,0.7499303942101629,IND>GRN>OTH>LNP,20.0,False,False,0.0
Macedon,Northern Victoria,ALP,ON,ALP,0.5237875424720456,0.4762124575279543,0.02378754247204562,ON-ALP,IND>OTH>GRN>LNP,0.46431671212677006,0.53568328787323,IND>OTH>GRN>ON,0.4762124575279543,0.5237875424720456,IND>OTH>GRN>LNP,Northern Victoria,ALP,ON,ALP,0.5127319145141328,0.48726808548586714,0.012731914514132803,ON-ALP,IND>OTH>GRN>LNP,0.47470276423892893,0.525297235761071,IND>OTH>GRN>ON,0.48726808548586714,0.5127319145141328,IND>OTH>GRN>LNP,20.0,False,False,-0.011055627957912817
Malvern,Southern Metro,LNP,LNP,ALP,0.5834524038054689,0.4165475961945311,0.08345240380546892,LNP-ALP,OTH>ON>GRN,0.4165475961945311,0.5834524038054689,OTH>ON>GRN,0.5703941918190122,0.42960580818098787,OTH>GRN>LNP,Southern Metro,LNP,LNP,ALP,0.5925661805424852,0.4074338194575149,0.09256618054248522,LNP-ALP,OTH>ON>GRN,0.4074338194575149,0.5925661805424852,OTH>ON>GRN,0.5623769226659638,0.43762307733403616,OTH>GRN>LNP,20.0,False,False,0.0091137767370163
Melbourne,Northern Metro,GRN,GRN,ALP,0.5735464372356268,0.42645356276437324,0.07354643723562682,GRN-ALP,LNP>OTH>ON,0.7941258756582216,0.20587412434177849,OTH>ON>GRN,0.7547275584242993,0.24527244157570083,LNP>OTH>GRN,Northern Metro,GRN,GRN,ALP,0.5735464372356268,0.42645356276437324,0.07354643723562682,GRN-ALP,LNP>OTH>ON,0.7709515883493026,0.2290484116506975,OTH>ON>GRN,0.7547275584242993,0.24527244157570083,LNP>OTH>GRN,20.0,False,False,0.0
Melton,Western Victoria,ALP,ON,ALP,0.5413228312901636,0.4586771687098365,0.041322831290163564,ON-ALP,GRN>OTH>LNP>IND,0.4016463411697508,0.5983536588302492,GRN>OTH>IND>ON,0.4586771687098365,0.5413228312901636,GRN>OTH>LNP>IND,Western Victoria,ALP,ON,ALP,0.5413228312901636,0.4586771687098365,0.041322831290163564,ON-ALP,GRN>OTH>LNP>IND,0.40260411788170486,0.5973958821182952,GRN>OTH>IND>ON,0.4586771687098365,0.5413228312901636,GRN>OTH>LNP>IND,20.0,False,False,0.0
Mildura,Northern Victoria,LNP,LNP,IND,0.5979404422406244,0.4020595577593756,0.09794044224062437,LNP-IND,GRN>OTH>ALP>ON,0.2456631053871366,0.7543368946128634,GRN>OTH>ON>IND,0.33268216220876407,0.667317837791236,GRN>OTH>LNP>IND,Northern Victoria,LNP,LNP,IND,0.5979404422406244,0.4020595577593756,0.09794044224062437,LNP-IND,GRN>OTH>ALP>ON,0.2490901230342168,0.7509098769657832,GRN>OTH>ON>IND,0.33268216220876407,0.667317837791236,GRN>OTH>LNP>IND,20.0,False,False,0.0
Mill Park,North-Eastern Metro,ALP,ALP,ON,0.5352664597054095,0.46473354029459046,0.035266459705409536,ALP-ON,GRN>OTH>LNP,0.55768284982521,0.44231715017479006,GRN>OTH>ON,0.5352664597054095,0.46473354029459046,GRN>OTH>LNP,North-Eastern Metro,ALP,ALP,ON,0.5352664597054095,0.46473354029459046,0.035266459705409536,ALP-ON,GRN>OTH>LNP,0.5547236934504887,0.4452763065495113,GRN>OTH>ON,0.5352664597054095,0.46473354029459046,GRN>OTH>LNP,20.0,False,False,0.0
Monbulk,Eastern Victoria,ALP,LNP,ALP,0.5564702587841507,0.44352974121584937,0.056470258784150684,LNP-ALP,OTH>IND>GRN>ON,0.44352974121584937,0.5564702587841507,OTH>IND>GRN>ON,0.4643438001085531,0.535656199891447,OTH>IND>GRN>LNP,Eastern Victoria,ALP,LNP,ALP,0.5536211646491982,0.44637883535080175,0.053621164649198194,LNP-ALP,OTH>IND>GRN>ON,0.44637883535080175,0.5536211646491982,OTH>IND>GRN>ON,0.4687704706968278,0.5312295293031722,OTH>IND>GRN>LNP,20.0,False,False,-0.00284909413495249
Mordialloc,South-Eastern Metro,ALP,ALP,LNP,0.5359979869107259,0.46400201308927413,0.035997986910725865,ALP-LNP,IND>OTH>GRN>ON,0.5359979869107259,0.46400201308927413,IND>OTH>GRN>ON,0.5728478031889699,0.4271521968110302,IND>OTH>GRN>LNP,South-Eastern Metro,ALP,ALP,LNP,0.5326628166347559,0.46733718336524416,0.0326628166347559,ALP-LNP,IND>OTH>GRN>ON,0.5326628166347559,0.46733718336524416,IND>OTH>GRN>ON,0.5745071178544725,0.4254928821455275,IND>OTH>GRN>LNP,20.0,False,False,-0.0033351702759699675
Mornington,Eastern Victoria,LNP,LNP,IND,0.6430967046541932,0.35690329534580684,0.14309670465419322,LNP-IND,OTH>GRN>ALP>ON,0.29637941481657665,0.7036205851834233,OTH>GRN>IND>ON,0.3594667802302331,0.6405332197697668,OTH>GRN>IND>LNP,Eastern Victoria,LNP,LNP,IND,0.6402087464765168,0.3597912535234832,0.14020874647651682,LNP-IND,OTH>GRN>ALP>ON,0.3241059618655347,0.6758940381344654,OTH>GRN>ON>IND,0.36230945006162096,0.637690549938379,OTH>GRN>IND>LNP,20.0,False,False,-0.0028879581776763974
Morwell,Eastern Victoria,LNP,ON,LNP,0.5197191533290749,0.48028084667092513,0.019719153329074923,ON-LNP,GRN>IND>OTH>ALP,0.3236066733994883,0.6763933266005117,GRN>IND>OTH>ON,0.33099391628460867,0.6690060837153914,GRN>IND>OTH>LNP,Eastern Victoria,LNP,ON,LNP,0.5197191533290749,0.48028084667092513,0.019719153329074923,ON-LNP,GRN>IND>OTH>ALP,0.3244751974888908,0.6755248025111091,GRN>IND>OTH>ON,0.33099391628460867,0.6690060837153914,GRN>IND>OTH>LNP,20.0,False,False,0.0
Mulgrave,South-Eastern Metro,ALP,ALP,ON,0.6948753384835632,0.30512466151643675,0.1948753384835632,ALP-ON,GRN>OTH>LNP>IND,0.609139897462345,0.390860102537655,GRN>OTH>IND>ON,0.6948753384835632,0.30512466151643675,GRN>OTH>LNP>IND,South-Eastern Metro,ALP,ALP,ON,0.6948753384835632,0.30512466151643675,0.1948753384835632,ALP-ON,GRN>OTH>LNP>IND,0.6066203401793276,0.3933796598206724,GRN>OTH>IND>ON,0.6948753384835632,0.30512466151643675,GRN>OTH>LNP>IND,20.0,False,False,0.0
Murray Plains,Northern Victoria,LNP,LNP,ON,0.609080063629,0.390919936371,0.10908006362900002,LNP-ON,IND>GRN>ALP>OTH,0.16130341240361373,0.8386965875963863,IND>GRN>OTH>ON,0.21497184287627935,0.7850281571237205,IND>GRN>OTH>LNP,Northern Victoria,LNP,LNP,ON,0.609080063629,0.390919936371,0.10908006362900002,LNP-ON,IND>GRN>ALP>OTH,0.16357250620514166,0.8364274937948584,IND>GRN>OTH>ON,0.21497184287627935,0.7850281571237205,IND>GRN>OTH>LNP,20.0,False,False,0.0
Narracan,Eastern Victoria,LNP,LNP,ALP,0.6485385707625368,0.35146142923746326,0.14853857076253685,LNP-ALP,IND>GRN>ON,0.35146142923746326,0.6485385707625368,IND>GRN>ON,0.39651863817890737,0.6034813618210927,IND>GRN>LNP,Eastern Victoria,LNP,LNP,ALP,0.6498338928604268,0.3501661071395732,0.1498338928604268,LNP-ALP,IND>GRN>ON,0.3501661071395732,0.6498338928604268,IND>GRN>ON,0.3940726851437668,0.6059273148562332,IND>GRN>LNP,20.0,False,False,0.0012953220978899616
Narre Warren North,South-Eastern Metro,ALP,ON,ALP,0.5100484869609627,0.4899515130390373,0.010048486960962721,ON-ALP,IND>GRN>OTH>LNP,0.5062970549269832,0.49370294507301693,IND>GRN>OTH>ON,0.4899515130390373,0.5100484869609627,IND>GRN>OTH>LNP,South-Eastern Metro,ALP,ON,ALP,0.5100484869609627,0.4899515130390373,0.010048486960962721,ON-ALP,IND>GRN>OTH>LNP,0.5031550319011654,0.49684496809883466,IND>GRN>OTH>ON,0.4899515130390373,0.5100484869609627,IND>GRN>OTH>LNP,20.0,False,False,0.0
Narre Warren South,South-Eastern Metro,ALP,ALP,ON,0.5032941276661859,0.4967058723338142,0.0032941276661858643,ALP-ON,GRN>OTH>LNP,0.5125555592099124,0.4874444407900877,GRN>OTH>ON,0.5032941276661859,0.4967058723338142,GRN>OTH>LNP,South-Eastern Metro,ALP,ALP,ON,0.5032941276661859,0.4967058723338142,0.0032941276661858643,ALP-ON,GRN>OTH>LNP,0.509580923943304,0.49041907605669605,GRN>OTH>ON,0.5032941276661859,0.4967058723338142,GRN>OTH>LNP,20.0,False,False,0.0
Nepean,Eastern Victoria,LNP,LNP,ALP,0.6542112170737205,0.3457887829262795,0.15421121707372054,LNP-ALP,IND>OTH>GRN>ON,0.3457887829262795,0.6542112170737205,IND>OTH>GRN>ON,0.40273784043007593,0.597262159569924,IND>OTH>GRN>LNP,Eastern Victoria,LNP,LNP,ALP,0.6478189089262864,0.3521810910737136,0.14781890892628635,LNP-ALP,IND>OTH>GRN>ON,0.3521810910737136,0.6478189089262864,IND>OTH>GRN>ON,0.4101833922691629,0.5898166077308371,IND>OTH>GRN>LNP,20.0,False,False,-0.006392308147434189
Niddrie,Western Metro,ALP,ALP,ON,0.5124260046496708,0.4875739953503293,0.012426004649670808,ALP-ON,GRN>OTH>LNP,0.49543108755812615,0.504568912441874,GRN>OTH>ON,0.5124260046496708,0.4875739953503293,GRN>OTH>LNP,Western Metro,ALP,ALP,ON,0.5124260046496708,0.4875739953503293,0.012426004649670808,ALP-ON,GRN>OTH>LNP,0.4925837357108632,0.5074162642891369,GRN>OTH>ON,0.5124260046496708,0.4875739953503293,GRN>OTH>LNP,20.0,False,False,0.0
Northcote,Northern Metro,ALP,ALP,GRN,0.5087236613145585,0.4912763386854416,0.008723661314558484,ALP-GRN,LNP>OTH>ON,0.8374594872077888,0.16254051279221104,OTH>ON>GRN,0.7392317007827295,0.2607682992172705,LNP>OTH>GRN,Northern Metro,ALP,ALP,GRN,0.5087236613145585,0.4912763386854416,0.008723661314558484,ALP-GRN,LNP>OTH>ON,0.8119000473318622,0.18809995266813787,OTH>ON>GRN,0.7392317007827295,0.2607682992172705,LNP>OTH>GRN,20.0,False,False,0.0
Oakleigh,Southern Metro,ALP,ALP,LNP,0.5777250889386832,0.42227491106131676,0.07772508893868324,ALP-LNP,IND>OTH>GRN>ON,0.5777250889386832,0.42227491106131676,IND>OTH>GRN>ON,0.6086102727537128,0.3913897272462872,IND>OTH>GRN>LNP,Southern Metro,ALP,ALP,LNP,0.5732399153843833,0.42676008461561665,0.07323991538438335,ALP-LNP,IND>OTH>GRN>ON,0.5732399153843833,0.42676008461561665,IND>OTH>GRN>ON,0.6088170868534463,0.3911829131465537,IND>OTH>GRN>LNP,20.0,False,False,-0.004485173554299893
Ovens Valley,Northern Victoria,LNP,LNP,ON,0.5843953485268679,0.41560465147313214,0.08439534852686792,LNP-ON,IND>GRN>OTH>ALP,0.2225156955219732,0.7774843044780269,IND>GRN>OTH>ON,0.267923309283828,0.732076690716172,IND>GRN>OTH>LNP,Northern Victoria,LNP,LNP,ON,0.5843953485268679,0.41560465147313214,0.08439534852686792,LNP-ON,IND>GRN>OTH>ALP,0.22469966878349953,0.7753003312165003,IND>GRN>OTH>ON,0.267923309283828,0.732076690716172,IND>GRN>OTH>LNP,20.0,False,False,0.0
Pakenham,Eastern Victoria,ALP,LNP,ON,0.5210333154172931,0.4789666845827069,0.02103331541729314,LNP-ON,GRN>IND>OTH>ALP,0.383541606851169,0.616458393148831,GRN>IND>OTH>ON,0.3927592872648608,0.6072407127351392,GRN>IND>OTH>LNP,Eastern Victoria,ALP,LNP,ON,0.5210333154172931,0.4789666845827069,0.02103331541729314,LNP-ON,GRN>IND>OTH>ALP,0.38438581022144985,0.6156141897785501,GRN>IND>OTH>ON,0.3927592872648608,0.6072407127351392,GRN>IND>OTH>LNP,20.0,False,False,0.0
Pascoe Vale,Northern Metro,ALP,ALP,ON,0.6514190083617502,0.34858099163824985,0.15141900836175015,ALP-ON,IND>LNP>OTH>GRN,0.6816728494198365,0.31832715058016353,IND>OTH>ON>GRN,0.6514190083617502,0.34858099163824985,IND>LNP>OTH>GRN,Northern Metro,ALP,ALP,ON,0.6514190083617502,0.34858099163824985,0.15141900836175015,ALP-ON,IND>LNP>OTH>GRN,0.6807912656027054,0.31920873439729464,IND>OTH>ON>GRN,0.6514190083617502,0.34858099163824985,IND>LNP>OTH>GRN,20.0,False,False,0.0
Point Cook,Western Metro,ALP,ON,ALP,0.5086462974005194,0.4913537025994807,0.008646297400519365,ON-ALP,GRN>IND>OTH>LNP,0.5174380490526518,0.4825619509473482,GRN>IND>OTH>ON,0.4913537025994807,0.5086462974005194,GRN>IND>OTH>LNP,Western Metro,ALP,ON,ALP,0.5086462974005194,0.4913537025994807,0.008646297400519365,ON-ALP,GRN>IND>OTH>LNP,0.5141794458580111,0.4858205541419889,GRN>IND>OTH>ON,0.4913537025994807,0.5086462974005194,GRN>IND>OTH>LNP,20.0,False,False,0.0
Polwarth,Western Victoria,LNP,LNP,ALP,0.6367389179206087,0.3632610820793914,0.13673891792060866,LNP-ALP,IND>OTH>GRN>ON,0.3632610820793914,0.6367389179206087,IND>OTH>GRN>ON,0.41362723681389413,0.586372763186106,IND>OTH>GRN>LNP,Western Victoria,LNP,LNP,ALP,0.628663822798528,0.37133617720147216,0.12866382279852795,LNP-ALP,IND>OTH>GRN>ON,0.37133617720147216,0.628663822798528,IND>OTH>GRN>ON,0.4233926839993329,0.5766073160006672,IND>OTH>GRN>LNP,20.0,False,False,-0.008075095122080711
Prahran,Southern Metro,Greens,GRN,LNP,0.6295008775243354,0.37049912247566474,0.12950087752433537,GRN-LNP,OTH>ON>ALP,0.6483177259734463,0.3516822740265538,OTH>ON>GRN,0.7102535589340099,0.2897464410659902,OTH>LNP>GRN,Southern Metro,Greens,GRN,LNP,0.6175221461236671,0.38247785387633304,0.11752214612366707,GRN-LNP,OTH>ON>ALP,0.6359355329974014,0.36406446700259865,OTH>ON>GRN,0.7048593600888895,0.2951406399111106,OTH>LNP>GRN,20.0,False,False,-0.011978731400668297
Preston,Northern Metro,ALP,ALP,ON,0.6154307090456883,0.3845692909543117,0.1154307090456883,ALP-ON,LNP>IND>OTH>GRN,0.6215301239828381,0.378469876017162,IND>OTH>GRN>ON,0.6154307090456883,0.3845692909543117,LNP>IND>OTH>GRN,Northern Metro,ALP,ALP,ON,0.6154307090456883,0.3845692909543117,0.1154307090456883,ALP-ON,LNP>IND>OTH>GRN,0.6120127490017566,0.3879872509982434,IND>OTH>GRN>ON,0.6154307090456883,0.3845692909543117,LNP>IND>OTH>GRN,20.0,False,False,0.0
Richmond,Northern Metro,GRN,GRN,ALP,0.5342697362441776,0.4657302637558224,0.03426973624417762,GRN-ALP,IND>LNP>OTH>ON,0.8323418663676875,0.16765813363231247,IND>OTH>ON>GRN,0.7698384942929926,0.23016150570700747,IND>LNP>OTH>GRN,Northern Metro,GRN,GRN,ALP,0.5342697362441776,0.4657302637558224,0.03426973624417762,GRN-ALP,IND>LNP>OTH>ON,0.8067590298002838,0.1932409701997162,IND>OTH>ON>GRN,0.7698384942929926,0.23016150570700747,IND>LNP>OTH>GRN,20.0,False,False,0.0
Ringwood,North-Eastern Metro,LNP,ALP,LNP,0.5095883435233725,0.4904116564766275,0.009588343523372456,ALP-LNP,OTH>GRN>ON,0.5095883435233725,0.4904116564766275,OTH>GRN>ON,0.5674282804767219,0.43257171952327816,OTH>GRN>LNP,North-Eastern Metro,LNP,ALP,LNP,0.5079652396453891,0.492034760354611,0.007965239645389088,ALP-LNP,OTH>GRN>ON,0.5079652396453891,0.492034760354611,OTH>GRN>ON,0.5713394266687601,0.42866057333123997,OTH>GRN>LNP,20.0,False,False,-0.0016231038779833673
Ripon,Western Victoria,ALP,ON,ALP,0.6207148641006222,0.37928513589937785,0.12071486410062215,ON-ALP,IND>GRN>OTH>LNP,0.37229760551943925,0.6277023944805608,IND>GRN>OTH>ON,0.37928513589937785,0.6207148641006222,IND>GRN>OTH>LNP,Western Victoria,ALP,ON,ALP,0.6207148641006222,0.37928513589937785,0.12071486410062215,ON-ALP,IND>GRN>OTH>LNP,0.37461065372334,0.62538934627666,IND>GRN>OTH>ON,0.37928513589937785,0.6207148641006222,IND>GRN>OTH>LNP,20.0,False,False,0.0
Rowville,South-Eastern Metro,LNP,LNP,ALP,0.5974326369694304,0.40256736303056967,0.09743263696943039,LNP-ALP,OTH>GRN>IND>ON,0.40256736303056967,0.5974326369694304,OTH>GRN>IND>ON,0.4826375271774474,0.5173624728225527,OTH>GRN>IND>LNP,South-Eastern Metro,LNP,LNP,ALP,0.6013554860096815,0.3986445139903186,0.10135548600968147,LNP-ALP,OTH>GRN>IND>ON,0.3986445139903186,0.6013554860096815,OTH>GRN>IND>ON,0.4822189830488392,0.5177810169511609,OTH>GRN>IND>LNP,20.0,False,False,0.003922849040251086
Sandringham,Southern Metro,LNP,LNP,ALP,0.6025888804577427,0.3974111195422573,0.10258888045774273,LNP-ALP,IND>OTH>GRN>ON,0.3974111195422573,0.6025888804577427,IND>OTH>GRN>ON,0.5115129736430478,0.4884870263569522,IND>OTH>GRN>LNP,Southern Metro,LNP,LNP,ALP,0.606026012887151,0.39397398711284903,0.10602601288715097,LNP-ALP,IND>OTH>GRN>ON,0.39397398711284903,0.606026012887151,IND>OTH>GRN>ON,0.5130025156182637,0.4869974843817363,IND>OTH>GRN>LNP,20.0,False,False,0.0034371324294082406
Shepparton,Northern Victoria,LNP,LNP,ON,0.5848304499191667,0.4151695500808334,0.08483044991916666,LNP-ON,GRN>ALP>OTH>IND,0.21371879281987244,0.7862812071801275,GRN>OTH>IND>ON,0.2867570338780184,0.7132429661219816,GRN>OTH>IND>LNP,Northern Victoria,LNP,LNP,ON,0.5848304499191667,0.4151695500808334,0.08483044991916666,LNP-ON,GRN>ALP>OTH>IND,0.21445170786541107,0.785548292134589,GRN>OTH>IND>ON,0.2867570338780184,0.7132429661219816,GRN>OTH>IND>LNP,20.0,False,False,0.0
South Barwon,Western Victoria,ALP,LNP,ALP,0.5325682617576517,0.4674317382423483,0.032568261757651706,LNP-ALP,GRN>OTH>ON,0.4674317382423483,0.5325682617576517,GRN>OTH>ON,0.5127362004466521,0.48726379955334786,GRN>OTH>LNP,Western Victoria,ALP,LNP,ALP,0.5320539527706819,0.4679460472293181,0.032053952770681904,LNP-ALP,GRN>OTH>ON,0.4679460472293181,0.5320539527706819,GRN>OTH>ON,0.5127362004466521,0.48726379955334786,GRN>OTH>LNP,20.0,False,False,-0.0005143089869698025
South-West Coast,Western Victoria,LNP,LNP,IND,0.6308575590556803,0.36914244094431975,0.1308575590556803,LNP-IND,GRN>OTH>ALP>ON,0.3261745044069365,0.6738254955930635,GRN>OTH>ON>IND,0.34187071154217163,0.6581292884578285,GRN>OTH>IND>LNP,Western Victoria,LNP,LNP,IND,0.6308575590556803,0.36914244094431975,0.1308575590556803,LNP-IND,GRN>OTH>ALP>ON,0.3286890859368443,0.6713109140631558,GRN>OTH>ON>IND,0.34187071154217163,0.6581292884578285,GRN>OTH>IND>LNP,20.0,False,False,0.0
St Albans,Western Metro,ALP,ALP,ON,0.5470264804499605,0.4529735195500396,0.047026480449960495,ALP-ON,IND>GRN>OTH>LNP,0.5500444430959233,0.44995555690407685,IND>GRN>OTH>ON,0.5470264804499605,0.4529735195500396,IND>GRN>OTH>LNP,Western Metro,ALP,ALP,ON,0.5470264804499605,0.4529735195500396,0.047026480449960495,ALP-ON,IND>GRN>OTH>LNP,0.5471910027409673,0.45280899725903273,IND>GRN>OTH>ON,0.5470264804499605,0.4529735195500396,IND>GRN>OTH>LNP,20.0,False,False,0.0
Sunbury,Western Metro,ALP,ON,ALP,0.5474221366768592,0.4525778633231408,0.04742213667685924,ON-ALP,IND>GRN>OTH>LNP,0.4510219312553746,0.5489780687446255,IND>GRN>OTH>ON,0.4525778633231408,0.5474221366768592,IND>GRN>OTH>LNP,Western Metro,ALP,ON,ALP,0.5474221366768592,0.4525778633231408,0.04742213667685924,ON-ALP,IND>GRN>OTH>LNP,0.4518142070456246,0.5481857929543754,IND>GRN>OTH>ON,0.4525778633231408,0.5474221366768592,IND>GRN>OTH>LNP,20.0,False,False,0.0
Sydenham,Western Metro,ALP,ALP,ON,0.5118296979888752,0.4881703020111247,0.011829697988875232,ALP-ON,GRN>OTH>LNP,0.5234516600340796,0.4765483399659204,GRN>OTH>ON,0.5118296979888752,0.4881703020111247,GRN>OTH>LNP,Western Metro,ALP,ALP,ON,0.5118296979888752,0.4881703020111247,0.011829697988875232,ALP-ON,GRN>OTH>LNP,0.5204958935998887,0.4795041064001113,GRN>OTH>ON,0.5118296979888752,0.4881703020111247,GRN>OTH>LNP,20.0,False,False,0.0
Tarneit,Western Metro,ALP,ALP,ON,0.5362886551210833,0.46371134487891674,0.03628865512108326,ALP-ON,IND>GRN>OTH>LNP,0.5518975763169527,0.4481024236830473,IND>GRN>OTH>ON,0.5362886551210833,0.46371134487891674,IND>GRN>OTH>LNP,Western Metro,ALP,ALP,ON,0.5362886551210833,0.46371134487891674,0.03628865512108326,ALP-ON,IND>GRN>OTH>LNP,0.5490314235988466,0.4509685764011534,IND>GRN>OTH>ON,0.5362886551210833,0.46371134487891674,IND>GRN>OTH>LNP,20.0,False,False,0.0
Thomastown,Northern Metro,ALP,ALP,ON,0.5653024210946942,0.43469757890530575,0.0653024210946942,ALP-ON,IND>GRN>OTH>LNP,0.595330302233809,0.40466969776619105,IND>GRN>OTH>ON,0.5653024210946942,0.43469757890530575,IND>GRN>OTH>LNP,Northern Metro,ALP,ALP,ON,0.5653024210946942,0.43469757890530575,0.0653024210946942,ALP-ON,IND>GRN>OTH>LNP,0.5924464389705582,0.4075535610294418,IND>GRN>OTH>ON,0.5653024210946942,0.43469757890530575,IND>GRN>OTH>LNP,20.0,False,False,0.0
Warrandyte,North-Eastern Metro,LNP,LNP,ALP,0.6023335266218648,0.3976664733781352,0.10233352662186479,LNP-ALP,OTH>GRN>ON,0.3976664733781352,0.6023335266218648,OTH>GRN>ON,0.4948482897842129,0.5051517102157871,OTH>GRN>LNP,North-Eastern Metro,LNP,LNP,ALP,0.6028326474601934,0.3971673525398066,0.10283264746019338,LNP-ALP,OTH>GRN>ON,0.3971673525398066,0.6028326474601934,OTH>GRN>ON,0.49797633674044145,0.5020236632595586,OTH>GRN>LNP,20.0,False,False,0.0004991208383285928
Wendouree,Western Victoria,ALP,ALP,ON,0.5183386690981607,0.48166133090183927,0.01833866909816073,ALP-ON,GRN>OTH>LNP,0.4937762058145398,0.5062237941854602,GRN>OTH>ON,0.5183386690981607,0.48166133090183927,GRN>OTH>LNP,Western Victoria,ALP,ALP,ON,0.5183386690981607,0.48166133090183927,0.01833866909816073,ALP-ON,GRN>OTH>LNP,0.4943445047325043,0.5056554952674956,GRN>OTH>ON,0.5183386690981607,0.48166133090183927,GRN>OTH>LNP,20.0,False,False,0.0
Werribee,Western Metro,ALP,ON,ALP,0.5337638463266291,0.46623615367337096,0.0337638463266291,ON-ALP,GRN>IND>OTH>LNP,0.48045157969414026,0.5195484203058598,GRN>IND>OTH>ON,0.46623615367337096,0.5337638463266291,GRN>IND>OTH>LNP,Western Metro,ALP,ON,ALP,0.5337638463266291,0.46623615367337096,0.0337638463266291,ON-ALP,GRN>IND>OTH>LNP,0.4812968462142928,0.5187031537857072,GRN>IND>OTH>ON,0.46623615367337096,0.5337638463266291,GRN>IND>OTH>LNP,20.0,False,False,0.0
Williamstown,Western Metro,ALP,ALP,ON,0.6371525366379942,0.3628474633620059,0.1371525366379942,ALP-ON,IND>OTH>GRN>LNP,0.6289207253834058,0.3710792746165943,IND>OTH>GRN>ON,0.6371525366379942,0.3628474633620059,IND>OTH>GRN>LNP,Western Metro,ALP,ALP,ON,0.6237516630784922,0.37624833692150794,0.12375166307849217,ALP-ON,IND>OTH>GRN>LNP,0.6106731026841123,0.38932689731588777,IND>OTH>GRN>ON,0.6237516630784922,0.37624833692150794,IND>OTH>GRN>LNP,20.0,False,False,-0.013400873559502036
Yan Yean,Northern Victoria,ALP,ON,ALP,0.5411392474425212,0.4588607525574788,0.041139247442521176,ON-ALP,GRN>OTH>LNP,0.448059872231706,0.551940127768294,GRN>OTH>ON,0.4588607525574788,0.5411392474425212,GRN>OTH>LNP,Northern Victoria,ALP,ON,ALP,0.5411392474425212,0.4588607525574788,0.041139247442521176,ON-ALP,GRN>OTH>LNP,0.4488002172497835,0.5511997827502165,GRN>OTH>ON,0.4588607525574788,0.5411392474425212,GRN>OTH>LNP,20.0,False,False,0.0
Albert Park,Southern Metro,ALP,ALP,LNP,0.6290569195793181,0.3709430804206819,0.12905691957931809,ALP-LNP,IND>OTH>ON>GRN,0.6290569195793181,0.3709430804206819,IND>OTH>ON>GRN,0.6304324399369432,0.3695675600630568,IND>OTH>GRN>LNP,Southern Metro,ALP,ALP,LNP,0.6161088729178744,0.3838911270821256,0.11610887291787442,ALP-LNP,IND>OTH>ON>GRN,0.6161088729178744,0.3838911270821256,IND>OTH>ON>GRN,0.6219294786546177,0.37807052134538227,IND>OTH>GRN>LNP,24.4,False,False,-0.012948046661443668
Ashwood,Southern Metro,ALP,LNP,ALP,0.5037820262171481,0.4962179737828519,0.003782026217148071,LNP-ALP,IND>OTH>GRN>ON,0.4962179737828519,0.5037820262171481,IND>OTH>GRN>ON,0.5829714278093872,0.41702857219061296,IND>OTH>GRN>LNP,Southern Metro,ALP,LNP,ALP,0.5070857796766336,0.49291422032336635,0.007085779676633597,LNP-ALP,IND>OTH>GRN>ON,0.49291422032336635,0.5070857796766336,IND>OTH>GRN>ON,0.5825266647744473,0.41747333522555286,IND>OTH>GRN>LNP,24.4,False,False,0.0033037534594855256
Bass,Eastern Victoria,ALP,LNP,ON,0.5314454339319774,0.4685545660680226,0.03144543393197741,LNP-ON,IND>GRN>OTH>ALP,0.31158441140560794,0.6884155885943921,IND>GRN>OTH>ON,0.33095042732070823,0.6690495726792918,IND>GRN>OTH>LNP,Eastern Victoria,ALP,LNP,ON,0.5314454339319774,0.4685545660680226,0.03144543393197741,LNP-ON,IND>GRN>OTH>ALP,0.313904339372554,0.6860956606274461,IND>GRN>OTH>ON,0.33095042732070823,0.6690495726792918,IND>GRN>OTH>LNP,24.4,False,False,0.0
Bayswater,North-Eastern Metro,ALP,LNP,ALP,0.5456876682992128,0.45431233170078733,0.04568766829921278,LNP-ALP,IND>GRN>OTH>ON,0.45431233170078733,0.5456876682992128,IND>GRN>OTH>ON,0.4853171312941974,0.5146828687058026,IND>GRN>OTH>LNP,North-Eastern Metro,ALP,LNP,ALP,0.5482503222336355,0.45174967776636454,0.048250322233635456,LNP-ALP,IND>GRN>OTH>ON,0.45174967776636454,0.5482503222336355,IND>GRN>OTH>ON,0.4853171312941974,0.5146828687058026,IND>GRN>OTH>LNP,24.4,False,False,0.002562653934422676
Bellarine,Western Victoria,ALP,LNP,ALP,0.522263793678641,0.47773620632135905,0.022263793678640953,LNP-ALP,IND>OTH>GRN>ON,0.47773620632135905,0.522263793678641,IND>OTH>GRN>ON,0.5056454025394509,0.49435459746054916,IND>OTH>GRN>LNP,Western Victoria,ALP,LNP,ALP,0.5167345738628668,0.48326542613713314,0.01673457386286681,LNP-ALP,IND>OTH>GRN>ON,0.48326542613713314,0.5167345738628668,IND>OTH>GRN>ON,0.5129735076065143,0.4870264923934857,IND>OTH>GRN>LNP,24.4,False,False,-0.0055292198157741446
Benambra,Northern Victoria,LNP,ON,LNP,0.5043284841833703,0.49567151581662966,0.004328484183370285,ON-LNP,GRN>ALP>OTH>IND,0.19221784771069306,0.8077821522893069,GRN>OTH>IND>ON,0.21543675818386032,0.7845632418161397,GRN>OTH>IND>LNP,Northern Victoria,LNP,ON,LNP,0.5043284841833703,0.49567151581662966,0.004328484183370285,ON-LNP,GRN>ALP>OTH>IND,0.19493086395207299,0.8050691360479271,GRN>OTH>IND>ON,0.21543675818386032,0.7845632418161397,GRN>OTH>IND>LNP,24.4,False,False,0.0
Bendigo East,Northern Victoria,ALP,ALP,ON,0.5324301114644048,0.4675698885355953,0.032430111464404776,ALP-ON,IND>OTH>GRN>LNP,0.5049315398235047,0.4950684601764954,IND>OTH>GRN>ON,0.5324301114644048,0.4675698885355953,IND>OTH>GRN>LNP,Northern Victoria,ALP,ALP,ON,0.5392715434992743,0.46072845650072564,0.03927154349927431,ALP-ON,IND>OTH>GRN>LNP,0.5111705263837789,0.48882947361622114,IND>OTH>GRN>ON,0.5392715434992743,0.46072845650072564,IND>OTH>GRN>LNP,24.4,False,False,0.006841432034869532
Bendigo West,Northern Victoria,ALP,ALP,ON,0.5305914731623742,0.4694085268376258,0.030591473162374205,ALP-ON,IND>GRN>OTH>LNP,0.523265665722549,0.47673433427745104,IND>GRN>OTH>ON,0.5305914731623742,0.4694085268376258,IND>GRN>OTH>LNP,Northern Victoria,ALP,ALP,ON,0.5305914731623742,0.4694085268376258,0.030591473162374205,ALP-ON,IND>GRN>OTH>LNP,0.5238687190669437,0.47613128093305634,IND>GRN>OTH>ON,0.5305914731623742,0.4694085268376258,IND>GRN>OTH>LNP,24.4,False,False,0.0
Bentleigh,Southern Metro,ALP,ALP,LNP,0.5194858237395186,0.4805141762604815,0.01948582373951857,ALP-LNP,IND>OTH>GRN>ON,0.5194858237395186,0.4805141762604815,IND>OTH>GRN>ON,0.5687324643681755,0.43126753563182463,IND>OTH>GRN>LNP,Southern Metro,ALP,ALP,LNP,0.5170410188328174,0.4829589811671827,0.01704101883281739,ALP-LNP,IND>OTH>GRN>ON,0.5170410188328174,0.4829589811671827,IND>OTH>GRN>ON,0.5699301455221075,0.4300698544778926,IND>OTH>GRN>LNP,24.4,False,False,-0.0024448049067011812
Berwick,South-Eastern Metro,LNP,LNP,ON,0.5794898811374501,0.4205101188625499,0.07948988113745015,LNP-ON,OTH>GRN>ALP,0.3461063738437416,0.6538936261562585,OTH>GRN>ON,0.38261392470174466,0.6173860752982554,OTH>GRN>LNP,South-Eastern Metro,LNP,LNP,ON,0.58474904812539,0.4152509518746101,0.08474904812538997,LNP-ON,OTH>GRN>ALP,0.35316768285822414,0.6468323171417759,OTH>GRN>ON,0.3905080160999547,0.6094919839000453,OTH>GRN>LNP,24.4,False,False,0.005259166987939823
Box Hill,North-Eastern Metro,ALP,ALP,LNP,0.5096337385621419,0.4903662614378581,0.009633738562141891,ALP-LNP,IND>OTH>GRN>ON,0.5096337385621419,0.4903662614378581,IND>OTH>GRN>ON,0.5928111779213887,0.4071888220786113,IND>OTH>GRN>LNP,North-Eastern Metro,ALP,ALP,LNP,0.5074727926749459,0.4925272073250541,0.007472792674945938,ALP-LNP,IND>OTH>GRN>ON,0.5074727926749459,0.4925272073250541,IND>OTH>GRN>ON,0.593876331616982,0.4061236683830181,IND>OTH>GRN>LNP,24.4,False,False,-0.002160945887195953
Brighton,Southern Metro,LNP,LNP,ALP,0.5309241929471484,0.4690758070528517,0.030924192947148432,LNP-ALP,OTH>IND>ON>GRN,0.4690758070528517,0.5309241929471484,OTH>IND>ON>GRN,0.5680150400933686,0.43198495990663144,OTH>IND>GRN>LNP,Southern Metro,LNP,LNP,ALP,0.5429567035171879,0.45704329648281217,0.042956703517187944,LNP-ALP,OTH>IND>ON>GRN,0.45704329648281217,0.5429567035171879,OTH>IND>ON>GRN,0.5597320869672343,0.44026791303276575,OTH>IND>GRN>LNP,24.4,False,False,0.012032510570039512
Broadmeadows,Northern Metro,ALP,ALP,ON,0.5792184240180936,0.4207815759819063,0.07921842401809365,ALP-ON,GRN>IND>LNP>OTH,0.5684049680386016,0.4315950319613984,GRN>IND>OTH>ON,0.5792184240180936,0.4207815759819063,GRN>IND>LNP>OTH,Northern Metro,ALP,ALP,ON,0.5792184240180936,0.4207815759819063,0.07921842401809365,ALP-ON,GRN>IND>LNP>OTH,0.5649840984111316,0.4350159015888684,GRN>IND>OTH>ON,0.5792184240180936,0.4207815759819063,GRN>IND>LNP>OTH,24.4,False,False,0.0
Brunswick,Northern Metro,GRN,GRN,ALP,0.6169817100444487,0.3830182899555513,0.11698171004444868,GRN-ALP,IND>LNP>OTH>ON,0.8785628602592321,0.12143713974076778,IND>OTH>ON>GRN,0.749739020193956,0.25026097980604395,IND>LNP>OTH>GRN,Northern Metro,GRN,GRN,ALP,0.6169817100444487,0.3830182899555513,0.11698171004444868,GRN-ALP,IND>LNP>OTH>ON,0.8503656099634275,0.14963439003657258,IND>OTH>ON>GRN,0.749739020193956,0.25026097980604395,IND>LNP>OTH>GRN,24.4,False,False,0.0
Bulleen,North-Eastern Metro,LNP,LNP,ALP,0.6219591635074226,0.37804083649257736,0.12195916350742264,LNP-ALP,OTH>GRN>ON,0.37804083649257736,0.6219591635074226,OTH>GRN>ON,0.5031476700568929,0.49685232994310713,OTH>GRN>LNP,North-Eastern Metro,LNP,LNP,ALP,0.6228490058889531,0.3771509941110469,0.12284900588895309,LNP-ALP,OTH>GRN>ON,0.3771509941110469,0.6228490058889531,OTH>GRN>ON,0.5048529089577912,0.49514709104220883,OTH>GRN>LNP,24.4,False,False,0.0008898423815304479
Bundoora,North-Eastern Metro,ALP,ALP,ON,0.5534423138617852,0.4465576861382148,0.05344231386178522,ALP-ON,OTH>GRN>LNP,0.5507714997036481,0.44922850029635186,OTH>GRN>ON,0.5534423138617852,0.4465576861382148,OTH>GRN>LNP,North-Eastern Metro,ALP,ALP,ON,0.5563123119236276,0.4436876880763723,0.05631231192362762,ALP-ON,OTH>GRN>LNP,0.549158057652953,0.450841942347047,OTH>GRN>ON,0.5563123119236276,0.4436876880763723,OTH>GRN>LNP,24.4,False,False,0.002869998061842405
Carrum,South-Eastern Metro,ALP,ON,ALP,0.5293987161076864,0.4706012838923137,0.029398716107686407,ON-ALP,IND>GRN>OTH>LNP,0.47615358830939486,0.5238464116906051,IND>GRN>OTH>ON,0.4706012838923137,0.5293987161076864,IND>GRN>OTH>LNP,South-Eastern Metro,ALP,ON,ALP,0.5293987161076864,0.4706012838923137,0.029398716107686407,ON-ALP,IND>GRN>OTH>LNP,0.4769524155795405,0.5230475844204596,IND>GRN>OTH>ON,0.4706012838923137,0.5293987161076864,IND>GRN>OTH>LNP,24.4,False,False,0.0
Caulfield,Southern Metro,LNP,LNP,ALP,0.5530092685867866,0.4469907314132135,0.05300926858678656,LNP-ALP,IND>OTH>GRN>ON,0.4469907314132135,0.5530092685867866,IND>OTH>GRN>ON,0.5622884304241742,0.4377115695758258,IND>OTH>GRN>LNP,Southern Metro,LNP,LNP,ALP,0.5625697603949377,0.43743023960506244,0.06256976039493767,LNP-ALP,IND>OTH>GRN>ON,0.43743023960506244,0.5625697603949377,IND>OTH>GRN>ON,0.5566436389030703,0.4433563610969298,IND>OTH>GRN>LNP,24.4,False,False,0.009560491808151106
Clarinda,South-Eastern Metro,ALP,ALP,ON,0.5460499371441434,0.4539500628558567,0.046049937144143405,ALP-ON,GRN>OTH>IND>LNP,0.536501957936995,0.4634980420630051,GRN>OTH>IND>ON,0.5460499371441434,0.4539500628558567,GRN>OTH>IND>LNP,South-Eastern Metro,ALP,ALP,ON,0.5460499371441434,0.4539500628558567,0.046049937144143405,ALP-ON,GRN>OTH>IND>LNP,0.5337815148061207,0.46621848519387943,GRN>OTH>IND>ON,0.5460499371441434,0.4539500628558567,GRN>OTH>IND>LNP,24.4,False,False,0.0
Cranbourne,South-Eastern Metro,ALP,ON,ALP,0.5534091164350982,0.44659088356490184,0.05340911643509816,ON-ALP,GRN>OTH>LNP,0.48576666657292616,0.5142333334270738,GRN>OTH>ON,0.44659088356490184,0.5534091164350982,GRN>OTH>LNP,South-Eastern Metro,ALP,ON,ALP,0.5534091164350982,0.44659088356490184,0.05340911643509816,ON-ALP,GRN>OTH>LNP,0.482083121451285,0.5179168785487149,GRN>OTH>ON,0.44659088356490184,0.5534091164350982,GRN>OTH>LNP,24.4,False,False,0.0
Croydon,North-Eastern Metro,LNP,LNP,ALP,0.5898841610688372,0.4101158389311627,0.08988416106883723,LNP-ALP,GRN>OTH>ON,0.4101158389311627,0.5898841610688372,GRN>OTH>ON,0.4571585696994804,0.5428414303005197,GRN>OTH>LNP,North-Eastern Metro,LNP,LNP,ALP,0.5924034664235768,0.4075965335764233,0.09240346642357677,LNP-ALP,GRN>OTH>ON,0.4075965335764233,0.5924034664235768,GRN>OTH>ON,0.4571585696994804,0.5428414303005197,GRN>OTH>LNP,24.4,False,False,0.0025193053547395428
Dandenong,South-Eastern Metro,ALP,ALP,ON,0.5593399657720614,0.4406600342279386,0.059339965772061354,ALP-ON,GRN>OTH>LNP,0.6020265415186709,0.3979734584813291,GRN>OTH>ON,0.5593399657720614,0.4406600342279386,GRN>OTH>LNP,South-Eastern Metro,ALP,ALP,ON,0.5593399657720614,0.4406600342279386,0.059339965772061354,ALP-ON,GRN>OTH>LNP,0.5989463802864408,0.40105361971355924,GRN>OTH>ON,0.5593399657720614,0.4406600342279386,GRN>OTH>LNP,24.4,False,False,0.0
Eildon,Northern Victoria,LNP,LNP,ON,0.5633071249225738,0.43669287507742616,0.06330712492257384,LNP-ON,IND>OTH>GRN>ALP,0.299958101567303,0.7000418984326969,IND>OTH>GRN>ON,0.3314885699323245,0.6685114300676754,IND>OTH>GRN>LNP,Northern Victoria,LNP,LNP,ON,0.5719690473276698,0.4280309526723302,0.07196904732766984,LNP-ON,IND>OTH>GRN>ALP,0.31114246798170925,0.6888575320182907,IND>OTH>GRN>ON,0.3428919752704708,0.6571080247295292,IND>OTH>GRN>LNP,24.4,False,False,0.008661922405096
Eltham,North-Eastern Metro,ALP,ALP,LNP,0.5171930389569162,0.48280696104308396,0.01719303895691615,ALP-LNP,OTH>GRN>ON,0.5171930389569162,0.48280696104308396,OTH>GRN>ON,0.5433862346286958,0.4566137653713041,OTH>GRN>LNP,North-Eastern Metro,ALP,ALP,LNP,0.5145531287584783,0.48544687124152186,0.014553128758478251,ALP-LNP,OTH>GRN>ON,0.5145531287584783,0.48544687124152186,OTH>GRN>ON,0.5450995824591276,0.4549004175408725,OTH>GRN>LNP,24.4,False,False,-0.0026399101984379003
Essendon,Northern Metro,ALP,ALP,ON,0.5428853878695971,0.45711461213040305,0.04288538786959706,ALP-ON,IND>OTH>GRN>LNP,0.5390583166788656,0.46094168332113433,IND>OTH>GRN>ON,0.5428853878695971,0.45711461213040305,IND>OTH>GRN>LNP,Northern Metro,ALP,ALP,ON,0.5430998116880759,0.45690018831192414,0.04309981168807586,ALP-ON,IND>OTH>GRN>LNP,0.5325259339971464,0.46747406600285357,IND>OTH>GRN>ON,0.5430998116880759,0.45690018831192414,IND>OTH>GRN>LNP,24.4,False,False,0.00021442381847880387
Eureka,Western Victoria,ALP,ON,ALP,0.6075641657404027,0.39243583425959727,0.10756416574040273,ON-ALP,IND>GRN>OTH>LNP,0.404386481867889,0.595613518132111,IND>GRN>OTH>ON,0.39243583425959727,0.6075641657404027,IND>GRN>OTH>LNP,Western Victoria,ALP,ON,ALP,0.6075641657404027,0.39243583425959727,0.10756416574040273,ON-ALP,IND>GRN>OTH>LNP,0.4069255820630375,0.5930744179369625,IND>GRN>OTH>ON,0.39243583425959727,0.6075641657404027,IND>GRN>OTH>LNP,24.4,False,False,0.0
Euroa,Northern Victoria,LNP,LNP,ON,0.5558433010566395,0.4441566989433605,0.05584330105663948,LNP-ON,GRN>OTH>ALP,0.24130359744135843,0.7586964025586416,GRN>OTH>ON,0.2751112721691663,0.7248887278308337,GRN>OTH>LNP,Northern Victoria,LNP,LNP,ON,0.5558433010566395,0.4441566989433605,0.05584330105663948,LNP-ON,GRN>OTH>ALP,0.2436294050717721,0.7563705949282279,GRN>OTH>ON,0.2751112721691663,0.7248887278308337,GRN>OTH>LNP,24.4,False,False,0.0
Evelyn,Eastern Victoria,LNP,LNP,ON,0.6080387634570752,0.3919612365429248,0.1080387634570752,LNP-ON,IND>OTH>GRN>ALP,0.3391253671098234,0.6608746328901767,IND>OTH>GRN>ON,0.38790408873238913,0.6120959112676109,IND>OTH>GRN>LNP,Eastern Victoria,LNP,LNP,ALP,0.6548401516803692,0.34515984831963076,0.15484015168036924,LNP-ALP,IND>OTH>GRN>ON,0.34515984831963076,0.6548401516803692,IND>OTH>GRN>ON,0.3951136736945082,0.6048863263054918,IND>OTH>GRN>LNP,24.4,False,True,0.04680138822329405
Footscray,Western Metro,ALP,ALP,GRN,0.5832007702702652,0.4167992297297349,0.08320077027026518,ALP-GRN,LNP>OTH>ON,0.7786458571083431,0.22135414289165684,OTH>ON>GRN,0.7077860925708663,0.2922139074291336,LNP>OTH>GRN,Western Metro,ALP,ALP,GRN,0.5832007702702652,0.4167992297297349,0.08320077027026518,ALP-GRN,LNP>OTH>ON,0.7510152114234803,0.2489847885765197,OTH>ON>GRN,0.7077860925708663,0.2922139074291336,LNP>OTH>GRN,24.4,False,False,0.0
Frankston,South-Eastern Metro,ALP,ON,ALP,0.5215842602363029,0.47841573976369717,0.021584260236302888,ON-ALP,IND>GRN>OTH>LNP,0.4987670932589886,0.5012329067410114,IND>GRN>OTH>ON,0.47841573976369717,0.5215842602363029,IND>GRN>OTH>LNP,South-Eastern Metro,ALP,ON,ALP,0.5215842602363029,0.47841573976369717,0.021584260236302888,ON-ALP,IND>GRN>OTH>LNP,0.4955074698256668,0.5044925301743333,IND>GRN>OTH>ON,0.47841573976369717,0.5215842602363029,IND>GRN>OTH>LNP,24.4,False,False,0.0
Geelong,Western Victoria,ALP,ON,ALP,0.5238302477054215,0.4761697522945784,0.023830247705421526,ON-ALP,OTH>IND>GRN>LNP,0.4833221362046409,0.5166778637953592,OTH>IND>GRN>ON,0.4761697522945784,0.5238302477054215,OTH>IND>GRN>LNP,Western Victoria,ALP,ON,ALP,0.5229245370684605,0.4770754629315395,0.022924537068460538,ON-ALP,OTH>IND>GRN>LNP,0.48381920349747,0.51618079650253,OTH>IND>GRN>ON,0.4770754629315395,0.5229245370684605,OTH>IND>GRN>LNP,24.4,False,False,-0.000905710636960988
Gippsland East,Eastern Victoria,LNP,LNP,ON,0.557779681570339,0.44222031842966103,0.05777968157033897,LNP-ON,IND>GRN>ALP>OTH,0.15468853068166827,0.8453114693183318,IND>GRN>OTH>ON,0.1932296166595231,0.8067703833404769,IND>GRN>OTH>LNP,Eastern Victoria,LNP,LNP,ON,0.557779681570339,0.44222031842966103,0.05777968157033897,LNP-ON,IND>GRN>ALP>OTH,0.15726366789344776,0.8427363321065523,IND>GRN>OTH>ON,0.1932296166595231,0.8067703833404769,IND>GRN>OTH>LNP,24.4,False,False,0.0
Gippsland South,Eastern Victoria,LNP,LNP,ON,0.5473840257264754,0.4526159742735246,0.047384025726475376,LNP-ON,IND>GRN>OTH>ALP,0.23048473440309866,0.7695152655969013,IND>GRN>OTH>ON,0.26222426578679053,0.7377757342132094,IND>GRN>OTH>LNP,Eastern Victoria,LNP,LNP,ON,0.5473840257264754,0.4526159742735246,0.047384025726475376,LNP-ON,IND>GRN>OTH>ALP,0.23289096239178508,0.7671090376082149,IND>GRN>OTH>ON,0.26222426578679053,0.7377757342132094,IND>GRN>OTH>LNP,24.4,False,False,0.0
Glen Waverley,North-Eastern Metro,ALP,LNP,ALP,0.5382717001759717,0.46172829982402835,0.0382717001759717,LNP-ALP,OTH>GRN>ON,0.46172829982402835,0.5382717001759717,OTH>GRN>ON,0.5558920261356645,0.4441079738643356,OTH>GRN>LNP,North-Eastern Metro,ALP,LNP,ALP,0.5402230964380779,0.4597769035619221,0.040223096438077865,LNP-ALP,OTH>GRN>ON,0.4597769035619221,0.5402230964380779,OTH>GRN>ON,0.5575618623461623,0.4424381376538377,OTH>GRN>LNP,24.4,False,False,0.0019513962621061642
Greenvale,Northern Metro,ALP,ALP,ON,0.5278774471629483,0.47212255283705185,0.027877447162948266,ALP-ON,GRN>IND>OTH>LNP,0.5464285378980156,0.4535714621019845,GRN>IND>OTH>ON,0.5278774471629483,0.47212255283705185,GRN>IND>OTH>LNP,Northern Metro,ALP,ALP,ON,0.5278774471629483,0.47212255283705185,0.027877447162948266,ALP-ON,GRN>IND>OTH>LNP,0.5434763644048516,0.4565236355951485,GRN>IND>OTH>ON,0.5278774471629483,0.47212255283705185,GRN>IND>OTH>LNP,24.4,False,False,0.0
Hastings,Eastern Victoria,ALP,LNP,ON,0.5260035861467872,0.4739964138532129,0.026003586146787216,LNP-ON,GRN>OTH>ALP,0.36011066947267867,0.6398893305273214,GRN>OTH>ON,0.3735115868574868,0.6264884131425132,GRN>OTH>LNP,Eastern Victoria,ALP,LNP,ON,0.5260035861467872,0.4739964138532129,0.026003586146787216,LNP-ON,GRN>OTH>ALP,0.3623523022199816,0.6376476977800184,GRN>OTH>ON,0.3735115868574868,0.6264884131425132,GRN>OTH>LNP,24.4,False,False,0.0
Hawthorn,Southern Metro,LNP,LNP,ALP,0.5222166902737947,0.4777833097262054,0.022216690273794693,LNP-ALP,OTH>ON>GRN>IND,0.4777833097262054,0.5222166902737947,OTH>ON>GRN>IND,0.5997219565567511,0.4002780434432489,OTH>GRN>IND>LNP,Southern Metro,LNP,LNP,ALP,0.528841877351844,0.4711581226481561,0.02884187735184396,LNP-ALP,OTH>ON>GRN>IND,0.4711581226481561,0.528841877351844,OTH>ON>GRN>IND,0.5954117213121466,0.4045882786878534,OTH>GRN>IND>LNP,24.4,False,False,0.006625187078049266
Ivanhoe,North-Eastern Metro,ALP,ALP,LNP,0.5609561141831491,0.439043885816851,0.06095611418314906,ALP-LNP,OTH>GRN>ON,0.5609561141831491,0.439043885816851,OTH>GRN>ON,0.5985731953653977,0.40142680463460234,OTH>GRN>LNP,North-Eastern Metro,ALP,ALP,LNP,0.5567885048001042,0.4432114951998958,0.05678850480010422,ALP-LNP,OTH>GRN>ON,0.5567885048001042,0.4432114951998958,OTH>GRN>ON,0.5985036164302397,0.4014963835697603,OTH>GRN>LNP,24.4,False,False,-0.004167609383044835
Kalkallo,Northern Metro,ALP,ALP,ON,0.5377132561990631,0.4622867438009369,0.03771325619906307,ALP-ON,IND>GRN>OTH>LNP,0.5501917998557425,0.4498082001442575,IND>GRN>OTH>ON,0.5377132561990631,0.4622867438009369,IND>GRN>OTH>LNP,Northern Metro,ALP,ALP,ON,0.5377132561990631,0.4622867438009369,0.03771325619906307,ALP-ON,IND>GRN>OTH>LNP,0.5509246465496046,0.4490753534503955,IND>GRN>OTH>ON,0.5377132561990631,0.4622867438009369,IND>GRN>OTH>LNP,24.4,False,False,0.0
Kew,Southern Metro,LNP,LNP,IND,0.5973091494791953,0.4026908505208047,0.09730914947919533,LNP-IND,OTH>GRN>ON>ALP,0.4346288761349998,0.5653711238650003,OTH>GRN>ON>IND,0.5802279865411939,0.41977201345880616,OTH>GRN>IND>LNP,Southern Metro,LNP,LNP,IND,0.5974520995144306,0.40254790048556943,0.09745209951443057,LNP-IND,OTH>GRN>ON>ALP,0.43248520460384815,0.5675147953961519,OTH>GRN>ON>IND,0.5773246700585836,0.4226753299414165,OTH>GRN>IND>LNP,24.4,False,False,0.0001429500352352342
Kororoit,Western Metro,ALP,ALP,ON,0.5698713698919325,0.4301286301080675,0.06987136989193254,ALP-ON,IND>GRN>LNP>OTH,0.559217069853365,0.44078293014663505,IND>GRN>OTH>ON,0.5698713698919325,0.4301286301080675,IND>GRN>LNP>OTH,Western Metro,ALP,ALP,ON,0.5698713698919325,0.4301286301080675,0.06987136989193254,ALP-ON,IND>GRN>LNP>OTH,0.5558870241361505,0.4441129758638495,IND>GRN>OTH>ON,0.5698713698919325,0.4301286301080675,IND>GRN>LNP>OTH,24.4,False,False,0.0
Lara,Western Victoria,ALP,ON,ALP,0.5608488774911453,0.4391511225088547,0.060848877491145315,ON-ALP,IND>GRN>OTH>LNP,0.48499263542590776,0.5150073645740922,IND>GRN>OTH>ON,0.4391511225088547,0.5608488774911453,IND>GRN>OTH>LNP,Western Victoria,ALP,ON,ALP,0.5608488774911453,0.4391511225088547,0.060848877491145315,ON-ALP,IND>GRN>OTH>LNP,0.4860237186949128,0.5139762813050872,IND>GRN>OTH>ON,0.4391511225088547,0.5608488774911453,IND>GRN>OTH>LNP,24.4,False,False,0.0
Laverton,Western Metro,ALP,ALP,ON,0.607813232280466,0.3921867677195339,0.10781323228046602,ALP-ON,IND>GRN>LNP>OTH,0.5821710507348675,0.41782894926513253,IND>GRN>OTH>ON,0.607813232280466,0.3921867677195339,IND>GRN>LNP>OTH,Western Metro,ALP,ALP,ON,0.607813232280466,0.3921867677195339,0.10781323228046602,ALP-ON,IND>GRN>LNP>OTH,0.578976604805393,0.421023395194607,IND>GRN>OTH>ON,0.607813232280466,0.3921867677195339,IND>GRN>LNP>OTH,24.4,False,False,0.0
Lowan,Western Victoria,LNP,LNP,ON,0.5804713052242971,0.419528694775703,0.08047130522429713,LNP-ON,IND>GRN>OTH>ALP,0.17550377296497258,0.8244962270350273,IND>GRN>OTH>ON,0.22345966571668635,0.7765403342833137,IND>GRN>OTH>LNP,Western Victoria,LNP,LNP,ON,0.5804713052242971,0.419528694775703,0.08047130522429713,LNP-ON,IND>GRN>OTH>ALP,0.17782346110780736,0.8221765388921927,IND>GRN>OTH>ON,0.22345966571668635,0.7765403342833137,IND>GRN>OTH>LNP,24.4,False,False,0.0
Macedon,Northern Victoria,ALP,ON,ALP,0.5514128575687117,0.4485871424312882,0.05141285756871172,ON-ALP,IND>OTH>GRN>LNP,0.4474805721965119,0.5525194278034881,IND>OTH>GRN>ON,0.4485871424312882,0.5514128575687117,IND>OTH>GRN>LNP,Northern Victoria,ALP,ON,ALP,0.5412328306539833,0.45876716934601675,0.04123283065398331,ON-ALP,IND>OTH>GRN>LNP,0.45745158243162654,0.5425484175683735,IND>OTH>GRN>ON,0.45876716934601675,0.5412328306539833,IND>OTH>GRN>LNP,24.4,False,False,-0.010180026914728413
Malvern,Southern Metro,LNP,LNP,ALP,0.5908615901304208,0.4091384098695792,0.09086159013042083,LNP-ALP,OTH>ON>GRN,0.4091384098695792,0.5908615901304208,OTH>ON>GRN,0.5494178268367027,0.45058217316329735,OTH>GRN>LNP,Southern Metro,LNP,LNP,ALP,0.6007715123420059,0.3992284876579941,0.10077151234200588,LNP-ALP,OTH>ON>GRN,0.3992284876579941,0.6007715123420059,OTH>ON>GRN,0.5418443430059614,0.4581556569940387,OTH>GRN>LNP,24.4,False,False,0.009909922211585043
Melbourne,Northern Metro,GRN,GRN,ALP,0.575433946824503,0.424566053175497,0.075433946824503,GRN-ALP,LNP>OTH>ON,0.7919487488214709,0.20805125117852907,OTH>ON>GRN,0.7257450776892544,0.27425492231074555,LNP>OTH>GRN,Northern Metro,GRN,GRN,ALP,0.575433946824503,0.424566053175497,0.075433946824503,GRN-ALP,LNP>OTH>ON,0.7676825922681768,0.2323174077318232,OTH>ON>GRN,0.7257450776892544,0.27425492231074555,LNP>OTH>GRN,24.4,False,False,0.0
Melton,Western Victoria,ALP,ON,ALP,0.5735580465812182,0.42644195341878177,0.07355804658121823,ON-ALP,GRN>OTH>LNP>IND,0.3869436832640917,0.6130563167359083,GRN>OTH>IND>ON,0.42644195341878177,0.5735580465812182,GRN>OTH>LNP>IND,Western Victoria,ALP,ON,ALP,0.5735580465812182,0.42644195341878177,0.07355804658121823,ON-ALP,GRN>OTH>LNP>IND,0.3880041530575752,0.6119958469424249,GRN>OTH>IND>ON,0.42644195341878177,0.5735580465812182,GRN>OTH>LNP>IND,24.4,False,False,0.0
Mildura,Northern Victoria,LNP,ON,IND,0.5582976098881426,0.44170239011185736,0.05829760988814259,ON-IND,GRN>ALP>OTH>LNP,0.1923969686429829,0.8076030313570172,GRN>OTH>IND>ON,0.3031690817179946,0.6968309182820054,GRN>OTH>LNP>IND,Northern Victoria,LNP,ON,IND,0.5582976098881426,0.44170239011185736,0.05829760988814259,ON-IND,GRN>ALP>OTH>LNP,0.19522491145592674,0.8047750885440733,GRN>OTH>IND>ON,0.3031690817179946,0.6968309182820054,GRN>OTH>LNP>IND,24.4,False,False,0.0
Mill Park,North-Eastern Metro,ALP,ALP,ON,0.5039421841331685,0.4960578158668315,0.0039421841331684915,ALP-ON,GRN>OTH>LNP,0.5443619455284376,0.45563805447156236,GRN>OTH>ON,0.5039421841331685,0.4960578158668315,GRN>OTH>LNP,North-Eastern Metro,ALP,ALP,ON,0.5039421841331685,0.4960578158668315,0.0039421841331684915,ALP-ON,GRN>OTH>LNP,0.5409922542281792,0.4590077457718208,GRN>OTH>ON,0.5039421841331685,0.4960578158668315,GRN>OTH>LNP,24.4,False,False,0.0
Monbulk,Eastern Victoria,ALP,ON,ALP,0.561062408934707,0.43893759106529295,0.061062408934707046,ON-ALP,OTH>IND>GRN>LNP,0.4297754506016606,0.5702245493983394,OTH>IND>GRN>ON,0.43893759106529295,0.561062408934707,OTH>IND>GRN>LNP,Eastern Victoria,ALP,ON,ALP,0.556924946762608,0.44307505323739205,0.05692494676260795,ON-ALP,OTH>IND>GRN>LNP,0.4325756908195183,0.5674243091804817,OTH>IND>GRN>ON,0.44307505323739205,0.556924946762608,OTH>IND>GRN>LNP,24.4,False,False,-0.004137462172099093
Mordialloc,South-Eastern Metro,ALP,ALP,ON,0.5442891277180594,0.4557108722819406,0.04428912771805937,ALP-ON,IND>OTH>GRN>LNP,0.524504234347157,0.475495765652843,IND>OTH>GRN>ON,0.5442891277180594,0.4557108722819406,IND>OTH>GRN>LNP,South-Eastern Metro,ALP,ALP,ON,0.5458138206164903,0.45418617938350975,0.04581382061649031,ALP-ON,IND>OTH>GRN>LNP,0.5208817414627939,0.4791182585372062,IND>OTH>GRN>ON,0.5458138206164903,0.45418617938350975,IND>OTH>GRN>LNP,24.4,False,False,0.001524692898430935
Mornington,Eastern Victoria,LNP,LNP,IND,0.653973593689635,0.3460264063103649,0.15397359368963504,LNP-IND,OTH>GRN>ALP>ON,0.28400723734600153,0.7159927626539986,OTH>GRN>IND>ON,0.33676468089664885,0.6632353191033511,OTH>GRN>IND>LNP,Eastern Victoria,LNP,LNP,IND,0.6513964358944297,0.34860356410557025,0.15139643589442975,LNP-IND,OTH>GRN>ALP>ON,0.28651457771597233,0.7134854222840277,OTH>GRN>IND>ON,0.3392966566168324,0.6607033433831677,OTH>GRN>IND>LNP,24.4,False,False,-0.002577157795205287
Morwell,Eastern Victoria,LNP,ON,LNP,0.5644795376636054,0.4355204623363947,0.06447953766360537,ON-LNP,GRN>IND>OTH>ALP,0.308466673163403,0.6915333268365971,GRN>IND>OTH>ON,0.2981679129679685,0.7018320870320316,GRN>IND>OTH>LNP,Eastern Victoria,LNP,ON,LNP,0.5644795376636054,0.4355204623363947,0.06447953766360537,ON-LNP,GRN>IND>OTH>ALP,0.3094312801055138,0.6905687198944862,GRN>IND>OTH>ON,0.2981679129679685,0.7018320870320316,GRN>IND>OTH>LNP,24.4,False,False,0.0
Mulgrave,South-Eastern Metro,ALP,ALP,ON,0.6611672916098033,0.3388327083901968,0.16116729160980325,ALP-ON,GRN>OTH>LNP>IND,0.5988428269481546,0.4011571730518454,GRN>OTH>IND>ON,0.6611672916098033,0.3388327083901968,GRN>OTH>LNP>IND,South-Eastern Metro,ALP,ALP,ON,0.6611672916098033,0.3388327083901968,0.16116729160980325,ALP-ON,GRN>OTH>LNP>IND,0.595961641895099,0.40403835810490096,GRN>OTH>IND>ON,0.6611672916098033,0.3388327083901968,GRN>OTH>LNP>IND,24.4,False,False,0.0
Murray Plains,Northern Victoria,LNP,LNP,ON,0.5682152123553871,0.43178478764461287,0.06821521235538708,LNP-ON,IND>GRN>ALP>OTH,0.14996643346529498,0.850033566534705,IND>GRN>OTH>ON,0.19007324097354056,0.8099267590264594,IND>GRN>OTH>LNP,Northern Victoria,LNP,LNP,ON,0.5682152123553871,0.43178478764461287,0.06821521235538708,LNP-ON,IND>GRN>ALP>OTH,0.152530933189413,0.847469066810587,IND>GRN>OTH>ON,0.19007324097354056,0.8099267590264594,IND>GRN>OTH>LNP,24.4,False,False,0.0
Narracan,Eastern Victoria,LNP,LNP,ON,0.5748629686411489,0.42513703135885106,0.07486296864114894,LNP-ON,IND>GRN>ALP,0.33326312151324605,0.666736878486754,IND>GRN>ON,0.36607135382293354,0.6339286461770666,IND>GRN>LNP,Eastern Victoria,LNP,LNP,ON,0.5756354466879318,0.4243645533120683,0.07563544668793176,LNP-ON,IND>GRN>ALP,0.3324601716597312,0.6675398283402689,IND>GRN>ON,0.36378490256897533,0.6362150974310247,IND>GRN>LNP,24.4,False,False,0.0007724780467828207
Narre Warren North,South-Eastern Metro,ALP,ON,ALP,0.5427291362266511,0.45727086377334897,0.04272913622665109,ON-ALP,IND>GRN>OTH>LNP,0.4928095331124091,0.507190466887591,IND>GRN>OTH>ON,0.45727086377334897,0.5427291362266511,IND>GRN>OTH>LNP,South-Eastern Metro,ALP,ON,ALP,0.5427291362266511,0.45727086377334897,0.04272913622665109,ON-ALP,IND>GRN>OTH>LNP,0.4892339487029999,0.510766051297,IND>GRN>OTH>ON,0.45727086377334897,0.5427291362266511,IND>GRN>OTH>LNP,24.4,False,False,0.0
Narre Warren South,South-Eastern Metro,ALP,ON,ALP,0.5283953410501783,0.4716046589498217,0.02839534105017827,ON-ALP,GRN>OTH>LNP,0.4994860025832977,0.5005139974167023,GRN>OTH>ON,0.4716046589498217,0.5283953410501783,GRN>OTH>LNP,South-Eastern Metro,ALP,ON,ALP,0.5283953410501783,0.4716046589498217,0.02839534105017827,ON-ALP,GRN>OTH>LNP,0.49609084165104705,0.503909158348953,GRN>OTH>ON,0.4716046589498217,0.5283953410501783,GRN>OTH>LNP,24.4,False,False,0.0
Nepean,Eastern Victoria,LNP,LNP,ON,0.5970383791311434,0.4029616208688566,0.09703837913114344,LNP-ON,IND>OTH>GRN>ALP,0.3322336548071154,0.6677663451928847,IND>OTH>GRN>ON,0.3771798761003639,0.6228201238996361,IND>OTH>GRN>LNP,Eastern Victoria,LNP,LNP,ON,0.6018655973196514,0.3981344026803487,0.10186559731965139,LNP-ON,IND>OTH>GRN>ALP,0.33813194774361277,0.6618680522563873,IND>OTH>GRN>ON,0.3838701908185293,0.6161298091814708,IND>OTH>GRN>LNP,24.4,False,False,0.0048272181885079535
Niddrie,Western Metro,ALP,ON,ALP,0.5211768234573511,0.4788231765426489,0.021176823457351057,ON-ALP,GRN>OTH>LNP,0.48168847024546907,0.518311529754531,GRN>OTH>ON,0.4788231765426489,0.5211768234573511,GRN>OTH>LNP,Western Metro,ALP,ON,ALP,0.5211768234573511,0.4788231765426489,0.021176823457351057,ON-ALP,GRN>OTH>LNP,0.4784121121514238,0.5215878878485761,GRN>OTH>ON,0.4788231765426489,0.5211768234573511,GRN>OTH>LNP,24.4,False,False,0.0
Northcote,Northern Metro,ALP,ALP,GRN,0.5081597820167263,0.49184021798327376,0.008159782016726291,ALP-GRN,LNP>OTH>ON,0.8331022366153105,0.1668977633846896,OTH>ON>GRN,0.7046902851401251,0.295309714859875,LNP>OTH>GRN,Northern Metro,ALP,ALP,GRN,0.5081597820167263,0.49184021798327376,0.008159782016726291,ALP-GRN,LNP>OTH>ON,0.8062308139182766,0.19376918608172342,OTH>ON>GRN,0.7046902851401251,0.295309714859875,LNP>OTH>GRN,24.4,False,False,0.0
Oakleigh,Southern Metro,ALP,ALP,ON,0.5799342199735265,0.42006578002647355,0.07993421997352645,ALP-ON,IND>OTH>GRN>LNP,0.5659255687471632,0.43407443125283685,IND>OTH>GRN>ON,0.5799342199735265,0.42006578002647355,IND>OTH>GRN>LNP,Southern Metro,ALP,ALP,ON,0.5800328346501289,0.4199671653498712,0.08003283465012889,ALP-ON,IND>OTH>GRN>LNP,0.5611957054465324,0.4388042945534677,IND>OTH>GRN>ON,0.5800328346501289,0.4199671653498712,IND>OTH>GRN>LNP,24.4,False,False,9.861467660243761e-05
Ovens Valley,Northern Victoria,LNP,LNP,ON,0.5662681885284475,0.43373181147155243,0.06626818852844751,LNP-ON,IND>GRN>ALP>OTH,0.20767714277398916,0.7923228572260108,IND>GRN>OTH>ON,0.24186185859836332,0.7581381414016367,IND>GRN>OTH>LNP,Northern Victoria,LNP,LNP,ON,0.5662681885284475,0.43373181147155243,0.06626818852844751,LNP-ON,IND>GRN>ALP>OTH,0.21012681171498454,0.7898731882850154,IND>GRN>OTH>ON,0.24186185859836332,0.7581381414016367,IND>GRN>OTH>LNP,24.4,False,False,0.0
Pakenham,Eastern Victoria,ALP,ON,LNP,0.5151619705881573,0.48483802941184273,0.01516197058815727,ON-LNP,GRN>IND>OTH>ALP,0.36820028322470894,0.6317997167752911,GRN>IND>OTH>ON,0.3641218852206145,0.6358781147793855,GRN>IND>OTH>LNP,Eastern Victoria,ALP,ON,LNP,0.5151619705881573,0.48483802941184273,0.01516197058815727,ON-LNP,GRN>IND>OTH>ALP,0.36914779979610846,0.6308522002038915,GRN>IND>OTH>ON,0.3641218852206145,0.6358781147793855,GRN>IND>OTH>LNP,24.4,False,False,0.0
Pascoe Vale,Northern Metro,ALP,ALP,ON,0.6208243406881832,0.3791756593118169,0.12082434068818315,ALP-ON,IND>LNP>OTH>GRN,0.6357140129526441,0.36428598704735593,IND>OTH>GRN>ON,0.6208243406881832,0.3791756593118169,IND>LNP>OTH>GRN,Northern Metro,ALP,ALP,ON,0.6208243406881832,0.3791756593118169,0.12082434068818315,ALP-ON,IND>LNP>OTH>GRN,0.6232504722444423,0.3767495277555577,IND>OTH>GRN>ON,0.6208243406881832,0.3791756593118169,IND>LNP>OTH>GRN,24.4,False,False,0.0
Point Cook,Western Metro,ALP,ON,ALP,0.5390008666652609,0.460999133334739,0.039000866665260925,ON-ALP,GRN>IND>OTH>LNP,0.5048034822130542,0.4951965177869459,GRN>IND>OTH>ON,0.460999133334739,0.5390008666652609,GRN>IND>OTH>LNP,Western Metro,ALP,ON,ALP,0.5390008666652609,0.460999133334739,0.039000866665260925,ON-ALP,GRN>IND>OTH>LNP,0.5011435467079532,0.49885645329204675,GRN>IND>OTH>ON,0.460999133334739,0.5390008666652609,GRN>IND>OTH>LNP,24.4,False,False,0.0
Polwarth,Western Victoria,LNP,LNP,ALP,0.6513906867005811,0.3486093132994189,0.1513906867005811,LNP-ALP,IND>OTH>GRN>ON,0.3486093132994189,0.6513906867005811,IND>OTH>GRN>ON,0.3902773296139598,0.6097226703860403,IND>OTH>GRN>LNP,Western Victoria,LNP,LNP,ALP,0.6435047155363776,0.35649528446362244,0.14350471553637756,LNP-ALP,IND>OTH>GRN>ON,0.35649528446362244,0.6435047155363776,IND>OTH>GRN>ON,0.3994511430478659,0.6005488569521341,IND>OTH>GRN>LNP,24.4,False,False,-0.007885971164203531
Prahran,Southern Metro,Greens,GRN,LNP,0.6264839182084952,0.37351608179150475,0.12648391820849525,GRN-LNP,OTH>ON>ALP,0.6447810512381783,0.3552189487618217,OTH>ON>GRN,0.6840301663777798,0.3159698336222202,OTH>LNP>GRN,Southern Metro,Greens,GRN,LNP,0.6134591111510832,0.38654088884891685,0.1134591111510832,GRN-LNP,OTH>ON>ALP,0.6312335262867139,0.36876647371328614,OTH>ON>GRN,0.6788947472449363,0.32110525275506374,OTH>LNP>GRN,24.4,False,False,-0.013024807057412047
Preston,Northern Metro,ALP,ALP,ON,0.5783846977684488,0.42161530223155125,0.07838469776844881,ALP-ON,LNP>IND>OTH>GRN,0.6063090522966441,0.3936909477033559,IND>OTH>GRN>ON,0.5783846977684488,0.42161530223155125,LNP>IND>OTH>GRN,Northern Metro,ALP,ALP,ON,0.5783846977684488,0.42161530223155125,0.07838469776844881,ALP-ON,LNP>IND>OTH>GRN,0.5966806692150022,0.40331933078499793,IND>OTH>GRN>ON,0.5783846977684488,0.42161530223155125,LNP>IND>OTH>GRN,24.4,False,False,0.0
Richmond,Northern Metro,GRN,GRN,ALP,0.5361723838351966,0.4638276161648034,0.03617238383519661,GRN-ALP,IND>LNP>OTH>ON,0.8317138755745658,0.16828612442543428,IND>OTH>ON>GRN,0.742573954532072,0.257426045467928,IND>LNP>OTH>GRN,Northern Metro,GRN,GRN,ALP,0.5361723838351966,0.4638276161648034,0.03617238383519661,GRN-ALP,IND>LNP>OTH>ON,0.8051573624806668,0.19484263751933323,IND>OTH>ON>GRN,0.742573954532072,0.257426045467928,IND>LNP>OTH>GRN,24.4,False,False,0.0
Ringwood,North-Eastern Metro,LNP,ALP,LNP,0.5009339704401913,0.4990660295598088,0.0009339704401912785,ALP-LNP,OTH>GRN>ON,0.5009339704401913,0.4990660295598088,OTH>GRN>ON,0.5468830662501194,0.45311693374988066,OTH>GRN>LNP,North-Eastern Metro,LNP,LNP,ALP,0.5009909936068208,0.49900900639317924,0.0009909936068207559,LNP-ALP,OTH>GRN>ON,0.49900900639317924,0.5009909936068208,OTH>GRN>ON,0.5505958209675768,0.4494041790324232,OTH>GRN>LNP,24.4,True,True,5.702316662947737e-05
Ripon,Western Victoria,ALP,ON,ALP,0.6499632176605687,0.35003678233943125,0.14996321766056875,ON-ALP,IND>GRN>OTH>LNP,0.3547593678674321,0.6452406321325679,IND>GRN>OTH>ON,0.35003678233943125,0.6499632176605687,IND>GRN>OTH>LNP,Western Victoria,ALP,ON,ALP,0.6499632176605687,0.35003678233943125,0.14996321766056875,ON-ALP,IND>GRN>OTH>LNP,0.3573576447514128,0.6426423552485873,IND>GRN>OTH>ON,0.35003678233943125,0.6499632176605687,IND>GRN>OTH>LNP,24.4,False,False,0.0
Rowville,South-Eastern Metro,LNP,LNP,ALP,0.6076446913495664,0.39235530865043355,0.10764469134956645,LNP-ALP,OTH>GRN>IND>ON,0.39235530865043355,0.6076446913495664,OTH>GRN>IND>ON,0.45941201593617775,0.5405879840638224,OTH>GRN>IND>LNP,South-Eastern Metro,LNP,LNP,ALP,0.6116919919062477,0.3883080080937524,0.11169199190624768,LNP-ALP,OTH>GRN>IND>ON,0.3883080080937524,0.6116919919062477,OTH>GRN>IND>ON,0.45902133296318626,0.5409786670368139,OTH>GRN>IND>LNP,24.4,False,False,0.0040473005566812326
Sandringham,Southern Metro,LNP,LNP,ALP,0.6137368987399624,0.38626310126003766,0.1137368987399624,LNP-ALP,IND>OTH>GRN>ON,0.38626310126003766,0.6137368987399624,IND>OTH>GRN>ON,0.48907317023485974,0.5109268297651404,IND>OTH>GRN>LNP,Southern Metro,LNP,LNP,ALP,0.6173815439530741,0.382618456046926,0.1173815439530741,LNP-ALP,IND>OTH>GRN>ON,0.382618456046926,0.6173815439530741,IND>OTH>GRN>ON,0.49046342129888254,0.5095365787011176,IND>OTH>GRN>LNP,24.4,False,False,0.003644645213111697
Shepparton,Northern Victoria,LNP,LNP,ON,0.5466063078353742,0.4533936921646258,0.04660630783537423,LNP-ON,ALP>OTH>IND,0.20255121469942544,0.7974487853005745,OTH>IND>ON,0.2589534568163662,0.7410465431836338,OTH>IND>LNP,Northern Victoria,LNP,LNP,ON,0.5466063078353742,0.4533936921646258,0.04660630783537423,LNP-ON,ALP>OTH>IND,0.20337041748818008,0.79662958251182,OTH>IND>ON,0.2589534568163662,0.7410465431836338,OTH>IND>LNP,24.4,False,False,0.0
South Barwon,Western Victoria,ALP,ON,ALP,0.5136023543500712,0.48639764564992877,0.013602354350071177,ON-ALP,GRN>OTH>LNP,0.453593947651121,0.546406052348879,GRN>OTH>ON,0.48639764564992877,0.5136023543500712,GRN>OTH>LNP,Western Victoria,ALP,ON,ALP,0.5136023543500712,0.48639764564992877,0.013602354350071177,ON-ALP,GRN>OTH>LNP,0.4541803442240431,0.5458196557759569,GRN>OTH>ON,0.48639764564992877,0.5136023543500712,GRN>OTH>LNP,24.4,False,False,0.0
South-West Coast,Western Victoria,LNP,LNP,IND,0.6369713270618794,0.3630286729381206,0.13697132706187942,LNP-IND,GRN>OTH>ALP>ON,0.31172509532778525,0.6882749046722147,GRN>OTH>ON>IND,0.31892211041233676,0.6810778895876632,GRN>OTH>IND>LNP,Western Victoria,LNP,LNP,IND,0.6369713270618794,0.3630286729381206,0.13697132706187942,LNP-IND,GRN>OTH>ALP>ON,0.31468805101390773,0.6853119489860924,GRN>OTH>ON>IND,0.31892211041233676,0.6810778895876632,GRN>OTH>IND>LNP,24.4,False,False,0.0
St Albans,Western Metro,ALP,ALP,ON,0.5173294533591665,0.48267054664083364,0.01732945335916647,ALP-ON,IND>GRN>OTH>LNP,0.5380394219343922,0.46196057806560786,IND>GRN>OTH>ON,0.5173294533591665,0.48267054664083364,IND>GRN>OTH>LNP,Western Metro,ALP,ALP,ON,0.5173294533591665,0.48267054664083364,0.01732945335916647,ALP-ON,IND>GRN>OTH>LNP,0.534805288509181,0.46519471149081915,IND>GRN>OTH>ON,0.5173294533591665,0.48267054664083364,IND>GRN>OTH>LNP,24.4,False,False,0.0
Sunbury,Western Metro,ALP,ON,ALP,0.5780053204542066,0.4219946795457934,0.0780053204542066,ON-ALP,IND>GRN>OTH>LNP,0.43407675822577885,0.5659232417742213,IND>GRN>OTH>ON,0.4219946795457934,0.5780053204542066,IND>GRN>OTH>LNP,Western Metro,ALP,ON,ALP,0.5780053204542066,0.4219946795457934,0.0780053204542066,ON-ALP,IND>GRN>OTH>LNP,0.43497677022673076,0.5650232297732694,IND>GRN>OTH>ON,0.4219946795457934,0.5780053204542066,IND>GRN>OTH>LNP,24.4,False,False,0.0
Sydenham,Western Metro,ALP,ON,ALP,0.5187902714026131,0.4812097285973869,0.018790271402613135,ON-ALP,GRN>OTH>LNP,0.5107116760687327,0.4892883239312673,GRN>OTH>ON,0.4812097285973869,0.5187902714026131,GRN>OTH>LNP,Western Metro,ALP,ON,ALP,0.5187902714026131,0.4812097285973869,0.018790271402613135,ON-ALP,GRN>OTH>LNP,0.5073510036947777,0.4926489963052223,GRN>OTH>ON,0.4812097285973869,0.5187902714026131,GRN>OTH>LNP,24.4,False,False,0.0
Tarneit,Western Metro,ALP,ALP,ON,0.5067934710900293,0.49320652890997085,0.006793471090029257,ALP-ON,IND>GRN>OTH>LNP,0.5392874124740062,0.46071258752599387,IND>GRN>OTH>ON,0.5067934710900293,0.49320652890997085,IND>GRN>OTH>LNP,Western Metro,ALP,ALP,ON,0.5067934710900293,0.49320652890997085,0.006793471090029257,ALP-ON,IND>GRN>OTH>LNP,0.5360355555734457,0.4639644444265544,IND>GRN>OTH>ON,0.5067934710900293,0.49320652890997085,IND>GRN>OTH>LNP,24.4,False,False,0.0
Thomastown,Northern Metro,ALP,ALP,ON,0.5821296218327181,0.41787037816728184,0.0821296218327181,ALP-ON,IND>GRN>LNP>OTH,0.5828238244204149,0.41717617557958514,IND>GRN>OTH>ON,0.5821296218327181,0.41787037816728184,IND>GRN>LNP>OTH,Northern Metro,ALP,ALP,ON,0.5821296218327181,0.41787037816728184,0.0821296218327181,ALP-ON,IND>GRN>LNP>OTH,0.5795520879671872,0.4204479120328129,IND>GRN>OTH>ON,0.5821296218327181,0.41787037816728184,IND>GRN>LNP>OTH,24.4,False,False,0.0
Warrandyte,North-Eastern Metro,LNP,LNP,ALP,0.6126737009812292,0.38732629901877086,0.1126737009812292,LNP-ALP,OTH>GRN>ON,0.38732629901877086,0.6126737009812292,OTH>GRN>ON,0.4720938260630496,0.5279061739369504,OTH>GRN>LNP,North-Eastern Metro,LNP,LNP,ALP,0.6136171351877509,0.3863828648122491,0.11361713518775085,LNP-ALP,OTH>GRN>ON,0.3863828648122491,0.6136171351877509,OTH>GRN>ON,0.4748978339444207,0.5251021660555794,OTH>GRN>LNP,24.4,False,False,0.0009434342065216539
Wendouree,Western Victoria,ALP,ON,ALP,0.5128822275793987,0.4871177724206012,0.01288222757939872,ON-ALP,GRN>OTH>LNP,0.4769630494896397,0.5230369505103603,GRN>OTH>ON,0.4871177724206012,0.5128822275793987,GRN>OTH>LNP,Western Victoria,ALP,ON,ALP,0.5128822275793987,0.4871177724206012,0.01288222757939872,ON-ALP,GRN>OTH>LNP,0.4776155833690221,0.5223844166309779,GRN>OTH>ON,0.4871177724206012,0.5128822275793987,GRN>OTH>LNP,24.4,False,False,0.0
Werribee,Western Metro,ALP,ON,ALP,0.562806524399105,0.437193475600895,0.06280652439910495,ON-ALP,GRN>IND>OTH>LNP,0.4642695518247226,0.5357304481752774,GRN>IND>OTH>ON,0.437193475600895,0.562806524399105,GRN>IND>OTH>LNP,Western Metro,ALP,ON,ALP,0.562806524399105,0.437193475600895,0.06280652439910495,ON-ALP,GRN>IND>OTH>LNP,0.4652167097009524,0.5347832902990477,GRN>IND>OTH>ON,0.437193475600895,0.562806524399105,GRN>IND>OTH>LNP,24.4,False,False,0.0
Williamstown,Western Metro,ALP,ALP,ON,0.6031514621868541,0.3968485378131459,0.10315146218685411,ALP-ON,IND>OTH>GRN>LNP,0.617015901509269,0.3829840984907311,IND>OTH>GRN>ON,0.6031514621868541,0.3968485378131459,IND>OTH>GRN>LNP,Western Metro,ALP,ALP,ON,0.5903998977803537,0.4096001022196463,0.09039989778035373,ALP-ON,IND>OTH>GRN>LNP,0.5986264289301861,0.4013735710698139,IND>OTH>GRN>ON,0.5903998977803537,0.4096001022196463,IND>OTH>GRN>LNP,24.4,False,False,-0.012751564406500382
Yan Yean,Northern Victoria,ALP,ON,ALP,0.5680116305230437,0.43198836947695635,0.06801163052304371,ON-ALP,GRN>OTH>LNP,0.43338449477354163,0.5666155052264583,GRN>OTH>ON,0.43198836947695635,0.5680116305230437,GRN>OTH>LNP,Northern Victoria,ALP,ON,ALP,0.5680116305230437,0.43198836947695635,0.06801163052304371,ON-ALP,GRN>OTH>LNP,0.4342204924316572,0.5657795075683427,GRN>OTH>ON,0.43198836947695635,0.5680116305230437,GRN>OTH>LNP,24.4,False,False,0.0
