ONLevel,DepletionStrength,SiphonRetention,District,SeatType,CurrentWinner,CurrentRunnerUp,CurrentWinnerPct,TrialWinner,TrialRunnerUp,TrialWinnerPct,WinnerChanged,PairChanged,WinnerPctChange,TrialActivated
10.0,0.25,0.8992537313432836,BOX HILL,Middle Ring,ALP,LNP,0.5627251929196899,ALP,LNP,0.5627251929196899,False,False,0.0,False
10.0,0.5,0.7985074626865671,BOX HILL,Middle Ring,ALP,LNP,0.5627251929196899,ALP,LNP,0.5627251929196899,False,False,0.0,False
10.0,0.75,0.6977611940298507,BOX HILL,Middle Ring,ALP,LNP,0.5627251929196899,ALP,LNP,0.5627251929196899,False,False,0.0,False
10.0,1.0,0.5970149253731343,BOX HILL,Middle Ring,ALP,LNP,0.5627251929196899,ALP,LNP,0.5627251929196899,False,False,0.0,False
10.0,0.25,0.8992537313432836,BULLEEN,Middle Ring,LNP,ALP,0.5732309324617294,LNP,ALP,0.5732309324617294,False,False,0.0,False
10.0,0.5,0.7985074626865671,BULLEEN,Middle Ring,LNP,ALP,0.5732309324617294,LNP,ALP,0.5732309324617294,False,False,0.0,False
10.0,0.75,0.6977611940298507,BULLEEN,Middle Ring,LNP,ALP,0.5732309324617294,LNP,ALP,0.5732309324617294,False,False,0.0,False
10.0,1.0,0.5970149253731343,BULLEEN,Middle Ring,LNP,ALP,0.5732309324617294,LNP,ALP,0.5732309324617294,False,False,0.0,False
10.0,0.25,0.8992537313432836,GLEN WAVERLEY,Middle Ring,ALP,LNP,0.5052463050889152,ALP,LNP,0.5052463050889152,False,False,0.0,False
10.0,0.5,0.7985074626865671,GLEN WAVERLEY,Middle Ring,ALP,LNP,0.5052463050889152,ALP,LNP,0.5052463050889152,False,False,0.0,False
10.0,0.75,0.6977611940298507,GLEN WAVERLEY,Middle Ring,ALP,LNP,0.5052463050889152,ALP,LNP,0.5052463050889152,False,False,0.0,False
10.0,1.0,0.5970149253731343,GLEN WAVERLEY,Middle Ring,ALP,LNP,0.5052463050889152,ALP,LNP,0.5052463050889152,False,False,0.0,False
10.0,0.25,0.8992537313432836,IVANHOE,Middle Ring,ALP,LNP,0.6136565036509246,ALP,LNP,0.6136565036509246,False,False,0.0,False
10.0,0.5,0.7985074626865671,IVANHOE,Middle Ring,ALP,LNP,0.6136565036509246,ALP,LNP,0.6136565036509246,False,False,0.0,False
10.0,0.75,0.6977611940298507,IVANHOE,Middle Ring,ALP,LNP,0.6136565036509246,ALP,LNP,0.6136565036509246,False,False,0.0,False
10.0,1.0,0.5970149253731343,IVANHOE,Middle Ring,ALP,LNP,0.6136565036509246,ALP,LNP,0.6136565036509246,False,False,0.0,False
10.0,0.25,0.8992537313432836,BUNDOORA,Middle Ring,ALP,LNP,0.5904246615108907,ALP,LNP,0.5904246615108907,False,False,0.0,False
10.0,0.5,0.7985074626865671,BUNDOORA,Middle Ring,ALP,LNP,0.5904246615108907,ALP,LNP,0.5904246615108907,False,False,0.0,False
10.0,0.75,0.6977611940298507,BUNDOORA,Middle Ring,ALP,LNP,0.5904246615108907,ALP,LNP,0.5904246615108907,False,False,0.0,False
10.0,1.0,0.5970149253731343,BUNDOORA,Middle Ring,ALP,LNP,0.5904246615108907,ALP,LNP,0.5904246615108907,False,False,0.0,False
10.0,0.25,0.8992537313432836,BAYSWATER,Outer Metro,ALP,LNP,0.5121573114554608,ALP,LNP,0.5121573114554608,False,False,0.0,False
10.0,0.5,0.7985074626865671,BAYSWATER,Outer Metro,ALP,LNP,0.5121573114554608,ALP,LNP,0.5121573114554608,False,False,0.0,False
10.0,0.75,0.6977611940298507,BAYSWATER,Outer Metro,ALP,LNP,0.5121573114554608,ALP,LNP,0.5121573114554608,False,False,0.0,False
10.0,1.0,0.5970149253731343,BAYSWATER,Outer Metro,ALP,LNP,0.5121573114554608,ALP,LNP,0.5121573114554608,False,False,0.0,False
10.0,0.25,0.8992537313432836,CROYDON,Outer Metro,LNP,ALP,0.5310292554278981,LNP,ALP,0.5310292554278981,False,False,0.0,False
10.0,0.5,0.7985074626865671,CROYDON,Outer Metro,LNP,ALP,0.5310292554278981,LNP,ALP,0.5310292554278981,False,False,0.0,False
10.0,0.75,0.6977611940298507,CROYDON,Outer Metro,LNP,ALP,0.5310292554278981,LNP,ALP,0.5310292554278981,False,False,0.0,False
10.0,1.0,0.5970149253731343,CROYDON,Outer Metro,LNP,ALP,0.5310292554278981,LNP,ALP,0.5310292554278981,False,False,0.0,False
10.0,0.25,0.8992537313432836,RINGWOOD,Outer Metro,ALP,LNP,0.5674208508889351,ALP,LNP,0.5674208508889351,False,False,0.0,False
10.0,0.5,0.7985074626865671,RINGWOOD,Outer Metro,ALP,LNP,0.5674208508889351,ALP,LNP,0.5674208508889351,False,False,0.0,False
10.0,0.75,0.6977611940298507,RINGWOOD,Outer Metro,ALP,LNP,0.5674208508889351,ALP,LNP,0.5674208508889351,False,False,0.0,False
10.0,1.0,0.5970149253731343,RINGWOOD,Outer Metro,ALP,LNP,0.5674208508889351,ALP,LNP,0.5674208508889351,False,False,0.0,False
10.0,0.25,0.8992537313432836,WARRANDYTE,Outer Metro,LNP,ALP,0.5599334065123222,LNP,ALP,0.5599334065123222,False,False,0.0,False
10.0,0.5,0.7985074626865671,WARRANDYTE,Outer Metro,LNP,ALP,0.5599334065123222,LNP,ALP,0.5599334065123222,False,False,0.0,False
10.0,0.75,0.6977611940298507,WARRANDYTE,Outer Metro,LNP,ALP,0.5599334065123222,LNP,ALP,0.5599334065123222,False,False,0.0,False
10.0,1.0,0.5970149253731343,WARRANDYTE,Outer Metro,LNP,ALP,0.5599334065123222,LNP,ALP,0.5599334065123222,False,False,0.0,False
10.0,0.25,0.8992537313432836,ELTHAM,Outer Metro,ALP,LNP,0.5728407682999007,ALP,LNP,0.5728407682999007,False,False,0.0,False
10.0,0.5,0.7985074626865671,ELTHAM,Outer Metro,ALP,LNP,0.5728407682999007,ALP,LNP,0.5728407682999007,False,False,0.0,False
10.0,0.75,0.6977611940298507,ELTHAM,Outer Metro,ALP,LNP,0.5728407682999007,ALP,LNP,0.5728407682999007,False,False,0.0,False
10.0,1.0,0.5970149253731343,ELTHAM,Outer Metro,ALP,LNP,0.5728407682999007,ALP,LNP,0.5728407682999007,False,False,0.0,False
10.0,0.25,0.8992537313432836,MILL PARK,Outer Metro,ALP,LNP,0.623708422035236,ALP,LNP,0.623708422035236,False,False,0.0,False
10.0,0.5,0.7985074626865671,MILL PARK,Outer Metro,ALP,LNP,0.623708422035236,ALP,LNP,0.623708422035236,False,False,0.0,False
10.0,0.75,0.6977611940298507,MILL PARK,Outer Metro,ALP,LNP,0.623708422035236,ALP,LNP,0.623708422035236,False,False,0.0,False
10.0,1.0,0.5970149253731343,MILL PARK,Outer Metro,ALP,LNP,0.623708422035236,ALP,LNP,0.623708422035236,False,False,0.0,False
10.0,0.25,0.8992537313432836,BRUNSWICK,Inner Ring,GRN,ALP,0.6101520140045423,GRN,ALP,0.6101520140045423,False,False,0.0,False
10.0,0.5,0.7985074626865671,BRUNSWICK,Inner Ring,GRN,ALP,0.6101520140045423,GRN,ALP,0.6101520140045423,False,False,0.0,False
10.0,0.75,0.6977611940298507,BRUNSWICK,Inner Ring,GRN,ALP,0.6101520140045423,GRN,ALP,0.6101520140045423,False,False,0.0,False
10.0,1.0,0.5970149253731343,BRUNSWICK,Inner Ring,GRN,ALP,0.6101520140045423,GRN,ALP,0.6101520140045423,False,False,0.0,False
10.0,0.25,0.8992537313432836,NORTHCOTE,Inner Ring,ALP,GRN,0.5031667904659224,ALP,GRN,0.5031667904659224,False,False,0.0,False
10.0,0.5,0.7985074626865671,NORTHCOTE,Inner Ring,ALP,GRN,0.5031667904659224,ALP,GRN,0.5031667904659224,False,False,0.0,False
10.0,0.75,0.6977611940298507,NORTHCOTE,Inner Ring,ALP,GRN,0.5031667904659224,ALP,GRN,0.5031667904659224,False,False,0.0,False
10.0,1.0,0.5970149253731343,NORTHCOTE,Inner Ring,ALP,GRN,0.5031667904659224,ALP,GRN,0.5031667904659224,False,False,0.0,False
10.0,0.25,0.8992537313432836,MELBOURNE,Inner Ring,GRN,ALP,0.5861170606810437,GRN,ALP,0.5861170606810437,False,False,0.0,False
10.0,0.5,0.7985074626865671,MELBOURNE,Inner Ring,GRN,ALP,0.5861170606810437,GRN,ALP,0.5861170606810437,False,False,0.0,False
10.0,0.75,0.6977611940298507,MELBOURNE,Inner Ring,GRN,ALP,0.5861170606810437,GRN,ALP,0.5861170606810437,False,False,0.0,False
10.0,1.0,0.5970149253731343,MELBOURNE,Inner Ring,GRN,ALP,0.5861170606810437,GRN,ALP,0.5861170606810437,False,False,0.0,False
10.0,0.25,0.8992537313432836,RICHMOND,Inner Ring,GRN,ALP,0.536629651459519,GRN,ALP,0.536629651459519,False,False,0.0,False
10.0,0.5,0.7985074626865671,RICHMOND,Inner Ring,GRN,ALP,0.536629651459519,GRN,ALP,0.536629651459519,False,False,0.0,False
10.0,0.75,0.6977611940298507,RICHMOND,Inner Ring,GRN,ALP,0.536629651459519,GRN,ALP,0.536629651459519,False,False,0.0,False
10.0,1.0,0.5970149253731343,RICHMOND,Inner Ring,GRN,ALP,0.536629651459519,GRN,ALP,0.536629651459519,False,False,0.0,False
10.0,0.25,0.8992537313432836,ESSENDON,Middle Ring,ALP,LNP,0.6207413946668442,ALP,LNP,0.6207413946668442,False,False,0.0,False
10.0,0.5,0.7985074626865671,ESSENDON,Middle Ring,ALP,LNP,0.6207413946668442,ALP,LNP,0.6207413946668442,False,False,0.0,False
10.0,0.75,0.6977611940298507,ESSENDON,Middle Ring,ALP,LNP,0.6207413946668442,ALP,LNP,0.6207413946668442,False,False,0.0,False
10.0,1.0,0.5970149253731343,ESSENDON,Middle Ring,ALP,LNP,0.6207413946668442,ALP,LNP,0.6207413946668442,False,False,0.0,False
10.0,0.25,0.8992537313432836,PASCOE VALE,Middle Ring,ALP,GRN,0.5411036640077582,ALP,GRN,0.5411036640077582,False,False,0.0,False
10.0,0.5,0.7985074626865671,PASCOE VALE,Middle Ring,ALP,GRN,0.5411036640077582,ALP,GRN,0.5411036640077582,False,False,0.0,False
10.0,0.75,0.6977611940298507,PASCOE VALE,Middle Ring,ALP,GRN,0.5411036640077582,ALP,GRN,0.5411036640077582,False,False,0.0,False
10.0,1.0,0.5970149253731343,PASCOE VALE,Middle Ring,ALP,GRN,0.5411036640077582,ALP,GRN,0.5411036640077582,False,False,0.0,False
10.0,0.25,0.8992537313432836,PRESTON,Middle Ring,ALP,LNP,0.7112011470289619,ALP,LNP,0.7112011470289619,False,False,0.0,False
10.0,0.5,0.7985074626865671,PRESTON,Middle Ring,ALP,LNP,0.7112011470289619,ALP,LNP,0.7112011470289619,False,False,0.0,False
10.0,0.75,0.6977611940298507,PRESTON,Middle Ring,ALP,LNP,0.7112011470289619,ALP,LNP,0.7112011470289619,False,False,0.0,False
10.0,1.0,0.5970149253731343,PRESTON,Middle Ring,ALP,LNP,0.7112011470289619,ALP,LNP,0.7112011470289619,False,False,0.0,False
10.0,0.25,0.8992537313432836,BROADMEADOWS,Outer Metro,ALP,LNP,0.6384861984113831,ALP,LNP,0.6384861984113831,False,False,0.0,False
10.0,0.5,0.7985074626865671,BROADMEADOWS,Outer Metro,ALP,LNP,0.6384861984113831,ALP,LNP,0.6384861984113831,False,False,0.0,False
10.0,0.75,0.6977611940298507,BROADMEADOWS,Outer Metro,ALP,LNP,0.6384861984113831,ALP,LNP,0.6384861984113831,False,False,0.0,False
10.0,1.0,0.5970149253731343,BROADMEADOWS,Outer Metro,ALP,LNP,0.6384861984113831,ALP,LNP,0.6384861984113831,False,False,0.0,False
10.0,0.25,0.8992537313432836,GREENVALE,Outer Metro,ALP,LNP,0.5976461146631213,ALP,LNP,0.5976461146631213,False,False,0.0,False
10.0,0.5,0.7985074626865671,GREENVALE,Outer Metro,ALP,LNP,0.5976461146631213,ALP,LNP,0.5976461146631213,False,False,0.0,False
10.0,0.75,0.6977611940298507,GREENVALE,Outer Metro,ALP,LNP,0.5976461146631213,ALP,LNP,0.5976461146631213,False,False,0.0,False
10.0,1.0,0.5970149253731343,GREENVALE,Outer Metro,ALP,LNP,0.5976461146631213,ALP,LNP,0.5976461146631213,False,False,0.0,False
10.0,0.25,0.8992537313432836,THOMASTOWN,Outer Metro,ALP,LNP,0.6453892522182911,ALP,LNP,0.6453892522182911,False,False,0.0,False
10.0,0.5,0.7985074626865671,THOMASTOWN,Outer Metro,ALP,LNP,0.6453892522182911,ALP,LNP,0.6453892522182911,False,False,0.0,False
10.0,0.75,0.6977611940298507,THOMASTOWN,Outer Metro,ALP,LNP,0.6453892522182911,ALP,LNP,0.6453892522182911,False,False,0.0,False
10.0,1.0,0.5970149253731343,THOMASTOWN,Outer Metro,ALP,LNP,0.6453892522182911,ALP,LNP,0.6453892522182911,False,False,0.0,False
10.0,0.25,0.8992537313432836,KALKALLO,Peri-urban,ALP,LNP,0.619455523518516,ALP,LNP,0.619455523518516,False,False,0.0,False
10.0,0.5,0.7985074626865671,KALKALLO,Peri-urban,ALP,LNP,0.619455523518516,ALP,LNP,0.619455523518516,False,False,0.0,False
10.0,0.75,0.6977611940298507,KALKALLO,Peri-urban,ALP,LNP,0.619455523518516,ALP,LNP,0.619455523518516,False,False,0.0,False
10.0,1.0,0.5970149253731343,KALKALLO,Peri-urban,ALP,LNP,0.619455523518516,ALP,LNP,0.619455523518516,False,False,0.0,False
10.0,0.25,0.8992537313432836,CLARINDA,Middle Ring,ALP,LNP,0.5706057171965969,ALP,LNP,0.5706476366675649,False,False,4.1919470967988204e-05,True
10.0,0.5,0.7985074626865671,CLARINDA,Middle Ring,ALP,LNP,0.5706057171965969,ALP,LNP,0.5706895561385328,False,False,8.383894193586539e-05,True
10.0,0.75,0.6977611940298507,CLARINDA,Middle Ring,ALP,LNP,0.5706057171965969,ALP,LNP,0.5707314756095007,False,False,0.00012575841290374257,True
10.0,1.0,0.5970149253731343,CLARINDA,Middle Ring,ALP,LNP,0.5706057171965969,ALP,LNP,0.5707733950804685,False,False,0.00016767788387161975,True
10.0,0.25,0.8992537313432836,MORDIALLOC,Middle Ring,ALP,LNP,0.5590246465006949,ALP,LNP,0.5590246465006949,False,False,0.0,False
10.0,0.5,0.7985074626865671,MORDIALLOC,Middle Ring,ALP,LNP,0.5590246465006949,ALP,LNP,0.5590246465006949,False,False,0.0,False
10.0,0.75,0.6977611940298507,MORDIALLOC,Middle Ring,ALP,LNP,0.5590246465006949,ALP,LNP,0.5590246465006949,False,False,0.0,False
10.0,1.0,0.5970149253731343,MORDIALLOC,Middle Ring,ALP,LNP,0.5590246465006949,ALP,LNP,0.5590246465006949,False,False,0.0,False
10.0,0.25,0.8992537313432836,MULGRAVE,Middle Ring,ALP,LNP,0.6488745508252519,ALP,LNP,0.6488566307815762,False,False,-1.79200436757343e-05,True
10.0,0.5,0.7985074626865671,MULGRAVE,Middle Ring,ALP,LNP,0.6488745508252519,ALP,LNP,0.6488387107379006,False,False,-3.5840087351357575e-05,True
10.0,0.75,0.6977611940298507,MULGRAVE,Middle Ring,ALP,LNP,0.6488745508252519,ALP,LNP,0.6488207906942248,False,False,-5.376013102709187e-05,True
10.0,1.0,0.5970149253731343,MULGRAVE,Middle Ring,ALP,LNP,0.6488745508252519,ALP,LNP,0.6488028706505491,False,False,-7.168017470282617e-05,True
10.0,0.25,0.8992537313432836,ROWVILLE,Outer Metro,LNP,ALP,0.5677533249165524,LNP,ALP,0.5677533249165524,False,False,0.0,False
10.0,0.5,0.7985074626865671,ROWVILLE,Outer Metro,LNP,ALP,0.5677533249165524,LNP,ALP,0.5677533249165524,False,False,0.0,False
10.0,0.75,0.6977611940298507,ROWVILLE,Outer Metro,LNP,ALP,0.5677533249165524,LNP,ALP,0.5677533249165524,False,False,0.0,False
10.0,1.0,0.5970149253731343,ROWVILLE,Outer Metro,LNP,ALP,0.5677533249165524,LNP,ALP,0.5677533249165524,False,False,0.0,False
10.0,0.25,0.8992537313432836,CRANBOURNE,Outer Metro,ALP,LNP,0.5627861172050334,ALP,LNP,0.5627861172050334,False,False,0.0,False
10.0,0.5,0.7985074626865671,CRANBOURNE,Outer Metro,ALP,LNP,0.5627861172050334,ALP,LNP,0.5627861172050334,False,False,0.0,False
10.0,0.75,0.6977611940298507,CRANBOURNE,Outer Metro,ALP,LNP,0.5627861172050334,ALP,LNP,0.5627861172050334,False,False,0.0,False
10.0,1.0,0.5970149253731343,CRANBOURNE,Outer Metro,ALP,LNP,0.5627861172050334,ALP,LNP,0.5627861172050334,False,False,0.0,False
10.0,0.25,0.8992537313432836,DANDENONG,Outer Metro,ALP,LNP,0.6653114787218862,ALP,LNP,0.6653114787218862,False,False,0.0,False
10.0,0.5,0.7985074626865671,DANDENONG,Outer Metro,ALP,LNP,0.6653114787218862,ALP,LNP,0.6653114787218862,False,False,0.0,False
10.0,0.75,0.6977611940298507,DANDENONG,Outer Metro,ALP,LNP,0.6653114787218862,ALP,LNP,0.6653114787218862,False,False,0.0,False
10.0,1.0,0.5970149253731343,DANDENONG,Outer Metro,ALP,LNP,0.6653114787218862,ALP,LNP,0.6653114787218862,False,False,0.0,False
10.0,0.25,0.8992537313432836,NARRE WARREN NORTH,Outer Metro,ALP,LNP,0.5697029550218323,ALP,LNP,0.5697029550218323,False,False,0.0,False
10.0,0.5,0.7985074626865671,NARRE WARREN NORTH,Outer Metro,ALP,LNP,0.5697029550218323,ALP,LNP,0.5697029550218323,False,False,0.0,False
10.0,0.75,0.6977611940298507,NARRE WARREN NORTH,Outer Metro,ALP,LNP,0.5697029550218323,ALP,LNP,0.5697029550218323,False,False,0.0,False
10.0,1.0,0.5970149253731343,NARRE WARREN NORTH,Outer Metro,ALP,LNP,0.5697029550218323,ALP,LNP,0.5697029550218323,False,False,0.0,False
10.0,0.25,0.8992537313432836,NARRE WARREN SOUTH,Outer Metro,ALP,LNP,0.5755676279033909,ALP,LNP,0.5755676279033909,False,False,0.0,False
10.0,0.5,0.7985074626865671,NARRE WARREN SOUTH,Outer Metro,ALP,LNP,0.5755676279033909,ALP,LNP,0.5755676279033909,False,False,0.0,False
10.0,0.75,0.6977611940298507,NARRE WARREN SOUTH,Outer Metro,ALP,LNP,0.5755676279033909,ALP,LNP,0.5755676279033909,False,False,0.0,False
10.0,1.0,0.5970149253731343,NARRE WARREN SOUTH,Outer Metro,ALP,LNP,0.5755676279033909,ALP,LNP,0.5755676279033909,False,False,0.0,False
10.0,0.25,0.8992537313432836,FRANKSTON,Outer Metro,ALP,LNP,0.5699677705302421,ALP,LNP,0.5699677705302421,False,False,0.0,False
10.0,0.5,0.7985074626865671,FRANKSTON,Outer Metro,ALP,LNP,0.5699677705302421,ALP,LNP,0.5699677705302421,False,False,0.0,False
10.0,0.75,0.6977611940298507,FRANKSTON,Outer Metro,ALP,LNP,0.5699677705302421,ALP,LNP,0.5699677705302421,False,False,0.0,False
10.0,1.0,0.5970149253731343,FRANKSTON,Outer Metro,ALP,LNP,0.5699677705302421,ALP,LNP,0.5699677705302421,False,False,0.0,False
10.0,0.25,0.8992537313432836,BERWICK,Peri-urban,LNP,ALP,0.5999969197884708,LNP,ALP,0.5999969197884708,False,False,0.0,False
10.0,0.5,0.7985074626865671,BERWICK,Peri-urban,LNP,ALP,0.5999969197884708,LNP,ALP,0.5999969197884708,False,False,0.0,False
10.0,0.75,0.6977611940298507,BERWICK,Peri-urban,LNP,ALP,0.5999969197884708,LNP,ALP,0.5999969197884708,False,False,0.0,False
10.0,1.0,0.5970149253731343,BERWICK,Peri-urban,LNP,ALP,0.5999969197884708,LNP,ALP,0.5999969197884708,False,False,0.0,False
10.0,0.25,0.8992537313432836,CARRUM,Peri-urban,ALP,LNP,0.5295122858311965,ALP,LNP,0.5294907468989136,False,False,-2.1538932282849643e-05,True
10.0,0.5,0.7985074626865671,CARRUM,Peri-urban,ALP,LNP,0.5295122858311965,ALP,LNP,0.5294692079666307,False,False,-4.307786456581031e-05,True
10.0,0.75,0.6977611940298507,CARRUM,Peri-urban,ALP,LNP,0.5295122858311965,ALP,LNP,0.5294476690343478,False,False,-6.461679684865995e-05,True
10.0,1.0,0.5970149253731343,CARRUM,Peri-urban,ALP,LNP,0.5295122858311965,ALP,LNP,0.529426130102065,False,False,-8.61557291315096e-05,True
10.0,0.25,0.8992537313432836,ALBERT PARK,Inner Ring,ALP,LNP,0.6500257126959071,ALP,LNP,0.6500257126959071,False,False,0.0,False
10.0,0.5,0.7985074626865671,ALBERT PARK,Inner Ring,ALP,LNP,0.6500257126959071,ALP,LNP,0.6500257126959071,False,False,0.0,False
10.0,0.75,0.6977611940298507,ALBERT PARK,Inner Ring,ALP,LNP,0.6500257126959071,ALP,LNP,0.6500257126959071,False,False,0.0,False
10.0,1.0,0.5970149253731343,ALBERT PARK,Inner Ring,ALP,LNP,0.6500257126959071,ALP,LNP,0.6500257126959071,False,False,0.0,False
10.0,0.25,0.8992537313432836,BRIGHTON,Inner Ring,LNP,ALP,0.5095323360826238,LNP,ALP,0.5095323360826238,False,False,0.0,False
10.0,0.5,0.7985074626865671,BRIGHTON,Inner Ring,LNP,ALP,0.5095323360826238,LNP,ALP,0.5095323360826238,False,False,0.0,False
10.0,0.75,0.6977611940298507,BRIGHTON,Inner Ring,LNP,ALP,0.5095323360826238,LNP,ALP,0.5095323360826238,False,False,0.0,False
10.0,1.0,0.5970149253731343,BRIGHTON,Inner Ring,LNP,ALP,0.5095323360826238,LNP,ALP,0.5095323360826238,False,False,0.0,False
10.0,0.25,0.8992537313432836,CAULFIELD,Inner Ring,LNP,ALP,0.5114849596163443,LNP,ALP,0.5114849596163443,False,False,0.0,False
10.0,0.5,0.7985074626865671,CAULFIELD,Inner Ring,LNP,ALP,0.5114849596163443,LNP,ALP,0.5114849596163443,False,False,0.0,False
10.0,0.75,0.6977611940298507,CAULFIELD,Inner Ring,LNP,ALP,0.5114849596163443,LNP,ALP,0.5114849596163443,False,False,0.0,False
10.0,1.0,0.5970149253731343,CAULFIELD,Inner Ring,LNP,ALP,0.5114849596163443,LNP,ALP,0.5114849596163443,False,False,0.0,False
10.0,0.25,0.8992537313432836,PRAHRAN,Inner Ring,GRN,LNP,0.6406182576368971,GRN,LNP,0.6406182576368971,False,False,0.0,False
10.0,0.5,0.7985074626865671,PRAHRAN,Inner Ring,GRN,LNP,0.6406182576368971,GRN,LNP,0.6406182576368971,False,False,0.0,False
10.0,0.75,0.6977611940298507,PRAHRAN,Inner Ring,GRN,LNP,0.6406182576368971,GRN,LNP,0.6406182576368971,False,False,0.0,False
10.0,1.0,0.5970149253731343,PRAHRAN,Inner Ring,GRN,LNP,0.6406182576368971,GRN,LNP,0.6406182576368971,False,False,0.0,False
10.0,0.25,0.8992537313432836,HAWTHORN,Inner Ring,LNP,ALP,0.5026304598657872,LNP,ALP,0.5026304598657872,False,False,0.0,False
10.0,0.5,0.7985074626865671,HAWTHORN,Inner Ring,LNP,ALP,0.5026304598657872,LNP,ALP,0.5026304598657872,False,False,0.0,False
10.0,0.75,0.6977611940298507,HAWTHORN,Inner Ring,LNP,ALP,0.5026304598657872,LNP,ALP,0.5026304598657872,False,False,0.0,False
10.0,1.0,0.5970149253731343,HAWTHORN,Inner Ring,LNP,ALP,0.5026304598657872,LNP,ALP,0.5026304598657872,False,False,0.0,False
10.0,0.25,0.8992537313432836,KEW,Inner Ring,LNP,ALP,0.5319138387822232,LNP,ALP,0.5319138387822232,False,False,0.0,False
10.0,0.5,0.7985074626865671,KEW,Inner Ring,LNP,ALP,0.5319138387822232,LNP,ALP,0.5319138387822232,False,False,0.0,False
10.0,0.75,0.6977611940298507,KEW,Inner Ring,LNP,ALP,0.5319138387822232,LNP,ALP,0.5319138387822232,False,False,0.0,False
10.0,1.0,0.5970149253731343,KEW,Inner Ring,LNP,ALP,0.5319138387822232,LNP,ALP,0.5319138387822232,False,False,0.0,False
10.0,0.25,0.8992537313432836,MALVERN,Inner Ring,LNP,ALP,0.563479592589832,LNP,ALP,0.563479592589832,False,False,0.0,False
10.0,0.5,0.7985074626865671,MALVERN,Inner Ring,LNP,ALP,0.563479592589832,LNP,ALP,0.563479592589832,False,False,0.0,False
10.0,0.75,0.6977611940298507,MALVERN,Inner Ring,LNP,ALP,0.563479592589832,LNP,ALP,0.563479592589832,False,False,0.0,False
10.0,1.0,0.5970149253731343,MALVERN,Inner Ring,LNP,ALP,0.563479592589832,LNP,ALP,0.563479592589832,False,False,0.0,False
10.0,0.25,0.8992537313432836,BENTLEIGH,Middle Ring,ALP,LNP,0.5697435478240002,ALP,LNP,0.5697435478240002,False,False,0.0,False
10.0,0.5,0.7985074626865671,BENTLEIGH,Middle Ring,ALP,LNP,0.5697435478240002,ALP,LNP,0.5697435478240002,False,False,0.0,False
10.0,0.75,0.6977611940298507,BENTLEIGH,Middle Ring,ALP,LNP,0.5697435478240002,ALP,LNP,0.5697435478240002,False,False,0.0,False
10.0,1.0,0.5970149253731343,BENTLEIGH,Middle Ring,ALP,LNP,0.5697435478240002,ALP,LNP,0.5697435478240002,False,False,0.0,False
10.0,0.25,0.8992537313432836,SANDRINGHAM,Middle Ring,LNP,ALP,0.5426751142412298,LNP,ALP,0.5426751142412298,False,False,0.0,False
10.0,0.5,0.7985074626865671,SANDRINGHAM,Middle Ring,LNP,ALP,0.5426751142412298,LNP,ALP,0.5426751142412298,False,False,0.0,False
10.0,0.75,0.6977611940298507,SANDRINGHAM,Middle Ring,LNP,ALP,0.5426751142412298,LNP,ALP,0.5426751142412298,False,False,0.0,False
10.0,1.0,0.5970149253731343,SANDRINGHAM,Middle Ring,LNP,ALP,0.5426751142412298,LNP,ALP,0.5426751142412298,False,False,0.0,False
10.0,0.25,0.8992537313432836,ASHWOOD,Middle Ring,ALP,LNP,0.5400411072365654,ALP,LNP,0.5400411072365654,False,False,0.0,False
10.0,0.5,0.7985074626865671,ASHWOOD,Middle Ring,ALP,LNP,0.5400411072365654,ALP,LNP,0.5400411072365654,False,False,0.0,False
10.0,0.75,0.6977611940298507,ASHWOOD,Middle Ring,ALP,LNP,0.5400411072365654,ALP,LNP,0.5400411072365654,False,False,0.0,False
10.0,1.0,0.5970149253731343,ASHWOOD,Middle Ring,ALP,LNP,0.5400411072365654,ALP,LNP,0.5400411072365654,False,False,0.0,False
10.0,0.25,0.8992537313432836,OAKLEIGH,Middle Ring,ALP,LNP,0.6252911099779737,ALP,LNP,0.6252911099779737,False,False,0.0,False
10.0,0.5,0.7985074626865671,OAKLEIGH,Middle Ring,ALP,LNP,0.6252911099779737,ALP,LNP,0.6252911099779737,False,False,0.0,False
10.0,0.75,0.6977611940298507,OAKLEIGH,Middle Ring,ALP,LNP,0.6252911099779737,ALP,LNP,0.6252911099779737,False,False,0.0,False
10.0,1.0,0.5970149253731343,OAKLEIGH,Middle Ring,ALP,LNP,0.6252911099779737,ALP,LNP,0.6252911099779737,False,False,0.0,False
10.0,0.25,0.8992537313432836,FOOTSCRAY,Inner Ring,ALP,GRN,0.5688849010561757,ALP,GRN,0.5688849010561757,False,False,0.0,False
10.0,0.5,0.7985074626865671,FOOTSCRAY,Inner Ring,ALP,GRN,0.5688849010561757,ALP,GRN,0.5688849010561757,False,False,0.0,False
10.0,0.75,0.6977611940298507,FOOTSCRAY,Inner Ring,ALP,GRN,0.5688849010561757,ALP,GRN,0.5688849010561757,False,False,0.0,False
10.0,1.0,0.5970149253731343,FOOTSCRAY,Inner Ring,ALP,GRN,0.5688849010561757,ALP,GRN,0.5688849010561757,False,False,0.0,False
10.0,0.25,0.8992537313432836,WILLIAMSTOWN,Inner Ring,ALP,LNP,0.6830026076790312,ALP,LNP,0.6830026076790312,False,False,0.0,False
10.0,0.5,0.7985074626865671,WILLIAMSTOWN,Inner Ring,ALP,LNP,0.6830026076790312,ALP,LNP,0.6830026076790312,False,False,0.0,False
10.0,0.75,0.6977611940298507,WILLIAMSTOWN,Inner Ring,ALP,LNP,0.6830026076790312,ALP,LNP,0.6830026076790312,False,False,0.0,False
10.0,1.0,0.5970149253731343,WILLIAMSTOWN,Inner Ring,ALP,LNP,0.6830026076790312,ALP,LNP,0.6830026076790312,False,False,0.0,False
10.0,0.25,0.8992537313432836,LAVERTON,Middle Ring,ALP,LNP,0.6452729740376327,ALP,LNP,0.6452729740376327,False,False,0.0,False
10.0,0.5,0.7985074626865671,LAVERTON,Middle Ring,ALP,LNP,0.6452729740376327,ALP,LNP,0.6452729740376327,False,False,0.0,False
10.0,0.75,0.6977611940298507,LAVERTON,Middle Ring,ALP,LNP,0.6452729740376327,ALP,LNP,0.6452729740376327,False,False,0.0,False
10.0,1.0,0.5970149253731343,LAVERTON,Middle Ring,ALP,LNP,0.6452729740376327,ALP,LNP,0.6452729740376327,False,False,0.0,False
10.0,0.25,0.8992537313432836,NIDDRIE,Middle Ring,ALP,LNP,0.5261945596338446,ALP,LNP,0.5262001964860814,False,False,5.636852236756695e-06,True
10.0,0.5,0.7985074626865671,NIDDRIE,Middle Ring,ALP,LNP,0.5261945596338446,ALP,LNP,0.5262058333383182,False,False,1.127370447351339e-05,True
10.0,0.75,0.6977611940298507,NIDDRIE,Middle Ring,ALP,LNP,0.5261945596338446,ALP,LNP,0.5262114701905548,False,False,1.6910556710159064e-05,True
10.0,1.0,0.5970149253731343,NIDDRIE,Middle Ring,ALP,LNP,0.5261945596338446,ALP,LNP,0.5262171070427916,False,False,2.254740894691576e-05,True
10.0,0.25,0.8992537313432836,ST ALBANS,Middle Ring,ALP,LNP,0.6064712303299256,ALP,LNP,0.6064712303299256,False,False,0.0,False
10.0,0.5,0.7985074626865671,ST ALBANS,Middle Ring,ALP,LNP,0.6064712303299256,ALP,LNP,0.6064712303299256,False,False,0.0,False
10.0,0.75,0.6977611940298507,ST ALBANS,Middle Ring,ALP,LNP,0.6064712303299256,ALP,LNP,0.6064712303299256,False,False,0.0,False
10.0,1.0,0.5970149253731343,ST ALBANS,Middle Ring,ALP,LNP,0.6064712303299256,ALP,LNP,0.6064712303299256,False,False,0.0,False
10.0,0.25,0.8992537313432836,KOROROIT,Outer Metro,ALP,LNP,0.610563361494356,ALP,LNP,0.610563361494356,False,False,0.0,False
10.0,0.5,0.7985074626865671,KOROROIT,Outer Metro,ALP,LNP,0.610563361494356,ALP,LNP,0.610563361494356,False,False,0.0,False
10.0,0.75,0.6977611940298507,KOROROIT,Outer Metro,ALP,LNP,0.610563361494356,ALP,LNP,0.610563361494356,False,False,0.0,False
10.0,1.0,0.5970149253731343,KOROROIT,Outer Metro,ALP,LNP,0.610563361494356,ALP,LNP,0.610563361494356,False,False,0.0,False
10.0,0.25,0.8992537313432836,POINT COOK,Outer Metro,ALP,LNP,0.5792640348190295,ALP,LNP,0.5792640348190295,False,False,0.0,False
10.0,0.5,0.7985074626865671,POINT COOK,Outer Metro,ALP,LNP,0.5792640348190295,ALP,LNP,0.5792640348190295,False,False,0.0,False
10.0,0.75,0.6977611940298507,POINT COOK,Outer Metro,ALP,LNP,0.5792640348190295,ALP,LNP,0.5792640348190295,False,False,0.0,False
10.0,1.0,0.5970149253731343,POINT COOK,Outer Metro,ALP,LNP,0.5792640348190295,ALP,LNP,0.5792640348190295,False,False,0.0,False
10.0,0.25,0.8992537313432836,SYDENHAM,Outer Metro,ALP,LNP,0.5757076803551907,ALP,LNP,0.5757076803551907,False,False,0.0,False
10.0,0.5,0.7985074626865671,SYDENHAM,Outer Metro,ALP,LNP,0.5757076803551907,ALP,LNP,0.5757076803551907,False,False,0.0,False
10.0,0.75,0.6977611940298507,SYDENHAM,Outer Metro,ALP,LNP,0.5757076803551907,ALP,LNP,0.5757076803551907,False,False,0.0,False
10.0,1.0,0.5970149253731343,SYDENHAM,Outer Metro,ALP,LNP,0.5757076803551907,ALP,LNP,0.5757076803551907,False,False,0.0,False
10.0,0.25,0.8992537313432836,TARNEIT,Outer Metro,ALP,LNP,0.6064952968254986,ALP,LNP,0.6064952968254986,False,False,0.0,False
10.0,0.5,0.7985074626865671,TARNEIT,Outer Metro,ALP,LNP,0.6064952968254986,ALP,LNP,0.6064952968254986,False,False,0.0,False
10.0,0.75,0.6977611940298507,TARNEIT,Outer Metro,ALP,LNP,0.6064952968254986,ALP,LNP,0.6064952968254986,False,False,0.0,False
10.0,1.0,0.5970149253731343,TARNEIT,Outer Metro,ALP,LNP,0.6064952968254986,ALP,LNP,0.6064952968254986,False,False,0.0,False
10.0,0.25,0.8992537313432836,SUNBURY,Peri-urban,LNP,ALP,0.5080224391981225,LNP,ALP,0.5080405682036285,False,False,1.8129005506017926e-05,True
10.0,0.5,0.7985074626865671,SUNBURY,Peri-urban,LNP,ALP,0.5080224391981225,LNP,ALP,0.5080586972091344,False,False,3.625801101192483e-05,True
10.0,0.75,0.6977611940298507,SUNBURY,Peri-urban,LNP,ALP,0.5080224391981225,LNP,ALP,0.5080768262146405,False,False,5.4387016517942754e-05,True
10.0,1.0,0.5970149253731343,SUNBURY,Peri-urban,LNP,ALP,0.5080224391981225,LNP,ALP,0.5080949552201464,False,False,7.251602202384966e-05,True
10.0,0.25,0.8992537313432836,WERRIBEE,Peri-urban,ALP,LNP,0.518950950011926,ALP,LNP,0.518963043875012,False,False,1.209386308598237e-05,True
10.0,0.5,0.7985074626865671,WERRIBEE,Peri-urban,ALP,LNP,0.518950950011926,ALP,LNP,0.518975137738098,False,False,2.418772617196474e-05,True
10.0,0.75,0.6977611940298507,WERRIBEE,Peri-urban,ALP,LNP,0.518950950011926,ALP,LNP,0.5189872316011841,False,False,3.6281589258058133e-05,True
10.0,1.0,0.5970149253731343,WERRIBEE,Peri-urban,ALP,LNP,0.518950950011926,ALP,LNP,0.5189993254642701,False,False,4.8375452344040504e-05,True
10.0,0.25,0.8992537313432836,EVELYN,Peri-urban,LNP,ALP,0.6103706978820103,LNP,ALP,0.6103706978820103,False,False,0.0,False
10.0,0.5,0.7985074626865671,EVELYN,Peri-urban,LNP,ALP,0.6103706978820103,LNP,ALP,0.6103706978820103,False,False,0.0,False
10.0,0.75,0.6977611940298507,EVELYN,Peri-urban,LNP,ALP,0.6103706978820103,LNP,ALP,0.6103706978820103,False,False,0.0,False
10.0,1.0,0.5970149253731343,EVELYN,Peri-urban,LNP,ALP,0.6103706978820103,LNP,ALP,0.6103706978820103,False,False,0.0,False
10.0,0.25,0.8992537313432836,MONBULK,Peri-urban,ALP,LNP,0.5225798556011502,ALP,LNP,0.5225798556011502,False,False,0.0,False
10.0,0.5,0.7985074626865671,MONBULK,Peri-urban,ALP,LNP,0.5225798556011502,ALP,LNP,0.5225798556011502,False,False,0.0,False
10.0,0.75,0.6977611940298507,MONBULK,Peri-urban,ALP,LNP,0.5225798556011502,ALP,LNP,0.5225798556011502,False,False,0.0,False
10.0,1.0,0.5970149253731343,MONBULK,Peri-urban,ALP,LNP,0.5225798556011502,ALP,LNP,0.5225798556011502,False,False,0.0,False
10.0,0.25,0.8992537313432836,PAKENHAM,Peri-urban,LNP,ALP,0.5445935664326755,LNP,ALP,0.5445935664326755,False,False,0.0,False
10.0,0.5,0.7985074626865671,PAKENHAM,Peri-urban,LNP,ALP,0.5445935664326755,LNP,ALP,0.5445935664326755,False,False,0.0,False
10.0,0.75,0.6977611940298507,PAKENHAM,Peri-urban,LNP,ALP,0.5445935664326755,LNP,ALP,0.5445935664326755,False,False,0.0,False
10.0,1.0,0.5970149253731343,PAKENHAM,Peri-urban,LNP,ALP,0.5445935664326755,LNP,ALP,0.5445935664326755,False,False,0.0,False
10.0,0.25,0.8992537313432836,MORNINGTON,Peri-urban,LNP,IND,0.5974160285218157,LNP,IND,0.5974160285218157,False,False,0.0,False
10.0,0.5,0.7985074626865671,MORNINGTON,Peri-urban,LNP,IND,0.5974160285218157,LNP,IND,0.5974160285218157,False,False,0.0,False
10.0,0.75,0.6977611940298507,MORNINGTON,Peri-urban,LNP,IND,0.5974160285218157,LNP,IND,0.5974160285218157,False,False,0.0,False
10.0,1.0,0.5970149253731343,MORNINGTON,Peri-urban,LNP,IND,0.5974160285218157,LNP,IND,0.5974160285218157,False,False,0.0,False
10.0,0.25,0.8992537313432836,NEPEAN,Peri-urban,LNP,ALP,0.6159738273814283,LNP,ALP,0.6159738273814283,False,False,0.0,False
10.0,0.5,0.7985074626865671,NEPEAN,Peri-urban,LNP,ALP,0.6159738273814283,LNP,ALP,0.6159738273814283,False,False,0.0,False
10.0,0.75,0.6977611940298507,NEPEAN,Peri-urban,LNP,ALP,0.6159738273814283,LNP,ALP,0.6159738273814283,False,False,0.0,False
10.0,1.0,0.5970149253731343,NEPEAN,Peri-urban,LNP,ALP,0.6159738273814283,LNP,ALP,0.6159738273814283,False,False,0.0,False
10.0,0.25,0.8992537313432836,MORWELL,Provincial,LNP,ON,0.5944410704183066,LNP,ON,0.5947911506772818,False,False,0.000350080258975205,True
10.0,0.5,0.7985074626865671,MORWELL,Provincial,LNP,ON,0.5944410704183066,LNP,ON,0.5958624788284754,False,False,0.0014214084101688007,True
10.0,0.75,0.6977611940298507,MORWELL,Provincial,LNP,ON,0.5944410704183066,LNP,ON,0.596933806979669,False,False,0.0024927365613623964,True
10.0,1.0,0.5970149253731343,MORWELL,Provincial,LNP,ON,0.5944410704183066,LNP,ON,0.5980051351308624,False,False,0.00356406471255577,True
10.0,0.25,0.8992537313432836,GIPPSLAND EAST,Regional,LNP,ON,0.6967768631502728,LNP,ON,0.6973164967175033,False,False,0.0005396335672305241,True
10.0,0.5,0.7985074626865671,GIPPSLAND EAST,Regional,LNP,ON,0.6967768631502728,LNP,ON,0.6978561302847338,False,False,0.0010792671344610483,True
10.0,0.75,0.6977611940298507,GIPPSLAND EAST,Regional,LNP,ON,0.6967768631502728,LNP,ON,0.6983957638519642,False,False,0.0016189007016914614,True
10.0,1.0,0.5970149253731343,GIPPSLAND EAST,Regional,LNP,ON,0.6967768631502728,LNP,ON,0.6989353974191947,False,False,0.0021585342689219855,True
10.0,0.25,0.8992537313432836,GIPPSLAND SOUTH,Regional,LNP,ALP,0.7153512431595495,LNP,ALP,0.7153695265895256,False,False,1.8283429976118093e-05,True
10.0,0.5,0.7985074626865671,GIPPSLAND SOUTH,Regional,LNP,ALP,0.7153512431595495,LNP,ALP,0.7153878100195017,False,False,3.6566859952236186e-05,True
10.0,0.75,0.6977611940298507,GIPPSLAND SOUTH,Regional,LNP,ALP,0.7153512431595495,LNP,ALP,0.7154060934494778,False,False,5.485028992835428e-05,True
10.0,1.0,0.5970149253731343,GIPPSLAND SOUTH,Regional,LNP,ALP,0.7153512431595495,LNP,ALP,0.7154243768794539,False,False,7.313371990447237e-05,True
10.0,0.25,0.8992537313432836,BASS,Regional,LNP,ALP,0.6331949487421061,LNP,ALP,0.6332503840422369,False,False,5.543530013074616e-05,True
10.0,0.5,0.7985074626865671,BASS,Regional,LNP,ALP,0.6331949487421061,LNP,ALP,0.6333058193423676,False,False,0.00011087060026149231,True
10.0,0.75,0.6977611940298507,BASS,Regional,LNP,ALP,0.6331949487421061,LNP,ALP,0.6333612546424983,False,False,0.00016630590039212745,True
10.0,1.0,0.5970149253731343,BASS,Regional,LNP,ALP,0.6331949487421061,LNP,ALP,0.633416689942629,False,False,0.0002217412005228736,True
10.0,0.25,0.8992537313432836,HASTINGS,Regional,LNP,ALP,0.5803197111112799,LNP,ALP,0.5803474767510199,False,False,2.776563974005164e-05,True
10.0,0.5,0.7985074626865671,HASTINGS,Regional,LNP,ALP,0.5803197111112799,LNP,ALP,0.5803752423907599,False,False,5.553127947999226e-05,True
10.0,0.75,0.6977611940298507,HASTINGS,Regional,LNP,ALP,0.5803197111112799,LNP,ALP,0.5804030080304998,False,False,8.329691921993287e-05,True
10.0,1.0,0.5970149253731343,HASTINGS,Regional,LNP,ALP,0.5803197111112799,LNP,ALP,0.5804307736702399,False,False,0.00011106255895998451,True
10.0,0.25,0.8992537313432836,NARRACAN,Regional,LNP,ALP,0.6072406374820922,LNP,ALP,0.6072406374820922,False,False,0.0,False
10.0,0.5,0.7985074626865671,NARRACAN,Regional,LNP,ALP,0.6072406374820922,LNP,ALP,0.6072406374820922,False,False,0.0,False
10.0,0.75,0.6977611940298507,NARRACAN,Regional,LNP,ALP,0.6072406374820922,LNP,ALP,0.6072406374820922,False,False,0.0,False
10.0,1.0,0.5970149253731343,NARRACAN,Regional,LNP,ALP,0.6072406374820922,LNP,ALP,0.6072406374820922,False,False,0.0,False
10.0,0.25,0.8992537313432836,YAN YEAN,Peri-urban,ALP,LNP,0.5177336494494861,ALP,LNP,0.5177336494494861,False,False,0.0,False
10.0,0.5,0.7985074626865671,YAN YEAN,Peri-urban,ALP,LNP,0.5177336494494861,ALP,LNP,0.5177336494494861,False,False,0.0,False
10.0,0.75,0.6977611940298507,YAN YEAN,Peri-urban,ALP,LNP,0.5177336494494861,ALP,LNP,0.5177336494494861,False,False,0.0,False
10.0,1.0,0.5970149253731343,YAN YEAN,Peri-urban,ALP,LNP,0.5177336494494861,ALP,LNP,0.5177336494494861,False,False,0.0,False
10.0,0.25,0.8992537313432836,SHEPPARTON,Provincial,LNP,IND,0.6240897366115051,LNP,IND,0.6240148727101117,False,False,-7.486390139344046e-05,True
10.0,0.5,0.7985074626865671,SHEPPARTON,Provincial,LNP,IND,0.6240897366115051,LNP,IND,0.6239769797247767,False,False,-0.00011275688672840456,True
10.0,0.75,0.6977611940298507,SHEPPARTON,Provincial,LNP,IND,0.6240897366115051,LNP,IND,0.6239390867394419,False,False,-0.00015064987206325764,True
10.0,1.0,0.5970149253731343,SHEPPARTON,Provincial,LNP,IND,0.6240897366115051,LNP,IND,0.6239011937541069,False,False,-0.00018854285739822174,True
10.0,0.25,0.8992537313432836,BENDIGO EAST,Provincial,ALP,LNP,0.5541506963530591,ALP,LNP,0.5541506963530591,False,False,0.0,False
10.0,0.5,0.7985074626865671,BENDIGO EAST,Provincial,ALP,LNP,0.5541506963530591,ALP,LNP,0.5541506963530591,False,False,0.0,False
10.0,0.75,0.6977611940298507,BENDIGO EAST,Provincial,ALP,LNP,0.5541506963530591,ALP,LNP,0.5541506963530591,False,False,0.0,False
10.0,1.0,0.5970149253731343,BENDIGO EAST,Provincial,ALP,LNP,0.5541506963530591,ALP,LNP,0.5541506963530591,False,False,0.0,False
10.0,0.25,0.8992537313432836,BENDIGO WEST,Provincial,ALP,LNP,0.6038254125520801,ALP,LNP,0.6038254125520801,False,False,0.0,False
10.0,0.5,0.7985074626865671,BENDIGO WEST,Provincial,ALP,LNP,0.6038254125520801,ALP,LNP,0.6038254125520801,False,False,0.0,False
10.0,0.75,0.6977611940298507,BENDIGO WEST,Provincial,ALP,LNP,0.6038254125520801,ALP,LNP,0.6038254125520801,False,False,0.0,False
10.0,1.0,0.5970149253731343,BENDIGO WEST,Provincial,ALP,LNP,0.6038254125520801,ALP,LNP,0.6038254125520801,False,False,0.0,False
10.0,0.25,0.8992537313432836,EILDON,Regional,LNP,ALP,0.6359945846143461,LNP,ALP,0.6359945846143461,False,False,0.0,False
10.0,0.5,0.7985074626865671,EILDON,Regional,LNP,ALP,0.6359945846143461,LNP,ALP,0.6359945846143461,False,False,0.0,False
10.0,0.75,0.6977611940298507,EILDON,Regional,LNP,ALP,0.6359945846143461,LNP,ALP,0.6359945846143461,False,False,0.0,False
10.0,1.0,0.5970149253731343,EILDON,Regional,LNP,ALP,0.6359945846143461,LNP,ALP,0.6359945846143461,False,False,0.0,False
10.0,0.25,0.8992537313432836,EUROA,Regional,LNP,ALP,0.7076386205878054,LNP,ALP,0.7076935615961969,False,False,5.494100839154026e-05,True
10.0,0.5,0.7985074626865671,EUROA,Regional,LNP,ALP,0.7076386205878054,LNP,ALP,0.7077485026045884,False,False,0.00010988201678308052,True
10.0,0.75,0.6977611940298507,EUROA,Regional,LNP,ALP,0.7076386205878054,LNP,ALP,0.7078034436129801,False,False,0.0001648230251747318,True
10.0,1.0,0.5970149253731343,EUROA,Regional,LNP,ALP,0.7076386205878054,LNP,ALP,0.7078583846213716,False,False,0.00021976403356627205,True
10.0,0.25,0.8992537313432836,MACEDON,Regional,ALP,LNP,0.514060303313563,ALP,LNP,0.514060303313563,False,False,0.0,False
10.0,0.5,0.7985074626865671,MACEDON,Regional,ALP,LNP,0.514060303313563,ALP,LNP,0.514060303313563,False,False,0.0,False
10.0,0.75,0.6977611940298507,MACEDON,Regional,ALP,LNP,0.514060303313563,ALP,LNP,0.514060303313563,False,False,0.0,False
10.0,1.0,0.5970149253731343,MACEDON,Regional,ALP,LNP,0.514060303313563,ALP,LNP,0.514060303313563,False,False,0.0,False
10.0,0.25,0.8992537313432836,BENAMBRA,Regional,LNP,IND,0.5919245693183596,LNP,IND,0.5918921691788068,False,False,-3.240013955274623e-05,True
10.0,0.5,0.7985074626865671,BENAMBRA,Regional,LNP,IND,0.5919245693183596,LNP,IND,0.5918597690392542,False,False,-6.480027910538144e-05,True
10.0,0.75,0.6977611940298507,BENAMBRA,Regional,LNP,IND,0.5919245693183596,LNP,IND,0.5918273688997014,False,False,-9.720041865812767e-05,True
10.0,1.0,0.5970149253731343,BENAMBRA,Regional,LNP,IND,0.5919245693183596,LNP,IND,0.5917949687601487,False,False,-0.0001296005582108739,True
10.0,0.25,0.8992537313432836,OVENS VALLEY,Regional,LNP,ALP,0.6923146162206023,LNP,ALP,0.6923146162206023,False,False,0.0,False
10.0,0.5,0.7985074626865671,OVENS VALLEY,Regional,LNP,ALP,0.6923146162206023,LNP,ALP,0.6923146162206023,False,False,0.0,False
10.0,0.75,0.6977611940298507,OVENS VALLEY,Regional,LNP,ALP,0.6923146162206023,LNP,ALP,0.6923146162206023,False,False,0.0,False
10.0,1.0,0.5970149253731343,OVENS VALLEY,Regional,LNP,ALP,0.6923146162206023,LNP,ALP,0.6923146162206023,False,False,0.0,False
10.0,0.25,0.8992537313432836,MILDURA,Regional,LNP,IND,0.5702793902969877,LNP,IND,0.5702801981038176,False,False,8.078068298722485e-07,True
10.0,0.5,0.7985074626865671,MILDURA,Regional,LNP,IND,0.5702793902969877,LNP,IND,0.5702810059106476,False,False,1.6156136598555193e-06,True
10.0,0.75,0.6977611940298507,MILDURA,Regional,LNP,IND,0.5702793902969877,LNP,IND,0.5702818137174775,False,False,2.42342048983879e-06,True
10.0,1.0,0.5970149253731343,MILDURA,Regional,LNP,IND,0.5702793902969877,LNP,IND,0.5702826215243074,False,False,3.2312273197110386e-06,True
10.0,0.25,0.8992537313432836,MURRAY PLAINS,Regional,LNP,ON,0.6938572317305853,LNP,ON,0.6944508220292579,False,False,0.0005935902986725639,True
10.0,0.5,0.7985074626865671,MURRAY PLAINS,Regional,LNP,ON,0.6938572317305853,LNP,ON,0.6950444123279307,False,False,0.0011871805973453498,True
10.0,0.75,0.6977611940298507,MURRAY PLAINS,Regional,LNP,ON,0.6938572317305853,LNP,ON,0.6956380026266034,False,False,0.0017807708960180246,True
10.0,1.0,0.5970149253731343,MURRAY PLAINS,Regional,LNP,ON,0.6938572317305853,LNP,ON,0.696231592925276,False,False,0.0023743611946906995,True
10.0,0.25,0.8992537313432836,LARA,Peri-urban,ALP,ON,0.5624617874853574,ALP,ON,0.562668018163991,False,False,0.00020623067863367872,True
10.0,0.5,0.7985074626865671,LARA,Peri-urban,ALP,ON,0.5624617874853574,ALP,ON,0.5628742488426247,False,False,0.00041246135726735744,True
10.0,0.75,0.6977611940298507,LARA,Peri-urban,ALP,ON,0.5624617874853574,ALP,ON,0.5630804795212584,False,False,0.0006186920359010362,True
10.0,1.0,0.5970149253731343,LARA,Peri-urban,ALP,ON,0.5624617874853574,ALP,ON,0.5632867101998921,False,False,0.0008249227145347149,True
10.0,0.25,0.8992537313432836,MELTON,Peri-urban,LNP,ALP,0.5228246144864953,LNP,ALP,0.5228246144864953,False,False,0.0,False
10.0,0.5,0.7985074626865671,MELTON,Peri-urban,LNP,ALP,0.5228246144864953,LNP,ALP,0.5228246144864953,False,False,0.0,False
10.0,0.75,0.6977611940298507,MELTON,Peri-urban,LNP,ALP,0.5228246144864953,LNP,ALP,0.5228246144864953,False,False,0.0,False
10.0,1.0,0.5970149253731343,MELTON,Peri-urban,LNP,ALP,0.5228246144864953,LNP,ALP,0.5228246144864953,False,False,0.0,False
10.0,0.25,0.8992537313432836,BELLARINE,Peri-urban,ALP,LNP,0.5199852639297555,ALP,LNP,0.5199852639297555,False,False,0.0,False
10.0,0.5,0.7985074626865671,BELLARINE,Peri-urban,ALP,LNP,0.5199852639297555,ALP,LNP,0.5199852639297555,False,False,0.0,False
10.0,0.75,0.6977611940298507,BELLARINE,Peri-urban,ALP,LNP,0.5199852639297555,ALP,LNP,0.5199852639297555,False,False,0.0,False
10.0,1.0,0.5970149253731343,BELLARINE,Peri-urban,ALP,LNP,0.5199852639297555,ALP,LNP,0.5199852639297555,False,False,0.0,False
10.0,0.25,0.8992537313432836,WENDOUREE,Provincial,ALP,LNP,0.5328724479623549,ALP,LNP,0.5329179822889899,False,False,4.553432663501056e-05,True
10.0,0.5,0.7985074626865671,WENDOUREE,Provincial,ALP,LNP,0.5328724479623549,ALP,LNP,0.5329004774656871,False,False,2.802950333224974e-05,True
10.0,0.75,0.6977611940298507,WENDOUREE,Provincial,ALP,LNP,0.5328724479623549,ALP,LNP,0.5328829726423843,False,False,1.0524680029377897e-05,True
10.0,1.0,0.5970149253731343,WENDOUREE,Provincial,ALP,LNP,0.5328724479623549,ALP,LNP,0.5328654678190815,False,False,-6.980143273382922e-06,True
10.0,0.25,0.8992537313432836,GEELONG,Provincial,ALP,LNP,0.5466197611246788,ALP,LNP,0.5466197611246788,False,False,0.0,False
10.0,0.5,0.7985074626865671,GEELONG,Provincial,ALP,LNP,0.5466197611246788,ALP,LNP,0.5466197611246788,False,False,0.0,False
10.0,0.75,0.6977611940298507,GEELONG,Provincial,ALP,LNP,0.5466197611246788,ALP,LNP,0.5466197611246788,False,False,0.0,False
10.0,1.0,0.5970149253731343,GEELONG,Provincial,ALP,LNP,0.5466197611246788,ALP,LNP,0.5466197611246788,False,False,0.0,False
10.0,0.25,0.8992537313432836,SOUTH BARWON,Provincial,ALP,LNP,0.5329559233447253,ALP,LNP,0.5329559233447253,False,False,0.0,False
10.0,0.5,0.7985074626865671,SOUTH BARWON,Provincial,ALP,LNP,0.5329559233447253,ALP,LNP,0.5329559233447253,False,False,0.0,False
10.0,0.75,0.6977611940298507,SOUTH BARWON,Provincial,ALP,LNP,0.5329559233447253,ALP,LNP,0.5329559233447253,False,False,0.0,False
10.0,1.0,0.5970149253731343,SOUTH BARWON,Provincial,ALP,LNP,0.5329559233447253,ALP,LNP,0.5329559233447253,False,False,0.0,False
10.0,0.25,0.8992537313432836,EUREKA,Regional,LNP,ALP,0.5305035405673774,LNP,ALP,0.53053769885717,False,False,3.415828979258517e-05,True
10.0,0.5,0.7985074626865671,EUREKA,Regional,LNP,ALP,0.5305035405673774,LNP,ALP,0.5305718571469625,False,False,6.831657958517035e-05,True
10.0,0.75,0.6977611940298507,EUREKA,Regional,LNP,ALP,0.5305035405673774,LNP,ALP,0.5306060154367551,False,False,0.00010247486937775552,True
10.0,1.0,0.5970149253731343,EUREKA,Regional,LNP,ALP,0.5305035405673774,LNP,ALP,0.5306401737265477,False,False,0.0001366331591703407,True
10.0,0.25,0.8992537313432836,RIPON,Regional,LNP,ALP,0.5475734361313169,LNP,ALP,0.5475734361313169,False,False,0.0,False
10.0,0.5,0.7985074626865671,RIPON,Regional,LNP,ALP,0.5475734361313169,LNP,ALP,0.5475734361313169,False,False,0.0,False
10.0,0.75,0.6977611940298507,RIPON,Regional,LNP,ALP,0.5475734361313169,LNP,ALP,0.5475734361313169,False,False,0.0,False
10.0,1.0,0.5970149253731343,RIPON,Regional,LNP,ALP,0.5475734361313169,LNP,ALP,0.5475734361313169,False,False,0.0,False
10.0,0.25,0.8992537313432836,LOWAN,Regional,LNP,ON,0.7123339851483789,LNP,ON,0.7127210560301959,False,False,0.00038707088181699767,True
10.0,0.5,0.7985074626865671,LOWAN,Regional,LNP,ON,0.7123339851483789,LNP,ON,0.7131081269120129,False,False,0.0007741417636339953,True
10.0,0.75,0.6977611940298507,LOWAN,Regional,LNP,ON,0.7123339851483789,LNP,ON,0.7134951977938299,False,False,0.001161212645450993,True
10.0,1.0,0.5970149253731343,LOWAN,Regional,LNP,ON,0.7123339851483789,LNP,ON,0.7138822686756469,False,False,0.0015482835272679907,True
10.0,0.25,0.8992537313432836,POLWARTH,Regional,LNP,ALP,0.5683478054724296,LNP,ALP,0.5683478054724296,False,False,0.0,False
10.0,0.5,0.7985074626865671,POLWARTH,Regional,LNP,ALP,0.5683478054724296,LNP,ALP,0.5683478054724296,False,False,0.0,False
10.0,0.75,0.6977611940298507,POLWARTH,Regional,LNP,ALP,0.5683478054724296,LNP,ALP,0.5683478054724296,False,False,0.0,False
10.0,1.0,0.5970149253731343,POLWARTH,Regional,LNP,ALP,0.5683478054724296,LNP,ALP,0.5683478054724296,False,False,0.0,False
10.0,0.25,0.8992537313432836,SOUTH-WEST COAST,Regional,LNP,IND,0.5880948416352995,LNP,IND,0.5880478895711484,False,False,-4.6952064151062345e-05,True
10.0,0.5,0.7985074626865671,SOUTH-WEST COAST,Regional,LNP,IND,0.5880948416352995,LNP,IND,0.5880009375069972,False,False,-9.390412830223571e-05,True
10.0,0.75,0.6977611940298507,SOUTH-WEST COAST,Regional,LNP,IND,0.5880948416352995,LNP,IND,0.5879539854428462,False,False,-0.00014085619245329806,True
10.0,1.0,0.5970149253731343,SOUTH-WEST COAST,Regional,LNP,IND,0.5880948416352995,LNP,IND,0.587907033378695,False,False,-0.00018780825660447142,True
20.0,0.25,0.7956053067993366,BOX HILL,Middle Ring,ALP,LNP,0.5396721008566483,ALP,LNP,0.5396721008566483,False,False,0.0,False
20.0,0.5,0.5912106135986732,BOX HILL,Middle Ring,ALP,LNP,0.5396721008566483,ALP,LNP,0.5396721008566483,False,False,0.0,False
20.0,0.75,0.38681592039800994,BOX HILL,Middle Ring,ALP,LNP,0.5396721008566483,ALP,LNP,0.5396721008566483,False,False,0.0,False
20.0,1.0,0.18242122719734655,BOX HILL,Middle Ring,ALP,LNP,0.5396721008566483,ALP,LNP,0.5396721008566483,False,False,0.0,False
20.0,0.25,0.7956053067993366,BULLEEN,Middle Ring,LNP,ALP,0.6126183022644185,LNP,ALP,0.6126183022644185,False,False,0.0,False
20.0,0.5,0.5912106135986732,BULLEEN,Middle Ring,LNP,ALP,0.6126183022644185,LNP,ALP,0.6126183022644185,False,False,0.0,False
20.0,0.75,0.38681592039800994,BULLEEN,Middle Ring,LNP,ALP,0.6126183022644185,LNP,ALP,0.6126183022644185,False,False,0.0,False
20.0,1.0,0.18242122719734655,BULLEEN,Middle Ring,LNP,ALP,0.6126183022644185,LNP,ALP,0.6126183022644185,False,False,0.0,False
20.0,0.25,0.7956053067993366,GLEN WAVERLEY,Middle Ring,LNP,ALP,0.5311263161216484,LNP,ALP,0.5311263161216484,False,False,0.0,False
20.0,0.5,0.5912106135986732,GLEN WAVERLEY,Middle Ring,LNP,ALP,0.5311263161216484,LNP,ALP,0.5311263161216484,False,False,0.0,False
20.0,0.75,0.38681592039800994,GLEN WAVERLEY,Middle Ring,LNP,ALP,0.5311263161216484,LNP,ALP,0.5311263161216484,False,False,0.0,False
20.0,1.0,0.18242122719734655,GLEN WAVERLEY,Middle Ring,LNP,ALP,0.5311263161216484,LNP,ALP,0.5311263161216484,False,False,0.0,False
20.0,0.25,0.7956053067993366,IVANHOE,Middle Ring,ALP,LNP,0.5986202083714672,ALP,LNP,0.5986202083714672,False,False,0.0,False
20.0,0.5,0.5912106135986732,IVANHOE,Middle Ring,ALP,LNP,0.5986202083714672,ALP,LNP,0.5986202083714672,False,False,0.0,False
20.0,0.75,0.38681592039800994,IVANHOE,Middle Ring,ALP,LNP,0.5986202083714672,ALP,LNP,0.5986202083714672,False,False,0.0,False
20.0,1.0,0.18242122719734655,IVANHOE,Middle Ring,ALP,LNP,0.5986202083714672,ALP,LNP,0.5986202083714672,False,False,0.0,False
20.0,0.25,0.7956053067993366,BUNDOORA,Middle Ring,ALP,LNP,0.5617700231162285,ALP,LNP,0.5617700231162285,False,False,0.0,False
20.0,0.5,0.5912106135986732,BUNDOORA,Middle Ring,ALP,LNP,0.5617700231162285,ALP,LNP,0.5617700231162285,False,False,0.0,False
20.0,0.75,0.38681592039800994,BUNDOORA,Middle Ring,ALP,LNP,0.5617700231162285,ALP,LNP,0.5617700231162285,False,False,0.0,False
20.0,1.0,0.18242122719734655,BUNDOORA,Middle Ring,ALP,LNP,0.5617700231162285,ALP,LNP,0.5617700231162285,False,False,0.0,False
20.0,0.25,0.7956053067993366,BAYSWATER,Outer Metro,LNP,ALP,0.5371656240944277,LNP,ALP,0.5371899220812075,False,False,2.429798677983097e-05,True
20.0,0.5,0.5912106135986732,BAYSWATER,Outer Metro,LNP,ALP,0.5371656240944277,LNP,ALP,0.5372142200679875,False,False,4.8595973559772965e-05,True
20.0,0.75,0.38681592039800994,BAYSWATER,Outer Metro,LNP,ALP,0.5371656240944277,LNP,ALP,0.5372385180547674,False,False,7.289396033971496e-05,True
20.0,1.0,0.18242122719734655,BAYSWATER,Outer Metro,LNP,ALP,0.5371656240944277,LNP,ALP,0.5372628160415474,False,False,9.719194711965695e-05,True
20.0,0.25,0.7956053067993366,CROYDON,Outer Metro,LNP,ALP,0.5813105852200201,LNP,ALP,0.581299526661538,False,False,-1.1058558482157643e-05,True
20.0,0.5,0.5912106135986732,CROYDON,Outer Metro,LNP,ALP,0.5813105852200201,LNP,ALP,0.5812884681030559,False,False,-2.2117116964204264e-05,True
20.0,0.75,0.38681592039800994,CROYDON,Outer Metro,LNP,ALP,0.5813105852200201,LNP,ALP,0.5812774095445737,False,False,-3.317567544636191e-05,True
20.0,1.0,0.18242122719734655,CROYDON,Outer Metro,LNP,ALP,0.5813105852200201,LNP,ALP,0.5812663509860917,False,False,-4.423423392840853e-05,True
20.0,0.25,0.7956053067993366,RINGWOOD,Outer Metro,ALP,LNP,0.5080091400935248,ALP,LNP,0.5080091400935248,False,False,0.0,False
20.0,0.5,0.5912106135986732,RINGWOOD,Outer Metro,ALP,LNP,0.5080091400935248,ALP,LNP,0.5080091400935248,False,False,0.0,False
20.0,0.75,0.38681592039800994,RINGWOOD,Outer Metro,ALP,LNP,0.5080091400935248,ALP,LNP,0.5080091400935248,False,False,0.0,False
20.0,1.0,0.18242122719734655,RINGWOOD,Outer Metro,ALP,LNP,0.5080091400935248,ALP,LNP,0.5080091400935248,False,False,0.0,False
20.0,0.25,0.7956053067993366,WARRANDYTE,Outer Metro,LNP,ALP,0.6029093778044803,LNP,ALP,0.6029093778044803,False,False,0.0,False
20.0,0.5,0.5912106135986732,WARRANDYTE,Outer Metro,LNP,ALP,0.6029093778044803,LNP,ALP,0.6029093778044803,False,False,0.0,False
20.0,0.75,0.38681592039800994,WARRANDYTE,Outer Metro,LNP,ALP,0.6029093778044803,LNP,ALP,0.6029093778044803,False,False,0.0,False
20.0,1.0,0.18242122719734655,WARRANDYTE,Outer Metro,LNP,ALP,0.6029093778044803,LNP,ALP,0.6029093778044803,False,False,0.0,False
20.0,0.25,0.7956053067993366,ELTHAM,Outer Metro,ALP,LNP,0.5258394416499925,ALP,LNP,0.5258394416499925,False,False,0.0,False
20.0,0.5,0.5912106135986732,ELTHAM,Outer Metro,ALP,LNP,0.5258394416499925,ALP,LNP,0.5258394416499925,False,False,0.0,False
20.0,0.75,0.38681592039800994,ELTHAM,Outer Metro,ALP,LNP,0.5258394416499925,ALP,LNP,0.5258394416499925,False,False,0.0,False
20.0,1.0,0.18242122719734655,ELTHAM,Outer Metro,ALP,LNP,0.5258394416499925,ALP,LNP,0.5258394416499925,False,False,0.0,False
20.0,0.25,0.7956053067993366,MILL PARK,Outer Metro,ALP,ON,0.5352664597054095,ALP,ON,0.5359082454566212,False,False,0.0006417857512116543,True
20.0,0.5,0.5912106135986732,MILL PARK,Outer Metro,ALP,ON,0.5352664597054095,ALP,ON,0.5365500312078327,False,False,0.0012835715024231975,True
20.0,0.75,0.38681592039800994,MILL PARK,Outer Metro,ALP,ON,0.5352664597054095,ALP,ON,0.5371918169590444,False,False,0.0019253572536348518,True
20.0,1.0,0.18242122719734655,MILL PARK,Outer Metro,ALP,ON,0.5352664597054095,ALP,ON,0.537833602710256,False,False,0.002567143004846506,True
20.0,0.25,0.7956053067993366,BRUNSWICK,Inner Ring,GRN,ALP,0.6218126013900047,GRN,ALP,0.6218126013900047,False,False,0.0,False
20.0,0.5,0.5912106135986732,BRUNSWICK,Inner Ring,GRN,ALP,0.6218126013900047,GRN,ALP,0.6218126013900047,False,False,0.0,False
20.0,0.75,0.38681592039800994,BRUNSWICK,Inner Ring,GRN,ALP,0.6218126013900047,GRN,ALP,0.6218126013900047,False,False,0.0,False
20.0,1.0,0.18242122719734655,BRUNSWICK,Inner Ring,GRN,ALP,0.6218126013900047,GRN,ALP,0.6218126013900047,False,False,0.0,False
20.0,0.25,0.7956053067993366,NORTHCOTE,Inner Ring,ALP,GRN,0.5087236613145585,ALP,GRN,0.5087467061848274,False,False,2.3044870268940087e-05,True
20.0,0.5,0.5912106135986732,NORTHCOTE,Inner Ring,ALP,GRN,0.5087236613145585,ALP,GRN,0.5087697510550964,False,False,4.6089740537880175e-05,True
20.0,0.75,0.38681592039800994,NORTHCOTE,Inner Ring,ALP,GRN,0.5087236613145585,ALP,GRN,0.5087927959253653,False,False,6.913461080682026e-05,True
20.0,1.0,0.18242122719734655,NORTHCOTE,Inner Ring,ALP,GRN,0.5087236613145585,ALP,GRN,0.5088158407956342,False,False,9.217948107576035e-05,True
20.0,0.25,0.7956053067993366,MELBOURNE,Inner Ring,GRN,ALP,0.5735464372356268,GRN,ALP,0.5735362111409457,False,False,-1.0226094681153874e-05,True
20.0,0.5,0.5912106135986732,MELBOURNE,Inner Ring,GRN,ALP,0.5735464372356268,GRN,ALP,0.5735259850462645,False,False,-2.045218936230775e-05,True
20.0,0.75,0.38681592039800994,MELBOURNE,Inner Ring,GRN,ALP,0.5735464372356268,GRN,ALP,0.5735157589515835,False,False,-3.06782840433506e-05,True
20.0,1.0,0.18242122719734655,MELBOURNE,Inner Ring,GRN,ALP,0.5735464372356268,GRN,ALP,0.5735055328569023,False,False,-4.0904378724504475e-05,True
20.0,0.25,0.7956053067993366,RICHMOND,Inner Ring,GRN,ALP,0.5342697362441776,GRN,ALP,0.5342492845240264,False,False,-2.0451720151193342e-05,True
20.0,0.5,0.5912106135986732,RICHMOND,Inner Ring,GRN,ALP,0.5342697362441776,GRN,ALP,0.5342288328038753,False,False,-4.090344030227566e-05,True
20.0,0.75,0.38681592039800994,RICHMOND,Inner Ring,GRN,ALP,0.5342697362441776,GRN,ALP,0.5342083810837241,False,False,-6.1355160453469e-05,True
20.0,1.0,0.18242122719734655,RICHMOND,Inner Ring,GRN,ALP,0.5342697362441776,GRN,ALP,0.5341879293635731,False,False,-8.180688060455132e-05,True
20.0,0.25,0.7956053067993366,ESSENDON,Middle Ring,ALP,LNP,0.5455667860953728,ALP,LNP,0.5455667860953728,False,False,0.0,False
20.0,0.5,0.5912106135986732,ESSENDON,Middle Ring,ALP,LNP,0.5455667860953728,ALP,LNP,0.5455667860953728,False,False,0.0,False
20.0,0.75,0.38681592039800994,ESSENDON,Middle Ring,ALP,LNP,0.5455667860953728,ALP,LNP,0.5455667860953728,False,False,0.0,False
20.0,1.0,0.18242122719734655,ESSENDON,Middle Ring,ALP,LNP,0.5455667860953728,ALP,LNP,0.5455667860953728,False,False,0.0,False
20.0,0.25,0.7956053067993366,PASCOE VALE,Middle Ring,ALP,ON,0.6514190083617502,ALP,ON,0.6518580530762015,False,False,0.000439044714451331,True
20.0,0.5,0.5912106135986732,PASCOE VALE,Middle Ring,ALP,ON,0.6514190083617502,ALP,ON,0.6522970977906527,False,False,0.0008780894289025509,True
20.0,0.75,0.38681592039800994,PASCOE VALE,Middle Ring,ALP,ON,0.6514190083617502,ALP,ON,0.652736142505104,False,False,0.001317134143353882,True
20.0,1.0,0.18242122719734655,PASCOE VALE,Middle Ring,ALP,ON,0.6514190083617502,ALP,ON,0.6531751872195553,False,False,0.0017561788578051019,True
20.0,0.25,0.7956053067993366,PRESTON,Middle Ring,ALP,ON,0.6154307090456883,ALP,ON,0.6158729409468376,False,False,0.00044223190114933697,True
20.0,0.5,0.5912106135986732,PRESTON,Middle Ring,ALP,ON,0.6154307090456883,ALP,ON,0.616315172847987,False,False,0.0008844638022986739,True
20.0,0.75,0.38681592039800994,PRESTON,Middle Ring,ALP,ON,0.6154307090456883,ALP,ON,0.6167574047491363,False,False,0.001326695703448011,True
20.0,1.0,0.18242122719734655,PRESTON,Middle Ring,ALP,ON,0.6154307090456883,ALP,ON,0.6171996366502855,False,False,0.0017689276045972369,True
20.0,0.25,0.7956053067993366,BROADMEADOWS,Outer Metro,ALP,ON,0.609539263231773,ALP,ON,0.609539263231773,False,False,0.0,True
20.0,0.5,0.5912106135986732,BROADMEADOWS,Outer Metro,ALP,ON,0.609539263231773,ALP,ON,0.609539263231773,False,False,0.0,True
20.0,0.75,0.38681592039800994,BROADMEADOWS,Outer Metro,ALP,ON,0.609539263231773,ALP,ON,0.609539263231773,False,False,0.0,True
20.0,1.0,0.18242122719734655,BROADMEADOWS,Outer Metro,ALP,ON,0.609539263231773,ALP,ON,0.609539263231773,False,False,0.0,True
20.0,0.25,0.7956053067993366,GREENVALE,Outer Metro,ALP,LNP,0.5806053146383658,ALP,LNP,0.5806053146383658,False,False,0.0,False
20.0,0.5,0.5912106135986732,GREENVALE,Outer Metro,ALP,LNP,0.5806053146383658,ALP,LNP,0.5806053146383658,False,False,0.0,False
20.0,0.75,0.38681592039800994,GREENVALE,Outer Metro,ALP,LNP,0.5806053146383658,ALP,LNP,0.5806053146383658,False,False,0.0,False
20.0,1.0,0.18242122719734655,GREENVALE,Outer Metro,ALP,LNP,0.5806053146383658,ALP,LNP,0.5806053146383658,False,False,0.0,False
20.0,0.25,0.7956053067993366,THOMASTOWN,Outer Metro,ALP,ON,0.5653024210946942,ALP,ON,0.5659926722495586,False,False,0.0006902511548644297,True
20.0,0.5,0.5912106135986732,THOMASTOWN,Outer Metro,ALP,ON,0.5653024210946942,ALP,ON,0.5666829234044228,False,False,0.0013805023097286373,True
20.0,0.75,0.38681592039800994,THOMASTOWN,Outer Metro,ALP,ON,0.5653024210946942,ALP,ON,0.5673731745592873,False,False,0.002070753464593067,True
20.0,1.0,0.18242122719734655,THOMASTOWN,Outer Metro,ALP,ON,0.5653024210946942,ALP,ON,0.5680634257141517,False,False,0.0027610046194574966,True
20.0,0.25,0.7956053067993366,KALKALLO,Peri-urban,ALP,ON,0.5608196320018299,ALP,ON,0.5613103166846162,False,False,0.0004906846827862354,True
20.0,0.5,0.5912106135986732,KALKALLO,Peri-urban,ALP,ON,0.5608196320018299,ALP,ON,0.5618010013674024,False,False,0.000981369365572471,True
20.0,0.75,0.38681592039800994,KALKALLO,Peri-urban,ALP,ON,0.5608196320018299,ALP,ON,0.5622916860501886,False,False,0.0014720540483587063,True
20.0,1.0,0.18242122719734655,KALKALLO,Peri-urban,ALP,ON,0.5608196320018299,ALP,ON,0.5627823707329749,False,False,0.001962738731144942,True
20.0,0.25,0.7956053067993366,CLARINDA,Middle Ring,ALP,LNP,0.5451591898386838,ALP,LNP,0.5452310322050012,False,False,7.184236631740948e-05,True
20.0,0.5,0.5912106135986732,CLARINDA,Middle Ring,ALP,LNP,0.5451591898386838,ALP,LNP,0.5453028745713187,False,False,0.00014368473263481896,True
20.0,0.75,0.38681592039800994,CLARINDA,Middle Ring,ALP,LNP,0.5451591898386838,ALP,LNP,0.5453747169376361,False,False,0.00021552709895222844,True
20.0,1.0,0.18242122719734655,CLARINDA,Middle Ring,ALP,LNP,0.5451591898386838,ALP,LNP,0.5454465593039535,False,False,0.0002873694652696379,True
20.0,0.25,0.7956053067993366,MORDIALLOC,Middle Ring,ALP,LNP,0.5327807682055264,ALP,LNP,0.5327807682055264,False,False,0.0,False
20.0,0.5,0.5912106135986732,MORDIALLOC,Middle Ring,ALP,LNP,0.5327807682055264,ALP,LNP,0.5327807682055264,False,False,0.0,False
20.0,0.75,0.38681592039800994,MORDIALLOC,Middle Ring,ALP,LNP,0.5327807682055264,ALP,LNP,0.5327807682055264,False,False,0.0,False
20.0,1.0,0.18242122719734655,MORDIALLOC,Middle Ring,ALP,LNP,0.5327807682055264,ALP,LNP,0.5327807682055264,False,False,0.0,False
20.0,0.25,0.7956053067993366,MULGRAVE,Middle Ring,ALP,ON,0.6948753384835632,ALP,ON,0.695281366879565,False,False,0.00040602839600178964,True
20.0,0.5,0.5912106135986732,MULGRAVE,Middle Ring,ALP,ON,0.6948753384835632,ALP,ON,0.6956873952755668,False,False,0.0008120567920035793,True
20.0,0.75,0.38681592039800994,MULGRAVE,Middle Ring,ALP,ON,0.6948753384835632,ALP,ON,0.6960934236715685,False,False,0.0012180851880052579,True
20.0,1.0,0.18242122719734655,MULGRAVE,Middle Ring,ALP,ON,0.6948753384835632,ALP,ON,0.6964994520675702,False,False,0.0016241135840070475,True
20.0,0.25,0.7956053067993366,ROWVILLE,Outer Metro,LNP,ALP,0.6012777188042147,LNP,ALP,0.6012777188042147,False,False,0.0,False
20.0,0.5,0.5912106135986732,ROWVILLE,Outer Metro,LNP,ALP,0.6012777188042147,LNP,ALP,0.6012777188042147,False,False,0.0,False
20.0,0.75,0.38681592039800994,ROWVILLE,Outer Metro,LNP,ALP,0.6012777188042147,LNP,ALP,0.6012777188042147,False,False,0.0,False
20.0,1.0,0.18242122719734655,ROWVILLE,Outer Metro,LNP,ALP,0.6012777188042147,LNP,ALP,0.6012777188042147,False,False,0.0,False
20.0,0.25,0.7956053067993366,CRANBOURNE,Outer Metro,ON,ALP,0.5208061403209128,ON,ALP,0.5200830910531203,False,False,-0.0007230492677924305,True
20.0,0.5,0.5912106135986732,CRANBOURNE,Outer Metro,ON,ALP,0.5208061403209128,ON,ALP,0.5193600417853279,False,False,-0.001446098535584861,True
20.0,0.75,0.38681592039800994,CRANBOURNE,Outer Metro,ON,ALP,0.5208061403209128,ON,ALP,0.5186369925175355,False,False,-0.0021691478033772915,True
20.0,1.0,0.18242122719734655,CRANBOURNE,Outer Metro,ON,ALP,0.5208061403209128,ON,ALP,0.517913943249743,False,False,-0.002892197071169722,True
20.0,0.25,0.7956053067993366,DANDENONG,Outer Metro,ALP,ON,0.5892659495379573,ALP,ON,0.5898363908744683,False,False,0.0005704413365109628,True
20.0,0.5,0.5912106135986732,DANDENONG,Outer Metro,ALP,ON,0.5892659495379573,ALP,ON,0.5904068322109792,False,False,0.0011408826730219257,True
20.0,0.75,0.38681592039800994,DANDENONG,Outer Metro,ALP,ON,0.5892659495379573,ALP,ON,0.5909772735474902,False,False,0.0017113240095328885,True
20.0,1.0,0.18242122719734655,DANDENONG,Outer Metro,ALP,ON,0.5892659495379573,ALP,ON,0.5915477148840012,False,False,0.0022817653460438514,True
20.0,0.25,0.7956053067993366,NARRE WARREN NORTH,Outer Metro,ON,ALP,0.5100484869609627,ON,ALP,0.5094389633279482,False,False,-0.0006095236330144749,True
20.0,0.5,0.5912106135986732,NARRE WARREN NORTH,Outer Metro,ON,ALP,0.5100484869609627,ON,ALP,0.5088294396949337,False,False,-0.0012190472660290608,True
20.0,0.75,0.38681592039800994,NARRE WARREN NORTH,Outer Metro,ON,ALP,0.5100484869609627,ON,ALP,0.5082199160619192,False,False,-0.0018285708990435356,True
20.0,1.0,0.18242122719734655,NARRE WARREN NORTH,Outer Metro,ON,ALP,0.5100484869609627,ON,ALP,0.5076103924289047,False,False,-0.0024380945320580105,True
20.0,0.25,0.7956053067993366,NARRE WARREN SOUTH,Outer Metro,ALP,ON,0.5032941276661859,ALP,ON,0.5038799677020838,False,False,0.0005858400358978999,True
20.0,0.5,0.5912106135986732,NARRE WARREN SOUTH,Outer Metro,ALP,ON,0.5032941276661859,ALP,ON,0.5044658077379818,False,False,0.0011716800717959108,True
20.0,0.75,0.38681592039800994,NARRE WARREN SOUTH,Outer Metro,ALP,ON,0.5032941276661859,ALP,ON,0.5050516477738797,False,False,0.0017575201076938107,True
20.0,1.0,0.18242122719734655,NARRE WARREN SOUTH,Outer Metro,ALP,ON,0.5032941276661859,ALP,ON,0.5056374878097777,False,False,0.0023433601435918217,True
20.0,0.25,0.7956053067993366,FRANKSTON,Outer Metro,ALP,ON,0.5088214506611384,ALP,ON,0.5094003099231225,False,False,0.0005788592619840882,True
20.0,0.5,0.5912106135986732,FRANKSTON,Outer Metro,ALP,ON,0.5088214506611384,ALP,ON,0.5099791691851067,False,False,0.0011577185239682874,True
20.0,0.75,0.38681592039800994,FRANKSTON,Outer Metro,ALP,ON,0.5088214506611384,ALP,ON,0.5105580284470908,False,False,0.0017365777859523757,True
20.0,1.0,0.18242122719734655,FRANKSTON,Outer Metro,ALP,ON,0.5088214506611384,ALP,ON,0.5111368877090748,False,False,0.002315437047936464,True
20.0,0.25,0.7956053067993366,BERWICK,Peri-urban,LNP,ALP,0.6328837441096535,LNP,ALP,0.6328837441096535,False,False,0.0,False
20.0,0.5,0.5912106135986732,BERWICK,Peri-urban,LNP,ALP,0.6328837441096535,LNP,ALP,0.6328837441096535,False,False,0.0,False
20.0,0.75,0.38681592039800994,BERWICK,Peri-urban,LNP,ALP,0.6328837441096535,LNP,ALP,0.6328837441096535,False,False,0.0,False
20.0,1.0,0.18242122719734655,BERWICK,Peri-urban,LNP,ALP,0.6328837441096535,LNP,ALP,0.6328837441096535,False,False,0.0,False
20.0,0.25,0.7956053067993366,CARRUM,Peri-urban,ON,ALP,0.5007417540700347,ON,ALP,0.5004865155409012,False,False,-0.00025523852913356126,True
20.0,0.5,0.5912106135986732,CARRUM,Peri-urban,ON,ALP,0.5007417540700347,ON,ALP,0.5002312770117677,False,False,-0.0005104770582670115,True
20.0,0.75,0.38681592039800994,CARRUM,Peri-urban,ON,ALP,0.5007417540700347,ALP,ON,0.5000239615173658,True,True,-0.0007177925526689055,True
20.0,1.0,0.18242122719734655,CARRUM,Peri-urban,ON,ALP,0.5007417540700347,ALP,ON,0.5002792000464993,True,True,-0.00046255402353545527,True
20.0,0.25,0.7956053067993366,ALBERT PARK,Inner Ring,ALP,LNP,0.6215000270429684,ALP,LNP,0.6215000270429684,False,False,0.0,False
20.0,0.5,0.5912106135986732,ALBERT PARK,Inner Ring,ALP,LNP,0.6215000270429684,ALP,LNP,0.6215000270429684,False,False,0.0,False
20.0,0.75,0.38681592039800994,ALBERT PARK,Inner Ring,ALP,LNP,0.6215000270429684,ALP,LNP,0.6215000270429684,False,False,0.0,False
20.0,1.0,0.18242122719734655,ALBERT PARK,Inner Ring,ALP,LNP,0.6215000270429684,ALP,LNP,0.6215000270429684,False,False,0.0,False
20.0,0.25,0.7956053067993366,BRIGHTON,Inner Ring,LNP,ALP,0.5345585568747528,LNP,ALP,0.5345585568747528,False,False,0.0,False
20.0,0.5,0.5912106135986732,BRIGHTON,Inner Ring,LNP,ALP,0.5345585568747528,LNP,ALP,0.5345585568747528,False,False,0.0,False
20.0,0.75,0.38681592039800994,BRIGHTON,Inner Ring,LNP,ALP,0.5345585568747528,LNP,ALP,0.5345585568747528,False,False,0.0,False
20.0,1.0,0.18242122719734655,BRIGHTON,Inner Ring,LNP,ALP,0.5345585568747528,LNP,ALP,0.5345585568747528,False,False,0.0,False
20.0,0.25,0.7956053067993366,CAULFIELD,Inner Ring,LNP,ALP,0.5275444529620219,LNP,ALP,0.5275444529620219,False,False,0.0,False
20.0,0.5,0.5912106135986732,CAULFIELD,Inner Ring,LNP,ALP,0.5275444529620219,LNP,ALP,0.5275444529620219,False,False,0.0,False
20.0,0.75,0.38681592039800994,CAULFIELD,Inner Ring,LNP,ALP,0.5275444529620219,LNP,ALP,0.5275444529620219,False,False,0.0,False
20.0,1.0,0.18242122719734655,CAULFIELD,Inner Ring,LNP,ALP,0.5275444529620219,LNP,ALP,0.5275444529620219,False,False,0.0,False
20.0,0.25,0.7956053067993366,PRAHRAN,Inner Ring,GRN,LNP,0.6174693817004626,GRN,LNP,0.6174693817004626,False,False,0.0,False
20.0,0.5,0.5912106135986732,PRAHRAN,Inner Ring,GRN,LNP,0.6174693817004626,GRN,LNP,0.6174693817004626,False,False,0.0,False
20.0,0.75,0.38681592039800994,PRAHRAN,Inner Ring,GRN,LNP,0.6174693817004626,GRN,LNP,0.6174693817004626,False,False,0.0,False
20.0,1.0,0.18242122719734655,PRAHRAN,Inner Ring,GRN,LNP,0.6174693817004626,GRN,LNP,0.6174693817004626,False,False,0.0,False
20.0,0.25,0.7956053067993366,HAWTHORN,Inner Ring,LNP,ALP,0.522336774426973,LNP,ALP,0.522336774426973,False,False,0.0,False
20.0,0.5,0.5912106135986732,HAWTHORN,Inner Ring,LNP,ALP,0.522336774426973,LNP,ALP,0.522336774426973,False,False,0.0,False
20.0,0.75,0.38681592039800994,HAWTHORN,Inner Ring,LNP,ALP,0.522336774426973,LNP,ALP,0.522336774426973,False,False,0.0,False
20.0,1.0,0.18242122719734655,HAWTHORN,Inner Ring,LNP,ALP,0.522336774426973,LNP,ALP,0.522336774426973,False,False,0.0,False
20.0,0.25,0.7956053067993366,KEW,Inner Ring,LNP,ALP,0.5594203492741612,LNP,ALP,0.5594203492741612,False,False,0.0,False
20.0,0.5,0.5912106135986732,KEW,Inner Ring,LNP,ALP,0.5594203492741612,LNP,ALP,0.5594203492741612,False,False,0.0,False
20.0,0.75,0.38681592039800994,KEW,Inner Ring,LNP,ALP,0.5594203492741612,LNP,ALP,0.5594203492741612,False,False,0.0,False
20.0,1.0,0.18242122719734655,KEW,Inner Ring,LNP,ALP,0.5594203492741612,LNP,ALP,0.5594203492741612,False,False,0.0,False
20.0,0.25,0.7956053067993366,MALVERN,Inner Ring,LNP,ALP,0.5925330278557469,LNP,ALP,0.5925330278557469,False,False,0.0,False
20.0,0.5,0.5912106135986732,MALVERN,Inner Ring,LNP,ALP,0.5925330278557469,LNP,ALP,0.5925330278557469,False,False,0.0,False
20.0,0.75,0.38681592039800994,MALVERN,Inner Ring,LNP,ALP,0.5925330278557469,LNP,ALP,0.5925330278557469,False,False,0.0,False
20.0,1.0,0.18242122719734655,MALVERN,Inner Ring,LNP,ALP,0.5925330278557469,LNP,ALP,0.5925330278557469,False,False,0.0,False
20.0,0.25,0.7956053067993366,BENTLEIGH,Middle Ring,ALP,LNP,0.5275056734646343,ALP,LNP,0.5275056734646343,False,False,0.0,False
20.0,0.5,0.5912106135986732,BENTLEIGH,Middle Ring,ALP,LNP,0.5275056734646343,ALP,LNP,0.5275056734646343,False,False,0.0,False
20.0,0.75,0.38681592039800994,BENTLEIGH,Middle Ring,ALP,LNP,0.5275056734646343,ALP,LNP,0.5275056734646343,False,False,0.0,False
20.0,1.0,0.18242122719734655,BENTLEIGH,Middle Ring,ALP,LNP,0.5275056734646343,ALP,LNP,0.5275056734646343,False,False,0.0,False
20.0,0.25,0.7956053067993366,SANDRINGHAM,Middle Ring,LNP,ALP,0.6059391581648024,LNP,ALP,0.6059391581648024,False,False,0.0,False
20.0,0.5,0.5912106135986732,SANDRINGHAM,Middle Ring,LNP,ALP,0.6059391581648024,LNP,ALP,0.6059391581648024,False,False,0.0,False
20.0,0.75,0.38681592039800994,SANDRINGHAM,Middle Ring,LNP,ALP,0.6059391581648024,LNP,ALP,0.6059391581648024,False,False,0.0,False
20.0,1.0,0.18242122719734655,SANDRINGHAM,Middle Ring,LNP,ALP,0.6059391581648024,LNP,ALP,0.6059391581648024,False,False,0.0,False
20.0,0.25,0.7956053067993366,ASHWOOD,Middle Ring,ALP,LNP,0.5263217231253633,ALP,LNP,0.5263217231253633,False,False,0.0,False
20.0,0.5,0.5912106135986732,ASHWOOD,Middle Ring,ALP,LNP,0.5263217231253633,ALP,LNP,0.5263217231253633,False,False,0.0,False
20.0,0.75,0.38681592039800994,ASHWOOD,Middle Ring,ALP,LNP,0.5263217231253633,ALP,LNP,0.5263217231253633,False,False,0.0,False
20.0,1.0,0.18242122719734655,ASHWOOD,Middle Ring,ALP,LNP,0.5263217231253633,ALP,LNP,0.5263217231253633,False,False,0.0,False
20.0,0.25,0.7956053067993366,OAKLEIGH,Middle Ring,ALP,LNP,0.5733114763255222,ALP,LNP,0.5733114763255222,False,False,0.0,False
20.0,0.5,0.5912106135986732,OAKLEIGH,Middle Ring,ALP,LNP,0.5733114763255222,ALP,LNP,0.5733114763255222,False,False,0.0,False
20.0,0.75,0.38681592039800994,OAKLEIGH,Middle Ring,ALP,LNP,0.5733114763255222,ALP,LNP,0.5733114763255222,False,False,0.0,False
20.0,1.0,0.18242122719734655,OAKLEIGH,Middle Ring,ALP,LNP,0.5733114763255222,ALP,LNP,0.5733114763255222,False,False,0.0,False
20.0,0.25,0.7956053067993366,FOOTSCRAY,Inner Ring,ALP,GRN,0.5837312007012053,ALP,GRN,0.583752141519017,False,False,2.094081781167656e-05,True
20.0,0.5,0.5912106135986732,FOOTSCRAY,Inner Ring,ALP,GRN,0.5837312007012053,ALP,GRN,0.5837730823368288,False,False,4.188163562346414e-05,True
20.0,0.75,0.38681592039800994,FOOTSCRAY,Inner Ring,ALP,GRN,0.5837312007012053,ALP,GRN,0.5837940231546407,False,False,6.282245343536275e-05,True
20.0,1.0,0.18242122719734655,FOOTSCRAY,Inner Ring,ALP,GRN,0.5837312007012053,ALP,GRN,0.5838149639724525,False,False,8.376327124715033e-05,True
20.0,0.25,0.7956053067993366,WILLIAMSTOWN,Inner Ring,ALP,ON,0.625345294476295,ALP,ON,0.625345294476295,False,False,0.0,False
20.0,0.5,0.5912106135986732,WILLIAMSTOWN,Inner Ring,ALP,ON,0.625345294476295,ALP,ON,0.625345294476295,False,False,0.0,False
20.0,0.75,0.38681592039800994,WILLIAMSTOWN,Inner Ring,ALP,ON,0.625345294476295,ALP,ON,0.625345294476295,False,False,0.0,False
20.0,1.0,0.18242122719734655,WILLIAMSTOWN,Inner Ring,ALP,ON,0.625345294476295,ALP,ON,0.625345294476295,False,False,0.0,False
20.0,0.25,0.7956053067993366,LAVERTON,Middle Ring,ALP,ON,0.6388273132653192,ALP,ON,0.6388273132653192,False,False,0.0,True
20.0,0.5,0.5912106135986732,LAVERTON,Middle Ring,ALP,ON,0.6388273132653192,ALP,ON,0.6388273132653192,False,False,0.0,True
20.0,0.75,0.38681592039800994,LAVERTON,Middle Ring,ALP,ON,0.6388273132653192,ALP,ON,0.6388273132653192,False,False,0.0,True
20.0,1.0,0.18242122719734655,LAVERTON,Middle Ring,ALP,ON,0.6388273132653192,ALP,ON,0.6388273132653192,False,False,0.0,True
20.0,0.25,0.7956053067993366,NIDDRIE,Middle Ring,ALP,ON,0.5124260046496708,ALP,ON,0.5129494876348732,False,False,0.0005234829852024392,True
20.0,0.5,0.5912106135986732,NIDDRIE,Middle Ring,ALP,ON,0.5124260046496708,ALP,ON,0.5134729706200757,False,False,0.0010469659704048784,True
20.0,0.75,0.38681592039800994,NIDDRIE,Middle Ring,ALP,ON,0.5124260046496708,ALP,ON,0.5139964536052781,False,False,0.0015704489556073176,True
20.0,1.0,0.18242122719734655,NIDDRIE,Middle Ring,ALP,ON,0.5124260046496708,ALP,ON,0.5145199365904807,False,False,0.0020939319408098678,True
20.0,0.25,0.7956053067993366,ST ALBANS,Middle Ring,ALP,ON,0.5470264804499605,ALP,ON,0.5478522571983442,False,False,0.0008257767483836886,True
20.0,0.5,0.5912106135986732,ST ALBANS,Middle Ring,ALP,ON,0.5470264804499605,ALP,ON,0.548678033946728,False,False,0.0016515534967674883,True
20.0,0.75,0.38681592039800994,ST ALBANS,Middle Ring,ALP,ON,0.5470264804499605,ALP,ON,0.5495038106951118,False,False,0.002477330245151288,True
20.0,1.0,0.18242122719734655,ST ALBANS,Middle Ring,ALP,ON,0.5470264804499605,ALP,ON,0.5503295874434957,False,False,0.0033031069935351987,True
20.0,0.25,0.7956053067993366,KOROROIT,Outer Metro,ALP,ON,0.60020683207495,ALP,ON,0.60020683207495,False,False,0.0,True
20.0,0.5,0.5912106135986732,KOROROIT,Outer Metro,ALP,ON,0.60020683207495,ALP,ON,0.60020683207495,False,False,0.0,True
20.0,0.75,0.38681592039800994,KOROROIT,Outer Metro,ALP,ON,0.60020683207495,ALP,ON,0.60020683207495,False,False,0.0,True
20.0,1.0,0.18242122719734655,KOROROIT,Outer Metro,ALP,ON,0.60020683207495,ALP,ON,0.60020683207495,False,False,0.0,True
20.0,0.25,0.7956053067993366,POINT COOK,Outer Metro,ON,ALP,0.5086462974005194,ON,ALP,0.5081186793483432,False,False,-0.0005276180521761598,True
20.0,0.5,0.5912106135986732,POINT COOK,Outer Metro,ON,ALP,0.5086462974005194,ON,ALP,0.5075910612961672,False,False,-0.0010552361043522085,True
20.0,0.75,0.38681592039800994,POINT COOK,Outer Metro,ON,ALP,0.5086462974005194,ON,ALP,0.507063443243991,False,False,-0.0015828541565283683,True
20.0,1.0,0.18242122719734655,POINT COOK,Outer Metro,ON,ALP,0.5086462974005194,ON,ALP,0.506535825191815,False,False,-0.002110472208704417,True
20.0,0.25,0.7956053067993366,SYDENHAM,Outer Metro,ALP,ON,0.5118296979888752,ALP,ON,0.5125314391755365,False,False,0.00070174118666122,True
20.0,0.5,0.5912106135986732,SYDENHAM,Outer Metro,ALP,ON,0.5118296979888752,ALP,ON,0.5132331803621978,False,False,0.001403482373322551,True
20.0,0.75,0.38681592039800994,SYDENHAM,Outer Metro,ALP,ON,0.5118296979888752,ALP,ON,0.513934921548859,False,False,0.002105223559983771,True
20.0,1.0,0.18242122719734655,SYDENHAM,Outer Metro,ALP,ON,0.5118296979888752,ALP,ON,0.5146366627355203,False,False,0.002806964746645102,True
20.0,0.25,0.7956053067993366,TARNEIT,Outer Metro,ALP,ON,0.5362886551210833,ALP,ON,0.5368205027039336,False,False,0.0005318475828502978,True
20.0,0.5,0.5912106135986732,TARNEIT,Outer Metro,ALP,ON,0.5362886551210833,ALP,ON,0.5373523502867837,False,False,0.0010636951657004845,True
20.0,0.75,0.38681592039800994,TARNEIT,Outer Metro,ALP,ON,0.5362886551210833,ALP,ON,0.537884197869634,False,False,0.0015955427485507823,True
20.0,1.0,0.18242122719734655,TARNEIT,Outer Metro,ALP,ON,0.5362886551210833,ALP,ON,0.5384160454524843,False,False,0.00212739033140108,True
20.0,0.25,0.7956053067993366,SUNBURY,Peri-urban,ON,ALP,0.5474221366768592,ON,ALP,0.5471170377256884,False,False,-0.0003050989511708124,True
20.0,0.5,0.5912106135986732,SUNBURY,Peri-urban,ON,ALP,0.5474221366768592,ON,ALP,0.5468119387745175,False,False,-0.0006101979023417359,True
20.0,0.75,0.38681592039800994,SUNBURY,Peri-urban,ON,ALP,0.5474221366768592,ON,ALP,0.5465068398233467,False,False,-0.0009152968535125483,True
20.0,1.0,0.18242122719734655,SUNBURY,Peri-urban,ON,ALP,0.5474221366768592,ON,ALP,0.5462017408721758,False,False,-0.0012203958046834718,True
20.0,0.25,0.7956053067993366,WERRIBEE,Peri-urban,ON,ALP,0.5337638463266291,ON,ALP,0.5333862188507568,False,False,-0.00037762747587233303,True
20.0,0.5,0.5912106135986732,WERRIBEE,Peri-urban,ON,ALP,0.5337638463266291,ON,ALP,0.5330085913748844,False,False,-0.0007552549517446661,True
20.0,0.75,0.38681592039800994,WERRIBEE,Peri-urban,ON,ALP,0.5337638463266291,ON,ALP,0.532630963899012,False,False,-0.0011328824276171101,True
20.0,1.0,0.18242122719734655,WERRIBEE,Peri-urban,ON,ALP,0.5337638463266291,ON,ALP,0.5322533364231398,False,False,-0.0015105099034893321,True
20.0,0.25,0.7956053067993366,EVELYN,Peri-urban,LNP,ALP,0.6412526550664571,LNP,ALP,0.6412526550664571,False,False,0.0,False
20.0,0.5,0.5912106135986732,EVELYN,Peri-urban,LNP,ALP,0.6412526550664571,LNP,ALP,0.6412526550664571,False,False,0.0,False
20.0,0.75,0.38681592039800994,EVELYN,Peri-urban,LNP,ALP,0.6412526550664571,LNP,ALP,0.6412526550664571,False,False,0.0,False
20.0,1.0,0.18242122719734655,EVELYN,Peri-urban,LNP,ALP,0.6412526550664571,LNP,ALP,0.6412526550664571,False,False,0.0,False
20.0,0.25,0.7956053067993366,MONBULK,Peri-urban,LNP,ALP,0.55361850769508,LNP,ALP,0.55361850769508,False,False,0.0,False
20.0,0.5,0.5912106135986732,MONBULK,Peri-urban,LNP,ALP,0.55361850769508,LNP,ALP,0.55361850769508,False,False,0.0,False
20.0,0.75,0.38681592039800994,MONBULK,Peri-urban,LNP,ALP,0.55361850769508,LNP,ALP,0.55361850769508,False,False,0.0,False
20.0,1.0,0.18242122719734655,MONBULK,Peri-urban,LNP,ALP,0.55361850769508,LNP,ALP,0.55361850769508,False,False,0.0,False
20.0,0.25,0.7956053067993366,PAKENHAM,Peri-urban,LNP,ON,0.5210333154172931,LNP,ON,0.522106904604391,False,False,0.0010735891870978786,True
20.0,0.5,0.5912106135986732,PAKENHAM,Peri-urban,LNP,ON,0.5210333154172931,LNP,ON,0.5231804937914889,False,False,0.0021471783741957573,True
20.0,0.75,0.38681592039800994,PAKENHAM,Peri-urban,LNP,ON,0.5210333154172931,LNP,ON,0.5242540829785868,False,False,0.003220767561293636,True
20.0,1.0,0.18242122719734655,PAKENHAM,Peri-urban,LNP,ON,0.5210333154172931,LNP,ON,0.5253276721656847,False,False,0.004294356748391515,True
20.0,0.25,0.7956053067993366,MORNINGTON,Peri-urban,LNP,IND,0.6401559794953636,LNP,IND,0.6401559794953636,False,False,0.0,False
20.0,0.5,0.5912106135986732,MORNINGTON,Peri-urban,LNP,IND,0.6401559794953636,LNP,IND,0.6401559794953636,False,False,0.0,False
20.0,0.75,0.38681592039800994,MORNINGTON,Peri-urban,LNP,IND,0.6401559794953636,LNP,IND,0.6401559794953636,False,False,0.0,False
20.0,1.0,0.18242122719734655,MORNINGTON,Peri-urban,LNP,IND,0.6401559794953636,LNP,IND,0.6401559794953636,False,False,0.0,False
20.0,0.25,0.7956053067993366,NEPEAN,Peri-urban,LNP,ALP,0.6479565086988827,LNP,ALP,0.6479565086988827,False,False,0.0,False
20.0,0.5,0.5912106135986732,NEPEAN,Peri-urban,LNP,ALP,0.6479565086988827,LNP,ALP,0.6479565086988827,False,False,0.0,False
20.0,0.75,0.38681592039800994,NEPEAN,Peri-urban,LNP,ALP,0.6479565086988827,LNP,ALP,0.6479565086988827,False,False,0.0,False
20.0,1.0,0.18242122719734655,NEPEAN,Peri-urban,LNP,ALP,0.6479565086988827,LNP,ALP,0.6479565086988827,False,False,0.0,False
20.0,0.25,0.7956053067993366,MORWELL,Provincial,ON,LNP,0.5197191533290749,ON,LNP,0.5184939907813895,False,False,-0.0012251625476854544,True
20.0,0.5,0.5912106135986732,MORWELL,Provincial,ON,LNP,0.5197191533290749,ON,LNP,0.5166603696973485,False,False,-0.0030587836317264028,True
20.0,0.75,0.38681592039800994,MORWELL,Provincial,ON,LNP,0.5197191533290749,ON,LNP,0.5148267486133076,False,False,-0.004892404715767351,True
20.0,1.0,0.18242122719734655,MORWELL,Provincial,ON,LNP,0.5197191533290749,ON,LNP,0.5129931275292665,False,False,-0.0067260257998084105,True
20.0,0.25,0.7956053067993366,GIPPSLAND EAST,Regional,LNP,ON,0.591530597016092,LNP,ON,0.59244772810073,False,False,0.0009171310846379788,True
20.0,0.5,0.5912106135986732,GIPPSLAND EAST,Regional,LNP,ON,0.591530597016092,LNP,ON,0.5933648591853681,False,False,0.0018342621692760686,True
20.0,0.75,0.38681592039800994,GIPPSLAND EAST,Regional,LNP,ON,0.591530597016092,LNP,ON,0.594281990270006,False,False,0.0027513932539140473,True
20.0,1.0,0.18242122719734655,GIPPSLAND EAST,Regional,LNP,ON,0.591530597016092,LNP,ON,0.595199121354644,False,False,0.003668524338552026,True
20.0,0.25,0.7956053067993366,GIPPSLAND SOUTH,Regional,LNP,ON,0.5882779619976237,LNP,ON,0.5887699512272999,False,False,0.000491989229676193,True
20.0,0.5,0.5912106135986732,GIPPSLAND SOUTH,Regional,LNP,ON,0.5882779619976237,LNP,ON,0.589261940456976,False,False,0.000983978459352275,True
20.0,0.75,0.38681592039800994,GIPPSLAND SOUTH,Regional,LNP,ON,0.5882779619976237,LNP,ON,0.5897539296866522,False,False,0.0014759676890284679,True
20.0,1.0,0.18242122719734655,GIPPSLAND SOUTH,Regional,LNP,ON,0.5882779619976237,LNP,ON,0.5902459189163283,False,False,0.00196795691870455,True
20.0,0.25,0.7956053067993366,BASS,Regional,LNP,ON,0.5683003500926687,LNP,ON,0.5691524393799083,False,False,0.0008520892872396768,True
20.0,0.5,0.5912106135986732,BASS,Regional,LNP,ON,0.5683003500926687,LNP,ON,0.570004528667148,False,False,0.0017041785744793536,True
20.0,0.75,0.38681592039800994,BASS,Regional,LNP,ON,0.5683003500926687,LNP,ON,0.5708566179543877,False,False,0.0025562678617190304,True
20.0,1.0,0.18242122719734655,BASS,Regional,LNP,ON,0.5683003500926687,LNP,ON,0.5717087072416274,False,False,0.0034083571489587072,True
20.0,0.25,0.7956053067993366,HASTINGS,Regional,LNP,ALP,0.6204315710774726,LNP,ALP,0.6204796883201753,False,False,4.8117242702705454e-05,True
20.0,0.5,0.5912106135986732,HASTINGS,Regional,LNP,ALP,0.6204315710774726,LNP,ALP,0.620527805562878,False,False,9.623448540541091e-05,True
20.0,0.75,0.38681592039800994,HASTINGS,Regional,LNP,ALP,0.6204315710774726,LNP,ALP,0.6205759228055807,False,False,0.00014435172810811636,True
20.0,1.0,0.18242122719734655,HASTINGS,Regional,LNP,ALP,0.6204315710774726,LNP,ALP,0.6206240400482833,False,False,0.0001924689708107108,True
20.0,0.25,0.7956053067993366,NARRACAN,Regional,LNP,ALP,0.6498338928604268,LNP,ALP,0.6498338928604268,False,False,0.0,False
20.0,0.5,0.5912106135986732,NARRACAN,Regional,LNP,ALP,0.6498338928604268,LNP,ALP,0.6498338928604268,False,False,0.0,False
20.0,0.75,0.38681592039800994,NARRACAN,Regional,LNP,ALP,0.6498338928604268,LNP,ALP,0.6498338928604268,False,False,0.0,False
20.0,1.0,0.18242122719734655,NARRACAN,Regional,LNP,ALP,0.6498338928604268,LNP,ALP,0.6498338928604268,False,False,0.0,False
20.0,0.25,0.7956053067993366,YAN YEAN,Peri-urban,ON,ALP,0.5411392474425212,ON,ALP,0.5406075494288067,False,False,-0.0005316980137144434,True
20.0,0.5,0.5912106135986732,YAN YEAN,Peri-urban,ON,ALP,0.5411392474425212,ON,ALP,0.5400758514150923,False,False,-0.0010633960274288867,True
20.0,0.75,0.38681592039800994,YAN YEAN,Peri-urban,ON,ALP,0.5411392474425212,ON,ALP,0.5395441534013778,False,False,-0.00159509404114333,True
20.0,1.0,0.18242122719734655,YAN YEAN,Peri-urban,ON,ALP,0.5411392474425212,ON,ALP,0.5390124553876634,False,False,-0.0021267920548577735,True
20.0,0.25,0.7956053067993366,SHEPPARTON,Provincial,LNP,ON,0.5848304499191667,LNP,ON,0.5853381119429975,False,False,0.0005076620238307905,True
20.0,0.5,0.5912106135986732,SHEPPARTON,Provincial,LNP,ON,0.5848304499191667,LNP,ON,0.5860561856353476,False,False,0.001225735716180898,True
20.0,0.75,0.38681592039800994,SHEPPARTON,Provincial,LNP,ON,0.5848304499191667,LNP,ON,0.5867742593276977,False,False,0.0019438094085310054,True
20.0,1.0,0.18242122719734655,SHEPPARTON,Provincial,LNP,ON,0.5848304499191667,LNP,ON,0.5874923330200477,False,False,0.0026618831008810018,True
20.0,0.25,0.7956053067993366,BENDIGO EAST,Provincial,ALP,LNP,0.5244242518724699,ALP,LNP,0.5244242518724699,False,False,0.0,False
20.0,0.5,0.5912106135986732,BENDIGO EAST,Provincial,ALP,LNP,0.5244242518724699,ALP,LNP,0.5244242518724699,False,False,0.0,False
20.0,0.75,0.38681592039800994,BENDIGO EAST,Provincial,ALP,LNP,0.5244242518724699,ALP,LNP,0.5244242518724699,False,False,0.0,False
20.0,1.0,0.18242122719734655,BENDIGO EAST,Provincial,ALP,LNP,0.5244242518724699,ALP,LNP,0.5244242518724699,False,False,0.0,False
20.0,0.25,0.7956053067993366,BENDIGO WEST,Provincial,ALP,ON,0.5562449538500854,ALP,ON,0.556664808380666,False,False,0.00041985453058057676,True
20.0,0.5,0.5912106135986732,BENDIGO WEST,Provincial,ALP,ON,0.5562449538500854,ALP,ON,0.557213369129089,False,False,0.0009684152790035983,True
20.0,0.75,0.38681592039800994,BENDIGO WEST,Provincial,ALP,ON,0.5562449538500854,ALP,ON,0.557761929877512,False,False,0.0015169760274266197,True
20.0,1.0,0.18242122719734655,BENDIGO WEST,Provincial,ALP,ON,0.5562449538500854,ALP,ON,0.5583104906259351,False,False,0.0020655367758496412,True
20.0,0.25,0.7956053067993366,EILDON,Regional,LNP,ON,0.6100983495296717,LNP,ON,0.6100983495296717,False,False,0.0,False
20.0,0.5,0.5912106135986732,EILDON,Regional,LNP,ON,0.6100983495296717,LNP,ON,0.6100983495296717,False,False,0.0,False
20.0,0.75,0.38681592039800994,EILDON,Regional,LNP,ON,0.6100983495296717,LNP,ON,0.6100983495296717,False,False,0.0,False
20.0,1.0,0.18242122719734655,EILDON,Regional,LNP,ON,0.6100983495296717,LNP,ON,0.6100983495296717,False,False,0.0,False
20.0,0.25,0.7956053067993366,EUROA,Regional,LNP,ON,0.5961286957905645,LNP,ON,0.5969043748446641,False,False,0.0007756790540995873,True
20.0,0.5,0.5912106135986732,EUROA,Regional,LNP,ON,0.5961286957905645,LNP,ON,0.5976800538987637,False,False,0.0015513581081991745,True
20.0,0.75,0.38681592039800994,EUROA,Regional,LNP,ON,0.5961286957905645,LNP,ON,0.5984557329528634,False,False,0.002327037162298873,True
20.0,1.0,0.18242122719734655,EUROA,Regional,LNP,ON,0.5961286957905645,LNP,ON,0.5992314120069631,False,False,0.003102716216398571,True
20.0,0.25,0.7956053067993366,MACEDON,Regional,ON,ALP,0.5123857286085568,ON,ALP,0.5123857286085568,False,False,0.0,False
20.0,0.5,0.5912106135986732,MACEDON,Regional,ON,ALP,0.5123857286085568,ON,ALP,0.5123857286085568,False,False,0.0,False
20.0,0.75,0.38681592039800994,MACEDON,Regional,ON,ALP,0.5123857286085568,ON,ALP,0.5123857286085568,False,False,0.0,False
20.0,1.0,0.18242122719734655,MACEDON,Regional,ON,ALP,0.5123857286085568,ON,ALP,0.5123857286085568,False,False,0.0,False
20.0,0.25,0.7956053067993366,BENAMBRA,Regional,LNP,IND,0.6246032613250164,LNP,IND,0.6245383343067851,False,False,-6.492701823135327e-05,True
20.0,0.5,0.5912106135986732,BENAMBRA,Regional,LNP,IND,0.6246032613250164,LNP,IND,0.6244734072885536,False,False,-0.00012985403646281757,True
20.0,0.75,0.38681592039800994,BENAMBRA,Regional,LNP,IND,0.6246032613250164,LNP,IND,0.6244084802703223,False,False,-0.00019478105469417084,True
20.0,1.0,0.18242122719734655,BENAMBRA,Regional,LNP,IND,0.6246032613250164,LNP,IND,0.6243435532520909,False,False,-0.0002597080729255241,True
20.0,0.25,0.7956053067993366,OVENS VALLEY,Regional,LNP,ON,0.5843953485268679,LNP,ON,0.585830603165838,False,False,0.001435254638970096,True
20.0,0.5,0.5912106135986732,OVENS VALLEY,Regional,LNP,ON,0.5843953485268679,LNP,ON,0.5872658578048081,False,False,0.002870509277940192,True
20.0,0.75,0.38681592039800994,OVENS VALLEY,Regional,LNP,ON,0.5843953485268679,LNP,ON,0.5887011124437782,False,False,0.004305763916910288,True
20.0,1.0,0.18242122719734655,OVENS VALLEY,Regional,LNP,ON,0.5843953485268679,LNP,ON,0.5901363670827484,False,False,0.005741018555880495,True
20.0,0.25,0.7956053067993366,MILDURA,Regional,LNP,IND,0.5979404422406244,LNP,IND,0.5979416550637207,False,False,1.2128230962860087e-06,True
20.0,0.5,0.5912106135986732,MILDURA,Regional,LNP,IND,0.5979404422406244,LNP,IND,0.5979428678868169,False,False,2.4256461925720174e-06,True
20.0,0.75,0.38681592039800994,MILDURA,Regional,LNP,IND,0.5979404422406244,LNP,IND,0.5979440807099132,False,False,3.638469288858026e-06,True
20.0,1.0,0.18242122719734655,MILDURA,Regional,LNP,IND,0.5979404422406244,LNP,IND,0.5979452935330094,False,False,4.8512923850330125e-06,True
20.0,0.25,0.7956053067993366,MURRAY PLAINS,Regional,LNP,ON,0.609080063629,LNP,ON,0.609080063629,False,False,0.0,True
20.0,0.5,0.5912106135986732,MURRAY PLAINS,Regional,LNP,ON,0.609080063629,LNP,ON,0.609080063629,False,False,0.0,True
20.0,0.75,0.38681592039800994,MURRAY PLAINS,Regional,LNP,ON,0.609080063629,LNP,ON,0.609080063629,False,False,0.0,True
20.0,1.0,0.18242122719734655,MURRAY PLAINS,Regional,LNP,ON,0.609080063629,LNP,ON,0.609080063629,False,False,0.0,True
20.0,0.25,0.7956053067993366,LARA,Peri-urban,ON,ALP,0.5253299012683348,ON,ALP,0.5249738761950881,False,False,-0.00035602507324672406,True
20.0,0.5,0.5912106135986732,LARA,Peri-urban,ON,ALP,0.5253299012683348,ON,ALP,0.5246178511218413,False,False,-0.0007120501464934481,True
20.0,0.75,0.38681592039800994,LARA,Peri-urban,ON,ALP,0.5253299012683348,ON,ALP,0.5242618260485947,False,False,-0.0010680752197400611,True
20.0,1.0,0.18242122719734655,LARA,Peri-urban,ON,ALP,0.5253299012683348,ON,ALP,0.523905800975348,False,False,-0.0014241002929867852,True
20.0,0.25,0.7956053067993366,MELTON,Peri-urban,ON,ALP,0.5413228312901636,ON,ALP,0.5408007827863061,False,False,-0.0005220485038575085,True
20.0,0.5,0.5912106135986732,MELTON,Peri-urban,ON,ALP,0.5413228312901636,ON,ALP,0.5402787342824485,False,False,-0.001044097007715017,True
20.0,0.75,0.38681592039800994,MELTON,Peri-urban,ON,ALP,0.5413228312901636,ON,ALP,0.539756685778591,False,False,-0.0015661455115725254,True
20.0,1.0,0.18242122719734655,MELTON,Peri-urban,ON,ALP,0.5413228312901636,ON,ALP,0.5392346372747335,False,False,-0.002088194015430034,True
20.0,0.25,0.7956053067993366,BELLARINE,Peri-urban,LNP,ALP,0.5051444849487452,LNP,ALP,0.5051444849487452,False,False,0.0,False
20.0,0.5,0.5912106135986732,BELLARINE,Peri-urban,LNP,ALP,0.5051444849487452,LNP,ALP,0.5051444849487452,False,False,0.0,False
20.0,0.75,0.38681592039800994,BELLARINE,Peri-urban,LNP,ALP,0.5051444849487452,LNP,ALP,0.5051444849487452,False,False,0.0,False
20.0,1.0,0.18242122719734655,BELLARINE,Peri-urban,LNP,ALP,0.5051444849487452,LNP,ALP,0.5051444849487452,False,False,0.0,False
20.0,0.25,0.7956053067993366,WENDOUREE,Provincial,ALP,ON,0.5183386690981607,ALP,ON,0.5186509614761347,False,False,0.00031229237797392173,True
20.0,0.5,0.5912106135986732,WENDOUREE,Provincial,ALP,ON,0.5183386690981607,ALP,ON,0.5190519210580713,False,False,0.0007132519599105658,True
20.0,0.75,0.38681592039800994,WENDOUREE,Provincial,ALP,ON,0.5183386690981607,ALP,ON,0.5194528806400078,False,False,0.0011142115418470988,True
20.0,1.0,0.18242122719734655,WENDOUREE,Provincial,ALP,ON,0.5183386690981607,ALP,ON,0.5198538402219444,False,False,0.0015151711237836318,True
20.0,0.25,0.7956053067993366,GEELONG,Provincial,ALP,ON,0.5120730737994732,ALP,ON,0.5120730737994732,False,False,0.0,False
20.0,0.5,0.5912106135986732,GEELONG,Provincial,ALP,ON,0.5120730737994732,ALP,ON,0.5120730737994732,False,False,0.0,False
20.0,0.75,0.38681592039800994,GEELONG,Provincial,ALP,ON,0.5120730737994732,ALP,ON,0.5120730737994732,False,False,0.0,False
20.0,1.0,0.18242122719734655,GEELONG,Provincial,ALP,ON,0.5120730737994732,ALP,ON,0.5120730737994732,False,False,0.0,False
20.0,0.25,0.7956053067993366,SOUTH BARWON,Provincial,LNP,ALP,0.5320539527706819,LNP,ALP,0.5320332571462706,False,False,-2.069562441131545e-05,True
20.0,0.5,0.5912106135986732,SOUTH BARWON,Provincial,LNP,ALP,0.5320539527706819,LNP,ALP,0.5320825754890971,False,False,2.862271841519437e-05,True
20.0,0.75,0.38681592039800994,SOUTH BARWON,Provincial,LNP,ALP,0.5320539527706819,LNP,ALP,0.5321318938319237,False,False,7.794106124181521e-05,True
20.0,1.0,0.18242122719734655,SOUTH BARWON,Provincial,LNP,ALP,0.5320539527706819,LNP,ALP,0.5321812121747502,False,False,0.00012725940406832503,True
20.0,0.25,0.7956053067993366,EUREKA,Regional,ON,ALP,0.5771889405780583,ON,ALP,0.5769061626311894,False,False,-0.0002827779468688174,True
20.0,0.5,0.5912106135986732,EUREKA,Regional,ON,ALP,0.5771889405780583,ON,ALP,0.5766233846843207,False,False,-0.0005655558937375238,True
20.0,0.75,0.38681592039800994,EUREKA,Regional,ON,ALP,0.5771889405780583,ON,ALP,0.576340606737452,False,False,-0.0008483338406062302,True
20.0,1.0,0.18242122719734655,EUREKA,Regional,ON,ALP,0.5771889405780583,ON,ALP,0.5760578287905832,False,False,-0.0011311117874750476,True
20.0,0.25,0.7956053067993366,RIPON,Regional,ON,ALP,0.6207148641006222,ON,ALP,0.6203129151253658,False,False,-0.000401948975256361,True
20.0,0.5,0.5912106135986732,RIPON,Regional,ON,ALP,0.6207148641006222,ON,ALP,0.6199109661501095,False,False,-0.0008038979505126109,True
20.0,0.75,0.38681592039800994,RIPON,Regional,ON,ALP,0.6207148641006222,ON,ALP,0.6195090171748532,False,False,-0.001205846925768972,True
20.0,1.0,0.18242122719734655,RIPON,Regional,ON,ALP,0.6207148641006222,ON,ALP,0.6191070681995969,False,False,-0.0016077959010252219,True
20.0,0.25,0.7956053067993366,LOWAN,Regional,LNP,ON,0.619540356201545,LNP,ON,0.6202018055691187,False,False,0.0006614493675737299,True
20.0,0.5,0.5912106135986732,LOWAN,Regional,LNP,ON,0.619540356201545,LNP,ON,0.6208632549366925,False,False,0.0013228987351474597,True
20.0,0.75,0.38681592039800994,LOWAN,Regional,LNP,ON,0.619540356201545,LNP,ON,0.6215247043042662,False,False,0.0019843481027211896,True
20.0,1.0,0.18242122719734655,LOWAN,Regional,LNP,ON,0.619540356201545,LNP,ON,0.6221861536718399,False,False,0.0026457974702949194,True
20.0,0.25,0.7956053067993366,POLWARTH,Regional,LNP,ALP,0.6287091084063479,LNP,ALP,0.6287091084063479,False,False,0.0,False
20.0,0.5,0.5912106135986732,POLWARTH,Regional,LNP,ALP,0.6287091084063479,LNP,ALP,0.6287091084063479,False,False,0.0,False
20.0,0.75,0.38681592039800994,POLWARTH,Regional,LNP,ALP,0.6287091084063479,LNP,ALP,0.6287091084063479,False,False,0.0,False
20.0,1.0,0.18242122719734655,POLWARTH,Regional,LNP,ALP,0.6287091084063479,LNP,ALP,0.6287091084063479,False,False,0.0,False
20.0,0.25,0.7956053067993366,SOUTH-WEST COAST,Regional,LNP,IND,0.6308575590556803,LNP,IND,0.6307610881549183,False,False,-9.647090076203568e-05,True
20.0,0.5,0.5912106135986732,SOUTH-WEST COAST,Regional,LNP,IND,0.6308575590556803,LNP,IND,0.6306646172541563,False,False,-0.00019294180152396034,True
20.0,0.75,0.38681592039800994,SOUTH-WEST COAST,Regional,LNP,IND,0.6308575590556803,LNP,IND,0.6305681463533943,False,False,-0.000289412702285996,True
20.0,1.0,0.18242122719734655,SOUTH-WEST COAST,Regional,LNP,IND,0.6308575590556803,LNP,IND,0.6304716754526324,False,False,-0.0003858836030479207,True
24.4,0.25,0.75,BOX HILL,Middle Ring,ALP,LNP,0.5074245764366518,ALP,LNP,0.5074245764366518,False,False,0.0,False
24.4,0.5,0.5,BOX HILL,Middle Ring,ALP,LNP,0.5074245764366518,ALP,LNP,0.5074245764366518,False,False,0.0,False
24.4,0.75,0.25,BOX HILL,Middle Ring,ALP,LNP,0.5074245764366518,ALP,LNP,0.5074245764366518,False,False,0.0,False
24.4,1.0,0.0,BOX HILL,Middle Ring,ALP,LNP,0.5074245764366518,ALP,LNP,0.5074245764366518,False,False,0.0,False
24.4,0.25,0.75,BULLEEN,Middle Ring,LNP,ALP,0.6228896725086354,LNP,ALP,0.6228896725086354,False,False,0.0,False
24.4,0.5,0.5,BULLEEN,Middle Ring,LNP,ALP,0.6228896725086354,LNP,ALP,0.6228896725086354,False,False,0.0,False
24.4,0.75,0.25,BULLEEN,Middle Ring,LNP,ALP,0.6228896725086354,LNP,ALP,0.6228896725086354,False,False,0.0,False
24.4,1.0,0.0,BULLEEN,Middle Ring,LNP,ALP,0.6228896725086354,LNP,ALP,0.6228896725086354,False,False,0.0,False
24.4,0.25,0.75,GLEN WAVERLEY,Middle Ring,LNP,ALP,0.5402222752495232,LNP,ALP,0.5402222752495232,False,False,0.0,False
24.4,0.5,0.5,GLEN WAVERLEY,Middle Ring,LNP,ALP,0.5402222752495232,LNP,ALP,0.5402222752495232,False,False,0.0,False
24.4,0.75,0.25,GLEN WAVERLEY,Middle Ring,LNP,ALP,0.5402222752495232,LNP,ALP,0.5402222752495232,False,False,0.0,False
24.4,1.0,0.0,GLEN WAVERLEY,Middle Ring,LNP,ALP,0.5402222752495232,LNP,ALP,0.5402222752495232,False,False,0.0,False
24.4,0.25,0.75,IVANHOE,Middle Ring,ALP,LNP,0.5567590811986175,ALP,LNP,0.5567590811986175,False,False,0.0,False
24.4,0.5,0.5,IVANHOE,Middle Ring,ALP,LNP,0.5567590811986175,ALP,LNP,0.5567590811986175,False,False,0.0,False
24.4,0.75,0.25,IVANHOE,Middle Ring,ALP,LNP,0.5567590811986175,ALP,LNP,0.5567590811986175,False,False,0.0,False
24.4,1.0,0.0,IVANHOE,Middle Ring,ALP,LNP,0.5567590811986175,ALP,LNP,0.5567590811986175,False,False,0.0,False
24.4,0.25,0.75,BUNDOORA,Middle Ring,ALP,ON,0.5572042917622799,ALP,ON,0.5572042917622799,False,False,0.0,False
24.4,0.5,0.5,BUNDOORA,Middle Ring,ALP,ON,0.5572042917622799,ALP,ON,0.5572042917622799,False,False,0.0,False
24.4,0.75,0.25,BUNDOORA,Middle Ring,ALP,ON,0.5572042917622799,ALP,ON,0.5572042917622799,False,False,0.0,False
24.4,1.0,0.0,BUNDOORA,Middle Ring,ALP,ON,0.5572042917622799,ALP,ON,0.5572042917622799,False,False,0.0,False
24.4,0.25,0.75,BAYSWATER,Outer Metro,LNP,ALP,0.5482503222336355,LNP,ALP,0.5482785832265445,False,False,2.8260992909090454e-05,True
24.4,0.5,0.5,BAYSWATER,Outer Metro,LNP,ALP,0.5482503222336355,LNP,ALP,0.5483068442194536,False,False,5.652198581818091e-05,True
24.4,0.75,0.25,BAYSWATER,Outer Metro,LNP,ALP,0.5482503222336355,LNP,ALP,0.5483351052123626,False,False,8.478297872716034e-05,True
24.4,1.0,0.0,BAYSWATER,Outer Metro,LNP,ALP,0.5482503222336355,LNP,ALP,0.5483633662052717,False,False,0.0001130439716362508,True
24.4,0.25,0.75,CROYDON,Outer Metro,LNP,ALP,0.5924034664235768,LNP,ALP,0.5923905942610446,False,False,-1.2872162532207021e-05,True
24.4,0.5,0.5,CROYDON,Outer Metro,LNP,ALP,0.5924034664235768,LNP,ALP,0.5923777220985125,False,False,-2.574432506430302e-05,True
24.4,0.75,0.25,CROYDON,Outer Metro,LNP,ALP,0.5924034664235768,LNP,ALP,0.5923648499359803,False,False,-3.861648759651004e-05,True
24.4,1.0,0.0,CROYDON,Outer Metro,LNP,ALP,0.5924034664235768,LNP,ALP,0.5923519777734481,False,False,-5.148865012871706e-05,True
24.4,0.25,0.75,RINGWOOD,Outer Metro,LNP,ALP,0.5009491233344857,LNP,ALP,0.5009491233344857,False,False,0.0,False
24.4,0.5,0.5,RINGWOOD,Outer Metro,LNP,ALP,0.5009491233344857,LNP,ALP,0.5009491233344857,False,False,0.0,False
24.4,0.75,0.25,RINGWOOD,Outer Metro,LNP,ALP,0.5009491233344857,LNP,ALP,0.5009491233344857,False,False,0.0,False
24.4,1.0,0.0,RINGWOOD,Outer Metro,LNP,ALP,0.5009491233344857,LNP,ALP,0.5009491233344857,False,False,0.0,False
24.4,0.25,0.75,WARRANDYTE,Outer Metro,LNP,ALP,0.61368667639757,LNP,ALP,0.61368667639757,False,False,0.0,False
24.4,0.5,0.5,WARRANDYTE,Outer Metro,LNP,ALP,0.61368667639757,LNP,ALP,0.61368667639757,False,False,0.0,False
24.4,0.75,0.25,WARRANDYTE,Outer Metro,LNP,ALP,0.61368667639757,LNP,ALP,0.61368667639757,False,False,0.0,False
24.4,1.0,0.0,WARRANDYTE,Outer Metro,LNP,ALP,0.61368667639757,LNP,ALP,0.61368667639757,False,False,0.0,False
24.4,0.25,0.75,ELTHAM,Outer Metro,ALP,LNP,0.514531624866004,ALP,LNP,0.514531624866004,False,False,0.0,False
24.4,0.5,0.5,ELTHAM,Outer Metro,ALP,LNP,0.514531624866004,ALP,LNP,0.514531624866004,False,False,0.0,False
24.4,0.75,0.25,ELTHAM,Outer Metro,ALP,LNP,0.514531624866004,ALP,LNP,0.514531624866004,False,False,0.0,False
24.4,1.0,0.0,ELTHAM,Outer Metro,ALP,LNP,0.514531624866004,ALP,LNP,0.514531624866004,False,False,0.0,False
24.4,0.25,0.75,MILL PARK,Outer Metro,ALP,ON,0.5039421841331685,ALP,ON,0.5046872136220777,False,False,0.0007450294889091991,True
24.4,0.5,0.5,MILL PARK,Outer Metro,ALP,ON,0.5039421841331685,ALP,ON,0.505432243110987,False,False,0.0014900589778185092,True
24.4,0.75,0.25,MILL PARK,Outer Metro,ALP,ON,0.5039421841331685,ALP,ON,0.5061772725998962,False,False,0.0022350884667277082,True
24.4,1.0,0.0,MILL PARK,Outer Metro,ALP,ON,0.5039421841331685,ALP,ON,0.5069223020888054,False,False,0.0029801179556369073,True
24.4,0.25,0.75,BRUNSWICK,Inner Ring,GRN,ALP,0.6169817100444487,GRN,ALP,0.6169922966391761,False,False,1.0586594727413079e-05,True
24.4,0.5,0.5,BRUNSWICK,Inner Ring,GRN,ALP,0.6169817100444487,GRN,ALP,0.6170028832339035,False,False,2.1173189454826158e-05,True
24.4,0.75,0.25,BRUNSWICK,Inner Ring,GRN,ALP,0.6169817100444487,GRN,ALP,0.6170134698286309,False,False,3.175978418223924e-05,True
24.4,1.0,0.0,BRUNSWICK,Inner Ring,GRN,ALP,0.6169817100444487,GRN,ALP,0.6170240564233584,False,False,4.234637890976334e-05,True
24.4,0.25,0.75,NORTHCOTE,Inner Ring,ALP,GRN,0.5081597820167263,ALP,GRN,0.5081866850868185,False,False,2.6903070092232362e-05,True
24.4,0.5,0.5,NORTHCOTE,Inner Ring,ALP,GRN,0.5081597820167263,ALP,GRN,0.5082135881569108,False,False,5.3806140184464724e-05,True
24.4,0.75,0.25,NORTHCOTE,Inner Ring,ALP,GRN,0.5081597820167263,ALP,GRN,0.508240491227003,False,False,8.070921027669709e-05,True
24.4,1.0,0.0,NORTHCOTE,Inner Ring,ALP,GRN,0.5081597820167263,ALP,GRN,0.5082673942970952,False,False,0.00010761228036892945,True
24.4,0.25,0.75,MELBOURNE,Inner Ring,GRN,ALP,0.575433946824503,GRN,ALP,0.5754219493122184,False,False,-1.1997512284644962e-05,True
24.4,0.5,0.5,MELBOURNE,Inner Ring,GRN,ALP,0.575433946824503,GRN,ALP,0.5754099517999338,False,False,-2.3995024569178902e-05,True
24.4,0.75,0.25,MELBOURNE,Inner Ring,GRN,ALP,0.575433946824503,GRN,ALP,0.5753979542876492,False,False,-3.5992536853823864e-05,True
24.4,1.0,0.0,MELBOURNE,Inner Ring,GRN,ALP,0.575433946824503,GRN,ALP,0.5753859567753645,False,False,-4.7990049138468827e-05,True
24.4,0.25,0.75,RICHMOND,Inner Ring,GRN,ALP,0.5361723838351966,GRN,ALP,0.5361483766037936,False,False,-2.400723140305594e-05,True
24.4,0.5,0.5,RICHMOND,Inner Ring,GRN,ALP,0.5361723838351966,GRN,ALP,0.5361243693723905,False,False,-4.801446280611188e-05,True
24.4,0.75,0.25,RICHMOND,Inner Ring,GRN,ALP,0.5361723838351966,GRN,ALP,0.5361003621409874,False,False,-7.202169420916782e-05,True
24.4,1.0,0.0,RICHMOND,Inner Ring,GRN,ALP,0.5361723838351966,GRN,ALP,0.5360763549095845,False,False,-9.602892561211274e-05,True
24.4,0.25,0.75,ESSENDON,Middle Ring,ALP,ON,0.5439679201792125,ALP,ON,0.5439679201792125,False,False,0.0,False
24.4,0.5,0.5,ESSENDON,Middle Ring,ALP,ON,0.5439679201792125,ALP,ON,0.5439679201792125,False,False,0.0,False
24.4,0.75,0.25,ESSENDON,Middle Ring,ALP,ON,0.5439679201792125,ALP,ON,0.5439679201792125,False,False,0.0,False
24.4,1.0,0.0,ESSENDON,Middle Ring,ALP,ON,0.5439679201792125,ALP,ON,0.5439679201792125,False,False,0.0,False
24.4,0.25,0.75,PASCOE VALE,Middle Ring,ALP,ON,0.6208243406881832,ALP,ON,0.6213365224492019,False,False,0.0005121817610187485,True
24.4,0.5,0.5,PASCOE VALE,Middle Ring,ALP,ON,0.6208243406881832,ALP,ON,0.6218487042102205,False,False,0.001024363522037386,True
24.4,0.75,0.25,PASCOE VALE,Middle Ring,ALP,ON,0.6208243406881832,ALP,ON,0.6223608859712392,False,False,0.0015365452830560233,True
24.4,1.0,0.0,PASCOE VALE,Middle Ring,ALP,ON,0.6208243406881832,ALP,ON,0.6228730677322578,False,False,0.0020487270440746608,True
24.4,0.25,0.75,PRESTON,Middle Ring,ALP,ON,0.5783846977684488,ALP,ON,0.5788981724799004,False,False,0.0005134747114515781,True
24.4,0.5,0.5,PRESTON,Middle Ring,ALP,ON,0.5783846977684488,ALP,ON,0.579411647191352,False,False,0.0010269494229031562,True
24.4,0.75,0.25,PRESTON,Middle Ring,ALP,ON,0.5783846977684488,ALP,ON,0.5799251219028035,False,False,0.0015404241343547342,True
24.4,1.0,0.0,PRESTON,Middle Ring,ALP,ON,0.5783846977684488,ALP,ON,0.580438596614255,False,False,0.0020538988458062013,True
24.4,0.25,0.75,BROADMEADOWS,Outer Metro,ALP,ON,0.5792184240180936,ALP,ON,0.5792184240180936,False,False,0.0,True
24.4,0.5,0.5,BROADMEADOWS,Outer Metro,ALP,ON,0.5792184240180936,ALP,ON,0.5792184240180936,False,False,0.0,True
24.4,0.75,0.25,BROADMEADOWS,Outer Metro,ALP,ON,0.5792184240180936,ALP,ON,0.5792184240180936,False,False,0.0,True
24.4,1.0,0.0,BROADMEADOWS,Outer Metro,ALP,ON,0.5792184240180936,ALP,ON,0.5792184240180936,False,False,0.0,True
24.4,0.25,0.75,GREENVALE,Outer Metro,ALP,ON,0.5278774471629483,ALP,ON,0.5288896511286714,False,False,0.001012203965723102,True
24.4,0.5,0.5,GREENVALE,Outer Metro,ALP,ON,0.5278774471629483,ALP,ON,0.5299018550943946,False,False,0.002024407931446315,True
24.4,0.75,0.25,GREENVALE,Outer Metro,ALP,ON,0.5278774471629483,ALP,ON,0.5309140590601178,False,False,0.0030366118971695277,True
24.4,1.0,0.0,GREENVALE,Outer Metro,ALP,ON,0.5278774471629483,ALP,ON,0.5319262630258409,False,False,0.00404881586289263,True
24.4,0.25,0.75,THOMASTOWN,Outer Metro,ALP,ON,0.5821296218327181,ALP,ON,0.5821296218327181,False,False,0.0,True
24.4,0.5,0.5,THOMASTOWN,Outer Metro,ALP,ON,0.5821296218327181,ALP,ON,0.5821296218327181,False,False,0.0,True
24.4,0.75,0.25,THOMASTOWN,Outer Metro,ALP,ON,0.5821296218327181,ALP,ON,0.5821296218327181,False,False,0.0,True
24.4,1.0,0.0,THOMASTOWN,Outer Metro,ALP,ON,0.5821296218327181,ALP,ON,0.5821296218327181,False,False,0.0,True
24.4,0.25,0.75,KALKALLO,Peri-urban,ALP,ON,0.5377132561990631,ALP,ON,0.5382858008238428,False,False,0.0005725446247797361,True
24.4,0.5,0.5,KALKALLO,Peri-urban,ALP,ON,0.5377132561990631,ALP,ON,0.5388583454486223,False,False,0.0011450892495592502,True
24.4,0.75,0.25,KALKALLO,Peri-urban,ALP,ON,0.5377132561990631,ALP,ON,0.539430890073402,False,False,0.0017176338743388753,True
24.4,1.0,0.0,KALKALLO,Peri-urban,ALP,ON,0.5377132561990631,ALP,ON,0.5400034346981816,False,False,0.0022901784991185004,True
24.4,0.25,0.75,CLARINDA,Middle Ring,ALP,ON,0.5460499371441434,ALP,ON,0.5463676005378933,False,False,0.0003176633937499451,True
24.4,0.5,0.5,CLARINDA,Middle Ring,ALP,ON,0.5460499371441434,ALP,ON,0.5466852639316433,False,False,0.0006353267874998902,True
24.4,0.75,0.25,CLARINDA,Middle Ring,ALP,ON,0.5460499371441434,ALP,ON,0.5470029273253932,False,False,0.0009529901812498354,True
24.4,1.0,0.0,CLARINDA,Middle Ring,ALP,ON,0.5460499371441434,ALP,ON,0.5473205907191433,False,False,0.0012706535749998915,True
24.4,0.25,0.75,MORDIALLOC,Middle Ring,ALP,ON,0.5463727429689968,ALP,ON,0.5463727429689968,False,False,0.0,False
24.4,0.5,0.5,MORDIALLOC,Middle Ring,ALP,ON,0.5463727429689968,ALP,ON,0.5463727429689968,False,False,0.0,False
24.4,0.75,0.25,MORDIALLOC,Middle Ring,ALP,ON,0.5463727429689968,ALP,ON,0.5463727429689968,False,False,0.0,False
24.4,1.0,0.0,MORDIALLOC,Middle Ring,ALP,ON,0.5463727429689968,ALP,ON,0.5463727429689968,False,False,0.0,False
24.4,0.25,0.75,MULGRAVE,Middle Ring,ALP,ON,0.6611672916098033,ALP,ON,0.6616161377014271,False,False,0.0004488460916238779,True
24.4,0.5,0.5,MULGRAVE,Middle Ring,ALP,ON,0.6611672916098033,ALP,ON,0.6620649837930511,False,False,0.0008976921832478668,True
24.4,0.75,0.25,MULGRAVE,Middle Ring,ALP,ON,0.6611672916098033,ALP,ON,0.662513829884675,False,False,0.0013465382748717447,True
24.4,1.0,0.0,MULGRAVE,Middle Ring,ALP,ON,0.6611672916098033,ALP,ON,0.662962675976299,False,False,0.0017953843664957336,True
24.4,0.25,0.75,ROWVILLE,Outer Metro,LNP,ALP,0.6116216556815481,LNP,ALP,0.6116216556815481,False,False,0.0,False
24.4,0.5,0.5,ROWVILLE,Outer Metro,LNP,ALP,0.6116216556815481,LNP,ALP,0.6116216556815481,False,False,0.0,False
24.4,0.75,0.25,ROWVILLE,Outer Metro,LNP,ALP,0.6116216556815481,LNP,ALP,0.6116216556815481,False,False,0.0,False
24.4,1.0,0.0,ROWVILLE,Outer Metro,LNP,ALP,0.6116216556815481,LNP,ALP,0.6116216556815481,False,False,0.0,False
24.4,0.25,0.75,CRANBOURNE,Outer Metro,ON,ALP,0.5534091164350982,ON,ALP,0.5525736427394234,False,False,-0.0008354736956747155,True
24.4,0.5,0.5,CRANBOURNE,Outer Metro,ON,ALP,0.5534091164350982,ON,ALP,0.5517381690437488,False,False,-0.00167094739134932,True
24.4,0.75,0.25,CRANBOURNE,Outer Metro,ON,ALP,0.5534091164350982,ON,ALP,0.5509026953480742,False,False,-0.0025064210870239245,True
24.4,1.0,0.0,CRANBOURNE,Outer Metro,ON,ALP,0.5534091164350982,ON,ALP,0.5500672216523995,False,False,-0.00334189478269864,True
24.4,0.25,0.75,DANDENONG,Outer Metro,ALP,ON,0.5593399657720614,ALP,ON,0.5600003395503217,False,False,0.0006603737782603369,True
24.4,0.5,0.5,DANDENONG,Outer Metro,ALP,ON,0.5593399657720614,ALP,ON,0.5606607133285821,False,False,0.001320747556520785,True
24.4,0.75,0.25,DANDENONG,Outer Metro,ALP,ON,0.5593399657720614,ALP,ON,0.5613210871068424,False,False,0.001981121334781011,True
24.4,1.0,0.0,DANDENONG,Outer Metro,ALP,ON,0.5593399657720614,ALP,ON,0.5619814608851027,False,False,0.0026414951130413478,True
24.4,0.25,0.75,NARRE WARREN NORTH,Outer Metro,ON,ALP,0.5427291362266511,ON,ALP,0.5420299156271673,False,False,-0.0006992205994837963,True
24.4,0.5,0.5,NARRE WARREN NORTH,Outer Metro,ON,ALP,0.5427291362266511,ON,ALP,0.5413306950276835,False,False,-0.0013984411989675927,True
24.4,0.75,0.25,NARRE WARREN NORTH,Outer Metro,ON,ALP,0.5427291362266511,ON,ALP,0.5406314744281997,False,False,-0.002097661798451389,True
24.4,1.0,0.0,NARRE WARREN NORTH,Outer Metro,ON,ALP,0.5427291362266511,ON,ALP,0.539932253828716,False,False,-0.0027968823979350743,True
24.4,0.25,0.75,NARRE WARREN SOUTH,Outer Metro,ON,ALP,0.5283953410501783,ON,ALP,0.5277207219768961,False,False,-0.0006746190732821455,True
24.4,0.5,0.5,NARRE WARREN SOUTH,Outer Metro,ON,ALP,0.5283953410501783,ON,ALP,0.527046102903614,False,False,-0.001349238146564291,True
24.4,0.75,0.25,NARRE WARREN SOUTH,Outer Metro,ON,ALP,0.5283953410501783,ON,ALP,0.5263714838303318,False,False,-0.0020238572198464366,True
24.4,1.0,0.0,NARRE WARREN SOUTH,Outer Metro,ON,ALP,0.5283953410501783,ON,ALP,0.5256968647570497,False,False,-0.002698476293128582,True
24.4,0.25,0.75,FRANKSTON,Outer Metro,ON,ALP,0.5215842602363029,ON,ALP,0.5209156802202881,False,False,-0.0006685800160147748,True
24.4,0.5,0.5,FRANKSTON,Outer Metro,ON,ALP,0.5215842602363029,ON,ALP,0.5202471002042733,False,False,-0.0013371600320295496,True
24.4,0.75,0.25,FRANKSTON,Outer Metro,ON,ALP,0.5215842602363029,ON,ALP,0.5195785201882586,False,False,-0.0020057400480443244,True
24.4,1.0,0.0,FRANKSTON,Outer Metro,ON,ALP,0.5215842602363029,ON,ALP,0.5189099401722439,False,False,-0.002674320064058988,True
24.4,0.25,0.75,BERWICK,Peri-urban,LNP,ON,0.5859330682972115,LNP,ON,0.5859330682972115,False,False,0.0,False
24.4,0.5,0.5,BERWICK,Peri-urban,LNP,ON,0.5859330682972115,LNP,ON,0.5859330682972115,False,False,0.0,False
24.4,0.75,0.25,BERWICK,Peri-urban,LNP,ON,0.5859330682972115,LNP,ON,0.5859330682972115,False,False,0.0,False
24.4,1.0,0.0,BERWICK,Peri-urban,LNP,ON,0.5859330682972115,LNP,ON,0.5859330682972115,False,False,0.0,False
24.4,0.25,0.75,CARRUM,Peri-urban,ON,ALP,0.5293987161076864,ON,ALP,0.5291117997547494,False,False,-0.00028691635293698337,True
24.4,0.5,0.5,CARRUM,Peri-urban,ON,ALP,0.5293987161076864,ON,ALP,0.5288248834018126,False,False,-0.0005738327058738557,True
24.4,0.75,0.25,CARRUM,Peri-urban,ON,ALP,0.5293987161076864,ON,ALP,0.5285379670488756,False,False,-0.0008607490588108391,True
24.4,1.0,0.0,CARRUM,Peri-urban,ON,ALP,0.5293987161076864,ON,ALP,0.5282510506959387,False,False,-0.0011476654117477114,True
24.4,0.25,0.75,ALBERT PARK,Inner Ring,ALP,LNP,0.6160484269102339,ALP,LNP,0.6160484269102339,False,False,0.0,False
24.4,0.5,0.5,ALBERT PARK,Inner Ring,ALP,LNP,0.6160484269102339,ALP,LNP,0.6160484269102339,False,False,0.0,False
24.4,0.75,0.25,ALBERT PARK,Inner Ring,ALP,LNP,0.6160484269102339,ALP,LNP,0.6160484269102339,False,False,0.0,False
24.4,1.0,0.0,ALBERT PARK,Inner Ring,ALP,LNP,0.6160484269102339,ALP,LNP,0.6160484269102339,False,False,0.0,False
24.4,0.25,0.75,BRIGHTON,Inner Ring,LNP,ALP,0.542595502474669,LNP,ALP,0.542595502474669,False,False,0.0,False
24.4,0.5,0.5,BRIGHTON,Inner Ring,LNP,ALP,0.542595502474669,LNP,ALP,0.542595502474669,False,False,0.0,False
24.4,0.75,0.25,BRIGHTON,Inner Ring,LNP,ALP,0.542595502474669,LNP,ALP,0.542595502474669,False,False,0.0,False
24.4,1.0,0.0,BRIGHTON,Inner Ring,LNP,ALP,0.542595502474669,LNP,ALP,0.542595502474669,False,False,0.0,False
24.4,0.25,0.75,CAULFIELD,Inner Ring,LNP,ALP,0.5625536897227753,LNP,ALP,0.5625536897227753,False,False,0.0,False
24.4,0.5,0.5,CAULFIELD,Inner Ring,LNP,ALP,0.5625536897227753,LNP,ALP,0.5625536897227753,False,False,0.0,False
24.4,0.75,0.25,CAULFIELD,Inner Ring,LNP,ALP,0.5625536897227753,LNP,ALP,0.5625536897227753,False,False,0.0,False
24.4,1.0,0.0,CAULFIELD,Inner Ring,LNP,ALP,0.5625536897227753,LNP,ALP,0.5625536897227753,False,False,0.0,False
24.4,0.25,0.75,PRAHRAN,Inner Ring,GRN,LNP,0.613408878032832,GRN,LNP,0.613408878032832,False,False,0.0,False
24.4,0.5,0.5,PRAHRAN,Inner Ring,GRN,LNP,0.613408878032832,GRN,LNP,0.613408878032832,False,False,0.0,False
24.4,0.75,0.25,PRAHRAN,Inner Ring,GRN,LNP,0.613408878032832,GRN,LNP,0.613408878032832,False,False,0.0,False
24.4,1.0,0.0,PRAHRAN,Inner Ring,GRN,LNP,0.613408878032832,GRN,LNP,0.613408878032832,False,False,0.0,False
24.4,0.25,0.75,HAWTHORN,Inner Ring,LNP,ALP,0.528909666492794,LNP,ALP,0.528909666492794,False,False,0.0,False
24.4,0.5,0.5,HAWTHORN,Inner Ring,LNP,ALP,0.528909666492794,LNP,ALP,0.528909666492794,False,False,0.0,False
24.4,0.75,0.25,HAWTHORN,Inner Ring,LNP,ALP,0.528909666492794,LNP,ALP,0.528909666492794,False,False,0.0,False
24.4,1.0,0.0,HAWTHORN,Inner Ring,LNP,ALP,0.528909666492794,LNP,ALP,0.528909666492794,False,False,0.0,False
24.4,0.25,0.75,KEW,Inner Ring,LNP,IND,0.5974103414819909,LNP,IND,0.5974103414819909,False,False,0.0,False
24.4,0.5,0.5,KEW,Inner Ring,LNP,IND,0.5974103414819909,LNP,IND,0.5974103414819909,False,False,0.0,False
24.4,0.75,0.25,KEW,Inner Ring,LNP,IND,0.5974103414819909,LNP,IND,0.5974103414819909,False,False,0.0,False
24.4,1.0,0.0,KEW,Inner Ring,LNP,IND,0.5974103414819909,LNP,IND,0.5974103414819909,False,False,0.0,False
24.4,0.25,0.75,MALVERN,Inner Ring,LNP,ALP,0.6007408077061158,LNP,ALP,0.6007408077061158,False,False,0.0,False
24.4,0.5,0.5,MALVERN,Inner Ring,LNP,ALP,0.6007408077061158,LNP,ALP,0.6007408077061158,False,False,0.0,False
24.4,0.75,0.25,MALVERN,Inner Ring,LNP,ALP,0.6007408077061158,LNP,ALP,0.6007408077061158,False,False,0.0,False
24.4,1.0,0.0,MALVERN,Inner Ring,LNP,ALP,0.6007408077061158,LNP,ALP,0.6007408077061158,False,False,0.0,False
24.4,0.25,0.75,BENTLEIGH,Middle Ring,ALP,LNP,0.5170242806500196,ALP,LNP,0.5170242806500196,False,False,0.0,False
24.4,0.5,0.5,BENTLEIGH,Middle Ring,ALP,LNP,0.5170242806500196,ALP,LNP,0.5170242806500196,False,False,0.0,False
24.4,0.75,0.25,BENTLEIGH,Middle Ring,ALP,LNP,0.5170242806500196,ALP,LNP,0.5170242806500196,False,False,0.0,False
24.4,1.0,0.0,BENTLEIGH,Middle Ring,ALP,LNP,0.5170242806500196,ALP,LNP,0.5170242806500196,False,False,0.0,False
24.4,0.25,0.75,SANDRINGHAM,Middle Ring,LNP,ALP,0.6172993279272809,LNP,ALP,0.6172993279272809,False,False,0.0,False
24.4,0.5,0.5,SANDRINGHAM,Middle Ring,LNP,ALP,0.6172993279272809,LNP,ALP,0.6172993279272809,False,False,0.0,False
24.4,0.75,0.25,SANDRINGHAM,Middle Ring,LNP,ALP,0.6172993279272809,LNP,ALP,0.6172993279272809,False,False,0.0,False
24.4,1.0,0.0,SANDRINGHAM,Middle Ring,LNP,ALP,0.6172993279272809,LNP,ALP,0.6172993279272809,False,False,0.0,False
24.4,0.25,0.75,ASHWOOD,Middle Ring,LNP,ALP,0.5071052391501237,LNP,ALP,0.5071052391501237,False,False,0.0,False
24.4,0.5,0.5,ASHWOOD,Middle Ring,LNP,ALP,0.5071052391501237,LNP,ALP,0.5071052391501237,False,False,0.0,False
24.4,0.75,0.25,ASHWOOD,Middle Ring,LNP,ALP,0.5071052391501237,LNP,ALP,0.5071052391501237,False,False,0.0,False
24.4,1.0,0.0,ASHWOOD,Middle Ring,LNP,ALP,0.5071052391501237,LNP,ALP,0.5071052391501237,False,False,0.0,False
24.4,0.25,0.75,OAKLEIGH,Middle Ring,ALP,ON,0.5804305089066027,ALP,ON,0.5804305089066027,False,False,0.0,False
24.4,0.5,0.5,OAKLEIGH,Middle Ring,ALP,ON,0.5804305089066027,ALP,ON,0.5804305089066027,False,False,0.0,False
24.4,0.75,0.25,OAKLEIGH,Middle Ring,ALP,ON,0.5804305089066027,ALP,ON,0.5804305089066027,False,False,0.0,False
24.4,1.0,0.0,OAKLEIGH,Middle Ring,ALP,ON,0.5804305089066027,ALP,ON,0.5804305089066027,False,False,0.0,False
24.4,0.25,0.75,FOOTSCRAY,Inner Ring,ALP,GRN,0.5832007702702652,ALP,GRN,0.583225371343908,False,False,2.460107364277153e-05,True
24.4,0.5,0.5,FOOTSCRAY,Inner Ring,ALP,GRN,0.5832007702702652,ALP,GRN,0.5832499724175508,False,False,4.9202147285654085e-05,True
24.4,0.75,0.25,FOOTSCRAY,Inner Ring,ALP,GRN,0.5832007702702652,ALP,GRN,0.5832745734911936,False,False,7.380322092842562e-05,True
24.4,1.0,0.0,FOOTSCRAY,Inner Ring,ALP,GRN,0.5832007702702652,ALP,GRN,0.5832991745648365,False,False,9.840429457130817e-05,True
24.4,0.25,0.75,WILLIAMSTOWN,Inner Ring,ALP,ON,0.5919181832565839,ALP,ON,0.5919181832565839,False,False,0.0,False
24.4,0.5,0.5,WILLIAMSTOWN,Inner Ring,ALP,ON,0.5919181832565839,ALP,ON,0.5919181832565839,False,False,0.0,False
24.4,0.75,0.25,WILLIAMSTOWN,Inner Ring,ALP,ON,0.5919181832565839,ALP,ON,0.5919181832565839,False,False,0.0,False
24.4,1.0,0.0,WILLIAMSTOWN,Inner Ring,ALP,ON,0.5919181832565839,ALP,ON,0.5919181832565839,False,False,0.0,False
24.4,0.25,0.75,LAVERTON,Middle Ring,ALP,ON,0.607813232280466,ALP,ON,0.607813232280466,False,False,0.0,True
24.4,0.5,0.5,LAVERTON,Middle Ring,ALP,ON,0.607813232280466,ALP,ON,0.607813232280466,False,False,0.0,True
24.4,0.75,0.25,LAVERTON,Middle Ring,ALP,ON,0.607813232280466,ALP,ON,0.607813232280466,False,False,0.0,True
24.4,1.0,0.0,LAVERTON,Middle Ring,ALP,ON,0.607813232280466,ALP,ON,0.607813232280466,False,False,0.0,True
24.4,0.25,0.75,NIDDRIE,Middle Ring,ON,ALP,0.5211768234573511,ON,ALP,0.5205761020758246,False,False,-0.0006007213815264478,True
24.4,0.5,0.5,NIDDRIE,Middle Ring,ON,ALP,0.5211768234573511,ON,ALP,0.5199753806942979,False,False,-0.0012014427630531177,True
24.4,0.75,0.25,NIDDRIE,Middle Ring,ON,ALP,0.5211768234573511,ON,ALP,0.5193746593127714,False,False,-0.0018021641445796766,True
24.4,1.0,0.0,NIDDRIE,Middle Ring,ON,ALP,0.5211768234573511,ON,ALP,0.5187739379312448,False,False,-0.0024028855261062354,True
24.4,0.25,0.75,ST ALBANS,Middle Ring,ALP,ON,0.5173294533591665,ALP,ON,0.5183035088948579,False,False,0.0009740555356914093,True
24.4,0.5,0.5,ST ALBANS,Middle Ring,ALP,ON,0.5173294533591665,ALP,ON,0.5192775644305493,False,False,0.0019481110713828187,True
24.4,0.75,0.25,ST ALBANS,Middle Ring,ALP,ON,0.5173294533591665,ALP,ON,0.5202516199662407,False,False,0.002922166607074228,True
24.4,1.0,0.0,ST ALBANS,Middle Ring,ALP,ON,0.5173294533591665,ALP,ON,0.5212256755019321,False,False,0.0038962221427656374,True
24.4,0.25,0.75,KOROROIT,Outer Metro,ALP,ON,0.5698713698919325,ALP,ON,0.5698713698919325,False,False,0.0,True
24.4,0.5,0.5,KOROROIT,Outer Metro,ALP,ON,0.5698713698919325,ALP,ON,0.5698713698919325,False,False,0.0,True
24.4,0.75,0.25,KOROROIT,Outer Metro,ALP,ON,0.5698713698919325,ALP,ON,0.5698713698919325,False,False,0.0,True
24.4,1.0,0.0,KOROROIT,Outer Metro,ALP,ON,0.5698713698919325,ALP,ON,0.5698713698919325,False,False,0.0,True
24.4,0.25,0.75,POINT COOK,Outer Metro,ON,ALP,0.5390008666652609,ON,ALP,0.5383855984762626,False,False,-0.0006152681889983747,True
24.4,0.5,0.5,POINT COOK,Outer Metro,ON,ALP,0.5390008666652609,ON,ALP,0.5377703302872642,False,False,-0.0012305363779967493,True
24.4,0.75,0.25,POINT COOK,Outer Metro,ON,ALP,0.5390008666652609,ON,ALP,0.5371550620982657,False,False,-0.001845804566995235,True
24.4,1.0,0.0,POINT COOK,Outer Metro,ON,ALP,0.5390008666652609,ON,ALP,0.5365397939092673,False,False,-0.0024610727559936096,True
24.4,0.25,0.75,SYDENHAM,Outer Metro,ON,ALP,0.5187902714026131,ON,ALP,0.5179732456537477,False,False,-0.0008170257488654409,True
24.4,0.5,0.5,SYDENHAM,Outer Metro,ON,ALP,0.5187902714026131,ON,ALP,0.5171562199048823,False,False,-0.0016340514977308818,True
24.4,0.75,0.25,SYDENHAM,Outer Metro,ON,ALP,0.5187902714026131,ON,ALP,0.5163391941560168,False,False,-0.0024510772465963226,True
24.4,1.0,0.0,SYDENHAM,Outer Metro,ON,ALP,0.5187902714026131,ON,ALP,0.5155221684071514,False,False,-0.0032681029954617635,True
24.4,0.25,0.75,TARNEIT,Outer Metro,ALP,ON,0.5067934710900293,ALP,ON,0.5074110646536987,False,False,0.0006175935636694163,True
24.4,0.5,0.5,TARNEIT,Outer Metro,ALP,ON,0.5067934710900293,ALP,ON,0.5080286582173682,False,False,0.0012351871273389436,True
24.4,0.75,0.25,TARNEIT,Outer Metro,ALP,ON,0.5067934710900293,ALP,ON,0.5086462517810377,False,False,0.001852780691008471,True
24.4,1.0,0.0,TARNEIT,Outer Metro,ALP,ON,0.5067934710900293,ALP,ON,0.5092638453447071,False,False,0.0024703742546778873,True
24.4,0.25,0.75,SUNBURY,Peri-urban,ON,ALP,0.5780053204542066,ON,ALP,0.5776579160551261,False,False,-0.000347404399080542,True
24.4,0.5,0.5,SUNBURY,Peri-urban,ON,ALP,0.5780053204542066,ON,ALP,0.5773105116560455,False,False,-0.000694808798161084,True
24.4,0.75,0.25,SUNBURY,Peri-urban,ON,ALP,0.5780053204542066,ON,ALP,0.576963107256965,False,False,-0.001042213197241626,True
24.4,1.0,0.0,SUNBURY,Peri-urban,ON,ALP,0.5780053204542066,ON,ALP,0.5766157028578844,False,False,-0.001389617596322168,True
24.4,0.25,0.75,WERRIBEE,Peri-urban,ON,ALP,0.562806524399105,ON,ALP,0.5623689895802696,False,False,-0.00043753481883535006,True
24.4,0.5,0.5,WERRIBEE,Peri-urban,ON,ALP,0.562806524399105,ON,ALP,0.5619314547614342,False,False,-0.0008750696376707001,True
24.4,0.75,0.25,WERRIBEE,Peri-urban,ON,ALP,0.562806524399105,ON,ALP,0.5614939199425988,False,False,-0.0013126044565061612,True
24.4,1.0,0.0,WERRIBEE,Peri-urban,ON,ALP,0.562806524399105,ON,ALP,0.5610563851237633,False,False,-0.0017501392753416223,True
24.4,0.25,0.75,EVELYN,Peri-urban,LNP,ALP,0.6549327169832175,LNP,ALP,0.6549327169832175,False,False,0.0,False
24.4,0.5,0.5,EVELYN,Peri-urban,LNP,ALP,0.6549327169832175,LNP,ALP,0.6549327169832175,False,False,0.0,False
24.4,0.75,0.25,EVELYN,Peri-urban,LNP,ALP,0.6549327169832175,LNP,ALP,0.6549327169832175,False,False,0.0,False
24.4,1.0,0.0,EVELYN,Peri-urban,LNP,ALP,0.6549327169832175,LNP,ALP,0.6549327169832175,False,False,0.0,False
24.4,0.25,0.75,MONBULK,Peri-urban,ON,ALP,0.5564898260388673,ON,ALP,0.5564898260388673,False,False,0.0,False
24.4,0.5,0.5,MONBULK,Peri-urban,ON,ALP,0.5564898260388673,ON,ALP,0.5564898260388673,False,False,0.0,False
24.4,0.75,0.25,MONBULK,Peri-urban,ON,ALP,0.5564898260388673,ON,ALP,0.5564898260388673,False,False,0.0,False
24.4,1.0,0.0,MONBULK,Peri-urban,ON,ALP,0.5564898260388673,ON,ALP,0.5564898260388673,False,False,0.0,False
24.4,0.25,0.75,PAKENHAM,Peri-urban,ON,LNP,0.5151619705881573,ON,LNP,0.5139152971502747,False,False,-0.0012466734378825395,True
24.4,0.5,0.5,PAKENHAM,Peri-urban,ON,LNP,0.5151619705881573,ON,LNP,0.5126686237123921,False,False,-0.00249334687576519,True
24.4,0.75,0.25,PAKENHAM,Peri-urban,ON,LNP,0.5151619705881573,ON,LNP,0.5114219502745095,False,False,-0.0037400203136477295,True
24.4,1.0,0.0,PAKENHAM,Peri-urban,ON,LNP,0.5151619705881573,ON,LNP,0.5101752768366269,False,False,-0.00498669375153038,True
24.4,0.25,0.75,MORNINGTON,Peri-urban,LNP,IND,0.6513494898969879,LNP,IND,0.6513494898969879,False,False,0.0,False
24.4,0.5,0.5,MORNINGTON,Peri-urban,LNP,IND,0.6513494898969879,LNP,IND,0.6513494898969879,False,False,0.0,False
24.4,0.75,0.25,MORNINGTON,Peri-urban,LNP,IND,0.6513494898969879,LNP,IND,0.6513494898969879,False,False,0.0,False
24.4,1.0,0.0,MORNINGTON,Peri-urban,LNP,IND,0.6513494898969879,LNP,IND,0.6513494898969879,False,False,0.0,False
24.4,0.25,0.75,NEPEAN,Peri-urban,LNP,ON,0.6029128651041964,LNP,ON,0.6029128651041964,False,False,0.0,False
24.4,0.5,0.5,NEPEAN,Peri-urban,LNP,ON,0.6029128651041964,LNP,ON,0.6029128651041964,False,False,0.0,False
24.4,0.75,0.25,NEPEAN,Peri-urban,LNP,ON,0.6029128651041964,LNP,ON,0.6029128651041964,False,False,0.0,False
24.4,1.0,0.0,NEPEAN,Peri-urban,LNP,ON,0.6029128651041964,LNP,ON,0.6029128651041964,False,False,0.0,False
24.4,0.25,0.75,MORWELL,Provincial,ON,LNP,0.5644795376636054,ON,LNP,0.5629653617170272,False,False,-0.0015141759465782112,True
24.4,0.5,0.5,MORWELL,Provincial,ON,LNP,0.5644795376636054,ON,LNP,0.5608874455454362,False,False,-0.0035920921181691323,True
24.4,0.75,0.25,MORWELL,Provincial,ON,LNP,0.5644795376636054,ON,LNP,0.5588095293738452,False,False,-0.0056700082897601645,True
24.4,1.0,0.0,MORWELL,Provincial,ON,LNP,0.5644795376636054,ON,LNP,0.5567316132022542,False,False,-0.007747924461351197,True
24.4,0.25,0.75,GIPPSLAND EAST,Regional,LNP,ON,0.557779681570339,LNP,ON,0.557779681570339,False,False,0.0,True
24.4,0.5,0.5,GIPPSLAND EAST,Regional,LNP,ON,0.557779681570339,LNP,ON,0.557779681570339,False,False,0.0,True
24.4,0.75,0.25,GIPPSLAND EAST,Regional,LNP,ON,0.557779681570339,LNP,ON,0.557779681570339,False,False,0.0,True
24.4,1.0,0.0,GIPPSLAND EAST,Regional,LNP,ON,0.557779681570339,LNP,ON,0.557779681570339,False,False,0.0,True
24.4,0.25,0.75,GIPPSLAND SOUTH,Regional,LNP,ON,0.5473840257264754,LNP,ON,0.5479262899560058,False,False,0.0005422642295304092,True
24.4,0.5,0.5,GIPPSLAND SOUTH,Regional,LNP,ON,0.5473840257264754,LNP,ON,0.5484685541855362,False,False,0.0010845284590608184,True
24.4,0.75,0.25,GIPPSLAND SOUTH,Regional,LNP,ON,0.5473840257264754,LNP,ON,0.5490108184150666,False,False,0.0016267926885912276,True
24.4,1.0,0.0,GIPPSLAND SOUTH,Regional,LNP,ON,0.5473840257264754,LNP,ON,0.5495530826445971,False,False,0.002169056918121748,True
24.4,0.25,0.75,BASS,Regional,LNP,ON,0.5314454339319774,LNP,ON,0.532413770870397,False,False,0.0009683369384195784,True
24.4,0.5,0.5,BASS,Regional,LNP,ON,0.5314454339319774,LNP,ON,0.5333821078088167,False,False,0.0019366738768392677,True
24.4,0.75,0.25,BASS,Regional,LNP,ON,0.5314454339319774,LNP,ON,0.5343504447472363,False,False,0.002905010815258846,True
24.4,1.0,0.0,BASS,Regional,LNP,ON,0.5314454339319774,LNP,ON,0.5353187816856559,False,False,0.0038733477536785355,True
24.4,0.25,0.75,HASTINGS,Regional,LNP,ON,0.5260035861467872,LNP,ON,0.526828849508013,False,False,0.000825263361225792,True
24.4,0.5,0.5,HASTINGS,Regional,LNP,ON,0.5260035861467872,LNP,ON,0.5276541128692387,False,False,0.001650526722451473,True
24.4,0.75,0.25,HASTINGS,Regional,LNP,ON,0.5260035861467872,LNP,ON,0.5284793762304645,False,False,0.002475790083677265,True
24.4,1.0,0.0,HASTINGS,Regional,LNP,ON,0.5260035861467872,LNP,ON,0.5293046395916903,False,False,0.003301053444903057,True
24.4,0.25,0.75,NARRACAN,Regional,LNP,ON,0.5756354466879318,LNP,ON,0.5756354466879318,False,False,0.0,False
24.4,0.5,0.5,NARRACAN,Regional,LNP,ON,0.5756354466879318,LNP,ON,0.5756354466879318,False,False,0.0,False
24.4,0.75,0.25,NARRACAN,Regional,LNP,ON,0.5756354466879318,LNP,ON,0.5756354466879318,False,False,0.0,False
24.4,1.0,0.0,NARRACAN,Regional,LNP,ON,0.5756354466879318,LNP,ON,0.5756354466879318,False,False,0.0,False
24.4,0.25,0.75,YAN YEAN,Peri-urban,ON,ALP,0.5680116305230437,ON,ALP,0.5673904414405169,False,False,-0.0006211890825268407,True
24.4,0.5,0.5,YAN YEAN,Peri-urban,ON,ALP,0.5680116305230437,ON,ALP,0.5667692523579901,False,False,-0.0012423781650535703,True
24.4,0.75,0.25,YAN YEAN,Peri-urban,ON,ALP,0.5680116305230437,ON,ALP,0.5661480632754634,False,False,-0.0018635672475803,True
24.4,1.0,0.0,YAN YEAN,Peri-urban,ON,ALP,0.5680116305230437,ON,ALP,0.5655268741929367,False,False,-0.0024847563301070297,True
24.4,0.25,0.75,SHEPPARTON,Provincial,LNP,ON,0.5466063078353742,LNP,ON,0.5471965484579222,False,False,0.0005902406225479773,True
24.4,0.5,0.5,SHEPPARTON,Provincial,LNP,ON,0.5466063078353742,LNP,ON,0.5479727405558055,False,False,0.0013664327204312432,True
24.4,0.75,0.25,SHEPPARTON,Provincial,LNP,ON,0.5466063078353742,LNP,ON,0.5487489326536888,False,False,0.00214262481831462,True
24.4,1.0,0.0,SHEPPARTON,Provincial,LNP,ON,0.5466063078353742,LNP,ON,0.5495251247515721,False,False,0.002918816916197886,True
24.4,0.25,0.75,BENDIGO EAST,Provincial,ALP,ON,0.5398197420289091,ALP,ON,0.5398197420289091,False,False,0.0,False
24.4,0.5,0.5,BENDIGO EAST,Provincial,ALP,ON,0.5398197420289091,ALP,ON,0.5398197420289091,False,False,0.0,False
24.4,0.75,0.25,BENDIGO EAST,Provincial,ALP,ON,0.5398197420289091,ALP,ON,0.5398197420289091,False,False,0.0,False
24.4,1.0,0.0,BENDIGO EAST,Provincial,ALP,ON,0.5398197420289091,ALP,ON,0.5398197420289091,False,False,0.0,False
24.4,0.25,0.75,BENDIGO WEST,Provincial,ALP,ON,0.5305914731623742,ALP,ON,0.5311075967865396,False,False,0.000516123624165421,True
24.4,0.5,0.5,BENDIGO WEST,Provincial,ALP,ON,0.5305914731623742,ALP,ON,0.5317462250519448,False,False,0.0011547518895705933,True
24.4,0.75,0.25,BENDIGO WEST,Provincial,ALP,ON,0.5305914731623742,ALP,ON,0.5323848533173499,False,False,0.0017933801549756545,True
24.4,1.0,0.0,BENDIGO WEST,Provincial,ALP,ON,0.5305914731623742,ALP,ON,0.533023481582755,False,False,0.0024320084203808268,True
24.4,0.25,0.75,EILDON,Regional,LNP,ON,0.5733448947887757,LNP,ON,0.5733448947887757,False,False,0.0,False
24.4,0.5,0.5,EILDON,Regional,LNP,ON,0.5733448947887757,LNP,ON,0.5733448947887757,False,False,0.0,False
24.4,0.75,0.25,EILDON,Regional,LNP,ON,0.5733448947887757,LNP,ON,0.5733448947887757,False,False,0.0,False
24.4,1.0,0.0,EILDON,Regional,LNP,ON,0.5733448947887757,LNP,ON,0.5733448947887757,False,False,0.0,False
24.4,0.25,0.75,EUROA,Regional,LNP,ON,0.5558433010566395,LNP,ON,0.5567126782774968,False,False,0.0008693772208573369,True
24.4,0.5,0.5,EUROA,Regional,LNP,ON,0.5558433010566395,LNP,ON,0.557582055498354,False,False,0.0017387544417145628,True
24.4,0.75,0.25,EUROA,Regional,LNP,ON,0.5558433010566395,LNP,ON,0.5584514327192114,False,False,0.0026081316625718998,True
24.4,1.0,0.0,EUROA,Regional,LNP,ON,0.5558433010566395,LNP,ON,0.5593208099400687,False,False,0.0034775088834292367,True
24.4,0.25,0.75,MACEDON,Regional,ON,ALP,0.5409137779375293,ON,ALP,0.5409137779375293,False,False,0.0,False
24.4,0.5,0.5,MACEDON,Regional,ON,ALP,0.5409137779375293,ON,ALP,0.5409137779375293,False,False,0.0,False
24.4,0.75,0.25,MACEDON,Regional,ON,ALP,0.5409137779375293,ON,ALP,0.5409137779375293,False,False,0.0,False
24.4,1.0,0.0,MACEDON,Regional,ON,ALP,0.5409137779375293,ON,ALP,0.5409137779375293,False,False,0.0,False
24.4,0.25,0.75,BENAMBRA,Regional,ON,LNP,0.5043284841833703,ON,LNP,0.5036841048669425,False,False,-0.0006443793164278011,True
24.4,0.5,0.5,BENAMBRA,Regional,ON,LNP,0.5043284841833703,ON,LNP,0.5030397255505146,False,False,-0.0012887586328557132,True
24.4,0.75,0.25,BENAMBRA,Regional,ON,LNP,0.5043284841833703,ON,LNP,0.5023953462340868,False,False,-0.0019331379492835143,True
24.4,1.0,0.0,BENAMBRA,Regional,ON,LNP,0.5043284841833703,ON,LNP,0.501750966917659,False,False,-0.0025775172657113155,True
24.4,0.25,0.75,OVENS VALLEY,Regional,LNP,ON,0.5662681885284475,LNP,ON,0.5662681885284475,False,False,0.0,True
24.4,0.5,0.5,OVENS VALLEY,Regional,LNP,ON,0.5662681885284475,LNP,ON,0.5662681885284475,False,False,0.0,True
24.4,0.75,0.25,OVENS VALLEY,Regional,LNP,ON,0.5662681885284475,LNP,ON,0.5662681885284475,False,False,0.0,True
24.4,1.0,0.0,OVENS VALLEY,Regional,LNP,ON,0.5662681885284475,LNP,ON,0.5662681885284475,False,False,0.0,True
24.4,0.25,0.75,MILDURA,Regional,ON,IND,0.5582976098881426,ON,IND,0.558082892356041,False,False,-0.00021471753210156042,True
24.4,0.5,0.5,MILDURA,Regional,ON,IND,0.5582976098881426,ON,IND,0.5578681748239394,False,False,-0.00042943506420323185,True
24.4,0.75,0.25,MILDURA,Regional,ON,IND,0.5582976098881426,ON,IND,0.5576534572918379,False,False,-0.0006441525963046812,True
24.4,1.0,0.0,MILDURA,Regional,ON,IND,0.5582976098881426,ON,IND,0.5574387397597362,False,False,-0.0008588701284063527,True
24.4,0.25,0.75,MURRAY PLAINS,Regional,LNP,ON,0.5682152123553871,LNP,ON,0.5682152123553871,False,False,0.0,True
24.4,0.5,0.5,MURRAY PLAINS,Regional,LNP,ON,0.5682152123553871,LNP,ON,0.5682152123553871,False,False,0.0,True
24.4,0.75,0.25,MURRAY PLAINS,Regional,LNP,ON,0.5682152123553871,LNP,ON,0.5682152123553871,False,False,0.0,True
24.4,1.0,0.0,MURRAY PLAINS,Regional,LNP,ON,0.5682152123553871,LNP,ON,0.5682152123553871,False,False,0.0,True
24.4,0.25,0.75,LARA,Peri-urban,ON,ALP,0.5608488774911453,ON,ALP,0.5604443034614477,False,False,-0.0004045740296976241,True
24.4,0.5,0.5,LARA,Peri-urban,ON,ALP,0.5608488774911453,ON,ALP,0.56003972943175,False,False,-0.0008091480593953593,True
24.4,0.75,0.25,LARA,Peri-urban,ON,ALP,0.5608488774911453,ON,ALP,0.5596351554020522,False,False,-0.0012137220890930944,True
24.4,1.0,0.0,LARA,Peri-urban,ON,ALP,0.5608488774911453,ON,ALP,0.5592305813723546,False,False,-0.0016182961187907186,True
24.4,0.25,0.75,MELTON,Peri-urban,ON,ALP,0.5735580465812182,ON,ALP,0.5729508114049506,False,False,-0.0006072351762675954,True
24.4,0.5,0.5,MELTON,Peri-urban,ON,ALP,0.5735580465812182,ON,ALP,0.5723435762286831,False,False,-0.0012144703525350797,True
24.4,0.75,0.25,MELTON,Peri-urban,ON,ALP,0.5735580465812182,ON,ALP,0.5717363410524156,False,False,-0.0018217055288026751,True
24.4,1.0,0.0,MELTON,Peri-urban,ON,ALP,0.5735580465812182,ON,ALP,0.571129105876148,False,False,-0.0024289407050702705,True
24.4,0.25,0.75,BELLARINE,Peri-urban,LNP,ALP,0.5167690507274196,LNP,ALP,0.5167690507274196,False,False,0.0,False
24.4,0.5,0.5,BELLARINE,Peri-urban,LNP,ALP,0.5167690507274196,LNP,ALP,0.5167690507274196,False,False,0.0,False
24.4,0.75,0.25,BELLARINE,Peri-urban,LNP,ALP,0.5167690507274196,LNP,ALP,0.5167690507274196,False,False,0.0,False
24.4,1.0,0.0,BELLARINE,Peri-urban,LNP,ALP,0.5167690507274196,LNP,ALP,0.5167690507274196,False,False,0.0,False
24.4,0.25,0.75,WENDOUREE,Provincial,ON,ALP,0.5128822275793987,ON,ALP,0.512507658333156,False,False,-0.0003745692462426842,True
24.4,0.5,0.5,WENDOUREE,Provincial,ON,ALP,0.5128822275793987,ON,ALP,0.5120504219712823,False,False,-0.0008318056081164649,True
24.4,0.75,0.25,WENDOUREE,Provincial,ON,ALP,0.5128822275793987,ON,ALP,0.5115931856094084,False,False,-0.0012890419699903566,True
24.4,1.0,0.0,WENDOUREE,Provincial,ON,ALP,0.5128822275793987,ON,ALP,0.5111359492475345,False,False,-0.0017462783318642483,True
24.4,0.25,0.75,GEELONG,Provincial,ON,ALP,0.5221873855581615,ON,ALP,0.5221873855581615,False,False,0.0,False
24.4,0.5,0.5,GEELONG,Provincial,ON,ALP,0.5221873855581615,ON,ALP,0.5221873855581615,False,False,0.0,False
24.4,0.75,0.25,GEELONG,Provincial,ON,ALP,0.5221873855581615,ON,ALP,0.5221873855581615,False,False,0.0,False
24.4,1.0,0.0,GEELONG,Provincial,ON,ALP,0.5221873855581615,ON,ALP,0.5221873855581615,False,False,0.0,False
24.4,0.25,0.75,SOUTH BARWON,Provincial,ON,ALP,0.5136023543500712,ON,ALP,0.5131212579768036,False,False,-0.0004810963732675422,True
24.4,0.5,0.5,SOUTH BARWON,Provincial,ON,ALP,0.5136023543500712,ON,ALP,0.5125308469080163,False,False,-0.0010715074420548643,True
24.4,0.75,0.25,SOUTH BARWON,Provincial,ON,ALP,0.5136023543500712,ON,ALP,0.5119404358392291,False,False,-0.0016619185108420753,True
24.4,1.0,0.0,SOUTH BARWON,Provincial,ON,ALP,0.5136023543500712,ON,ALP,0.5113500247704418,False,False,-0.0022523295796293974,True
24.4,0.25,0.75,EUREKA,Regional,ON,ALP,0.6075641657404027,ON,ALP,0.6072402371132364,False,False,-0.00032392862716634774,True
24.4,0.5,0.5,EUREKA,Regional,ON,ALP,0.6075641657404027,ON,ALP,0.6069163084860698,False,False,-0.0006478572543329175,True
24.4,0.75,0.25,EUREKA,Regional,ON,ALP,0.6075641657404027,ON,ALP,0.6065923798589035,False,False,-0.0009717858814992653,True
24.4,1.0,0.0,EUREKA,Regional,ON,ALP,0.6075641657404027,ON,ALP,0.6062684512317369,False,False,-0.001295714508665835,True
24.4,0.25,0.75,RIPON,Regional,ON,ALP,0.6499632176605687,ON,ALP,0.649499626737698,False,False,-0.000463590922870738,True
24.4,0.5,0.5,RIPON,Regional,ON,ALP,0.6499632176605687,ON,LNP,0.5241664797603737,False,True,-0.12579673790019508,True
24.4,0.75,0.25,RIPON,Regional,ON,ALP,0.6499632176605687,ON,LNP,0.522821153476341,False,True,-0.1271420641842278,True
24.4,1.0,0.0,RIPON,Regional,ON,ALP,0.6499632176605687,ON,LNP,0.5214758271923081,False,True,-0.12848739046826063,True
24.4,0.25,0.75,LOWAN,Regional,LNP,ON,0.5804713052242971,LNP,ON,0.5812167140787571,False,False,0.0007454088544599502,True
24.4,0.5,0.5,LOWAN,Regional,LNP,ON,0.5804713052242971,LNP,ON,0.581962122933217,False,False,0.0014908177089199004,True
24.4,0.75,0.25,LOWAN,Regional,LNP,ON,0.5804713052242971,LNP,ON,0.5827075317876771,False,False,0.0022362265633799616,True
24.4,1.0,0.0,LOWAN,Regional,LNP,ON,0.5804713052242971,LNP,ON,0.5834529406421372,False,False,0.002981635417840023,True
24.4,0.25,0.75,POLWARTH,Regional,LNP,ALP,0.6435473321179906,LNP,ALP,0.6435473321179906,False,False,0.0,False
24.4,0.5,0.5,POLWARTH,Regional,LNP,ALP,0.6435473321179906,LNP,ALP,0.6435473321179906,False,False,0.0,False
24.4,0.75,0.25,POLWARTH,Regional,LNP,ALP,0.6435473321179906,LNP,ALP,0.6435473321179906,False,False,0.0,False
24.4,1.0,0.0,POLWARTH,Regional,LNP,ALP,0.6435473321179906,LNP,ALP,0.6435473321179906,False,False,0.0,False
24.4,0.25,0.75,SOUTH-WEST COAST,Regional,LNP,IND,0.6369713270618794,LNP,IND,0.6368635571575533,False,False,-0.0001077699043261493,True
24.4,0.5,0.5,SOUTH-WEST COAST,Regional,LNP,IND,0.6369713270618794,LNP,IND,0.6367557872532271,False,False,-0.0002155398086522986,True
24.4,0.75,0.25,SOUTH-WEST COAST,Regional,LNP,IND,0.6369713270618794,LNP,IND,0.6366480173489011,False,False,-0.0003233097129783369,True
24.4,1.0,0.0,SOUTH-WEST COAST,Regional,LNP,IND,0.6369713270618794,LNP,IND,0.6365402474445749,False,False,-0.0004310796173044862,True
