district,region,held_by,winner,runner_up,winner_pct,runner_up_pct,margin,matchup,elimination_order,ALP_2PP,LNP_2PP,forced_2pp_elimination_order,ALP_ON_2CP,ON_ALP_2CP,forced_alp_on_2cp_elimination_order,region_reference,held_by_reference,winner_reference,runner_up_reference,winner_pct_reference,runner_up_pct_reference,margin_reference,matchup_reference,elimination_order_reference,ALP_2PP_reference,LNP_2PP_reference,forced_2pp_elimination_order_reference,ALP_ON_2CP_reference,ON_ALP_2CP_reference,forced_alp_on_2cp_elimination_order_reference,Scenario,Variant,WinnerChanged,ALP_2PP_change_pp
Albert Park,Southern Metro,ALP,ALP,LNP,0.567406538630568,0.43259346136943194,0.067406538630568,ALP-LNP,OTH>IND>ON>GRN,0.567406538630568,0.43259346136943194,OTH>IND>ON>GRN,0.6644311484109822,0.3355688515890179,OTH>IND>GRN>LNP,Southern Metro,ALP,ALP,LNP,0.567406538630568,0.43259346136943194,0.067406538630568,ALP-LNP,OTH>IND>ON>GRN,0.567406538630568,0.43259346136943194,OTH>IND>ON>GRN,0.6644311484109822,0.3355688515890179,OTH>IND>GRN>LNP,Lower ON,Stored OTH,False,0.0
Ashwood,Southern Metro,ALP,LNP,ALP,0.5153870251379621,0.48461297486203797,0.015387025137962085,LNP-ALP,OTH>IND>ON>GRN,0.48461297486203797,0.5153870251379621,OTH>IND>ON>GRN,0.618237628393637,0.38176237160636306,OTH>IND>GRN>LNP,Southern Metro,ALP,LNP,ALP,0.5153870251379621,0.48461297486203797,0.015387025137962085,LNP-ALP,OTH>IND>ON>GRN,0.48461297486203797,0.5153870251379621,OTH>IND>ON>GRN,0.618237628393637,0.38176237160636306,OTH>IND>GRN>LNP,Lower ON,Stored OTH,False,0.0
Bass,Eastern Victoria,ALP,LNP,ON,0.5781868477374341,0.4218131522625659,0.07818684773743412,LNP-ON,OTH>IND>GRN>ALP,0.3690988534279043,0.6309011465720957,OTH>IND>GRN>ON,0.372677029075901,0.6273229709240989,OTH>IND>GRN>LNP,Eastern Victoria,ALP,LNP,ON,0.5781868477374341,0.4218131522625659,0.07818684773743412,LNP-ON,OTH>IND>GRN>ALP,0.3690988534279043,0.6309011465720957,OTH>IND>GRN>ON,0.372677029075901,0.6273229709240989,OTH>IND>GRN>LNP,Lower ON,Stored OTH,False,0.0
Bayswater,North-Eastern Metro,ALP,LNP,ALP,0.5558845587706756,0.4441154412293244,0.05588455877067555,LNP-ALP,IND>OTH>GRN>ON,0.4441154412293244,0.5558845587706756,IND>OTH>GRN>ON,0.5154783311167392,0.4845216688832607,IND>OTH>GRN>LNP,North-Eastern Metro,ALP,LNP,ALP,0.5558845587706756,0.4441154412293244,0.05588455877067555,LNP-ALP,IND>OTH>GRN>ON,0.4441154412293244,0.5558845587706756,IND>OTH>GRN>ON,0.5154783311167392,0.4845216688832607,IND>OTH>GRN>LNP,Lower ON,Stored OTH,False,0.0
Bellarine,Western Victoria,ALP,LNP,ALP,0.5071009780513032,0.4928990219486968,0.007100978051303164,LNP-ALP,OTH>IND>GRN>ON,0.4928990219486968,0.5071009780513032,OTH>IND>GRN>ON,0.511577844945101,0.48842215505489905,OTH>IND>GRN>LNP,Western Victoria,ALP,LNP,ALP,0.5071009780513032,0.4928990219486968,0.007100978051303164,LNP-ALP,OTH>IND>GRN>ON,0.4928990219486968,0.5071009780513032,OTH>IND>GRN>ON,0.511577844945101,0.48842215505489905,OTH>IND>GRN>LNP,Lower ON,Stored OTH,False,0.0
Benambra,Northern Victoria,LNP,LNP,IND,0.5641985856017662,0.4358014143982339,0.06419858560176617,LNP-IND,ALP>OTH>GRN>ON,0.2592315934722559,0.7407684065277442,OTH>GRN>ON>IND,0.33976932434967844,0.6602306756503217,OTH>GRN>LNP>IND,Northern Victoria,LNP,LNP,IND,0.5641985856017662,0.4358014143982339,0.06419858560176617,LNP-IND,ALP>OTH>GRN>ON,0.2592315934722559,0.7407684065277442,OTH>GRN>ON>IND,0.33976932434967844,0.6602306756503217,OTH>GRN>LNP>IND,Lower ON,Stored OTH,False,0.0
Bendigo East,Northern Victoria,ALP,ALP,LNP,0.5086620612605066,0.4913379387394934,0.008662061260506615,ALP-LNP,OTH>IND>GRN>ON,0.5086620612605066,0.4913379387394934,OTH>IND>GRN>ON,0.5412336302634836,0.45876636973651636,OTH>IND>GRN>LNP,Northern Victoria,ALP,ALP,LNP,0.5086620612605066,0.4913379387394934,0.008662061260506615,ALP-LNP,OTH>IND>GRN>ON,0.5086620612605066,0.4913379387394934,OTH>IND>GRN>ON,0.5412336302634836,0.45876636973651636,OTH>IND>GRN>LNP,Lower ON,Stored OTH,False,0.0
Bendigo West,Northern Victoria,ALP,ALP,ON,0.5432668898765656,0.4567331101234345,0.04326688987656557,ALP-ON,IND>OTH>GRN>LNP,0.5461224403986624,0.45387755960133763,IND>OTH>GRN>ON,0.5432668898765656,0.4567331101234345,IND>OTH>GRN>LNP,Northern Victoria,ALP,ALP,ON,0.5432668898765656,0.4567331101234345,0.04326688987656557,ALP-ON,IND>OTH>GRN>LNP,0.5461224403986624,0.45387755960133763,IND>OTH>GRN>ON,0.5432668898765656,0.4567331101234345,IND>OTH>GRN>LNP,Lower ON,Stored OTH,False,0.0
Bentleigh,Southern Metro,ALP,ALP,LNP,0.511846461357533,0.4881535386424671,0.011846461357532978,ALP-LNP,OTH>IND>GRN>ON,0.511846461357533,0.4881535386424671,OTH>IND>GRN>ON,0.6062153428985815,0.39378465710141863,OTH>IND>GRN>LNP,Southern Metro,ALP,ALP,LNP,0.511846461357533,0.4881535386424671,0.011846461357532978,ALP-LNP,OTH>IND>GRN>ON,0.511846461357533,0.4881535386424671,OTH>IND>GRN>ON,0.6062153428985815,0.39378465710141863,OTH>IND>GRN>LNP,Lower ON,Stored OTH,False,0.0
Berwick,South-Eastern Metro,LNP,LNP,ALP,0.6438074112234512,0.3561925887765489,0.1438074112234512,LNP-ALP,IND>OTH>GRN>ON,0.3561925887765489,0.6438074112234512,IND>OTH>GRN>ON,0.3992532317143565,0.6007467682856434,IND>OTH>GRN>LNP,South-Eastern Metro,LNP,LNP,ALP,0.6438074112234512,0.3561925887765489,0.1438074112234512,LNP-ALP,IND>OTH>GRN>ON,0.3561925887765489,0.6438074112234512,IND>OTH>GRN>ON,0.3992532317143565,0.6007467682856434,IND>OTH>GRN>LNP,Lower ON,Stored OTH,False,0.0
Box Hill,North-Eastern Metro,ALP,LNP,ALP,0.5038851032885018,0.4961148967114983,0.003885103288501779,LNP-ALP,IND>OTH>ON>GRN,0.4961148967114983,0.5038851032885018,IND>OTH>ON>GRN,0.6209735588370934,0.37902644116290674,IND>OTH>GRN>LNP,North-Eastern Metro,ALP,LNP,ALP,0.5038851032885018,0.4961148967114983,0.003885103288501779,LNP-ALP,IND>OTH>ON>GRN,0.4961148967114983,0.5038851032885018,IND>OTH>ON>GRN,0.6209735588370934,0.37902644116290674,IND>OTH>GRN>LNP,Lower ON,Stored OTH,False,0.0
Brighton,Southern Metro,LNP,LNP,GRN,0.588286831804977,0.411713168195023,0.08828683180497698,LNP-GRN,OTH>ON>IND>ALP,0.4008248423120121,0.5991751576879879,OTH>ON>IND>GRN,0.6020054908186772,0.39799450918132284,OTH>IND>GRN>LNP,Southern Metro,LNP,LNP,GRN,0.588286831804977,0.411713168195023,0.08828683180497698,LNP-GRN,OTH>ON>IND>ALP,0.4008248423120121,0.5991751576879879,OTH>ON>IND>GRN,0.6020054908186772,0.39799450918132284,OTH>IND>GRN>LNP,Lower ON,Stored OTH,False,0.0
Broadmeadows,Northern Metro,ALP,ALP,ON,0.5640493873320702,0.4359506126679299,0.06404938733207022,ALP-ON,IND>GRN>OTH>LNP,0.6012717410778504,0.3987282589221495,IND>GRN>OTH>ON,0.5640493873320702,0.4359506126679299,IND>GRN>OTH>LNP,Northern Metro,ALP,ALP,ON,0.5640493873320702,0.4359506126679299,0.06404938733207022,ALP-ON,IND>GRN>OTH>LNP,0.6012717410778504,0.3987282589221495,IND>GRN>OTH>ON,0.5640493873320702,0.4359506126679299,IND>GRN>OTH>LNP,Lower ON,Stored OTH,False,0.0
Brunswick,Northern Metro,GRN,GRN,ALP,0.6611401880632993,0.33885981193670067,0.16114018806329933,GRN-ALP,IND>LNP>OTH>ON,0.7820135207913673,0.21798647920863262,IND>OTH>ON>GRN,0.7753111643160667,0.22468883568393325,IND>LNP>OTH>GRN,Northern Metro,GRN,GRN,ALP,0.6611401880632993,0.33885981193670067,0.16114018806329933,GRN-ALP,IND>LNP>OTH>ON,0.7820135207913673,0.21798647920863262,IND>OTH>ON>GRN,0.7753111643160667,0.22468883568393325,IND>LNP>OTH>GRN,Lower ON,Stored OTH,False,0.0
Bulleen,North-Eastern Metro,LNP,LNP,ALP,0.6326848509397116,0.3673151490602884,0.1326848509397116,LNP-ALP,OTH>IND>ON>GRN,0.3673151490602884,0.6326848509397116,OTH>IND>ON>GRN,0.550689803924733,0.44931019607526707,OTH>IND>GRN>LNP,North-Eastern Metro,LNP,LNP,ALP,0.6326848509397116,0.3673151490602884,0.1326848509397116,LNP-ALP,OTH>IND>ON>GRN,0.3673151490602884,0.6326848509397116,OTH>IND>ON>GRN,0.550689803924733,0.44931019607526707,OTH>IND>GRN>LNP,Lower ON,Stored OTH,False,0.0
Bundoora,North-Eastern Metro,ALP,ALP,LNP,0.5617713570581236,0.4382286429418763,0.061771357058123644,ALP-LNP,IND>OTH>GRN>ON,0.5617713570581236,0.4382286429418763,IND>OTH>GRN>ON,0.6275820372300098,0.37241796276999023,IND>OTH>GRN>LNP,North-Eastern Metro,ALP,ALP,LNP,0.5617713570581236,0.4382286429418763,0.061771357058123644,ALP-LNP,IND>OTH>GRN>ON,0.5617713570581236,0.4382286429418763,IND>OTH>GRN>ON,0.6275820372300098,0.37241796276999023,IND>OTH>GRN>LNP,Lower ON,Stored OTH,False,0.0
Carrum,South-Eastern Metro,ALP,LNP,ALP,0.5148163937258062,0.48518360627419377,0.014816393725806232,LNP-ALP,IND>OTH>GRN>ON,0.48518360627419377,0.5148163937258062,IND>OTH>GRN>ON,0.48063823027703273,0.5193617697229673,IND>OTH>GRN>LNP,South-Eastern Metro,ALP,LNP,ALP,0.5148163937258062,0.48518360627419377,0.014816393725806232,LNP-ALP,IND>OTH>GRN>ON,0.48518360627419377,0.5148163937258062,IND>OTH>GRN>ON,0.48063823027703273,0.5193617697229673,IND>OTH>GRN>LNP,Lower ON,Stored OTH,False,0.0
Caulfield,Southern Metro,LNP,LNP,GRN,0.5761655296253018,0.42383447037469824,0.07616552962530176,LNP-GRN,OTH>IND>ON>ALP,0.425542281840134,0.574457718159866,OTH>IND>ON>GRN,0.6153009489239241,0.38469905107607594,OTH>IND>GRN>LNP,Southern Metro,LNP,LNP,GRN,0.5761655296253018,0.42383447037469824,0.07616552962530176,LNP-GRN,OTH>IND>ON>ALP,0.425542281840134,0.574457718159866,OTH>IND>ON>GRN,0.6153009489239241,0.38469905107607594,OTH>IND>GRN>LNP,Lower ON,Stored OTH,False,0.0
Clarinda,South-Eastern Metro,ALP,ALP,LNP,0.5388018247151247,0.46119817528487533,0.03880182471512472,ALP-LNP,OTH>GRN>IND>ON,0.5388018247151247,0.46119817528487533,OTH>GRN>IND>ON,0.589645749919884,0.410354250080116,OTH>GRN>IND>LNP,South-Eastern Metro,ALP,ALP,LNP,0.5388018247151247,0.46119817528487533,0.03880182471512472,ALP-LNP,OTH>GRN>IND>ON,0.5388018247151247,0.46119817528487533,OTH>GRN>IND>ON,0.589645749919884,0.410354250080116,OTH>GRN>IND>LNP,Lower ON,Stored OTH,False,0.0
Cranbourne,South-Eastern Metro,ALP,ON,ALP,0.5058088051618639,0.49419119483813606,0.005808805161863884,ON-ALP,IND>GRN>OTH>LNP,0.5050243051279241,0.4949756948720759,IND>GRN>OTH>ON,0.49419119483813606,0.5058088051618639,IND>GRN>OTH>LNP,South-Eastern Metro,ALP,ON,ALP,0.5058088051618639,0.49419119483813606,0.005808805161863884,ON-ALP,IND>GRN>OTH>LNP,0.5050243051279241,0.4949756948720759,IND>GRN>OTH>ON,0.49419119483813606,0.5058088051618639,IND>GRN>OTH>LNP,Lower ON,Stored OTH,False,0.0
Croydon,North-Eastern Metro,LNP,LNP,ALP,0.5944226454568856,0.4055773545431144,0.09442264545688561,LNP-ALP,IND>OTH>GRN>ON,0.4055773545431144,0.5944226454568856,IND>OTH>GRN>ON,0.4987365780765123,0.5012634219234877,IND>OTH>GRN>LNP,North-Eastern Metro,LNP,LNP,ALP,0.5944226454568856,0.4055773545431144,0.09442264545688561,LNP-ALP,IND>OTH>GRN>ON,0.4055773545431144,0.5944226454568856,IND>OTH>GRN>ON,0.4987365780765123,0.5012634219234877,IND>OTH>GRN>LNP,Lower ON,Stored OTH,False,0.0
Dandenong,South-Eastern Metro,ALP,ALP,ON,0.5989234902415591,0.40107650975844084,0.09892349024155911,ALP-ON,IND>GRN>OTH>LNP,0.6171359394562413,0.38286406054375877,IND>GRN>OTH>ON,0.5989234902415591,0.40107650975844084,IND>GRN>OTH>LNP,South-Eastern Metro,ALP,ALP,ON,0.5989234902415591,0.40107650975844084,0.09892349024155911,ALP-ON,IND>GRN>OTH>LNP,0.6171359394562413,0.38286406054375877,IND>GRN>OTH>ON,0.5989234902415591,0.40107650975844084,IND>GRN>OTH>LNP,Lower ON,Stored OTH,False,0.0
Eildon,Northern Victoria,LNP,LNP,ON,0.6139217153088405,0.38607828469115946,0.11392171530884054,LNP-ON,IND>OTH>GRN>ALP,0.3386222843970039,0.6613777156029961,IND>OTH>GRN>ON,0.3596164550241166,0.6403835449758835,IND>OTH>GRN>LNP,Northern Victoria,LNP,LNP,ON,0.6139217153088405,0.38607828469115946,0.11392171530884054,LNP-ON,IND>OTH>GRN>ALP,0.3386222843970039,0.6613777156029961,IND>OTH>GRN>ON,0.3596164550241166,0.6403835449758835,IND>OTH>GRN>LNP,Lower ON,Stored OTH,False,0.0
Eltham,North-Eastern Metro,ALP,ALP,LNP,0.5139545709327118,0.4860454290672882,0.013954570932711796,ALP-LNP,IND>OTH>GRN>ON,0.5139545709327118,0.4860454290672882,IND>OTH>GRN>ON,0.578907993839702,0.421092006160298,IND>OTH>GRN>LNP,North-Eastern Metro,ALP,ALP,LNP,0.5139545709327118,0.4860454290672882,0.013954570932711796,ALP-LNP,IND>OTH>GRN>ON,0.5139545709327118,0.4860454290672882,IND>OTH>GRN>ON,0.578907993839702,0.421092006160298,IND>OTH>GRN>LNP,Lower ON,Stored OTH,False,0.0
Essendon,Northern Metro,ALP,ALP,LNP,0.5285045174162745,0.4714954825837255,0.028504517416274466,ALP-LNP,IND>OTH>GRN>ON,0.5285045174162745,0.4714954825837255,IND>OTH>GRN>ON,0.5686205076110586,0.4313794923889413,IND>OTH>GRN>LNP,Northern Metro,ALP,ALP,LNP,0.5285045174162745,0.4714954825837255,0.028504517416274466,ALP-LNP,IND>OTH>GRN>ON,0.5285045174162745,0.4714954825837255,IND>OTH>GRN>ON,0.5686205076110586,0.4313794923889413,IND>OTH>GRN>LNP,Lower ON,Stored OTH,False,0.0
Eureka,Western Victoria,ALP,ON,ALP,0.5753428010115983,0.42465719898840165,0.07534280101159829,ON-ALP,IND>OTH>GRN>LNP,0.45358777635713365,0.5464122236428665,IND>OTH>GRN>ON,0.42465719898840165,0.5753428010115983,IND>OTH>GRN>LNP,Western Victoria,ALP,ON,ALP,0.5753428010115983,0.42465719898840165,0.07534280101159829,ON-ALP,IND>OTH>GRN>LNP,0.45358777635713365,0.5464122236428665,IND>OTH>GRN>ON,0.42465719898840165,0.5753428010115983,IND>OTH>GRN>LNP,Lower ON,Stored OTH,False,0.0
Euroa,Northern Victoria,LNP,LNP,ON,0.6141809839326362,0.38581901606736385,0.1141809839326362,LNP-ON,IND>OTH>GRN>ALP,0.29357409828356246,0.7064259017164375,IND>OTH>GRN>ON,0.33144702796457387,0.6685529720354261,IND>OTH>GRN>LNP,Northern Victoria,LNP,LNP,ON,0.6141809839326362,0.38581901606736385,0.1141809839326362,LNP-ON,IND>OTH>GRN>ALP,0.29357409828356246,0.7064259017164375,IND>OTH>GRN>ON,0.33144702796457387,0.6685529720354261,IND>OTH>GRN>LNP,Lower ON,Stored OTH,False,0.0
Evelyn,Eastern Victoria,LNP,LNP,ALP,0.6492991462885358,0.35070085371146426,0.1492991462885358,LNP-ALP,IND>OTH>GRN>ON,0.35070085371146426,0.6492991462885358,IND>OTH>GRN>ON,0.3975070591738123,0.6024929408261877,IND>OTH>GRN>LNP,Eastern Victoria,LNP,LNP,ALP,0.6492991462885358,0.35070085371146426,0.1492991462885358,LNP-ALP,IND>OTH>GRN>ON,0.35070085371146426,0.6492991462885358,IND>OTH>GRN>ON,0.3975070591738123,0.6024929408261877,IND>OTH>GRN>LNP,Lower ON,Stored OTH,False,0.0
Footscray,Western Metro,ALP,ALP,GRN,0.5236309632402123,0.47636903675978776,0.0236309632402123,ALP-GRN,IND>OTH>LNP>ON,0.6941101123862011,0.30588988761379887,IND>OTH>ON>GRN,0.756901495405936,0.2430985045940641,IND>OTH>LNP>GRN,Western Metro,ALP,ALP,GRN,0.5236309632402123,0.47636903675978776,0.0236309632402123,ALP-GRN,IND>OTH>LNP>ON,0.6941101123862011,0.30588988761379887,IND>OTH>ON>GRN,0.756901495405936,0.2430985045940641,IND>OTH>LNP>GRN,Lower ON,Stored OTH,False,0.0
Frankston,South-Eastern Metro,ALP,ALP,LNP,0.505839344771806,0.49416065522819397,0.005839344771806032,ALP-LNP,IND>OTH>GRN>ON,0.505839344771806,0.49416065522819397,IND>OTH>GRN>ON,0.5157548560365927,0.4842451439634073,IND>OTH>GRN>LNP,South-Eastern Metro,ALP,ALP,LNP,0.505839344771806,0.49416065522819397,0.005839344771806032,ALP-LNP,IND>OTH>GRN>ON,0.505839344771806,0.49416065522819397,IND>OTH>GRN>ON,0.5157548560365927,0.4842451439634073,IND>OTH>GRN>LNP,Lower ON,Stored OTH,False,0.0
Geelong,Western Victoria,ALP,ON,ALP,0.5044840193674889,0.4955159806325111,0.004484019367488878,ON-ALP,OTH>IND>GRN>LNP,0.5117057257540276,0.4882942742459724,OTH>IND>GRN>ON,0.4955159806325111,0.5044840193674889,OTH>IND>GRN>LNP,Western Victoria,ALP,ON,ALP,0.5044840193674889,0.4955159806325111,0.004484019367488878,ON-ALP,OTH>IND>GRN>LNP,0.5117057257540276,0.4882942742459724,OTH>IND>GRN>ON,0.4955159806325111,0.5044840193674889,OTH>IND>GRN>LNP,Lower ON,Stored OTH,False,0.0
Gippsland East,Eastern Victoria,LNP,LNP,ON,0.6198743645179922,0.3801256354820078,0.11987436451799216,LNP-ON,IND>ALP>OTH>GRN,0.1907121276602723,0.8092878723397277,IND>OTH>GRN>ON,0.23218394213307786,0.7678160578669221,IND>OTH>GRN>LNP,Eastern Victoria,LNP,LNP,ON,0.6198743645179922,0.3801256354820078,0.11987436451799216,LNP-ON,IND>ALP>OTH>GRN,0.1907121276602723,0.8092878723397277,IND>OTH>GRN>ON,0.23218394213307786,0.7678160578669221,IND>OTH>GRN>LNP,Lower ON,Stored OTH,False,0.0
Gippsland South,Eastern Victoria,LNP,LNP,ON,0.6092792456938579,0.3907207543061421,0.10927924569385794,LNP-ON,OTH>IND>GRN>ALP,0.2469496960924033,0.7530503039075966,OTH>IND>GRN>ON,0.2771436439653377,0.7228563560346624,OTH>IND>GRN>LNP,Eastern Victoria,LNP,LNP,ON,0.6092792456938579,0.3907207543061421,0.10927924569385794,LNP-ON,OTH>IND>GRN>ALP,0.2469496960924033,0.7530503039075966,OTH>IND>GRN>ON,0.2771436439653377,0.7228563560346624,OTH>IND>GRN>LNP,Lower ON,Stored OTH,False,0.0
Glen Waverley,North-Eastern Metro,ALP,LNP,ALP,0.5421670011523657,0.45783299884763423,0.04216700115236571,LNP-ALP,IND>OTH>GRN>ON,0.45783299884763423,0.5421670011523657,IND>OTH>GRN>ON,0.5991924969870217,0.40080750301297824,IND>OTH>GRN>LNP,North-Eastern Metro,ALP,LNP,ALP,0.5421670011523657,0.45783299884763423,0.04216700115236571,LNP-ALP,IND>OTH>GRN>ON,0.45783299884763423,0.5421670011523657,IND>OTH>GRN>ON,0.5991924969870217,0.40080750301297824,IND>OTH>GRN>LNP,Lower ON,Stored OTH,False,0.0
Greenvale,Northern Metro,ALP,ALP,LNP,0.5522831442988402,0.4477168557011599,0.05228314429884018,ALP-LNP,IND>GRN>ON>OTH,0.5522831442988402,0.4477168557011599,IND>GRN>ON>OTH,0.5594591120582716,0.44054088794172847,IND>GRN>OTH>LNP,Northern Metro,ALP,ALP,LNP,0.5522831442988402,0.4477168557011599,0.05228314429884018,ALP-LNP,IND>GRN>ON>OTH,0.5522831442988402,0.4477168557011599,IND>GRN>ON>OTH,0.5594591120582716,0.44054088794172847,IND>GRN>OTH>LNP,Lower ON,Stored OTH,False,0.0
Hastings,Eastern Victoria,ALP,LNP,ALP,0.5964367857557278,0.4035632142442722,0.09643678575572778,LNP-ALP,IND>OTH>GRN>ON,0.4035632142442722,0.5964367857557278,IND>OTH>GRN>ON,0.40759890819801164,0.5924010918019884,IND>OTH>GRN>LNP,Eastern Victoria,ALP,LNP,ALP,0.5964367857557278,0.4035632142442722,0.09643678575572778,LNP-ALP,IND>OTH>GRN>ON,0.4035632142442722,0.5964367857557278,IND>OTH>GRN>ON,0.40759890819801164,0.5924010918019884,IND>OTH>GRN>LNP,Lower ON,Stored OTH,False,0.0
Hawthorn,Southern Metro,LNP,LNP,IND,0.5765496053298927,0.4234503946701073,0.07654960532989274,LNP-IND,OTH>ON>ALP>GRN,0.46933898368893845,0.5306610163110617,OTH>ON>GRN>IND,0.6591654970801757,0.3408345029198243,OTH>GRN>IND>LNP,Southern Metro,LNP,LNP,IND,0.5765496053298927,0.4234503946701073,0.07654960532989274,LNP-IND,OTH>ON>ALP>GRN,0.46933898368893845,0.5306610163110617,OTH>ON>GRN>IND,0.6591654970801757,0.3408345029198243,OTH>GRN>IND>LNP,Lower ON,Stored OTH,False,0.0
Ivanhoe,North-Eastern Metro,ALP,ALP,LNP,0.554901445303708,0.445098554696292,0.054901445303707996,ALP-LNP,OTH>IND>ON>GRN,0.554901445303708,0.445098554696292,OTH>IND>ON>GRN,0.6309209998341835,0.3690790001658165,OTH>IND>GRN>LNP,North-Eastern Metro,ALP,ALP,LNP,0.554901445303708,0.445098554696292,0.054901445303707996,ALP-LNP,OTH>IND>ON>GRN,0.554901445303708,0.445098554696292,OTH>IND>ON>GRN,0.6309209998341835,0.3690790001658165,OTH>IND>GRN>LNP,Lower ON,Stored OTH,False,0.0
Kalkallo,Northern Metro,ALP,ALP,ON,0.5473798382891069,0.4526201617108931,0.04737983828910686,ALP-ON,IND>GRN>OTH>LNP,0.5761637031394162,0.4238362968605838,IND>GRN>OTH>ON,0.5473798382891069,0.4526201617108931,IND>GRN>OTH>LNP,Northern Metro,ALP,ALP,ON,0.5473798382891069,0.4526201617108931,0.04737983828910686,ALP-ON,IND>GRN>OTH>LNP,0.5761637031394162,0.4238362968605838,IND>GRN>OTH>ON,0.5473798382891069,0.4526201617108931,IND>GRN>OTH>LNP,Lower ON,Stored OTH,False,0.0
Kew,Southern Metro,LNP,LNP,IND,0.596792855647941,0.40320714435205907,0.09679285564794105,LNP-IND,OTH>ON>GRN>ALP,0.42837439888912465,0.5716256011108755,OTH>ON>GRN>IND,0.6418408125018602,0.35815918749813985,OTH>GRN>IND>LNP,Southern Metro,LNP,LNP,IND,0.596792855647941,0.40320714435205907,0.09679285564794105,LNP-IND,OTH>ON>GRN>ALP,0.42837439888912465,0.5716256011108755,OTH>ON>GRN>IND,0.6418408125018602,0.35815918749813985,OTH>GRN>IND>LNP,Lower ON,Stored OTH,False,0.0
Kororoit,Western Metro,ALP,ALP,ON,0.5914654607505974,0.4085345392494027,0.09146546075059736,ALP-ON,IND>GRN>LNP>OTH,0.5960840160766223,0.4039159839233778,IND>GRN>ON>OTH,0.5914654607505974,0.4085345392494027,IND>GRN>LNP>OTH,Western Metro,ALP,ALP,ON,0.5914654607505974,0.4085345392494027,0.09146546075059736,ALP-ON,IND>GRN>LNP>OTH,0.5960840160766223,0.4039159839233778,IND>GRN>ON>OTH,0.5914654607505974,0.4085345392494027,IND>GRN>LNP>OTH,Lower ON,Stored OTH,False,0.0
Lara,Western Victoria,ALP,ON,ALP,0.5246905387971209,0.47530946120287904,0.02469053879712091,ON-ALP,IND>OTH>GRN>LNP,0.5270227928130837,0.4729772071869164,IND>OTH>GRN>ON,0.47530946120287904,0.5246905387971209,IND>OTH>GRN>LNP,Western Victoria,ALP,ON,ALP,0.5246905387971209,0.47530946120287904,0.02469053879712091,ON-ALP,IND>OTH>GRN>LNP,0.5270227928130837,0.4729772071869164,IND>OTH>GRN>ON,0.47530946120287904,0.5246905387971209,IND>OTH>GRN>LNP,Lower ON,Stored OTH,False,0.0
Laverton,Western Metro,ALP,ALP,ON,0.5890054518405252,0.41099454815947484,0.08900545184052522,ALP-ON,IND>GRN>OTH>LNP,0.604168528873922,0.39583147112607797,IND>GRN>OTH>ON,0.5890054518405252,0.41099454815947484,IND>GRN>OTH>LNP,Western Metro,ALP,ALP,ON,0.5890054518405252,0.41099454815947484,0.08900545184052522,ALP-ON,IND>GRN>OTH>LNP,0.604168528873922,0.39583147112607797,IND>GRN>OTH>ON,0.5890054518405252,0.41099454815947484,IND>GRN>OTH>LNP,Lower ON,Stored OTH,False,0.0
Lowan,Western Victoria,LNP,LNP,ON,0.649397355736402,0.35060264426359805,0.149397355736402,LNP-ON,IND>OTH>ALP>GRN,0.20593970238341672,0.7940602976165833,IND>OTH>GRN>ON,0.25197771068866975,0.7480222893113302,IND>OTH>GRN>LNP,Western Victoria,LNP,LNP,ON,0.649397355736402,0.35060264426359805,0.149397355736402,LNP-ON,IND>OTH>ALP>GRN,0.20593970238341672,0.7940602976165833,IND>OTH>GRN>ON,0.25197771068866975,0.7480222893113302,IND>OTH>GRN>LNP,Lower ON,Stored OTH,False,0.0
Macedon,Northern Victoria,ALP,LNP,ALP,0.5164515276148737,0.48354847238512627,0.016451527614873673,LNP-ALP,OTH>IND>GRN>ON,0.48354847238512627,0.5164515276148737,OTH>IND>GRN>ON,0.47190456185632346,0.5280954381436767,OTH>IND>GRN>LNP,Northern Victoria,ALP,LNP,ALP,0.5164515276148737,0.48354847238512627,0.016451527614873673,LNP-ALP,OTH>IND>GRN>ON,0.48354847238512627,0.5164515276148737,OTH>IND>GRN>ON,0.47190456185632346,0.5280954381436767,OTH>IND>GRN>LNP,Lower ON,Stored OTH,False,0.0
Malvern,Southern Metro,LNP,LNP,GRN,0.6353751202186743,0.3646248797813258,0.13537512021867426,LNP-GRN,IND>OTH>ON>ALP,0.36455027870634077,0.6354497212936593,IND>OTH>ON>GRN,0.602907508343815,0.39709249165618504,IND>OTH>GRN>LNP,Southern Metro,LNP,LNP,GRN,0.6353751202186743,0.3646248797813258,0.13537512021867426,LNP-GRN,IND>OTH>ON>ALP,0.36455027870634077,0.6354497212936593,IND>OTH>ON>GRN,0.602907508343815,0.39709249165618504,IND>OTH>GRN>LNP,Lower ON,Stored OTH,False,0.0
Melbourne,Northern Metro,GRN,GRN,ALP,0.6392031772543945,0.36079682274560554,0.13920317725439446,GRN-ALP,IND>OTH>LNP>ON,0.7097058438094128,0.2902941561905871,IND>OTH>ON>GRN,0.7706329588389632,0.22936704116103673,IND>OTH>LNP>GRN,Northern Metro,GRN,GRN,ALP,0.6392031772543945,0.36079682274560554,0.13920317725439446,GRN-ALP,IND>OTH>LNP>ON,0.7097058438094128,0.2902941561905871,IND>OTH>ON>GRN,0.7706329588389632,0.22936704116103673,IND>OTH>LNP>GRN,Lower ON,Stored OTH,False,0.0
Melton,Western Victoria,ALP,ON,IND,0.5448353310884844,0.4551646689115156,0.044835331088484365,ON-IND,GRN>OTH>LNP>ALP,0.4194834371152315,0.5805165628847685,GRN>OTH>IND>ON,0.4505755784404218,0.5494244215595782,GRN>OTH>LNP>IND,Western Victoria,ALP,ON,IND,0.5448353310884844,0.4551646689115156,0.044835331088484365,ON-IND,GRN>OTH>LNP>ALP,0.4194834371152315,0.5805165628847685,GRN>OTH>IND>ON,0.4505755784404218,0.5494244215595782,GRN>OTH>LNP>IND,Lower ON,Stored OTH,False,0.0
Mildura,Northern Victoria,LNP,LNP,IND,0.5261465735629915,0.47385342643700845,0.02614657356299155,LNP-IND,ALP>OTH>GRN>ON,0.2656549856394504,0.7343450143605497,OTH>GRN>ON>IND,0.3518311000544718,0.6481688999455282,OTH>GRN>LNP>IND,Northern Victoria,LNP,LNP,IND,0.5261465735629915,0.47385342643700845,0.02614657356299155,LNP-IND,ALP>OTH>GRN>ON,0.2656549856394504,0.7343450143605497,OTH>GRN>ON>IND,0.3518311000544718,0.6481688999455282,OTH>GRN>LNP>IND,Lower ON,Stored OTH,False,0.0
Mill Park,North-Eastern Metro,ALP,ALP,ON,0.5460111208665169,0.453988879133483,0.04601112086651693,ALP-ON,IND>GRN>OTH>LNP,0.5563823732702058,0.44361762672979427,IND>GRN>OTH>ON,0.5460111208665169,0.453988879133483,IND>GRN>OTH>LNP,North-Eastern Metro,ALP,ALP,ON,0.5460111208665169,0.453988879133483,0.04601112086651693,ALP-ON,IND>GRN>OTH>LNP,0.5563823732702058,0.44361762672979427,IND>GRN>OTH>ON,0.5460111208665169,0.453988879133483,IND>GRN>OTH>LNP,Lower ON,Stored OTH,False,0.0
Monbulk,Eastern Victoria,ALP,LNP,ALP,0.5357294676333814,0.4642705323666187,0.03572946763338136,LNP-ALP,OTH>IND>GRN>ON,0.4642705323666187,0.5357294676333814,OTH>IND>GRN>ON,0.45465459945906544,0.5453454005409346,OTH>IND>GRN>LNP,Eastern Victoria,ALP,LNP,ALP,0.5357294676333814,0.4642705323666187,0.03572946763338136,LNP-ALP,OTH>IND>GRN>ON,0.4642705323666187,0.5357294676333814,OTH>IND>GRN>ON,0.45465459945906544,0.5453454005409346,OTH>IND>GRN>LNP,Lower ON,Stored OTH,False,0.0
Mordialloc,South-Eastern Metro,ALP,ALP,LNP,0.5065696326794136,0.49343036732058637,0.006569632679413573,ALP-LNP,OTH>IND>GRN>ON,0.5065696326794136,0.49343036732058637,OTH>IND>GRN>ON,0.5759580196927423,0.4240419803072578,OTH>IND>GRN>LNP,South-Eastern Metro,ALP,ALP,LNP,0.5065696326794136,0.49343036732058637,0.006569632679413573,ALP-LNP,OTH>IND>GRN>ON,0.5065696326794136,0.49343036732058637,OTH>IND>GRN>ON,0.5759580196927423,0.4240419803072578,OTH>IND>GRN>LNP,Lower ON,Stored OTH,False,0.0
Mornington,Eastern Victoria,LNP,LNP,IND,0.6016698504666068,0.39833014953339313,0.10166985046660681,LNP-IND,OTH>GRN>ALP>ON,0.3170269711025696,0.6829730288974304,OTH>GRN>ON>IND,0.35667684980792663,0.6433231501920733,OTH>GRN>IND>LNP,Eastern Victoria,LNP,LNP,IND,0.6016698504666068,0.39833014953339313,0.10166985046660681,LNP-IND,OTH>GRN>ALP>ON,0.3170269711025696,0.6829730288974304,OTH>GRN>ON>IND,0.35667684980792663,0.6433231501920733,OTH>GRN>IND>LNP,Lower ON,Stored OTH,False,0.0
Morwell,Eastern Victoria,LNP,LNP,ON,0.5052190466433646,0.49478095335663536,0.005219046643364589,LNP-ON,GRN>OTH>IND>ALP,0.37097873215742266,0.6290212678425774,GRN>OTH>IND>ON,0.3491174190974448,0.6508825809025551,GRN>OTH>IND>LNP,Eastern Victoria,LNP,LNP,ON,0.5052190466433646,0.49478095335663536,0.005219046643364589,LNP-ON,GRN>OTH>IND>ALP,0.37097873215742266,0.6290212678425774,GRN>OTH>IND>ON,0.3491174190974448,0.6508825809025551,GRN>OTH>IND>LNP,Lower ON,Stored OTH,False,0.0
Mulgrave,South-Eastern Metro,ALP,ALP,IND,0.6004294567710456,0.39957054322895436,0.10042945677104564,ALP-IND,OTH>GRN>LNP>ON,0.6069460576275744,0.3930539423724257,OTH>GRN>ON>IND,0.6924441869691738,0.30755581303082624,OTH>GRN>LNP>IND,South-Eastern Metro,ALP,ALP,IND,0.6004294567710456,0.39957054322895436,0.10042945677104564,ALP-IND,OTH>GRN>LNP>ON,0.6069460576275744,0.3930539423724257,OTH>GRN>ON>IND,0.6924441869691738,0.30755581303082624,OTH>GRN>LNP>IND,Lower ON,Stored OTH,False,0.0
Murray Plains,Northern Victoria,LNP,LNP,ON,0.6148786499569007,0.3851213500430993,0.11487864995690067,LNP-ON,IND>ALP>GRN>OTH,0.17340244163770607,0.826597558362294,IND>GRN>OTH>ON,0.20805750767876102,0.7919424923212389,IND>GRN>OTH>LNP,Northern Victoria,LNP,LNP,ON,0.6148786499569007,0.3851213500430993,0.11487864995690067,LNP-ON,IND>ALP>GRN>OTH,0.17340244163770607,0.826597558362294,IND>GRN>OTH>ON,0.20805750767876102,0.7919424923212389,IND>GRN>OTH>LNP,Lower ON,Stored OTH,False,0.0
Narracan,Eastern Victoria,LNP,LNP,ON,0.6448049167487072,0.3551950832512929,0.1448049167487072,LNP-ON,OTH>IND>ALP>GRN,0.36278670016244213,0.6372132998375579,OTH>IND>GRN>ON,0.3908591661363098,0.6091408338636903,OTH>IND>GRN>LNP,Eastern Victoria,LNP,LNP,ON,0.6448049167487072,0.3551950832512929,0.1448049167487072,LNP-ON,OTH>IND>ALP>GRN,0.36278670016244213,0.6372132998375579,OTH>IND>GRN>ON,0.3908591661363098,0.6091408338636903,OTH>IND>GRN>LNP,Lower ON,Stored OTH,False,0.0
Narre Warren North,South-Eastern Metro,ALP,ALP,ON,0.5130429800168222,0.4869570199831777,0.013042980016822248,ALP-ON,IND>GRN>OTH>LNP,0.5146696861142862,0.48533031388571385,IND>GRN>OTH>ON,0.5130429800168222,0.4869570199831777,IND>GRN>OTH>LNP,South-Eastern Metro,ALP,ALP,ON,0.5130429800168222,0.4869570199831777,0.013042980016822248,ALP-ON,IND>GRN>OTH>LNP,0.5146696861142862,0.48533031388571385,IND>GRN>OTH>ON,0.5130429800168222,0.4869570199831777,IND>GRN>OTH>LNP,Lower ON,Stored OTH,False,0.0
Narre Warren South,South-Eastern Metro,ALP,ALP,ON,0.5205922805031532,0.4794077194968468,0.020592280503153204,ALP-ON,IND>GRN>OTH>LNP,0.5131791230896627,0.48682087691033726,IND>GRN>OTH>ON,0.5205922805031532,0.4794077194968468,IND>GRN>OTH>LNP,South-Eastern Metro,ALP,ALP,ON,0.5205922805031532,0.4794077194968468,0.020592280503153204,ALP-ON,IND>GRN>OTH>LNP,0.5131791230896627,0.48682087691033726,IND>GRN>OTH>ON,0.5205922805031532,0.4794077194968468,IND>GRN>OTH>LNP,Lower ON,Stored OTH,False,0.0
Nepean,Eastern Victoria,LNP,LNP,ALP,0.6567450462183846,0.34325495378161536,0.1567450462183846,LNP-ALP,OTH>IND>GRN>ON,0.34325495378161536,0.6567450462183846,OTH>IND>GRN>ON,0.39185216527012406,0.608147834729876,OTH>IND>GRN>LNP,Eastern Victoria,LNP,LNP,ALP,0.6567450462183846,0.34325495378161536,0.1567450462183846,LNP-ALP,OTH>IND>GRN>ON,0.34325495378161536,0.6567450462183846,OTH>IND>GRN>ON,0.39185216527012406,0.608147834729876,OTH>IND>GRN>LNP,Lower ON,Stored OTH,False,0.0
Niddrie,Western Metro,ALP,LNP,ALP,0.5173617183295184,0.48263828167048173,0.017361718329518383,LNP-ALP,IND>OTH>GRN>ON,0.48263828167048173,0.5173617183295184,IND>OTH>GRN>ON,0.5327941954756464,0.4672058045243536,IND>OTH>GRN>LNP,Western Metro,ALP,LNP,ALP,0.5173617183295184,0.48263828167048173,0.017361718329518383,LNP-ALP,IND>OTH>GRN>ON,0.48263828167048173,0.5173617183295184,IND>OTH>GRN>ON,0.5327941954756464,0.4672058045243536,IND>OTH>GRN>LNP,Lower ON,Stored OTH,False,0.0
Northcote,Northern Metro,ALP,GRN,ALP,0.5473968112810398,0.4526031887189603,0.047396811281039786,GRN-ALP,IND>LNP>OTH>ON,0.7488233477404179,0.2511766522595821,IND>OTH>ON>GRN,0.7402431956717416,0.25975680432825843,IND>LNP>OTH>GRN,Northern Metro,ALP,GRN,ALP,0.5473968112810398,0.4526031887189603,0.047396811281039786,GRN-ALP,IND>LNP>OTH>ON,0.7488233477404179,0.2511766522595821,IND>OTH>ON>GRN,0.7402431956717416,0.25975680432825843,IND>LNP>OTH>GRN,Lower ON,Stored OTH,False,0.0
Oakleigh,Southern Metro,ALP,ALP,LNP,0.5563469129695325,0.4436530870304675,0.05634691296953254,ALP-LNP,OTH>IND>GRN>ON,0.5563469129695325,0.4436530870304675,OTH>IND>GRN>ON,0.6147988748808825,0.3852011251191176,OTH>IND>GRN>LNP,Southern Metro,ALP,ALP,LNP,0.5563469129695325,0.4436530870304675,0.05634691296953254,ALP-LNP,OTH>IND>GRN>ON,0.5563469129695325,0.4436530870304675,OTH>IND>GRN>ON,0.6147988748808825,0.3852011251191176,OTH>IND>GRN>LNP,Lower ON,Stored OTH,False,0.0
Ovens Valley,Northern Victoria,LNP,LNP,ON,0.6101320911661736,0.38986790883382644,0.11013209116617362,LNP-ON,IND>ALP>GRN>OTH,0.26323163556204204,0.7367683644379579,IND>GRN>OTH>ON,0.27318247782854993,0.72681752217145,IND>GRN>OTH>LNP,Northern Victoria,LNP,LNP,ON,0.6101320911661736,0.38986790883382644,0.11013209116617362,LNP-ON,IND>ALP>GRN>OTH,0.26323163556204204,0.7367683644379579,IND>GRN>OTH>ON,0.27318247782854993,0.72681752217145,IND>GRN>OTH>LNP,Lower ON,Stored OTH,False,0.0
Pakenham,Eastern Victoria,ALP,LNP,ON,0.5384271445495517,0.4615728554504483,0.03842714454955165,LNP-ON,GRN>IND>OTH>ALP,0.40532858497018237,0.5946714150298176,GRN>IND>OTH>ON,0.384254065741987,0.6157459342580129,GRN>IND>OTH>LNP,Eastern Victoria,ALP,LNP,ON,0.5384271445495517,0.4615728554504483,0.03842714454955165,LNP-ON,GRN>IND>OTH>ALP,0.40532858497018237,0.5946714150298176,GRN>IND>OTH>ON,0.384254065741987,0.6157459342580129,GRN>IND>OTH>LNP,Lower ON,Stored OTH,False,0.0
Pascoe Vale,Northern Metro,ALP,ALP,GRN,0.5081433220391108,0.49185667796088917,0.008143322039110834,ALP-GRN,OTH>IND>LNP>ON,0.6288811726390314,0.3711188273609686,OTH>IND>ON>GRN,0.6778316893919472,0.32216831060805284,OTH>IND>LNP>GRN,Northern Metro,ALP,ALP,GRN,0.5081433220391108,0.49185667796088917,0.008143322039110834,ALP-GRN,OTH>IND>LNP>ON,0.6288811726390314,0.3711188273609686,OTH>IND>ON>GRN,0.6778316893919472,0.32216831060805284,OTH>IND>LNP>GRN,Lower ON,Stored OTH,False,0.0
Point Cook,Western Metro,ALP,ALP,ON,0.5135055864649214,0.48649441353507866,0.013505586464921393,ALP-ON,GRN>OTH>IND>LNP,0.5324415428118185,0.46755845718818156,GRN>OTH>IND>ON,0.5135055864649214,0.48649441353507866,GRN>OTH>IND>LNP,Western Metro,ALP,ALP,ON,0.5135055864649214,0.48649441353507866,0.013505586464921393,ALP-ON,GRN>OTH>IND>LNP,0.5324415428118185,0.46755845718818156,GRN>OTH>IND>ON,0.5135055864649214,0.48649441353507866,GRN>OTH>IND>LNP,Lower ON,Stored OTH,False,0.0
Polwarth,Western Victoria,LNP,LNP,GRN,0.6499140953986432,0.35008590460135686,0.1499140953986432,LNP-GRN,IND>OTH>ALP>ON,0.3780496480895908,0.6219503519104093,IND>OTH>GRN>ON,0.4058612405785505,0.5941387594214496,IND>OTH>GRN>LNP,Western Victoria,LNP,LNP,GRN,0.6499140953986432,0.35008590460135686,0.1499140953986432,LNP-GRN,IND>OTH>ALP>ON,0.3780496480895908,0.6219503519104093,IND>OTH>GRN>ON,0.4058612405785505,0.5941387594214496,IND>OTH>GRN>LNP,Lower ON,Stored OTH,False,0.0
Prahran,Southern Metro,Greens,GRN,LNP,0.5736583694353175,0.42634163056468255,0.07365836943531745,GRN-LNP,IND>OTH>ON>ALP,0.577364710076434,0.4226352899235661,IND>OTH>ON>GRN,0.6977433785018694,0.30225662149813065,IND>OTH>LNP>GRN,Southern Metro,Greens,GRN,LNP,0.5736583694353175,0.42634163056468255,0.07365836943531745,GRN-LNP,IND>OTH>ON>ALP,0.577364710076434,0.4226352899235661,IND>OTH>ON>GRN,0.6977433785018694,0.30225662149813065,IND>OTH>LNP>GRN,Lower ON,Stored OTH,False,0.0
Preston,Northern Metro,ALP,ALP,ON,0.6239756596988976,0.3760243403011025,0.12397565969889757,ALP-ON,OTH>LNP>IND>GRN,0.6115751786682218,0.38842482133177825,OTH>IND>GRN>ON,0.6239756596988976,0.3760243403011025,OTH>LNP>IND>GRN,Northern Metro,ALP,ALP,ON,0.6239756596988976,0.3760243403011025,0.12397565969889757,ALP-ON,OTH>LNP>IND>GRN,0.6115751786682218,0.38842482133177825,OTH>IND>GRN>ON,0.6239756596988976,0.3760243403011025,OTH>LNP>IND>GRN,Lower ON,Stored OTH,False,0.0
Richmond,Northern Metro,GRN,GRN,ALP,0.5941207573969475,0.4058792426030526,0.09412075739694747,GRN-ALP,IND>LNP>OTH>ON,0.7436602958979159,0.25633970410208406,IND>OTH>ON>GRN,0.7707178060456116,0.22928219395438845,IND>LNP>OTH>GRN,Northern Metro,GRN,GRN,ALP,0.5941207573969475,0.4058792426030526,0.09412075739694747,GRN-ALP,IND>LNP>OTH>ON,0.7436602958979159,0.25633970410208406,IND>OTH>ON>GRN,0.7707178060456116,0.22928219395438845,IND>LNP>OTH>GRN,Lower ON,Stored OTH,False,0.0
Ringwood,North-Eastern Metro,LNP,LNP,ALP,0.5071150523990632,0.49288494760093693,0.007115052399063182,LNP-ALP,IND>OTH>ON>GRN,0.49288494760093693,0.5071150523990632,IND>OTH>ON>GRN,0.5731895526286146,0.4268104473713855,IND>OTH>GRN>LNP,North-Eastern Metro,LNP,LNP,ALP,0.5071150523990632,0.49288494760093693,0.007115052399063182,LNP-ALP,IND>OTH>ON>GRN,0.49288494760093693,0.5071150523990632,IND>OTH>ON>GRN,0.5731895526286146,0.4268104473713855,IND>OTH>GRN>LNP,Lower ON,Stored OTH,False,0.0
Ripon,Western Victoria,ALP,ON,ALP,0.6055332710551745,0.3944667289448256,0.10553327105517452,ON-ALP,IND>GRN>OTH>LNP,0.4247708031656658,0.5752291968343343,IND>GRN>OTH>ON,0.3944667289448256,0.6055332710551745,IND>GRN>OTH>LNP,Western Victoria,ALP,ON,ALP,0.6055332710551745,0.3944667289448256,0.10553327105517452,ON-ALP,IND>GRN>OTH>LNP,0.4247708031656658,0.5752291968343343,IND>GRN>OTH>ON,0.3944667289448256,0.6055332710551745,IND>GRN>OTH>LNP,Lower ON,Stored OTH,False,0.0
Rowville,South-Eastern Metro,LNP,LNP,ALP,0.6044476229650664,0.3955523770349337,0.10444762296506638,LNP-ALP,OTH>GRN>IND>ON,0.3955523770349337,0.6044476229650664,OTH>GRN>IND>ON,0.5015568182237672,0.4984431817762329,OTH>GRN>IND>LNP,South-Eastern Metro,LNP,LNP,ALP,0.6044476229650664,0.3955523770349337,0.10444762296506638,LNP-ALP,OTH>GRN>IND>ON,0.3955523770349337,0.6044476229650664,OTH>GRN>IND>ON,0.5015568182237672,0.4984431817762329,OTH>GRN>IND>LNP,Lower ON,Stored OTH,False,0.0
Sandringham,Southern Metro,LNP,LNP,GRN,0.6244960763933308,0.3755039236066692,0.12449607639333082,LNP-GRN,OTH>IND>ON>ALP,0.37890235816095424,0.6210976418390458,OTH>IND>ON>GRN,0.5274303566501441,0.4725696433498558,OTH>IND>GRN>LNP,Southern Metro,LNP,LNP,GRN,0.6244960763933308,0.3755039236066692,0.12449607639333082,LNP-GRN,OTH>IND>ON>ALP,0.37890235816095424,0.6210976418390458,OTH>IND>ON>GRN,0.5274303566501441,0.4725696433498558,OTH>IND>GRN>LNP,Lower ON,Stored OTH,False,0.0
Shepparton,Northern Victoria,LNP,LNP,IND,0.5801844160883539,0.4198155839116461,0.08018441608835392,LNP-IND,ALP>OTH>GRN>ON,0.25023487777688697,0.7497651222231131,OTH>GRN>ON>IND,0.4327804905176225,0.5672195094823774,OTH>GRN>LNP>IND,Northern Victoria,LNP,LNP,IND,0.5801844160883539,0.4198155839116461,0.08018441608835392,LNP-IND,ALP>OTH>GRN>ON,0.25023487777688697,0.7497651222231131,OTH>GRN>ON>IND,0.4327804905176225,0.5672195094823774,OTH>GRN>LNP>IND,Lower ON,Stored OTH,False,0.0
South Barwon,Western Victoria,ALP,LNP,ALP,0.528612149157021,0.47138785084297896,0.02861214915702104,LNP-ALP,IND>OTH>GRN>ON,0.47138785084297896,0.528612149157021,IND>OTH>GRN>ON,0.5031089983579262,0.4968910016420738,IND>OTH>GRN>LNP,Western Victoria,ALP,LNP,ALP,0.528612149157021,0.47138785084297896,0.02861214915702104,LNP-ALP,IND>OTH>GRN>ON,0.47138785084297896,0.528612149157021,IND>OTH>GRN>ON,0.5031089983579262,0.4968910016420738,IND>OTH>GRN>LNP,Lower ON,Stored OTH,False,0.0
South-West Coast,Western Victoria,LNP,LNP,IND,0.5696920296277657,0.4303079703722343,0.06969202962776566,LNP-IND,OTH>GRN>ALP>ON,0.3579662095771469,0.642033790422853,OTH>GRN>ON>IND,0.3485033440235336,0.6514966559764664,OTH>GRN>IND>LNP,Western Victoria,LNP,LNP,IND,0.5696920296277657,0.4303079703722343,0.06969202962776566,LNP-IND,OTH>GRN>ALP>ON,0.3579662095771469,0.642033790422853,OTH>GRN>ON>IND,0.3485033440235336,0.6514966559764664,OTH>GRN>IND>LNP,Lower ON,Stored OTH,False,0.0
St Albans,Western Metro,ALP,ALP,ON,0.5601686664226108,0.43983133357738935,0.06016866642261076,ALP-ON,IND>GRN>OTH>LNP,0.5526728971292059,0.44732710287079425,IND>GRN>OTH>ON,0.5601686664226108,0.43983133357738935,IND>GRN>OTH>LNP,Western Metro,ALP,ALP,ON,0.5601686664226108,0.43983133357738935,0.06016866642261076,ALP-ON,IND>GRN>OTH>LNP,0.5526728971292059,0.44732710287079425,IND>GRN>OTH>ON,0.5601686664226108,0.43983133357738935,IND>GRN>OTH>LNP,Lower ON,Stored OTH,False,0.0
Sunbury,Western Metro,ALP,ON,ALP,0.5596491752728006,0.44035082472719944,0.05964917527280056,ON-ALP,IND>OTH>GRN>LNP,0.4553336378882525,0.5446663621117476,IND>OTH>GRN>ON,0.44035082472719944,0.5596491752728006,IND>OTH>GRN>LNP,Western Metro,ALP,ON,ALP,0.5596491752728006,0.44035082472719944,0.05964917527280056,ON-ALP,IND>OTH>GRN>LNP,0.4553336378882525,0.5446663621117476,IND>OTH>GRN>ON,0.44035082472719944,0.5596491752728006,IND>OTH>GRN>LNP,Lower ON,Stored OTH,False,0.0
Sydenham,Western Metro,ALP,ALP,ON,0.5180500140926421,0.481949985907358,0.018050014092642064,ALP-ON,IND>GRN>OTH>LNP,0.5236482029307628,0.47635179706923736,IND>GRN>OTH>ON,0.5180500140926421,0.481949985907358,IND>GRN>OTH>LNP,Western Metro,ALP,ALP,ON,0.5180500140926421,0.481949985907358,0.018050014092642064,ALP-ON,IND>GRN>OTH>LNP,0.5236482029307628,0.47635179706923736,IND>GRN>OTH>ON,0.5180500140926421,0.481949985907358,IND>GRN>OTH>LNP,Lower ON,Stored OTH,False,0.0
Tarneit,Western Metro,ALP,ALP,ON,0.5546507536939246,0.4453492463060754,0.05465075369392458,ALP-ON,IND>GRN>OTH>LNP,0.5644164104543301,0.43558358954566984,IND>GRN>OTH>ON,0.5546507536939246,0.4453492463060754,IND>GRN>OTH>LNP,Western Metro,ALP,ALP,ON,0.5546507536939246,0.4453492463060754,0.05465075369392458,ALP-ON,IND>GRN>OTH>LNP,0.5644164104543301,0.43558358954566984,IND>GRN>OTH>ON,0.5546507536939246,0.4453492463060754,IND>GRN>OTH>LNP,Lower ON,Stored OTH,False,0.0
Thomastown,Northern Metro,ALP,ALP,ON,0.5785121769767245,0.42148782302327553,0.07851217697672452,ALP-ON,IND>GRN>OTH>LNP,0.6086428507578092,0.3913571492421908,IND>GRN>OTH>ON,0.5785121769767245,0.42148782302327553,IND>GRN>OTH>LNP,Northern Metro,ALP,ALP,ON,0.5785121769767245,0.42148782302327553,0.07851217697672452,ALP-ON,IND>GRN>OTH>LNP,0.6086428507578092,0.3913571492421908,IND>GRN>OTH>ON,0.5785121769767245,0.42148782302327553,IND>GRN>OTH>LNP,Lower ON,Stored OTH,False,0.0
Warrandyte,North-Eastern Metro,LNP,LNP,ALP,0.6234542281341238,0.3765457718658763,0.12345422813412377,LNP-ALP,IND>OTH>GRN>ON,0.3765457718658763,0.6234542281341238,IND>OTH>GRN>ON,0.5076495752172827,0.49235042478271734,IND>OTH>GRN>LNP,North-Eastern Metro,LNP,LNP,ALP,0.6234542281341238,0.3765457718658763,0.12345422813412377,LNP-ALP,IND>OTH>GRN>ON,0.3765457718658763,0.6234542281341238,IND>OTH>GRN>ON,0.5076495752172827,0.49235042478271734,IND>OTH>GRN>LNP,Lower ON,Stored OTH,False,0.0
Wendouree,Western Victoria,ALP,LNP,ALP,0.5045231254076505,0.4954768745923495,0.004523125407650541,LNP-ALP,IND>OTH>GRN>ON,0.4954768745923495,0.5045231254076505,IND>OTH>GRN>ON,0.5067598994865847,0.49324010051341527,IND>OTH>GRN>LNP,Western Victoria,ALP,LNP,ALP,0.5045231254076505,0.4954768745923495,0.004523125407650541,LNP-ALP,IND>OTH>GRN>ON,0.4954768745923495,0.5045231254076505,IND>OTH>GRN>ON,0.5067598994865847,0.49324010051341527,IND>OTH>GRN>LNP,Lower ON,Stored OTH,False,0.0
Werribee,Western Metro,ALP,ON,ALP,0.5376325219573739,0.46236747804262607,0.03763252195737388,ON-ALP,GRN>OTH>IND>LNP,0.5052935243949152,0.4947064756050849,GRN>OTH>IND>ON,0.46236747804262607,0.5376325219573739,GRN>OTH>IND>LNP,Western Metro,ALP,ON,ALP,0.5376325219573739,0.46236747804262607,0.03763252195737388,ON-ALP,GRN>OTH>IND>LNP,0.5052935243949152,0.4947064756050849,GRN>OTH>IND>ON,0.46236747804262607,0.5376325219573739,GRN>OTH>IND>LNP,Lower ON,Stored OTH,False,0.0
Williamstown,Western Metro,ALP,ALP,LNP,0.5843054491980735,0.4156945508019266,0.08430544919807348,ALP-LNP,IND>OTH>GRN>ON,0.5843054491980735,0.4156945508019266,IND>OTH>GRN>ON,0.6303821216524973,0.3696178783475027,IND>OTH>GRN>LNP,Western Metro,ALP,ALP,LNP,0.5843054491980735,0.4156945508019266,0.08430544919807348,ALP-LNP,IND>OTH>GRN>ON,0.5843054491980735,0.4156945508019266,IND>OTH>GRN>ON,0.6303821216524973,0.3696178783475027,IND>OTH>GRN>LNP,Lower ON,Stored OTH,False,0.0
Yan Yean,Northern Victoria,ALP,LNP,ALP,0.5250806495581728,0.4749193504418273,0.025080649558172796,LNP-ALP,IND>GRN>OTH>ON,0.4749193504418273,0.5250806495581728,IND>GRN>OTH>ON,0.46173996792438815,0.5382600320756118,IND>GRN>OTH>LNP,Northern Victoria,ALP,LNP,ALP,0.5250806495581728,0.4749193504418273,0.025080649558172796,LNP-ALP,IND>GRN>OTH>ON,0.4749193504418273,0.5250806495581728,IND>GRN>OTH>ON,0.46173996792438815,0.5382600320756118,IND>GRN>OTH>LNP,Lower ON,Stored OTH,False,0.0
Albert Park,Southern Metro,ALP,ALP,LNP,0.5669813898630012,0.43301861013699877,0.06698138986300117,ALP-LNP,OTH>IND>ON>GRN,0.5669813898630012,0.43301861013699877,OTH>IND>ON>GRN,0.6655724886852543,0.3344275113147457,OTH>IND>GRN>LNP,Southern Metro,ALP,ALP,LNP,0.567406538630568,0.43259346136943194,0.067406538630568,ALP-LNP,OTH>IND>ON>GRN,0.567406538630568,0.43259346136943194,OTH>IND>ON>GRN,0.6644311484109822,0.3355688515890179,OTH>IND>GRN>LNP,Lower ON,PARAMS OTH,False,-0.04251487675668297
Ashwood,Southern Metro,ALP,LNP,ALP,0.5153888508589349,0.4846111491410652,0.015388850858934933,LNP-ALP,OTH>IND>ON>GRN,0.4846111491410652,0.5153888508589349,OTH>IND>ON>GRN,0.6182828975728845,0.38171710242711565,OTH>IND>GRN>LNP,Southern Metro,ALP,LNP,ALP,0.5153870251379621,0.48461297486203797,0.015387025137962085,LNP-ALP,OTH>IND>ON>GRN,0.48461297486203797,0.5153870251379621,OTH>IND>ON>GRN,0.618237628393637,0.38176237160636306,OTH>IND>GRN>LNP,Lower ON,PARAMS OTH,False,-0.00018257209727923218
Bass,Eastern Victoria,ALP,LNP,ON,0.5800254886616446,0.4199745113383554,0.0800254886616446,LNP-ON,OTH>IND>GRN>ALP,0.36863712908374846,0.6313628709162515,OTH>IND>GRN>ON,0.3734295090209442,0.6265704909790558,OTH>IND>GRN>LNP,Eastern Victoria,ALP,LNP,ON,0.5781868477374341,0.4218131522625659,0.07818684773743412,LNP-ON,OTH>IND>GRN>ALP,0.3690988534279043,0.6309011465720957,OTH>IND>GRN>ON,0.372677029075901,0.6273229709240989,OTH>IND>GRN>LNP,Lower ON,PARAMS OTH,False,-0.046172434415586716
Bayswater,North-Eastern Metro,ALP,LNP,ALP,0.5562052904325789,0.44379470956742106,0.056205290432578936,LNP-ALP,IND>OTH>GRN>ON,0.44379470956742106,0.5562052904325789,IND>OTH>GRN>ON,0.516771378140077,0.48322862185992294,IND>OTH>GRN>LNP,North-Eastern Metro,ALP,LNP,ALP,0.5558845587706756,0.4441154412293244,0.05588455877067555,LNP-ALP,IND>OTH>GRN>ON,0.4441154412293244,0.5558845587706756,IND>OTH>GRN>ON,0.5154783311167392,0.4845216688832607,IND>OTH>GRN>LNP,Lower ON,PARAMS OTH,False,-0.03207316619033285
Bellarine,Western Victoria,ALP,LNP,ALP,0.5071950870910942,0.49280491290890577,0.007195087091094177,LNP-ALP,OTH>IND>GRN>ON,0.49280491290890577,0.5071950870910942,OTH>IND>GRN>ON,0.5122301221367622,0.4877698778632377,OTH>IND>GRN>LNP,Western Victoria,ALP,LNP,ALP,0.5071009780513032,0.4928990219486968,0.007100978051303164,LNP-ALP,OTH>IND>GRN>ON,0.4928990219486968,0.5071009780513032,OTH>IND>GRN>ON,0.511577844945101,0.48842215505489905,OTH>IND>GRN>LNP,Lower ON,PARAMS OTH,False,-0.00941090397910127
Benambra,Northern Victoria,LNP,LNP,IND,0.564530678552789,0.43546932144721107,0.06453067855278904,LNP-IND,ALP>OTH>GRN>ON,0.2589108234016903,0.7410891765983098,OTH>GRN>ON>IND,0.34137469915321833,0.6586253008467817,OTH>GRN>LNP>IND,Northern Victoria,LNP,LNP,IND,0.5641985856017662,0.4358014143982339,0.06419858560176617,LNP-IND,ALP>OTH>GRN>ON,0.2592315934722559,0.7407684065277442,OTH>GRN>ON>IND,0.33976932434967844,0.6602306756503217,OTH>GRN>LNP>IND,Lower ON,PARAMS OTH,False,-0.032077007056557916
Bendigo East,Northern Victoria,ALP,ALP,LNP,0.5086620612605066,0.4913379387394934,0.008662061260506615,ALP-LNP,OTH>IND>GRN>ON,0.5086620612605066,0.4913379387394934,OTH>IND>GRN>ON,0.5412336302634836,0.45876636973651636,OTH>IND>GRN>LNP,Northern Victoria,ALP,ALP,LNP,0.5086620612605066,0.4913379387394934,0.008662061260506615,ALP-LNP,OTH>IND>GRN>ON,0.5086620612605066,0.4913379387394934,OTH>IND>GRN>ON,0.5412336302634836,0.45876636973651636,OTH>IND>GRN>LNP,Lower ON,PARAMS OTH,False,0.0
Bendigo West,Northern Victoria,ALP,ALP,ON,0.5432668898765656,0.4567331101234345,0.04326688987656557,ALP-ON,IND>OTH>GRN>LNP,0.5461224403986624,0.45387755960133763,IND>OTH>GRN>ON,0.5432668898765656,0.4567331101234345,IND>OTH>GRN>LNP,Northern Victoria,ALP,ALP,ON,0.5432668898765656,0.4567331101234345,0.04326688987656557,ALP-ON,IND>OTH>GRN>LNP,0.5461224403986624,0.45387755960133763,IND>OTH>GRN>ON,0.5432668898765656,0.4567331101234345,IND>OTH>GRN>LNP,Lower ON,PARAMS OTH,False,0.0
Bentleigh,Southern Metro,ALP,ALP,LNP,0.5117727975825925,0.4882272024174076,0.011772797582592531,ALP-LNP,OTH>IND>GRN>ON,0.5117727975825925,0.4882272024174076,OTH>IND>GRN>ON,0.6065508050509891,0.3934491949490108,OTH>IND>GRN>LNP,Southern Metro,ALP,ALP,LNP,0.511846461357533,0.4881535386424671,0.011846461357532978,ALP-LNP,OTH>IND>GRN>ON,0.511846461357533,0.4881535386424671,OTH>IND>GRN>ON,0.6062153428985815,0.39378465710141863,OTH>IND>GRN>LNP,Lower ON,PARAMS OTH,False,-0.007366377494044674
Berwick,South-Eastern Metro,LNP,LNP,ALP,0.6440201972163042,0.35597980278369584,0.1440201972163042,LNP-ALP,IND>OTH>GRN>ON,0.35597980278369584,0.6440201972163042,IND>OTH>GRN>ON,0.3997049259638591,0.600295074036141,IND>OTH>GRN>LNP,South-Eastern Metro,LNP,LNP,ALP,0.6438074112234512,0.3561925887765489,0.1438074112234512,LNP-ALP,IND>OTH>GRN>ON,0.3561925887765489,0.6438074112234512,IND>OTH>GRN>ON,0.3992532317143565,0.6007467682856434,IND>OTH>GRN>LNP,Lower ON,PARAMS OTH,False,-0.021278599285307065
Box Hill,North-Eastern Metro,ALP,LNP,ALP,0.5039115596054202,0.49608844039457983,0.003911559605420223,LNP-ALP,IND>OTH>ON>GRN,0.49608844039457983,0.5039115596054202,IND>OTH>ON>GRN,0.6215436209350129,0.37845637906498714,IND>OTH>GRN>LNP,North-Eastern Metro,ALP,LNP,ALP,0.5038851032885018,0.4961148967114983,0.003885103288501779,LNP-ALP,IND>OTH>ON>GRN,0.4961148967114983,0.5038851032885018,IND>OTH>ON>GRN,0.6209735588370934,0.37902644116290674,IND>OTH>GRN>LNP,Lower ON,PARAMS OTH,False,-0.0026456316918443967
Brighton,Southern Metro,LNP,LNP,GRN,0.5883417429902333,0.41165825700976666,0.08834174299023334,LNP-GRN,OTH>ON>IND>ALP,0.40068697323197827,0.5993130267680218,OTH>ON>IND>GRN,0.6029454393781947,0.3970545606218054,OTH>IND>GRN>LNP,Southern Metro,LNP,LNP,GRN,0.588286831804977,0.411713168195023,0.08828683180497698,LNP-GRN,OTH>ON>IND>ALP,0.4008248423120121,0.5991751576879879,OTH>ON>IND>GRN,0.6020054908186772,0.39799450918132284,OTH>IND>GRN>LNP,Lower ON,PARAMS OTH,False,-0.013786908003382559
Broadmeadows,Northern Metro,ALP,ALP,ON,0.5660944566360984,0.43390554336390175,0.06609445663609836,ALP-ON,IND>GRN>OTH>LNP,0.6012306631310709,0.39876933686892924,IND>GRN>OTH>ON,0.5660944566360984,0.43390554336390175,IND>GRN>OTH>LNP,Northern Metro,ALP,ALP,ON,0.5640493873320702,0.4359506126679299,0.06404938733207022,ALP-ON,IND>GRN>OTH>LNP,0.6012717410778504,0.3987282589221495,IND>GRN>OTH>ON,0.5640493873320702,0.4359506126679299,IND>GRN>OTH>LNP,Lower ON,PARAMS OTH,False,-0.004107794677954413
Brunswick,Northern Metro,GRN,GRN,ALP,0.6623190205115576,0.3376809794884425,0.16231902051155755,GRN-ALP,IND>LNP>OTH>ON,0.7820252231524336,0.21797477684756636,IND>OTH>ON>GRN,0.7791433532561254,0.22085664674387467,IND>LNP>OTH>GRN,Northern Metro,GRN,GRN,ALP,0.6611401880632993,0.33885981193670067,0.16114018806329933,GRN-ALP,IND>LNP>OTH>ON,0.7820135207913673,0.21798647920863262,IND>OTH>ON>GRN,0.7753111643160667,0.22468883568393325,IND>LNP>OTH>GRN,Lower ON,PARAMS OTH,False,0.00117023610662903
Bulleen,North-Eastern Metro,LNP,LNP,ALP,0.6326964294005294,0.36730357059947066,0.1326964294005294,LNP-ALP,OTH>IND>ON>GRN,0.36730357059947066,0.6326964294005294,OTH>IND>ON>GRN,0.5509700145012818,0.44902998549871825,OTH>IND>GRN>LNP,North-Eastern Metro,LNP,LNP,ALP,0.6326848509397116,0.3673151490602884,0.1326848509397116,LNP-ALP,OTH>IND>ON>GRN,0.3673151490602884,0.6326848509397116,OTH>IND>ON>GRN,0.550689803924733,0.44931019607526707,OTH>IND>GRN>LNP,Lower ON,PARAMS OTH,False,-0.0011578460817729397
Bundoora,North-Eastern Metro,ALP,ALP,LNP,0.561502205908085,0.4384977940919151,0.06150220590808497,ALP-LNP,IND>OTH>GRN>ON,0.561502205908085,0.4384977940919151,IND>OTH>GRN>ON,0.628732606338044,0.371267393661956,IND>OTH>GRN>LNP,North-Eastern Metro,ALP,ALP,LNP,0.5617713570581236,0.4382286429418763,0.061771357058123644,ALP-LNP,IND>OTH>GRN>ON,0.5617713570581236,0.4382286429418763,IND>OTH>GRN>ON,0.6275820372300098,0.37241796276999023,IND>OTH>GRN>LNP,Lower ON,PARAMS OTH,False,-0.02691511500386712
Carrum,South-Eastern Metro,ALP,LNP,ALP,0.51499978291156,0.48500021708844,0.014999782911560011,LNP-ALP,IND>OTH>GRN>ON,0.48500021708844,0.51499978291156,IND>OTH>GRN>ON,0.48132626639736487,0.5186737336026351,IND>OTH>GRN>LNP,South-Eastern Metro,ALP,LNP,ALP,0.5148163937258062,0.48518360627419377,0.014816393725806232,LNP-ALP,IND>OTH>GRN>ON,0.48518360627419377,0.5148163937258062,IND>OTH>GRN>ON,0.48063823027703273,0.5193617697229673,IND>OTH>GRN>LNP,Lower ON,PARAMS OTH,False,-0.01833891857537795
Caulfield,Southern Metro,LNP,LNP,GRN,0.5764315930145788,0.4235684069854212,0.0764315930145788,LNP-GRN,OTH>IND>ON>ALP,0.4253096111083286,0.5746903888916715,OTH>IND>ON>GRN,0.6158371212728656,0.3841628787271344,OTH>IND>GRN>LNP,Southern Metro,LNP,LNP,GRN,0.5761655296253018,0.42383447037469824,0.07616552962530176,LNP-GRN,OTH>IND>ON>ALP,0.425542281840134,0.574457718159866,OTH>IND>ON>GRN,0.6153009489239241,0.38469905107607594,OTH>IND>GRN>LNP,Lower ON,PARAMS OTH,False,-0.023267073180538445
Clarinda,South-Eastern Metro,ALP,ALP,LNP,0.5388370198725061,0.4611629801274939,0.038837019872506096,ALP-LNP,OTH>GRN>IND>ON,0.5388370198725061,0.4611629801274939,OTH>GRN>IND>ON,0.5903904500136653,0.4096095499863347,OTH>GRN>IND>LNP,South-Eastern Metro,ALP,ALP,LNP,0.5388018247151247,0.46119817528487533,0.03880182471512472,ALP-LNP,OTH>GRN>IND>ON,0.5388018247151247,0.46119817528487533,OTH>GRN>IND>ON,0.589645749919884,0.410354250080116,OTH>GRN>IND>LNP,Lower ON,PARAMS OTH,False,0.0035195157381373576
Cranbourne,South-Eastern Metro,ALP,ON,ALP,0.5018775343547071,0.4981224656452929,0.0018775343547070555,ON-ALP,IND>GRN>OTH>LNP,0.5049343424947783,0.49506565750522175,IND>GRN>OTH>ON,0.4981224656452929,0.5018775343547071,IND>GRN>OTH>LNP,South-Eastern Metro,ALP,ON,ALP,0.5058088051618639,0.49419119483813606,0.005808805161863884,ON-ALP,IND>GRN>OTH>LNP,0.5050243051279241,0.4949756948720759,IND>GRN>OTH>ON,0.49419119483813606,0.5058088051618639,IND>GRN>OTH>LNP,Lower ON,PARAMS OTH,False,-0.008996263314575703
Croydon,North-Eastern Metro,LNP,LNP,ALP,0.5945825985817439,0.4054174014182561,0.09458259858174389,LNP-ALP,IND>OTH>GRN>ON,0.4054174014182561,0.5945825985817439,IND>OTH>GRN>ON,0.5000096503620534,0.49999034963794664,IND>OTH>GRN>LNP,North-Eastern Metro,LNP,LNP,ALP,0.5944226454568856,0.4055773545431144,0.09442264545688561,LNP-ALP,IND>OTH>GRN>ON,0.4055773545431144,0.5944226454568856,IND>OTH>GRN>ON,0.4987365780765123,0.5012634219234877,IND>OTH>GRN>LNP,Lower ON,PARAMS OTH,False,-0.015995312485828084
Dandenong,South-Eastern Metro,ALP,ALP,ON,0.6017896155441608,0.39821038445583934,0.10178961554416077,ALP-ON,IND>GRN>OTH>LNP,0.6170735322276553,0.38292646777234474,IND>GRN>OTH>ON,0.6017896155441608,0.39821038445583934,IND>GRN>OTH>LNP,South-Eastern Metro,ALP,ALP,ON,0.5989234902415591,0.40107650975844084,0.09892349024155911,ALP-ON,IND>GRN>OTH>LNP,0.6171359394562413,0.38286406054375877,IND>GRN>OTH>ON,0.5989234902415591,0.40107650975844084,IND>GRN>OTH>LNP,Lower ON,PARAMS OTH,False,-0.006240722858608105
Eildon,Northern Victoria,LNP,LNP,ON,0.6162726456388173,0.3837273543611827,0.11627264563881734,LNP-ON,IND>OTH>GRN>ALP,0.33818544804169504,0.661814551958305,IND>OTH>GRN>ON,0.3607368112846401,0.6392631887153599,IND>OTH>GRN>LNP,Northern Victoria,LNP,LNP,ON,0.6139217153088405,0.38607828469115946,0.11392171530884054,LNP-ON,IND>OTH>GRN>ALP,0.3386222843970039,0.6613777156029961,IND>OTH>GRN>ON,0.3596164550241166,0.6403835449758835,IND>OTH>GRN>LNP,Lower ON,PARAMS OTH,False,-0.04368363553088894
Eltham,North-Eastern Metro,ALP,ALP,LNP,0.5138342141509193,0.48616578584908066,0.013834214150919344,ALP-LNP,IND>OTH>GRN>ON,0.5138342141509193,0.48616578584908066,IND>OTH>GRN>ON,0.5793000653800312,0.4206999346199688,IND>OTH>GRN>LNP,North-Eastern Metro,ALP,ALP,LNP,0.5139545709327118,0.4860454290672882,0.013954570932711796,ALP-LNP,IND>OTH>GRN>ON,0.5139545709327118,0.4860454290672882,IND>OTH>GRN>ON,0.578907993839702,0.421092006160298,IND>OTH>GRN>LNP,Lower ON,PARAMS OTH,False,-0.012035678179245224
Essendon,Northern Metro,ALP,ALP,LNP,0.5284386153935267,0.4715613846064733,0.028438615393526656,ALP-LNP,IND>OTH>GRN>ON,0.5284386153935267,0.4715613846064733,IND>OTH>GRN>ON,0.5699073515906613,0.43009264840933864,IND>OTH>GRN>LNP,Northern Metro,ALP,ALP,LNP,0.5285045174162745,0.4714954825837255,0.028504517416274466,ALP-LNP,IND>OTH>GRN>ON,0.5285045174162745,0.4714954825837255,IND>OTH>GRN>ON,0.5686205076110586,0.4313794923889413,IND>OTH>GRN>LNP,Lower ON,PARAMS OTH,False,-0.006590202274781021
Eureka,Western Victoria,ALP,ON,ALP,0.5730970097699053,0.42690299023009476,0.0730970097699053,ON-ALP,IND>OTH>GRN>LNP,0.45325749149281497,0.5467425085071851,IND>OTH>GRN>ON,0.42690299023009476,0.5730970097699053,IND>OTH>GRN>LNP,Western Victoria,ALP,ON,ALP,0.5753428010115983,0.42465719898840165,0.07534280101159829,ON-ALP,IND>OTH>GRN>LNP,0.45358777635713365,0.5464122236428665,IND>OTH>GRN>ON,0.42465719898840165,0.5753428010115983,IND>OTH>GRN>LNP,Lower ON,PARAMS OTH,False,-0.03302848643186862
Euroa,Northern Victoria,LNP,LNP,ON,0.6156870343457946,0.3843129656542053,0.11568703434579464,LNP-ON,IND>OTH>GRN>ALP,0.2936583322526041,0.7063416677473958,IND>OTH>GRN>ON,0.33215982554947227,0.6678401744505277,IND>OTH>GRN>LNP,Northern Victoria,LNP,LNP,ON,0.6141809839326362,0.38581901606736385,0.1141809839326362,LNP-ON,IND>OTH>GRN>ALP,0.29357409828356246,0.7064259017164375,IND>OTH>GRN>ON,0.33144702796457387,0.6685529720354261,IND>OTH>GRN>LNP,Lower ON,PARAMS OTH,False,0.008423396904166935
Evelyn,Eastern Victoria,LNP,LNP,ALP,0.6494259979423431,0.3505740020576568,0.14942599794234313,LNP-ALP,IND>OTH>GRN>ON,0.3505740020576568,0.6494259979423431,IND>OTH>GRN>ON,0.39802105621138256,0.6019789437886175,IND>OTH>GRN>LNP,Eastern Victoria,LNP,LNP,ALP,0.6492991462885358,0.35070085371146426,0.1492991462885358,LNP-ALP,IND>OTH>GRN>ON,0.35070085371146426,0.6492991462885358,IND>OTH>GRN>ON,0.3975070591738123,0.6024929408261877,IND>OTH>GRN>LNP,Lower ON,PARAMS OTH,False,-0.012685165380743602
Footscray,Western Metro,ALP,ALP,GRN,0.5227663400005687,0.47723365999943135,0.022766340000568652,ALP-GRN,IND>OTH>LNP>ON,0.6938920313167882,0.3061079686832118,IND>OTH>ON>GRN,0.7601298528932762,0.23987014710672383,IND>OTH>LNP>GRN,Western Metro,ALP,ALP,GRN,0.5236309632402123,0.47636903675978776,0.0236309632402123,ALP-GRN,IND>OTH>LNP>ON,0.6941101123862011,0.30588988761379887,IND>OTH>ON>GRN,0.756901495405936,0.2430985045940641,IND>OTH>LNP>GRN,Lower ON,PARAMS OTH,False,-0.021808106941290095
Frankston,South-Eastern Metro,ALP,ALP,LNP,0.5048181852921126,0.49518181470788736,0.004818185292112642,ALP-LNP,IND>OTH>GRN>ON,0.5048181852921126,0.49518181470788736,IND>OTH>GRN>ON,0.5173430475433448,0.4826569524566552,IND>OTH>GRN>LNP,South-Eastern Metro,ALP,ALP,LNP,0.505839344771806,0.49416065522819397,0.005839344771806032,ALP-LNP,IND>OTH>GRN>ON,0.505839344771806,0.49416065522819397,IND>OTH>GRN>ON,0.5157548560365927,0.4842451439634073,IND>OTH>GRN>LNP,Lower ON,PARAMS OTH,False,-0.10211594796933898
Geelong,Western Victoria,ALP,ON,ALP,0.5044840193674889,0.4955159806325111,0.004484019367488878,ON-ALP,OTH>IND>GRN>LNP,0.5117057257540276,0.4882942742459724,OTH>IND>GRN>ON,0.4955159806325111,0.5044840193674889,OTH>IND>GRN>LNP,Western Victoria,ALP,ON,ALP,0.5044840193674889,0.4955159806325111,0.004484019367488878,ON-ALP,OTH>IND>GRN>LNP,0.5117057257540276,0.4882942742459724,OTH>IND>GRN>ON,0.4955159806325111,0.5044840193674889,OTH>IND>GRN>LNP,Lower ON,PARAMS OTH,False,0.0
Gippsland East,Eastern Victoria,LNP,LNP,ON,0.621618360660324,0.3783816393396759,0.12161836066032405,LNP-ON,IND>ALP>OTH>GRN,0.19081502178629928,0.8091849782137008,IND>OTH>GRN>ON,0.23309998320427444,0.7669000167957255,IND>OTH>GRN>LNP,Eastern Victoria,LNP,LNP,ON,0.6198743645179922,0.3801256354820078,0.11987436451799216,LNP-ON,IND>ALP>OTH>GRN,0.1907121276602723,0.8092878723397277,IND>OTH>GRN>ON,0.23218394213307786,0.7678160578669221,IND>OTH>GRN>LNP,Lower ON,PARAMS OTH,False,0.010289412602698667
Gippsland South,Eastern Victoria,LNP,LNP,ON,0.6109693631216582,0.3890306368783419,0.11096936312165817,LNP-ON,OTH>IND>GRN>ALP,0.2467332419026853,0.7532667580973147,OTH>IND>GRN>ON,0.278049653844421,0.721950346155579,OTH>IND>GRN>LNP,Eastern Victoria,LNP,LNP,ON,0.6092792456938579,0.3907207543061421,0.10927924569385794,LNP-ON,OTH>IND>GRN>ALP,0.2469496960924033,0.7530503039075966,OTH>IND>GRN>ON,0.2771436439653377,0.7228563560346624,OTH>IND>GRN>LNP,Lower ON,PARAMS OTH,False,-0.021645418971799613
Glen Waverley,North-Eastern Metro,ALP,LNP,ALP,0.5423249676468765,0.4576750323531234,0.04232496764687654,LNP-ALP,IND>OTH>GRN>ON,0.4576750323531234,0.5423249676468765,IND>OTH>GRN>ON,0.6000234469409187,0.39997655305908136,IND>OTH>GRN>LNP,North-Eastern Metro,ALP,LNP,ALP,0.5421670011523657,0.45783299884763423,0.04216700115236571,LNP-ALP,IND>OTH>GRN>ON,0.45783299884763423,0.5421670011523657,IND>OTH>GRN>ON,0.5991924969870217,0.40080750301297824,IND>OTH>GRN>LNP,Lower ON,PARAMS OTH,False,-0.015796649451083056
Greenvale,Northern Metro,ALP,ALP,LNP,0.5522831442988402,0.4477168557011599,0.05228314429884018,ALP-LNP,IND>GRN>ON>OTH,0.5522831442988402,0.4477168557011599,IND>GRN>ON>OTH,0.5636751478600701,0.4363248521399299,IND>GRN>OTH>LNP,Northern Metro,ALP,ALP,LNP,0.5522831442988402,0.4477168557011599,0.05228314429884018,ALP-LNP,IND>GRN>ON>OTH,0.5522831442988402,0.4477168557011599,IND>GRN>ON>OTH,0.5594591120582716,0.44054088794172847,IND>GRN>OTH>LNP,Lower ON,PARAMS OTH,False,0.0
Hastings,Eastern Victoria,ALP,LNP,ALP,0.596748194927392,0.40325180507260816,0.09674819492739195,LNP-ALP,IND>OTH>GRN>ON,0.40325180507260816,0.596748194927392,IND>OTH>GRN>ON,0.40913392853021496,0.5908660714697851,IND>OTH>GRN>LNP,Eastern Victoria,ALP,LNP,ALP,0.5964367857557278,0.4035632142442722,0.09643678575572778,LNP-ALP,IND>OTH>GRN>ON,0.4035632142442722,0.5964367857557278,IND>OTH>GRN>ON,0.40759890819801164,0.5924010918019884,IND>OTH>GRN>LNP,Lower ON,PARAMS OTH,False,-0.031140917166405657
Hawthorn,Southern Metro,LNP,LNP,IND,0.5767181164453707,0.4232818835546293,0.07671811644537074,LNP-IND,OTH>ON>ALP>GRN,0.46924869955630516,0.5307513004436949,OTH>ON>GRN>IND,0.6599020460011956,0.34009795399880444,OTH>GRN>IND>LNP,Southern Metro,LNP,LNP,IND,0.5765496053298927,0.4234503946701073,0.07654960532989274,LNP-IND,OTH>ON>ALP>GRN,0.46933898368893845,0.5306610163110617,OTH>ON>GRN>IND,0.6591654970801757,0.3408345029198243,OTH>GRN>IND>LNP,Lower ON,PARAMS OTH,False,-0.009028413263328927
Ivanhoe,North-Eastern Metro,ALP,ALP,LNP,0.5548902593448584,0.4451097406551417,0.05489025934485836,ALP-LNP,OTH>IND>ON>GRN,0.5548902593448584,0.4451097406551417,OTH>IND>ON>GRN,0.63120082273392,0.3687991772660801,OTH>IND>GRN>LNP,North-Eastern Metro,ALP,ALP,LNP,0.554901445303708,0.445098554696292,0.054901445303707996,ALP-LNP,OTH>IND>ON>GRN,0.554901445303708,0.445098554696292,OTH>IND>ON>GRN,0.6309209998341835,0.3690790001658165,OTH>IND>GRN>LNP,Lower ON,PARAMS OTH,False,-0.001118595884963547
Kalkallo,Northern Metro,ALP,ALP,ON,0.5504502035769875,0.44954979642301257,0.050450203576987485,ALP-ON,IND>GRN>OTH>LNP,0.5763485170224921,0.42365148297750793,IND>GRN>OTH>ON,0.5504502035769875,0.44954979642301257,IND>GRN>OTH>LNP,Northern Metro,ALP,ALP,ON,0.5473798382891069,0.4526201617108931,0.04737983828910686,ALP-ON,IND>GRN>OTH>LNP,0.5761637031394162,0.4238362968605838,IND>GRN>OTH>ON,0.5473798382891069,0.4526201617108931,IND>GRN>OTH>LNP,Lower ON,PARAMS OTH,False,0.018481388307589608
Kew,Southern Metro,LNP,LNP,IND,0.5968491132026527,0.4031508867973473,0.09684911320265266,LNP-IND,OTH>ON>GRN>ALP,0.4283228798813992,0.5716771201186007,OTH>ON>GRN>IND,0.6421394633466261,0.3578605366533739,OTH>GRN>IND>LNP,Southern Metro,LNP,LNP,IND,0.596792855647941,0.40320714435205907,0.09679285564794105,LNP-IND,OTH>ON>GRN>ALP,0.42837439888912465,0.5716256011108755,OTH>ON>GRN>IND,0.6418408125018602,0.35815918749813985,OTH>GRN>IND>LNP,Lower ON,PARAMS OTH,False,-0.005151900772543128
Kororoit,Western Metro,ALP,ALP,ON,0.5914654607505974,0.4085345392494027,0.09146546075059736,ALP-ON,IND>GRN>LNP>OTH,0.5960840160766223,0.4039159839233778,IND>GRN>ON>OTH,0.5914654607505974,0.4085345392494027,IND>GRN>LNP>OTH,Western Metro,ALP,ALP,ON,0.5914654607505974,0.4085345392494027,0.09146546075059736,ALP-ON,IND>GRN>LNP>OTH,0.5960840160766223,0.4039159839233778,IND>GRN>ON>OTH,0.5914654607505974,0.4085345392494027,IND>GRN>LNP>OTH,Lower ON,PARAMS OTH,False,0.0
Lara,Western Victoria,ALP,ON,ALP,0.5234672207591885,0.47653277924081144,0.0234672207591885,ON-ALP,IND>OTH>GRN>LNP,0.5268131632001637,0.4731868367998364,IND>OTH>GRN>ON,0.47653277924081144,0.5234672207591885,IND>OTH>GRN>LNP,Western Victoria,ALP,ON,ALP,0.5246905387971209,0.47530946120287904,0.02469053879712091,ON-ALP,IND>OTH>GRN>LNP,0.5270227928130837,0.4729772071869164,IND>OTH>GRN>ON,0.47530946120287904,0.5246905387971209,IND>OTH>GRN>LNP,Lower ON,PARAMS OTH,False,-0.0209629612920037
Laverton,Western Metro,ALP,ALP,ON,0.5910161533793732,0.4089838466206268,0.09101615337937319,ALP-ON,IND>GRN>OTH>LNP,0.6041534643057294,0.3958465356942707,IND>GRN>OTH>ON,0.5910161533793732,0.4089838466206268,IND>GRN>OTH>LNP,Western Metro,ALP,ALP,ON,0.5890054518405252,0.41099454815947484,0.08900545184052522,ALP-ON,IND>GRN>OTH>LNP,0.604168528873922,0.39583147112607797,IND>GRN>OTH>ON,0.5890054518405252,0.41099454815947484,IND>GRN>OTH>LNP,Lower ON,PARAMS OTH,False,-0.001506456819266866
Lowan,Western Victoria,LNP,LNP,ON,0.6515308560106196,0.3484691439893804,0.15153085601061955,LNP-ON,IND>OTH>ALP>GRN,0.20569245399668254,0.7943075460033174,IND>OTH>GRN>ON,0.253062711382522,0.746937288617478,IND>OTH>GRN>LNP,Western Victoria,LNP,LNP,ON,0.649397355736402,0.35060264426359805,0.149397355736402,LNP-ON,IND>OTH>ALP>GRN,0.20593970238341672,0.7940602976165833,IND>OTH>GRN>ON,0.25197771068866975,0.7480222893113302,IND>OTH>GRN>LNP,Lower ON,PARAMS OTH,False,-0.024724838673417793
Macedon,Northern Victoria,ALP,LNP,ALP,0.516609653631977,0.4833903463680231,0.016609653631976973,LNP-ALP,OTH>IND>GRN>ON,0.4833903463680231,0.516609653631977,OTH>IND>GRN>ON,0.4725752431342015,0.5274247568657986,OTH>IND>GRN>LNP,Northern Victoria,ALP,LNP,ALP,0.5164515276148737,0.48354847238512627,0.016451527614873673,LNP-ALP,OTH>IND>GRN>ON,0.48354847238512627,0.5164515276148737,OTH>IND>GRN>ON,0.47190456185632346,0.5280954381436767,OTH>IND>GRN>LNP,Lower ON,PARAMS OTH,False,-0.01581260171031884
Malvern,Southern Metro,LNP,LNP,GRN,0.6354752264991362,0.36452477350086376,0.13547522649913624,LNP-GRN,IND>OTH>ON>ALP,0.3644770432407712,0.6355229567592289,IND>OTH>ON>GRN,0.6036346592255623,0.39636534077443786,IND>OTH>GRN>LNP,Southern Metro,LNP,LNP,GRN,0.6353751202186743,0.3646248797813258,0.13537512021867426,LNP-GRN,IND>OTH>ON>ALP,0.36455027870634077,0.6354497212936593,IND>OTH>ON>GRN,0.602907508343815,0.39709249165618504,IND>OTH>GRN>LNP,Lower ON,PARAMS OTH,False,-0.007323546556958771
Melbourne,Northern Metro,GRN,GRN,ALP,0.6399694419810673,0.36003055801893263,0.1399694419810673,GRN-ALP,IND>OTH>LNP>ON,0.7095312375788824,0.2904687624211176,IND>OTH>ON>GRN,0.7732404167391402,0.22675958326085974,IND>OTH>LNP>GRN,Northern Metro,GRN,GRN,ALP,0.6392031772543945,0.36079682274560554,0.13920317725439446,GRN-ALP,IND>OTH>LNP>ON,0.7097058438094128,0.2902941561905871,IND>OTH>ON>GRN,0.7706329588389632,0.22936704116103673,IND>OTH>LNP>GRN,Lower ON,PARAMS OTH,False,-0.017460623053044966
Melton,Western Victoria,ALP,ON,IND,0.5412925646557158,0.45870743534428415,0.04129256465571585,ON-IND,GRN>OTH>LNP>ALP,0.4197214673640833,0.5802785326359168,GRN>OTH>IND>ON,0.4540372684633887,0.5459627315366113,GRN>OTH>LNP>IND,Western Victoria,ALP,ON,IND,0.5448353310884844,0.4551646689115156,0.044835331088484365,ON-IND,GRN>OTH>LNP>ALP,0.4194834371152315,0.5805165628847685,GRN>OTH>IND>ON,0.4505755784404218,0.5494244215595782,GRN>OTH>LNP>IND,Lower ON,PARAMS OTH,False,0.02380302488517727
Mildura,Northern Victoria,LNP,LNP,IND,0.5262666999870531,0.4737333000129469,0.02626669998705311,LNP-IND,ALP>OTH>GRN>ON,0.265665110355703,0.734334889644297,OTH>GRN>ON>IND,0.35219426145084837,0.6478057385491516,OTH>GRN>LNP>IND,Northern Victoria,LNP,LNP,IND,0.5261465735629915,0.47385342643700845,0.02614657356299155,LNP-IND,ALP>OTH>GRN>ON,0.2656549856394504,0.7343450143605497,OTH>GRN>ON>IND,0.3518311000544718,0.6481688999455282,OTH>GRN>LNP>IND,Lower ON,PARAMS OTH,False,0.001012471625261302
Mill Park,North-Eastern Metro,ALP,ALP,ON,0.5492937573566525,0.4507062426433474,0.049293757356652534,ALP-ON,IND>GRN>OTH>LNP,0.5563000708570263,0.44369992914297374,IND>GRN>OTH>ON,0.5492937573566525,0.4507062426433474,IND>GRN>OTH>LNP,North-Eastern Metro,ALP,ALP,ON,0.5460111208665169,0.453988879133483,0.04601112086651693,ALP-ON,IND>GRN>OTH>LNP,0.5563823732702058,0.44361762672979427,IND>GRN>OTH>ON,0.5460111208665169,0.453988879133483,IND>GRN>OTH>LNP,Lower ON,PARAMS OTH,False,-0.00823024131795247
Monbulk,Eastern Victoria,ALP,LNP,ALP,0.5358987161549672,0.46410128384503285,0.0358987161549672,LNP-ALP,OTH>IND>GRN>ON,0.46410128384503285,0.5358987161549672,OTH>IND>GRN>ON,0.4552671297693735,0.5447328702306266,OTH>IND>GRN>LNP,Eastern Victoria,ALP,LNP,ALP,0.5357294676333814,0.4642705323666187,0.03572946763338136,LNP-ALP,OTH>IND>GRN>ON,0.4642705323666187,0.5357294676333814,OTH>IND>GRN>ON,0.45465459945906544,0.5453454005409346,OTH>IND>GRN>LNP,Lower ON,PARAMS OTH,False,-0.01692485215858408
Mordialloc,South-Eastern Metro,ALP,ALP,LNP,0.506549953926744,0.49345004607325615,0.006549953926743957,ALP-LNP,OTH>IND>GRN>ON,0.506549953926744,0.49345004607325615,OTH>IND>GRN>ON,0.5766507084412493,0.4233492915587508,OTH>IND>GRN>LNP,South-Eastern Metro,ALP,ALP,LNP,0.5065696326794136,0.49343036732058637,0.006569632679413573,ALP-LNP,OTH>IND>GRN>ON,0.5065696326794136,0.49343036732058637,OTH>IND>GRN>ON,0.5759580196927423,0.4240419803072578,OTH>IND>GRN>LNP,Lower ON,PARAMS OTH,False,-0.0019678752669616273
Mornington,Eastern Victoria,LNP,LNP,IND,0.601785967229075,0.3982140327709251,0.10178596722907496,LNP-IND,OTH>GRN>ALP>ON,0.31695322221609246,0.6830467777839075,OTH>GRN>ON>IND,0.35690866802196414,0.6430913319780359,OTH>GRN>IND>LNP,Eastern Victoria,LNP,LNP,IND,0.6016698504666068,0.39833014953339313,0.10166985046660681,LNP-IND,OTH>GRN>ALP>ON,0.3170269711025696,0.6829730288974304,OTH>GRN>ON>IND,0.35667684980792663,0.6433231501920733,OTH>GRN>IND>LNP,Lower ON,PARAMS OTH,False,-0.007374888647715405
Morwell,Eastern Victoria,LNP,LNP,ON,0.5052190466433646,0.49478095335663536,0.005219046643364589,LNP-ON,GRN>OTH>IND>ALP,0.37097873215742266,0.6290212678425774,GRN>OTH>IND>ON,0.3491174190974448,0.6508825809025551,GRN>OTH>IND>LNP,Eastern Victoria,LNP,LNP,ON,0.5052190466433646,0.49478095335663536,0.005219046643364589,LNP-ON,GRN>OTH>IND>ALP,0.37097873215742266,0.6290212678425774,GRN>OTH>IND>ON,0.3491174190974448,0.6508825809025551,GRN>OTH>IND>LNP,Lower ON,PARAMS OTH,False,0.0
Mulgrave,South-Eastern Metro,ALP,ALP,IND,0.6003840612007636,0.3996159387992364,0.1003840612007636,ALP-IND,OTH>GRN>LNP>ON,0.6068238678010338,0.3931761321989662,OTH>GRN>ON>IND,0.693175585642122,0.30682441435787794,OTH>GRN>LNP>IND,South-Eastern Metro,ALP,ALP,IND,0.6004294567710456,0.39957054322895436,0.10042945677104564,ALP-IND,OTH>GRN>LNP>ON,0.6069460576275744,0.3930539423724257,OTH>GRN>ON>IND,0.6924441869691738,0.30755581303082624,OTH>GRN>LNP>IND,Lower ON,PARAMS OTH,False,-0.0122189826540553
Murray Plains,Northern Victoria,LNP,LNP,ON,0.6148786499569007,0.3851213500430993,0.11487864995690067,LNP-ON,IND>ALP>GRN>OTH,0.17387557687873761,0.8261244231212623,IND>GRN>OTH>ON,0.21217505252050997,0.7878249474794901,IND>GRN>OTH>LNP,Northern Victoria,LNP,LNP,ON,0.6148786499569007,0.3851213500430993,0.11487864995690067,LNP-ON,IND>ALP>GRN>OTH,0.17340244163770607,0.826597558362294,IND>GRN>OTH>ON,0.20805750767876102,0.7919424923212389,IND>GRN>OTH>LNP,Lower ON,PARAMS OTH,False,0.04731352410315415
Narracan,Eastern Victoria,LNP,LNP,ON,0.6448049167487072,0.3551950832512929,0.1448049167487072,LNP-ON,OTH>IND>ALP>GRN,0.36278670016244213,0.6372132998375579,OTH>IND>GRN>ON,0.3908591661363098,0.6091408338636903,OTH>IND>GRN>LNP,Eastern Victoria,LNP,LNP,ON,0.6448049167487072,0.3551950832512929,0.1448049167487072,LNP-ON,OTH>IND>ALP>GRN,0.36278670016244213,0.6372132998375579,OTH>IND>GRN>ON,0.3908591661363098,0.6091408338636903,OTH>IND>GRN>LNP,Lower ON,PARAMS OTH,False,0.0
Narre Warren North,South-Eastern Metro,ALP,ALP,ON,0.5159682651489699,0.4840317348510301,0.015968265148969873,ALP-ON,IND>GRN>OTH>LNP,0.5145971464447683,0.48540285355523166,IND>GRN>OTH>ON,0.5159682651489699,0.4840317348510301,IND>GRN>OTH>LNP,South-Eastern Metro,ALP,ALP,ON,0.5130429800168222,0.4869570199831777,0.013042980016822248,ALP-ON,IND>GRN>OTH>LNP,0.5146696861142862,0.48533031388571385,IND>GRN>OTH>ON,0.5130429800168222,0.4869570199831777,IND>GRN>OTH>LNP,Lower ON,PARAMS OTH,False,-0.007253966951792368
Narre Warren South,South-Eastern Metro,ALP,ALP,ON,0.5233014252822094,0.4766985747177906,0.023301425282209354,ALP-ON,IND>GRN>OTH>LNP,0.5131063516137329,0.48689364838626714,IND>GRN>OTH>ON,0.5233014252822094,0.4766985747177906,IND>GRN>OTH>LNP,South-Eastern Metro,ALP,ALP,ON,0.5205922805031532,0.4794077194968468,0.020592280503153204,ALP-ON,IND>GRN>OTH>LNP,0.5131791230896627,0.48682087691033726,IND>GRN>OTH>ON,0.5205922805031532,0.4794077194968468,IND>GRN>OTH>LNP,Lower ON,PARAMS OTH,False,-0.007277147592987809
Nepean,Eastern Victoria,LNP,LNP,ALP,0.6568222221994136,0.3431777778005864,0.15682222219941355,LNP-ALP,OTH>IND>GRN>ON,0.3431777778005864,0.6568222221994136,OTH>IND>GRN>ON,0.39204454926676185,0.6079554507332382,OTH>IND>GRN>LNP,Eastern Victoria,LNP,LNP,ALP,0.6567450462183846,0.34325495378161536,0.1567450462183846,LNP-ALP,OTH>IND>GRN>ON,0.34325495378161536,0.6567450462183846,OTH>IND>GRN>ON,0.39185216527012406,0.608147834729876,OTH>IND>GRN>LNP,Lower ON,PARAMS OTH,False,-0.007717598102896517
Niddrie,Western Metro,ALP,LNP,ALP,0.5175134009987902,0.4824865990012098,0.017513400998790174,LNP-ALP,IND>OTH>GRN>ON,0.4824865990012098,0.5175134009987902,IND>OTH>GRN>ON,0.5343353312289694,0.4656646687710307,IND>OTH>GRN>LNP,Western Metro,ALP,LNP,ALP,0.5173617183295184,0.48263828167048173,0.017361718329518383,LNP-ALP,IND>OTH>GRN>ON,0.48263828167048173,0.5173617183295184,IND>OTH>GRN>ON,0.5327941954756464,0.4672058045243536,IND>OTH>GRN>LNP,Lower ON,PARAMS OTH,False,-0.0151682669271902
Northcote,Northern Metro,ALP,GRN,ALP,0.5480551223657524,0.4519448776342477,0.04805512236575238,GRN-ALP,IND>LNP>OTH>ON,0.7486154838427908,0.2513845161572093,IND>OTH>ON>GRN,0.7434279405814435,0.2565720594185566,IND>LNP>OTH>GRN,Northern Metro,ALP,GRN,ALP,0.5473968112810398,0.4526031887189603,0.047396811281039786,GRN-ALP,IND>LNP>OTH>ON,0.7488233477404179,0.2511766522595821,IND>OTH>ON>GRN,0.7402431956717416,0.25975680432825843,IND>LNP>OTH>GRN,Lower ON,PARAMS OTH,False,-0.02078638976271696
Oakleigh,Southern Metro,ALP,ALP,LNP,0.5563070079040622,0.44369299209593777,0.05630700790406218,ALP-LNP,OTH>IND>GRN>ON,0.5563070079040622,0.44369299209593777,OTH>IND>GRN>ON,0.6152388189194382,0.38476118108056173,OTH>IND>GRN>LNP,Southern Metro,ALP,ALP,LNP,0.5563469129695325,0.4436530870304675,0.05634691296953254,ALP-LNP,OTH>IND>GRN>ON,0.5563469129695325,0.4436530870304675,OTH>IND>GRN>ON,0.6147988748808825,0.3852011251191176,OTH>IND>GRN>LNP,Lower ON,PARAMS OTH,False,-0.00399050654703581
Ovens Valley,Northern Victoria,LNP,LNP,ON,0.6101320911661736,0.38986790883382644,0.11013209116617362,LNP-ON,IND>ALP>GRN>OTH,0.2612500611174202,0.7387499388825798,IND>GRN>OTH>ON,0.2759733224979225,0.7240266775020775,IND>GRN>OTH>LNP,Northern Victoria,LNP,LNP,ON,0.6101320911661736,0.38986790883382644,0.11013209116617362,LNP-ON,IND>ALP>GRN>OTH,0.26323163556204204,0.7367683644379579,IND>GRN>OTH>ON,0.27318247782854993,0.72681752217145,IND>GRN>OTH>LNP,Lower ON,PARAMS OTH,False,-0.19815744446218253
Pakenham,Eastern Victoria,ALP,LNP,ON,0.5409338391344319,0.459066160865568,0.04093383913443194,LNP-ON,GRN>IND>OTH>ALP,0.4053334749264435,0.5946665250735564,GRN>IND>OTH>ON,0.3860516607293472,0.6139483392706527,GRN>IND>OTH>LNP,Eastern Victoria,ALP,LNP,ON,0.5384271445495517,0.4615728554504483,0.03842714454955165,LNP-ON,GRN>IND>OTH>ALP,0.40532858497018237,0.5946714150298176,GRN>IND>OTH>ON,0.384254065741987,0.6157459342580129,GRN>IND>OTH>LNP,Lower ON,PARAMS OTH,False,0.0004889956261133754
Pascoe Vale,Northern Metro,ALP,ALP,GRN,0.5079106852991956,0.49208931470080436,0.007910685299195586,ALP-GRN,OTH>IND>LNP>ON,0.628844451490282,0.371155548509718,OTH>IND>ON>GRN,0.6792372019327984,0.32076279806720165,OTH>IND>LNP>GRN,Northern Metro,ALP,ALP,GRN,0.5081433220391108,0.49185667796088917,0.008143322039110834,ALP-GRN,OTH>IND>LNP>ON,0.6288811726390314,0.3711188273609686,OTH>IND>ON>GRN,0.6778316893919472,0.32216831060805284,OTH>IND>LNP>GRN,Lower ON,PARAMS OTH,False,-0.003672114874941901
Point Cook,Western Metro,ALP,ALP,ON,0.5147014263588382,0.4852985736411619,0.014701426358838199,ALP-ON,GRN>OTH>IND>LNP,0.5324576981109004,0.4675423018890997,GRN>OTH>IND>ON,0.5147014263588382,0.4852985736411619,GRN>OTH>IND>LNP,Western Metro,ALP,ALP,ON,0.5135055864649214,0.48649441353507866,0.013505586464921393,ALP-ON,GRN>OTH>IND>LNP,0.5324415428118185,0.46755845718818156,GRN>OTH>IND>ON,0.5135055864649214,0.48649441353507866,GRN>OTH>IND>LNP,Lower ON,PARAMS OTH,False,0.0016155299081832553
Polwarth,Western Victoria,LNP,LNP,GRN,0.6496830247921046,0.35031697520789545,0.1496830247921046,LNP-GRN,IND>OTH>ALP>ON,0.37811847814748595,0.6218815218525141,IND>OTH>GRN>ON,0.4070293538422369,0.5929706461577632,IND>OTH>GRN>LNP,Western Victoria,LNP,LNP,GRN,0.6499140953986432,0.35008590460135686,0.1499140953986432,LNP-GRN,IND>OTH>ALP>ON,0.3780496480895908,0.6219503519104093,IND>OTH>GRN>ON,0.4058612405785505,0.5941387594214496,IND>OTH>GRN>LNP,Lower ON,PARAMS OTH,False,0.006883005789515284
Prahran,Southern Metro,Greens,GRN,LNP,0.5735124831770427,0.42648751682295727,0.07351248317704273,GRN-LNP,IND>OTH>ON>ALP,0.5772381818328256,0.4227618181671744,IND>OTH>ON>GRN,0.6992758932119697,0.3007241067880303,IND>OTH>LNP>GRN,Southern Metro,Greens,GRN,LNP,0.5736583694353175,0.42634163056468255,0.07365836943531745,GRN-LNP,IND>OTH>ON>ALP,0.577364710076434,0.4226352899235661,IND>OTH>ON>GRN,0.6977433785018694,0.30225662149813065,IND>OTH>LNP>GRN,Lower ON,PARAMS OTH,False,-0.012652824360837034
Preston,Northern Metro,ALP,ALP,ON,0.6270247000210548,0.3729752999789452,0.12702470002105481,ALP-ON,OTH>LNP>IND>GRN,0.6114330953616547,0.3885669046383453,OTH>IND>GRN>ON,0.6270247000210548,0.3729752999789452,OTH>LNP>IND>GRN,Northern Metro,ALP,ALP,ON,0.6239756596988976,0.3760243403011025,0.12397565969889757,ALP-ON,OTH>LNP>IND>GRN,0.6115751786682218,0.38842482133177825,OTH>IND>GRN>ON,0.6239756596988976,0.3760243403011025,OTH>LNP>IND>GRN,Lower ON,PARAMS OTH,False,-0.014208330656706458
Richmond,Northern Metro,GRN,GRN,ALP,0.5947262700140756,0.4052737299859244,0.09472627001407563,GRN-ALP,IND>LNP>OTH>ON,0.7434866946024786,0.25651330539752143,IND>OTH>ON>GRN,0.7737920003023582,0.22620799969764185,IND>LNP>OTH>GRN,Northern Metro,GRN,GRN,ALP,0.5941207573969475,0.4058792426030526,0.09412075739694747,GRN-ALP,IND>LNP>OTH>ON,0.7436602958979159,0.25633970410208406,IND>OTH>ON>GRN,0.7707178060456116,0.22928219395438845,IND>LNP>OTH>GRN,Lower ON,PARAMS OTH,False,-0.017360129543730896
Ringwood,North-Eastern Metro,LNP,LNP,ALP,0.5071636668575771,0.4928363331424229,0.007163666857577078,LNP-ALP,IND>OTH>ON>GRN,0.4928363331424229,0.5071636668575771,IND>OTH>ON>GRN,0.5742605859270487,0.42573941407295146,IND>OTH>GRN>LNP,North-Eastern Metro,LNP,LNP,ALP,0.5071150523990632,0.49288494760093693,0.007115052399063182,LNP-ALP,IND>OTH>ON>GRN,0.49288494760093693,0.5071150523990632,IND>OTH>ON>GRN,0.5731895526286146,0.4268104473713855,IND>OTH>GRN>LNP,Lower ON,PARAMS OTH,False,-0.004861445851400692
Ripon,Western Victoria,ALP,ON,ALP,0.5990407286384977,0.40095927136150245,0.09904072863849767,ON-ALP,IND>GRN>OTH>LNP,0.4254107670785052,0.5745892329214949,IND>GRN>OTH>ON,0.40095927136150245,0.5990407286384977,IND>GRN>OTH>LNP,Western Victoria,ALP,ON,ALP,0.6055332710551745,0.3944667289448256,0.10553327105517452,ON-ALP,IND>GRN>OTH>LNP,0.4247708031656658,0.5752291968343343,IND>GRN>OTH>ON,0.3944667289448256,0.6055332710551745,IND>GRN>OTH>LNP,Lower ON,PARAMS OTH,False,0.06399639128394363
Rowville,South-Eastern Metro,LNP,LNP,ALP,0.6045210361125741,0.3954789638874259,0.10452103611257413,LNP-ALP,OTH>GRN>IND>ON,0.3954789638874259,0.6045210361125741,OTH>GRN>IND>ON,0.5020414400626051,0.49795855993739496,OTH>GRN>IND>LNP,South-Eastern Metro,LNP,LNP,ALP,0.6044476229650664,0.3955523770349337,0.10444762296506638,LNP-ALP,OTH>GRN>IND>ON,0.3955523770349337,0.6044476229650664,OTH>GRN>IND>ON,0.5015568182237672,0.4984431817762329,OTH>GRN>IND>LNP,Lower ON,PARAMS OTH,False,-0.007341314750775041
Sandringham,Southern Metro,LNP,LNP,GRN,0.6245687719417102,0.3754312280582898,0.12456877194171023,LNP-GRN,OTH>IND>ON>ALP,0.37875293463381987,0.6212470653661801,OTH>IND>ON>GRN,0.5283715363091592,0.4716284636908409,OTH>IND>GRN>LNP,Southern Metro,LNP,LNP,GRN,0.6244960763933308,0.3755039236066692,0.12449607639333082,LNP-GRN,OTH>IND>ON>ALP,0.37890235816095424,0.6210976418390458,OTH>IND>ON>GRN,0.5274303566501441,0.4725696433498558,OTH>IND>GRN>LNP,Lower ON,PARAMS OTH,False,-0.014942352713437357
Shepparton,Northern Victoria,LNP,LNP,IND,0.5801844160883539,0.4198155839116461,0.08018441608835392,LNP-IND,ALP>OTH>GRN>ON,0.25023487777688697,0.7497651222231131,OTH>GRN>ON>IND,0.4327804905176225,0.5672195094823774,OTH>GRN>LNP>IND,Northern Victoria,LNP,LNP,IND,0.5801844160883539,0.4198155839116461,0.08018441608835392,LNP-IND,ALP>OTH>GRN>ON,0.25023487777688697,0.7497651222231131,OTH>GRN>ON>IND,0.4327804905176225,0.5672195094823774,OTH>GRN>LNP>IND,Lower ON,PARAMS OTH,False,0.0
South Barwon,Western Victoria,ALP,LNP,ALP,0.528612149157021,0.47138785084297896,0.02861214915702104,LNP-ALP,IND>OTH>GRN>ON,0.47138785084297896,0.528612149157021,IND>OTH>GRN>ON,0.5031089983579262,0.4968910016420738,IND>OTH>GRN>LNP,Western Victoria,ALP,LNP,ALP,0.528612149157021,0.47138785084297896,0.02861214915702104,LNP-ALP,IND>OTH>GRN>ON,0.47138785084297896,0.528612149157021,IND>OTH>GRN>ON,0.5031089983579262,0.4968910016420738,IND>OTH>GRN>LNP,Lower ON,PARAMS OTH,False,0.0
South-West Coast,Western Victoria,LNP,LNP,IND,0.569443438647071,0.4305565613529289,0.06944343864707103,LNP-IND,OTH>GRN>ALP>ON,0.3579790235742723,0.6420209764257278,OTH>GRN>ON>IND,0.34926123864048025,0.6507387613595198,OTH>GRN>IND>LNP,Western Victoria,LNP,LNP,IND,0.5696920296277657,0.4303079703722343,0.06969202962776566,LNP-IND,OTH>GRN>ALP>ON,0.3579662095771469,0.642033790422853,OTH>GRN>ON>IND,0.3485033440235336,0.6514966559764664,OTH>GRN>IND>LNP,Lower ON,PARAMS OTH,False,0.001281399712538267
St Albans,Western Metro,ALP,ALP,ON,0.5628253900066428,0.43717460999335717,0.06282539000664278,ALP-ON,IND>GRN>OTH>LNP,0.5524403741080868,0.44755962589191334,IND>GRN>OTH>ON,0.5628253900066428,0.43717460999335717,IND>GRN>OTH>LNP,Western Metro,ALP,ALP,ON,0.5601686664226108,0.43983133357738935,0.06016866642261076,ALP-ON,IND>GRN>OTH>LNP,0.5526728971292059,0.44732710287079425,IND>GRN>OTH>ON,0.5601686664226108,0.43983133357738935,IND>GRN>OTH>LNP,Lower ON,PARAMS OTH,False,-0.023252302111909096
Sunbury,Western Metro,ALP,ON,ALP,0.5586740310499689,0.4413259689500311,0.05867403104996893,ON-ALP,IND>OTH>GRN>LNP,0.4551795841886688,0.5448204158113312,IND>OTH>GRN>ON,0.4413259689500311,0.5586740310499689,IND>OTH>GRN>LNP,Western Metro,ALP,ON,ALP,0.5596491752728006,0.44035082472719944,0.05964917527280056,ON-ALP,IND>OTH>GRN>LNP,0.4553336378882525,0.5446663621117476,IND>OTH>GRN>ON,0.44035082472719944,0.5596491752728006,IND>OTH>GRN>LNP,Lower ON,PARAMS OTH,False,-0.015405369958371162
Sydenham,Western Metro,ALP,ALP,ON,0.5221601758568858,0.47783982414311427,0.02216017585688579,ALP-ON,IND>GRN>OTH>LNP,0.5235621621792863,0.4764378378207138,IND>GRN>OTH>ON,0.5221601758568858,0.47783982414311427,IND>GRN>OTH>LNP,Western Metro,ALP,ALP,ON,0.5180500140926421,0.481949985907358,0.018050014092642064,ALP-ON,IND>GRN>OTH>LNP,0.5236482029307628,0.47635179706923736,IND>GRN>OTH>ON,0.5180500140926421,0.481949985907358,IND>GRN>OTH>LNP,Lower ON,PARAMS OTH,False,-0.008604075147644608
Tarneit,Western Metro,ALP,ALP,ON,0.5565614349399506,0.44343856506004947,0.05656143493995058,ALP-ON,IND>GRN>OTH>LNP,0.5643159876822936,0.43568401231770637,IND>GRN>OTH>ON,0.5565614349399506,0.44343856506004947,IND>GRN>OTH>LNP,Western Metro,ALP,ALP,ON,0.5546507536939246,0.4453492463060754,0.05465075369392458,ALP-ON,IND>GRN>OTH>LNP,0.5644164104543301,0.43558358954566984,IND>GRN>OTH>ON,0.5546507536939246,0.4453492463060754,IND>GRN>OTH>LNP,Lower ON,PARAMS OTH,False,-0.01004227720364792
Thomastown,Northern Metro,ALP,ALP,ON,0.5821000289832113,0.41789997101678866,0.08210002898321134,ALP-ON,IND>GRN>OTH>LNP,0.6085679770335403,0.3914320229664597,IND>GRN>OTH>ON,0.5821000289832113,0.41789997101678866,IND>GRN>OTH>LNP,Northern Metro,ALP,ALP,ON,0.5785121769767245,0.42148782302327553,0.07851217697672452,ALP-ON,IND>GRN>OTH>LNP,0.6086428507578092,0.3913571492421908,IND>GRN>OTH>ON,0.5785121769767245,0.42148782302327553,IND>GRN>OTH>LNP,Lower ON,PARAMS OTH,False,-0.0074873724268953445
Warrandyte,North-Eastern Metro,LNP,LNP,ALP,0.6236337721887837,0.3763662278112163,0.12363377218878369,LNP-ALP,IND>OTH>GRN>ON,0.3763662278112163,0.6236337721887837,IND>OTH>GRN>ON,0.5080436189699608,0.4919563810300393,IND>OTH>GRN>LNP,North-Eastern Metro,LNP,LNP,ALP,0.6234542281341238,0.3765457718658763,0.12345422813412377,LNP-ALP,IND>OTH>GRN>ON,0.3765457718658763,0.6234542281341238,IND>OTH>GRN>ON,0.5076495752172827,0.49235042478271734,IND>OTH>GRN>LNP,Lower ON,PARAMS OTH,False,-0.01795440546599747
Wendouree,Western Victoria,ALP,LNP,ALP,0.5045231254076505,0.4954768745923495,0.004523125407650541,LNP-ALP,IND>OTH>GRN>ON,0.4954768745923495,0.5045231254076505,IND>OTH>GRN>ON,0.5067598994865847,0.49324010051341527,IND>OTH>GRN>LNP,Western Victoria,ALP,LNP,ALP,0.5045231254076505,0.4954768745923495,0.004523125407650541,LNP-ALP,IND>OTH>GRN>ON,0.4954768745923495,0.5045231254076505,IND>OTH>GRN>ON,0.5067598994865847,0.49324010051341527,IND>OTH>GRN>LNP,Lower ON,PARAMS OTH,False,0.0
Werribee,Western Metro,ALP,ON,ALP,0.5358845567671136,0.4641154432328864,0.03588455676711355,ON-ALP,GRN>OTH>IND>LNP,0.5054771073577344,0.4945228926422655,GRN>OTH>IND>ON,0.4641154432328864,0.5358845567671136,GRN>OTH>IND>LNP,Western Metro,ALP,ON,ALP,0.5376325219573739,0.46236747804262607,0.03763252195737388,ON-ALP,GRN>OTH>IND>LNP,0.5052935243949152,0.4947064756050849,GRN>OTH>IND>ON,0.46236747804262607,0.5376325219573739,GRN>OTH>IND>LNP,Lower ON,PARAMS OTH,False,0.01835829628192842
Williamstown,Western Metro,ALP,ALP,LNP,0.5840597651702387,0.41594023482976133,0.08405976517023872,ALP-LNP,IND>OTH>GRN>ON,0.5840597651702387,0.41594023482976133,IND>OTH>GRN>ON,0.6321817140607471,0.36781828593925303,IND>OTH>GRN>LNP,Western Metro,ALP,ALP,LNP,0.5843054491980735,0.4156945508019266,0.08430544919807348,ALP-LNP,IND>OTH>GRN>ON,0.5843054491980735,0.4156945508019266,IND>OTH>GRN>ON,0.6303821216524973,0.3696178783475027,IND>OTH>GRN>LNP,Lower ON,PARAMS OTH,False,-0.02456840278347583
Yan Yean,Northern Victoria,ALP,LNP,ALP,0.5248693474583178,0.47513065254168213,0.024869347458317814,LNP-ALP,IND>GRN>OTH>ON,0.47513065254168213,0.5248693474583178,IND>GRN>OTH>ON,0.46508889407787635,0.5349111059221238,IND>GRN>OTH>LNP,Northern Victoria,ALP,LNP,ALP,0.5250806495581728,0.4749193504418273,0.025080649558172796,LNP-ALP,IND>GRN>OTH>ON,0.4749193504418273,0.5250806495581728,IND>GRN>OTH>ON,0.46173996792438815,0.5382600320756118,IND>GRN>OTH>LNP,Lower ON,PARAMS OTH,False,0.02113020998548154
Albert Park,Southern Metro,ALP,ALP,LNP,0.5600960061413782,0.43990399385862183,0.06009600614137822,ALP-LNP,OTH>IND>ON>GRN,0.5600960061413782,0.43990399385862183,OTH>IND>ON>GRN,0.6522077328414262,0.34779226715857375,OTH>IND>GRN>LNP,Southern Metro,ALP,ALP,LNP,0.5600960061413782,0.43990399385862183,0.06009600614137822,ALP-LNP,OTH>IND>ON>GRN,0.5600960061413782,0.43990399385862183,OTH>IND>ON>GRN,0.6522077328414262,0.34779226715857375,OTH>IND>GRN>LNP,Central,Stored OTH,False,0.0
Ashwood,Southern Metro,ALP,LNP,ALP,0.520456623719556,0.479543376280444,0.020456623719556033,LNP-ALP,OTH>IND>ON>GRN,0.479543376280444,0.520456623719556,OTH>IND>ON>GRN,0.6102778904604786,0.38972210953952136,OTH>IND>GRN>LNP,Southern Metro,ALP,LNP,ALP,0.520456623719556,0.479543376280444,0.020456623719556033,LNP-ALP,OTH>IND>ON>GRN,0.479543376280444,0.520456623719556,OTH>IND>ON>GRN,0.6102778904604786,0.38972210953952136,OTH>IND>GRN>LNP,Central,Stored OTH,False,0.0
Bass,Eastern Victoria,ALP,LNP,ON,0.5604412521464182,0.4395587478535819,0.060441252146418156,LNP-ON,OTH>IND>GRN>ALP,0.3622986780348227,0.6377013219651774,OTH>IND>GRN>ON,0.36404011633527916,0.6359598836647209,OTH>IND>GRN>LNP,Eastern Victoria,ALP,LNP,ON,0.5604412521464182,0.4395587478535819,0.060441252146418156,LNP-ON,OTH>IND>GRN>ALP,0.3622986780348227,0.6377013219651774,OTH>IND>GRN>ON,0.36404011633527916,0.6359598836647209,OTH>IND>GRN>LNP,Central,Stored OTH,False,0.0
Bayswater,North-Eastern Metro,ALP,LNP,ALP,0.5643840761615058,0.4356159238384942,0.06438407616150577,LNP-ALP,IND>OTH>GRN>ON,0.4356159238384942,0.5643840761615058,IND>OTH>GRN>ON,0.5063141549830619,0.4936858450169382,IND>OTH>GRN>LNP,North-Eastern Metro,ALP,LNP,ALP,0.5643840761615058,0.4356159238384942,0.06438407616150577,LNP-ALP,IND>OTH>GRN>ON,0.4356159238384942,0.5643840761615058,IND>OTH>GRN>ON,0.5063141549830619,0.4936858450169382,IND>OTH>GRN>LNP,Central,Stored OTH,False,0.0
Bellarine,Western Victoria,ALP,LNP,ALP,0.5134776065244449,0.4865223934755552,0.013477606524444852,LNP-ALP,OTH>IND>GRN>ON,0.4865223934755552,0.5134776065244449,OTH>IND>GRN>ON,0.5070890587290994,0.4929109412709007,OTH>IND>GRN>LNP,Western Victoria,ALP,LNP,ALP,0.5134776065244449,0.4865223934755552,0.013477606524444852,LNP-ALP,OTH>IND>GRN>ON,0.4865223934755552,0.5134776065244449,OTH>IND>GRN>ON,0.5070890587290994,0.4929109412709007,OTH>IND>GRN>LNP,Central,Stored OTH,False,0.0
Benambra,Northern Victoria,LNP,LNP,IND,0.5805815116815392,0.4194184883184609,0.08058151168153915,LNP-IND,ALP>OTH>GRN>ON,0.25349387718351335,0.7465061228164868,OTH>GRN>ON>IND,0.3279699844434086,0.6720300155565915,OTH>GRN>LNP>IND,Northern Victoria,LNP,LNP,IND,0.5805815116815392,0.4194184883184609,0.08058151168153915,LNP-IND,ALP>OTH>GRN>ON,0.25349387718351335,0.7465061228164868,OTH>GRN>ON>IND,0.3279699844434086,0.6720300155565915,OTH>GRN>LNP>IND,Central,Stored OTH,False,0.0
Bendigo East,Northern Victoria,ALP,ALP,LNP,0.5003536070355367,0.4996463929644633,0.00035360703553666273,ALP-LNP,OTH>IND>GRN>ON,0.5003536070355367,0.4996463929644633,OTH>IND>GRN>ON,0.5314979462261304,0.4685020537738695,OTH>IND>GRN>LNP,Northern Victoria,ALP,ALP,LNP,0.5003536070355367,0.4996463929644633,0.00035360703553666273,ALP-LNP,OTH>IND>GRN>ON,0.5003536070355367,0.4996463929644633,OTH>IND>GRN>ON,0.5314979462261304,0.4685020537738695,OTH>IND>GRN>LNP,Central,Stored OTH,False,0.0
Bendigo West,Northern Victoria,ALP,ALP,ON,0.5360153964249071,0.4639846035750929,0.03601539642490714,ALP-ON,IND>OTH>GRN>LNP,0.5384030663334269,0.4615969336665731,IND>OTH>GRN>ON,0.5360153964249071,0.4639846035750929,IND>OTH>GRN>LNP,Northern Victoria,ALP,ALP,ON,0.5360153964249071,0.4639846035750929,0.03601539642490714,ALP-ON,IND>OTH>GRN>LNP,0.5384030663334269,0.4615969336665731,IND>OTH>GRN>ON,0.5360153964249071,0.4639846035750929,IND>OTH>GRN>LNP,Central,Stored OTH,False,0.0
Bentleigh,Southern Metro,ALP,ALP,LNP,0.5039496786616211,0.4960503213383789,0.003949678661621103,ALP-LNP,OTH>IND>GRN>ON,0.5039496786616211,0.4960503213383789,OTH>IND>GRN>ON,0.5966102123397682,0.4033897876602319,OTH>IND>GRN>LNP,Southern Metro,ALP,ALP,LNP,0.5039496786616211,0.4960503213383789,0.003949678661621103,ALP-LNP,OTH>IND>GRN>ON,0.5039496786616211,0.4960503213383789,OTH>IND>GRN>ON,0.5966102123397682,0.4033897876602319,OTH>IND>GRN>LNP,Central,Stored OTH,False,0.0
Berwick,South-Eastern Metro,LNP,LNP,ALP,0.6525574920080127,0.34744250799198734,0.15255749200801272,LNP-ALP,IND>OTH>GRN>ON,0.34744250799198734,0.6525574920080127,IND>OTH>GRN>ON,0.38821198346013575,0.6117880165398643,IND>OTH>GRN>LNP,South-Eastern Metro,LNP,LNP,ALP,0.6525574920080127,0.34744250799198734,0.15255749200801272,LNP-ALP,IND>OTH>GRN>ON,0.34744250799198734,0.6525574920080127,IND>OTH>GRN>ON,0.38821198346013575,0.6117880165398643,IND>OTH>GRN>LNP,Central,Stored OTH,False,0.0
Box Hill,North-Eastern Metro,ALP,LNP,ALP,0.508527420130594,0.491472579869406,0.008527420130594043,LNP-ALP,IND>OTH>ON>GRN,0.491472579869406,0.508527420130594,IND>OTH>ON>GRN,0.6178314005013477,0.38216859949865245,IND>OTH>GRN>LNP,North-Eastern Metro,ALP,LNP,ALP,0.508527420130594,0.491472579869406,0.008527420130594043,LNP-ALP,IND>OTH>ON>GRN,0.491472579869406,0.508527420130594,IND>OTH>ON>GRN,0.6178314005013477,0.38216859949865245,IND>OTH>GRN>LNP,Central,Stored OTH,False,0.0
Brighton,Southern Metro,LNP,LNP,GRN,0.5944095651572789,0.4055904348427211,0.09440956515727894,LNP-GRN,OTH>IND>ON>ALP,0.39547611765168394,0.6045238823483161,OTH>IND>ON>GRN,0.5928496768463466,0.40715032315365346,OTH>IND>GRN>LNP,Southern Metro,LNP,LNP,GRN,0.5944095651572789,0.4055904348427211,0.09440956515727894,LNP-GRN,OTH>IND>ON>ALP,0.39547611765168394,0.6045238823483161,OTH>IND>ON>GRN,0.5928496768463466,0.40715032315365346,OTH>IND>GRN>LNP,Central,Stored OTH,False,0.0
Broadmeadows,Northern Metro,ALP,ALP,ON,0.5538395025330242,0.4461604974669759,0.053839502533024164,ALP-ON,IND>GRN>OTH>LNP,0.591809970231767,0.408190029768233,IND>GRN>OTH>ON,0.5538395025330242,0.4461604974669759,IND>GRN>OTH>LNP,Northern Metro,ALP,ALP,ON,0.5538395025330242,0.4461604974669759,0.053839502533024164,ALP-ON,IND>GRN>OTH>LNP,0.591809970231767,0.408190029768233,IND>GRN>OTH>ON,0.5538395025330242,0.4461604974669759,IND>GRN>OTH>LNP,Central,Stored OTH,False,0.0
Brunswick,Northern Metro,GRN,GRN,ALP,0.6591443449138408,0.34085565508615934,0.15914434491384077,GRN-ALP,IND>LNP>OTH>ON,0.7752305711681029,0.2247694288318971,IND>OTH>ON>GRN,0.759535636929266,0.2404643630707341,IND>LNP>OTH>GRN,Northern Metro,GRN,GRN,ALP,0.6591443449138408,0.34085565508615934,0.15914434491384077,GRN-ALP,IND>LNP>OTH>ON,0.7752305711681029,0.2247694288318971,IND>OTH>ON>GRN,0.759535636929266,0.2404643630707341,IND>LNP>OTH>GRN,Central,Stored OTH,False,0.0
Bulleen,North-Eastern Metro,LNP,LNP,ALP,0.6379656143794961,0.362034385620504,0.13796561437949606,LNP-ALP,OTH>IND>GRN>ON,0.362034385620504,0.6379656143794961,OTH>IND>GRN>ON,0.5440656513065232,0.45593434869347693,OTH>IND>GRN>LNP,North-Eastern Metro,LNP,LNP,ALP,0.6379656143794961,0.362034385620504,0.13796561437949606,LNP-ALP,OTH>IND>GRN>ON,0.362034385620504,0.6379656143794961,OTH>IND>GRN>ON,0.5440656513065232,0.45593434869347693,OTH>IND>GRN>LNP,Central,Stored OTH,False,0.0
Bundoora,North-Eastern Metro,ALP,ALP,LNP,0.5557944567880332,0.44420554321196687,0.05579445678803319,ALP-LNP,IND>OTH>GRN>ON,0.5557944567880332,0.44420554321196687,IND>OTH>GRN>ON,0.6201514839780874,0.37984851602191266,IND>OTH>GRN>LNP,North-Eastern Metro,ALP,ALP,LNP,0.5557944567880332,0.44420554321196687,0.05579445678803319,ALP-LNP,IND>OTH>GRN>ON,0.5557944567880332,0.44420554321196687,IND>OTH>GRN>ON,0.6201514839780874,0.37984851602191266,IND>OTH>GRN>LNP,Central,Stored OTH,False,0.0
Carrum,South-Eastern Metro,ALP,ON,ALP,0.529228094636186,0.4707719053638139,0.02922809463618603,ON-ALP,IND>OTH>GRN>LNP,0.47576064011605207,0.5242393598839479,IND>OTH>GRN>ON,0.4707719053638139,0.529228094636186,IND>OTH>GRN>LNP,South-Eastern Metro,ALP,ON,ALP,0.529228094636186,0.4707719053638139,0.02922809463618603,ON-ALP,IND>OTH>GRN>LNP,0.47576064011605207,0.5242393598839479,IND>OTH>GRN>ON,0.4707719053638139,0.529228094636186,IND>OTH>GRN>LNP,Central,Stored OTH,False,0.0
Caulfield,Southern Metro,LNP,LNP,GRN,0.5877463419224108,0.4122536580775892,0.08774634192241082,LNP-GRN,OTH>IND>ON>ALP,0.41705451771405483,0.5829454822859451,OTH>IND>ON>GRN,0.6043832713351489,0.39561672866485115,OTH>IND>GRN>LNP,Southern Metro,LNP,LNP,GRN,0.5877463419224108,0.4122536580775892,0.08774634192241082,LNP-GRN,OTH>IND>ON>ALP,0.41705451771405483,0.5829454822859451,OTH>IND>ON>GRN,0.6043832713351489,0.39561672866485115,OTH>IND>GRN>LNP,Central,Stored OTH,False,0.0
Clarinda,South-Eastern Metro,ALP,ALP,LNP,0.5309330383503204,0.4690669616496797,0.030933038350320352,ALP-LNP,OTH>GRN>IND>ON,0.5309330383503204,0.4690669616496797,OTH>GRN>IND>ON,0.5773634139447014,0.4226365860552987,OTH>GRN>IND>LNP,South-Eastern Metro,ALP,ALP,LNP,0.5309330383503204,0.4690669616496797,0.030933038350320352,ALP-LNP,OTH>GRN>IND>ON,0.5309330383503204,0.4690669616496797,OTH>GRN>IND>ON,0.5773634139447014,0.4226365860552987,OTH>GRN>IND>LNP,Central,Stored OTH,False,0.0
Cranbourne,South-Eastern Metro,ALP,ON,ALP,0.5205785696107084,0.47942143038929164,0.020578569610708364,ON-ALP,IND>GRN>OTH>LNP,0.4961813051922147,0.5038186948077853,IND>GRN>OTH>ON,0.47942143038929164,0.5205785696107084,IND>GRN>OTH>LNP,South-Eastern Metro,ALP,ON,ALP,0.5205785696107084,0.47942143038929164,0.020578569610708364,ON-ALP,IND>GRN>OTH>LNP,0.4961813051922147,0.5038186948077853,IND>GRN>OTH>ON,0.47942143038929164,0.5205785696107084,IND>GRN>OTH>LNP,Central,Stored OTH,False,0.0
Croydon,North-Eastern Metro,LNP,LNP,ALP,0.6027820270561723,0.3972179729438277,0.10278202705617234,LNP-ALP,IND>OTH>GRN>ON,0.3972179729438277,0.6027820270561723,IND>OTH>GRN>ON,0.4887247589635328,0.5112752410364673,IND>OTH>GRN>LNP,North-Eastern Metro,LNP,LNP,ALP,0.6027820270561723,0.3972179729438277,0.10278202705617234,LNP-ALP,IND>OTH>GRN>ON,0.3972179729438277,0.6027820270561723,IND>OTH>GRN>ON,0.4887247589635328,0.5112752410364673,IND>OTH>GRN>LNP,Central,Stored OTH,False,0.0
Dandenong,South-Eastern Metro,ALP,ALP,ON,0.5903781833621796,0.4096218166378205,0.09037818336217962,ALP-ON,IND>OTH>GRN>LNP,0.6097142828227021,0.39028571717729793,IND>OTH>GRN>ON,0.5903781833621796,0.4096218166378205,IND>OTH>GRN>LNP,South-Eastern Metro,ALP,ALP,ON,0.5903781833621796,0.4096218166378205,0.09037818336217962,ALP-ON,IND>OTH>GRN>LNP,0.6097142828227021,0.39028571717729793,IND>OTH>GRN>ON,0.5903781833621796,0.4096218166378205,IND>OTH>GRN>LNP,Central,Stored OTH,False,0.0
Eildon,Northern Victoria,LNP,LNP,ON,0.5990227557170118,0.40097724428298814,0.0990227557170118,LNP-ON,IND>OTH>GRN>ALP,0.33160117755124396,0.6683988224487561,IND>OTH>GRN>ON,0.3523113022468999,0.6476886977531001,IND>OTH>GRN>LNP,Northern Victoria,LNP,LNP,ON,0.5990227557170118,0.40097724428298814,0.0990227557170118,LNP-ON,IND>OTH>GRN>ALP,0.33160117755124396,0.6683988224487561,IND>OTH>GRN>ON,0.3523113022468999,0.6476886977531001,IND>OTH>GRN>LNP,Central,Stored OTH,False,0.0
Eltham,North-Eastern Metro,ALP,ALP,LNP,0.5061304629941618,0.49386953700583824,0.006130462994161756,ALP-LNP,IND>OTH>GRN>ON,0.5061304629941618,0.49386953700583824,IND>OTH>GRN>ON,0.5686484837196373,0.43135151628036283,IND>OTH>GRN>LNP,North-Eastern Metro,ALP,ALP,LNP,0.5061304629941618,0.49386953700583824,0.006130462994161756,ALP-LNP,IND>OTH>GRN>ON,0.5061304629941618,0.49386953700583824,IND>OTH>GRN>ON,0.5686484837196373,0.43135151628036283,IND>OTH>GRN>LNP,Central,Stored OTH,False,0.0
Essendon,Northern Metro,ALP,ALP,LNP,0.5191950192852036,0.4808049807147963,0.01919501928520362,ALP-LNP,IND>OTH>GRN>ON,0.5191950192852036,0.4808049807147963,IND>OTH>GRN>ON,0.5555290924076505,0.44447090759234953,IND>OTH>GRN>LNP,Northern Metro,ALP,ALP,LNP,0.5191950192852036,0.4808049807147963,0.01919501928520362,ALP-LNP,IND>OTH>GRN>ON,0.5191950192852036,0.4808049807147963,IND>OTH>GRN>ON,0.5555290924076505,0.44447090759234953,IND>OTH>GRN>LNP,Central,Stored OTH,False,0.0
Eureka,Western Victoria,ALP,ON,ALP,0.5851370457478557,0.4148629542521443,0.08513704574785574,ON-ALP,IND>OTH>GRN>LNP,0.44502767397475407,0.5549723260252459,IND>OTH>GRN>ON,0.4148629542521443,0.5851370457478557,IND>OTH>GRN>LNP,Western Victoria,ALP,ON,ALP,0.5851370457478557,0.4148629542521443,0.08513704574785574,ON-ALP,IND>OTH>GRN>LNP,0.44502767397475407,0.5549723260252459,IND>OTH>GRN>ON,0.4148629542521443,0.5851370457478557,IND>OTH>GRN>LNP,Central,Stored OTH,False,0.0
Euroa,Northern Victoria,LNP,LNP,ON,0.5930241697825657,0.40697583021743444,0.09302416978256567,LNP-ON,IND>OTH>GRN>ALP,0.28802106251548804,0.711978937484512,IND>OTH>GRN>ON,0.3202846499025307,0.6797153500974693,IND>OTH>GRN>LNP,Northern Victoria,LNP,LNP,ON,0.5930241697825657,0.40697583021743444,0.09302416978256567,LNP-ON,IND>OTH>GRN>ALP,0.28802106251548804,0.711978937484512,IND>OTH>GRN>ON,0.3202846499025307,0.6797153500974693,IND>OTH>GRN>LNP,Central,Stored OTH,False,0.0
Evelyn,Eastern Victoria,LNP,LNP,ALP,0.6571632582016589,0.34283674179834106,0.15716325820165888,LNP-ALP,IND>OTH>GRN>ON,0.34283674179834106,0.6571632582016589,IND>OTH>GRN>ON,0.3901705478301099,0.60982945216989,IND>OTH>GRN>LNP,Eastern Victoria,LNP,LNP,ALP,0.6571632582016589,0.34283674179834106,0.15716325820165888,LNP-ALP,IND>OTH>GRN>ON,0.34283674179834106,0.6571632582016589,IND>OTH>GRN>ON,0.3901705478301099,0.60982945216989,IND>OTH>GRN>LNP,Central,Stored OTH,False,0.0
Footscray,Western Metro,ALP,ALP,GRN,0.5278783027538275,0.4721216972461725,0.027878302753827522,ALP-GRN,IND>OTH>LNP>ON,0.6853642495173764,0.31463575048262354,IND>OTH>ON>GRN,0.7375122648386593,0.2624877351613407,IND>OTH>LNP>GRN,Western Metro,ALP,ALP,GRN,0.5278783027538275,0.4721216972461725,0.027878302753827522,ALP-GRN,IND>OTH>LNP>ON,0.6853642495173764,0.31463575048262354,IND>OTH>ON>GRN,0.7375122648386593,0.2624877351613407,IND>OTH>LNP>GRN,Central,Stored OTH,False,0.0
Frankston,South-Eastern Metro,ALP,ALP,ON,0.5033010834165246,0.49669891658347554,0.003301083416524575,ALP-ON,IND>OTH>GRN>LNP,0.49648326115864205,0.5035167388413581,IND>OTH>GRN>ON,0.5033010834165246,0.49669891658347554,IND>OTH>GRN>LNP,South-Eastern Metro,ALP,ALP,ON,0.5033010834165246,0.49669891658347554,0.003301083416524575,ALP-ON,IND>OTH>GRN>LNP,0.49648326115864205,0.5035167388413581,IND>OTH>GRN>ON,0.5033010834165246,0.49669891658347554,IND>OTH>GRN>LNP,Central,Stored OTH,False,0.0
Geelong,Western Victoria,ALP,ON,ALP,0.5190372589448211,0.480962741055179,0.01903725894482111,ON-ALP,OTH>IND>GRN>LNP,0.500822557190523,0.4991774428094769,OTH>IND>GRN>ON,0.480962741055179,0.5190372589448211,OTH>IND>GRN>LNP,Western Victoria,ALP,ON,ALP,0.5190372589448211,0.480962741055179,0.01903725894482111,ON-ALP,OTH>IND>GRN>LNP,0.500822557190523,0.4991774428094769,OTH>IND>GRN>ON,0.480962741055179,0.5190372589448211,OTH>IND>GRN>LNP,Central,Stored OTH,False,0.0
Gippsland East,Eastern Victoria,LNP,LNP,ON,0.5968253693394897,0.40317463066051024,0.09682536933948971,LNP-ON,IND>ALP>OTH>GRN,0.18580385284747045,0.8141961471525295,IND>OTH>GRN>ON,0.22111667787535436,0.7788833221246456,IND>OTH>GRN>LNP,Eastern Victoria,LNP,LNP,ON,0.5968253693394897,0.40317463066051024,0.09682536933948971,LNP-ON,IND>ALP>OTH>GRN,0.18580385284747045,0.8141961471525295,IND>OTH>GRN>ON,0.22111667787535436,0.7788833221246456,IND>OTH>GRN>LNP,Central,Stored OTH,False,0.0
Gippsland South,Eastern Victoria,LNP,LNP,ON,0.5881529129984686,0.41184708700153133,0.08815291299846861,LNP-ON,OTH>IND>GRN>ALP,0.24371121653076094,0.7562887834692391,OTH>IND>GRN>ON,0.2700460101983576,0.7299539898016425,OTH>IND>GRN>LNP,Eastern Victoria,LNP,LNP,ON,0.5881529129984686,0.41184708700153133,0.08815291299846861,LNP-ON,OTH>IND>GRN>ALP,0.24371121653076094,0.7562887834692391,OTH>IND>GRN>ON,0.2700460101983576,0.7299539898016425,OTH>IND>GRN>LNP,Central,Stored OTH,False,0.0
Glen Waverley,North-Eastern Metro,ALP,LNP,ALP,0.5491055354552111,0.450894464544789,0.049105535455211125,LNP-ALP,IND>OTH>GRN>ON,0.450894464544789,0.5491055354552111,IND>OTH>GRN>ON,0.5934015250957668,0.4065984749042333,IND>OTH>GRN>LNP,North-Eastern Metro,ALP,LNP,ALP,0.5491055354552111,0.450894464544789,0.049105535455211125,LNP-ALP,IND>OTH>GRN>ON,0.450894464544789,0.5491055354552111,IND>OTH>GRN>ON,0.5934015250957668,0.4065984749042333,IND>OTH>GRN>LNP,Central,Stored OTH,False,0.0
Greenvale,Northern Metro,ALP,ALP,ON,0.552051587278323,0.4479484127216769,0.05205158727832304,ALP-ON,IND>GRN>OTH>LNP,0.5523818793859778,0.4476181206140221,IND>GRN>OTH>ON,0.552051587278323,0.4479484127216769,IND>GRN>OTH>LNP,Northern Metro,ALP,ALP,ON,0.552051587278323,0.4479484127216769,0.05205158727832304,ALP-ON,IND>GRN>OTH>LNP,0.5523818793859778,0.4476181206140221,IND>GRN>OTH>ON,0.552051587278323,0.4479484127216769,IND>GRN>OTH>LNP,Central,Stored OTH,False,0.0
Hastings,Eastern Victoria,ALP,LNP,ALP,0.603377298807835,0.39662270119216503,0.10337729880783497,LNP-ALP,IND>OTH>GRN>ON,0.39662270119216503,0.603377298807835,IND>OTH>GRN>ON,0.39986936040284193,0.6001306395971581,IND>OTH>GRN>LNP,Eastern Victoria,ALP,LNP,ALP,0.603377298807835,0.39662270119216503,0.10337729880783497,LNP-ALP,IND>OTH>GRN>ON,0.39662270119216503,0.603377298807835,IND>OTH>GRN>ON,0.39986936040284193,0.6001306395971581,IND>OTH>GRN>LNP,Central,Stored OTH,False,0.0
Hawthorn,Southern Metro,LNP,LNP,GRN,0.6391084697960523,0.36089153020394765,0.1391084697960523,LNP-GRN,OTH>ON>ALP>IND,0.45983543683511824,0.5401645631648818,OTH>ON>GRN>IND,0.6504797873123367,0.34952021268766337,OTH>GRN>IND>LNP,Southern Metro,LNP,LNP,GRN,0.6391084697960523,0.36089153020394765,0.1391084697960523,LNP-GRN,OTH>ON>ALP>IND,0.45983543683511824,0.5401645631648818,OTH>ON>GRN>IND,0.6504797873123367,0.34952021268766337,OTH>GRN>IND>LNP,Central,Stored OTH,False,0.0
Ivanhoe,North-Eastern Metro,ALP,ALP,LNP,0.5484559348552526,0.4515440651447475,0.04845593485525257,ALP-LNP,OTH>IND>ON>GRN,0.5484559348552526,0.4515440651447475,OTH>IND>ON>GRN,0.6224435206059175,0.37755647939408254,OTH>IND>GRN>LNP,North-Eastern Metro,ALP,ALP,LNP,0.5484559348552526,0.4515440651447475,0.04845593485525257,ALP-LNP,OTH>IND>ON>GRN,0.5484559348552526,0.4515440651447475,OTH>IND>ON>GRN,0.6224435206059175,0.37755647939408254,OTH>IND>GRN>LNP,Central,Stored OTH,False,0.0
Kalkallo,Northern Metro,ALP,ALP,ON,0.5402754619056055,0.4597245380943945,0.04027546190560549,ALP-ON,IND>GRN>OTH>LNP,0.5675745395683529,0.4324254604316471,IND>GRN>OTH>ON,0.5402754619056055,0.4597245380943945,IND>GRN>OTH>LNP,Northern Metro,ALP,ALP,ON,0.5402754619056055,0.4597245380943945,0.04027546190560549,ALP-ON,IND>GRN>OTH>LNP,0.5675745395683529,0.4324254604316471,IND>GRN>OTH>ON,0.5402754619056055,0.4597245380943945,IND>GRN>OTH>LNP,Central,Stored OTH,False,0.0
Kew,Southern Metro,LNP,LNP,IND,0.6099193578406876,0.39008064215931243,0.10991935784068763,LNP-IND,OTH>ON>GRN>ALP,0.41964855912835175,0.5803514408716482,OTH>ON>GRN>IND,0.6324909625030096,0.3675090374969904,OTH>GRN>IND>LNP,Southern Metro,LNP,LNP,IND,0.6099193578406876,0.39008064215931243,0.10991935784068763,LNP-IND,OTH>ON>GRN>ALP,0.41964855912835175,0.5803514408716482,OTH>ON>GRN>IND,0.6324909625030096,0.3675090374969904,OTH>GRN>IND>LNP,Central,Stored OTH,False,0.0
Kororoit,Western Metro,ALP,ALP,ON,0.5480583488675059,0.45194165113249407,0.04805834886750593,ALP-ON,IND>GRN>OTH>LNP,0.5895582434444319,0.41044175655556814,IND>GRN>OTH>ON,0.5480583488675059,0.45194165113249407,IND>GRN>OTH>LNP,Western Metro,ALP,ALP,ON,0.5480583488675059,0.45194165113249407,0.04805834886750593,ALP-ON,IND>GRN>OTH>LNP,0.5895582434444319,0.41044175655556814,IND>GRN>OTH>ON,0.5480583488675059,0.45194165113249407,IND>GRN>OTH>LNP,Central,Stored OTH,False,0.0
Lara,Western Victoria,ALP,ON,ALP,0.5396428180835416,0.4603571819164583,0.03964281808354164,ON-ALP,IND>OTH>GRN>LNP,0.5146324075854838,0.48536759241451627,IND>OTH>GRN>ON,0.4603571819164583,0.5396428180835416,IND>OTH>GRN>LNP,Western Victoria,ALP,ON,ALP,0.5396428180835416,0.4603571819164583,0.03964281808354164,ON-ALP,IND>OTH>GRN>LNP,0.5146324075854838,0.48536759241451627,IND>OTH>GRN>ON,0.4603571819164583,0.5396428180835416,IND>OTH>GRN>LNP,Central,Stored OTH,False,0.0
Laverton,Western Metro,ALP,ALP,ON,0.5778141985028229,0.4221858014971771,0.0778141985028229,ALP-ON,IND>GRN>OTH>LNP,0.5941588658764366,0.40584113412356343,IND>GRN>OTH>ON,0.5778141985028229,0.4221858014971771,IND>GRN>OTH>LNP,Western Metro,ALP,ALP,ON,0.5778141985028229,0.4221858014971771,0.0778141985028229,ALP-ON,IND>GRN>OTH>LNP,0.5941588658764366,0.40584113412356343,IND>GRN>OTH>ON,0.5778141985028229,0.4221858014971771,IND>GRN>OTH>LNP,Central,Stored OTH,False,0.0
Lowan,Western Victoria,LNP,LNP,ON,0.6292477387319892,0.3707522612680108,0.12924773873198925,LNP-ON,IND>OTH>ALP>GRN,0.20119182487159956,0.7988081751284004,IND>OTH>GRN>ON,0.24304240361597365,0.7569575963840264,IND>OTH>GRN>LNP,Western Victoria,LNP,LNP,ON,0.6292477387319892,0.3707522612680108,0.12924773873198925,LNP-ON,IND>OTH>ALP>GRN,0.20119182487159956,0.7988081751284004,IND>OTH>GRN>ON,0.24304240361597365,0.7569575963840264,IND>OTH>GRN>LNP,Central,Stored OTH,False,0.0
Macedon,Northern Victoria,ALP,ON,ALP,0.5362659257563697,0.4637340742436304,0.036265925756369666,ON-ALP,OTH>IND>GRN>LNP,0.4764392409643,0.5235607590357,OTH>IND>GRN>ON,0.4637340742436304,0.5362659257563697,OTH>IND>GRN>LNP,Northern Victoria,ALP,ON,ALP,0.5362659257563697,0.4637340742436304,0.036265925756369666,ON-ALP,OTH>IND>GRN>LNP,0.4764392409643,0.5235607590357,OTH>IND>GRN>ON,0.4637340742436304,0.5362659257563697,OTH>IND>GRN>LNP,Central,Stored OTH,False,0.0
Malvern,Southern Metro,LNP,LNP,GRN,0.6450091019881354,0.3549908980118645,0.14500910198813544,LNP-GRN,IND>OTH>ON>ALP,0.35701183288607713,0.6429881671139228,IND>OTH>ON>GRN,0.595328187122819,0.40467181287718107,IND>OTH>GRN>LNP,Southern Metro,LNP,LNP,GRN,0.6450091019881354,0.3549908980118645,0.14500910198813544,LNP-GRN,IND>OTH>ON>ALP,0.35701183288607713,0.6429881671139228,IND>OTH>ON>GRN,0.595328187122819,0.40467181287718107,IND>OTH>GRN>LNP,Central,Stored OTH,False,0.0
Melbourne,Northern Metro,GRN,GRN,ALP,0.6342274443581282,0.3657725556418718,0.13422744435812817,GRN-ALP,IND>OTH>LNP>ON,0.7017076980130988,0.2982923019869011,IND>OTH>ON>GRN,0.7549606245384539,0.24503937546154606,IND>OTH>LNP>GRN,Northern Metro,GRN,GRN,ALP,0.6342274443581282,0.3657725556418718,0.13422744435812817,GRN-ALP,IND>OTH>LNP>ON,0.7017076980130988,0.2982923019869011,IND>OTH>ON>GRN,0.7549606245384539,0.24503937546154606,IND>OTH>LNP>GRN,Central,Stored OTH,False,0.0
Melton,Western Victoria,ALP,ON,IND,0.5655312841279021,0.4344687158720979,0.0655312841279021,ON-IND,GRN>OTH>LNP>ALP,0.411267433908898,0.588732566091102,GRN>OTH>IND>ON,0.43495748537679724,0.5650425146232029,GRN>OTH>LNP>IND,Western Victoria,ALP,ON,IND,0.5655312841279021,0.4344687158720979,0.0655312841279021,ON-IND,GRN>OTH>LNP>ALP,0.411267433908898,0.588732566091102,GRN>OTH>IND>ON,0.43495748537679724,0.5650425146232029,GRN>OTH>LNP>IND,Central,Stored OTH,False,0.0
Mildura,Northern Victoria,LNP,IND,ON,0.5105785296868098,0.4894214703131902,0.010578529686809834,IND-ON,OTH>ALP>GRN>LNP,0.2604432641517144,0.7395567358482856,OTH>GRN>ON>IND,0.33807927024270273,0.6619207297572973,OTH>GRN>LNP>IND,Northern Victoria,LNP,IND,ON,0.5105785296868098,0.4894214703131902,0.010578529686809834,IND-ON,OTH>ALP>GRN>LNP,0.2604432641517144,0.7395567358482856,OTH>GRN>ON>IND,0.33807927024270273,0.6619207297572973,OTH>GRN>LNP>IND,Central,Stored OTH,False,0.0
Mill Park,North-Eastern Metro,ALP,ALP,ON,0.5308615001679609,0.4691384998320392,0.030861500167960854,ALP-ON,IND>GRN>OTH>LNP,0.5476933819247004,0.45230661807529965,IND>GRN>OTH>ON,0.5308615001679609,0.4691384998320392,IND>GRN>OTH>LNP,North-Eastern Metro,ALP,ALP,ON,0.5308615001679609,0.4691384998320392,0.030861500167960854,ALP-ON,IND>GRN>OTH>LNP,0.5476933819247004,0.45230661807529965,IND>GRN>OTH>ON,0.5308615001679609,0.4691384998320392,IND>GRN>OTH>LNP,Central,Stored OTH,False,0.0
Monbulk,Eastern Victoria,ALP,LNP,ALP,0.543184736963137,0.45681526303686315,0.04318473696313696,LNP-ALP,OTH>IND>GRN>ON,0.45681526303686315,0.543184736963137,OTH>IND>GRN>ON,0.44731884844998404,0.5526811515500161,OTH>IND>GRN>LNP,Eastern Victoria,ALP,LNP,ALP,0.543184736963137,0.45681526303686315,0.04318473696313696,LNP-ALP,OTH>IND>GRN>ON,0.45681526303686315,0.543184736963137,OTH>IND>GRN>ON,0.44731884844998404,0.5526811515500161,OTH>IND>GRN>LNP,Central,Stored OTH,False,0.0
Mordialloc,South-Eastern Metro,ALP,ALP,LNP,0.5002576789025046,0.4997423210974954,0.00025767890250461,ALP-LNP,OTH>IND>GRN>ON,0.5002576789025046,0.4997423210974954,OTH>IND>GRN>ON,0.565059084458115,0.4349409155418851,OTH>IND>GRN>LNP,South-Eastern Metro,ALP,ALP,LNP,0.5002576789025046,0.4997423210974954,0.00025767890250461,ALP-LNP,OTH>IND>GRN>ON,0.5002576789025046,0.4997423210974954,OTH>IND>GRN>ON,0.565059084458115,0.4349409155418851,OTH>IND>GRN>LNP,Central,Stored OTH,False,0.0
Mornington,Eastern Victoria,LNP,LNP,IND,0.6179581985465787,0.3820418014534212,0.11795819854657874,LNP-IND,OTH>GRN>ALP>ON,0.31041014202216327,0.6895898579778367,OTH>GRN>ON>IND,0.3496316862533338,0.6503683137466663,OTH>GRN>IND>LNP,Eastern Victoria,LNP,LNP,IND,0.6179581985465787,0.3820418014534212,0.11795819854657874,LNP-IND,OTH>GRN>ALP>ON,0.31041014202216327,0.6895898579778367,OTH>GRN>ON>IND,0.3496316862533338,0.6503683137466663,OTH>GRN>IND>LNP,Central,Stored OTH,False,0.0
Morwell,Eastern Victoria,LNP,ON,LNP,0.5188863952055165,0.48111360479448356,0.018886395205516493,ON-LNP,GRN>OTH>IND>ALP,0.359905798616679,0.6400942013833211,GRN>OTH>IND>ON,0.3321890992543075,0.6678109007456925,GRN>OTH>IND>LNP,Eastern Victoria,LNP,ON,LNP,0.5188863952055165,0.48111360479448356,0.018886395205516493,ON-LNP,GRN>OTH>IND>ALP,0.359905798616679,0.6400942013833211,GRN>OTH>IND>ON,0.3321890992543075,0.6678109007456925,GRN>OTH>IND>LNP,Central,Stored OTH,False,0.0
Mulgrave,South-Eastern Metro,ALP,ALP,ON,0.6753291435460252,0.32467085645397475,0.17532914354602525,ALP-ON,OTH>GRN>LNP>IND,0.603202060243612,0.396797939756388,OTH>GRN>IND>ON,0.6753291435460252,0.32467085645397475,OTH>GRN>LNP>IND,South-Eastern Metro,ALP,ALP,ON,0.6753291435460252,0.32467085645397475,0.17532914354602525,ALP-ON,OTH>GRN>LNP>IND,0.603202060243612,0.396797939756388,OTH>GRN>IND>ON,0.6753291435460252,0.32467085645397475,OTH>GRN>LNP>IND,Central,Stored OTH,False,0.0
Murray Plains,Northern Victoria,LNP,LNP,ON,0.591776932731634,0.408223067268366,0.09177693273163401,LNP-ON,IND>ALP>GRN>OTH,0.1693284545878011,0.8306715454121989,IND>GRN>OTH>ON,0.2006316374651817,0.7993683625348182,IND>GRN>OTH>LNP,Northern Victoria,LNP,LNP,ON,0.591776932731634,0.408223067268366,0.09177693273163401,LNP-ON,IND>ALP>GRN>OTH,0.1693284545878011,0.8306715454121989,IND>GRN>OTH>ON,0.2006316374651817,0.7993683625348182,IND>GRN>OTH>LNP,Central,Stored OTH,False,0.0
Narracan,Eastern Victoria,LNP,LNP,ON,0.6222385682315316,0.3777614317684685,0.12223856823153156,LNP-ON,OTH>IND>ALP>GRN,0.3558467784869556,0.6441532215130444,OTH>IND>GRN>ON,0.37798774251745226,0.6220122574825477,OTH>IND>GRN>LNP,Eastern Victoria,LNP,LNP,ON,0.6222385682315316,0.3777614317684685,0.12223856823153156,LNP-ON,OTH>IND>ALP>GRN,0.3558467784869556,0.6441532215130444,OTH>IND>GRN>ON,0.37798774251745226,0.6220122574825477,OTH>IND>GRN>LNP,Central,Stored OTH,False,0.0
Narre Warren North,South-Eastern Metro,ALP,ON,ALP,0.5017121408488983,0.49828785915110174,0.0017121408488982581,ON-ALP,IND>GRN>OTH>LNP,0.5062614331973686,0.49373856680263134,IND>GRN>OTH>ON,0.49828785915110174,0.5017121408488983,IND>GRN>OTH>LNP,South-Eastern Metro,ALP,ON,ALP,0.5017121408488983,0.49828785915110174,0.0017121408488982581,ON-ALP,IND>GRN>OTH>LNP,0.5062614331973686,0.49373856680263134,IND>GRN>OTH>ON,0.49828785915110174,0.5017121408488983,IND>GRN>OTH>LNP,Central,Stored OTH,False,0.0
Narre Warren South,South-Eastern Metro,ALP,ALP,ON,0.5065214437180295,0.4934785562819705,0.00652144371802954,ALP-ON,IND>GRN>OTH>LNP,0.5046104069788085,0.4953895930211915,IND>GRN>OTH>ON,0.5065214437180295,0.4934785562819705,IND>GRN>OTH>LNP,South-Eastern Metro,ALP,ALP,ON,0.5065214437180295,0.4934785562819705,0.00652144371802954,ALP-ON,IND>GRN>OTH>LNP,0.5046104069788085,0.4953895930211915,IND>GRN>OTH>ON,0.5065214437180295,0.4934785562819705,IND>GRN>OTH>LNP,Central,Stored OTH,False,0.0
Nepean,Eastern Victoria,LNP,LNP,ALP,0.6649199645559879,0.3350800354440122,0.1649199645559879,LNP-ALP,OTH>IND>GRN>ON,0.3350800354440122,0.6649199645559879,OTH>IND>GRN>ON,0.38247191057400604,0.6175280894259939,OTH>IND>GRN>LNP,Eastern Victoria,LNP,LNP,ALP,0.6649199645559879,0.3350800354440122,0.1649199645559879,LNP-ALP,OTH>IND>GRN>ON,0.3350800354440122,0.6649199645559879,OTH>IND>GRN>ON,0.38247191057400604,0.6175280894259939,OTH>IND>GRN>LNP,Central,Stored OTH,False,0.0
Niddrie,Western Metro,ALP,ALP,ON,0.5154634326616305,0.4845365673383695,0.015463432661630527,ALP-ON,IND>OTH>GRN>LNP,0.4730634500171788,0.5269365499828211,IND>OTH>GRN>ON,0.5154634326616305,0.4845365673383695,IND>OTH>GRN>LNP,Western Metro,ALP,ALP,ON,0.5154634326616305,0.4845365673383695,0.015463432661630527,ALP-ON,IND>OTH>GRN>LNP,0.4730634500171788,0.5269365499828211,IND>OTH>GRN>ON,0.5154634326616305,0.4845365673383695,IND>OTH>GRN>LNP,Central,Stored OTH,False,0.0
Northcote,Northern Metro,ALP,GRN,ALP,0.5413365279564469,0.458663472043553,0.04133652795644693,GRN-ALP,IND>LNP>OTH>ON,0.7396607539992819,0.2603392460007181,IND>OTH>ON>GRN,0.7200535084495939,0.27994649155040613,IND>LNP>OTH>GRN,Northern Metro,ALP,GRN,ALP,0.5413365279564469,0.458663472043553,0.04133652795644693,GRN-ALP,IND>LNP>OTH>ON,0.7396607539992819,0.2603392460007181,IND>OTH>ON>GRN,0.7200535084495939,0.27994649155040613,IND>LNP>OTH>GRN,Central,Stored OTH,False,0.0
Oakleigh,Southern Metro,ALP,ALP,LNP,0.5501721448655936,0.4498278551344064,0.050172144865593626,ALP-LNP,OTH>IND>GRN>ON,0.5501721448655936,0.4498278551344064,OTH>IND>GRN>ON,0.6041420166690807,0.3958579833309193,OTH>IND>GRN>LNP,Southern Metro,ALP,ALP,LNP,0.5501721448655936,0.4498278551344064,0.050172144865593626,ALP-LNP,OTH>IND>GRN>ON,0.5501721448655936,0.4498278551344064,OTH>IND>GRN>ON,0.6041420166690807,0.3958579833309193,OTH>IND>GRN>LNP,Central,Stored OTH,False,0.0
Ovens Valley,Northern Victoria,LNP,LNP,ON,0.5962191190840481,0.4037808809159519,0.09621911908404812,LNP-ON,IND>ALP>OTH>GRN,0.25676891905273996,0.7432310809472601,IND>GRN>OTH>ON,0.26581543533346863,0.7341845646665314,IND>GRN>OTH>LNP,Northern Victoria,LNP,LNP,ON,0.5962191190840481,0.4037808809159519,0.09621911908404812,LNP-ON,IND>ALP>OTH>GRN,0.25676891905273996,0.7432310809472601,IND>GRN>OTH>ON,0.26581543533346863,0.7341845646665314,IND>GRN>OTH>LNP,Central,Stored OTH,False,0.0
Pakenham,Eastern Victoria,ALP,LNP,ON,0.52183888144792,0.47816111855208004,0.02183888144792001,LNP-ON,IND>GRN>OTH>ALP,0.39479835541413794,0.6052016445858621,IND>GRN>OTH>ON,0.37187463574252116,0.6281253642574789,IND>GRN>OTH>LNP,Eastern Victoria,ALP,LNP,ON,0.52183888144792,0.47816111855208004,0.02183888144792001,LNP-ON,IND>GRN>OTH>ALP,0.39479835541413794,0.6052016445858621,IND>GRN>OTH>ON,0.37187463574252116,0.6281253642574789,IND>GRN>OTH>LNP,Central,Stored OTH,False,0.0
Pascoe Vale,Northern Metro,ALP,ALP,GRN,0.5118990910319825,0.48810090896801756,0.0118990910319825,ALP-GRN,OTH>IND>LNP>ON,0.6207292593697057,0.37927074063029437,OTH>IND>ON>GRN,0.6627478503254811,0.33725214967451894,OTH>IND>LNP>GRN,Northern Metro,ALP,ALP,GRN,0.5118990910319825,0.48810090896801756,0.0118990910319825,ALP-GRN,OTH>IND>LNP>ON,0.6207292593697057,0.37927074063029437,OTH>IND>ON>GRN,0.6627478503254811,0.33725214967451894,OTH>IND>LNP>GRN,Central,Stored OTH,False,0.0
Point Cook,Western Metro,ALP,ON,ALP,0.5046216511982023,0.49537834880179765,0.004621651198202348,ON-ALP,OTH>GRN>IND>LNP,0.5196545395279693,0.4803454604720308,OTH>GRN>IND>ON,0.49537834880179765,0.5046216511982023,OTH>GRN>IND>LNP,Western Metro,ALP,ON,ALP,0.5046216511982023,0.49537834880179765,0.004621651198202348,ON-ALP,OTH>GRN>IND>LNP,0.5196545395279693,0.4803454604720308,OTH>GRN>IND>ON,0.49537834880179765,0.5046216511982023,OTH>GRN>IND>LNP,Central,Stored OTH,False,0.0
Polwarth,Western Victoria,LNP,LNP,GRN,0.6580118852012266,0.34198811479877345,0.15801188520122655,LNP-GRN,IND>OTH>ALP>ON,0.37295203768603846,0.6270479623139615,IND>OTH>GRN>ON,0.4012258847922388,0.5987741152077612,IND>OTH>GRN>LNP,Western Victoria,LNP,LNP,GRN,0.6580118852012266,0.34198811479877345,0.15801188520122655,LNP-GRN,IND>OTH>ALP>ON,0.37295203768603846,0.6270479623139615,IND>OTH>GRN>ON,0.4012258847922388,0.5987741152077612,IND>OTH>GRN>LNP,Central,Stored OTH,False,0.0
Prahran,Southern Metro,Greens,GRN,LNP,0.565671982409293,0.43432801759070705,0.06567198240929295,GRN-LNP,IND>OTH>ALP>ON,0.5697840760083248,0.4302159239916752,IND>OTH>ON>GRN,0.6822378650333418,0.3177621349666581,IND>OTH>LNP>GRN,Southern Metro,Greens,GRN,LNP,0.565671982409293,0.43432801759070705,0.06567198240929295,GRN-LNP,IND>OTH>ALP>ON,0.5697840760083248,0.4302159239916752,IND>OTH>ON>GRN,0.6822378650333418,0.3177621349666581,IND>OTH>LNP>GRN,Central,Stored OTH,False,0.0
Preston,Northern Metro,ALP,ALP,ON,0.604695901174438,0.39530409882556194,0.10469590117443806,ALP-ON,OTH>LNP>IND>GRN,0.6016120529055149,0.39838794709448516,OTH>IND>GRN>ON,0.604695901174438,0.39530409882556194,OTH>LNP>IND>GRN,Northern Metro,ALP,ALP,ON,0.604695901174438,0.39530409882556194,0.10469590117443806,ALP-ON,OTH>LNP>IND>GRN,0.6016120529055149,0.39838794709448516,OTH>IND>GRN>ON,0.604695901174438,0.39530409882556194,OTH>LNP>IND>GRN,Central,Stored OTH,False,0.0
Richmond,Northern Metro,GRN,GRN,ALP,0.5954164973146364,0.40458350268536364,0.09541649731463642,GRN-ALP,IND>OTH>LNP>ON,0.7367113266977509,0.26328867330224914,IND>OTH>ON>GRN,0.7676542784885401,0.23234572151145988,IND>OTH>LNP>GRN,Northern Metro,GRN,GRN,ALP,0.5954164973146364,0.40458350268536364,0.09541649731463642,GRN-ALP,IND>OTH>LNP>ON,0.7367113266977509,0.26328867330224914,IND>OTH>ON>GRN,0.7676542784885401,0.23234572151145988,IND>OTH>LNP>GRN,Central,Stored OTH,False,0.0
Ringwood,North-Eastern Metro,LNP,LNP,ALP,0.5139328338209346,0.48606716617906554,0.013932833820934576,LNP-ALP,IND>OTH>ON>GRN,0.48606716617906554,0.5139328338209346,IND>OTH>ON>GRN,0.5668175440439057,0.4331824559560944,IND>OTH>GRN>LNP,North-Eastern Metro,LNP,LNP,ALP,0.5139328338209346,0.48606716617906554,0.013932833820934576,LNP-ALP,IND>OTH>ON>GRN,0.48606716617906554,0.5139328338209346,IND>OTH>ON>GRN,0.5668175440439057,0.4331824559560944,IND>OTH>GRN>LNP,Central,Stored OTH,False,0.0
Ripon,Western Victoria,ALP,ON,ALP,0.6153768391756932,0.3846231608243069,0.11537683917569319,ON-ALP,IND>GRN>OTH>LNP,0.415572837682125,0.5844271623178751,IND>GRN>OTH>ON,0.3846231608243069,0.6153768391756932,IND>GRN>OTH>LNP,Western Victoria,ALP,ON,ALP,0.6153768391756932,0.3846231608243069,0.11537683917569319,ON-ALP,IND>GRN>OTH>LNP,0.415572837682125,0.5844271623178751,IND>GRN>OTH>ON,0.3846231608243069,0.6153768391756932,IND>GRN>OTH>LNP,Central,Stored OTH,False,0.0
Rowville,South-Eastern Metro,LNP,LNP,ALP,0.6107814323198107,0.38921856768018925,0.11078143231981075,LNP-ALP,OTH>GRN>IND>ON,0.38921856768018925,0.6107814323198107,OTH>GRN>IND>ON,0.4939100736900255,0.5060899263099745,OTH>GRN>IND>LNP,South-Eastern Metro,LNP,LNP,ALP,0.6107814323198107,0.38921856768018925,0.11078143231981075,LNP-ALP,OTH>GRN>IND>ON,0.38921856768018925,0.6107814323198107,OTH>GRN>IND>ON,0.4939100736900255,0.5060899263099745,OTH>GRN>IND>LNP,Central,Stored OTH,False,0.0
Sandringham,Southern Metro,LNP,LNP,GRN,0.6348650458177837,0.3651349541822163,0.1348650458177837,LNP-GRN,OTH>IND>ALP>ON,0.37166353522558865,0.6283364647744113,OTH>IND>ON>GRN,0.521015939382722,0.4789840606172781,OTH>IND>GRN>LNP,Southern Metro,LNP,LNP,GRN,0.6348650458177837,0.3651349541822163,0.1348650458177837,LNP-GRN,OTH>IND>ALP>ON,0.37166353522558865,0.6283364647744113,OTH>IND>ON>GRN,0.521015939382722,0.4789840606172781,OTH>IND>GRN>LNP,Central,Stored OTH,False,0.0
Shepparton,Northern Victoria,LNP,LNP,IND,0.5947549730726783,0.4052450269273216,0.09475497307267833,LNP-IND,ALP>OTH>GRN>ON,0.24454878174492142,0.7554512182550787,OTH>GRN>ON>IND,0.2720619490093986,0.7279380509906015,OTH>GRN>IND>LNP,Northern Victoria,LNP,LNP,IND,0.5947549730726783,0.4052450269273216,0.09475497307267833,LNP-IND,ALP>OTH>GRN>ON,0.24454878174492142,0.7554512182550787,OTH>GRN>ON>IND,0.2720619490093986,0.7279380509906015,OTH>GRN>IND>LNP,Central,Stored OTH,False,0.0
South Barwon,Western Victoria,ALP,LNP,ALP,0.5370512671143612,0.4629487328856388,0.03705126711436124,LNP-ALP,IND>OTH>GRN>ON,0.4629487328856388,0.5370512671143612,IND>OTH>GRN>ON,0.4933167958899165,0.5066832041100836,IND>OTH>GRN>LNP,Western Victoria,ALP,LNP,ALP,0.5370512671143612,0.4629487328856388,0.03705126711436124,LNP-ALP,IND>OTH>GRN>ON,0.4629487328856388,0.5370512671143612,IND>OTH>GRN>ON,0.4933167958899165,0.5066832041100836,IND>OTH>GRN>LNP,Central,Stored OTH,False,0.0
South-West Coast,Western Victoria,LNP,LNP,IND,0.5858127882256476,0.41418721177435247,0.08581278822564764,LNP-IND,OTH>GRN>ALP>ON,0.35057678774289924,0.6494232122571008,OTH>GRN>ON>IND,0.3429553146045887,0.6570446853954114,OTH>GRN>IND>LNP,Western Victoria,LNP,LNP,IND,0.5858127882256476,0.41418721177435247,0.08581278822564764,LNP-IND,OTH>GRN>ALP>ON,0.35057678774289924,0.6494232122571008,OTH>GRN>ON>IND,0.3429553146045887,0.6570446853954114,OTH>GRN>IND>LNP,Central,Stored OTH,False,0.0
St Albans,Western Metro,ALP,ALP,ON,0.5482547867029451,0.4517452132970549,0.04825478670294514,ALP-ON,IND>GRN>OTH>LNP,0.5445232072932127,0.4554767927067873,IND>GRN>OTH>ON,0.5482547867029451,0.4517452132970549,IND>GRN>OTH>LNP,Western Metro,ALP,ALP,ON,0.5482547867029451,0.4517452132970549,0.04825478670294514,ALP-ON,IND>GRN>OTH>LNP,0.5445232072932127,0.4554767927067873,IND>GRN>OTH>ON,0.5482547867029451,0.4517452132970549,IND>GRN>OTH>LNP,Central,Stored OTH,False,0.0
Sunbury,Western Metro,ALP,ON,ALP,0.5708774675601638,0.42912253243983617,0.07087746756016378,ON-ALP,IND>OTH>GRN>LNP,0.44672215453329045,0.5532778454667096,IND>OTH>GRN>ON,0.42912253243983617,0.5708774675601638,IND>OTH>GRN>LNP,Western Metro,ALP,ON,ALP,0.5708774675601638,0.42912253243983617,0.07087746756016378,ON-ALP,IND>OTH>GRN>LNP,0.44672215453329045,0.5532778454667096,IND>OTH>GRN>ON,0.42912253243983617,0.5708774675601638,IND>OTH>GRN>LNP,Central,Stored OTH,False,0.0
Sydenham,Western Metro,ALP,ALP,ON,0.5030190396636514,0.4969809603363486,0.0030190396636513572,ALP-ON,IND>GRN>OTH>LNP,0.5125879637938335,0.4874120362061666,IND>GRN>OTH>ON,0.5030190396636514,0.4969809603363486,IND>GRN>OTH>LNP,Western Metro,ALP,ALP,ON,0.5030190396636514,0.4969809603363486,0.0030190396636513572,ALP-ON,IND>GRN>OTH>LNP,0.5125879637938335,0.4874120362061666,IND>GRN>OTH>ON,0.5030190396636514,0.4969809603363486,IND>GRN>OTH>LNP,Central,Stored OTH,False,0.0
Tarneit,Western Metro,ALP,ALP,ON,0.542516797317333,0.457483202682667,0.042516797317333044,ALP-ON,IND>GRN>OTH>LNP,0.5543186833262918,0.44568131667370825,IND>GRN>OTH>ON,0.542516797317333,0.457483202682667,IND>GRN>OTH>LNP,Western Metro,ALP,ALP,ON,0.542516797317333,0.457483202682667,0.042516797317333044,ALP-ON,IND>GRN>OTH>LNP,0.5543186833262918,0.44568131667370825,IND>GRN>OTH>ON,0.542516797317333,0.457483202682667,IND>GRN>OTH>LNP,Central,Stored OTH,False,0.0
Thomastown,Northern Metro,ALP,ALP,ON,0.564393838979743,0.435606161020257,0.06439383897974305,ALP-ON,IND>GRN>OTH>LNP,0.5978687983492246,0.4021312016507755,IND>GRN>OTH>ON,0.564393838979743,0.435606161020257,IND>GRN>OTH>LNP,Northern Metro,ALP,ALP,ON,0.564393838979743,0.435606161020257,0.06439383897974305,ALP-ON,IND>GRN>OTH>LNP,0.5978687983492246,0.4021312016507755,IND>GRN>OTH>ON,0.564393838979743,0.435606161020257,IND>GRN>OTH>LNP,Central,Stored OTH,False,0.0
Warrandyte,North-Eastern Metro,LNP,LNP,ALP,0.6309940889941681,0.3690059110058319,0.1309940889941681,LNP-ALP,IND>OTH>GRN>ON,0.3690059110058319,0.6309940889941681,IND>OTH>GRN>ON,0.5010681559216877,0.4989318440783123,IND>OTH>GRN>LNP,North-Eastern Metro,LNP,LNP,ALP,0.6309940889941681,0.3690059110058319,0.1309940889941681,LNP-ALP,IND>OTH>GRN>ON,0.3690059110058319,0.6309940889941681,IND>OTH>GRN>ON,0.5010681559216877,0.4989318440783123,IND>OTH>GRN>LNP,Central,Stored OTH,False,0.0
Wendouree,Western Victoria,ALP,ON,ALP,0.5044154287733879,0.4955845712266122,0.004415428773387853,ON-ALP,IND>OTH>GRN>LNP,0.48597441996277935,0.5140255800372207,IND>OTH>GRN>ON,0.4955845712266122,0.5044154287733879,IND>OTH>GRN>LNP,Western Victoria,ALP,ON,ALP,0.5044154287733879,0.4955845712266122,0.004415428773387853,ON-ALP,IND>OTH>GRN>LNP,0.48597441996277935,0.5140255800372207,IND>OTH>GRN>ON,0.4955845712266122,0.5044154287733879,IND>OTH>GRN>LNP,Central,Stored OTH,False,0.0
Werribee,Western Metro,ALP,ON,ALP,0.5482153315540459,0.45178466844595416,0.04821533155404589,ON-ALP,OTH>GRN>IND>LNP,0.4947763870296749,0.5052236129703251,OTH>GRN>IND>ON,0.45178466844595416,0.5482153315540459,OTH>GRN>IND>LNP,Western Metro,ALP,ON,ALP,0.5482153315540459,0.45178466844595416,0.04821533155404589,ON-ALP,OTH>GRN>IND>LNP,0.4947763870296749,0.5052236129703251,OTH>GRN>IND>ON,0.45178466844595416,0.5482153315540459,OTH>GRN>IND>LNP,Central,Stored OTH,False,0.0
Williamstown,Western Metro,ALP,ALP,ON,0.6122910613405849,0.38770893865941525,0.11229106134058486,ALP-ON,IND>OTH>GRN>LNP,0.57504323755447,0.4249567624455301,IND>OTH>GRN>ON,0.6122910613405849,0.38770893865941525,IND>OTH>GRN>LNP,Western Metro,ALP,ALP,ON,0.6122910613405849,0.38770893865941525,0.11229106134058486,ALP-ON,IND>OTH>GRN>LNP,0.57504323755447,0.4249567624455301,IND>OTH>GRN>ON,0.6122910613405849,0.38770893865941525,IND>OTH>GRN>LNP,Central,Stored OTH,False,0.0
Yan Yean,Northern Victoria,ALP,ON,ALP,0.5489448903145236,0.45105510968547635,0.04894489031452365,ON-ALP,IND>GRN>OTH>LNP,0.46578957556366896,0.534210424436331,IND>GRN>OTH>ON,0.45105510968547635,0.5489448903145236,IND>GRN>OTH>LNP,Northern Victoria,ALP,ON,ALP,0.5489448903145236,0.45105510968547635,0.04894489031452365,ON-ALP,IND>GRN>OTH>LNP,0.46578957556366896,0.534210424436331,IND>GRN>OTH>ON,0.45105510968547635,0.5489448903145236,IND>GRN>OTH>LNP,Central,Stored OTH,False,0.0
Albert Park,Southern Metro,ALP,ALP,LNP,0.559802170094105,0.440197829905895,0.059802170094105045,ALP-LNP,OTH>IND>ON>GRN,0.559802170094105,0.440197829905895,OTH>IND>ON>GRN,0.652997926846428,0.34700207315357195,OTH>IND>GRN>LNP,Southern Metro,ALP,ALP,LNP,0.5600960061413782,0.43990399385862183,0.06009600614137822,ALP-LNP,OTH>IND>ON>GRN,0.5600960061413782,0.43990399385862183,OTH>IND>ON>GRN,0.6522077328414262,0.34779226715857375,OTH>IND>GRN>LNP,Central,PARAMS OTH,False,-0.029383604727317714
Ashwood,Southern Metro,ALP,LNP,ALP,0.5204566237195564,0.4795433762804436,0.020456623719556366,LNP-ALP,OTH>IND>ON>GRN,0.4795433762804436,0.5204566237195564,OTH>IND>ON>GRN,0.6102778904604885,0.3897221095395115,OTH>IND>GRN>LNP,Southern Metro,ALP,LNP,ALP,0.520456623719556,0.479543376280444,0.020456623719556033,LNP-ALP,OTH>IND>ON>GRN,0.479543376280444,0.520456623719556,OTH>IND>ON>GRN,0.6102778904604786,0.38972210953952136,OTH>IND>GRN>LNP,Central,PARAMS OTH,False,-4.440892098500626e-14
Bass,Eastern Victoria,ALP,LNP,ON,0.5618477477836252,0.4381522522163748,0.06184774778362523,LNP-ON,OTH>IND>GRN>ALP,0.3619450241401439,0.6380549758598562,OTH>IND>GRN>ON,0.36461527226190554,0.6353847277380944,OTH>IND>GRN>LNP,Eastern Victoria,ALP,LNP,ON,0.5604412521464182,0.4395587478535819,0.060441252146418156,LNP-ON,OTH>IND>GRN>ALP,0.3622986780348227,0.6377013219651774,OTH>IND>GRN>ON,0.36404011633527916,0.6359598836647209,OTH>IND>GRN>LNP,Central,PARAMS OTH,False,-0.03536538946787848
Bayswater,North-Eastern Metro,ALP,LNP,ALP,0.564642890806762,0.43535710919323806,0.064642890806762,LNP-ALP,IND>OTH>GRN>ON,0.43535710919323806,0.564642890806762,IND>OTH>GRN>ON,0.5073543112327081,0.4926456887672919,IND>OTH>GRN>LNP,North-Eastern Metro,ALP,LNP,ALP,0.5643840761615058,0.4356159238384942,0.06438407616150577,LNP-ALP,IND>OTH>GRN>ON,0.4356159238384942,0.5643840761615058,IND>OTH>GRN>ON,0.5063141549830619,0.4936858450169382,IND>OTH>GRN>LNP,Central,PARAMS OTH,False,-0.02588146452561224
Bellarine,Western Victoria,ALP,LNP,ALP,0.5135391059055607,0.4864608940944393,0.013539105905560733,LNP-ALP,OTH>IND>GRN>ON,0.4864608940944393,0.5135391059055607,OTH>IND>GRN>ON,0.5075135730050129,0.4924864269949871,OTH>IND>GRN>LNP,Western Victoria,ALP,LNP,ALP,0.5134776065244449,0.4865223934755552,0.013477606524444852,LNP-ALP,OTH>IND>GRN>ON,0.4865223934755552,0.5134776065244449,OTH>IND>GRN>ON,0.5070890587290994,0.4929109412709007,OTH>IND>GRN>LNP,Central,PARAMS OTH,False,-0.006149938111588149
Benambra,Northern Victoria,LNP,LNP,IND,0.5808215828292674,0.4191784171707326,0.08082158282926744,LNP-IND,ALP>OTH>GRN>ON,0.25326606534205265,0.7467339346579475,OTH>GRN>ON>IND,0.32911138881945823,0.6708886111805418,OTH>GRN>LNP>IND,Northern Victoria,LNP,LNP,IND,0.5805815116815392,0.4194184883184609,0.08058151168153915,LNP-IND,ALP>OTH>GRN>ON,0.25349387718351335,0.7465061228164868,OTH>GRN>ON>IND,0.3279699844434086,0.6720300155565915,OTH>GRN>LNP>IND,Central,PARAMS OTH,False,-0.02278118414607011
Bendigo East,Northern Victoria,ALP,ALP,LNP,0.5003536070355367,0.4996463929644633,0.00035360703553666273,ALP-LNP,OTH>IND>GRN>ON,0.5003536070355367,0.4996463929644633,OTH>IND>GRN>ON,0.5314979462261304,0.4685020537738695,OTH>IND>GRN>LNP,Northern Victoria,ALP,ALP,LNP,0.5003536070355367,0.4996463929644633,0.00035360703553666273,ALP-LNP,OTH>IND>GRN>ON,0.5003536070355367,0.4996463929644633,OTH>IND>GRN>ON,0.5314979462261304,0.4685020537738695,OTH>IND>GRN>LNP,Central,PARAMS OTH,False,0.0
Bendigo West,Northern Victoria,ALP,ALP,ON,0.5360153964249071,0.4639846035750929,0.03601539642490714,ALP-ON,IND>OTH>GRN>LNP,0.5384030663334269,0.4615969336665731,IND>OTH>GRN>ON,0.5360153964249071,0.4639846035750929,IND>OTH>GRN>LNP,Northern Victoria,ALP,ALP,ON,0.5360153964249071,0.4639846035750929,0.03601539642490714,ALP-ON,IND>OTH>GRN>LNP,0.5384030663334269,0.4615969336665731,IND>OTH>GRN>ON,0.5360153964249071,0.4639846035750929,IND>OTH>GRN>LNP,Central,PARAMS OTH,False,0.0
Bentleigh,Southern Metro,ALP,ALP,LNP,0.5039108750201764,0.49608912497982355,0.003910875020176396,ALP-LNP,OTH>IND>GRN>ON,0.5039108750201764,0.49608912497982355,OTH>IND>GRN>ON,0.5967862278325023,0.40321377216749765,OTH>IND>GRN>LNP,Southern Metro,ALP,ALP,LNP,0.5039496786616211,0.4960503213383789,0.003949678661621103,ALP-LNP,OTH>IND>GRN>ON,0.5039496786616211,0.4960503213383789,OTH>IND>GRN>ON,0.5966102123397682,0.4033897876602319,OTH>IND>GRN>LNP,Central,PARAMS OTH,False,-0.0038803641444706827
Berwick,South-Eastern Metro,LNP,LNP,ALP,0.6526921146713991,0.34730788532860096,0.1526921146713991,LNP-ALP,IND>OTH>GRN>ON,0.34730788532860096,0.6526921146713991,IND>OTH>GRN>ON,0.38849720502743335,0.6115027949725667,IND>OTH>GRN>LNP,South-Eastern Metro,LNP,LNP,ALP,0.6525574920080127,0.34744250799198734,0.15255749200801272,LNP-ALP,IND>OTH>GRN>ON,0.34744250799198734,0.6525574920080127,IND>OTH>GRN>ON,0.38821198346013575,0.6117880165398643,IND>OTH>GRN>LNP,Central,PARAMS OTH,False,-0.013462266338637452
Box Hill,North-Eastern Metro,ALP,LNP,ALP,0.508541124353612,0.4914588756463881,0.008541124353611984,LNP-ALP,IND>OTH>ON>GRN,0.4914588756463881,0.508541124353612,IND>OTH>ON>GRN,0.6181272742248084,0.3818727257751916,IND>OTH>GRN>LNP,North-Eastern Metro,ALP,LNP,ALP,0.508527420130594,0.491472579869406,0.008527420130594043,LNP-ALP,IND>OTH>ON>GRN,0.491472579869406,0.508527420130594,IND>OTH>ON>GRN,0.6178314005013477,0.38216859949865245,IND>OTH>GRN>LNP,Central,PARAMS OTH,False,-0.0013704223017885209
Brighton,Southern Metro,LNP,LNP,GRN,0.5943971516812441,0.405602848318756,0.09439715168124407,LNP-GRN,OTH>IND>ON>ALP,0.3953686400993304,0.6046313599006696,OTH>IND>ON>GRN,0.5934559471715694,0.4065440528284307,OTH>IND>GRN>LNP,Southern Metro,LNP,LNP,GRN,0.5944095651572789,0.4055904348427211,0.09440956515727894,LNP-GRN,OTH>IND>ON>ALP,0.39547611765168394,0.6045238823483161,OTH>IND>ON>GRN,0.5928496768463466,0.40715032315365346,OTH>IND>GRN>LNP,Central,PARAMS OTH,False,-0.010747755235351875
Broadmeadows,Northern Metro,ALP,ALP,ON,0.5556148320458554,0.44438516795414457,0.05561483204585538,ALP-ON,IND>GRN>OTH>LNP,0.5917700442806311,0.408229955719369,IND>GRN>OTH>ON,0.5556148320458554,0.44438516795414457,IND>GRN>OTH>LNP,Northern Metro,ALP,ALP,ON,0.5538395025330242,0.4461604974669759,0.053839502533024164,ALP-ON,IND>GRN>OTH>LNP,0.591809970231767,0.408190029768233,IND>GRN>OTH>ON,0.5538395025330242,0.4461604974669759,IND>GRN>OTH>LNP,Central,PARAMS OTH,False,-0.003992595113588848
Brunswick,Northern Metro,GRN,GRN,ALP,0.6601545803993529,0.3398454196006472,0.16015458039935293,GRN-ALP,IND>LNP>OTH>ON,0.7752406216795902,0.2247593783204099,IND>OTH>ON>GRN,0.7628314826294728,0.23716851737052735,IND>LNP>OTH>GRN,Northern Metro,GRN,GRN,ALP,0.6591443449138408,0.34085565508615934,0.15914434491384077,GRN-ALP,IND>LNP>OTH>ON,0.7752305711681029,0.2247694288318971,IND>OTH>ON>GRN,0.759535636929266,0.2404643630707341,IND>LNP>OTH>GRN,Central,PARAMS OTH,False,0.0010050511487280644
Bulleen,North-Eastern Metro,LNP,LNP,ALP,0.6379920530303487,0.36200794696965144,0.13799205303034867,LNP-ALP,OTH>IND>GRN>ON,0.36200794696965144,0.6379920530303487,OTH>IND>GRN>ON,0.5441754089191662,0.45582459108083395,OTH>IND>GRN>LNP,North-Eastern Metro,LNP,LNP,ALP,0.6379656143794961,0.362034385620504,0.13796561437949606,LNP-ALP,OTH>IND>GRN>ON,0.362034385620504,0.6379656143794961,OTH>IND>GRN>ON,0.5440656513065232,0.45593434869347693,OTH>IND>GRN>LNP,Central,PARAMS OTH,False,-0.0026438650852556034
Bundoora,North-Eastern Metro,ALP,ALP,LNP,0.5555873889275389,0.44441261107246116,0.055587388927538894,ALP-LNP,IND>OTH>GRN>ON,0.5555873889275389,0.44441261107246116,IND>OTH>GRN>ON,0.621034034675562,0.3789659653244381,IND>OTH>GRN>LNP,North-Eastern Metro,ALP,ALP,LNP,0.5557944567880332,0.44420554321196687,0.05579445678803319,ALP-LNP,IND>OTH>GRN>ON,0.5557944567880332,0.44420554321196687,IND>OTH>GRN>ON,0.6201514839780874,0.37984851602191266,IND>OTH>GRN>LNP,Central,PARAMS OTH,False,-0.020706786049429216
Carrum,South-Eastern Metro,ALP,ON,ALP,0.5287177925820974,0.47128220741790255,0.02871779258209739,ON-ALP,IND>OTH>GRN>LNP,0.47562408031269526,0.5243759196873048,IND>OTH>GRN>ON,0.47128220741790255,0.5287177925820974,IND>OTH>GRN>LNP,South-Eastern Metro,ALP,ON,ALP,0.529228094636186,0.4707719053638139,0.02922809463618603,ON-ALP,IND>OTH>GRN>LNP,0.47576064011605207,0.5242393598839479,IND>OTH>GRN>ON,0.4707719053638139,0.529228094636186,IND>OTH>GRN>LNP,Central,PARAMS OTH,False,-0.013655980335680606
Caulfield,Southern Metro,LNP,LNP,GRN,0.587829200372643,0.41217079962735703,0.08782920037264297,LNP-GRN,OTH>IND>ON>ALP,0.41698205852940645,0.5830179414705935,OTH>IND>ON>GRN,0.6045505503042821,0.39544944969571794,OTH>IND>GRN>LNP,Southern Metro,LNP,LNP,GRN,0.5877463419224108,0.4122536580775892,0.08774634192241082,LNP-GRN,OTH>IND>ON>ALP,0.41705451771405483,0.5829454822859451,OTH>IND>ON>GRN,0.6043832713351489,0.39561672866485115,OTH>IND>GRN>LNP,Central,PARAMS OTH,False,-0.007245918464837686
Clarinda,South-Eastern Metro,ALP,ALP,LNP,0.5309533648731333,0.4690466351268668,0.03095336487313327,ALP-LNP,OTH>GRN>IND>ON,0.5309533648731333,0.4690466351268668,OTH>GRN>IND>ON,0.5778042716728575,0.4221957283271426,OTH>GRN>IND>LNP,South-Eastern Metro,ALP,ALP,LNP,0.5309330383503204,0.4690669616496797,0.030933038350320352,ALP-LNP,OTH>GRN>IND>ON,0.5309330383503204,0.4690669616496797,OTH>GRN>IND>ON,0.5773634139447014,0.4226365860552987,OTH>GRN>IND>LNP,Central,PARAMS OTH,False,0.0020326522812919023
Cranbourne,South-Eastern Metro,ALP,ON,ALP,0.5170976322450642,0.4829023677549358,0.01709763224506422,ON-ALP,IND>GRN>OTH>LNP,0.49609291536422995,0.50390708463577,IND>GRN>OTH>ON,0.4829023677549358,0.5170976322450642,IND>GRN>OTH>LNP,South-Eastern Metro,ALP,ON,ALP,0.5205785696107084,0.47942143038929164,0.020578569610708364,ON-ALP,IND>GRN>OTH>LNP,0.4961813051922147,0.5038186948077853,IND>GRN>OTH>ON,0.47942143038929164,0.5205785696107084,IND>GRN>OTH>LNP,Central,PARAMS OTH,False,-0.008838982798475836
Croydon,North-Eastern Metro,LNP,LNP,ALP,0.6029089898470209,0.3970910101529791,0.1029089898470209,LNP-ALP,IND>OTH>GRN>ON,0.3970910101529791,0.6029089898470209,IND>OTH>GRN>ON,0.4897291193994191,0.5102708806005809,IND>OTH>GRN>LNP,North-Eastern Metro,LNP,LNP,ALP,0.6027820270561723,0.3972179729438277,0.10278202705617234,LNP-ALP,IND>OTH>GRN>ON,0.3972179729438277,0.6027820270561723,IND>OTH>GRN>ON,0.4887247589635328,0.5112752410364673,IND>OTH>GRN>LNP,Central,PARAMS OTH,False,-0.012696279084861706
Dandenong,South-Eastern Metro,ALP,ALP,ON,0.5912725074849645,0.40872749251503543,0.09127250748496452,ALP-ON,IND>OTH>GRN>LNP,0.6096934719247998,0.3903065280752002,IND>OTH>GRN>ON,0.5912725074849645,0.40872749251503543,IND>OTH>GRN>LNP,South-Eastern Metro,ALP,ALP,ON,0.5903781833621796,0.4096218166378205,0.09037818336217962,ALP-ON,IND>OTH>GRN>LNP,0.6097142828227021,0.39028571717729793,IND>OTH>GRN>ON,0.5903781833621796,0.4096218166378205,IND>OTH>GRN>LNP,Central,PARAMS OTH,False,-0.0020810897902290293
Eildon,Northern Victoria,LNP,LNP,ON,0.6007251464611769,0.399274853538823,0.10072514646117692,LNP-ON,IND>OTH>GRN>ALP,0.33128427444645736,0.6687157255535428,IND>OTH>GRN>ON,0.35312199916759435,0.6468780008324057,IND>OTH>GRN>LNP,Northern Victoria,LNP,LNP,ON,0.5990227557170118,0.40097724428298814,0.0990227557170118,LNP-ON,IND>OTH>GRN>ALP,0.33160117755124396,0.6683988224487561,IND>OTH>GRN>ON,0.3523113022468999,0.6476886977531001,IND>OTH>GRN>LNP,Central,PARAMS OTH,False,-0.03169031047866033
Eltham,North-Eastern Metro,ALP,ALP,LNP,0.5060819269128832,0.49391807308711677,0.006081926912883229,ALP-LNP,IND>OTH>GRN>ON,0.5060819269128832,0.49391807308711677,IND>OTH>GRN>ON,0.568806205839269,0.43119379416073095,IND>OTH>GRN>LNP,North-Eastern Metro,ALP,ALP,LNP,0.5061304629941618,0.49386953700583824,0.006130462994161756,ALP-LNP,IND>OTH>GRN>ON,0.5061304629941618,0.49386953700583824,IND>OTH>GRN>ON,0.5686484837196373,0.43135151628036283,IND>OTH>GRN>LNP,Central,PARAMS OTH,False,-0.004853608127852738
Essendon,Northern Metro,ALP,ALP,LNP,0.5191407526138223,0.48085924738617764,0.01914075261382231,ALP-LNP,IND>OTH>GRN>ON,0.5191407526138223,0.48085924738617764,IND>OTH>GRN>ON,0.5565709381849447,0.4434290618150553,IND>OTH>GRN>LNP,Northern Metro,ALP,ALP,LNP,0.5191950192852036,0.4808049807147963,0.01919501928520362,ALP-LNP,IND>OTH>GRN>ON,0.5191950192852036,0.4808049807147963,IND>OTH>GRN>ON,0.5555290924076505,0.44447090759234953,IND>OTH>GRN>LNP,Central,PARAMS OTH,False,-0.005426667138130892
Eureka,Western Victoria,ALP,ON,ALP,0.5832656172111441,0.4167343827888559,0.08326561721114412,ON-ALP,IND>OTH>GRN>LNP,0.4447506649917838,0.5552493350082163,IND>OTH>GRN>ON,0.4167343827888559,0.5832656172111441,IND>OTH>GRN>LNP,Western Victoria,ALP,ON,ALP,0.5851370457478557,0.4148629542521443,0.08513704574785574,ON-ALP,IND>OTH>GRN>LNP,0.44502767397475407,0.5549723260252459,IND>OTH>GRN>ON,0.4148629542521443,0.5851370457478557,IND>OTH>GRN>LNP,Central,PARAMS OTH,False,-0.027700898297028376
Euroa,Northern Victoria,LNP,LNP,ON,0.5941552371075505,0.4058447628924495,0.09415523710755047,LNP-ON,IND>OTH>GRN>ALP,0.28808354689084326,0.7119164531091567,IND>OTH>GRN>ON,0.3208192408359822,0.6791807591640179,IND>OTH>GRN>LNP,Northern Victoria,LNP,LNP,ON,0.5930241697825657,0.40697583021743444,0.09302416978256567,LNP-ON,IND>OTH>GRN>ALP,0.28802106251548804,0.711978937484512,IND>OTH>GRN>ON,0.3202846499025307,0.6797153500974693,IND>OTH>GRN>LNP,Central,PARAMS OTH,False,0.006248437535522067
Evelyn,Eastern Victoria,LNP,LNP,ALP,0.6572424891950132,0.3427575108049869,0.15724248919501316,LNP-ALP,IND>OTH>GRN>ON,0.3427575108049869,0.6572424891950132,IND>OTH>GRN>ON,0.39049037667070036,0.6095096233292996,IND>OTH>GRN>LNP,Eastern Victoria,LNP,LNP,ALP,0.6571632582016589,0.34283674179834106,0.15716325820165888,LNP-ALP,IND>OTH>GRN>ON,0.34283674179834106,0.6571632582016589,IND>OTH>GRN>ON,0.3901705478301099,0.60982945216989,IND>OTH>GRN>LNP,Central,PARAMS OTH,False,-0.00792309933541624
Footscray,Western Metro,ALP,ALP,GRN,0.5271326112030702,0.47286738879692974,0.0271326112030702,ALP-GRN,IND>OTH>LNP>ON,0.6851760594186276,0.3148239405813724,IND>OTH>ON>GRN,0.7402994095454875,0.2597005904545125,IND>OTH>LNP>GRN,Western Metro,ALP,ALP,GRN,0.5278783027538275,0.4721216972461725,0.027878302753827522,ALP-GRN,IND>OTH>LNP>ON,0.6853642495173764,0.31463575048262354,IND>OTH>ON>GRN,0.7375122648386593,0.2624877351613407,IND>OTH>LNP>GRN,Central,PARAMS OTH,False,-0.018819009874881942
Frankston,South-Eastern Metro,ALP,ALP,ON,0.5046299197313026,0.49537008026869755,0.004629919731302556,ALP-ON,IND>OTH>GRN>LNP,0.49562923864943914,0.5043707613505609,IND>OTH>GRN>ON,0.5046299197313026,0.49537008026869755,IND>OTH>GRN>LNP,South-Eastern Metro,ALP,ALP,ON,0.5033010834165246,0.49669891658347554,0.003301083416524575,ALP-ON,IND>OTH>GRN>LNP,0.49648326115864205,0.5035167388413581,IND>OTH>GRN>ON,0.5033010834165246,0.49669891658347554,IND>OTH>GRN>LNP,Central,PARAMS OTH,False,-0.08540225092029119
Geelong,Western Victoria,ALP,ON,ALP,0.5190372589448211,0.480962741055179,0.01903725894482111,ON-ALP,OTH>IND>GRN>LNP,0.500822557190523,0.4991774428094769,OTH>IND>GRN>ON,0.480962741055179,0.5190372589448211,OTH>IND>GRN>LNP,Western Victoria,ALP,ON,ALP,0.5190372589448211,0.480962741055179,0.01903725894482111,ON-ALP,OTH>IND>GRN>LNP,0.500822557190523,0.4991774428094769,OTH>IND>GRN>ON,0.480962741055179,0.5190372589448211,OTH>IND>GRN>LNP,Central,PARAMS OTH,False,0.0
Gippsland East,Eastern Victoria,LNP,LNP,ON,0.5982308050694267,0.4017691949305732,0.09823080506942672,LNP-ON,IND>ALP>OTH>GRN,0.18588524705818946,0.8141147529418106,IND>OTH>GRN>ON,0.22184974626042592,0.7781502537395741,IND>OTH>GRN>LNP,Eastern Victoria,LNP,LNP,ON,0.5968253693394897,0.40317463066051024,0.09682536933948971,LNP-ON,IND>ALP>OTH>GRN,0.18580385284747045,0.8141961471525295,IND>OTH>GRN>ON,0.22111667787535436,0.7788833221246456,IND>OTH>GRN>LNP,Central,PARAMS OTH,False,0.00813942107190102
Gippsland South,Eastern Victoria,LNP,LNP,ON,0.5891857070418898,0.4108142929581103,0.08918570704188977,LNP-ON,OTH>IND>GRN>ALP,0.24357870102941034,0.7564212989705897,OTH>IND>GRN>ON,0.27059940063211696,0.7294005993678832,OTH>IND>GRN>LNP,Eastern Victoria,LNP,LNP,ON,0.5881529129984686,0.41184708700153133,0.08815291299846861,LNP-ON,OTH>IND>GRN>ALP,0.24371121653076094,0.7562887834692391,OTH>IND>GRN>ON,0.2700460101983576,0.7299539898016425,OTH>IND>GRN>LNP,Central,PARAMS OTH,False,-0.013251550135059964
Glen Waverley,North-Eastern Metro,ALP,LNP,ALP,0.5492135616343847,0.4507864383656154,0.04921356163438473,LNP-ALP,IND>OTH>GRN>ON,0.4507864383656154,0.5492135616343847,IND>OTH>GRN>ON,0.5939676289474382,0.4060323710525619,IND>OTH>GRN>LNP,North-Eastern Metro,ALP,LNP,ALP,0.5491055354552111,0.450894464544789,0.049105535455211125,LNP-ALP,IND>OTH>GRN>ON,0.450894464544789,0.5491055354552111,IND>OTH>GRN>ON,0.5934015250957668,0.4065984749042333,IND>OTH>GRN>LNP,Central,PARAMS OTH,False,-0.010802617917360369
Greenvale,Northern Metro,ALP,ALP,LNP,0.5522883904812002,0.4477116095187999,0.05228839048120015,ALP-LNP,IND>GRN>OTH>ON,0.5522883904812002,0.4477116095187999,IND>GRN>OTH>ON,0.5558148641727965,0.4441851358272035,IND>GRN>OTH>LNP,Northern Metro,ALP,ALP,ON,0.552051587278323,0.4479484127216769,0.05205158727832304,ALP-ON,IND>GRN>OTH>LNP,0.5523818793859778,0.4476181206140221,IND>GRN>OTH>ON,0.552051587278323,0.4479484127216769,IND>GRN>OTH>LNP,Central,PARAMS OTH,False,-0.009348890477767213
Hastings,Eastern Victoria,ALP,LNP,ALP,0.6036203358145197,0.3963796641854803,0.10362033581451968,LNP-ALP,IND>OTH>GRN>ON,0.3963796641854803,0.6036203358145197,IND>OTH>GRN>ON,0.4010614605941819,0.5989385394058181,IND>OTH>GRN>LNP,Eastern Victoria,ALP,LNP,ALP,0.603377298807835,0.39662270119216503,0.10337729880783497,LNP-ALP,IND>OTH>GRN>ON,0.39662270119216503,0.603377298807835,IND>OTH>GRN>ON,0.39986936040284193,0.6001306395971581,IND>OTH>GRN>LNP,Central,PARAMS OTH,False,-0.024303700668470984
Hawthorn,Southern Metro,LNP,LNP,GRN,0.6391813200647238,0.3608186799352762,0.13918132006472383,LNP-GRN,OTH>ON>ALP>IND,0.45979980696051975,0.5402001930394802,OTH>ON>GRN>IND,0.6507713256489802,0.3492286743510198,OTH>GRN>IND>LNP,Southern Metro,LNP,LNP,GRN,0.6391084697960523,0.36089153020394765,0.1391084697960523,LNP-GRN,OTH>ON>ALP>IND,0.45983543683511824,0.5401645631648818,OTH>ON>GRN>IND,0.6504797873123367,0.34952021268766337,OTH>GRN>IND>LNP,Central,PARAMS OTH,False,-0.003562987459848621
Ivanhoe,North-Eastern Metro,ALP,ALP,LNP,0.5484511444851534,0.4515488555148466,0.04845114448515342,ALP-LNP,OTH>IND>ON>GRN,0.5484511444851534,0.4515488555148466,OTH>IND>ON>GRN,0.6225636723340663,0.37743632766593366,OTH>IND>GRN>LNP,North-Eastern Metro,ALP,ALP,LNP,0.5484559348552526,0.4515440651447475,0.04845593485525257,ALP-LNP,OTH>IND>ON>GRN,0.5484559348552526,0.4515440651447475,OTH>IND>ON>GRN,0.6224435206059175,0.37755647939408254,OTH>IND>GRN>LNP,Central,PARAMS OTH,False,-0.00047903700991502873
Kalkallo,Northern Metro,ALP,ALP,ON,0.542917234020019,0.457082765979981,0.04291723402001901,ALP-ON,IND>GRN>OTH>LNP,0.5677269798140268,0.4322730201859732,IND>GRN>OTH>ON,0.542917234020019,0.457082765979981,IND>GRN>OTH>LNP,Northern Metro,ALP,ALP,ON,0.5402754619056055,0.4597245380943945,0.04027546190560549,ALP-ON,IND>GRN>OTH>LNP,0.5675745395683529,0.4324254604316471,IND>GRN>OTH>ON,0.5402754619056055,0.4597245380943945,IND>GRN>OTH>LNP,Central,PARAMS OTH,False,0.015244024567384606
Kew,Southern Metro,LNP,LNP,IND,0.6099267987156891,0.39007320128431083,0.10992679871568911,LNP-IND,OTH>ON>GRN>ALP,0.41964174499470064,0.5803582550052994,OTH>ON>GRN>IND,0.632530595578599,0.36746940442140097,OTH>GRN>IND>LNP,Southern Metro,LNP,LNP,IND,0.6099193578406876,0.39008064215931243,0.10991935784068763,LNP-IND,OTH>ON>GRN>ALP,0.41964855912835175,0.5803514408716482,OTH>ON>GRN>IND,0.6324909625030096,0.3675090374969904,OTH>GRN>IND>LNP,Central,PARAMS OTH,False,-0.0006814133651111831
Kororoit,Western Metro,ALP,ALP,ON,0.5532492153409856,0.4467507846590144,0.05324921534098559,ALP-ON,IND>GRN>OTH>LNP,0.5894413857297781,0.41055861427022183,IND>GRN>OTH>ON,0.5532492153409856,0.4467507846590144,IND>GRN>OTH>LNP,Western Metro,ALP,ALP,ON,0.5480583488675059,0.45194165113249407,0.04805834886750593,ALP-ON,IND>GRN>OTH>LNP,0.5895582434444319,0.41044175655556814,IND>GRN>OTH>ON,0.5480583488675059,0.45194165113249407,IND>GRN>OTH>LNP,Central,PARAMS OTH,False,-0.011685771465375083
Lara,Western Victoria,ALP,ON,ALP,0.5386182248612454,0.4613817751387545,0.03861822486124544,ON-ALP,IND>OTH>GRN>LNP,0.5144559085058172,0.4855440914941827,IND>OTH>GRN>ON,0.4613817751387545,0.5386182248612454,IND>OTH>GRN>LNP,Western Victoria,ALP,ON,ALP,0.5396428180835416,0.4603571819164583,0.03964281808354164,ON-ALP,IND>OTH>GRN>LNP,0.5146324075854838,0.48536759241451627,IND>OTH>GRN>ON,0.4603571819164583,0.5396428180835416,IND>OTH>GRN>LNP,Central,PARAMS OTH,False,-0.017649907966654776
Laverton,Western Metro,ALP,ALP,ON,0.5796055335781252,0.4203944664218749,0.07960553357812516,ALP-ON,IND>GRN>OTH>LNP,0.5941414101104522,0.40585858988954787,IND>GRN>OTH>ON,0.5796055335781252,0.4203944664218749,IND>GRN>OTH>LNP,Western Metro,ALP,ALP,ON,0.5778141985028229,0.4221858014971771,0.0778141985028229,ALP-ON,IND>GRN>OTH>LNP,0.5941588658764366,0.40584113412356343,IND>GRN>OTH>ON,0.5778141985028229,0.4221858014971771,IND>GRN>OTH>LNP,Central,PARAMS OTH,False,-0.0017455765984442095
Lowan,Western Victoria,LNP,LNP,ON,0.6308349608271223,0.3691650391728777,0.13083496082712232,LNP-ON,IND>OTH>ALP>GRN,0.20100717138162047,0.7989928286183796,IND>OTH>GRN>ON,0.24384939001547984,0.7561506099845202,IND>OTH>GRN>LNP,Western Victoria,LNP,LNP,ON,0.6292477387319892,0.3707522612680108,0.12924773873198925,LNP-ON,IND>OTH>ALP>GRN,0.20119182487159956,0.7988081751284004,IND>OTH>GRN>ON,0.24304240361597365,0.7569575963840264,IND>OTH>GRN>LNP,Central,PARAMS OTH,False,-0.018465348997909192
Macedon,Northern Victoria,ALP,ON,ALP,0.535818166613951,0.464181833386049,0.035818166613950986,ON-ALP,OTH>IND>GRN>LNP,0.47633317973809464,0.5236668202619054,OTH>IND>GRN>ON,0.464181833386049,0.535818166613951,OTH>IND>GRN>LNP,Northern Victoria,ALP,ON,ALP,0.5362659257563697,0.4637340742436304,0.036265925756369666,ON-ALP,OTH>IND>GRN>LNP,0.4764392409643,0.5235607590357,OTH>IND>GRN>ON,0.4637340742436304,0.5362659257563697,OTH>IND>GRN>LNP,Central,PARAMS OTH,False,-0.010606122620537839
Malvern,Southern Metro,LNP,LNP,GRN,0.6450634087105429,0.35493659128945704,0.1450634087105429,LNP-GRN,IND>OTH>ON>ALP,0.3569721033298424,0.6430278966701576,IND>OTH>ON>GRN,0.5957235507610196,0.4042764492389804,IND>OTH>GRN>LNP,Southern Metro,LNP,LNP,GRN,0.6450091019881354,0.3549908980118645,0.14500910198813544,LNP-GRN,IND>OTH>ON>ALP,0.35701183288607713,0.6429881671139228,IND>OTH>ON>GRN,0.595328187122819,0.40467181287718107,IND>OTH>GRN>LNP,Central,PARAMS OTH,False,-0.00397295562347133
Melbourne,Northern Metro,GRN,GRN,ALP,0.6348626448871855,0.36513735511281453,0.13486264488718547,GRN-ALP,IND>OTH>LNP>ON,0.7015628863873435,0.2984371136126565,IND>OTH>ON>GRN,0.757124063974051,0.24287593602594898,IND>OTH>LNP>GRN,Northern Metro,GRN,GRN,ALP,0.6342274443581282,0.3657725556418718,0.13422744435812817,GRN-ALP,IND>OTH>LNP>ON,0.7017076980130988,0.2982923019869011,IND>OTH>ON>GRN,0.7549606245384539,0.24503937546154606,IND>OTH>LNP>GRN,Central,PARAMS OTH,False,-0.014481162575530337
Melton,Western Victoria,ALP,ON,IND,0.5624618343714893,0.4375381656285108,0.06246183437148933,ON-IND,GRN>OTH>LNP>ALP,0.4114674849350447,0.5885325150649553,GRN>OTH>IND>ON,0.4379517550438972,0.5620482449561028,GRN>OTH>LNP>IND,Western Victoria,ALP,ON,IND,0.5655312841279021,0.4344687158720979,0.0655312841279021,ON-IND,GRN>OTH>LNP>ALP,0.411267433908898,0.588732566091102,GRN>OTH>IND>ON,0.43495748537679724,0.5650425146232029,GRN>OTH>LNP>IND,Central,PARAMS OTH,False,0.02000510261467303
Mildura,Northern Victoria,LNP,IND,ON,0.5106916384598715,0.4893083615401285,0.010691638459871533,IND-ON,OTH>ALP>GRN>LNP,0.26044596894580213,0.7395540310541979,OTH>GRN>ON>IND,0.33817714531835813,0.6618228546816419,OTH>GRN>LNP>IND,Northern Victoria,LNP,IND,ON,0.5105785296868098,0.4894214703131902,0.010578529686809834,IND-ON,OTH>ALP>GRN>LNP,0.2604432641517144,0.7395567358482856,OTH>GRN>ON>IND,0.33807927024270273,0.6619207297572973,OTH>GRN>LNP>IND,Central,PARAMS OTH,False,0.00027047940877045207
Mill Park,North-Eastern Metro,ALP,ALP,ON,0.5337047482526128,0.4662952517473872,0.033704748252612826,ALP-ON,IND>GRN>OTH>LNP,0.5476148114072398,0.4523851885927602,IND>GRN>OTH>ON,0.5337047482526128,0.4662952517473872,IND>GRN>OTH>LNP,North-Eastern Metro,ALP,ALP,ON,0.5308615001679609,0.4691384998320392,0.030861500167960854,ALP-ON,IND>GRN>OTH>LNP,0.5476933819247004,0.45230661807529965,IND>GRN>OTH>ON,0.5308615001679609,0.4691384998320392,IND>GRN>OTH>LNP,Central,PARAMS OTH,False,-0.007857051746062993
Monbulk,Eastern Victoria,ALP,LNP,ALP,0.5432998217383661,0.4567001782616339,0.04329982173836611,LNP-ALP,OTH>IND>GRN>ON,0.4567001782616339,0.5432998217383661,OTH>IND>GRN>ON,0.44773469824524736,0.5522653017547527,OTH>IND>GRN>LNP,Eastern Victoria,ALP,LNP,ALP,0.543184736963137,0.45681526303686315,0.04318473696313696,LNP-ALP,OTH>IND>GRN>ON,0.45681526303686315,0.543184736963137,OTH>IND>GRN>ON,0.44731884844998404,0.5526811515500161,OTH>IND>GRN>LNP,Central,PARAMS OTH,False,-0.01150847752292572
Mordialloc,South-Eastern Metro,ALP,ALP,LNP,0.5002457377181572,0.49975426228184294,0.0002457377181571685,ALP-LNP,OTH>IND>GRN>ON,0.5002457377181572,0.49975426228184294,OTH>IND>GRN>ON,0.5654714230842464,0.43452857691575375,OTH>IND>GRN>LNP,South-Eastern Metro,ALP,ALP,LNP,0.5002576789025046,0.4997423210974954,0.00025767890250461,ALP-LNP,OTH>IND>GRN>ON,0.5002576789025046,0.4997423210974954,OTH>IND>GRN>ON,0.565059084458115,0.4349409155418851,OTH>IND>GRN>LNP,Central,PARAMS OTH,False,-0.0011941184347441514
Mornington,Eastern Victoria,LNP,LNP,IND,0.6179903907336971,0.3820096092663029,0.1179903907336971,LNP-IND,OTH>GRN>ALP>ON,0.3103897145008298,0.6896102854991703,OTH>GRN>ON>IND,0.3496959522487375,0.6503040477512625,OTH>GRN>IND>LNP,Eastern Victoria,LNP,LNP,IND,0.6179581985465787,0.3820418014534212,0.11795819854657874,LNP-IND,OTH>GRN>ALP>ON,0.31041014202216327,0.6895898579778367,OTH>GRN>ON>IND,0.3496316862533338,0.6503683137466663,OTH>GRN>IND>LNP,Central,PARAMS OTH,False,-0.0020427521333465926
Morwell,Eastern Victoria,LNP,ON,LNP,0.5188863952055165,0.48111360479448356,0.018886395205516493,ON-LNP,GRN>OTH>IND>ALP,0.359905798616679,0.6400942013833211,GRN>OTH>IND>ON,0.3321890992543075,0.6678109007456925,GRN>OTH>IND>LNP,Eastern Victoria,LNP,ON,LNP,0.5188863952055165,0.48111360479448356,0.018886395205516493,ON-LNP,GRN>OTH>IND>ALP,0.359905798616679,0.6400942013833211,GRN>OTH>IND>ON,0.3321890992543075,0.6678109007456925,GRN>OTH>IND>LNP,Central,PARAMS OTH,False,0.0
Mulgrave,South-Eastern Metro,ALP,ALP,ON,0.6756800505540889,0.32431994944591114,0.17568005055408886,ALP-ON,OTH>GRN>LNP>IND,0.6031410367581033,0.3968589632418967,OTH>GRN>IND>ON,0.6756800505540889,0.32431994944591114,OTH>GRN>LNP>IND,South-Eastern Metro,ALP,ALP,ON,0.6753291435460252,0.32467085645397475,0.17532914354602525,ALP-ON,OTH>GRN>LNP>IND,0.603202060243612,0.396797939756388,OTH>GRN>IND>ON,0.6753291435460252,0.32467085645397475,OTH>GRN>LNP>IND,Central,PARAMS OTH,False,-0.006102348550873771
Murray Plains,Northern Victoria,LNP,LNP,ON,0.591776932731634,0.408223067268366,0.09177693273163401,LNP-ON,IND>ALP>GRN>OTH,0.16971810278204177,0.8302818972179582,IND>GRN>OTH>ON,0.20410522245754115,0.7958947775424589,IND>GRN>OTH>LNP,Northern Victoria,LNP,LNP,ON,0.591776932731634,0.408223067268366,0.09177693273163401,LNP-ON,IND>ALP>GRN>OTH,0.1693284545878011,0.8306715454121989,IND>GRN>OTH>ON,0.2006316374651817,0.7993683625348182,IND>GRN>OTH>LNP,Central,PARAMS OTH,False,0.038964819424067154
Narracan,Eastern Victoria,LNP,LNP,ON,0.6222385682315316,0.3777614317684685,0.12223856823153156,LNP-ON,OTH>IND>ALP>GRN,0.3558467784869556,0.6441532215130444,OTH>IND>GRN>ON,0.37798774251745226,0.6220122574825477,OTH>IND>GRN>LNP,Eastern Victoria,LNP,LNP,ON,0.6222385682315316,0.3777614317684685,0.12223856823153156,LNP-ON,OTH>IND>ALP>GRN,0.3558467784869556,0.6441532215130444,OTH>IND>GRN>ON,0.37798774251745226,0.6220122574825477,OTH>IND>GRN>LNP,Central,PARAMS OTH,False,0.0
Narre Warren North,South-Eastern Metro,ALP,ALP,ON,0.5007995403973843,0.4992004596026157,0.0007995403973842796,ALP-ON,IND>GRN>OTH>LNP,0.5061927222801802,0.49380727771981975,IND>GRN>OTH>ON,0.5007995403973843,0.4992004596026157,IND>GRN>OTH>LNP,South-Eastern Metro,ALP,ON,ALP,0.5017121408488983,0.49828785915110174,0.0017121408488982581,ON-ALP,IND>GRN>OTH>LNP,0.5062614331973686,0.49373856680263134,IND>GRN>OTH>ON,0.49828785915110174,0.5017121408488983,IND>GRN>OTH>LNP,Central,PARAMS OTH,True,-0.006871091718840816
Narre Warren South,South-Eastern Metro,ALP,ALP,ON,0.5088281905312079,0.4911718094687922,0.008828190531207869,ALP-ON,IND>GRN>OTH>LNP,0.504542528224992,0.49545747177500804,IND>GRN>OTH>ON,0.5088281905312079,0.4911718094687922,IND>GRN>OTH>LNP,South-Eastern Metro,ALP,ALP,ON,0.5065214437180295,0.4934785562819705,0.00652144371802954,ALP-ON,IND>GRN>OTH>LNP,0.5046104069788085,0.4953895930211915,IND>GRN>OTH>ON,0.5065214437180295,0.4934785562819705,IND>GRN>OTH>LNP,Central,PARAMS OTH,False,-0.006787875381653041
Nepean,Eastern Victoria,LNP,LNP,ALP,0.6649541091912698,0.33504589080873026,0.16495410919126985,LNP-ALP,OTH>IND>GRN>ON,0.33504589080873026,0.6649541091912698,OTH>IND>GRN>ON,0.38255677599367754,0.6174432240063226,OTH>IND>GRN>LNP,Eastern Victoria,LNP,LNP,ALP,0.6649199645559879,0.3350800354440122,0.1649199645559879,LNP-ALP,OTH>IND>GRN>ON,0.3350800354440122,0.6649199645559879,OTH>IND>GRN>ON,0.38247191057400604,0.6175280894259939,OTH>IND>GRN>LNP,Central,PARAMS OTH,False,-0.0034144635281951885
Niddrie,Western Metro,ALP,ALP,ON,0.5167147646576644,0.48328523534233553,0.016714764657664416,ALP-ON,IND>OTH>GRN>LNP,0.47293941210380763,0.5270605878961924,IND>OTH>GRN>ON,0.5167147646576644,0.48328523534233553,IND>OTH>GRN>LNP,Western Metro,ALP,ALP,ON,0.5154634326616305,0.4845365673383695,0.015463432661630527,ALP-ON,IND>OTH>GRN>LNP,0.4730634500171788,0.5269365499828211,IND>OTH>GRN>ON,0.5154634326616305,0.4845365673383695,IND>OTH>GRN>LNP,Central,PARAMS OTH,False,-0.012403791337117775
Northcote,Northern Metro,ALP,GRN,ALP,0.5418973573529763,0.45810264264702377,0.04189735735297628,GRN-ALP,IND>LNP>OTH>ON,0.739483033422393,0.26051696657760703,IND>OTH>ON>GRN,0.7227808883858032,0.2772191116141967,IND>LNP>OTH>GRN,Northern Metro,ALP,GRN,ALP,0.5413365279564469,0.458663472043553,0.04133652795644693,GRN-ALP,IND>LNP>OTH>ON,0.7396607539992819,0.2603392460007181,IND>OTH>ON>GRN,0.7200535084495939,0.27994649155040613,IND>LNP>OTH>GRN,Central,PARAMS OTH,False,-0.017772057688891785
Oakleigh,Southern Metro,ALP,ALP,LNP,0.5501571864474365,0.4498428135525635,0.0501571864474365,ALP-LNP,OTH>IND>GRN>ON,0.5501571864474365,0.4498428135525635,OTH>IND>GRN>ON,0.604306102941925,0.39569389705807506,OTH>IND>GRN>LNP,Southern Metro,ALP,ALP,LNP,0.5501721448655936,0.4498278551344064,0.050172144865593626,ALP-LNP,OTH>IND>GRN>ON,0.5501721448655936,0.4498278551344064,OTH>IND>GRN>ON,0.6041420166690807,0.3958579833309193,OTH>IND>GRN>LNP,Central,PARAMS OTH,False,-0.0014958418157129394
Ovens Valley,Northern Victoria,LNP,LNP,ON,0.6029972176347319,0.3970027823652681,0.10299721763473191,LNP-ON,IND>ALP>OTH>GRN,0.2550111970548634,0.7449888029451366,IND>GRN>OTH>ON,0.2682759375512813,0.7317240624487187,IND>GRN>OTH>LNP,Northern Victoria,LNP,LNP,ON,0.5962191190840481,0.4037808809159519,0.09621911908404812,LNP-ON,IND>ALP>OTH>GRN,0.25676891905273996,0.7432310809472601,IND>GRN>OTH>ON,0.26581543533346863,0.7341845646665314,IND>GRN>OTH>LNP,Central,PARAMS OTH,False,-0.1757721997876549
Pakenham,Eastern Victoria,ALP,LNP,ON,0.5240033838550002,0.4759966161449998,0.024003383855000227,LNP-ON,IND>GRN>OTH>ALP,0.39479834708011696,0.605201652919883,IND>GRN>OTH>ON,0.3734225340982051,0.626577465901795,IND>GRN>OTH>LNP,Eastern Victoria,ALP,LNP,ON,0.52183888144792,0.47816111855208004,0.02183888144792001,LNP-ON,IND>GRN>OTH>ALP,0.39479835541413794,0.6052016445858621,IND>GRN>OTH>ON,0.37187463574252116,0.6281253642574789,IND>GRN>OTH>LNP,Central,PARAMS OTH,False,-8.334020973332912e-07
Pascoe Vale,Northern Metro,ALP,ALP,GRN,0.5117078672534062,0.48829213274659383,0.011707867253406223,ALP-GRN,OTH>IND>LNP>ON,0.6206990548363502,0.3793009451636497,OTH>IND>ON>GRN,0.6639047518778429,0.3360952481221571,OTH>IND>LNP>GRN,Northern Metro,ALP,ALP,GRN,0.5118990910319825,0.48810090896801756,0.0118990910319825,ALP-GRN,OTH>IND>LNP>ON,0.6207292593697057,0.37927074063029437,OTH>IND>ON>GRN,0.6627478503254811,0.33725214967451894,OTH>IND>LNP>GRN,Central,PARAMS OTH,False,-0.0030204533355449037
Point Cook,Western Metro,ALP,ON,ALP,0.5030018934387414,0.49699810656125865,0.0030018934387413543,ON-ALP,OTH>GRN>IND>LNP,0.5196956233604877,0.4803043766395124,OTH>GRN>IND>ON,0.49699810656125865,0.5030018934387414,OTH>GRN>IND>LNP,Western Metro,ALP,ON,ALP,0.5046216511982023,0.49537834880179765,0.004621651198202348,ON-ALP,OTH>GRN>IND>LNP,0.5196545395279693,0.4803454604720308,OTH>GRN>IND>ON,0.49537834880179765,0.5046216511982023,OTH>GRN>IND>LNP,Central,PARAMS OTH,False,0.004108383251844039
Polwarth,Western Victoria,LNP,LNP,GRN,0.657844727283776,0.3421552727162241,0.15784472728377597,LNP-GRN,IND>OTH>ALP>ON,0.37300115748220675,0.6269988425177933,IND>OTH>GRN>ON,0.4020768148867913,0.5979231851132086,IND>OTH>GRN>LNP,Western Victoria,LNP,LNP,GRN,0.6580118852012266,0.34198811479877345,0.15801188520122655,LNP-GRN,IND>OTH>ALP>ON,0.37295203768603846,0.6270479623139615,IND>OTH>GRN>ON,0.4012258847922388,0.5987741152077612,IND>OTH>GRN>LNP,Central,PARAMS OTH,False,0.004911979616828432
Prahran,Southern Metro,Greens,GRN,LNP,0.5655468171242981,0.4344531828757019,0.0655468171242981,GRN-LNP,IND>OTH>ALP>ON,0.5696909898529835,0.43030901014701645,IND>OTH>ON>GRN,0.6833661466665326,0.3166338533334674,IND>OTH>LNP>GRN,Southern Metro,Greens,GRN,LNP,0.565671982409293,0.43432801759070705,0.06567198240929295,GRN-LNP,IND>OTH>ALP>ON,0.5697840760083248,0.4302159239916752,IND>OTH>ON>GRN,0.6822378650333418,0.3177621349666581,IND>OTH>LNP>GRN,Central,PARAMS OTH,False,-0.009308615534131537
Preston,Northern Metro,ALP,ALP,ON,0.6072926761304708,0.3927073238695292,0.10729267613047078,ALP-ON,OTH>LNP>IND>GRN,0.601489684314928,0.39851031568507195,OTH>IND>GRN>ON,0.6072926761304708,0.3927073238695292,OTH>LNP>IND>GRN,Northern Metro,ALP,ALP,ON,0.604695901174438,0.39530409882556194,0.10469590117443806,ALP-ON,OTH>LNP>IND>GRN,0.6016120529055149,0.39838794709448516,OTH>IND>GRN>ON,0.604695901174438,0.39530409882556194,OTH>LNP>IND>GRN,Central,PARAMS OTH,False,-0.012236859058689653
Richmond,Northern Metro,GRN,GRN,ALP,0.5959693083974945,0.40403069160250554,0.09596930839749451,GRN-ALP,IND>OTH>LNP>ON,0.7365663175312711,0.26343368246872895,IND>OTH>ON>GRN,0.7698928437587395,0.2301071562412605,IND>OTH>LNP>GRN,Northern Metro,GRN,GRN,ALP,0.5954164973146364,0.40458350268536364,0.09541649731463642,GRN-ALP,IND>OTH>LNP>ON,0.7367113266977509,0.26328867330224914,IND>OTH>ON>GRN,0.7676542784885401,0.23234572151145988,IND>OTH>LNP>GRN,Central,PARAMS OTH,False,-0.014500916647974815
Ringwood,North-Eastern Metro,LNP,LNP,ALP,0.5139692334308348,0.48603076656916516,0.013969233430834782,LNP-ALP,IND>OTH>ON>GRN,0.48603076656916516,0.5139692334308348,IND>OTH>ON>GRN,0.5676208931252559,0.43237910687474407,IND>OTH>GRN>LNP,North-Eastern Metro,LNP,LNP,ALP,0.5139328338209346,0.48606716617906554,0.013932833820934576,LNP-ALP,IND>OTH>ON>GRN,0.48606716617906554,0.5139328338209346,IND>OTH>ON>GRN,0.5668175440439057,0.4331824559560944,IND>OTH>GRN>LNP,Central,PARAMS OTH,False,-0.003639960990037272
Ripon,Western Victoria,ALP,ON,ALP,0.6096729063322123,0.39032709366778784,0.10967290633221227,ON-ALP,IND>GRN>OTH>LNP,0.41612099436055794,0.5838790056394422,IND>GRN>OTH>ON,0.39032709366778784,0.6096729063322123,IND>GRN>OTH>LNP,Western Victoria,ALP,ON,ALP,0.6153768391756932,0.3846231608243069,0.11537683917569319,ON-ALP,IND>GRN>OTH>LNP,0.415572837682125,0.5844271623178751,IND>GRN>OTH>ON,0.3846231608243069,0.6153768391756932,IND>GRN>OTH>LNP,Central,PARAMS OTH,False,0.05481566784329428
Rowville,South-Eastern Metro,LNP,LNP,ALP,0.6108120608867543,0.3891879391132457,0.11081206088675433,LNP-ALP,OTH>GRN>IND>ON,0.3891879391132457,0.6108120608867543,OTH>GRN>IND>ON,0.4941110176222359,0.5058889823777641,OTH>GRN>IND>LNP,South-Eastern Metro,LNP,LNP,ALP,0.6107814323198107,0.38921856768018925,0.11078143231981075,LNP-ALP,OTH>GRN>IND>ON,0.38921856768018925,0.6107814323198107,OTH>GRN>IND>ON,0.4939100736900255,0.5060899263099745,OTH>GRN>IND>LNP,Central,PARAMS OTH,False,-0.0030628566943580182
Sandringham,Southern Metro,LNP,LNP,GRN,0.6341208278866721,0.3658791721133279,0.13412082788667212,LNP-GRN,OTH>IND>ON>ALP,0.3715618032730335,0.6284381967269665,OTH>IND>ON>GRN,0.5216578263987979,0.47834217360120207,OTH>IND>GRN>LNP,Southern Metro,LNP,LNP,GRN,0.6348650458177837,0.3651349541822163,0.1348650458177837,LNP-GRN,OTH>IND>ALP>ON,0.37166353522558865,0.6283364647744113,OTH>IND>ON>GRN,0.521015939382722,0.4789840606172781,OTH>IND>GRN>LNP,Central,PARAMS OTH,False,-0.010173195255513967
Shepparton,Northern Victoria,LNP,LNP,IND,0.5947549730726783,0.4052450269273216,0.09475497307267833,LNP-IND,ALP>OTH>GRN>ON,0.24454878174492142,0.7554512182550787,OTH>GRN>ON>IND,0.2720619490093986,0.7279380509906015,OTH>GRN>IND>LNP,Northern Victoria,LNP,LNP,IND,0.5947549730726783,0.4052450269273216,0.09475497307267833,LNP-IND,ALP>OTH>GRN>ON,0.24454878174492142,0.7554512182550787,OTH>GRN>ON>IND,0.2720619490093986,0.7279380509906015,OTH>GRN>IND>LNP,Central,PARAMS OTH,False,0.0
South Barwon,Western Victoria,ALP,LNP,ALP,0.5370512671143612,0.4629487328856388,0.03705126711436124,LNP-ALP,IND>OTH>GRN>ON,0.4629487328856388,0.5370512671143612,IND>OTH>GRN>ON,0.4933167958899165,0.5066832041100836,IND>OTH>GRN>LNP,Western Victoria,ALP,LNP,ALP,0.5370512671143612,0.4629487328856388,0.03705126711436124,LNP-ALP,IND>OTH>GRN>ON,0.4629487328856388,0.5370512671143612,IND>OTH>GRN>ON,0.4933167958899165,0.5066832041100836,IND>OTH>GRN>LNP,Central,PARAMS OTH,False,0.0
South-West Coast,Western Victoria,LNP,LNP,IND,0.585681139594118,0.41431886040588206,0.08568113959411805,LNP-IND,OTH>GRN>ALP>ON,0.35058354034906464,0.6494164596509354,OTH>GRN>ON>IND,0.343358194676174,0.6566418053238261,OTH>GRN>IND>LNP,Western Victoria,LNP,LNP,IND,0.5858127882256476,0.41418721177435247,0.08581278822564764,LNP-IND,OTH>GRN>ALP>ON,0.35057678774289924,0.6494232122571008,OTH>GRN>ON>IND,0.3429553146045887,0.6570446853954114,OTH>GRN>IND>LNP,Central,PARAMS OTH,False,0.0006752606165394415
St Albans,Western Metro,ALP,ALP,ON,0.5506149678256473,0.44938503217435266,0.05061496782564734,ALP-ON,IND>GRN>OTH>LNP,0.5443108745634895,0.4556891254365105,IND>GRN>OTH>ON,0.5506149678256473,0.44938503217435266,IND>GRN>OTH>LNP,Western Metro,ALP,ALP,ON,0.5482547867029451,0.4517452132970549,0.04825478670294514,ALP-ON,IND>GRN>OTH>LNP,0.5445232072932127,0.4554767927067873,IND>GRN>OTH>ON,0.5482547867029451,0.4517452132970549,IND>GRN>OTH>LNP,Central,PARAMS OTH,False,-0.021233272972320805
Sunbury,Western Metro,ALP,ON,ALP,0.5701008443187011,0.4298991556812989,0.07010084431870112,ON-ALP,IND>OTH>GRN>LNP,0.44659871356116554,0.5534012864388345,IND>OTH>GRN>ON,0.4298991556812989,0.5701008443187011,IND>OTH>GRN>LNP,Western Metro,ALP,ON,ALP,0.5708774675601638,0.42912253243983617,0.07087746756016378,ON-ALP,IND>OTH>GRN>LNP,0.44672215453329045,0.5532778454667096,IND>OTH>GRN>ON,0.42912253243983617,0.5708774675601638,IND>OTH>GRN>LNP,Central,PARAMS OTH,False,-0.012344097212491079
Sydenham,Western Metro,ALP,ALP,ON,0.506629953935882,0.49337004606411816,0.006629953935881949,ALP-ON,IND>GRN>OTH>LNP,0.5125039851180421,0.487496014881958,IND>GRN>OTH>ON,0.506629953935882,0.49337004606411816,IND>GRN>OTH>LNP,Western Metro,ALP,ALP,ON,0.5030190396636514,0.4969809603363486,0.0030190396636513572,ALP-ON,IND>GRN>OTH>LNP,0.5125879637938335,0.4874120362061666,IND>GRN>OTH>ON,0.5030190396636514,0.4969809603363486,IND>GRN>OTH>LNP,Central,PARAMS OTH,False,-0.00839786757914629
Tarneit,Western Metro,ALP,ALP,ON,0.5441374035093427,0.45586259649065736,0.0441374035093427,ALP-ON,IND>GRN>OTH>LNP,0.5542294573578344,0.4457705426421656,IND>GRN>OTH>ON,0.5441374035093427,0.45586259649065736,IND>GRN>OTH>LNP,Western Metro,ALP,ALP,ON,0.542516797317333,0.457483202682667,0.042516797317333044,ALP-ON,IND>GRN>OTH>LNP,0.5543186833262918,0.44568131667370825,IND>GRN>OTH>ON,0.542516797317333,0.457483202682667,IND>GRN>OTH>LNP,Central,PARAMS OTH,False,-0.008922596845739594
Thomastown,Northern Metro,ALP,ALP,ON,0.5674881705644438,0.43251182943555616,0.06748817056444378,ALP-ON,IND>GRN>OTH>LNP,0.5977970785804926,0.4022029214195075,IND>GRN>OTH>ON,0.5674881705644438,0.43251182943555616,IND>GRN>OTH>LNP,Northern Metro,ALP,ALP,ON,0.564393838979743,0.435606161020257,0.06439383897974305,ALP-ON,IND>GRN>OTH>LNP,0.5978687983492246,0.4021312016507755,IND>GRN>OTH>ON,0.564393838979743,0.435606161020257,IND>GRN>OTH>LNP,Central,PARAMS OTH,False,-0.0071719768731992595
Warrandyte,North-Eastern Metro,LNP,LNP,ALP,0.631075142243068,0.36892485775693196,0.13107514224306804,LNP-ALP,IND>OTH>GRN>ON,0.36892485775693196,0.631075142243068,IND>OTH>GRN>ON,0.501245784169715,0.498754215830285,IND>OTH>GRN>LNP,North-Eastern Metro,LNP,LNP,ALP,0.6309940889941681,0.3690059110058319,0.1309940889941681,LNP-ALP,IND>OTH>GRN>ON,0.3690059110058319,0.6309940889941681,IND>OTH>GRN>ON,0.5010681559216877,0.4989318440783123,IND>OTH>GRN>LNP,Central,PARAMS OTH,False,-0.00810532488999538
Wendouree,Western Victoria,ALP,ON,ALP,0.5044154287733879,0.4955845712266122,0.004415428773387853,ON-ALP,IND>OTH>GRN>LNP,0.48597441996277935,0.5140255800372207,IND>OTH>GRN>ON,0.4955845712266122,0.5044154287733879,IND>OTH>GRN>LNP,Western Victoria,ALP,ON,ALP,0.5044154287733879,0.4955845712266122,0.004415428773387853,ON-ALP,IND>OTH>GRN>LNP,0.48597441996277935,0.5140255800372207,IND>OTH>GRN>ON,0.4955845712266122,0.5044154287733879,IND>OTH>GRN>LNP,Central,PARAMS OTH,False,0.0
Werribee,Western Metro,ALP,ON,ALP,0.5469134320410952,0.4530865679589049,0.046913432041095215,ON-ALP,OTH>GRN>IND>LNP,0.49490932231368806,0.505090677686312,OTH>GRN>IND>ON,0.4530865679589049,0.5469134320410952,OTH>GRN>IND>LNP,Western Metro,ALP,ON,ALP,0.5482153315540459,0.45178466844595416,0.04821533155404589,ON-ALP,OTH>GRN>IND>LNP,0.4947763870296749,0.5052236129703251,OTH>GRN>IND>ON,0.45178466844595416,0.5482153315540459,OTH>GRN>IND>LNP,Central,PARAMS OTH,False,0.013293528401314703
Williamstown,Western Metro,ALP,ALP,ON,0.6137640564470457,0.3862359435529544,0.11376405644704568,ALP-ON,IND>OTH>GRN>LNP,0.5748411201414455,0.4251588798585546,IND>OTH>GRN>ON,0.6137640564470457,0.3862359435529544,IND>OTH>GRN>LNP,Western Metro,ALP,ALP,ON,0.6122910613405849,0.38770893865941525,0.11229106134058486,ALP-ON,IND>OTH>GRN>LNP,0.57504323755447,0.4249567624455301,IND>OTH>GRN>ON,0.6122910613405849,0.38770893865941525,IND>OTH>GRN>LNP,Central,PARAMS OTH,False,-0.020211741302444963
Yan Yean,Northern Victoria,ALP,ON,ALP,0.545997956807232,0.45400204319276805,0.045997956807231954,ON-ALP,IND>GRN>OTH>LNP,0.4659678529988974,0.5340321470011026,IND>GRN>OTH>ON,0.45400204319276805,0.545997956807232,IND>GRN>OTH>LNP,Northern Victoria,ALP,ON,ALP,0.5489448903145236,0.45105510968547635,0.04894489031452365,ON-ALP,IND>GRN>OTH>LNP,0.46578957556366896,0.534210424436331,IND>GRN>OTH>ON,0.45105510968547635,0.5489448903145236,IND>GRN>OTH>LNP,Central,PARAMS OTH,False,0.017827743522846884
Albert Park,Southern Metro,ALP,ALP,LNP,0.5524298832441139,0.4475701167558861,0.052429883244113906,ALP-LNP,OTH>IND>ON>GRN,0.5524298832441139,0.4475701167558861,OTH>IND>ON>GRN,0.6397113534817712,0.3602886465182288,OTH>IND>GRN>LNP,Southern Metro,ALP,ALP,LNP,0.5524298832441139,0.4475701167558861,0.052429883244113906,ALP-LNP,OTH>IND>ON>GRN,0.5524298832441139,0.4475701167558861,OTH>IND>ON>GRN,0.6397113534817712,0.3602886465182288,OTH>IND>GRN>LNP,Higher ON,Stored OTH,False,0.0
Ashwood,Southern Metro,ALP,LNP,ALP,0.5254587968327015,0.4745412031672986,0.02545879683270147,LNP-ALP,OTH>IND>ON>GRN,0.4745412031672986,0.5254587968327015,OTH>IND>ON>GRN,0.6011214015767379,0.3988785984232622,OTH>IND>GRN>LNP,Southern Metro,ALP,LNP,ALP,0.5254587968327015,0.4745412031672986,0.02545879683270147,LNP-ALP,OTH>IND>ON>GRN,0.4745412031672986,0.5254587968327015,OTH>IND>ON>GRN,0.6011214015767379,0.3988785984232622,OTH>IND>GRN>LNP,Higher ON,Stored OTH,False,0.0
Bass,Eastern Victoria,ALP,LNP,ON,0.5436185586695258,0.45638144133047426,0.0436185586695258,LNP-ON,OTH>IND>GRN>ALP,0.3555506701405301,0.6444493298594699,OTH>IND>GRN>ON,0.35617437917513034,0.6438256208248696,OTH>IND>GRN>LNP,Eastern Victoria,ALP,LNP,ON,0.5436185586695258,0.45638144133047426,0.0436185586695258,LNP-ON,OTH>IND>GRN>ALP,0.3555506701405301,0.6444493298594699,OTH>IND>GRN>ON,0.35617437917513034,0.6438256208248696,OTH>IND>GRN>LNP,Higher ON,Stored OTH,False,0.0
Bayswater,North-Eastern Metro,ALP,LNP,ALP,0.5728684125830814,0.42713158741691853,0.07286841258308141,LNP-ALP,IND>OTH>GRN>ON,0.42713158741691853,0.5728684125830814,IND>OTH>GRN>ON,0.49736626408884765,0.5026337359111523,IND>OTH>GRN>LNP,North-Eastern Metro,ALP,LNP,ALP,0.5728684125830814,0.42713158741691853,0.07286841258308141,LNP-ALP,IND>OTH>GRN>ON,0.42713158741691853,0.5728684125830814,IND>OTH>GRN>ON,0.49736626408884765,0.5026337359111523,IND>OTH>GRN>LNP,Higher ON,Stored OTH,False,0.0
Bellarine,Western Victoria,ALP,LNP,ALP,0.5198985909534273,0.4801014090465727,0.019898590953427275,LNP-ALP,OTH>IND>GRN>ON,0.4801014090465727,0.5198985909534273,OTH>IND>GRN>ON,0.5030042142301919,0.49699578576980813,OTH>IND>GRN>LNP,Western Victoria,ALP,LNP,ALP,0.5198985909534273,0.4801014090465727,0.019898590953427275,LNP-ALP,OTH>IND>GRN>ON,0.4801014090465727,0.5198985909534273,OTH>IND>GRN>ON,0.5030042142301919,0.49699578576980813,OTH>IND>GRN>LNP,Higher ON,Stored OTH,False,0.0
Benambra,Northern Victoria,LNP,LNP,ON,0.505900087637731,0.4940999123622691,0.0059000876377309774,LNP-ON,ALP>OTH>GRN>IND,0.2499668089884116,0.7500331910115885,OTH>GRN>IND>ON,0.22658862031495777,0.7734113796850423,OTH>GRN>IND>LNP,Northern Victoria,LNP,LNP,ON,0.505900087637731,0.4940999123622691,0.0059000876377309774,LNP-ON,ALP>OTH>GRN>IND,0.2499668089884116,0.7500331910115885,OTH>GRN>IND>ON,0.22658862031495777,0.7734113796850423,OTH>GRN>IND>LNP,Higher ON,Stored OTH,False,0.0
Bendigo East,Northern Victoria,ALP,LNP,ALP,0.5079990799465617,0.49200092005343826,0.007999079946561682,LNP-ALP,OTH>IND>GRN>ON,0.49200092005343826,0.5079990799465617,OTH>IND>GRN>ON,0.5218677766544652,0.47813222334553485,OTH>IND>GRN>LNP,Northern Victoria,ALP,LNP,ALP,0.5079990799465617,0.49200092005343826,0.007999079946561682,LNP-ALP,OTH>IND>GRN>ON,0.49200092005343826,0.5079990799465617,OTH>IND>GRN>ON,0.5218677766544652,0.47813222334553485,OTH>IND>GRN>LNP,Higher ON,Stored OTH,False,0.0
Bendigo West,Northern Victoria,ALP,ALP,ON,0.5295484465159195,0.4704515534840805,0.02954844651591948,ALP-ON,IND>OTH>GRN>LNP,0.5309259971858286,0.4690740028141715,IND>OTH>GRN>ON,0.5295484465159195,0.4704515534840805,IND>OTH>GRN>LNP,Northern Victoria,ALP,ALP,ON,0.5295484465159195,0.4704515534840805,0.02954844651591948,ALP-ON,IND>OTH>GRN>LNP,0.5309259971858286,0.4690740028141715,IND>OTH>GRN>ON,0.5295484465159195,0.4704515534840805,IND>OTH>GRN>LNP,Higher ON,Stored OTH,False,0.0
Bentleigh,Southern Metro,ALP,LNP,ALP,0.5041047124131043,0.49589528758689566,0.004104712413104283,LNP-ALP,OTH>IND>GRN>ON,0.49589528758689566,0.5041047124131043,OTH>IND>GRN>ON,0.5870564065939784,0.4129435934060216,OTH>IND>GRN>LNP,Southern Metro,ALP,LNP,ALP,0.5041047124131043,0.49589528758689566,0.004104712413104283,LNP-ALP,OTH>IND>GRN>ON,0.49589528758689566,0.5041047124131043,OTH>IND>GRN>ON,0.5870564065939784,0.4129435934060216,OTH>IND>GRN>LNP,Higher ON,Stored OTH,False,0.0
Berwick,South-Eastern Metro,LNP,LNP,ON,0.6024500596814287,0.3975499403185714,0.10245005968142873,LNP-ON,IND>OTH>GRN>ALP,0.34092995427718764,0.6590700457228124,IND>OTH>GRN>ON,0.37767960276886337,0.6223203972311367,IND>OTH>GRN>LNP,South-Eastern Metro,LNP,LNP,ON,0.6024500596814287,0.3975499403185714,0.10245005968142873,LNP-ON,IND>OTH>GRN>ALP,0.34092995427718764,0.6590700457228124,IND>OTH>GRN>ON,0.37767960276886337,0.6223203972311367,IND>OTH>GRN>LNP,Higher ON,Stored OTH,False,0.0
Box Hill,North-Eastern Metro,ALP,LNP,ALP,0.5134606255066082,0.48653937449339185,0.013460625506608204,LNP-ALP,IND>OTH>ON>GRN,0.48653937449339185,0.5134606255066082,IND>OTH>ON>GRN,0.6141157765727036,0.3858842234272965,IND>OTH>GRN>LNP,North-Eastern Metro,ALP,LNP,ALP,0.5134606255066082,0.48653937449339185,0.013460625506608204,LNP-ALP,IND>OTH>ON>GRN,0.48653937449339185,0.5134606255066082,IND>OTH>ON>GRN,0.6141157765727036,0.3858842234272965,IND>OTH>GRN>LNP,Higher ON,Stored OTH,False,0.0
Brighton,Southern Metro,LNP,LNP,GRN,0.6082879031028021,0.39171209689719794,0.10828790310280212,LNP-GRN,OTH>IND>ON>ALP,0.3847925617772729,0.6152074382227272,OTH>IND>ON>GRN,0.582544348195742,0.4174556518042581,OTH>IND>GRN>LNP,Southern Metro,LNP,LNP,GRN,0.6082879031028021,0.39171209689719794,0.10828790310280212,LNP-GRN,OTH>IND>ON>ALP,0.3847925617772729,0.6152074382227272,OTH>IND>ON>GRN,0.582544348195742,0.4174556518042581,OTH>IND>GRN>LNP,Higher ON,Stored OTH,False,0.0
Broadmeadows,Northern Metro,ALP,ALP,ON,0.5447391054483413,0.45526089455165886,0.044739105448341254,ALP-ON,IND>GRN>OTH>LNP,0.5825004360450762,0.4174995639549239,IND>GRN>OTH>ON,0.5447391054483413,0.45526089455165886,IND>GRN>OTH>LNP,Northern Metro,ALP,ALP,ON,0.5447391054483413,0.45526089455165886,0.044739105448341254,ALP-ON,IND>GRN>OTH>LNP,0.5825004360450762,0.4174995639549239,IND>GRN>OTH>ON,0.5447391054483413,0.45526089455165886,IND>GRN>OTH>LNP,Higher ON,Stored OTH,False,0.0
Brunswick,Northern Metro,GRN,GRN,ALP,0.657156337298706,0.342843662701294,0.15715633729870604,GRN-ALP,IND>LNP>OTH>ON,0.7687274031311954,0.23127259686880466,IND>OTH>ON>GRN,0.7433016985148846,0.2566983014851155,IND>LNP>OTH>GRN,Northern Metro,GRN,GRN,ALP,0.657156337298706,0.342843662701294,0.15715633729870604,GRN-ALP,IND>LNP>OTH>ON,0.7687274031311954,0.23127259686880466,IND>OTH>ON>GRN,0.7433016985148846,0.2566983014851155,IND>LNP>OTH>GRN,Higher ON,Stored OTH,False,0.0
Bulleen,North-Eastern Metro,LNP,LNP,ALP,0.6441224078462059,0.35587759215379405,0.1441224078462059,LNP-ALP,OTH>IND>GRN>ON,0.35587759215379405,0.6441224078462059,OTH>IND>GRN>ON,0.536291070756583,0.46370892924341695,OTH>IND>GRN>LNP,North-Eastern Metro,LNP,LNP,ALP,0.6441224078462059,0.35587759215379405,0.1441224078462059,LNP-ALP,OTH>IND>GRN>ON,0.35587759215379405,0.6441224078462059,OTH>IND>GRN>ON,0.536291070756583,0.46370892924341695,OTH>IND>GRN>LNP,Higher ON,Stored OTH,False,0.0
Bundoora,North-Eastern Metro,ALP,ALP,LNP,0.5500092952714096,0.4499907047285903,0.050009295271409626,ALP-LNP,IND>OTH>GRN>ON,0.5500092952714096,0.4499907047285903,IND>OTH>GRN>ON,0.6115617842144222,0.38843821578557775,IND>OTH>GRN>LNP,North-Eastern Metro,ALP,ALP,LNP,0.5500092952714096,0.4499907047285903,0.050009295271409626,ALP-LNP,IND>OTH>GRN>ON,0.5500092952714096,0.4499907047285903,IND>OTH>GRN>ON,0.6115617842144222,0.38843821578557775,IND>OTH>GRN>LNP,Higher ON,Stored OTH,False,0.0
Carrum,South-Eastern Metro,ALP,ON,ALP,0.5384511827557577,0.4615488172442424,0.03845118275575765,ON-ALP,IND>OTH>GRN>LNP,0.4665764285418898,0.5334235714581103,IND>OTH>GRN>ON,0.4615488172442424,0.5384511827557577,IND>OTH>GRN>LNP,South-Eastern Metro,ALP,ON,ALP,0.5384511827557577,0.4615488172442424,0.03845118275575765,ON-ALP,IND>OTH>GRN>LNP,0.4665764285418898,0.5334235714581103,IND>OTH>GRN>ON,0.4615488172442424,0.5384511827557577,IND>OTH>GRN>LNP,Higher ON,Stored OTH,False,0.0
Caulfield,Southern Metro,LNP,LNP,GRN,0.5991321417340597,0.4008678582659404,0.09913214173405971,LNP-GRN,OTH>IND>ON>ALP,0.40827775495183866,0.5917222450481614,OTH>IND>ON>GRN,0.5915875450802565,0.40841245491974365,OTH>IND>GRN>LNP,Southern Metro,LNP,LNP,GRN,0.5991321417340597,0.4008678582659404,0.09913214173405971,LNP-GRN,OTH>IND>ON>ALP,0.40827775495183866,0.5917222450481614,OTH>IND>ON>GRN,0.5915875450802565,0.40841245491974365,OTH>IND>GRN>LNP,Higher ON,Stored OTH,False,0.0
Clarinda,South-Eastern Metro,ALP,ALP,ON,0.5661955256966894,0.43380447430331065,0.0661955256966894,ALP-ON,OTH>IND>GRN>LNP,0.5270046692867143,0.47299533071328576,OTH>IND>GRN>ON,0.5661955256966894,0.43380447430331065,OTH>IND>GRN>LNP,South-Eastern Metro,ALP,ALP,ON,0.5661955256966894,0.43380447430331065,0.0661955256966894,ALP-ON,OTH>IND>GRN>LNP,0.5270046692867143,0.47299533071328576,OTH>IND>GRN>ON,0.5661955256966894,0.43380447430331065,OTH>IND>GRN>LNP,Higher ON,Stored OTH,False,0.0
Cranbourne,South-Eastern Metro,ALP,ON,ALP,0.5350675428744165,0.46493245712558356,0.03506754287441649,ON-ALP,IND>GRN>OTH>LNP,0.48806359819358297,0.5119364018064171,IND>GRN>OTH>ON,0.46493245712558356,0.5350675428744165,IND>GRN>OTH>LNP,South-Eastern Metro,ALP,ON,ALP,0.5350675428744165,0.46493245712558356,0.03506754287441649,ON-ALP,IND>GRN>OTH>LNP,0.48806359819358297,0.5119364018064171,IND>GRN>OTH>ON,0.46493245712558356,0.5350675428744165,IND>GRN>OTH>LNP,Higher ON,Stored OTH,False,0.0
Croydon,North-Eastern Metro,LNP,LNP,ALP,0.6087477103441196,0.3912522896558804,0.10874771034411956,LNP-ALP,IND>OTH>GRN>ON,0.3912522896558804,0.6087477103441196,IND>OTH>GRN>ON,0.47908148491072744,0.5209185150892726,IND>OTH>GRN>LNP,North-Eastern Metro,LNP,LNP,ALP,0.6087477103441196,0.3912522896558804,0.10874771034411956,LNP-ALP,IND>OTH>GRN>ON,0.3912522896558804,0.6087477103441196,IND>OTH>GRN>ON,0.47908148491072744,0.5209185150892726,IND>OTH>GRN>LNP,Higher ON,Stored OTH,False,0.0
Dandenong,South-Eastern Metro,ALP,ALP,ON,0.5762258510329159,0.42377414896708415,0.0762258510329159,ALP-ON,IND>OTH>GRN>LNP,0.6012376605711933,0.3987623394288066,IND>OTH>GRN>ON,0.5762258510329159,0.42377414896708415,IND>OTH>GRN>LNP,South-Eastern Metro,ALP,ALP,ON,0.5762258510329159,0.42377414896708415,0.0762258510329159,ALP-ON,IND>OTH>GRN>LNP,0.6012376605711933,0.3987623394288066,IND>OTH>GRN>ON,0.5762258510329159,0.42377414896708415,IND>OTH>GRN>LNP,Higher ON,Stored OTH,False,0.0
Eildon,Northern Victoria,LNP,LNP,ON,0.5849972173616926,0.41500278263830737,0.08499721736169263,LNP-ON,IND>OTH>GRN>ALP,0.3245636371007872,0.6754363628992129,IND>OTH>GRN>ON,0.3454101460148177,0.6545898539851824,IND>OTH>GRN>LNP,Northern Victoria,LNP,LNP,ON,0.5849972173616926,0.41500278263830737,0.08499721736169263,LNP-ON,IND>OTH>GRN>ALP,0.3245636371007872,0.6754363628992129,IND>OTH>GRN>ON,0.3454101460148177,0.6545898539851824,IND>OTH>GRN>LNP,Higher ON,Stored OTH,False,0.0
Eltham,North-Eastern Metro,ALP,LNP,ALP,0.5002285583311916,0.49977144166880844,0.0002285583311916195,LNP-ALP,OTH>IND>GRN>ON,0.49977144166880844,0.5002285583311916,OTH>IND>GRN>ON,0.5565740411277664,0.4434259588722336,OTH>IND>GRN>LNP,North-Eastern Metro,ALP,LNP,ALP,0.5002285583311916,0.49977144166880844,0.0002285583311916195,LNP-ALP,OTH>IND>GRN>ON,0.49977144166880844,0.5002285583311916,OTH>IND>GRN>ON,0.5565740411277664,0.4434259588722336,OTH>IND>GRN>LNP,Higher ON,Stored OTH,False,0.0
Essendon,Northern Metro,ALP,ALP,ON,0.5428461396064251,0.4571538603935748,0.04284613960642514,ALP-ON,IND>OTH>GRN>LNP,0.5098984352923717,0.4901015647076284,IND>OTH>GRN>ON,0.5428461396064251,0.4571538603935748,IND>OTH>GRN>LNP,Northern Metro,ALP,ALP,ON,0.5428461396064251,0.4571538603935748,0.04284613960642514,ALP-ON,IND>OTH>GRN>LNP,0.5098984352923717,0.4901015647076284,IND>OTH>GRN>ON,0.5428461396064251,0.4571538603935748,IND>OTH>GRN>LNP,Higher ON,Stored OTH,False,0.0
Eureka,Western Victoria,ALP,ON,ALP,0.593920681586887,0.4060793184131129,0.09392068158688704,ON-ALP,IND>OTH>GRN>LNP,0.4368120307399527,0.5631879692600473,IND>OTH>GRN>ON,0.4060793184131129,0.593920681586887,IND>OTH>GRN>LNP,Western Victoria,ALP,ON,ALP,0.593920681586887,0.4060793184131129,0.09392068158688704,ON-ALP,IND>OTH>GRN>LNP,0.4368120307399527,0.5631879692600473,IND>OTH>GRN>ON,0.4060793184131129,0.593920681586887,IND>OTH>GRN>LNP,Higher ON,Stored OTH,False,0.0
Euroa,Northern Victoria,LNP,LNP,ON,0.5720763979377735,0.42792360206222646,0.07207639793777354,LNP-ON,IND>OTH>GRN>ALP,0.28487635227365204,0.715123647726348,IND>OTH>GRN>ON,0.3101002350738491,0.689899764926151,IND>OTH>GRN>LNP,Northern Victoria,LNP,LNP,ON,0.5720763979377735,0.42792360206222646,0.07207639793777354,LNP-ON,IND>OTH>GRN>ALP,0.28487635227365204,0.715123647726348,IND>OTH>GRN>ON,0.3101002350738491,0.689899764926151,IND>OTH>GRN>LNP,Higher ON,Stored OTH,False,0.0
Evelyn,Eastern Victoria,LNP,LNP,ALP,0.6649669599466836,0.33503304005331636,0.16496695994668364,LNP-ALP,IND>OTH>GRN>ON,0.33503304005331636,0.6649669599466836,IND>OTH>GRN>ON,0.38293081307529553,0.6170691869247045,IND>OTH>GRN>LNP,Eastern Victoria,LNP,LNP,ALP,0.6649669599466836,0.33503304005331636,0.16496695994668364,LNP-ALP,IND>OTH>GRN>ON,0.33503304005331636,0.6649669599466836,IND>OTH>GRN>ON,0.38293081307529553,0.6170691869247045,IND>OTH>GRN>LNP,Higher ON,Stored OTH,False,0.0
Footscray,Western Metro,ALP,ALP,GRN,0.532531069374946,0.4674689306250541,0.03253106937494599,ALP-GRN,IND>OTH>LNP>ON,0.6773870672255178,0.3226129327744822,IND>OTH>ON>GRN,0.7197191662323364,0.2802808337676636,IND>OTH>LNP>GRN,Western Metro,ALP,ALP,GRN,0.532531069374946,0.4674689306250541,0.03253106937494599,ALP-GRN,IND>OTH>LNP>ON,0.6773870672255178,0.3226129327744822,IND>OTH>ON>GRN,0.7197191662323364,0.2802808337676636,IND>OTH>LNP>GRN,Higher ON,Stored OTH,False,0.0
Frankston,South-Eastern Metro,ALP,ON,ALP,0.5085014340543785,0.49149856594562147,0.008501434054378532,ON-ALP,IND>OTH>GRN>LNP,0.48713597827992655,0.5128640217200735,IND>OTH>GRN>ON,0.49149856594562147,0.5085014340543785,IND>OTH>GRN>LNP,South-Eastern Metro,ALP,ON,ALP,0.5085014340543785,0.49149856594562147,0.008501434054378532,ON-ALP,IND>OTH>GRN>LNP,0.48713597827992655,0.5128640217200735,IND>OTH>GRN>ON,0.49149856594562147,0.5085014340543785,IND>OTH>GRN>LNP,Higher ON,Stored OTH,False,0.0
Geelong,Western Victoria,ALP,ON,ALP,0.532690576873522,0.46730942312647805,0.03269057687352195,ON-ALP,OTH>IND>GRN>LNP,0.4902488918823468,0.5097511081176532,OTH>IND>GRN>ON,0.46730942312647805,0.532690576873522,OTH>IND>GRN>LNP,Western Victoria,ALP,ON,ALP,0.532690576873522,0.46730942312647805,0.03269057687352195,ON-ALP,OTH>IND>GRN>LNP,0.4902488918823468,0.5097511081176532,OTH>IND>GRN>ON,0.46730942312647805,0.532690576873522,OTH>IND>GRN>LNP,Higher ON,Stored OTH,False,0.0
Gippsland East,Eastern Victoria,LNP,LNP,ON,0.578340382007858,0.4216596179921421,0.07834038200785798,LNP-ON,IND>OTH>ALP>GRN,0.18063418038018442,0.8193658196198156,IND>OTH>GRN>ON,0.21042619597374349,0.7895738040262565,IND>OTH>GRN>LNP,Eastern Victoria,LNP,LNP,ON,0.578340382007858,0.4216596179921421,0.07834038200785798,LNP-ON,IND>OTH>ALP>GRN,0.18063418038018442,0.8193658196198156,IND>OTH>GRN>ON,0.21042619597374349,0.7895738040262565,IND>OTH>GRN>LNP,Higher ON,Stored OTH,False,0.0
Gippsland South,Eastern Victoria,LNP,LNP,ON,0.5681430244146084,0.43185697558539154,0.0681430244146084,LNP-ON,OTH>IND>GRN>ALP,0.24060821648526948,0.7593917835147305,OTH>IND>GRN>ON,0.2635979764215873,0.7364020235784127,OTH>IND>GRN>LNP,Eastern Victoria,LNP,LNP,ON,0.5681430244146084,0.43185697558539154,0.0681430244146084,LNP-ON,OTH>IND>GRN>ALP,0.24060821648526948,0.7593917835147305,OTH>IND>GRN>ON,0.2635979764215873,0.7364020235784127,OTH>IND>GRN>LNP,Higher ON,Stored OTH,False,0.0
Glen Waverley,North-Eastern Metro,ALP,LNP,ALP,0.554132352346377,0.4458676476536231,0.05413235234637703,LNP-ALP,IND>OTH>GRN>ON,0.4458676476536231,0.554132352346377,IND>OTH>GRN>ON,0.5865932818884619,0.4134067181115381,IND>OTH>GRN>LNP,North-Eastern Metro,ALP,LNP,ALP,0.554132352346377,0.4458676476536231,0.05413235234637703,LNP-ALP,IND>OTH>GRN>ON,0.4458676476536231,0.554132352346377,IND>OTH>GRN>ON,0.5865932818884619,0.4134067181115381,IND>OTH>GRN>LNP,Higher ON,Stored OTH,False,0.0
Greenvale,Northern Metro,ALP,ALP,ON,0.5456103362765321,0.454389663723468,0.045610336276532104,ALP-ON,IND>GRN>OTH>LNP,0.5465833385592073,0.4534166614407928,IND>GRN>OTH>ON,0.5456103362765321,0.454389663723468,IND>GRN>OTH>LNP,Northern Metro,ALP,ALP,ON,0.5456103362765321,0.454389663723468,0.045610336276532104,ALP-ON,IND>GRN>OTH>LNP,0.5465833385592073,0.4534166614407928,IND>GRN>OTH>ON,0.5456103362765321,0.454389663723468,IND>GRN>OTH>LNP,Higher ON,Stored OTH,False,0.0
Hastings,Eastern Victoria,ALP,LNP,ON,0.5492210386272698,0.45077896137273027,0.049221038627269786,LNP-ON,IND>OTH>GRN>ALP,0.3903004243785227,0.6096995756214774,IND>OTH>GRN>ON,0.3918855226601577,0.6081144773398424,IND>OTH>GRN>LNP,Eastern Victoria,ALP,LNP,ON,0.5492210386272698,0.45077896137273027,0.049221038627269786,LNP-ON,IND>OTH>GRN>ALP,0.3903004243785227,0.6096995756214774,IND>OTH>GRN>ON,0.3918855226601577,0.6081144773398424,IND>OTH>GRN>LNP,Higher ON,Stored OTH,False,0.0
Hawthorn,Southern Metro,LNP,LNP,GRN,0.644686859850208,0.355313140149792,0.14468685985020802,LNP-GRN,OTH>ON>ALP>IND,0.4282080517436165,0.5717919482563836,OTH>ON>IND>GRN,0.6281923615423548,0.3718076384576452,OTH>IND>GRN>LNP,Southern Metro,LNP,LNP,GRN,0.644686859850208,0.355313140149792,0.14468685985020802,LNP-GRN,OTH>ON>ALP>IND,0.4282080517436165,0.5717919482563836,OTH>ON>IND>GRN,0.6281923615423548,0.3718076384576452,OTH>IND>GRN>LNP,Higher ON,Stored OTH,False,0.0
Ivanhoe,North-Eastern Metro,ALP,ALP,LNP,0.5417544348091617,0.4582455651908383,0.041754434809161745,ALP-LNP,OTH>IND>ON>GRN,0.5417544348091617,0.4582455651908383,OTH>IND>ON>GRN,0.6127934703225132,0.38720652967748675,OTH>IND>GRN>LNP,North-Eastern Metro,ALP,ALP,LNP,0.5417544348091617,0.4582455651908383,0.041754434809161745,ALP-LNP,OTH>IND>ON>GRN,0.5417544348091617,0.4582455651908383,OTH>IND>ON>GRN,0.6127934703225132,0.38720652967748675,OTH>IND>GRN>LNP,Higher ON,Stored OTH,False,0.0
Kalkallo,Northern Metro,ALP,ALP,ON,0.5339307239619003,0.4660692760380996,0.03393072396190033,ALP-ON,IND>GRN>OTH>LNP,0.5592740512381303,0.4407259487618697,IND>GRN>OTH>ON,0.5339307239619003,0.4660692760380996,IND>GRN>OTH>LNP,Northern Metro,ALP,ALP,ON,0.5339307239619003,0.4660692760380996,0.03393072396190033,ALP-ON,IND>GRN>OTH>LNP,0.5592740512381303,0.4407259487618697,IND>GRN>OTH>ON,0.5339307239619003,0.4660692760380996,IND>GRN>OTH>LNP,Higher ON,Stored OTH,False,0.0
Kew,Southern Metro,LNP,LNP,IND,0.629432713222257,0.370567286777743,0.12943271322225702,LNP-IND,OTH>ON>GRN>ALP,0.4063793600688635,0.5936206399311366,OTH>ON>GRN>IND,0.6183845287613211,0.381615471238679,OTH>GRN>IND>LNP,Southern Metro,LNP,LNP,IND,0.629432713222257,0.370567286777743,0.12943271322225702,LNP-IND,OTH>ON>GRN>ALP,0.4063793600688635,0.5936206399311366,OTH>ON>GRN>IND,0.6183845287613211,0.381615471238679,OTH>GRN>IND>LNP,Higher ON,Stored OTH,False,0.0
Kororoit,Western Metro,ALP,ALP,ON,0.5360625293741712,0.46393747062582885,0.036062529374171204,ALP-ON,IND>GRN>OTH>LNP,0.5767199887301402,0.42328001126985987,IND>GRN>OTH>ON,0.5360625293741712,0.46393747062582885,IND>GRN>OTH>LNP,Western Metro,ALP,ALP,ON,0.5360625293741712,0.46393747062582885,0.036062529374171204,ALP-ON,IND>GRN>OTH>LNP,0.5767199887301402,0.42328001126985987,IND>GRN>OTH>ON,0.5360625293741712,0.46393747062582885,IND>GRN>OTH>LNP,Higher ON,Stored OTH,False,0.0
Lara,Western Victoria,ALP,ON,ALP,0.553357256464916,0.4466427435350841,0.05335725646491596,ON-ALP,IND>OTH>GRN>LNP,0.5029603419833335,0.49703965801666655,IND>OTH>GRN>ON,0.4466427435350841,0.553357256464916,IND>OTH>GRN>LNP,Western Victoria,ALP,ON,ALP,0.553357256464916,0.4466427435350841,0.05335725646491596,ON-ALP,IND>OTH>GRN>LNP,0.5029603419833335,0.49703965801666655,IND>OTH>GRN>ON,0.4466427435350841,0.553357256464916,IND>OTH>GRN>LNP,Higher ON,Stored OTH,False,0.0
Laverton,Western Metro,ALP,ALP,ON,0.5643931686855355,0.4356068313144646,0.06439316868553546,ALP-ON,IND>OTH>GRN>LNP,0.5727313150120693,0.42726868498793064,IND>OTH>GRN>ON,0.5643931686855355,0.4356068313144646,IND>OTH>GRN>LNP,Western Metro,ALP,ALP,ON,0.5643931686855355,0.4356068313144646,0.06439316868553546,ALP-ON,IND>OTH>GRN>LNP,0.5727313150120693,0.42726868498793064,IND>OTH>GRN>ON,0.5643931686855355,0.4356068313144646,IND>OTH>GRN>LNP,Higher ON,Stored OTH,False,0.0
Lowan,Western Victoria,LNP,LNP,ON,0.6102829082750739,0.38971709172492613,0.11028290827507392,LNP-ON,IND>OTH>ALP>GRN,0.19608314283572623,0.8039168571642737,IND>OTH>GRN>ON,0.2342817887152511,0.7657182112847489,IND>OTH>GRN>LNP,Western Victoria,LNP,LNP,ON,0.6102829082750739,0.38971709172492613,0.11028290827507392,LNP-ON,IND>OTH>ALP>GRN,0.19608314283572623,0.8039168571642737,IND>OTH>GRN>ON,0.2342817887152511,0.7657182112847489,IND>OTH>GRN>LNP,Higher ON,Stored OTH,False,0.0
Macedon,Northern Victoria,ALP,ON,ALP,0.5436256464126691,0.456374353587331,0.043625646412669083,ON-ALP,OTH>IND>GRN>LNP,0.46966555691846884,0.5303344430815312,OTH>IND>GRN>ON,0.456374353587331,0.5436256464126691,OTH>IND>GRN>LNP,Northern Victoria,ALP,ON,ALP,0.5436256464126691,0.456374353587331,0.043625646412669083,ON-ALP,OTH>IND>GRN>LNP,0.46966555691846884,0.5303344430815312,OTH>IND>GRN>ON,0.456374353587331,0.5436256464126691,OTH>IND>GRN>LNP,Higher ON,Stored OTH,False,0.0
Malvern,Southern Metro,LNP,LNP,GRN,0.6541613136788198,0.34583868632118014,0.1541613136788198,LNP-GRN,IND>OTH>ON>ALP,0.3499440666310066,0.6500559333689934,IND>OTH>ON>GRN,0.5877434775191622,0.41225652248083783,IND>OTH>GRN>LNP,Southern Metro,LNP,LNP,GRN,0.6541613136788198,0.34583868632118014,0.1541613136788198,LNP-GRN,IND>OTH>ON>ALP,0.3499440666310066,0.6500559333689934,IND>OTH>ON>GRN,0.5877434775191622,0.41225652248083783,IND>OTH>GRN>LNP,Higher ON,Stored OTH,False,0.0
Melbourne,Northern Metro,GRN,GRN,ALP,0.6291328689131899,0.37086713108681013,0.12913286891318987,GRN-ALP,IND>OTH>LNP>ON,0.6940930811507943,0.30590691884920573,IND>OTH>ON>GRN,0.7396362139795059,0.2603637860204942,IND>OTH>LNP>GRN,Northern Metro,GRN,GRN,ALP,0.6291328689131899,0.37086713108681013,0.12913286891318987,GRN-ALP,IND>OTH>LNP>ON,0.6940930811507943,0.30590691884920573,IND>OTH>ON>GRN,0.7396362139795059,0.2603637860204942,IND>OTH>LNP>GRN,Higher ON,Stored OTH,False,0.0
Melton,Western Victoria,ALP,ON,ALP,0.5823565541367313,0.41764344586326874,0.08235655413673126,ON-ALP,GRN>OTH>LNP>IND,0.40456534825372076,0.5954346517462792,GRN>OTH>IND>ON,0.41764344586326874,0.5823565541367313,GRN>OTH>LNP>IND,Western Victoria,ALP,ON,ALP,0.5823565541367313,0.41764344586326874,0.08235655413673126,ON-ALP,GRN>OTH>LNP>IND,0.40456534825372076,0.5954346517462792,GRN>OTH>IND>ON,0.41764344586326874,0.5823565541367313,GRN>OTH>LNP>IND,Higher ON,Stored OTH,False,0.0
Mildura,Northern Victoria,LNP,ON,IND,0.5247126071317634,0.4752873928682367,0.024712607131763376,ON-IND,OTH>ALP>GRN>LNP,0.2504602854700434,0.7495397145299566,OTH>GRN>ON>IND,0.3174428798797821,0.6825571201202179,OTH>GRN>LNP>IND,Northern Victoria,LNP,ON,IND,0.5247126071317634,0.4752873928682367,0.024712607131763376,ON-IND,OTH>ALP>GRN>LNP,0.2504602854700434,0.7495397145299566,OTH>GRN>ON>IND,0.3174428798797821,0.6825571201202179,OTH>GRN>LNP>IND,Higher ON,Stored OTH,False,0.0
Mill Park,North-Eastern Metro,ALP,ALP,ON,0.5204817529684062,0.4795182470315939,0.020481752968406153,ALP-ON,IND>OTH>GRN>LNP,0.542455330620177,0.457544669379823,IND>OTH>GRN>ON,0.5204817529684062,0.4795182470315939,IND>OTH>GRN>LNP,North-Eastern Metro,ALP,ALP,ON,0.5204817529684062,0.4795182470315939,0.020481752968406153,ALP-ON,IND>OTH>GRN>LNP,0.542455330620177,0.457544669379823,IND>OTH>GRN>ON,0.5204817529684062,0.4795182470315939,IND>OTH>GRN>LNP,Higher ON,Stored OTH,False,0.0
Monbulk,Eastern Victoria,ALP,LNP,ALP,0.5506170690066465,0.4493829309933534,0.05061706900664653,LNP-ALP,OTH>IND>GRN>ON,0.4493829309933534,0.5506170690066465,OTH>IND>GRN>ON,0.4408575237506573,0.5591424762493427,OTH>IND>GRN>LNP,Eastern Victoria,ALP,LNP,ALP,0.5506170690066465,0.4493829309933534,0.05061706900664653,LNP-ALP,OTH>IND>GRN>ON,0.4493829309933534,0.5506170690066465,OTH>IND>GRN>ON,0.4408575237506573,0.5591424762493427,OTH>IND>GRN>LNP,Higher ON,Stored OTH,False,0.0
Mordialloc,South-Eastern Metro,ALP,LNP,ALP,0.5056755218447313,0.4943244781552687,0.005675521844731302,LNP-ALP,OTH>IND>GRN>ON,0.4943244781552687,0.5056755218447313,OTH>IND>GRN>ON,0.5546219053516889,0.44537809464831113,OTH>IND>GRN>LNP,South-Eastern Metro,ALP,LNP,ALP,0.5056755218447313,0.4943244781552687,0.005675521844731302,LNP-ALP,OTH>IND>GRN>ON,0.4943244781552687,0.5056755218447313,OTH>IND>GRN>ON,0.5546219053516889,0.44537809464831113,OTH>IND>GRN>LNP,Higher ON,Stored OTH,False,0.0
Mornington,Eastern Victoria,LNP,LNP,IND,0.6412822610419122,0.35871773895808773,0.14128226104191222,LNP-IND,OTH>GRN>ALP>ON,0.30627950557199995,0.693720494428,OTH>GRN>IND>ON,0.33938054810921875,0.6606194518907813,OTH>GRN>IND>LNP,Eastern Victoria,LNP,LNP,IND,0.6412822610419122,0.35871773895808773,0.14128226104191222,LNP-IND,OTH>GRN>ALP>ON,0.30627950557199995,0.693720494428,OTH>GRN>IND>ON,0.33938054810921875,0.6606194518907813,OTH>GRN>IND>LNP,Higher ON,Stored OTH,False,0.0
Morwell,Eastern Victoria,LNP,ON,LNP,0.5427934360022338,0.4572065639977661,0.04279343600223384,ON-LNP,GRN>OTH>IND>ALP,0.3480584663476094,0.6519415336523906,GRN>OTH>IND>ON,0.31528158477491597,0.684718415225084,GRN>OTH>IND>LNP,Eastern Victoria,LNP,ON,LNP,0.5427934360022338,0.4572065639977661,0.04279343600223384,ON-LNP,GRN>OTH>IND>ALP,0.3480584663476094,0.6519415336523906,GRN>OTH>IND>ON,0.31528158477491597,0.684718415225084,GRN>OTH>IND>LNP,Higher ON,Stored OTH,False,0.0
Mulgrave,South-Eastern Metro,ALP,ALP,ON,0.5946060847321689,0.40539391526783103,0.09460608473216892,ALP-ON,OTH>GRN>IND>LNP,0.5957941745684777,0.40420582543152234,OTH>GRN>IND>ON,0.5946060847321689,0.40539391526783103,OTH>GRN>IND>LNP,South-Eastern Metro,ALP,ALP,ON,0.5946060847321689,0.40539391526783103,0.09460608473216892,ALP-ON,OTH>GRN>IND>LNP,0.5957941745684777,0.40420582543152234,OTH>GRN>IND>ON,0.5946060847321689,0.40539391526783103,OTH>GRN>IND>LNP,Higher ON,Stored OTH,False,0.0
Murray Plains,Northern Victoria,LNP,LNP,ON,0.5772420263856166,0.4227579736143834,0.07724202638561661,LNP-ON,IND>ALP>OTH>GRN,0.1649622400892639,0.8350377599107361,IND>GRN>OTH>ON,0.19358594519615482,0.8064140548038452,IND>GRN>OTH>LNP,Northern Victoria,LNP,LNP,ON,0.5772420263856166,0.4227579736143834,0.07724202638561661,LNP-ON,IND>ALP>OTH>GRN,0.1649622400892639,0.8350377599107361,IND>GRN>OTH>ON,0.19358594519615482,0.8064140548038452,IND>GRN>OTH>LNP,Higher ON,Stored OTH,False,0.0
Narracan,Eastern Victoria,LNP,LNP,ON,0.601209270352201,0.3987907296477991,0.10120927035220095,LNP-ON,OTH>IND>ALP>GRN,0.3487332793676861,0.651266720632314,OTH>IND>GRN>ON,0.36576684331363146,0.6342331566863685,OTH>IND>GRN>LNP,Eastern Victoria,LNP,LNP,ON,0.601209270352201,0.3987907296477991,0.10120927035220095,LNP-ON,OTH>IND>ALP>GRN,0.3487332793676861,0.651266720632314,OTH>IND>GRN>ON,0.36576684331363146,0.6342331566863685,OTH>IND>GRN>LNP,Higher ON,Stored OTH,False,0.0
Narre Warren North,South-Eastern Metro,ALP,ON,ALP,0.5111720110960881,0.4888279889039119,0.01117201109608812,ON-ALP,IND>OTH>GRN>LNP,0.5022005678489171,0.49779943215108285,IND>OTH>GRN>ON,0.4888279889039119,0.5111720110960881,IND>OTH>GRN>LNP,South-Eastern Metro,ALP,ON,ALP,0.5111720110960881,0.4888279889039119,0.01117201109608812,ON-ALP,IND>OTH>GRN>LNP,0.5022005678489171,0.49779943215108285,IND>OTH>GRN>ON,0.4888279889039119,0.5111720110960881,IND>OTH>GRN>LNP,Higher ON,Stored OTH,False,0.0
Narre Warren South,South-Eastern Metro,ALP,ON,ALP,0.5026189499741901,0.49738105002580985,0.002618949974190099,ON-ALP,IND>OTH>GRN>LNP,0.5017046690432154,0.4982953309567846,IND>OTH>GRN>ON,0.49738105002580985,0.5026189499741901,IND>OTH>GRN>LNP,South-Eastern Metro,ALP,ON,ALP,0.5026189499741901,0.49738105002580985,0.002618949974190099,ON-ALP,IND>OTH>GRN>LNP,0.5017046690432154,0.4982953309567846,IND>OTH>GRN>ON,0.49738105002580985,0.5026189499741901,IND>OTH>GRN>LNP,Higher ON,Stored OTH,False,0.0
Nepean,Eastern Victoria,LNP,LNP,ON,0.6274037921436294,0.37259620785637065,0.1274037921436294,LNP-ON,OTH>IND>GRN>ALP,0.32688347371379206,0.673116526286208,OTH>IND>GRN>ON,0.37267297034993585,0.6273270296500641,OTH>IND>GRN>LNP,Eastern Victoria,LNP,LNP,ON,0.6274037921436294,0.37259620785637065,0.1274037921436294,LNP-ON,OTH>IND>GRN>ALP,0.32688347371379206,0.673116526286208,OTH>IND>GRN>ON,0.37267297034993585,0.6273270296500641,OTH>IND>GRN>LNP,Higher ON,Stored OTH,False,0.0
Niddrie,Western Metro,ALP,ON,ALP,0.5008392929757576,0.49916070702424237,0.0008392929757575773,ON-ALP,IND>OTH>GRN>LNP,0.4651378766888293,0.5348621233111707,IND>OTH>GRN>ON,0.49916070702424237,0.5008392929757576,IND>OTH>GRN>LNP,Western Metro,ALP,ON,ALP,0.5008392929757576,0.49916070702424237,0.0008392929757575773,ON-ALP,IND>OTH>GRN>LNP,0.4651378766888293,0.5348621233111707,IND>OTH>GRN>ON,0.49916070702424237,0.5008392929757576,IND>OTH>GRN>LNP,Higher ON,Stored OTH,False,0.0
Northcote,Northern Metro,ALP,GRN,ALP,0.535488991306049,0.464511008693951,0.03548899130604899,GRN-ALP,IND>LNP>OTH>ON,0.731232659272111,0.26876734072788894,IND>OTH>ON>GRN,0.700442147411938,0.299557852588062,IND>LNP>OTH>GRN,Northern Metro,ALP,GRN,ALP,0.535488991306049,0.464511008693951,0.03548899130604899,GRN-ALP,IND>LNP>OTH>ON,0.731232659272111,0.26876734072788894,IND>OTH>ON>GRN,0.700442147411938,0.299557852588062,IND>LNP>OTH>GRN,Higher ON,Stored OTH,False,0.0
Oakleigh,Southern Metro,ALP,ALP,LNP,0.5442506196814105,0.4557493803185894,0.04425061968141053,ALP-LNP,OTH>IND>GRN>ON,0.5442506196814105,0.4557493803185894,OTH>IND>GRN>ON,0.592089999892463,0.407910000107537,OTH>IND>GRN>LNP,Southern Metro,ALP,ALP,LNP,0.5442506196814105,0.4557493803185894,0.04425061968141053,ALP-LNP,OTH>IND>GRN>ON,0.5442506196814105,0.4557493803185894,OTH>IND>GRN>ON,0.592089999892463,0.407910000107537,OTH>IND>GRN>LNP,Higher ON,Stored OTH,False,0.0
Ovens Valley,Northern Victoria,LNP,LNP,ON,0.5812362142478045,0.4187637857521955,0.08123621424780447,LNP-ON,IND>ALP>OTH>GRN,0.2391461121181052,0.7608538878818948,IND>OTH>GRN>ON,0.2525222290302942,0.7474777709697058,IND>OTH>GRN>LNP,Northern Victoria,LNP,LNP,ON,0.5812362142478045,0.4187637857521955,0.08123621424780447,LNP-ON,IND>ALP>OTH>GRN,0.2391461121181052,0.7608538878818948,IND>OTH>GRN>ON,0.2525222290302942,0.7474777709697058,IND>OTH>GRN>LNP,Higher ON,Stored OTH,False,0.0
Pakenham,Eastern Victoria,ALP,LNP,ON,0.5103475002353389,0.4896524997646612,0.010347500235338924,LNP-ON,IND>OTH>GRN>ALP,0.3831163413091843,0.6168836586908157,IND>OTH>GRN>ON,0.36234995208649123,0.6376500479135089,IND>OTH>GRN>LNP,Eastern Victoria,ALP,LNP,ON,0.5103475002353389,0.4896524997646612,0.010347500235338924,LNP-ON,IND>OTH>GRN>ALP,0.3831163413091843,0.6168836586908157,IND>OTH>GRN>ON,0.36234995208649123,0.6376500479135089,IND>OTH>GRN>LNP,Higher ON,Stored OTH,False,0.0
Pascoe Vale,Northern Metro,ALP,ALP,GRN,0.5157721809654792,0.4842278190345209,0.015772180965479166,ALP-GRN,OTH>IND>LNP>ON,0.6129848946107749,0.3870151053892252,OTH>IND>ON>GRN,0.6476080545528138,0.3523919454471862,OTH>IND>LNP>GRN,Northern Metro,ALP,ALP,GRN,0.5157721809654792,0.4842278190345209,0.015772180965479166,ALP-GRN,OTH>IND>LNP>ON,0.6129848946107749,0.3870151053892252,OTH>IND>ON>GRN,0.6476080545528138,0.3523919454471862,OTH>IND>LNP>GRN,Higher ON,Stored OTH,False,0.0
Point Cook,Western Metro,ALP,ON,ALP,0.5177112526794971,0.482288747320503,0.017711252679497136,ON-ALP,OTH>GRN>IND>LNP,0.5101087764447045,0.4898912235552955,OTH>GRN>IND>ON,0.482288747320503,0.5177112526794971,OTH>GRN>IND>LNP,Western Metro,ALP,ON,ALP,0.5177112526794971,0.482288747320503,0.017711252679497136,ON-ALP,OTH>GRN>IND>LNP,0.5101087764447045,0.4898912235552955,OTH>GRN>IND>ON,0.482288747320503,0.5177112526794971,OTH>GRN>IND>LNP,Higher ON,Stored OTH,False,0.0
Polwarth,Western Victoria,LNP,LNP,ON,0.652987989964385,0.34701201003561505,0.152987989964385,LNP-ON,IND>OTH>ALP>GRN,0.3677876779693903,0.6322123220306096,IND>OTH>GRN>ON,0.3969569718620589,0.6030430281379411,IND>OTH>GRN>LNP,Western Victoria,LNP,LNP,ON,0.652987989964385,0.34701201003561505,0.152987989964385,LNP-ON,IND>OTH>ALP>GRN,0.3677876779693903,0.6322123220306096,IND>OTH>GRN>ON,0.3969569718620589,0.6030430281379411,IND>OTH>GRN>LNP,Higher ON,Stored OTH,False,0.0
Prahran,Southern Metro,Greens,GRN,LNP,0.5563544184634177,0.44364558153658235,0.05635441846341771,GRN-LNP,IND>OTH>ALP>ON,0.5631074243126221,0.436892575687378,IND>OTH>ON>GRN,0.6677223017487561,0.3322776982512439,IND>OTH>LNP>GRN,Southern Metro,Greens,GRN,LNP,0.5563544184634177,0.44364558153658235,0.05635441846341771,GRN-LNP,IND>OTH>ALP>ON,0.5631074243126221,0.436892575687378,IND>OTH>ON>GRN,0.6677223017487561,0.3322776982512439,IND>OTH>LNP>GRN,Higher ON,Stored OTH,False,0.0
Preston,Northern Metro,ALP,ALP,ON,0.5951916584324656,0.4048083415675344,0.09519165843246558,ALP-ON,OTH>IND>LNP>GRN,0.591995734809214,0.4080042651907861,OTH>IND>GRN>ON,0.5951916584324656,0.4048083415675344,OTH>IND>LNP>GRN,Northern Metro,ALP,ALP,ON,0.5951916584324656,0.4048083415675344,0.09519165843246558,ALP-ON,OTH>IND>LNP>GRN,0.591995734809214,0.4080042651907861,OTH>IND>GRN>ON,0.5951916584324656,0.4048083415675344,OTH>IND>LNP>GRN,Higher ON,Stored OTH,False,0.0
Richmond,Northern Metro,GRN,GRN,ALP,0.5932769419954551,0.40672305800454484,0.09327694199545511,GRN-ALP,IND>OTH>LNP>ON,0.7300241086140896,0.2699758913859105,IND>OTH>ON>GRN,0.7533328040593176,0.24666719594068254,IND>OTH>LNP>GRN,Northern Metro,GRN,GRN,ALP,0.5932769419954551,0.40672305800454484,0.09327694199545511,GRN-ALP,IND>OTH>LNP>ON,0.7300241086140896,0.2699758913859105,IND>OTH>ON>GRN,0.7533328040593176,0.24666719594068254,IND>OTH>LNP>GRN,Higher ON,Stored OTH,False,0.0
Ringwood,North-Eastern Metro,LNP,LNP,ALP,0.5193984214570708,0.48060157854292923,0.019398421457070825,LNP-ALP,IND>OTH>ON>GRN,0.48060157854292923,0.5193984214570708,IND>OTH>ON>GRN,0.5596291994996836,0.44037080050031646,IND>OTH>GRN>LNP,North-Eastern Metro,LNP,LNP,ALP,0.5193984214570708,0.48060157854292923,0.019398421457070825,LNP-ALP,IND>OTH>ON>GRN,0.48060157854292923,0.5193984214570708,IND>OTH>ON>GRN,0.5596291994996836,0.44037080050031646,IND>OTH>GRN>LNP,Higher ON,Stored OTH,False,0.0
Ripon,Western Victoria,ALP,ON,ALP,0.6243611365566851,0.3756388634433148,0.12436113655668513,ON-ALP,IND>GRN>OTH>LNP,0.40654765585915614,0.5934523441408438,IND>GRN>OTH>ON,0.3756388634433148,0.6243611365566851,IND>GRN>OTH>LNP,Western Victoria,ALP,ON,ALP,0.6243611365566851,0.3756388634433148,0.12436113655668513,ON-ALP,IND>GRN>OTH>LNP,0.40654765585915614,0.5934523441408438,IND>GRN>OTH>ON,0.3756388634433148,0.6243611365566851,IND>GRN>OTH>LNP,Higher ON,Stored OTH,False,0.0
Rowville,South-Eastern Metro,LNP,LNP,ALP,0.6125964305313942,0.38740356946860577,0.11259643053139423,LNP-ALP,OTH>IND>GRN>ON,0.38740356946860577,0.6125964305313942,OTH>IND>GRN>ON,0.4866931290873919,0.5133068709126082,OTH>IND>GRN>LNP,South-Eastern Metro,LNP,LNP,ALP,0.6125964305313942,0.38740356946860577,0.11259643053139423,LNP-ALP,OTH>IND>GRN>ON,0.38740356946860577,0.6125964305313942,OTH>IND>GRN>ON,0.4866931290873919,0.5133068709126082,OTH>IND>GRN>LNP,Higher ON,Stored OTH,False,0.0
Sandringham,Southern Metro,LNP,LNP,GRN,0.6462462919469266,0.3537537080530735,0.14624629194692662,LNP-GRN,OTH>IND>ALP>ON,0.3637497545281525,0.6362502454718476,OTH>IND>GRN>ON,0.5145323365317539,0.48546766346824616,OTH>IND>GRN>LNP,Southern Metro,LNP,LNP,GRN,0.6462462919469266,0.3537537080530735,0.14624629194692662,LNP-GRN,OTH>IND>ALP>ON,0.3637497545281525,0.6362502454718476,OTH>IND>GRN>ON,0.5145323365317539,0.48546766346824616,OTH>IND>GRN>LNP,Higher ON,Stored OTH,False,0.0
Shepparton,Northern Victoria,LNP,LNP,ON,0.5459706880689988,0.4540293119310012,0.045970688068998844,LNP-ON,ALP>OTH>GRN>IND,0.24191402774404278,0.7580859722559572,OTH>GRN>IND>ON,0.2566928757265996,0.7433071242734004,OTH>GRN>IND>LNP,Northern Victoria,LNP,LNP,ON,0.5459706880689988,0.4540293119310012,0.045970688068998844,LNP-ON,ALP>OTH>GRN>IND,0.24191402774404278,0.7580859722559572,OTH>GRN>IND>ON,0.2566928757265996,0.7433071242734004,OTH>GRN>IND>LNP,Higher ON,Stored OTH,False,0.0
South Barwon,Western Victoria,ALP,LNP,ALP,0.5446953122714414,0.45530468772855864,0.04469531227144141,LNP-ALP,IND>OTH>GRN>ON,0.45530468772855864,0.5446953122714414,IND>OTH>GRN>ON,0.4830231350292667,0.5169768649707334,IND>OTH>GRN>LNP,Western Victoria,ALP,LNP,ALP,0.5446953122714414,0.45530468772855864,0.04469531227144141,LNP-ALP,IND>OTH>GRN>ON,0.45530468772855864,0.5446953122714414,IND>OTH>GRN>ON,0.4830231350292667,0.5169768649707334,IND>OTH>GRN>LNP,Higher ON,Stored OTH,False,0.0
South-West Coast,Western Victoria,LNP,LNP,IND,0.6138965326565562,0.3861034673434438,0.1138965326565562,LNP-IND,OTH>GRN>ALP>ON,0.3381828834592001,0.6618171165407999,OTH>GRN>ON>IND,0.33524755458622724,0.6647524454137728,OTH>GRN>IND>LNP,Western Victoria,LNP,LNP,IND,0.6138965326565562,0.3861034673434438,0.1138965326565562,LNP-IND,OTH>GRN>ALP>ON,0.3381828834592001,0.6618171165407999,OTH>GRN>ON>IND,0.33524755458622724,0.6647524454137728,OTH>GRN>IND>LNP,Higher ON,Stored OTH,False,0.0
St Albans,Western Metro,ALP,ALP,ON,0.5370534198982688,0.4629465801017312,0.037053419898268825,ALP-ON,IND>GRN>OTH>LNP,0.5365978266104133,0.46340217338958667,IND>GRN>OTH>ON,0.5370534198982688,0.4629465801017312,IND>GRN>OTH>LNP,Western Metro,ALP,ALP,ON,0.5370534198982688,0.4629465801017312,0.037053419898268825,ALP-ON,IND>GRN>OTH>LNP,0.5365978266104133,0.46340217338958667,IND>GRN>OTH>ON,0.5370534198982688,0.4629465801017312,IND>GRN>OTH>LNP,Higher ON,Stored OTH,False,0.0
Sunbury,Western Metro,ALP,ON,ALP,0.581089055288748,0.418910944711252,0.08108905528874799,ON-ALP,IND>OTH>GRN>LNP,0.43854972171307816,0.5614502782869218,IND>OTH>GRN>ON,0.418910944711252,0.581089055288748,IND>OTH>GRN>LNP,Western Metro,ALP,ON,ALP,0.581089055288748,0.418910944711252,0.08108905528874799,ON-ALP,IND>OTH>GRN>LNP,0.43854972171307816,0.5614502782869218,IND>OTH>GRN>ON,0.418910944711252,0.581089055288748,IND>OTH>GRN>LNP,Higher ON,Stored OTH,False,0.0
Sydenham,Western Metro,ALP,ON,ALP,0.5113542808085164,0.4886457191914836,0.011354280808516415,ON-ALP,IND>GRN>OTH>LNP,0.502672035569095,0.497327964430905,IND>GRN>OTH>ON,0.4886457191914836,0.5113542808085164,IND>GRN>OTH>LNP,Western Metro,ALP,ON,ALP,0.5113542808085164,0.4886457191914836,0.011354280808516415,ON-ALP,IND>GRN>OTH>LNP,0.502672035569095,0.497327964430905,IND>GRN>OTH>ON,0.4886457191914836,0.5113542808085164,IND>GRN>OTH>LNP,Higher ON,Stored OTH,False,0.0
Tarneit,Western Metro,ALP,ALP,ON,0.5261319619993079,0.47386803800069205,0.026131961999307896,ALP-ON,IND>OTH>GRN>LNP,0.5320444786671843,0.4679555213328157,IND>OTH>GRN>ON,0.5261319619993079,0.47386803800069205,IND>OTH>GRN>LNP,Western Metro,ALP,ALP,ON,0.5261319619993079,0.47386803800069205,0.026131961999307896,ALP-ON,IND>OTH>GRN>LNP,0.5320444786671843,0.4679555213328157,IND>OTH>GRN>ON,0.5261319619993079,0.47386803800069205,IND>OTH>GRN>LNP,Higher ON,Stored OTH,False,0.0
Thomastown,Northern Metro,ALP,ALP,ON,0.5543283596328449,0.44567164036715506,0.05432835963284488,ALP-ON,IND>OTH>GRN>LNP,0.5862574591642423,0.4137425408357578,IND>OTH>GRN>ON,0.5543283596328449,0.44567164036715506,IND>OTH>GRN>LNP,Northern Metro,ALP,ALP,ON,0.5543283596328449,0.44567164036715506,0.05432835963284488,ALP-ON,IND>OTH>GRN>LNP,0.5862574591642423,0.4137425408357578,IND>OTH>GRN>ON,0.5543283596328449,0.44567164036715506,IND>OTH>GRN>LNP,Higher ON,Stored OTH,False,0.0
Warrandyte,North-Eastern Metro,LNP,LNP,ALP,0.6372439041135332,0.3627560958864668,0.13724390411353315,LNP-ALP,IND>OTH>GRN>ON,0.3627560958864668,0.6372439041135332,IND>OTH>GRN>ON,0.49366379623104467,0.5063362037689553,IND>OTH>GRN>LNP,North-Eastern Metro,LNP,LNP,ALP,0.6372439041135332,0.3627560958864668,0.13724390411353315,LNP-ALP,IND>OTH>GRN>ON,0.3627560958864668,0.6372439041135332,IND>OTH>GRN>ON,0.49366379623104467,0.5063362037689553,IND>OTH>GRN>LNP,Higher ON,Stored OTH,False,0.0
Wendouree,Western Victoria,ALP,ON,ALP,0.5163336326961151,0.48366636730388496,0.016333632696115097,ON-ALP,IND>OTH>GRN>LNP,0.47688011912078954,0.5231198808792105,IND>OTH>GRN>ON,0.48366636730388496,0.5163336326961151,IND>OTH>GRN>LNP,Western Victoria,ALP,ON,ALP,0.5163336326961151,0.48366636730388496,0.016333632696115097,ON-ALP,IND>OTH>GRN>LNP,0.47688011912078954,0.5231198808792105,IND>OTH>GRN>ON,0.48366636730388496,0.5163336326961151,IND>OTH>GRN>LNP,Higher ON,Stored OTH,False,0.0
Werribee,Western Metro,ALP,ON,ALP,0.5572149719139258,0.4427850280860743,0.05721497191392577,ON-ALP,OTH>GRN>IND>LNP,0.48716199688984024,0.5128380031101598,OTH>GRN>IND>ON,0.4427850280860743,0.5572149719139258,OTH>GRN>IND>LNP,Western Metro,ALP,ON,ALP,0.5572149719139258,0.4427850280860743,0.05721497191392577,ON-ALP,OTH>GRN>IND>LNP,0.48716199688984024,0.5128380031101598,OTH>GRN>IND>ON,0.4427850280860743,0.5572149719139258,OTH>GRN>IND>LNP,Higher ON,Stored OTH,False,0.0
Williamstown,Western Metro,ALP,ALP,ON,0.5942789093683779,0.40572109063162204,0.0942789093683779,ALP-ON,IND>OTH>GRN>LNP,0.565706600224199,0.43429339977580095,IND>OTH>GRN>ON,0.5942789093683779,0.40572109063162204,IND>OTH>GRN>LNP,Western Metro,ALP,ALP,ON,0.5942789093683779,0.40572109063162204,0.0942789093683779,ALP-ON,IND>OTH>GRN>LNP,0.565706600224199,0.43429339977580095,IND>OTH>GRN>ON,0.5942789093683779,0.40572109063162204,IND>OTH>GRN>LNP,Higher ON,Stored OTH,False,0.0
Yan Yean,Northern Victoria,ALP,ON,ALP,0.559504122141509,0.44049587785849104,0.05950412214150902,ON-ALP,IND>GRN>OTH>LNP,0.45768141873277185,0.5423185812672282,IND>GRN>OTH>ON,0.44049587785849104,0.559504122141509,IND>GRN>OTH>LNP,Northern Victoria,ALP,ON,ALP,0.559504122141509,0.44049587785849104,0.05950412214150902,ON-ALP,IND>GRN>OTH>LNP,0.45768141873277185,0.5423185812672282,IND>GRN>OTH>ON,0.44049587785849104,0.559504122141509,IND>GRN>OTH>LNP,Higher ON,Stored OTH,False,0.0
Albert Park,Southern Metro,ALP,ALP,LNP,0.552271550627394,0.4477284493726061,0.05227155062739397,ALP-LNP,OTH>IND>ON>GRN,0.552271550627394,0.4477284493726061,OTH>IND>ON>GRN,0.6401377382243832,0.3598622617756168,OTH>IND>GRN>LNP,Southern Metro,ALP,ALP,LNP,0.5524298832441139,0.4475701167558861,0.052429883244113906,ALP-LNP,OTH>IND>ON>GRN,0.5524298832441139,0.4475701167558861,OTH>IND>ON>GRN,0.6397113534817712,0.3602886465182288,OTH>IND>GRN>LNP,Higher ON,PARAMS OTH,False,-0.015833261671993615
Ashwood,Southern Metro,ALP,LNP,ALP,0.5254587968327019,0.47454120316729814,0.025458796832701913,LNP-ALP,OTH>IND>ON>GRN,0.47454120316729814,0.5254587968327019,OTH>IND>ON>GRN,0.6011214015767479,0.39887859842325224,OTH>IND>GRN>LNP,Southern Metro,ALP,LNP,ALP,0.5254587968327015,0.4745412031672986,0.02545879683270147,LNP-ALP,OTH>IND>ON>GRN,0.4745412031672986,0.5254587968327015,OTH>IND>ON>GRN,0.6011214015767379,0.3988785984232622,OTH>IND>GRN>LNP,Higher ON,PARAMS OTH,False,-4.440892098500626e-14
Bass,Eastern Victoria,ALP,LNP,ON,0.5445789360913836,0.4554210639086164,0.044578936091383636,LNP-ON,OTH>IND>GRN>ALP,0.35530894443201555,0.6446910555679845,OTH>IND>GRN>ON,0.35656685199477695,0.6434331480052231,OTH>IND>GRN>LNP,Eastern Victoria,ALP,LNP,ON,0.5436185586695258,0.45638144133047426,0.0436185586695258,LNP-ON,OTH>IND>GRN>ALP,0.3555506701405301,0.6444493298594699,OTH>IND>GRN>ON,0.35617437917513034,0.6438256208248696,OTH>IND>GRN>LNP,Higher ON,PARAMS OTH,False,-0.024172570851455077
Bayswater,North-Eastern Metro,ALP,LNP,ALP,0.573059117806124,0.426940882193876,0.07305911780612395,LNP-ALP,IND>OTH>GRN>ON,0.426940882193876,0.573059117806124,IND>OTH>GRN>ON,0.4981307840899186,0.5018692159100814,IND>OTH>GRN>LNP,North-Eastern Metro,ALP,LNP,ALP,0.5728684125830814,0.42713158741691853,0.07286841258308141,LNP-ALP,IND>OTH>GRN>ON,0.42713158741691853,0.5728684125830814,IND>OTH>GRN>ON,0.49736626408884765,0.5026337359111523,IND>OTH>GRN>LNP,Higher ON,PARAMS OTH,False,-0.01907052230425421
Bellarine,Western Victoria,ALP,LNP,ALP,0.5199263698274585,0.48007363017254145,0.019926369827458545,LNP-ALP,OTH>IND>GRN>ON,0.48007363017254145,0.5199263698274585,OTH>IND>GRN>ON,0.5031953406763965,0.4968046593236035,OTH>IND>GRN>LNP,Western Victoria,ALP,LNP,ALP,0.5198985909534273,0.4801014090465727,0.019898590953427275,LNP-ALP,OTH>IND>GRN>ON,0.4801014090465727,0.5198985909534273,OTH>IND>GRN>ON,0.5030042142301919,0.49699578576980813,OTH>IND>GRN>LNP,Higher ON,PARAMS OTH,False,-0.0027778874031270107
Benambra,Northern Victoria,LNP,LNP,ON,0.5068917978971252,0.49310820210287476,0.00689179789712524,LNP-ON,ALP>OTH>GRN>IND,0.24967018894785323,0.7503298110521468,OTH>GRN>IND>ON,0.22695317415523042,0.7730468258447696,OTH>GRN>IND>LNP,Northern Victoria,LNP,LNP,ON,0.505900087637731,0.4940999123622691,0.0059000876377309774,LNP-ON,ALP>OTH>GRN>IND,0.2499668089884116,0.7500331910115885,OTH>GRN>IND>ON,0.22658862031495777,0.7734113796850423,OTH>GRN>IND>LNP,Higher ON,PARAMS OTH,False,-0.029662004055835967
Bendigo East,Northern Victoria,ALP,LNP,ALP,0.5079990799465617,0.49200092005343826,0.007999079946561682,LNP-ALP,OTH>IND>GRN>ON,0.49200092005343826,0.5079990799465617,OTH>IND>GRN>ON,0.5218677766544652,0.47813222334553485,OTH>IND>GRN>LNP,Northern Victoria,ALP,LNP,ALP,0.5079990799465617,0.49200092005343826,0.007999079946561682,LNP-ALP,OTH>IND>GRN>ON,0.49200092005343826,0.5079990799465617,OTH>IND>GRN>ON,0.5218677766544652,0.47813222334553485,OTH>IND>GRN>LNP,Higher ON,PARAMS OTH,False,0.0
Bendigo West,Northern Victoria,ALP,ALP,ON,0.5295484465159195,0.4704515534840805,0.02954844651591948,ALP-ON,IND>OTH>GRN>LNP,0.5309259971858286,0.4690740028141715,IND>OTH>GRN>ON,0.5295484465159195,0.4704515534840805,IND>OTH>GRN>LNP,Northern Victoria,ALP,ALP,ON,0.5295484465159195,0.4704515534840805,0.02954844651591948,ALP-ON,IND>OTH>GRN>LNP,0.5309259971858286,0.4690740028141715,IND>OTH>GRN>ON,0.5295484465159195,0.4704515534840805,IND>OTH>GRN>LNP,Higher ON,PARAMS OTH,False,0.0
Bentleigh,Southern Metro,ALP,LNP,ALP,0.5041081663422995,0.49589183365770045,0.004108166342299491,LNP-ALP,OTH>IND>GRN>ON,0.49589183365770045,0.5041081663422995,OTH>IND>GRN>ON,0.5870720249083979,0.4129279750916021,OTH>IND>GRN>LNP,Southern Metro,ALP,LNP,ALP,0.5041047124131043,0.49589528758689566,0.004104712413104283,LNP-ALP,OTH>IND>GRN>ON,0.49589528758689566,0.5041047124131043,OTH>IND>GRN>ON,0.5870564065939784,0.4129435934060216,OTH>IND>GRN>LNP,Higher ON,PARAMS OTH,False,-0.00034539291952073725
Berwick,South-Eastern Metro,LNP,LNP,ON,0.6026891403665863,0.39731085963341367,0.10268914036658627,LNP-ON,IND>OTH>GRN>ALP,0.34087537994540384,0.6591246200545962,IND>OTH>GRN>ON,0.3777950506914647,0.6222049493085354,IND>OTH>GRN>LNP,South-Eastern Metro,LNP,LNP,ON,0.6024500596814287,0.3975499403185714,0.10245005968142873,LNP-ON,IND>OTH>GRN>ALP,0.34092995427718764,0.6590700457228124,IND>OTH>GRN>ON,0.37767960276886337,0.6223203972311367,IND>OTH>GRN>LNP,Higher ON,PARAMS OTH,False,-0.005457433178379656
Box Hill,North-Eastern Metro,ALP,LNP,ALP,0.5134625927043082,0.4865374072956918,0.013462592704308163,LNP-ALP,IND>OTH>ON>GRN,0.4865374072956918,0.5134625927043082,IND>OTH>ON>GRN,0.6141583154597865,0.38584168454021356,IND>OTH>GRN>LNP,North-Eastern Metro,ALP,LNP,ALP,0.5134606255066082,0.48653937449339185,0.013460625506608204,LNP-ALP,IND>OTH>ON>GRN,0.48653937449339185,0.5134606255066082,IND>OTH>ON>GRN,0.6141157765727036,0.3858842234272965,IND>OTH>GRN>LNP,Higher ON,PARAMS OTH,False,-0.00019671977000701446
Brighton,Southern Metro,LNP,LNP,GRN,0.6082825670073351,0.391717432992665,0.10828256700733507,LNP-GRN,OTH>IND>ON>ALP,0.3847463611419058,0.6152536388580943,OTH>IND>ON>GRN,0.5828053361267781,0.41719466387322196,OTH>IND>GRN>LNP,Southern Metro,LNP,LNP,GRN,0.6082879031028021,0.39171209689719794,0.10828790310280212,LNP-GRN,OTH>IND>ON>ALP,0.3847925617772729,0.6152074382227272,OTH>IND>ON>GRN,0.582544348195742,0.4174556518042581,OTH>IND>GRN>LNP,Higher ON,PARAMS OTH,False,-0.004620063536708852
Broadmeadows,Northern Metro,ALP,ALP,ON,0.5462119598179362,0.4537880401820638,0.04621195981793624,ALP-ON,IND>GRN>OTH>LNP,0.5824645051397583,0.4175354948602418,IND>GRN>OTH>ON,0.5462119598179362,0.4537880401820638,IND>GRN>OTH>LNP,Northern Metro,ALP,ALP,ON,0.5447391054483413,0.45526089455165886,0.044739105448341254,ALP-ON,IND>GRN>OTH>LNP,0.5825004360450762,0.4174995639549239,IND>GRN>OTH>ON,0.5447391054483413,0.45526089455165886,IND>GRN>OTH>LNP,Higher ON,PARAMS OTH,False,-0.0035930905317838047
Brunswick,Northern Metro,GRN,GRN,ALP,0.6579758630743227,0.34202413692567746,0.15797586307432265,GRN-ALP,IND>LNP>OTH>ON,0.7687355705523201,0.23126442944768,IND>OTH>ON>GRN,0.7459830100691599,0.25401698993084015,IND>LNP>OTH>GRN,Northern Metro,GRN,GRN,ALP,0.657156337298706,0.342843662701294,0.15715633729870604,GRN-ALP,IND>LNP>OTH>ON,0.7687274031311954,0.23127259686880466,IND>OTH>ON>GRN,0.7433016985148846,0.2566983014851155,IND>LNP>OTH>GRN,Higher ON,PARAMS OTH,False,0.0008167421124749552
Bulleen,North-Eastern Metro,LNP,LNP,ALP,0.6441224078462086,0.3558775921537915,0.14412240784620856,LNP-ALP,OTH>IND>GRN>ON,0.3558775921537915,0.6441224078462086,OTH>IND>GRN>ON,0.5362910707565939,0.4637089292434061,OTH>IND>GRN>LNP,North-Eastern Metro,LNP,LNP,ALP,0.6441224078462059,0.35587759215379405,0.1441224078462059,LNP-ALP,OTH>IND>GRN>ON,0.35587759215379405,0.6441224078462059,OTH>IND>GRN>ON,0.536291070756583,0.46370892924341695,OTH>IND>GRN>LNP,Higher ON,PARAMS OTH,False,-2.55351295663786e-13
Bundoora,North-Eastern Metro,ALP,ALP,LNP,0.549871116075997,0.4501288839240029,0.049871116075997035,ALP-LNP,IND>OTH>GRN>ON,0.549871116075997,0.4501288839240029,IND>OTH>GRN>ON,0.6121493337929339,0.3878506662070661,IND>OTH>GRN>LNP,North-Eastern Metro,ALP,ALP,LNP,0.5500092952714096,0.4499907047285903,0.050009295271409626,ALP-LNP,IND>OTH>GRN>ON,0.5500092952714096,0.4499907047285903,IND>OTH>GRN>ON,0.6115617842144222,0.38843821578557775,IND>OTH>GRN>LNP,Higher ON,PARAMS OTH,False,-0.013817919541259105
Carrum,South-Eastern Metro,ALP,ON,ALP,0.5381232513145084,0.4618767486854916,0.038123251314508444,ON-ALP,IND>OTH>GRN>LNP,0.46648839361579214,0.5335116063842079,IND>OTH>GRN>ON,0.4618767486854916,0.5381232513145084,IND>OTH>GRN>LNP,South-Eastern Metro,ALP,ON,ALP,0.5384511827557577,0.4615488172442424,0.03845118275575765,ON-ALP,IND>OTH>GRN>LNP,0.4665764285418898,0.5334235714581103,IND>OTH>GRN>ON,0.4615488172442424,0.5384511827557577,IND>OTH>GRN>LNP,Higher ON,PARAMS OTH,False,-0.008803492609765762
Caulfield,Southern Metro,LNP,LNP,GRN,0.5991321417340713,0.40086785826592886,0.09913214173407126,LNP-GRN,OTH>IND>ON>ALP,0.40827775495182855,0.5917222450481715,OTH>IND>ON>GRN,0.5915875450802798,0.4084124549197203,OTH>IND>GRN>LNP,Southern Metro,LNP,LNP,GRN,0.5991321417340597,0.4008678582659404,0.09913214173405971,LNP-GRN,OTH>IND>ON>ALP,0.40827775495183866,0.5917222450481614,OTH>IND>ON>GRN,0.5915875450802565,0.40841245491974365,OTH>IND>GRN>LNP,Higher ON,PARAMS OTH,False,-1.0103029524088925e-12
Clarinda,South-Eastern Metro,ALP,ALP,ON,0.5663248907793448,0.43367510922065533,0.06632489077934478,ALP-ON,OTH>IND>GRN>LNP,0.5270088198868239,0.47299118011317615,OTH>IND>GRN>ON,0.5663248907793448,0.43367510922065533,OTH>IND>GRN>LNP,South-Eastern Metro,ALP,ALP,ON,0.5661955256966894,0.43380447430331065,0.0661955256966894,ALP-ON,OTH>IND>GRN>LNP,0.5270046692867143,0.47299533071328576,OTH>IND>GRN>ON,0.5661955256966894,0.43380447430331065,OTH>IND>GRN>LNP,Higher ON,PARAMS OTH,False,0.0004150600109609215
Cranbourne,South-Eastern Metro,ALP,ON,ALP,0.5321198714172698,0.46788012858273026,0.032119871417269796,ON-ALP,IND>GRN>OTH>LNP,0.48798288670035134,0.5120171132996487,IND>GRN>OTH>ON,0.46788012858273026,0.5321198714172698,IND>GRN>OTH>LNP,South-Eastern Metro,ALP,ON,ALP,0.5350675428744165,0.46493245712558356,0.03506754287441649,ON-ALP,IND>GRN>OTH>LNP,0.48806359819358297,0.5119364018064171,IND>GRN>OTH>ON,0.46493245712558356,0.5350675428744165,IND>GRN>OTH>LNP,Higher ON,PARAMS OTH,False,-0.008071149323163329
Croydon,North-Eastern Metro,LNP,LNP,ALP,0.6088372648476703,0.39116273515232963,0.10883726484767031,LNP-ALP,IND>OTH>GRN>ON,0.39116273515232963,0.6088372648476703,IND>OTH>GRN>ON,0.4797865040911023,0.5202134959088976,IND>OTH>GRN>LNP,North-Eastern Metro,LNP,LNP,ALP,0.6087477103441196,0.3912522896558804,0.10874771034411956,LNP-ALP,IND>OTH>GRN>ON,0.3912522896558804,0.6087477103441196,IND>OTH>GRN>ON,0.47908148491072744,0.5209185150892726,IND>OTH>GRN>LNP,Higher ON,PARAMS OTH,False,-0.008955450355074834
Dandenong,South-Eastern Metro,ALP,ALP,ON,0.5769161594411276,0.42308384055887244,0.07691615944112762,ALP-ON,IND>OTH>GRN>LNP,0.6012208460049366,0.3987791539950634,IND>OTH>GRN>ON,0.5769161594411276,0.42308384055887244,IND>OTH>GRN>LNP,South-Eastern Metro,ALP,ALP,ON,0.5762258510329159,0.42377414896708415,0.0762258510329159,ALP-ON,IND>OTH>GRN>LNP,0.6012376605711933,0.3987623394288066,IND>OTH>GRN>ON,0.5762258510329159,0.42377414896708415,IND>OTH>GRN>LNP,Higher ON,PARAMS OTH,False,-0.0016814566256684316
Eildon,Northern Victoria,LNP,LNP,ON,0.586035775276009,0.41396422472399097,0.08603577527600903,LNP-ON,IND>OTH>GRN>ALP,0.32437002842456,0.6756299715754401,IND>OTH>GRN>ON,0.3459044307837609,0.6540955692162392,IND>OTH>GRN>LNP,Northern Victoria,LNP,LNP,ON,0.5849972173616926,0.41500278263830737,0.08499721736169263,LNP-ON,IND>OTH>GRN>ALP,0.3245636371007872,0.6754363628992129,IND>OTH>GRN>ON,0.3454101460148177,0.6545898539851824,IND>OTH>GRN>LNP,Higher ON,PARAMS OTH,False,-0.019360867622719713
Eltham,North-Eastern Metro,ALP,LNP,ALP,0.5002285583311944,0.4997714416688056,0.00022855833119439506,LNP-ALP,OTH>IND>GRN>ON,0.4997714416688056,0.5002285583311944,OTH>IND>GRN>ON,0.5565740411277763,0.44342595887222375,OTH>IND>GRN>LNP,North-Eastern Metro,ALP,LNP,ALP,0.5002285583311916,0.49977144166880844,0.0002285583311916195,LNP-ALP,OTH>IND>GRN>ON,0.49977144166880844,0.5002285583311916,OTH>IND>GRN>ON,0.5565740411277664,0.4434259588722336,OTH>IND>GRN>LNP,Higher ON,PARAMS OTH,False,-2.831068712794149e-13
Essendon,Northern Metro,ALP,ALP,ON,0.5436236155860649,0.45637638441393524,0.04362361558606487,ALP-ON,IND>OTH>GRN>LNP,0.5098573970839819,0.4901426029160182,IND>OTH>GRN>ON,0.5436236155860649,0.45637638441393524,IND>OTH>GRN>LNP,Northern Metro,ALP,ALP,ON,0.5428461396064251,0.4571538603935748,0.04284613960642514,ALP-ON,IND>OTH>GRN>LNP,0.5098984352923717,0.4901015647076284,IND>OTH>GRN>ON,0.5428461396064251,0.4571538603935748,IND>OTH>GRN>LNP,Higher ON,PARAMS OTH,False,-0.004103820838974315
Eureka,Western Victoria,ALP,ON,ALP,0.5924492292213547,0.40755077077864527,0.09244922922135468,ON-ALP,IND>OTH>GRN>LNP,0.4365931087692121,0.5634068912307879,IND>OTH>GRN>ON,0.40755077077864527,0.5924492292213547,IND>OTH>GRN>LNP,Western Victoria,ALP,ON,ALP,0.593920681586887,0.4060793184131129,0.09392068158688704,ON-ALP,IND>OTH>GRN>LNP,0.4368120307399527,0.5631879692600473,IND>OTH>GRN>ON,0.4060793184131129,0.593920681586887,IND>OTH>GRN>LNP,Higher ON,PARAMS OTH,False,-0.021892197074058206
Euroa,Northern Victoria,LNP,LNP,ON,0.57281240216264,0.42718759783736004,0.07281240216263996,LNP-ON,IND>OTH>GRN>ALP,0.2849166104314959,0.7150833895685041,IND>OTH>GRN>ON,0.3104477242953414,0.6895522757046587,IND>OTH>GRN>LNP,Northern Victoria,LNP,LNP,ON,0.5720763979377735,0.42792360206222646,0.07207639793777354,LNP-ON,IND>OTH>GRN>ALP,0.28487635227365204,0.715123647726348,IND>OTH>GRN>ON,0.3101002350738491,0.689899764926151,IND>OTH>GRN>LNP,Higher ON,PARAMS OTH,False,0.004025815784386433
Evelyn,Eastern Victoria,LNP,LNP,ALP,0.6649979257278202,0.33500207427217976,0.16499792572782024,LNP-ALP,IND>OTH>GRN>ON,0.33500207427217976,0.6649979257278202,IND>OTH>GRN>ON,0.3830554363962613,0.6169445636037387,IND>OTH>GRN>LNP,Eastern Victoria,LNP,LNP,ALP,0.6649669599466836,0.33503304005331636,0.16496695994668364,LNP-ALP,IND>OTH>GRN>ON,0.33503304005331636,0.6649669599466836,IND>OTH>GRN>ON,0.38293081307529553,0.6170691869247045,IND>OTH>GRN>LNP,Higher ON,PARAMS OTH,False,-0.003096578113659376
Footscray,Western Metro,ALP,ALP,GRN,0.5319284037826638,0.46807159621733624,0.03192840378266382,ALP-GRN,IND>OTH>LNP>ON,0.6772349034648143,0.3227650965351857,IND>OTH>ON>GRN,0.7219735777355588,0.2780264222644413,IND>OTH>LNP>GRN,Western Metro,ALP,ALP,GRN,0.532531069374946,0.4674689306250541,0.03253106937494599,ALP-GRN,IND>OTH>LNP>ON,0.6773870672255178,0.3226129327744822,IND>OTH>ON>GRN,0.7197191662323364,0.2802808337676636,IND>OTH>LNP>GRN,Higher ON,PARAMS OTH,False,-0.015216376070348314
Frankston,South-Eastern Metro,ALP,ON,ALP,0.50745524920827,0.49254475079173,0.0074552492082700095,ON-ALP,IND>OTH>GRN>LNP,0.4864638492454364,0.5135361507545636,IND>OTH>GRN>ON,0.49254475079173,0.50745524920827,IND>OTH>GRN>LNP,South-Eastern Metro,ALP,ON,ALP,0.5085014340543785,0.49149856594562147,0.008501434054378532,ON-ALP,IND>OTH>GRN>LNP,0.48713597827992655,0.5128640217200735,IND>OTH>GRN>ON,0.49149856594562147,0.5085014340543785,IND>OTH>GRN>LNP,Higher ON,PARAMS OTH,False,-0.06721290344901543
Geelong,Western Victoria,ALP,ON,ALP,0.532690576873522,0.46730942312647805,0.03269057687352195,ON-ALP,OTH>IND>GRN>LNP,0.4902488918823468,0.5097511081176532,OTH>IND>GRN>ON,0.46730942312647805,0.532690576873522,OTH>IND>GRN>LNP,Western Victoria,ALP,ON,ALP,0.532690576873522,0.46730942312647805,0.03269057687352195,ON-ALP,OTH>IND>GRN>LNP,0.4902488918823468,0.5097511081176532,OTH>IND>GRN>ON,0.46730942312647805,0.532690576873522,OTH>IND>GRN>LNP,Higher ON,PARAMS OTH,False,0.0
Gippsland East,Eastern Victoria,LNP,LNP,ON,0.5790437036306498,0.4209562963693501,0.07904370363064983,LNP-ON,IND>OTH>ALP>GRN,0.18069390395302143,0.8193060960469786,IND>OTH>GRN>ON,0.2109691234304945,0.7890308765695054,IND>OTH>GRN>LNP,Eastern Victoria,LNP,LNP,ON,0.578340382007858,0.4216596179921421,0.07834038200785798,LNP-ON,IND>OTH>ALP>GRN,0.18063418038018442,0.8193658196198156,IND>OTH>GRN>ON,0.21042619597374349,0.7895738040262565,IND>OTH>GRN>LNP,Higher ON,PARAMS OTH,False,0.005972357283701157
Gippsland South,Eastern Victoria,LNP,LNP,ON,0.5685337294806252,0.43146627051937475,0.0685337294806252,LNP-ON,OTH>IND>GRN>ALP,0.24055801200892474,0.7594419879910753,OTH>IND>GRN>ON,0.2638072472931305,0.7361927527068695,OTH>IND>GRN>LNP,Eastern Victoria,LNP,LNP,ON,0.5681430244146084,0.43185697558539154,0.0681430244146084,LNP-ON,OTH>IND>GRN>ALP,0.24060821648526948,0.7593917835147305,OTH>IND>GRN>ON,0.2635979764215873,0.7364020235784127,OTH>IND>GRN>LNP,Higher ON,PARAMS OTH,False,-0.005020447634473957
Glen Waverley,North-Eastern Metro,ALP,LNP,ALP,0.5541862197202629,0.4458137802797371,0.05418621972026294,LNP-ALP,IND>OTH>GRN>ON,0.4458137802797371,0.5541862197202629,IND>OTH>GRN>ON,0.586874723377972,0.41312527662202814,IND>OTH>GRN>LNP,North-Eastern Metro,ALP,LNP,ALP,0.554132352346377,0.4458676476536231,0.05413235234637703,LNP-ALP,IND>OTH>GRN>ON,0.4458676476536231,0.554132352346377,IND>OTH>GRN>ON,0.5865932818884619,0.4134067181115381,IND>OTH>GRN>LNP,Higher ON,PARAMS OTH,False,-0.005386737388596297
Greenvale,Northern Metro,ALP,ALP,ON,0.5488402307042927,0.45115976929570745,0.048840230704292664,ALP-ON,IND>GRN>OTH>LNP,0.5464967460526562,0.4535032539473439,IND>GRN>OTH>ON,0.5488402307042927,0.45115976929570745,IND>GRN>OTH>LNP,Northern Metro,ALP,ALP,ON,0.5456103362765321,0.454389663723468,0.045610336276532104,ALP-ON,IND>GRN>OTH>LNP,0.5465833385592073,0.4534166614407928,IND>GRN>OTH>ON,0.5456103362765321,0.454389663723468,IND>GRN>OTH>LNP,Higher ON,PARAMS OTH,False,-0.008659250655107531
Hastings,Eastern Victoria,ALP,LNP,ON,0.550723412042913,0.44927658795708714,0.050723412042912974,LNP-ON,IND>OTH>GRN>ALP,0.3901307846888173,0.6098692153111828,IND>OTH>GRN>ON,0.3927143542511845,0.6072856457488156,IND>OTH>GRN>LNP,Eastern Victoria,ALP,LNP,ON,0.5492210386272698,0.45077896137273027,0.049221038627269786,LNP-ON,IND>OTH>GRN>ALP,0.3903004243785227,0.6096995756214774,IND>OTH>GRN>ON,0.3918855226601577,0.6081144773398424,IND>OTH>GRN>LNP,Higher ON,PARAMS OTH,False,-0.01696396897054031
Hawthorn,Southern Metro,LNP,LNP,GRN,0.644691992988266,0.35530800701173404,0.14469199298826596,LNP-GRN,OTH>ON>ALP>IND,0.42820449995270105,0.571795500047299,OTH>ON>IND>GRN,0.6282113534638357,0.37178864653616434,OTH>IND>GRN>LNP,Southern Metro,LNP,LNP,GRN,0.644686859850208,0.355313140149792,0.14468685985020802,LNP-GRN,OTH>ON>ALP>IND,0.4282080517436165,0.5717919482563836,OTH>ON>IND>GRN,0.6281923615423548,0.3718076384576452,OTH>IND>GRN>LNP,Higher ON,PARAMS OTH,False,-0.00035517909154347826
Ivanhoe,North-Eastern Metro,ALP,ALP,LNP,0.5417544348091613,0.45824556519083876,0.0417544348091613,ALP-LNP,OTH>IND>ON>GRN,0.5417544348091613,0.45824556519083876,OTH>IND>ON>GRN,0.6127934703225235,0.38720652967747654,OTH>IND>GRN>LNP,North-Eastern Metro,ALP,ALP,LNP,0.5417544348091617,0.4582455651908383,0.041754434809161745,ALP-LNP,OTH>IND>ON>GRN,0.5417544348091617,0.4582455651908383,OTH>IND>ON>GRN,0.6127934703225132,0.38720652967748675,OTH>IND>GRN>LNP,Higher ON,PARAMS OTH,False,-4.440892098500626e-14
Kalkallo,Northern Metro,ALP,ALP,ON,0.5360854057211865,0.4639145942788136,0.03608540572118646,ALP-ON,IND>GRN>OTH>LNP,0.5593941265700795,0.4406058734299206,IND>GRN>OTH>ON,0.5360854057211865,0.4639145942788136,IND>GRN>OTH>LNP,Northern Metro,ALP,ALP,ON,0.5339307239619003,0.4660692760380996,0.03393072396190033,ALP-ON,IND>GRN>OTH>LNP,0.5592740512381303,0.4407259487618697,IND>GRN>OTH>ON,0.5339307239619003,0.4660692760380996,IND>GRN>OTH>LNP,Higher ON,PARAMS OTH,False,0.012007533194913211
Kew,Southern Metro,LNP,LNP,IND,0.6294327132269414,0.37056728677305867,0.1294327132269414,LNP-IND,OTH>ON>GRN>ALP,0.4063793600645737,0.5936206399354264,OTH>ON>GRN>IND,0.6183845287863383,0.38161547121366174,OTH>GRN>IND>LNP,Southern Metro,LNP,LNP,IND,0.629432713222257,0.370567286777743,0.12943271322225702,LNP-IND,OTH>ON>GRN>ALP,0.4063793600688635,0.5936206399311366,OTH>ON>GRN>IND,0.6183845287613211,0.381615471238679,OTH>GRN>IND>LNP,Higher ON,PARAMS OTH,False,-4.2897907448491424e-10
Kororoit,Western Metro,ALP,ALP,ON,0.5405914342771577,0.45940856572284233,0.04059143427715772,ALP-ON,IND>GRN>OTH>LNP,0.5766111939871488,0.4233888060128513,IND>GRN>OTH>ON,0.5405914342771577,0.45940856572284233,IND>GRN>OTH>LNP,Western Metro,ALP,ALP,ON,0.5360625293741712,0.46393747062582885,0.036062529374171204,ALP-ON,IND>GRN>OTH>LNP,0.5767199887301402,0.42328001126985987,IND>GRN>OTH>ON,0.5360625293741712,0.46393747062582885,IND>GRN>OTH>LNP,Higher ON,PARAMS OTH,False,-0.010879474299141378
Lara,Western Victoria,ALP,ON,ALP,0.5525429649469239,0.44745703505307616,0.0525429649469239,ON-ALP,IND>OTH>GRN>LNP,0.5028194846502879,0.49718051534971214,IND>OTH>GRN>ON,0.44745703505307616,0.5525429649469239,IND>OTH>GRN>LNP,Western Victoria,ALP,ON,ALP,0.553357256464916,0.4466427435350841,0.05335725646491596,ON-ALP,IND>OTH>GRN>LNP,0.5029603419833335,0.49703965801666655,IND>OTH>GRN>ON,0.4466427435350841,0.553357256464916,IND>OTH>GRN>LNP,Higher ON,PARAMS OTH,False,-0.014085733304558534
Laverton,Western Metro,ALP,ALP,ON,0.5662509782463923,0.43374902175360774,0.06625097824639226,ALP-ON,IND>OTH>GRN>LNP,0.572772053553801,0.427227946446199,IND>OTH>GRN>ON,0.5662509782463923,0.43374902175360774,IND>OTH>GRN>LNP,Western Metro,ALP,ALP,ON,0.5643931686855355,0.4356068313144646,0.06439316868553546,ALP-ON,IND>OTH>GRN>LNP,0.5727313150120693,0.42726868498793064,IND>OTH>GRN>ON,0.5643931686855355,0.4356068313144646,IND>OTH>GRN>LNP,Higher ON,PARAMS OTH,False,0.004073854173169966
Lowan,Western Victoria,LNP,LNP,ON,0.6113137170783979,0.38868628292160207,0.11131371707839788,LNP-ON,IND>OTH>ALP>GRN,0.195962852009731,0.804037147990269,IND>OTH>GRN>ON,0.2348057749010604,0.7651942250989396,IND>OTH>GRN>LNP,Western Victoria,LNP,LNP,ON,0.6102829082750739,0.38971709172492613,0.11028290827507392,LNP-ON,IND>OTH>ALP>GRN,0.19608314283572623,0.8039168571642737,IND>OTH>GRN>ON,0.2342817887152511,0.7657182112847489,IND>OTH>GRN>LNP,Higher ON,PARAMS OTH,False,-0.012029082599523955
Macedon,Northern Victoria,ALP,ON,ALP,0.5434027880559668,0.4565972119440333,0.04340278805596676,ON-ALP,OTH>IND>GRN>LNP,0.46961257235378406,0.530387427646216,OTH>IND>GRN>ON,0.4565972119440333,0.5434027880559668,OTH>IND>GRN>LNP,Northern Victoria,ALP,ON,ALP,0.5436256464126691,0.456374353587331,0.043625646412669083,ON-ALP,OTH>IND>GRN>LNP,0.46966555691846884,0.5303344430815312,OTH>IND>GRN>ON,0.456374353587331,0.5436256464126691,OTH>IND>GRN>LNP,Higher ON,PARAMS OTH,False,-0.005298456468477708
Malvern,Southern Metro,LNP,LNP,GRN,0.6541695071067876,0.3458304928932125,0.15416950710678756,LNP-GRN,IND>OTH>ON>ALP,0.3499380725064715,0.6500619274935284,IND>OTH>ON>GRN,0.587803234840382,0.41219676515961806,IND>OTH>GRN>LNP,Southern Metro,LNP,LNP,GRN,0.6541613136788198,0.34583868632118014,0.1541613136788198,LNP-GRN,IND>OTH>ON>ALP,0.3499440666310066,0.6500559333689934,IND>OTH>ON>GRN,0.5877434775191622,0.41225652248083783,IND>OTH>GRN>LNP,Higher ON,PARAMS OTH,False,-0.0005994124535058099
Melbourne,Northern Metro,GRN,GRN,ALP,0.6296189566824514,0.37038104331754856,0.12961895668245138,GRN-ALP,IND>OTH>LNP>ON,0.6939822206881677,0.3060177793118322,IND>OTH>ON>GRN,0.7412929943432278,0.2587070056567721,IND>OTH>LNP>GRN,Northern Metro,GRN,GRN,ALP,0.6291328689131899,0.37086713108681013,0.12913286891318987,GRN-ALP,IND>OTH>LNP>ON,0.6940930811507943,0.30590691884920573,IND>OTH>ON>GRN,0.7396362139795059,0.2603637860204942,IND>OTH>LNP>GRN,Higher ON,PARAMS OTH,False,-0.01108604626265386
Melton,Western Victoria,ALP,ON,ALP,0.5798512249608113,0.4201487750391888,0.07985122496081132,ON-ALP,GRN>OTH>LNP>IND,0.40472885392812036,0.5952711460718797,GRN>OTH>IND>ON,0.4201487750391888,0.5798512249608113,GRN>OTH>LNP>IND,Western Victoria,ALP,ON,ALP,0.5823565541367313,0.41764344586326874,0.08235655413673126,ON-ALP,GRN>OTH>LNP>IND,0.40456534825372076,0.5954346517462792,GRN>OTH>IND>ON,0.41764344586326874,0.5823565541367313,GRN>OTH>LNP>IND,Higher ON,PARAMS OTH,False,0.016350567439959995
Mildura,Northern Victoria,LNP,ON,IND,0.5247126071077122,0.4752873928922878,0.02471260710771217,ON-IND,OTH>ALP>GRN>LNP,0.2504602854706141,0.749539714529386,OTH>GRN>ON>IND,0.31744287990057946,0.6825571200994206,OTH>GRN>LNP>IND,Northern Victoria,LNP,ON,IND,0.5247126071317634,0.4752873928682367,0.024712607131763376,ON-IND,OTH>ALP>GRN>LNP,0.2504602854700434,0.7495397145299566,OTH>GRN>ON>IND,0.3174428798797821,0.6825571201202179,OTH>GRN>LNP>IND,Higher ON,PARAMS OTH,False,5.707101458085617e-11
Mill Park,North-Eastern Metro,ALP,ALP,ON,0.5213241202198096,0.4786758797801905,0.02132412021980956,ALP-ON,IND>OTH>GRN>LNP,0.5423937435015311,0.4576062564984689,IND>OTH>GRN>ON,0.5213241202198096,0.4786758797801905,IND>OTH>GRN>LNP,North-Eastern Metro,ALP,ALP,ON,0.5204817529684062,0.4795182470315939,0.020481752968406153,ALP-ON,IND>OTH>GRN>LNP,0.542455330620177,0.457544669379823,IND>OTH>GRN>ON,0.5204817529684062,0.4795182470315939,IND>OTH>GRN>LNP,Higher ON,PARAMS OTH,False,-0.00615871186459005
Monbulk,Eastern Victoria,ALP,LNP,ALP,0.5506771414701419,0.44932285852985815,0.050677141470141907,LNP-ALP,OTH>IND>GRN>ON,0.44932285852985815,0.5506771414701419,OTH>IND>GRN>ON,0.44107431856983487,0.5589256814301651,OTH>IND>GRN>LNP,Eastern Victoria,ALP,LNP,ALP,0.5506170690066465,0.4493829309933534,0.05061706900664653,LNP-ALP,OTH>IND>GRN>ON,0.4493829309933534,0.5506170690066465,OTH>IND>GRN>ON,0.4408575237506573,0.5591424762493427,OTH>IND>GRN>LNP,Higher ON,PARAMS OTH,False,-0.0060072463495264294
Mordialloc,South-Eastern Metro,ALP,LNP,ALP,0.5056793781123288,0.4943206218876712,0.00567937811232877,LNP-ALP,OTH>IND>GRN>ON,0.4943206218876712,0.5056793781123288,OTH>IND>GRN>ON,0.5547530765025925,0.44524692349740747,OTH>IND>GRN>LNP,South-Eastern Metro,ALP,LNP,ALP,0.5056755218447313,0.4943244781552687,0.005675521844731302,LNP-ALP,OTH>IND>GRN>ON,0.4943244781552687,0.5056755218447313,OTH>IND>GRN>ON,0.5546219053516889,0.44537809464831113,OTH>IND>GRN>LNP,Higher ON,PARAMS OTH,False,-0.0003856267597523999
Mornington,Eastern Victoria,LNP,LNP,IND,0.6412822610475231,0.35871773895247694,0.14128226104752306,LNP-IND,OTH>GRN>ALP>ON,0.30627950556426853,0.6937204944357315,OTH>GRN>IND>ON,0.3393805481204193,0.6606194518795807,OTH>GRN>IND>LNP,Eastern Victoria,LNP,LNP,IND,0.6412822610419122,0.35871773895808773,0.14128226104191222,LNP-IND,OTH>GRN>ALP>ON,0.30627950557199995,0.693720494428,OTH>GRN>IND>ON,0.33938054810921875,0.6606194518907813,OTH>GRN>IND>LNP,Higher ON,PARAMS OTH,False,-7.731426610035896e-10
Morwell,Eastern Victoria,LNP,ON,LNP,0.5427934360022338,0.4572065639977661,0.04279343600223384,ON-LNP,GRN>OTH>IND>ALP,0.3480584663476094,0.6519415336523906,GRN>OTH>IND>ON,0.31528158477491597,0.684718415225084,GRN>OTH>IND>LNP,Eastern Victoria,LNP,ON,LNP,0.5427934360022338,0.4572065639977661,0.04279343600223384,ON-LNP,GRN>OTH>IND>ALP,0.3480584663476094,0.6519415336523906,GRN>OTH>IND>ON,0.31528158477491597,0.684718415225084,GRN>OTH>IND>LNP,Higher ON,PARAMS OTH,False,0.0
Mulgrave,South-Eastern Metro,ALP,ALP,ON,0.5946060847519685,0.40539391524803153,0.09460608475196852,ALP-ON,OTH>GRN>IND>LNP,0.5957941745640419,0.4042058254359582,OTH>GRN>IND>ON,0.5946060847519685,0.40539391524803153,OTH>GRN>IND>LNP,South-Eastern Metro,ALP,ALP,ON,0.5946060847321689,0.40539391526783103,0.09460608473216892,ALP-ON,OTH>GRN>IND>LNP,0.5957941745684777,0.40420582543152234,OTH>GRN>IND>ON,0.5946060847321689,0.40539391526783103,OTH>GRN>IND>LNP,Higher ON,PARAMS OTH,False,-4.4357850725873504e-10
Murray Plains,Northern Victoria,LNP,LNP,ON,0.5787228007107112,0.42127719928928875,0.07872280071071125,LNP-ON,IND>ALP>OTH>GRN,0.16526754623124948,0.8347324537687505,IND>GRN>OTH>ON,0.1963612849145817,0.8036387150854183,IND>GRN>OTH>LNP,Northern Victoria,LNP,LNP,ON,0.5772420263856166,0.4227579736143834,0.07724202638561661,LNP-ON,IND>ALP>OTH>GRN,0.1649622400892639,0.8350377599107361,IND>GRN>OTH>ON,0.19358594519615482,0.8064140548038452,IND>GRN>OTH>LNP,Higher ON,PARAMS OTH,False,0.030530614198556738
Narracan,Eastern Victoria,LNP,LNP,ON,0.601209270352201,0.3987907296477991,0.10120927035220095,LNP-ON,OTH>IND>ALP>GRN,0.3487332793676861,0.651266720632314,OTH>IND>GRN>ON,0.36576684331363146,0.6342331566863685,OTH>IND>GRN>LNP,Eastern Victoria,LNP,LNP,ON,0.601209270352201,0.3987907296477991,0.10120927035220095,LNP-ON,OTH>IND>ALP>GRN,0.3487332793676861,0.651266720632314,OTH>IND>GRN>ON,0.36576684331363146,0.6342331566863685,OTH>IND>GRN>LNP,Higher ON,PARAMS OTH,False,0.0
Narre Warren North,South-Eastern Metro,ALP,ON,ALP,0.5104166163533396,0.4895833836466604,0.01041661635333957,ON-ALP,IND>OTH>GRN>LNP,0.5021675724744252,0.49783242752557477,IND>OTH>GRN>ON,0.4895833836466604,0.5104166163533396,IND>OTH>GRN>LNP,South-Eastern Metro,ALP,ON,ALP,0.5111720110960881,0.4888279889039119,0.01117201109608812,ON-ALP,IND>OTH>GRN>LNP,0.5022005678489171,0.49779943215108285,IND>OTH>GRN>ON,0.4888279889039119,0.5111720110960881,IND>OTH>GRN>LNP,Higher ON,PARAMS OTH,False,-0.0032995374491862073
Narre Warren South,South-Eastern Metro,ALP,ON,ALP,0.5019376762844124,0.4980623237155875,0.0019376762844124373,ON-ALP,IND>OTH>GRN>LNP,0.5016759306762044,0.4983240693237956,IND>OTH>GRN>ON,0.4980623237155875,0.5019376762844124,IND>OTH>GRN>LNP,South-Eastern Metro,ALP,ON,ALP,0.5026189499741901,0.49738105002580985,0.002618949974190099,ON-ALP,IND>OTH>GRN>LNP,0.5017046690432154,0.4982953309567846,IND>OTH>GRN>ON,0.49738105002580985,0.5026189499741901,IND>OTH>GRN>LNP,Higher ON,PARAMS OTH,False,-0.0028738367011005295
Nepean,Eastern Victoria,LNP,LNP,ON,0.6274037921580383,0.3725962078419617,0.12740379215803832,LNP-ON,OTH>IND>GRN>ALP,0.32688347371084553,0.6731165262891545,OTH>IND>GRN>ON,0.37267297035724223,0.6273270296427578,OTH>IND>GRN>LNP,Eastern Victoria,LNP,LNP,ON,0.6274037921436294,0.37259620785637065,0.1274037921436294,LNP-ON,OTH>IND>GRN>ALP,0.32688347371379206,0.673116526286208,OTH>IND>GRN>ON,0.37267297034993585,0.6273270296500641,OTH>IND>GRN>LNP,Higher ON,PARAMS OTH,False,-2.9465319073551655e-10
Niddrie,Western Metro,ALP,ALP,ON,0.5000947905083545,0.49990520949164546,9.479050835448088e-05,ALP-ON,IND>OTH>GRN>LNP,0.46504476296076086,0.5349552370392391,IND>OTH>GRN>ON,0.5000947905083545,0.49990520949164546,IND>OTH>GRN>LNP,Western Metro,ALP,ON,ALP,0.5008392929757576,0.49916070702424237,0.0008392929757575773,ON-ALP,IND>OTH>GRN>LNP,0.4651378766888293,0.5348621233111707,IND>OTH>GRN>ON,0.49916070702424237,0.5008392929757576,IND>OTH>GRN>LNP,Higher ON,PARAMS OTH,True,-0.009311372806841689
Northcote,Northern Metro,ALP,GRN,ALP,0.5359385513272847,0.4640614486727152,0.03593855132728474,GRN-ALP,IND>LNP>OTH>ON,0.7310897876725989,0.26891021232740114,IND>OTH>ON>GRN,0.7026375939546817,0.2973624060453182,IND>LNP>OTH>GRN,Northern Metro,ALP,GRN,ALP,0.535488991306049,0.464511008693951,0.03548899130604899,GRN-ALP,IND>LNP>OTH>ON,0.731232659272111,0.26876734072788894,IND>OTH>ON>GRN,0.700442147411938,0.299557852588062,IND>LNP>OTH>GRN,Higher ON,PARAMS OTH,False,-0.01428715995120955
Oakleigh,Southern Metro,ALP,ALP,LNP,0.5442506196814089,0.4557493803185911,0.044250619681408865,ALP-LNP,OTH>IND>GRN>ON,0.5442506196814089,0.4557493803185911,OTH>IND>GRN>ON,0.5920899998924811,0.4079100001075188,OTH>IND>GRN>LNP,Southern Metro,ALP,ALP,LNP,0.5442506196814105,0.4557493803185894,0.04425061968141053,ALP-LNP,OTH>IND>GRN>ON,0.5442506196814105,0.4557493803185894,OTH>IND>GRN>ON,0.592089999892463,0.407910000107537,OTH>IND>GRN>LNP,Higher ON,PARAMS OTH,False,-1.6653345369377348e-13
Ovens Valley,Northern Victoria,LNP,LNP,ON,0.5869807893280514,0.4130192106719486,0.08698078932805142,LNP-ON,IND>ALP>OTH>GRN,0.23784068491407195,0.762159315085928,IND>OTH>GRN>ON,0.2542448696956411,0.7457551303043589,IND>OTH>GRN>LNP,Northern Victoria,LNP,LNP,ON,0.5812362142478045,0.4187637857521955,0.08123621424780447,LNP-ON,IND>ALP>OTH>GRN,0.2391461121181052,0.7608538878818948,IND>OTH>GRN>ON,0.2525222290302942,0.7474777709697058,IND>OTH>GRN>LNP,Higher ON,PARAMS OTH,False,-0.13054272040332326
Pakenham,Eastern Victoria,ALP,LNP,ON,0.5117059491905496,0.4882940508094505,0.01170594919054957,LNP-ON,IND>OTH>GRN>ALP,0.383007856180667,0.6169921438193331,IND>OTH>GRN>ON,0.36321104563776496,0.636788954362235,IND>OTH>GRN>LNP,Eastern Victoria,ALP,LNP,ON,0.5103475002353389,0.4896524997646612,0.010347500235338924,LNP-ON,IND>OTH>GRN>ALP,0.3831163413091843,0.6168836586908157,IND>OTH>GRN>ON,0.36234995208649123,0.6376500479135089,IND>OTH>GRN>LNP,Higher ON,PARAMS OTH,False,-0.010848512851729941
Pascoe Vale,Northern Metro,ALP,ALP,GRN,0.5156251765641797,0.48437482343582033,0.01562517656417972,ALP-GRN,OTH>IND>LNP>ON,0.6129616621861008,0.38703833781389924,OTH>IND>ON>GRN,0.648498409757582,0.35150159024241795,OTH>IND>LNP>GRN,Northern Metro,ALP,ALP,GRN,0.5157721809654792,0.4842278190345209,0.015772180965479166,ALP-GRN,OTH>IND>LNP>ON,0.6129848946107749,0.3870151053892252,OTH>IND>ON>GRN,0.6476080545528138,0.3523919454471862,OTH>IND>LNP>GRN,Higher ON,PARAMS OTH,False,-0.002323242467405784
Point Cook,Western Metro,ALP,ON,ALP,0.5164032346478706,0.4835967653521295,0.016403234647870635,ON-ALP,OTH>GRN>IND>LNP,0.5101408944416104,0.4898591055583897,OTH>GRN>IND>ON,0.4835967653521295,0.5164032346478706,OTH>GRN>IND>LNP,Western Metro,ALP,ON,ALP,0.5177112526794971,0.482288747320503,0.017711252679497136,ON-ALP,OTH>GRN>IND>LNP,0.5101087764447045,0.4898912235552955,OTH>GRN>IND>ON,0.482288747320503,0.5177112526794971,OTH>GRN>IND>LNP,Higher ON,PARAMS OTH,False,0.0032117996905833834
Polwarth,Western Victoria,LNP,LNP,ON,0.6538358066087477,0.34616419339125226,0.15383580660874774,LNP-ON,IND>OTH>ALP>GRN,0.36781717133475983,0.6321828286652401,IND>OTH>GRN>ON,0.3974765089895796,0.6025234910104204,IND>OTH>GRN>LNP,Western Victoria,LNP,LNP,ON,0.652987989964385,0.34701201003561505,0.152987989964385,LNP-ON,IND>OTH>ALP>GRN,0.3677876779693903,0.6322123220306096,IND>OTH>GRN>ON,0.3969569718620589,0.6030430281379411,IND>OTH>GRN>LNP,Higher ON,PARAMS OTH,False,0.0029493365369503977
Prahran,Southern Metro,Greens,GRN,LNP,0.5562771576145947,0.4437228423854053,0.05627715761459473,GRN-LNP,IND>OTH>ALP>ON,0.5630503174987022,0.4369496825012979,IND>OTH>ON>GRN,0.6684148856518071,0.331585114348193,IND>OTH>LNP>GRN,Southern Metro,Greens,GRN,LNP,0.5563544184634177,0.44364558153658235,0.05635441846341771,GRN-LNP,IND>OTH>ALP>ON,0.5631074243126221,0.436892575687378,IND>OTH>ON>GRN,0.6677223017487561,0.3322776982512439,IND>OTH>LNP>GRN,Higher ON,PARAMS OTH,False,-0.005710681391990491
Preston,Northern Metro,ALP,ALP,ON,0.5973753925909754,0.40262460740902467,0.09737539259097538,ALP-ON,OTH>IND>LNP>GRN,0.5918952028308857,0.40810479716911435,OTH>IND>GRN>ON,0.5973753925909754,0.40262460740902467,OTH>IND>LNP>GRN,Northern Metro,ALP,ALP,ON,0.5951916584324656,0.4048083415675344,0.09519165843246558,ALP-ON,OTH>IND>LNP>GRN,0.591995734809214,0.4080042651907861,OTH>IND>GRN>ON,0.5951916584324656,0.4048083415675344,OTH>IND>LNP>GRN,Higher ON,PARAMS OTH,False,-0.010053197832826655
Richmond,Northern Metro,GRN,GRN,ALP,0.593708652324421,0.4062913476755789,0.09370865232442105,GRN-ALP,IND>OTH>LNP>ON,0.7299108162772734,0.2700891837227267,IND>OTH>ON>GRN,0.7550823093299693,0.24491769067003075,IND>OTH>LNP>GRN,Northern Metro,GRN,GRN,ALP,0.5932769419954551,0.40672305800454484,0.09327694199545511,GRN-ALP,IND>OTH>LNP>ON,0.7300241086140896,0.2699758913859105,IND>OTH>ON>GRN,0.7533328040593176,0.24666719594068254,IND>OTH>LNP>GRN,Higher ON,PARAMS OTH,False,-0.011329233681622863
Ringwood,North-Eastern Metro,LNP,LNP,ALP,0.5194213650563809,0.48057863494361913,0.019421365056380924,LNP-ALP,IND>OTH>ON>GRN,0.48057863494361913,0.5194213650563809,IND>OTH>ON>GRN,0.5601362884898688,0.4398637115101312,IND>OTH>GRN>LNP,North-Eastern Metro,LNP,LNP,ALP,0.5193984214570708,0.48060157854292923,0.019398421457070825,LNP-ALP,IND>OTH>ON>GRN,0.48060157854292923,0.5193984214570708,IND>OTH>ON>GRN,0.5596291994996836,0.44037080050031646,IND>OTH>GRN>LNP,Higher ON,PARAMS OTH,False,-0.002294359931009904
Ripon,Western Victoria,ALP,ON,ALP,0.6195504249140846,0.38044957508591537,0.11955042491408463,ON-ALP,IND>GRN>OTH>LNP,0.4070005458810757,0.5929994541189243,IND>GRN>OTH>ON,0.38044957508591537,0.6195504249140846,IND>GRN>OTH>LNP,Western Victoria,ALP,ON,ALP,0.6243611365566851,0.3756388634433148,0.12436113655668513,ON-ALP,IND>GRN>OTH>LNP,0.40654765585915614,0.5934523441408438,IND>GRN>OTH>ON,0.3756388634433148,0.6243611365566851,IND>GRN>OTH>LNP,Higher ON,PARAMS OTH,False,0.045289002191956085
Rowville,South-Eastern Metro,LNP,LNP,ALP,0.6125964305313971,0.38740356946860294,0.11259643053139712,LNP-ALP,OTH>IND>GRN>ON,0.38740356946860294,0.6125964305313971,OTH>IND>GRN>ON,0.4866931290874096,0.5133068709125905,OTH>IND>GRN>LNP,South-Eastern Metro,LNP,LNP,ALP,0.6125964305313942,0.38740356946860577,0.11259643053139423,LNP-ALP,OTH>IND>GRN>ON,0.38740356946860577,0.6125964305313942,OTH>IND>GRN>ON,0.4866931290873919,0.5133068709126082,OTH>IND>GRN>LNP,Higher ON,PARAMS OTH,False,-2.831068712794149e-13
Sandringham,Southern Metro,LNP,LNP,GRN,0.6462757575847862,0.35372424241521394,0.14627575758478617,LNP-GRN,OTH>IND>ALP>ON,0.3637102790106916,0.6362897209893085,OTH>IND>GRN>ON,0.5148627473097596,0.48513725269024055,OTH>IND>GRN>LNP,Southern Metro,LNP,LNP,GRN,0.6462462919469266,0.3537537080530735,0.14624629194692662,LNP-GRN,OTH>IND>ALP>ON,0.3637497545281525,0.6362502454718476,OTH>IND>GRN>ON,0.5145323365317539,0.48546766346824616,OTH>IND>GRN>LNP,Higher ON,PARAMS OTH,False,-0.0039475517460918486
Shepparton,Northern Victoria,LNP,LNP,ON,0.5459706880689988,0.4540293119310012,0.045970688068998844,LNP-ON,ALP>OTH>GRN>IND,0.24191402774404278,0.7580859722559572,OTH>GRN>IND>ON,0.2566928757265996,0.7433071242734004,OTH>GRN>IND>LNP,Northern Victoria,LNP,LNP,ON,0.5459706880689988,0.4540293119310012,0.045970688068998844,LNP-ON,ALP>OTH>GRN>IND,0.24191402774404278,0.7580859722559572,OTH>GRN>IND>ON,0.2566928757265996,0.7433071242734004,OTH>GRN>IND>LNP,Higher ON,PARAMS OTH,False,0.0
South Barwon,Western Victoria,ALP,LNP,ALP,0.5446953122714414,0.45530468772855864,0.04469531227144141,LNP-ALP,IND>OTH>GRN>ON,0.45530468772855864,0.5446953122714414,IND>OTH>GRN>ON,0.4830231350292667,0.5169768649707334,IND>OTH>GRN>LNP,Western Victoria,ALP,LNP,ALP,0.5446953122714414,0.45530468772855864,0.04469531227144141,LNP-ALP,IND>OTH>GRN>ON,0.45530468772855864,0.5446953122714414,IND>OTH>GRN>ON,0.4830231350292667,0.5169768649707334,IND>OTH>GRN>LNP,Higher ON,PARAMS OTH,False,0.0
South-West Coast,Western Victoria,LNP,LNP,IND,0.6138815911279597,0.38611840887204024,0.1138815911279597,LNP-IND,OTH>GRN>ALP>ON,0.3381836468103531,0.6618163531896468,OTH>GRN>ON>IND,0.3352934174576029,0.6647065825423971,OTH>GRN>IND>LNP,Western Victoria,LNP,LNP,IND,0.6138965326565562,0.3861034673434438,0.1138965326565562,LNP-IND,OTH>GRN>ALP>ON,0.3381828834592001,0.6618171165407999,OTH>GRN>ON>IND,0.33524755458622724,0.6647524454137728,OTH>GRN>IND>LNP,Higher ON,PARAMS OTH,False,7.633511530102943e-05
St Albans,Western Metro,ALP,ALP,ON,0.5390669514789307,0.46093304852106937,0.03906695147893069,ALP-ON,IND>GRN>OTH>LNP,0.5364127830469241,0.4635872169530759,IND>GRN>OTH>ON,0.5390669514789307,0.46093304852106937,IND>GRN>OTH>LNP,Western Metro,ALP,ALP,ON,0.5370534198982688,0.4629465801017312,0.037053419898268825,ALP-ON,IND>GRN>OTH>LNP,0.5365978266104133,0.46340217338958667,IND>GRN>OTH>ON,0.5370534198982688,0.4629465801017312,IND>GRN>OTH>LNP,Higher ON,PARAMS OTH,False,-0.01850435634892511
Sunbury,Western Metro,ALP,ON,ALP,0.5805186919200517,0.4194813080799483,0.08051869192005168,ON-ALP,IND>OTH>GRN>LNP,0.43845862570176997,0.56154137429823,IND>OTH>GRN>ON,0.4194813080799483,0.5805186919200517,IND>OTH>GRN>LNP,Western Metro,ALP,ON,ALP,0.581089055288748,0.418910944711252,0.08108905528874799,ON-ALP,IND>OTH>GRN>LNP,0.43854972171307816,0.5614502782869218,IND>OTH>GRN>ON,0.418910944711252,0.581089055288748,IND>OTH>GRN>LNP,Higher ON,PARAMS OTH,False,-0.009109601130818934
Sydenham,Western Metro,ALP,ON,ALP,0.5083394245677654,0.4916605754322347,0.008339424567765374,ON-ALP,IND>GRN>OTH>LNP,0.5025963618588026,0.4974036381411974,IND>GRN>OTH>ON,0.4916605754322347,0.5083394245677654,IND>GRN>OTH>LNP,Western Metro,ALP,ON,ALP,0.5113542808085164,0.4886457191914836,0.011354280808516415,ON-ALP,IND>GRN>OTH>LNP,0.502672035569095,0.497327964430905,IND>GRN>OTH>ON,0.4886457191914836,0.5113542808085164,IND>GRN>OTH>LNP,Higher ON,PARAMS OTH,False,-0.007567371029237879
Tarneit,Western Metro,ALP,ALP,ON,0.5272726013147843,0.47272739868521574,0.02727260131478426,ALP-ON,IND>OTH>GRN>LNP,0.5319477240087149,0.468052275991285,IND>OTH>GRN>ON,0.5272726013147843,0.47272739868521574,IND>OTH>GRN>LNP,Western Metro,ALP,ALP,ON,0.5261319619993079,0.47386803800069205,0.026131961999307896,ALP-ON,IND>OTH>GRN>LNP,0.5320444786671843,0.4679555213328157,IND>OTH>GRN>ON,0.5261319619993079,0.47386803800069205,IND>OTH>GRN>LNP,Higher ON,PARAMS OTH,False,-0.009675465846936682
Thomastown,Northern Metro,ALP,ALP,ON,0.5552676215724228,0.4447323784275773,0.05526762157242282,ALP-ON,IND>OTH>GRN>LNP,0.5862278453734298,0.41377215462657035,IND>OTH>GRN>ON,0.5552676215724228,0.4447323784275773,IND>OTH>GRN>LNP,Northern Metro,ALP,ALP,ON,0.5543283596328449,0.44567164036715506,0.05432835963284488,ALP-ON,IND>OTH>GRN>LNP,0.5862574591642423,0.4137425408357578,IND>OTH>GRN>ON,0.5543283596328449,0.44567164036715506,IND>OTH>GRN>LNP,Higher ON,PARAMS OTH,False,-0.0029613790812565988
Warrandyte,North-Eastern Metro,LNP,LNP,ALP,0.6372452907986005,0.36275470920139946,0.13724529079860048,LNP-ALP,IND>OTH>GRN>ON,0.36275470920139946,0.6372452907986005,IND>OTH>GRN>ON,0.49366683163627095,0.506333168363729,IND>OTH>GRN>LNP,North-Eastern Metro,LNP,LNP,ALP,0.6372439041135332,0.3627560958864668,0.13724390411353315,LNP-ALP,IND>OTH>GRN>ON,0.3627560958864668,0.6372439041135332,IND>OTH>GRN>ON,0.49366379623104467,0.5063362037689553,IND>OTH>GRN>LNP,Higher ON,PARAMS OTH,False,-0.00013866850673283082
Wendouree,Western Victoria,ALP,ON,ALP,0.5163336326961151,0.48366636730388496,0.016333632696115097,ON-ALP,IND>OTH>GRN>LNP,0.47688011912078954,0.5231198808792105,IND>OTH>GRN>ON,0.48366636730388496,0.5163336326961151,IND>OTH>GRN>LNP,Western Victoria,ALP,ON,ALP,0.5163336326961151,0.48366636730388496,0.016333632696115097,ON-ALP,IND>OTH>GRN>LNP,0.47688011912078954,0.5231198808792105,IND>OTH>GRN>ON,0.48366636730388496,0.5163336326961151,IND>OTH>GRN>LNP,Higher ON,PARAMS OTH,False,0.0
Werribee,Western Metro,ALP,ON,ALP,0.5561922189094795,0.4438077810905206,0.05619221890947945,ON-ALP,OTH>GRN>IND>LNP,0.487265412621841,0.512734587378159,OTH>GRN>IND>ON,0.4438077810905206,0.5561922189094795,OTH>GRN>IND>LNP,Western Metro,ALP,ON,ALP,0.5572149719139258,0.4427850280860743,0.05721497191392577,ON-ALP,OTH>GRN>IND>LNP,0.48716199688984024,0.5128380031101598,OTH>GRN>IND>ON,0.4427850280860743,0.5572149719139258,OTH>GRN>IND>LNP,Higher ON,PARAMS OTH,False,0.01034157320007334
Williamstown,Western Metro,ALP,ALP,ON,0.5954008036752588,0.40459919632474123,0.09540080367525883,ALP-ON,IND>OTH>GRN>LNP,0.5655520395801528,0.43444796041984723,IND>OTH>GRN>ON,0.5954008036752588,0.40459919632474123,IND>OTH>GRN>LNP,Western Metro,ALP,ALP,ON,0.5942789093683779,0.40572109063162204,0.0942789093683779,ALP-ON,IND>OTH>GRN>LNP,0.565706600224199,0.43429339977580095,IND>OTH>GRN>ON,0.5942789093683779,0.40572109063162204,IND>OTH>GRN>LNP,Higher ON,PARAMS OTH,False,-0.015456064404628655
Yan Yean,Northern Victoria,ALP,ON,ALP,0.5570542165556353,0.4429457834443648,0.05705421655563525,ON-ALP,IND>GRN>OTH>LNP,0.457824573137612,0.5421754268623881,IND>GRN>OTH>ON,0.4429457834443648,0.5570542165556353,IND>GRN>OTH>LNP,Northern Victoria,ALP,ON,ALP,0.559504122141509,0.44049587785849104,0.05950412214150902,ON-ALP,IND>GRN>OTH>LNP,0.45768141873277185,0.5423185812672282,IND>GRN>OTH>ON,0.44049587785849104,0.559504122141509,IND>GRN>OTH>LNP,Higher ON,PARAMS OTH,False,0.014315440484014008
