district,region,held_by,winner,runner_up,winner_pct,runner_up_pct,margin,matchup,elimination_order,ALP_2PP,LNP_2PP,forced_2pp_elimination_order,ALP_ON_2CP,ON_ALP_2CP,forced_alp_on_2cp_elimination_order,winner_central,matchup_central,margin_central,ALP_2PP_central,Configuration,Winner changed,ALP 2PP change (pp)
Albert Park,Southern Metro,ALP,ALP,LNP,0.5592345694182232,0.44076543058177675,0.05923456941822325,ALP-LNP,OTH>IND>ON>GRN,0.5592345694182232,0.44076543058177675,OTH>IND>ON>GRN,0.6525574189649149,0.34744258103508513,OTH>IND>GRN>LNP,ALP,ALP-LNP,0.05923456941822325,0.5592345694182232,Central model,False,0.0
Ashwood,Southern Metro,ALP,LNP,ALP,0.5201536958210672,0.4798463041789328,0.020153695821067186,LNP-ALP,OTH>IND>ON>GRN,0.4798463041789328,0.5201536958210672,OTH>IND>ON>GRN,0.6107100262811523,0.3892899737188476,OTH>IND>GRN>LNP,LNP,LNP-ALP,0.020153695821067186,0.4798463041789328,Central model,False,0.0
Bass,Eastern Victoria,ALP,LNP,ON,0.5609112528575069,0.43908874714249324,0.06091125285750687,LNP-ON,OTH>IND>GRN>ALP,0.36262781834297036,0.6373721816570297,OTH>IND>GRN>ON,0.36447043106063115,0.6355295689393688,OTH>IND>GRN>LNP,LNP,LNP-ON,0.06091125285750687,0.36262781834297036,Central model,False,0.0
Bayswater,North-Eastern Metro,ALP,LNP,ALP,0.5640363279466437,0.4359636720533563,0.06403632794664371,LNP-ALP,IND>OTH>GRN>ON,0.4359636720533563,0.5640363279466437,IND>OTH>GRN>ON,0.5067546680359375,0.49324533196406256,IND>OTH>GRN>LNP,LNP,LNP-ALP,0.06403632794664371,0.4359636720533563,Central model,False,0.0
Bellarine,Western Victoria,ALP,LNP,ALP,0.5130952863660638,0.4869047136339363,0.01309528636606383,LNP-ALP,OTH>IND>GRN>ON,0.4869047136339363,0.5130952863660638,OTH>IND>GRN>ON,0.5074991828479894,0.4925008171520105,OTH>IND>GRN>LNP,LNP,LNP-ALP,0.01309528636606383,0.4869047136339363,Central model,False,0.0
Benambra,Northern Victoria,LNP,LNP,IND,0.580341500614289,0.419658499385711,0.08034150061428902,LNP-IND,ALP>OTH>GRN>ON,0.25366584770960654,0.7463341522903935,OTH>GRN>ON>IND,0.32826400717723647,0.6717359928227635,OTH>GRN>LNP>IND,LNP,LNP-IND,0.08034150061428902,0.25366584770960654,Central model,False,0.0
Bendigo East,Northern Victoria,ALP,ALP,LNP,0.5007998373286483,0.4992001626713517,0.0007998373286483007,ALP-LNP,OTH>IND>GRN>ON,0.5007998373286483,0.4992001626713517,OTH>IND>GRN>ON,0.5320192214998004,0.4679807785001996,OTH>IND>GRN>LNP,ALP,ALP-LNP,0.0007998373286483007,0.5007998373286483,Central model,False,0.0
Bendigo West,Northern Victoria,ALP,ALP,ON,0.5365160776009222,0.46348392239907776,0.03651607760092224,ALP-ON,IND>OTH>GRN>LNP,0.5388486066873914,0.4611513933126086,IND>OTH>GRN>ON,0.5365160776009222,0.46348392239907776,IND>OTH>GRN>LNP,ALP,ALP-ON,0.03651607760092224,0.5388486066873914,Central model,False,0.0
Bentleigh,Southern Metro,ALP,ALP,LNP,0.5043239386196254,0.4956760613803745,0.004323938619625434,ALP-LNP,OTH>IND>GRN>ON,0.5043239386196254,0.4956760613803745,OTH>IND>GRN>ON,0.5970696763939307,0.40293032360606923,OTH>IND>GRN>LNP,ALP,ALP-LNP,0.004323938619625434,0.5043239386196254,Central model,False,0.0
Berwick,South-Eastern Metro,LNP,LNP,ALP,0.6522058557804676,0.3477941442195324,0.15220585578046764,LNP-ALP,IND>OTH>GRN>ON,0.3477941442195324,0.6522058557804676,IND>OTH>GRN>ON,0.3886704703864139,0.6113295296135861,IND>OTH>GRN>LNP,LNP,LNP-ALP,0.15220585578046764,0.3477941442195324,Central model,False,0.0
Box Hill,North-Eastern Metro,ALP,LNP,ALP,0.5082041919855385,0.49179580801446154,0.008204191985538456,LNP-ALP,IND>OTH>ON>GRN,0.49179580801446154,0.5082041919855385,IND>OTH>ON>GRN,0.618181560109147,0.3818184398908529,IND>OTH>GRN>LNP,LNP,LNP-ALP,0.008204191985538456,0.49179580801446154,Central model,False,0.0
Brighton,Southern Metro,LNP,LNP,GRN,0.5951831863161878,0.4048168136838122,0.09518318631618783,LNP-GRN,OTH>IND>ON>ALP,0.39476731238287915,0.6052326876171209,OTH>IND>ON>GRN,0.5930953530349353,0.4069046469650646,OTH>IND>GRN>LNP,LNP,LNP-GRN,0.09518318631618783,0.39476731238287915,Central model,False,0.0
Broadmeadows,Northern Metro,ALP,ALP,ON,0.5543491151057597,0.44565088489424026,0.05434911510575968,ALP-ON,IND>GRN>OTH>LNP,0.5922522445439949,0.407747755456005,IND>GRN>OTH>ON,0.5543491151057597,0.44565088489424026,IND>GRN>OTH>LNP,ALP,ALP-ON,0.05434911510575968,0.5922522445439949,Central model,False,0.0
Brunswick,Northern Metro,GRN,GRN,ALP,0.6593091739944518,0.34069082600554823,0.15930917399445177,GRN-ALP,IND>LNP>OTH>ON,0.7744157015773374,0.2255842984226625,IND>OTH>ON>GRN,0.7598897973612909,0.24011020263870897,IND>LNP>OTH>GRN,GRN,GRN-ALP,0.15930917399445177,0.7744157015773374,Central model,False,0.0
Bulleen,North-Eastern Metro,LNP,LNP,ALP,0.63768026752982,0.3623197324701799,0.13768026752982,LNP-ALP,OTH>IND>GRN>ON,0.3623197324701799,0.63768026752982,OTH>IND>GRN>ON,0.5444118509488696,0.4555881490511305,OTH>IND>GRN>LNP,LNP,LNP-ALP,0.13768026752982,0.3623197324701799,Central model,False,0.0
Bundoora,North-Eastern Metro,ALP,ALP,LNP,0.5401784186482322,0.4598215813517678,0.04017841864823224,ALP-LNP,IND>OTH>GRN>ON,0.5401784186482322,0.4598215813517678,IND>OTH>GRN>ON,0.5797288230121226,0.4202711769878774,IND>OTH>GRN>LNP,ALP,ALP-LNP,0.04017841864823224,0.5401784186482322,Central model,False,0.0
Carrum,South-Eastern Metro,ALP,ON,ALP,0.528685690309956,0.4713143096900439,0.028685690309956047,ON-ALP,IND>OTH>GRN>LNP,0.47621444755648196,0.5237855524435181,IND>OTH>GRN>ON,0.4713143096900439,0.528685690309956,IND>OTH>GRN>LNP,ON,ON-ALP,0.028685690309956047,0.47621444755648196,Central model,False,0.0
Caulfield,Southern Metro,LNP,LNP,GRN,0.5885322433708975,0.41146775662910257,0.08853224337089749,LNP-GRN,OTH>IND>ON>ALP,0.4163136755177302,0.5836863244822699,OTH>IND>ON>GRN,0.6046701164235725,0.3953298835764275,OTH>IND>GRN>LNP,LNP,LNP-GRN,0.08853224337089749,0.4163136755177302,Central model,False,0.0
Clarinda,South-Eastern Metro,ALP,ALP,LNP,0.5313490501323648,0.4686509498676352,0.031349050132364775,ALP-LNP,OTH>GRN>IND>ON,0.5313490501323648,0.4686509498676352,OTH>GRN>IND>ON,0.577869630020175,0.422130369979825,OTH>GRN>IND>LNP,ALP,ALP-LNP,0.031349050132364775,0.5313490501323648,Central model,False,0.0
Cranbourne,South-Eastern Metro,ALP,ON,ALP,0.5199978181941328,0.4800021818058673,0.01999781819413282,ON-ALP,IND>GRN>OTH>LNP,0.4966074260921617,0.5033925739078384,IND>GRN>OTH>ON,0.4800021818058673,0.5199978181941328,IND>GRN>OTH>LNP,ON,ON-ALP,0.01999781819413282,0.4966074260921617,Central model,False,0.0
Croydon,North-Eastern Metro,LNP,LNP,ALP,0.6024613729719234,0.3975386270280766,0.10246137297192337,LNP-ALP,IND>OTH>GRN>ON,0.3975386270280766,0.6024613729719234,IND>OTH>GRN>ON,0.4891457277083405,0.5108542722916595,IND>OTH>GRN>LNP,LNP,LNP-ALP,0.10246137297192337,0.3975386270280766,Central model,False,0.0
Dandenong,South-Eastern Metro,ALP,ALP,ON,0.5909804621676886,0.4090195378323113,0.09098046216768862,ALP-ON,IND>OTH>GRN>LNP,0.6101929839512263,0.3898070160487736,IND>OTH>GRN>ON,0.5909804621676886,0.4090195378323113,IND>OTH>GRN>LNP,ALP,ALP-ON,0.09098046216768862,0.6101929839512263,Central model,False,0.0
Eildon,Northern Victoria,LNP,LNP,ON,0.5994798556501374,0.40052014434986266,0.0994798556501374,LNP-ON,IND>OTH>GRN>ALP,0.3319057843679647,0.6680942156320353,IND>OTH>GRN>ON,0.352713136510667,0.6472868634893331,IND>OTH>GRN>LNP,LNP,LNP-ON,0.0994798556501374,0.3319057843679647,Central model,False,0.0
Eltham,North-Eastern Metro,ALP,ALP,LNP,0.5065145595242302,0.4934854404757699,0.00651455952423019,ALP-LNP,IND>OTH>GRN>ON,0.5065145595242302,0.4934854404757699,IND>OTH>GRN>ON,0.5691345153317879,0.4308654846682122,IND>OTH>GRN>LNP,ALP,ALP-LNP,0.00651455952423019,0.5065145595242302,Central model,False,0.0
Essendon,Northern Metro,ALP,ALP,LNP,0.5196079450017506,0.4803920549982494,0.01960794500175056,ALP-LNP,IND>OTH>GRN>ON,0.5196079450017506,0.4803920549982494,IND>OTH>GRN>ON,0.5560517072268428,0.4439482927731571,IND>OTH>GRN>LNP,ALP,ALP-LNP,0.01960794500175056,0.5196079450017506,Central model,False,0.0
Eureka,Western Victoria,ALP,ON,ALP,0.5846373451444425,0.4153626548555574,0.08463734514444254,ON-ALP,IND>OTH>GRN>LNP,0.4454385157396719,0.5545614842603281,IND>OTH>GRN>ON,0.4153626548555574,0.5846373451444425,IND>OTH>GRN>LNP,ON,ON-ALP,0.08463734514444254,0.4454385157396719,Central model,False,0.0
Euroa,Northern Victoria,LNP,LNP,ON,0.5935578052869601,0.40644219471303994,0.09355780528696012,LNP-ON,IND>OTH>GRN>ALP,0.28828207895569535,0.7117179210443046,IND>OTH>GRN>ON,0.32071248815588077,0.6792875118441192,IND>OTH>GRN>LNP,LNP,LNP-ON,0.09355780528696012,0.28828207895569535,Central model,False,0.0
Evelyn,Eastern Victoria,LNP,LNP,ALP,0.6568279936188475,0.3431720063811526,0.15682799361884747,LNP-ALP,IND>OTH>GRN>ON,0.3431720063811526,0.6568279936188475,IND>OTH>GRN>ON,0.3905891264788452,0.6094108735211549,IND>OTH>GRN>LNP,LNP,LNP-ALP,0.15682799361884747,0.3431720063811526,Central model,False,0.0
Footscray,Western Metro,ALP,ALP,GRN,0.5276323702460709,0.47236762975392904,0.027632370246070903,ALP-GRN,IND>OTH>LNP>ON,0.6842710472180838,0.3157289527819162,IND>OTH>ON>GRN,0.7383201214009523,0.2616798785990477,IND>OTH>LNP>GRN,ALP,ALP-GRN,0.027632370246070903,0.6842710472180838,Central model,False,0.0
Frankston,South-Eastern Metro,ALP,ALP,ON,0.5038300643171725,0.4961699356828276,0.003830064317172477,ALP-ON,IND>OTH>GRN>LNP,0.4968822042256543,0.5031177957743457,IND>OTH>GRN>ON,0.5038300643171725,0.4961699356828276,IND>OTH>GRN>LNP,ALP,ALP-ON,0.003830064317172477,0.4968822042256543,Central model,False,0.0
Geelong,Western Victoria,ALP,ON,ALP,0.51845138477951,0.48154861522049,0.018451384779510027,ON-ALP,OTH>IND>GRN>LNP,0.5013031741653313,0.49869682583466873,OTH>IND>GRN>ON,0.48154861522049,0.51845138477951,OTH>IND>GRN>LNP,ON,ON-ALP,0.018451384779510027,0.5013031741653313,Central model,False,0.0
Gippsland East,Eastern Victoria,LNP,LNP,ON,0.5974003269581529,0.40259967304184713,0.09740032695815293,LNP-ON,IND>ALP>OTH>GRN,0.1859586341037342,0.8140413658962659,IND>OTH>GRN>ON,0.22145730482736925,0.7785426951726307,IND>OTH>GRN>LNP,LNP,LNP-ON,0.09740032695815293,0.1859586341037342,Central model,False,0.0
Gippsland South,Eastern Victoria,LNP,LNP,ON,0.5886787301066788,0.41132126989332113,0.08867873010667882,LNP-ON,OTH>IND>GRN>ALP,0.24394450187296812,0.7560554981270319,OTH>IND>GRN>ON,0.27040468850325616,0.7295953114967438,OTH>IND>GRN>LNP,LNP,LNP-ON,0.08867873010667882,0.24394450187296812,Central model,False,0.0
Glen Waverley,North-Eastern Metro,ALP,LNP,ALP,0.5487828554409593,0.45121714455904083,0.04878285544095928,LNP-ALP,IND>OTH>GRN>ON,0.45121714455904083,0.5487828554409593,IND>OTH>GRN>ON,0.5937593673149058,0.4062406326850942,IND>OTH>GRN>LNP,LNP,LNP-ALP,0.04878285544095928,0.45121714455904083,Central model,False,0.0
Greenvale,Northern Metro,ALP,ALP,ON,0.5524953340360116,0.4475046659639885,0.05249533403601159,ALP-ON,IND>GRN>OTH>LNP,0.5527690930731672,0.4472309069268328,IND>GRN>OTH>ON,0.5524953340360116,0.4475046659639885,IND>GRN>OTH>LNP,ALP,ALP-ON,0.05249533403601159,0.5527690930731672,Central model,False,0.0
Hastings,Eastern Victoria,ALP,LNP,ALP,0.6030184035052389,0.39698159649476106,0.10301840350523894,LNP-ALP,IND>OTH>GRN>ON,0.39698159649476106,0.6030184035052389,IND>OTH>GRN>ON,0.4003214318368661,0.5996785681631339,IND>OTH>GRN>LNP,LNP,LNP-ALP,0.10301840350523894,0.39698159649476106,Central model,False,0.0
Hawthorn,Southern Metro,LNP,LNP,GRN,0.6395452766278076,0.36045472337219236,0.13954527662780758,LNP-GRN,OTH>ON>ALP>IND,0.4593923064002629,0.540607693599737,OTH>ON>GRN>IND,0.6506530324905658,0.3493469675094342,OTH>GRN>IND>LNP,LNP,LNP-GRN,0.13954527662780758,0.4593923064002629,Central model,False,0.0
Ivanhoe,North-Eastern Metro,ALP,ALP,LNP,0.5488353620048887,0.45116463799511136,0.048835362004888694,ALP-LNP,OTH>IND>ON>GRN,0.5488353620048887,0.45116463799511136,OTH>IND>ON>GRN,0.6228930241410967,0.37710697585890324,OTH>IND>GRN>LNP,ALP,ALP-LNP,0.048835362004888694,0.5488353620048887,Central model,False,0.0
Kalkallo,Northern Metro,ALP,ALP,ON,0.5407839106933392,0.45921608930666086,0.0407839106933392,ALP-ON,IND>GRN>OTH>LNP,0.5680451973216231,0.43195480267837694,IND>GRN>OTH>ON,0.5407839106933392,0.45921608930666086,IND>GRN>OTH>LNP,ALP,ALP-ON,0.0407839106933392,0.5680451973216231,Central model,False,0.0
Kew,Southern Metro,LNP,LNP,IND,0.6104098673895207,0.3895901326104793,0.11040986738952074,LNP-IND,OTH>ON>GRN>ALP,0.4191789954650264,0.5808210045349735,OTH>ON>GRN>IND,0.6326757476338477,0.36732425236615235,OTH>GRN>IND>LNP,LNP,LNP-IND,0.11040986738952074,0.4191789954650264,Central model,False,0.0
Kororoit,Western Metro,ALP,ALP,ON,0.5485914056387311,0.45140859436126896,0.0485914056387311,ALP-ON,IND>GRN>OTH>LNP,0.5900417251502089,0.409958274849791,IND>GRN>OTH>ON,0.5485914056387311,0.45140859436126896,IND>GRN>OTH>LNP,ALP,ALP-ON,0.0485914056387311,0.5900417251502089,Central model,False,0.0
Lara,Western Victoria,ALP,ON,ALP,0.5390135308872356,0.46098646911276436,0.03901353088723558,ON-ALP,IND>OTH>GRN>LNP,0.5151572662962255,0.48484273370377456,IND>OTH>GRN>ON,0.46098646911276436,0.5390135308872356,IND>OTH>GRN>LNP,ON,ON-ALP,0.03901353088723558,0.5151572662962255,Central model,False,0.0
Laverton,Western Metro,ALP,ALP,ON,0.5783373281108956,0.4216626718891045,0.07833732811089555,ALP-ON,IND>GRN>OTH>LNP,0.5946109812401761,0.40538901875982397,IND>GRN>OTH>ON,0.5783373281108956,0.4216626718891045,IND>GRN>OTH>LNP,ALP,ALP-ON,0.07833732811089555,0.5946109812401761,Central model,False,0.0
Lowan,Western Victoria,LNP,LNP,ON,0.6297739900526635,0.37022600994733645,0.12977399005266355,LNP-ON,IND>OTH>ALP>GRN,0.20138693183158912,0.7986130681684109,IND>OTH>GRN>ON,0.24336578580770063,0.7566342141922994,IND>OTH>GRN>LNP,LNP,LNP-ON,0.12977399005266355,0.20138693183158912,Central model,False,0.0
Macedon,Northern Victoria,ALP,ON,ALP,0.5357721779322168,0.4642278220677832,0.035772177932216764,ON-ALP,OTH>IND>GRN>LNP,0.47685638703085803,0.5231436129691419,OTH>IND>GRN>ON,0.4642278220677832,0.5357721779322168,OTH>IND>GRN>LNP,ON,ON-ALP,0.035772177932216764,0.47685638703085803,Central model,False,0.0
Malvern,Southern Metro,LNP,LNP,GRN,0.6456382358561468,0.3543617641438533,0.14563823585614677,LNP-GRN,IND>OTH>ON>ALP,0.356420375757246,0.643579624242754,IND>OTH>ON>GRN,0.5955277106999981,0.40447228930000195,IND>OTH>GRN>LNP,LNP,LNP-GRN,0.14563823585614677,0.356420375757246,Central model,False,0.0
Melbourne,Northern Metro,GRN,GRN,ALP,0.6345712205342986,0.36542877946570146,0.1345712205342986,GRN-ALP,IND>OTH>LNP>ON,0.7008125692231191,0.299187430776881,IND>OTH>ON>GRN,0.7556393073208351,0.244360692679165,IND>OTH>LNP>GRN,GRN,GRN-ALP,0.1345712205342986,0.7008125692231191,Central model,False,0.0
Melton,Western Victoria,ALP,ON,IND,0.5651788245695895,0.4348211754304105,0.06517882456958946,ON-IND,GRN>OTH>LNP>ALP,0.41168798719986416,0.5883120128001358,GRN>OTH>IND>ON,0.4354536889436356,0.5645463110563643,GRN>OTH>LNP>IND,ON,ON-IND,0.06517882456958946,0.41168798719986416,Central model,False,0.0
Mildura,Northern Victoria,LNP,IND,ON,0.5109432378024241,0.48905676219757593,0.010943237802424122,IND-ON,OTH>ALP>GRN>LNP,0.26059647588310125,0.7394035241168988,OTH>GRN>ON>IND,0.3384085569683534,0.6615914430316465,OTH>GRN>LNP>IND,IND,IND-ON,0.010943237802424122,0.26059647588310125,Central model,False,0.0
Mill Park,North-Eastern Metro,ALP,ALP,ON,0.5314566278392918,0.46854337216070824,0.03145662783929182,ALP-ON,IND>GRN>OTH>LNP,0.5481342339775962,0.4518657660224039,IND>GRN>OTH>ON,0.5314566278392918,0.46854337216070824,IND>GRN>OTH>LNP,ALP,ALP-ON,0.03145662783929182,0.5481342339775962,Central model,False,0.0
Monbulk,Eastern Victoria,ALP,LNP,ALP,0.5428001457479076,0.4571998542520924,0.04280014574790758,LNP-ALP,OTH>IND>GRN>ON,0.4571998542520924,0.5428001457479076,OTH>IND>GRN>ON,0.4477572091456391,0.5522427908543609,OTH>IND>GRN>LNP,LNP,LNP-ALP,0.04280014574790758,0.4571998542520924,Central model,False,0.0
Mordialloc,South-Eastern Metro,ALP,ALP,LNP,0.5006523366847914,0.49934766331520863,0.0006523366847913659,ALP-LNP,OTH>IND>GRN>ON,0.5006523366847914,0.49934766331520863,OTH>IND>GRN>ON,0.5655547982159321,0.4344452017840679,OTH>IND>GRN>LNP,ALP,ALP-LNP,0.0006523366847913659,0.5006523366847914,Central model,False,0.0
Mornington,Eastern Victoria,LNP,LNP,IND,0.6176927671696374,0.38230723283036255,0.11769276716963739,LNP-IND,OTH>GRN>ALP>ON,0.3106615771331403,0.6893384228668596,OTH>GRN>ON>IND,0.34993992230351706,0.6500600776964829,OTH>GRN>IND>LNP,LNP,LNP-IND,0.11769276716963739,0.3106615771331403,Central model,False,0.0
Morwell,Eastern Victoria,LNP,ON,LNP,0.5183273225391918,0.4816726774608082,0.01832732253919178,ON-LNP,GRN>OTH>IND>ALP,0.3602782798049009,0.6397217201950991,GRN>OTH>IND>ON,0.332701043347308,0.667298956652692,GRN>OTH>IND>LNP,ON,ON-LNP,0.01832732253919178,0.3602782798049009,Central model,False,0.0
Mulgrave,South-Eastern Metro,ALP,ALP,ON,0.6758663202497328,0.32413367975026725,0.1758663202497328,ALP-ON,OTH>GRN>LNP>IND,0.6036332319012444,0.39636676809875565,OTH>GRN>IND>ON,0.6758663202497328,0.32413367975026725,OTH>GRN>LNP>IND,ALP,ALP-ON,0.1758663202497328,0.6036332319012444,Central model,False,0.0
Murray Plains,Northern Victoria,LNP,LNP,ON,0.592348747622146,0.4076512523778541,0.09234874762214595,LNP-ON,IND>ALP>GRN>OTH,0.1694726884230766,0.8305273115769234,IND>GRN>OTH>ON,0.20092626140077213,0.7990737385992279,IND>GRN>OTH>LNP,LNP,LNP-ON,0.09234874762214595,0.1694726884230766,Central model,False,0.0
Narracan,Eastern Victoria,LNP,LNP,ON,0.6228446901652728,0.3771553098347273,0.12284469016527277,LNP-ON,OTH>IND>ALP>GRN,0.3561454128732082,0.6438545871267919,OTH>IND>GRN>ON,0.37846978198761244,0.6215302180123876,OTH>IND>GRN>LNP,LNP,LNP-ON,0.12284469016527277,0.3561454128732082,Central model,False,0.0
Narre Warren North,South-Eastern Metro,ALP,ON,ALP,0.5011289422384249,0.4988710577615752,0.001128942238424857,ON-ALP,IND>GRN>OTH>LNP,0.5066770859269301,0.4933229140730699,IND>GRN>OTH>ON,0.4988710577615752,0.5011289422384249,IND>GRN>OTH>LNP,ON,ON-ALP,0.001128942238424857,0.5066770859269301,Central model,False,0.0
Narre Warren South,South-Eastern Metro,ALP,ALP,ON,0.5070967401802369,0.4929032598197632,0.007096740180236871,ALP-ON,IND>GRN>OTH>LNP,0.5050173907012259,0.4949826092987742,IND>GRN>OTH>ON,0.5070967401802369,0.4929032598197632,IND>GRN>OTH>LNP,ALP,ALP-ON,0.007096740180236871,0.5050173907012259,Central model,False,0.0
Nepean,Eastern Victoria,LNP,LNP,ALP,0.6645952589134283,0.33540474108657164,0.1645952589134283,LNP-ALP,OTH>IND>GRN>ON,0.33540474108657164,0.6645952589134283,OTH>IND>GRN>ON,0.38288982184130366,0.6171101781586963,OTH>IND>GRN>LNP,LNP,LNP-ALP,0.1645952589134283,0.33540474108657164,Central model,False,0.0
Niddrie,Western Metro,ALP,ALP,ON,0.5160589952742031,0.48394100472579704,0.01605899527420307,ALP-ON,IND>OTH>GRN>LNP,0.4734736460902343,0.5265263539097658,IND>OTH>GRN>ON,0.5160589952742031,0.48394100472579704,IND>OTH>GRN>LNP,ALP,ALP-ON,0.01605899527420307,0.4734736460902343,Central model,False,0.0
Northcote,Northern Metro,ALP,GRN,ALP,0.5415203011811661,0.4584796988188338,0.04152030118116612,GRN-ALP,IND>LNP>OTH>ON,0.7385153919698288,0.26148460803017115,IND>OTH>ON>GRN,0.7205388242413704,0.27946117575862955,IND>LNP>OTH>GRN,GRN,GRN-ALP,0.04152030118116612,0.7385153919698288,Central model,False,0.0
Oakleigh,Southern Metro,ALP,ALP,LNP,0.5505891308549355,0.4494108691450644,0.05058913085493555,ALP-LNP,OTH>IND>GRN>ON,0.5505891308549355,0.4494108691450644,OTH>IND>GRN>ON,0.6046553871924357,0.3953446128075642,OTH>IND>GRN>LNP,ALP,ALP-LNP,0.05058913085493555,0.5505891308549355,Central model,False,0.0
Ovens Valley,Northern Victoria,LNP,LNP,ON,0.5966464739537485,0.40335352604625163,0.09664647395374848,LNP-ON,IND>ALP>OTH>GRN,0.25698969034319064,0.7430103096568095,IND>GRN>OTH>ON,0.26611566356049987,0.7338843364395002,IND>GRN>OTH>LNP,LNP,LNP-ON,0.09664647395374848,0.25698969034319064,Central model,False,0.0
Pakenham,Eastern Victoria,ALP,LNP,ON,0.5222478350091497,0.4777521649908503,0.02224783500914973,LNP-ON,IND>GRN>OTH>ALP,0.39519678490634497,0.6048032150936551,IND>GRN>OTH>ON,0.37234783349152734,0.6276521665084727,IND>GRN>OTH>LNP,LNP,LNP-ON,0.02224783500914973,0.39519678490634497,Central model,False,0.0
Pascoe Vale,Northern Metro,ALP,ALP,GRN,0.5119087875437675,0.4880912124562326,0.011908787543767452,ALP-GRN,OTH>IND>LNP>ON,0.6211584613783508,0.3788415386216491,OTH>IND>ON>GRN,0.6632563861433082,0.3367436138566918,OTH>IND>LNP>GRN,ALP,ALP-GRN,0.011908787543767452,0.6211584613783508,Central model,False,0.0
Point Cook,Western Metro,ALP,ON,ALP,0.5041116787621959,0.4958883212378042,0.0041116787621958695,ON-ALP,OTH>GRN>IND>LNP,0.5200675760468159,0.4799324239531842,OTH>GRN>IND>ON,0.4958883212378042,0.5041116787621959,OTH>GRN>IND>LNP,ON,ON-ALP,0.0041116787621958695,0.5200675760468159,Central model,False,0.0
Polwarth,Western Victoria,LNP,LNP,GRN,0.6576681194187843,0.34233188058121566,0.15766811941878434,LNP-GRN,IND>OTH>ALP>ON,0.3732634887398311,0.6267365112601689,IND>OTH>GRN>ON,0.40158446905269013,0.5984155309473099,IND>OTH>GRN>LNP,LNP,LNP-GRN,0.15766811941878434,0.3732634887398311,Central model,False,0.0
Prahran,Southern Metro,GRN,GRN,LNP,0.5647891439912888,0.4352108560087113,0.06478914399128877,GRN-LNP,IND>OTH>ALP>ON,0.569020344305782,0.4309796556942181,IND>OTH>ON>GRN,0.6824648598507277,0.3175351401492723,IND>OTH>LNP>GRN,GRN,GRN-LNP,0.06478914399128877,0.569020344305782,Central model,False,0.0
Preston,Northern Metro,ALP,ALP,ON,0.6052710501098547,0.39472894989014523,0.10527105010985471,ALP-ON,OTH>LNP>IND>GRN,0.6020639610251382,0.3979360389748618,OTH>IND>GRN>ON,0.6052710501098547,0.39472894989014523,OTH>LNP>IND>GRN,ALP,ALP-ON,0.10527105010985471,0.6020639610251382,Central model,False,0.0
Richmond,Northern Metro,GRN,GRN,ALP,0.5957206688353632,0.4042793311646367,0.09572066883536323,GRN-ALP,IND>OTH>LNP>ON,0.7358983213804116,0.2641016786195884,IND>OTH>ON>GRN,0.7682815479742093,0.23171845202579072,IND>OTH>LNP>GRN,GRN,GRN-ALP,0.09572066883536323,0.7358983213804116,Central model,False,0.0
Ringwood,North-Eastern Metro,ALP,LNP,ALP,0.5135889142170295,0.4864110857829706,0.013588914217029457,LNP-ALP,IND>OTH>ON>GRN,0.4864110857829706,0.5135889142170295,IND>OTH>ON>GRN,0.5672016407336148,0.43279835926638516,IND>OTH>GRN>LNP,LNP,LNP-ALP,0.013588914217029457,0.4864110857829706,Central model,False,0.0
Ripon,Western Victoria,ALP,ON,ALP,0.6149144809998732,0.38508551900012683,0.11491448099987323,ON-ALP,IND>GRN>OTH>LNP,0.4159588959808573,0.5840411040191428,IND>GRN>OTH>ON,0.38508551900012683,0.6149144809998732,IND>GRN>OTH>LNP,ON,ON-ALP,0.11491448099987323,0.4159588959808573,Central model,False,0.0
Rowville,South-Eastern Metro,LNP,LNP,ALP,0.6104838140520343,0.38951618594796567,0.11048381405203433,LNP-ALP,OTH>GRN>IND>ON,0.38951618594796567,0.6104838140520343,OTH>GRN>IND>ON,0.49427453494695034,0.5057254650530497,OTH>GRN>IND>LNP,LNP,LNP-ALP,0.11048381405203433,0.38951618594796567,Central model,False,0.0
Sandringham,Southern Metro,LNP,LNP,GRN,0.6345716509202369,0.3654283490797631,0.13457165092023693,LNP-GRN,OTH>IND>ALP>ON,0.3719348920100771,0.6280651079899229,OTH>IND>ON>GRN,0.5213345057753975,0.47866549422460253,OTH>IND>GRN>LNP,LNP,LNP-GRN,0.13457165092023693,0.3719348920100771,Central model,False,0.0
Shepparton,Northern Victoria,LNP,LNP,IND,0.594583776334571,0.405416223665429,0.09458377633457105,LNP-IND,ALP>OTH>GRN>ON,0.24461921001920806,0.755380789980792,OTH>GRN>ON>IND,0.2723041432759835,0.7276958567240165,OTH>GRN>IND>LNP,LNP,LNP-IND,0.09458377633457105,0.24461921001920806,Central model,False,0.0
South Barwon,Western Victoria,ALP,LNP,ALP,0.5366437312663094,0.46335626873369073,0.036643731266309376,LNP-ALP,IND>OTH>GRN>ON,0.46335626873369073,0.5366437312663094,IND>OTH>GRN>ON,0.49379178162003334,0.5062082183799667,IND>OTH>GRN>LNP,LNP,LNP-ALP,0.036643731266309376,0.46335626873369073,Central model,False,0.0
South-West Coast,Western Victoria,LNP,LNP,IND,0.5856113738637271,0.414388626136273,0.08561137386372708,LNP-IND,OTH>GRN>ALP>ON,0.3508070051820872,0.6491929948179128,OTH>GRN>ON>IND,0.3432137909258485,0.6567862090741515,OTH>GRN>IND>LNP,LNP,LNP-IND,0.08561137386372708,0.3508070051820872,Central model,False,0.0
St Albans,Western Metro,ALP,ALP,ON,0.5487818792833422,0.4512181207166579,0.04878187928334221,ALP-ON,IND>GRN>OTH>LNP,0.5449496055889691,0.4550503944110309,IND>GRN>OTH>ON,0.5487818792833422,0.4512181207166579,IND>GRN>OTH>LNP,ALP,ALP-ON,0.04878187928334221,0.5449496055889691,Central model,False,0.0
Sunbury,Western Metro,ALP,ON,ALP,0.5703271715398328,0.42967282846016713,0.07032717153983281,ON-ALP,IND>OTH>GRN>LNP,0.4471714849955755,0.5528285150044244,IND>OTH>GRN>ON,0.42967282846016713,0.5703271715398328,IND>OTH>GRN>LNP,ON,ON-ALP,0.07032717153983281,0.4471714849955755,Central model,False,0.0
Sydenham,Western Metro,ALP,ALP,ON,0.5035866967882171,0.4964133032117829,0.003586696788217103,ALP-ON,IND>GRN>OTH>LNP,0.5130374221884525,0.48696257781154745,IND>GRN>OTH>ON,0.5035866967882171,0.4964133032117829,IND>GRN>OTH>LNP,ALP,ALP-ON,0.003586696788217103,0.5130374221884525,Central model,False,0.0
Tarneit,Western Metro,ALP,ALP,ON,0.5430540690466912,0.4569459309533089,0.04305406904669118,ALP-ON,IND>GRN>OTH>LNP,0.5547586956578089,0.44524130434219117,IND>GRN>OTH>ON,0.5430540690466912,0.4569459309533089,IND>GRN>OTH>LNP,ALP,ALP-ON,0.04305406904669118,0.5547586956578089,Central model,False,0.0
Thomastown,Northern Metro,ALP,ALP,ON,0.5649774233559974,0.43502257664400257,0.06497742335599743,ALP-ON,IND>GRN>OTH>LNP,0.598357020678262,0.40164297932173804,IND>GRN>OTH>ON,0.5649774233559974,0.43502257664400257,IND>GRN>OTH>LNP,ALP,ALP-ON,0.06497742335599743,0.598357020678262,Central model,False,0.0
Warrandyte,North-Eastern Metro,LNP,LNP,ALP,0.6307062642461716,0.3692937357538284,0.1307062642461716,LNP-ALP,IND>OTH>GRN>ON,0.3692937357538284,0.6307062642461716,IND>OTH>GRN>ON,0.5014308891183902,0.4985691108816098,IND>OTH>GRN>LNP,LNP,LNP-ALP,0.1307062642461716,0.3692937357538284,Central model,False,0.0
Wendouree,Western Victoria,ALP,ON,ALP,0.5038523989921707,0.4961476010078294,0.0038523989921707136,ON-ALP,IND>OTH>GRN>LNP,0.4864378596063509,0.5135621403936491,IND>OTH>GRN>ON,0.4961476010078294,0.5038523989921707,IND>OTH>GRN>LNP,ON,ON-ALP,0.0038523989921707136,0.4864378596063509,Central model,False,0.0
Werribee,Western Metro,ALP,ON,ALP,0.5476983074482215,0.45230169255177854,0.047698307448221455,ON-ALP,OTH>GRN>IND>LNP,0.49523772004157757,0.5047622799584224,OTH>GRN>IND>ON,0.45230169255177854,0.5476983074482215,OTH>GRN>IND>LNP,ON,ON-ALP,0.047698307448221455,0.49523772004157757,Central model,False,0.0
Williamstown,Western Metro,ALP,ALP,ON,0.6126399188720183,0.38736008112798176,0.1126399188720183,ALP-ON,IND>OTH>GRN>LNP,0.5736706287606234,0.42632937123937664,IND>OTH>GRN>ON,0.6126399188720183,0.38736008112798176,IND>OTH>GRN>LNP,ALP,ALP-ON,0.1126399188720183,0.5736706287606234,Central model,False,0.0
Yan Yean,Northern Victoria,ALP,ON,ALP,0.5484497437820832,0.4515502562179167,0.04844974378208322,ON-ALP,IND>GRN>OTH>LNP,0.4662145826800124,0.5337854173199875,IND>GRN>OTH>ON,0.4515502562179167,0.5484497437820832,IND>GRN>OTH>LNP,ON,ON-ALP,0.04844974378208322,0.4662145826800124,Central model,False,0.0
Albert Park,Southern Metro,ALP,ALP,LNP,0.5597419143983844,0.44025808560161567,0.05974191439838439,ALP-LNP,OTH>IND>ON>GRN,0.5597419143983844,0.44025808560161567,OTH>IND>ON>GRN,0.6568452953345009,0.3431547046654992,OTH>IND>GRN>LNP,ALP,ALP-LNP,0.05923456941822325,0.5592345694182232,Sparse federal evidence off,False,0.05073449801611396
Ashwood,Southern Metro,ALP,LNP,ALP,0.5199759925989067,0.4800240074010933,0.0199759925989067,LNP-ALP,OTH>IND>ON>GRN,0.4800240074010933,0.5199759925989067,OTH>IND>ON>GRN,0.6121450113478635,0.38785498865213663,OTH>IND>GRN>LNP,LNP,LNP-ALP,0.020153695821067186,0.4798463041789328,Sparse federal evidence off,False,0.017770322216048573
Bass,Eastern Victoria,ALP,LNP,ON,0.5610823088783317,0.4389176911216683,0.06108230887833166,LNP-ON,OTH>IND>GRN>ALP,0.36060396189384425,0.6393960381061558,OTH>IND>GRN>ON,0.3636537828277814,0.6363462171722186,OTH>IND>GRN>LNP,LNP,LNP-ON,0.06091125285750687,0.36262781834297036,Sparse federal evidence off,False,-0.20238564491261157
Bayswater,North-Eastern Metro,ALP,LNP,ALP,0.5620565298238683,0.43794347017613167,0.062056529823868334,LNP-ALP,IND>OTH>GRN>ON,0.43794347017613167,0.5620565298238683,IND>OTH>GRN>ON,0.5070212023899866,0.4929787976100134,IND>OTH>GRN>LNP,LNP,LNP-ALP,0.06403632794664371,0.4359636720533563,Sparse federal evidence off,False,0.1979798122775378
Bellarine,Western Victoria,ALP,LNP,ALP,0.5130181578815364,0.48698184211846357,0.013018157881536374,LNP-ALP,OTH>IND>GRN>ON,0.48698184211846357,0.5130181578815364,OTH>IND>GRN>ON,0.5068188400214693,0.49318115997853085,OTH>IND>GRN>LNP,LNP,LNP-ALP,0.01309528636606383,0.4869047136339363,Sparse federal evidence off,False,0.007712848452728904
Benambra,Northern Victoria,LNP,LNP,IND,0.580341500614289,0.419658499385711,0.08034150061428902,LNP-IND,ALP>OTH>GRN>ON,0.2535080105089428,0.7464919894910572,OTH>GRN>ON>IND,0.32826400717723647,0.6717359928227635,OTH>GRN>LNP>IND,LNP,LNP-IND,0.08034150061428902,0.25366584770960654,Sparse federal evidence off,False,-0.01578372006637574
Bendigo East,Northern Victoria,ALP,ALP,LNP,0.5007906253434264,0.4992093746565735,0.0007906253434264432,ALP-LNP,OTH>IND>GRN>ON,0.5007906253434264,0.4992093746565735,OTH>IND>GRN>ON,0.5313687015019604,0.4686312984980396,OTH>IND>GRN>LNP,ALP,ALP-LNP,0.0007998373286483007,0.5007998373286483,Sparse federal evidence off,False,-0.000921198522185751
Bendigo West,Northern Victoria,ALP,ALP,ON,0.5364505165351585,0.46354948346484154,0.03645051653515852,ALP-ON,IND>OTH>GRN>LNP,0.5400596375688111,0.45994036243118885,IND>OTH>GRN>ON,0.5364505165351585,0.46354948346484154,IND>OTH>GRN>LNP,ALP,ALP-ON,0.03651607760092224,0.5388486066873914,Sparse federal evidence off,False,0.12110308814197168
Bentleigh,Southern Metro,ALP,ALP,LNP,0.5072729756483522,0.4927270243516479,0.007272975648352165,ALP-LNP,OTH>IND>GRN>ON,0.5072729756483522,0.4927270243516479,OTH>IND>GRN>ON,0.597892838963267,0.4021071610367331,OTH>IND>GRN>LNP,ALP,ALP-LNP,0.004323938619625434,0.5043239386196254,Sparse federal evidence off,False,0.2949037028726731
Berwick,South-Eastern Metro,LNP,LNP,ALP,0.6540734297085091,0.3459265702914909,0.15407342970850912,LNP-ALP,IND>OTH>GRN>ON,0.3459265702914909,0.6540734297085091,IND>OTH>GRN>ON,0.3868712599511291,0.613128740048871,IND>OTH>GRN>LNP,LNP,LNP-ALP,0.15220585578046764,0.3477941442195324,Sparse federal evidence off,False,-0.18675739280415438
Box Hill,North-Eastern Metro,ALP,LNP,ALP,0.5080412306224978,0.49195876937750216,0.008041230622497841,LNP-ALP,IND>OTH>ON>GRN,0.49195876937750216,0.5080412306224978,IND>OTH>ON>GRN,0.6194505124028703,0.3805494875971297,IND>OTH>GRN>LNP,LNP,LNP-ALP,0.008204191985538456,0.49179580801446154,Sparse federal evidence off,False,0.01629613630406146
Brighton,Southern Metro,LNP,LNP,GRN,0.5951831863161878,0.4048168136838122,0.09518318631618783,LNP-GRN,OTH>IND>ON>ALP,0.39514995856009844,0.6048500414399015,OTH>IND>ON>GRN,0.5956422164096389,0.4043577835903612,OTH>IND>GRN>LNP,LNP,LNP-GRN,0.09518318631618783,0.39476731238287915,Sparse federal evidence off,False,0.03826461772192813
Broadmeadows,Northern Metro,ALP,ALP,ON,0.5543721324616655,0.44562786753833455,0.0543721324616655,ALP-ON,IND>GRN>OTH>LNP,0.5939948561193394,0.40600514388066056,IND>GRN>OTH>ON,0.5543721324616655,0.44562786753833455,IND>GRN>OTH>LNP,ALP,ALP-ON,0.05434911510575968,0.5922522445439949,Sparse federal evidence off,False,0.17426115753444993
Brunswick,Northern Metro,GRN,GRN,ALP,0.6593091739944518,0.34069082600554823,0.15930917399445177,GRN-ALP,IND>LNP>OTH>ON,0.7748708178187093,0.22512918218129066,IND>OTH>ON>GRN,0.7598897973612909,0.24011020263870897,IND>LNP>OTH>GRN,GRN,GRN-ALP,0.15930917399445177,0.7744157015773374,Sparse federal evidence off,False,0.04551162413718446
Bulleen,North-Eastern Metro,LNP,LNP,ALP,0.6364219610605729,0.3635780389394271,0.13642196106057292,LNP-ALP,OTH>IND>GRN>ON,0.3635780389394271,0.6364219610605729,OTH>IND>GRN>ON,0.5444574842891814,0.4555425157108186,OTH>IND>GRN>LNP,LNP,LNP-ALP,0.13768026752982,0.3623197324701799,Sparse federal evidence off,False,0.12583064692471835
Bundoora,North-Eastern Metro,ALP,ALP,LNP,0.5425821733296852,0.4574178266703149,0.04258217332968517,ALP-LNP,IND>OTH>GRN>ON,0.5425821733296852,0.4574178266703149,IND>OTH>GRN>ON,0.5800163901812355,0.4199836098187644,IND>OTH>GRN>LNP,ALP,ALP-LNP,0.04017841864823224,0.5401784186482322,Sparse federal evidence off,False,0.24037546814529298
Carrum,South-Eastern Metro,ALP,ON,ALP,0.5302807804263177,0.4697192195736824,0.030280780426317655,ON-ALP,IND>OTH>GRN>LNP,0.4744328441602328,0.5255671558397672,IND>OTH>GRN>ON,0.4697192195736824,0.5302807804263177,IND>OTH>GRN>LNP,ON,ON-ALP,0.028685690309956047,0.47621444755648196,Sparse federal evidence off,False,-0.1781603396249165
Caulfield,Southern Metro,LNP,LNP,GRN,0.5885322433708975,0.41146775662910257,0.08853224337089749,LNP-GRN,OTH>IND>ON>ALP,0.4167510522230517,0.5832489477769484,OTH>IND>ON>GRN,0.6081205431617348,0.39187945683826514,OTH>IND>GRN>LNP,LNP,LNP-GRN,0.08853224337089749,0.4163136755177302,Sparse federal evidence off,False,0.043737670532151274
Clarinda,South-Eastern Metro,ALP,ALP,LNP,0.5334226264413349,0.4665773735586651,0.03342262644133487,ALP-LNP,OTH>GRN>IND>ON,0.5334226264413349,0.4665773735586651,OTH>GRN>IND>ON,0.5780543307182674,0.4219456692817327,OTH>GRN>IND>LNP,ALP,ALP-LNP,0.031349050132364775,0.5313490501323648,Sparse federal evidence off,False,0.20735763089700932
Cranbourne,South-Eastern Metro,ALP,ON,ALP,0.5197837918717864,0.4802162081282137,0.01978379187178636,ON-ALP,IND>GRN>OTH>LNP,0.49927746643559756,0.5007225335644025,IND>GRN>OTH>ON,0.4802162081282137,0.5197837918717864,IND>GRN>OTH>LNP,ON,ON-ALP,0.01999781819413282,0.4966074260921617,Sparse federal evidence off,False,0.26700403434358755
Croydon,North-Eastern Metro,LNP,LNP,ALP,0.6001029768857555,0.3998970231142445,0.10010297688575553,LNP-ALP,IND>OTH>GRN>ON,0.3998970231142445,0.6001029768857555,IND>OTH>GRN>ON,0.489659908072287,0.510340091927713,IND>OTH>GRN>LNP,LNP,LNP-ALP,0.10246137297192337,0.3975386270280766,Sparse federal evidence off,False,0.23583960861679465
Dandenong,South-Eastern Metro,ALP,ALP,ON,0.5919952330153527,0.4080047669846473,0.09199523301535273,ALP-ON,IND>OTH>GRN>LNP,0.6140259764847952,0.38597402351520477,IND>OTH>GRN>ON,0.5919952330153527,0.4080047669846473,IND>OTH>GRN>LNP,ALP,ALP-ON,0.09098046216768862,0.6101929839512263,Sparse federal evidence off,False,0.38329925335688353
Eildon,Northern Victoria,LNP,LNP,ON,0.5991416342709992,0.40085836572900085,0.0991416342709992,LNP-ON,IND>OTH>GRN>ALP,0.33124790521305897,0.6687520947869411,IND>OTH>GRN>ON,0.35285856003168087,0.6471414399683191,IND>OTH>GRN>LNP,LNP,LNP-ON,0.0994798556501374,0.3319057843679647,Sparse federal evidence off,False,-0.06578791549057272
Eltham,North-Eastern Metro,ALP,ALP,LNP,0.5105884537798491,0.48941154622015104,0.010588453779849072,ALP-LNP,IND>OTH>GRN>ON,0.5105884537798491,0.48941154622015104,IND>OTH>GRN>ON,0.570669881195226,0.42933011880477395,IND>OTH>GRN>LNP,ALP,ALP-LNP,0.00651455952423019,0.5065145595242302,Sparse federal evidence off,False,0.4073894255618882
Essendon,Northern Metro,ALP,ALP,LNP,0.5236146382458323,0.4763853617541676,0.02361463824583232,ALP-LNP,IND>OTH>GRN>ON,0.5236146382458323,0.4763853617541676,IND>OTH>GRN>ON,0.55725245613821,0.44274754386179005,IND>OTH>GRN>LNP,ALP,ALP-LNP,0.01960794500175056,0.5196079450017506,Sparse federal evidence off,False,0.40066932440817604
Eureka,Western Victoria,ALP,ON,ALP,0.5846736309958048,0.41532636900419523,0.08467363099580483,ON-ALP,IND>OTH>GRN>LNP,0.4443882471338016,0.5556117528661983,IND>OTH>GRN>ON,0.41532636900419523,0.5846736309958048,IND>OTH>GRN>LNP,ON,ON-ALP,0.08463734514444254,0.4454385157396719,Sparse federal evidence off,False,-0.10502686058703192
Euroa,Northern Victoria,LNP,LNP,ON,0.5932290373376343,0.40677096266236573,0.09322903733763432,LNP-ON,IND>OTH>GRN>ALP,0.28771457101970577,0.7122854289802942,IND>OTH>GRN>ON,0.32114418744518963,0.6788558125548104,IND>OTH>GRN>LNP,LNP,LNP-ON,0.09355780528696012,0.28828207895569535,Sparse federal evidence off,False,-0.056750793598958627
Evelyn,Eastern Victoria,LNP,LNP,ALP,0.6574846305961106,0.34251536940388944,0.15748463059611062,LNP-ALP,IND>OTH>GRN>ON,0.34251536940388944,0.6574846305961106,IND>OTH>GRN>ON,0.389573652160735,0.6104263478392651,IND>OTH>GRN>LNP,LNP,LNP-ALP,0.15682799361884747,0.3431720063811526,Sparse federal evidence off,False,-0.06566369772631475
Footscray,Western Metro,ALP,ALP,GRN,0.5276323702460709,0.47236762975392904,0.027632370246070903,ALP-GRN,IND>OTH>LNP>ON,0.6848514628283434,0.31514853717165664,IND>OTH>ON>GRN,0.7383201214009523,0.2616798785990477,IND>OTH>LNP>GRN,ALP,ALP-GRN,0.027632370246070903,0.6842710472180838,Sparse federal evidence off,False,0.05804156102595659
Frankston,South-Eastern Metro,ALP,ALP,ON,0.5045731292935249,0.49542687070647506,0.004573129293524936,ALP-ON,IND>OTH>GRN>LNP,0.5000738707911035,0.4999261292088964,IND>OTH>GRN>ON,0.5045731292935249,0.49542687070647506,IND>OTH>GRN>LNP,ALP,ALP-ON,0.003830064317172477,0.4968822042256543,Sparse federal evidence off,False,0.3191666565449225
Geelong,Western Victoria,ALP,ON,ALP,0.5187624792531654,0.4812375207468346,0.01876247925316543,ON-ALP,OTH>IND>GRN>LNP,0.5021310850070234,0.4978689149929766,OTH>IND>GRN>ON,0.4812375207468346,0.5187624792531654,OTH>IND>GRN>LNP,ON,ON-ALP,0.018451384779510027,0.5013031741653313,Sparse federal evidence off,False,0.08279108416920922
Gippsland East,Eastern Victoria,LNP,LNP,ON,0.5974003269581529,0.40259967304184713,0.09740032695815293,LNP-ON,IND>ALP>OTH>GRN,0.18546297632483294,0.8145370236751671,IND>OTH>GRN>ON,0.22202230671420511,0.7779776932857949,IND>OTH>GRN>LNP,LNP,LNP-ON,0.09740032695815293,0.1859586341037342,Sparse federal evidence off,False,-0.04956577789012595
Gippsland South,Eastern Victoria,LNP,LNP,ON,0.5885248014283606,0.41147519857163933,0.08852480142836061,LNP-ON,OTH>IND>GRN>ALP,0.24269079983080416,0.7573092001691958,OTH>IND>GRN>ON,0.27028455428165105,0.7297154457183489,OTH>IND>GRN>LNP,LNP,LNP-ON,0.08867873010667882,0.24394450187296812,Sparse federal evidence off,False,-0.12537020421639622
Glen Waverley,North-Eastern Metro,ALP,LNP,ALP,0.5463271100981089,0.45367288990189125,0.04632711009810886,LNP-ALP,IND>OTH>GRN>ON,0.45367288990189125,0.5463271100981089,IND>OTH>GRN>ON,0.5945143047533463,0.4054856952466536,IND>OTH>GRN>LNP,LNP,LNP-ALP,0.04878285544095928,0.45121714455904083,Sparse federal evidence off,False,0.2455745342850424
Greenvale,Northern Metro,ALP,ALP,ON,0.5529104303047105,0.44708956969528946,0.05291043030471054,ALP-ON,IND>GRN>OTH>LNP,0.5549731598199621,0.445026840180038,IND>GRN>OTH>ON,0.5529104303047105,0.44708956969528946,IND>GRN>OTH>LNP,ALP,ALP-ON,0.05249533403601159,0.5527690930731672,Sparse federal evidence off,False,0.22040667467948527
Hastings,Eastern Victoria,ALP,LNP,ALP,0.6035917869022555,0.39640821309774454,0.10359178690225546,LNP-ALP,IND>OTH>GRN>ON,0.39640821309774454,0.6035917869022555,IND>OTH>GRN>ON,0.40058380772707236,0.5994161922729276,IND>OTH>GRN>LNP,LNP,LNP-ALP,0.10301840350523894,0.39698159649476106,Sparse federal evidence off,False,-0.057338339701651364
Hawthorn,Southern Metro,LNP,LNP,GRN,0.6395452766278076,0.36045472337219236,0.13954527662780758,LNP-GRN,OTH>ON>ALP>IND,0.45969833020038237,0.5403016697996176,OTH>ON>GRN>IND,0.6528345474503164,0.3471654525496835,OTH>GRN>IND>LNP,LNP,LNP-GRN,0.13954527662780758,0.4593923064002629,Sparse federal evidence off,False,0.03060238001194593
Ivanhoe,North-Eastern Metro,ALP,ALP,LNP,0.5490590961939558,0.45094090380604435,0.049059096193955765,ALP-LNP,OTH>IND>ON>GRN,0.5490590961939558,0.45094090380604435,OTH>IND>ON>GRN,0.6248203471830209,0.375179652816979,OTH>IND>GRN>LNP,ALP,ALP-LNP,0.048835362004888694,0.5488353620048887,Sparse federal evidence off,False,0.022373418906707077
Kalkallo,Northern Metro,ALP,ALP,ON,0.5408453795809247,0.4591546204190753,0.04084537958092471,ALP-ON,IND>GRN>OTH>LNP,0.5680161828499963,0.4319838171500037,IND>GRN>OTH>ON,0.5408453795809247,0.4591546204190753,IND>GRN>OTH>LNP,ALP,ALP-ON,0.0407839106933392,0.5680451973216231,Sparse federal evidence off,False,-0.002901447162673154
Kew,Southern Metro,LNP,LNP,IND,0.6104098673895207,0.3895901326104793,0.11040986738952074,LNP-IND,OTH>ON>GRN>ALP,0.419490529660611,0.580509470339389,OTH>ON>GRN>IND,0.6342520379165191,0.36574796208348087,OTH>GRN>IND>LNP,LNP,LNP-IND,0.11040986738952074,0.4191789954650264,Sparse federal evidence off,False,0.031153419558460627
Kororoit,Western Metro,ALP,ALP,ON,0.5489513296188316,0.45104867038116836,0.04895132961883164,ALP-ON,IND>GRN>OTH>LNP,0.5924841591745391,0.40751584082546083,IND>GRN>OTH>ON,0.5489513296188316,0.45104867038116836,IND>GRN>OTH>LNP,ALP,ALP-ON,0.0485914056387311,0.5900417251502089,Sparse federal evidence off,False,0.24424340243301979
Lara,Western Victoria,ALP,ON,ALP,0.5404098519954034,0.4595901480045967,0.04040985199540337,ON-ALP,IND>OTH>GRN>LNP,0.5137773241496277,0.4862226758503723,IND>OTH>GRN>ON,0.4595901480045967,0.5404098519954034,IND>OTH>GRN>LNP,ON,ON-ALP,0.03901353088723558,0.5151572662962255,Sparse federal evidence off,False,-0.13799421465977568
Laverton,Western Metro,ALP,ALP,ON,0.5783971147290545,0.4216028852709455,0.07839711472905453,ALP-ON,IND>GRN>OTH>LNP,0.5964310433406254,0.4035689566593746,IND>GRN>OTH>ON,0.5783971147290545,0.4216028852709455,IND>GRN>OTH>LNP,ALP,ALP-ON,0.07833732811089555,0.5946109812401761,Sparse federal evidence off,False,0.18200621004492712
Lowan,Western Victoria,LNP,LNP,ON,0.6297739900526635,0.37022600994733645,0.12977399005266355,LNP-ON,IND>OTH>ALP>GRN,0.2008676408211859,0.7991323591788142,IND>OTH>GRN>ON,0.243789845043517,0.756210154956483,IND>OTH>GRN>LNP,LNP,LNP-ON,0.12977399005266355,0.20138693183158912,Sparse federal evidence off,False,-0.05192910104032111
Macedon,Northern Victoria,ALP,ON,ALP,0.5347331639634688,0.46526683603653113,0.034733163963468816,ON-ALP,OTH>IND>GRN>LNP,0.4774122003312344,0.5225877996687656,OTH>IND>GRN>ON,0.46526683603653113,0.5347331639634688,OTH>IND>GRN>LNP,ON,ON-ALP,0.035772177932216764,0.47685638703085803,Sparse federal evidence off,False,0.0555813300376351
Malvern,Southern Metro,LNP,LNP,GRN,0.6456382358561468,0.3543617641438533,0.14563823585614677,LNP-GRN,IND>OTH>ON>ALP,0.3567639349750356,0.6432360650249643,IND>OTH>ON>GRN,0.5987439435683677,0.40125605643163226,IND>OTH>GRN>LNP,LNP,LNP-GRN,0.14563823585614677,0.356420375757246,Sparse federal evidence off,False,0.034355921778961296
Melbourne,Northern Metro,GRN,GRN,ALP,0.6345712205342986,0.36542877946570146,0.1345712205342986,GRN-ALP,IND>OTH>LNP>ON,0.7013045919849883,0.29869540801501177,IND>OTH>ON>GRN,0.7556393073208351,0.244360692679165,IND>OTH>LNP>GRN,GRN,GRN-ALP,0.1345712205342986,0.7008125692231191,Sparse federal evidence off,False,0.04920227618692152
Melton,Western Victoria,ALP,ON,IND,0.5651788245695895,0.4348211754304105,0.06517882456958946,ON-IND,GRN>OTH>LNP>ALP,0.4114601945313038,0.5885398054686962,GRN>OTH>IND>ON,0.4354536889436356,0.5645463110563643,GRN>OTH>LNP>IND,ON,ON-IND,0.06517882456958946,0.41168798719986416,Sparse federal evidence off,False,-0.022779266856037816
Mildura,Northern Victoria,LNP,IND,ON,0.5109432378024241,0.48905676219757593,0.010943237802424122,IND-ON,OTH>ALP>GRN>LNP,0.2604260661744926,0.7395739338255074,OTH>GRN>ON>IND,0.3384085569683534,0.6615914430316465,OTH>GRN>LNP>IND,IND,IND-ON,0.010943237802424122,0.26059647588310125,Sparse federal evidence off,False,-0.017040970860865423
Mill Park,North-Eastern Metro,ALP,ALP,ON,0.5316365425893899,0.46836345741061025,0.03163654258938986,ALP-ON,IND>GRN>OTH>LNP,0.5505808920747783,0.4494191079252218,IND>GRN>OTH>ON,0.5316365425893899,0.46836345741061025,IND>GRN>OTH>LNP,ALP,ALP-ON,0.03145662783929182,0.5481342339775962,Sparse federal evidence off,False,0.24466580971821417
Monbulk,Eastern Victoria,ALP,LNP,ALP,0.5426688089442976,0.4573311910557024,0.04266880894429759,LNP-ALP,OTH>IND>GRN>ON,0.4573311910557024,0.5426688089442976,OTH>IND>GRN>ON,0.4469309264268407,0.5530690735731593,OTH>IND>GRN>LNP,LNP,LNP-ALP,0.04280014574790758,0.4571998542520924,Sparse federal evidence off,False,0.013133680360999378
Mordialloc,South-Eastern Metro,ALP,ALP,LNP,0.5031864539896644,0.49681354601033556,0.0031864539896644395,ALP-LNP,OTH>IND>GRN>ON,0.5031864539896644,0.49681354601033556,OTH>IND>GRN>ON,0.5660094494627351,0.43399055053726493,OTH>IND>GRN>LNP,ALP,ALP-LNP,0.0006523366847913659,0.5006523366847914,Sparse federal evidence off,False,0.25341173048730736
Mornington,Eastern Victoria,LNP,LNP,IND,0.6176927671696374,0.38230723283036255,0.11769276716963739,LNP-IND,OTH>GRN>ALP>ON,0.310624478877733,0.689375521122267,OTH>GRN>ON>IND,0.3503270950689631,0.6496729049310369,OTH>GRN>IND>LNP,LNP,LNP-IND,0.11769276716963739,0.3106615771331403,Sparse federal evidence off,False,-0.003709825540731959
Morwell,Eastern Victoria,LNP,ON,LNP,0.5183799115097857,0.48162008849021426,0.018379911509785685,ON-LNP,GRN>OTH>IND>ALP,0.3600089453531627,0.6399910546468374,GRN>OTH>IND>ON,0.3327027182959624,0.6672972817040376,GRN>OTH>IND>LNP,ON,ON-LNP,0.01832732253919178,0.3602782798049009,Sparse federal evidence off,False,-0.026933445173821235
Mulgrave,South-Eastern Metro,ALP,ALP,ON,0.6758663202497328,0.32413367975026725,0.1758663202497328,ALP-ON,OTH>GRN>LNP>IND,0.6054794187209847,0.39452058127901546,OTH>GRN>IND>ON,0.6758663202497328,0.32413367975026725,OTH>GRN>LNP>IND,ALP,ALP-ON,0.1758663202497328,0.6036332319012444,Sparse federal evidence off,False,0.18461868197402476
Murray Plains,Northern Victoria,LNP,LNP,ON,0.592348747622146,0.4076512523778541,0.09234874762214595,LNP-ON,IND>ALP>GRN>OTH,0.16818892372912647,0.8318110762708736,IND>GRN>OTH>ON,0.2009340289852774,0.7990659710147225,IND>GRN>OTH>LNP,LNP,LNP-ON,0.09234874762214595,0.1694726884230766,Sparse federal evidence off,False,-0.12837646939501401
Narracan,Eastern Victoria,LNP,LNP,ON,0.6228446901652728,0.3771553098347273,0.12284469016527277,LNP-ON,OTH>IND>ALP>GRN,0.35844087154325,0.6415591284567501,OTH>IND>GRN>ON,0.381454473893516,0.6185455261064841,OTH>IND>GRN>LNP,LNP,LNP-ON,0.12284469016527277,0.3561454128732082,Sparse federal evidence off,False,0.22954586700417723
Narre Warren North,South-Eastern Metro,ALP,ON,ALP,0.5009734808156284,0.4990265191843715,0.0009734808156284247,ON-ALP,IND>GRN>OTH>LNP,0.5091901100571384,0.4908098899428615,IND>GRN>OTH>ON,0.4990265191843715,0.5009734808156284,IND>GRN>OTH>LNP,ON,ON-ALP,0.001128942238424857,0.5066770859269301,Sparse federal evidence off,False,0.25130241302083745
Narre Warren South,South-Eastern Metro,ALP,ALP,ON,0.507305811832929,0.49269418816707095,0.007305811832928999,ALP-ON,IND>GRN>OTH>LNP,0.5075591296071275,0.49244087039287265,IND>GRN>OTH>ON,0.507305811832929,0.49269418816707095,IND>GRN>OTH>LNP,ALP,ALP-ON,0.007096740180236871,0.5050173907012259,Sparse federal evidence off,False,0.25417389059015916
Nepean,Eastern Victoria,LNP,LNP,ALP,0.6649252232947943,0.3350747767052057,0.1649252232947943,LNP-ALP,OTH>IND>GRN>ON,0.3350747767052057,0.6649252232947943,OTH>IND>GRN>ON,0.3821364878113858,0.6178635121886142,OTH>IND>GRN>LNP,LNP,LNP-ALP,0.1645952589134283,0.33540474108657164,Sparse federal evidence off,False,-0.032996438136595474
Niddrie,Western Metro,ALP,ALP,ON,0.5161054412423166,0.48389455875768345,0.01610544124231661,ALP-ON,IND>OTH>GRN>LNP,0.4757669087331883,0.5242330912668117,IND>OTH>GRN>ON,0.5161054412423166,0.48389455875768345,IND>OTH>GRN>LNP,ALP,ALP-ON,0.01605899527420307,0.4734736460902343,Sparse federal evidence off,False,0.2293262642953986
Northcote,Northern Metro,ALP,GRN,ALP,0.5415203011811661,0.4584796988188338,0.04152030118116612,GRN-ALP,IND>LNP>OTH>ON,0.7391277147924343,0.26087228520756567,IND>OTH>ON>GRN,0.7205388242413704,0.27946117575862955,IND>LNP>OTH>GRN,GRN,GRN-ALP,0.04152030118116612,0.7385153919698288,Sparse federal evidence off,False,0.06123228226054822
Oakleigh,Southern Metro,ALP,ALP,LNP,0.554996433630717,0.4450035663692829,0.054996433630717045,ALP-LNP,OTH>IND>GRN>ON,0.554996433630717,0.4450035663692829,OTH>IND>GRN>ON,0.6061499316843632,0.3938500683156368,OTH>IND>GRN>LNP,ALP,ALP-LNP,0.05058913085493555,0.5505891308549355,Sparse federal evidence off,False,0.44073027757814964
Ovens Valley,Northern Victoria,LNP,LNP,ON,0.5966464739537485,0.40335352604625163,0.09664647395374848,LNP-ON,IND>ALP>OTH>GRN,0.25589229851560963,0.7441077014843904,IND>GRN>OTH>ON,0.266086733649885,0.733913266350115,IND>GRN>OTH>LNP,LNP,LNP-ON,0.09664647395374848,0.25698969034319064,Sparse federal evidence off,False,-0.10973918275810068
Pakenham,Eastern Victoria,ALP,LNP,ON,0.5221922201510509,0.4778077798489491,0.022192220151050934,LNP-ON,IND>GRN>OTH>ALP,0.3948903869012835,0.6051096130987166,IND>GRN>OTH>ON,0.3723550876454041,0.6276449123545959,IND>GRN>OTH>LNP,LNP,LNP-ON,0.02224783500914973,0.39519678490634497,Sparse federal evidence off,False,-0.03063980050614923
Pascoe Vale,Northern Metro,ALP,ALP,GRN,0.5119087875437675,0.4880912124562326,0.011908787543767452,ALP-GRN,OTH>IND>LNP>ON,0.6214138724268918,0.3785861275731082,OTH>IND>ON>GRN,0.6632563861433082,0.3367436138566918,OTH>IND>LNP>GRN,ALP,ALP-GRN,0.011908787543767452,0.6211584613783508,Sparse federal evidence off,False,0.025541104854098773
Point Cook,Western Metro,ALP,ON,ALP,0.5042494634630459,0.49575053653695417,0.004249463463045888,ON-ALP,OTH>GRN>IND>LNP,0.5218187748556293,0.4781812251443707,OTH>GRN>IND>ON,0.49575053653695417,0.5042494634630459,OTH>GRN>IND>LNP,ON,ON-ALP,0.0041116787621958695,0.5200675760468159,Sparse federal evidence off,False,0.175119880881347
Polwarth,Western Victoria,LNP,LNP,GRN,0.6576681194187843,0.34233188058121566,0.15766811941878434,LNP-GRN,IND>OTH>ALP>ON,0.3742958869205013,0.6257041130794987,IND>OTH>GRN>ON,0.40273798325368465,0.5972620167463153,IND>OTH>GRN>LNP,LNP,LNP-GRN,0.15766811941878434,0.3732634887398311,Sparse federal evidence off,False,0.1032398180670191
Prahran,Southern Metro,GRN,GRN,LNP,0.5647891439912888,0.4352108560087113,0.06478914399128877,GRN-LNP,IND>OTH>ALP>ON,0.5694785923709156,0.4305214076290845,IND>OTH>ON>GRN,0.6824648598507277,0.3175351401492723,IND>OTH>LNP>GRN,GRN,GRN-LNP,0.06478914399128877,0.569020344305782,Sparse federal evidence off,False,0.045824806513361516
Preston,Northern Metro,ALP,ALP,ON,0.6052710501098547,0.39472894989014523,0.10527105010985471,ALP-ON,OTH>LNP>IND>GRN,0.60824441460414,0.3917555853958599,OTH>IND>GRN>ON,0.6052710501098547,0.39472894989014523,OTH>LNP>IND>GRN,ALP,ALP-ON,0.10527105010985471,0.6020639610251382,Sparse federal evidence off,False,0.6180453579001877
Richmond,Northern Metro,GRN,GRN,ALP,0.5957206688353632,0.4042793311646367,0.09572066883536323,GRN-ALP,IND>OTH>LNP>ON,0.7363506626117677,0.26364933738823226,IND>OTH>ON>GRN,0.7682815479742093,0.23171845202579072,IND>OTH>LNP>GRN,GRN,GRN-ALP,0.09572066883536323,0.7358983213804116,Sparse federal evidence off,False,0.04523412313561792
Ringwood,North-Eastern Metro,ALP,LNP,ALP,0.5133964345296412,0.4866035654703588,0.013396434529641232,LNP-ALP,IND>OTH>ON>GRN,0.4866035654703588,0.5133964345296412,IND>OTH>ON>GRN,0.5684940639050533,0.4315059360949468,IND>OTH>GRN>LNP,LNP,LNP-ALP,0.013588914217029457,0.4864110857829706,Sparse federal evidence off,False,0.019247968738822507
Ripon,Western Victoria,ALP,ON,ALP,0.6147815381553189,0.38521846184468117,0.11478153815531889,ON-ALP,IND>GRN>OTH>LNP,0.41492896201044843,0.5850710379895516,IND>GRN>OTH>ON,0.38521846184468117,0.6147815381553189,IND>GRN>OTH>LNP,ON,ON-ALP,0.11491448099987323,0.4159588959808573,Sparse federal evidence off,False,-0.10299339704088473
Rowville,South-Eastern Metro,LNP,LNP,ALP,0.6087303676029278,0.3912696323970723,0.10873036760292776,LNP-ALP,OTH>GRN>IND>ON,0.3912696323970723,0.6087303676029278,OTH>GRN>IND>ON,0.4945054382489529,0.5054945617510472,OTH>GRN>IND>LNP,LNP,LNP-ALP,0.11048381405203433,0.38951618594796567,Sparse federal evidence off,False,0.17534464491066326
Sandringham,Southern Metro,LNP,LNP,GRN,0.6345716509202369,0.3654283490797631,0.13457165092023693,LNP-GRN,OTH>IND>ALP>ON,0.37211951170270235,0.6278804882972976,OTH>IND>ON>GRN,0.5223124166655132,0.4776875833344868,OTH>IND>GRN>LNP,LNP,LNP-GRN,0.13457165092023693,0.3719348920100771,Sparse federal evidence off,False,0.018461969262523192
Shepparton,Northern Victoria,LNP,LNP,IND,0.594583776334571,0.405416223665429,0.09458377633457105,LNP-IND,ALP>OTH>GRN>ON,0.24458004859375848,0.7554199514062415,OTH>GRN>ON>IND,0.2722754468156123,0.7277245531843877,OTH>GRN>IND>LNP,LNP,LNP-IND,0.09458377633457105,0.24461921001920806,Sparse federal evidence off,False,-0.003916142544957424
South Barwon,Western Victoria,ALP,LNP,ALP,0.5361994746274841,0.463800525372516,0.036199474627484074,LNP-ALP,IND>OTH>GRN>ON,0.463800525372516,0.5361994746274841,IND>OTH>GRN>ON,0.49326135006489447,0.5067386499351056,IND>OTH>GRN>LNP,LNP,LNP-ALP,0.036643731266309376,0.46335626873369073,Sparse federal evidence off,False,0.04442566388252467
South-West Coast,Western Victoria,LNP,LNP,IND,0.5856113738637271,0.414388626136273,0.08561137386372708,LNP-IND,OTH>GRN>ALP>ON,0.3506988394141681,0.649301160585832,OTH>GRN>ON>IND,0.3436825344771767,0.6563174655228232,OTH>GRN>IND>LNP,LNP,LNP-IND,0.08561137386372708,0.3508070051820872,Sparse federal evidence off,False,-0.010816576791911059
St Albans,Western Metro,ALP,ALP,ON,0.5487861370532934,0.4512138629467067,0.04878613705329338,ALP-ON,IND>GRN>OTH>LNP,0.546761768469769,0.45323823153023113,IND>GRN>OTH>ON,0.5487861370532934,0.4512138629467067,IND>GRN>OTH>LNP,ALP,ALP-ON,0.04878187928334221,0.5449496055889691,Sparse federal evidence off,False,0.18121628807998835
Sunbury,Western Metro,ALP,ON,ALP,0.5711286649276813,0.42887133507231867,0.07112866492768133,ON-ALP,IND>OTH>GRN>LNP,0.4464263251077557,0.5535736748922443,IND>OTH>GRN>ON,0.42887133507231867,0.5711286649276813,IND>OTH>GRN>LNP,ON,ON-ALP,0.07032717153983281,0.4471714849955755,Sparse federal evidence off,False,-0.07451598878198129
Sydenham,Western Metro,ALP,ALP,ON,0.5037435355003301,0.4962564644996698,0.0037435355003301307,ALP-ON,IND>GRN>OTH>LNP,0.5153847101521721,0.48461528984782787,IND>GRN>OTH>ON,0.5037435355003301,0.4962564644996698,IND>GRN>OTH>LNP,ALP,ALP-ON,0.003586696788217103,0.5130374221884525,Sparse federal evidence off,False,0.23472879637196353
Tarneit,Western Metro,ALP,ALP,ON,0.5430620189444063,0.4569379810555938,0.04306201894440631,ALP-ON,IND>GRN>OTH>LNP,0.5566319562063008,0.4433680437936993,IND>GRN>OTH>ON,0.5430620189444063,0.4569379810555938,IND>GRN>OTH>LNP,ALP,ALP-ON,0.04305406904669118,0.5547586956578089,Sparse federal evidence off,False,0.18732605484919063
Thomastown,Northern Metro,ALP,ALP,ON,0.5654052526371588,0.4345947473628412,0.0654052526371588,ALP-ON,IND>GRN>OTH>LNP,0.6011028706010508,0.3988971293989491,IND>GRN>OTH>ON,0.5654052526371588,0.4345947473628412,IND>GRN>OTH>LNP,ALP,ALP-ON,0.06497742335599743,0.598357020678262,Sparse federal evidence off,False,0.2745849922788812
Warrandyte,North-Eastern Metro,LNP,LNP,ALP,0.6281176371073861,0.37188236289261395,0.1281176371073861,LNP-ALP,IND>OTH>GRN>ON,0.37188236289261395,0.6281176371073861,IND>OTH>GRN>ON,0.5022436877660875,0.4977563122339124,IND>OTH>GRN>LNP,LNP,LNP-ALP,0.1307062642461716,0.3692937357538284,Sparse federal evidence off,False,0.25886271387855486
Wendouree,Western Victoria,ALP,ON,ALP,0.5044293333361564,0.49557066666384364,0.00442933333615636,ON-ALP,IND>OTH>GRN>LNP,0.48654282068175303,0.5134571793182471,IND>OTH>GRN>ON,0.49557066666384364,0.5044293333361564,IND>OTH>GRN>LNP,ON,ON-ALP,0.0038523989921707136,0.4864378596063509,Sparse federal evidence off,False,0.01049610754021435
Werribee,Western Metro,ALP,ON,ALP,0.5478436624122699,0.4521563375877301,0.047843662412269894,ON-ALP,OTH>GRN>IND>LNP,0.4947951472615895,0.5052048527384104,OTH>GRN>IND>ON,0.4521563375877301,0.5478436624122699,OTH>GRN>IND>LNP,ON,ON-ALP,0.047698307448221455,0.49523772004157757,Sparse federal evidence off,False,-0.044257277998804856
Williamstown,Western Metro,ALP,ALP,ON,0.6161168003128916,0.38388319968710843,0.11611680031289162,ALP-ON,IND>OTH>GRN>LNP,0.5808655891125567,0.41913441088744335,IND>OTH>GRN>ON,0.6161168003128916,0.38388319968710843,IND>OTH>GRN>LNP,ALP,ALP-ON,0.1126399188720183,0.5736706287606234,Sparse federal evidence off,False,0.7194960351933344
Yan Yean,Northern Victoria,ALP,ON,ALP,0.5483837725941187,0.4516162274058813,0.048383772594118746,ON-ALP,IND>GRN>OTH>LNP,0.46614109827348954,0.5338589017265105,IND>GRN>OTH>ON,0.4516162274058813,0.5483837725941187,IND>GRN>OTH>LNP,ON,ON-ALP,0.04844974378208322,0.4662145826800124,Sparse federal evidence off,False,-0.007348440652288346
Albert Park,Southern Metro,ALP,ALP,LNP,0.567777037246353,0.43222296275364697,0.06777703724635298,ALP-LNP,OTH>IND>ON>GRN,0.567777037246353,0.43222296275364697,OTH>IND>ON>GRN,0.6545644795841349,0.3454355204158651,OTH>IND>GRN>LNP,ALP,ALP-LNP,0.05923456941822325,0.5592345694182232,Generic fallback pass-through,False,0.854246782812973
Ashwood,Southern Metro,ALP,LNP,ALP,0.5155094254947332,0.4844905745052667,0.01550942549473322,LNP-ALP,OTH>IND>ON>GRN,0.4844905745052667,0.5155094254947332,OTH>IND>ON>GRN,0.610624799008382,0.3893752009916181,OTH>IND>GRN>LNP,LNP,LNP-ALP,0.020153695821067186,0.4798463041789328,Generic fallback pass-through,False,0.464427032633391
Bass,Eastern Victoria,ALP,LNP,ON,0.5603514682796508,0.4396485317203493,0.060351468279650766,LNP-ON,OTH>IND>GRN>ALP,0.39129946337601795,0.6087005366239822,OTH>IND>GRN>ON,0.3649694880073937,0.6350305119926064,OTH>IND>GRN>LNP,LNP,LNP-ON,0.06091125285750687,0.36262781834297036,Generic fallback pass-through,False,2.8671645033047586
Bayswater,North-Eastern Metro,ALP,LNP,ALP,0.5421727557233634,0.4578272442766366,0.04217275572336343,LNP-ALP,IND>OTH>GRN>ON,0.4578272442766366,0.5421727557233634,IND>OTH>GRN>ON,0.5076777197238673,0.4923222802761327,IND>OTH>GRN>LNP,LNP,LNP-ALP,0.06403632794664371,0.4359636720533563,Generic fallback pass-through,False,2.1863572223280334
Bellarine,Western Victoria,ALP,ALP,LNP,0.5048072435940673,0.49519275640593285,0.004807243594067256,ALP-LNP,OTH>IND>GRN>ON,0.5048072435940673,0.49519275640593285,OTH>IND>GRN>ON,0.508052440137584,0.4919475598624161,OTH>IND>GRN>LNP,LNP,LNP-ALP,0.01309528636606383,0.4869047136339363,Generic fallback pass-through,True,1.7902529960130975
Benambra,Northern Victoria,LNP,LNP,IND,0.5553588142891797,0.4446411857108203,0.05535881428917966,LNP-IND,ALP>OTH>GRN>ON,0.2868431161082166,0.7131568838917833,OTH>GRN>ON>IND,0.35389249307972137,0.6461075069202786,OTH>GRN>LNP>IND,LNP,LNP-IND,0.08034150061428902,0.25366584770960654,Generic fallback pass-through,False,3.317726839861007
Bendigo East,Northern Victoria,ALP,ALP,LNP,0.5229678250020606,0.4770321749979393,0.022967825002060627,ALP-LNP,OTH>IND>GRN>ON,0.5229678250020606,0.4770321749979393,OTH>IND>GRN>ON,0.5319600400219503,0.4680399599780497,OTH>IND>GRN>LNP,ALP,ALP-LNP,0.0007998373286483007,0.5007998373286483,Generic fallback pass-through,False,2.2167987673412326
Bendigo West,Northern Victoria,ALP,ALP,ON,0.5370666503970005,0.4629333496029995,0.03706665039700052,ALP-ON,IND>OTH>GRN>LNP,0.5616456869298894,0.4383543130701107,IND>OTH>GRN>ON,0.5370666503970005,0.4629333496029995,IND>OTH>GRN>LNP,ALP,ALP-ON,0.03651607760092224,0.5388486066873914,Generic fallback pass-through,False,2.2797080242497936
Bentleigh,Southern Metro,ALP,ALP,LNP,0.5235414597120495,0.4764585402879506,0.023541459712049462,ALP-LNP,OTH>IND>GRN>ON,0.5235414597120495,0.4764585402879506,OTH>IND>GRN>ON,0.5973303010043945,0.4026696989956055,OTH>IND>GRN>LNP,ALP,ALP-LNP,0.004323938619625434,0.5043239386196254,Generic fallback pass-through,False,1.9217521092424028
Berwick,South-Eastern Metro,LNP,LNP,ALP,0.6287233858044192,0.37127661419558083,0.12872338580441922,LNP-ALP,IND>OTH>GRN>ON,0.37127661419558083,0.6287233858044192,IND>OTH>GRN>ON,0.38888218208170217,0.6111178179182979,IND>OTH>GRN>LNP,LNP,LNP-ALP,0.15220585578046764,0.3477941442195324,Generic fallback pass-through,False,2.3482469976048415
Box Hill,North-Eastern Metro,ALP,LNP,ALP,0.5037123211252066,0.4962876788747934,0.0037123211252065857,LNP-ALP,IND>OTH>ON>GRN,0.4962876788747934,0.5037123211252066,IND>OTH>ON>GRN,0.618447396181093,0.38155260381890693,IND>OTH>GRN>LNP,LNP,LNP-ALP,0.008204191985538456,0.49179580801446154,Generic fallback pass-through,False,0.449187086033187
Brighton,Southern Metro,LNP,LNP,GRN,0.6017785905589388,0.39822140944106116,0.10177859055893879,LNP-GRN,OTH>IND>ON>ALP,0.4032037885884214,0.5967962114115787,OTH>IND>ON>GRN,0.5963553581448863,0.40364464185511373,OTH>IND>GRN>LNP,LNP,LNP-GRN,0.09518318631618783,0.39476731238287915,Generic fallback pass-through,False,0.843647620554222
Broadmeadows,Northern Metro,ALP,ALP,ON,0.5614614370873542,0.4385385629126458,0.06146143708735419,ALP-ON,IND>GRN>OTH>LNP,0.6231342684780765,0.37686573152192343,IND>GRN>OTH>ON,0.5614614370873542,0.4385385629126458,IND>GRN>OTH>LNP,ALP,ALP-ON,0.05434911510575968,0.5922522445439949,Generic fallback pass-through,False,3.088202393408157
Brunswick,Northern Metro,GRN,GRN,ALP,0.6673169641275651,0.332683035872435,0.16731696412756514,GRN-ALP,IND>LNP>OTH>ON,0.7316852884675669,0.26831471153243314,IND>OTH>ON>GRN,0.7617797344445507,0.23822026555544917,IND>LNP>OTH>GRN,GRN,GRN-ALP,0.15930917399445177,0.7744157015773374,Generic fallback pass-through,False,-4.273041310977055
Bulleen,North-Eastern Metro,LNP,LNP,ALP,0.6228498782925039,0.37715012170749607,0.12284987829250393,LNP-ALP,OTH>IND>GRN>ON,0.37715012170749607,0.6228498782925039,OTH>IND>GRN>ON,0.5444883652788005,0.45551163472119954,OTH>IND>GRN>LNP,LNP,LNP-ALP,0.13768026752982,0.3623197324701799,Generic fallback pass-through,False,1.4830389237316166
Bundoora,North-Eastern Metro,ALP,ALP,LNP,0.5647587616220378,0.4352412383779622,0.06475876162203775,ALP-LNP,IND>OTH>GRN>ON,0.5647587616220378,0.4352412383779622,IND>OTH>GRN>ON,0.5803680616670279,0.41963193833297213,IND>OTH>GRN>LNP,ALP,ALP-LNP,0.04017841864823224,0.5401784186482322,Generic fallback pass-through,False,2.4580342973805513
Carrum,South-Eastern Metro,ALP,ON,ALP,0.5282028258111254,0.4717971741888745,0.02820282581112543,ON-ALP,IND>OTH>GRN>LNP,0.5020782192995726,0.49792178070042736,IND>OTH>GRN>ON,0.4717971741888745,0.5282028258111254,IND>OTH>GRN>LNP,ON,ON-ALP,0.028685690309956047,0.47621444755648196,Generic fallback pass-through,False,2.586377174309068
Caulfield,Southern Metro,LNP,LNP,GRN,0.5976670783246337,0.4023329216753662,0.09766707832463373,LNP-GRN,OTH>IND>ON>ALP,0.4240414767574128,0.5759585232425872,OTH>IND>ON>GRN,0.606061744603581,0.3939382553964191,OTH>IND>GRN>LNP,LNP,LNP-GRN,0.08853224337089749,0.4163136755177302,Generic fallback pass-through,False,0.7727801239682641
Clarinda,South-Eastern Metro,ALP,ALP,LNP,0.5525572249205256,0.4474427750794744,0.052557224920525614,ALP-LNP,OTH>GRN>IND>ON,0.5525572249205256,0.4474427750794744,OTH>GRN>IND>ON,0.5780615687530073,0.4219384312469927,OTH>GRN>IND>LNP,ALP,ALP-LNP,0.031349050132364775,0.5313490501323648,Generic fallback pass-through,False,2.120817478816084
Cranbourne,South-Eastern Metro,ALP,ON,ALP,0.5206593784101381,0.47934062158986196,0.020659378410138096,ON-ALP,IND>GRN>OTH>LNP,0.5243017615668428,0.4756982384331572,IND>GRN>OTH>ON,0.47934062158986196,0.5206593784101381,IND>GRN>OTH>LNP,ON,ON-ALP,0.01999781819413282,0.4966074260921617,Generic fallback pass-through,False,2.769433547468114
Croydon,North-Eastern Metro,LNP,LNP,ALP,0.5819402082847271,0.4180597917152729,0.08194020828472715,LNP-ALP,IND>OTH>GRN>ON,0.4180597917152729,0.5819402082847271,IND>OTH>GRN>ON,0.48972434959025485,0.5102756504097452,IND>OTH>GRN>LNP,LNP,LNP-ALP,0.10246137297192337,0.3975386270280766,Generic fallback pass-through,False,2.0521164687196336
Dandenong,South-Eastern Metro,ALP,ALP,ON,0.588278307658784,0.4117216923412161,0.08827830765878397,ALP-ON,IND>OTH>GRN>LNP,0.6312673881061032,0.3687326118938969,IND>OTH>GRN>ON,0.588278307658784,0.4117216923412161,IND>OTH>GRN>LNP,ALP,ALP-ON,0.09098046216768862,0.6101929839512263,Generic fallback pass-through,False,2.1074404154876825
Eildon,Northern Victoria,LNP,LNP,ON,0.5994755655611942,0.40052443443880587,0.09947556556119419,LNP-ON,IND>OTH>GRN>ALP,0.35774701587855734,0.6422529841214427,IND>OTH>GRN>ON,0.35314892272420023,0.6468510772757997,IND>OTH>GRN>LNP,LNP,LNP-ON,0.0994798556501374,0.3319057843679647,Generic fallback pass-through,False,2.5841231510592646
Eltham,North-Eastern Metro,ALP,ALP,LNP,0.5264806050782886,0.4735193949217114,0.026480605078288644,ALP-LNP,IND>OTH>GRN>ON,0.5264806050782886,0.4735193949217114,IND>OTH>GRN>ON,0.5692556245065835,0.4307443754934166,IND>OTH>GRN>LNP,ALP,ALP-LNP,0.00651455952423019,0.5065145595242302,Generic fallback pass-through,False,1.9966045554058454
Essendon,Northern Metro,ALP,ALP,LNP,0.5452689777830483,0.45473102221695166,0.04526897778304828,ALP-LNP,IND>OTH>GRN>ON,0.5452689777830483,0.45473102221695166,IND>OTH>GRN>ON,0.5580852778447666,0.4419147221552334,IND>OTH>GRN>LNP,ALP,ALP-LNP,0.01960794500175056,0.5196079450017506,Generic fallback pass-through,False,2.566103278129772
Eureka,Western Victoria,ALP,ON,ALP,0.5841327604481652,0.41586723955183486,0.0841327604481652,ON-ALP,IND>OTH>GRN>LNP,0.4756833067601049,0.5243166932398952,IND>OTH>GRN>ON,0.41586723955183486,0.5841327604481652,IND>OTH>GRN>LNP,ON,ON-ALP,0.08463734514444254,0.4454385157396719,Generic fallback pass-through,False,3.024479102043298
Euroa,Northern Victoria,LNP,LNP,ON,0.5937472227583391,0.4062527772416609,0.09374722275833913,LNP-ON,IND>OTH>GRN>ALP,0.31396277972620223,0.6860372202737978,IND>OTH>GRN>ON,0.3193559744691046,0.6806440255308954,IND>OTH>GRN>LNP,LNP,LNP-ON,0.09355780528696012,0.28828207895569535,Generic fallback pass-through,False,2.568070077050688
Evelyn,Eastern Victoria,LNP,LNP,ALP,0.6356269931253666,0.3643730068746334,0.13562699312536663,LNP-ALP,IND>OTH>GRN>ON,0.3643730068746334,0.6356269931253666,IND>OTH>GRN>ON,0.3907965569916781,0.609203443008322,IND>OTH>GRN>LNP,LNP,LNP-ALP,0.15682799361884747,0.3431720063811526,Generic fallback pass-through,False,2.1201000493480837
Footscray,Western Metro,ALP,ALP,GRN,0.5165955273936352,0.4834044726063648,0.016595527393635234,ALP-GRN,IND>OTH>LNP>ON,0.6683177109474184,0.3316822890525816,IND>OTH>ON>GRN,0.7383887778383557,0.26161122216164434,IND>OTH>LNP>GRN,ALP,ALP-GRN,0.027632370246070903,0.6842710472180838,Generic fallback pass-through,False,-1.595333627066542
Frankston,South-Eastern Metro,ALP,ALP,ON,0.5038670266728779,0.4961329733271222,0.00386702667287786,ALP-ON,IND>OTH>GRN>LNP,0.5246354815952315,0.4753645184047685,IND>OTH>GRN>ON,0.5038670266728779,0.4961329733271222,IND>OTH>GRN>LNP,ALP,ALP-ON,0.003830064317172477,0.4968822042256543,Generic fallback pass-through,False,2.7753277369577223
Geelong,Western Victoria,ALP,ON,ALP,0.518208890389445,0.48179110961055505,0.018208890389444954,ON-ALP,OTH>IND>GRN>LNP,0.532213269972997,0.46778673002700305,OTH>IND>GRN>ON,0.48179110961055505,0.518208890389445,OTH>IND>GRN>LNP,ON,ON-ALP,0.018451384779510027,0.5013031741653313,Generic fallback pass-through,False,3.0910095807665683
Gippsland East,Eastern Victoria,LNP,LNP,ON,0.599841963678867,0.40015803632113306,0.099841963678867,LNP-ON,IND>ALP>OTH>GRN,0.2149390727348542,0.7850609272651459,IND>OTH>GRN>ON,0.2204336715360392,0.7795663284639608,IND>OTH>GRN>LNP,LNP,LNP-ON,0.09740032695815293,0.1859586341037342,Generic fallback pass-through,False,2.8980438631119987
Gippsland South,Eastern Victoria,LNP,LNP,ON,0.5887230855270739,0.4112769144729261,0.08872308552707386,LNP-ON,OTH>IND>GRN>ALP,0.2736113014540522,0.7263886985459478,OTH>IND>GRN>ON,0.2705503417936476,0.7294496582063524,OTH>IND>GRN>LNP,LNP,LNP-ON,0.08867873010667882,0.24394450187296812,Generic fallback pass-through,False,2.966679958108409
Glen Waverley,North-Eastern Metro,ALP,LNP,ALP,0.5344693448237813,0.46553065517621867,0.03446934482378128,LNP-ALP,IND>OTH>GRN>ON,0.46553065517621867,0.5344693448237813,IND>OTH>GRN>ON,0.594315405411723,0.40568459458827694,IND>OTH>GRN>LNP,LNP,LNP-ALP,0.04878285544095928,0.45121714455904083,Generic fallback pass-through,False,1.4313510617177838
Greenvale,Northern Metro,ALP,ALP,ON,0.5514109402288518,0.4485890597711482,0.05141094022885184,ALP-ON,IND>GRN>OTH>LNP,0.5705332384622864,0.4294667615377137,IND>GRN>OTH>ON,0.5514109402288518,0.4485890597711482,IND>GRN>OTH>LNP,ALP,ALP-ON,0.05249533403601159,0.5527690930731672,Generic fallback pass-through,False,1.776414538911919
Hastings,Eastern Victoria,ALP,LNP,ALP,0.5764154968908126,0.42358450310918744,0.07641549689081262,LNP-ALP,IND>OTH>GRN>ON,0.42358450310918744,0.5764154968908126,IND>OTH>GRN>ON,0.40069935345256685,0.5993006465474331,IND>OTH>GRN>LNP,LNP,LNP-ALP,0.10301840350523894,0.39698159649476106,Generic fallback pass-through,False,2.6602906614426383
Hawthorn,Southern Metro,LNP,LNP,GRN,0.6352115798222837,0.3647884201777163,0.1352115798222837,LNP-GRN,OTH>ON>ALP>IND,0.45398826009062027,0.5460117399093797,OTH>ON>GRN>IND,0.6491431541063326,0.35085684589366745,OTH>GRN>IND>LNP,LNP,LNP-GRN,0.13954527662780758,0.4593923064002629,Generic fallback pass-through,False,-0.540404630964264
Ivanhoe,North-Eastern Metro,ALP,ALP,LNP,0.5547883205847898,0.44521167941521017,0.054788320584789774,ALP-LNP,OTH>IND>ON>GRN,0.5547883205847898,0.44521167941521017,OTH>IND>ON>GRN,0.6230733108304577,0.3769266891695424,OTH>IND>GRN>LNP,ALP,ALP-LNP,0.048835362004888694,0.5488353620048887,Generic fallback pass-through,False,0.595295857990108
Kalkallo,Northern Metro,ALP,ALP,ON,0.540384978379044,0.4596150216209561,0.04038497837904398,ALP-ON,IND>GRN>OTH>LNP,0.5861243847974787,0.4138756152025213,IND>GRN>OTH>ON,0.540384978379044,0.4596150216209561,IND>GRN>OTH>LNP,ALP,ALP-ON,0.0407839106933392,0.5680451973216231,Generic fallback pass-through,False,1.8079187475855685
Kew,Southern Metro,LNP,LNP,IND,0.6152786861787045,0.38472131382129543,0.11527868617870451,LNP-IND,OTH>ON>GRN>ALP,0.4164393975402955,0.5835606024597045,OTH>ON>GRN>IND,0.6311957401303723,0.3688042598696278,OTH>GRN>IND>LNP,LNP,LNP-IND,0.11040986738952074,0.4191789954650264,Generic fallback pass-through,False,-0.27395979247308855
Kororoit,Western Metro,ALP,ALP,ON,0.5471074957585018,0.4528925042414982,0.047107495758501816,ALP-ON,IND>GRN>OTH>LNP,0.6105632644873589,0.38943673551264113,IND>GRN>OTH>ON,0.5471074957585018,0.4528925042414982,IND>GRN>OTH>LNP,ALP,ALP-ON,0.0485914056387311,0.5900417251502089,Generic fallback pass-through,False,2.052153933714995
Lara,Western Victoria,ALP,ON,ALP,0.5380641201409206,0.4619358798590794,0.03806412014092064,ON-ALP,IND>OTH>GRN>LNP,0.5485059130374111,0.4514940869625889,IND>OTH>GRN>ON,0.4619358798590794,0.5380641201409206,IND>OTH>GRN>LNP,ON,ON-ALP,0.03901353088723558,0.5151572662962255,Generic fallback pass-through,False,3.334864674118565
Laverton,Western Metro,ALP,ALP,ON,0.5874924286229677,0.41250757137703237,0.08749242862296769,ALP-ON,IND>GRN>OTH>LNP,0.6241001218903548,0.37589987810964515,IND>GRN>OTH>ON,0.5874924286229677,0.41250757137703237,IND>GRN>OTH>LNP,ALP,ALP-ON,0.07833732811089555,0.5946109812401761,Generic fallback pass-through,False,2.9489140650178713
Lowan,Western Victoria,LNP,LNP,ON,0.6279261448065999,0.37207385519340014,0.12792614480659992,LNP-ON,IND>OTH>ALP>GRN,0.22687390185184478,0.7731260981481552,IND>OTH>GRN>ON,0.2416452120075005,0.7583547879924994,IND>OTH>GRN>LNP,LNP,LNP-ON,0.12977399005266355,0.20138693183158912,Generic fallback pass-through,False,2.5486970020255657
Macedon,Northern Victoria,ALP,ON,ALP,0.5356489861050306,0.46435101389496936,0.035648986105030644,ON-ALP,OTH>IND>GRN>LNP,0.5023578389364015,0.49764216106359843,OTH>IND>GRN>ON,0.46435101389496936,0.5356489861050306,OTH>IND>GRN>LNP,ON,ON-ALP,0.035772177932216764,0.47685638703085803,Generic fallback pass-through,False,2.550145190554348
Malvern,Southern Metro,LNP,LNP,GRN,0.6551937260867026,0.3448062739132975,0.15519372608670257,LNP-GRN,IND>OTH>ON>ALP,0.36170420201844583,0.6382957979815542,IND>OTH>ON>GRN,0.5962702941593994,0.4037297058406007,IND>OTH>GRN>LNP,LNP,LNP-GRN,0.14563823585614677,0.356420375757246,Generic fallback pass-through,False,0.5283826261199831
Melbourne,Northern Metro,GRN,GRN,ALP,0.6441823788279007,0.3558176211720993,0.14418237882790075,GRN-ALP,IND>OTH>LNP>ON,0.6649064298113544,0.3350935701886456,IND>OTH>ON>GRN,0.7555770918070838,0.24442290819291634,IND>OTH>LNP>GRN,GRN,GRN-ALP,0.1345712205342986,0.7008125692231191,Generic fallback pass-through,False,-3.590613941176468
Melton,Western Victoria,ALP,ON,ALP,0.5519751294179166,0.44802487058208335,0.0519751294179166,ON-ALP,GRN>OTH>LNP>IND,0.4391614669673642,0.5608385330326358,GRN>OTH>IND>ON,0.44802487058208335,0.5519751294179166,GRN>OTH>LNP>IND,ON,ON-IND,0.06517882456958946,0.41168798719986416,Generic fallback pass-through,False,2.747347976750003
Mildura,Northern Victoria,LNP,IND,ON,0.5228785683058752,0.4771214316941248,0.022878568305875202,IND-ON,OTH>ALP>GRN>LNP,0.29947953213010753,0.7005204678698925,OTH>GRN>ON>IND,0.3602314274053173,0.6397685725946827,OTH>GRN>LNP>IND,IND,IND-ON,0.010943237802424122,0.26059647588310125,Generic fallback pass-through,False,3.8883056247006276
Mill Park,North-Eastern Metro,ALP,ALP,ON,0.5309039734448971,0.4690960265551029,0.030903973444897148,ALP-ON,IND>GRN>OTH>LNP,0.5737501638450757,0.4262498361549244,IND>GRN>OTH>ON,0.5309039734448971,0.4690960265551029,IND>GRN>OTH>LNP,ALP,ALP-ON,0.03145662783929182,0.5481342339775962,Generic fallback pass-through,False,2.5615929867479514
Monbulk,Eastern Victoria,ALP,LNP,ALP,0.5182765298527525,0.4817234701472475,0.01827652985275252,LNP-ALP,OTH>IND>GRN>ON,0.4817234701472475,0.5182765298527525,OTH>IND>GRN>ON,0.4491803804503442,0.5508196195496557,OTH>IND>GRN>LNP,LNP,LNP-ALP,0.04280014574790758,0.4571998542520924,Generic fallback pass-through,False,2.452361589515506
Mordialloc,South-Eastern Metro,ALP,ALP,LNP,0.5235894167955366,0.47641058320446344,0.02358941679553661,ALP-LNP,OTH>IND>GRN>ON,0.5235894167955366,0.47641058320446344,OTH>IND>GRN>ON,0.5662960476705616,0.4337039523294385,OTH>IND>GRN>LNP,ALP,ALP-LNP,0.0006523366847913659,0.5006523366847914,Generic fallback pass-through,False,2.2937080110745245
Mornington,Eastern Victoria,LNP,LNP,IND,0.6020260650101507,0.39797393498984934,0.10202606501015066,LNP-IND,OTH>GRN>ALP>ON,0.3286284981339417,0.6713715018660583,OTH>GRN>ON>IND,0.358836616717644,0.641163383282356,OTH>GRN>IND>LNP,LNP,LNP-IND,0.11769276716963739,0.3106615771331403,Generic fallback pass-through,False,1.7966921000801384
Morwell,Eastern Victoria,LNP,ON,LNP,0.5166939230885568,0.48330607691144317,0.016693923088556772,ON-LNP,GRN>OTH>IND>ALP,0.4077389032393239,0.5922610967606761,GRN>OTH>IND>ON,0.34224478340772935,0.6577552165922707,GRN>OTH>IND>LNP,ON,ON-LNP,0.01832732253919178,0.3602782798049009,Generic fallback pass-through,False,4.746062343442298
Mulgrave,South-Eastern Metro,ALP,ALP,ON,0.6757840805636826,0.3242159194363175,0.17578408056368255,ALP-ON,OTH>GRN>LNP>IND,0.6398321441332487,0.3601678558667513,OTH>GRN>IND>ON,0.6757840805636826,0.3242159194363175,OTH>GRN>LNP>IND,ALP,ALP-ON,0.1758663202497328,0.6036332319012444,Generic fallback pass-through,False,3.619891223200433
Murray Plains,Northern Victoria,LNP,LNP,ON,0.594469453353179,0.40553054664682103,0.09446945335317902,LNP-ON,IND>ALP>GRN>OTH,0.19784063464130527,0.8021593653586947,IND>GRN>OTH>ON,0.20063761033760547,0.7993623896623945,IND>GRN>OTH>LNP,LNP,LNP-ON,0.09234874762214595,0.1694726884230766,Generic fallback pass-through,False,2.8367946218228663
Narracan,Eastern Victoria,LNP,LNP,ON,0.6168753304144525,0.38312466958554753,0.11687533041445253,LNP-ON,OTH>IND>ALP>GRN,0.37312909967649316,0.6268709003235069,OTH>IND>GRN>ON,0.3659484376734594,0.6340515623265407,OTH>IND>GRN>LNP,LNP,LNP-ON,0.12284469016527277,0.3561454128732082,Generic fallback pass-through,False,1.6983686803284936
Narre Warren North,South-Eastern Metro,ALP,ON,ALP,0.5014705663637578,0.4985294336362422,0.0014705663637577526,ON-ALP,IND>GRN>OTH>LNP,0.5343488147292458,0.4656511852707542,IND>GRN>OTH>ON,0.4985294336362422,0.5014705663637578,IND>GRN>OTH>LNP,ON,ON-ALP,0.001128942238424857,0.5066770859269301,Generic fallback pass-through,False,2.767172880231572
Narre Warren South,South-Eastern Metro,ALP,ALP,ON,0.5064543874592493,0.49354561254075074,0.006454387459249311,ALP-ON,IND>GRN>OTH>LNP,0.5311408074260091,0.468859192573991,IND>GRN>OTH>ON,0.5064543874592493,0.49354561254075074,IND>GRN>OTH>LNP,ALP,ALP-ON,0.007096740180236871,0.5050173907012259,Generic fallback pass-through,False,2.6123416724783244
Nepean,Eastern Victoria,LNP,LNP,ALP,0.6425145018450038,0.3574854981549962,0.1425145018450038,LNP-ALP,OTH>IND>GRN>ON,0.3574854981549962,0.6425145018450038,OTH>IND>GRN>ON,0.38289825557429336,0.6171017444257066,OTH>IND>GRN>LNP,LNP,LNP-ALP,0.1645952589134283,0.33540474108657164,Generic fallback pass-through,False,2.208075706842455
Niddrie,Western Metro,ALP,ALP,ON,0.5167790498250439,0.4832209501749562,0.016779049825043857,ALP-ON,IND>OTH>GRN>LNP,0.502638344363383,0.49736165563661705,IND>OTH>GRN>ON,0.5167790498250439,0.4832209501749562,IND>OTH>GRN>LNP,ALP,ALP-ON,0.01605899527420307,0.4734736460902343,Generic fallback pass-through,False,2.9164698273148657
Northcote,Northern Metro,ALP,GRN,ALP,0.5525347635307722,0.4474652364692277,0.052534763530772244,GRN-ALP,IND>LNP>OTH>ON,0.7115109764659194,0.2884890235340805,IND>OTH>ON>GRN,0.7228802336900947,0.27711976630990526,IND>LNP>OTH>GRN,GRN,GRN-ALP,0.04152030118116612,0.7385153919698288,Generic fallback pass-through,False,-2.700441550390942
Oakleigh,Southern Metro,ALP,ALP,LNP,0.5721733595019237,0.4278266404980763,0.07217335950192372,ALP-LNP,OTH>IND>GRN>ON,0.5721733595019237,0.4278266404980763,OTH>IND>GRN>ON,0.6049692182931382,0.39503078170686173,OTH>IND>GRN>LNP,ALP,ALP-LNP,0.05058913085493555,0.5505891308549355,Generic fallback pass-through,False,2.158422864698817
Ovens Valley,Northern Victoria,LNP,LNP,ON,0.5978881120248345,0.4021118879751655,0.0978881120248345,LNP-ON,IND>ALP>OTH>GRN,0.2857596367128633,0.7142403632871367,IND>GRN>OTH>ON,0.2685297668021175,0.7314702331978825,IND>GRN>OTH>LNP,LNP,LNP-ON,0.09664647395374848,0.25698969034319064,Generic fallback pass-through,False,2.876994636967267
Pakenham,Eastern Victoria,ALP,LNP,ON,0.5255831773129402,0.4744168226870598,0.025583177312940242,LNP-ON,IND>GRN>OTH>ALP,0.4237572447886057,0.5762427552113942,IND>GRN>OTH>ON,0.37655248085572873,0.6234475191442713,IND>GRN>OTH>LNP,LNP,LNP-ON,0.02224783500914973,0.39519678490634497,Generic fallback pass-through,False,2.8560459882260747
Pascoe Vale,Northern Metro,ALP,GRN,ALP,0.5019154932778067,0.49808450672219334,0.0019154932778067124,GRN-ALP,OTH>IND>LNP>ON,0.6049734593782966,0.3950265406217034,OTH>IND>ON>GRN,0.6604819366891008,0.3395180633108991,OTH>IND>LNP>GRN,ALP,ALP-GRN,0.011908787543767452,0.6211584613783508,Generic fallback pass-through,True,-1.6185002000054238
Point Cook,Western Metro,ALP,ON,ALP,0.5001237204070227,0.49987627959297737,0.00012372040702268716,ON-ALP,OTH>GRN>IND>LNP,0.5550237724124469,0.444976227587553,OTH>GRN>IND>ON,0.49987627959297737,0.5001237204070227,OTH>GRN>IND>LNP,ON,ON-ALP,0.0041116787621958695,0.5200675760468159,Generic fallback pass-through,False,3.4956196365631076
Polwarth,Western Victoria,LNP,LNP,ON,0.6586619782260364,0.3413380217739635,0.15866197822603645,LNP-ON,IND>OTH>ALP>GRN,0.39296028277829453,0.6070397172217055,IND>OTH>GRN>ON,0.40230368645436704,0.5976963135456329,IND>OTH>GRN>LNP,LNP,LNP-GRN,0.15766811941878434,0.3732634887398311,Generic fallback pass-through,False,1.9696794038463417
Prahran,Southern Metro,GRN,GRN,LNP,0.5903166889996452,0.4096833110003549,0.09031668899964518,GRN-LNP,IND>OTH>ALP>ON,0.5375260624750122,0.46247393752498783,IND>OTH>ON>GRN,0.6981864813893207,0.3018135186106793,IND>OTH>LNP>GRN,GRN,GRN-LNP,0.06478914399128877,0.569020344305782,Generic fallback pass-through,False,-3.1494281830769744
Preston,Northern Metro,ALP,ALP,ON,0.602163797443569,0.39783620255643104,0.10216379744356896,ALP-ON,OTH>LNP>IND>GRN,0.6273371405337005,0.37266285946629946,OTH>IND>GRN>ON,0.602163797443569,0.39783620255643104,OTH>LNP>IND>GRN,ALP,ALP-ON,0.10527105010985471,0.6020639610251382,Generic fallback pass-through,False,2.527317950856234
Richmond,Northern Metro,GRN,GRN,ALP,0.604832133475674,0.39516786652432595,0.104832133475674,GRN-ALP,IND>OTH>LNP>ON,0.7021693417326561,0.2978306582673439,IND>OTH>ON>GRN,0.7674323011058456,0.23256769889415438,IND>OTH>LNP>GRN,GRN,GRN-ALP,0.09572066883536323,0.7358983213804116,Generic fallback pass-through,False,-3.3728979647755453
Ringwood,North-Eastern Metro,ALP,LNP,ALP,0.5081075804291386,0.4918924195708615,0.008107580429138617,LNP-ALP,IND>OTH>ON>GRN,0.4918924195708615,0.5081075804291386,IND>OTH>ON>GRN,0.5676728368092167,0.43232716319078346,IND>OTH>GRN>LNP,LNP,LNP-ALP,0.013588914217029457,0.4864110857829706,Generic fallback pass-through,False,0.5481333787890896
Ripon,Western Victoria,ALP,ON,ALP,0.6149589857133144,0.3850410142866856,0.11495898571331442,ON-ALP,IND>GRN>OTH>LNP,0.4425979665240046,0.5574020334759955,IND>GRN>OTH>ON,0.3850410142866856,0.6149589857133144,IND>GRN>OTH>LNP,ON,ON-ALP,0.11491448099987323,0.4159588959808573,Generic fallback pass-through,False,2.663907054314735
Rowville,South-Eastern Metro,LNP,LNP,ALP,0.5943964103227942,0.40560358967720583,0.09439641032279422,LNP-ALP,OTH>GRN>IND>ON,0.40560358967720583,0.5943964103227942,OTH>GRN>IND>ON,0.4938179710720391,0.5061820289279609,OTH>GRN>IND>LNP,LNP,LNP-ALP,0.11048381405203433,0.38951618594796567,Generic fallback pass-through,False,1.6087403729240168
Sandringham,Southern Metro,LNP,LNP,GRN,0.6213946707723832,0.37860532922761686,0.1213946707723832,LNP-GRN,OTH>IND>ALP>ON,0.37818476504780607,0.6218152349521939,OTH>IND>ON>GRN,0.5227536674190228,0.4772463325809772,OTH>IND>GRN>LNP,LNP,LNP-GRN,0.13457165092023693,0.3719348920100771,Generic fallback pass-through,False,0.6249873037728948
Shepparton,Northern Victoria,LNP,LNP,IND,0.5673660366052182,0.4326339633947818,0.06736603660521823,LNP-IND,ALP>OTH>GRN>ON,0.28143126764497745,0.7185687323550226,OTH>GRN>ON>IND,0.2900558138409932,0.7099441861590068,OTH>GRN>IND>LNP,LNP,LNP-IND,0.09458377633457105,0.24461921001920806,Generic fallback pass-through,False,3.6812057625769388
South Barwon,Western Victoria,ALP,LNP,ALP,0.5145617916736639,0.48543820832633616,0.014561791673663893,LNP-ALP,IND>OTH>GRN>ON,0.48543820832633616,0.5145617916736639,IND>OTH>GRN>ON,0.49449253787901193,0.5055074621209882,IND>OTH>GRN>LNP,LNP,LNP-ALP,0.036643731266309376,0.46335626873369073,Generic fallback pass-through,False,2.208193959264543
South-West Coast,Western Victoria,LNP,LNP,IND,0.5670905016355472,0.43290949836445286,0.0670905016355472,LNP-IND,OTH>GRN>ALP>ON,0.3590387924326321,0.640961207567368,OTH>GRN>ON>IND,0.34144496451112183,0.6585550354888782,OTH>GRN>IND>LNP,LNP,LNP-IND,0.08561137386372708,0.3508070051820872,Generic fallback pass-through,False,0.8231787250544909
St Albans,Western Metro,ALP,ALP,ON,0.5542037236023727,0.4457962763976273,0.05420372360237269,ALP-ON,IND>GRN>OTH>LNP,0.5735005565492196,0.4264994434507804,IND>GRN>OTH>ON,0.5542037236023727,0.4457962763976273,IND>GRN>OTH>LNP,ALP,ALP-ON,0.04878187928334221,0.5449496055889691,Generic fallback pass-through,False,2.855095096025051
Sunbury,Western Metro,ALP,ON,ALP,0.5697682073485063,0.43023179265149364,0.0697682073485063,ON-ALP,IND>OTH>GRN>LNP,0.47623646107405937,0.5237635389259406,IND>OTH>GRN>ON,0.43023179265149364,0.5697682073485063,IND>OTH>GRN>LNP,ON,ON-ALP,0.07032717153983281,0.4471714849955755,Generic fallback pass-through,False,2.906497607848385
Sydenham,Western Metro,ALP,ALP,ON,0.5030213587868932,0.49697864121310675,0.0030213587868932468,ALP-ON,IND>GRN>OTH>LNP,0.5380344605458453,0.4619655394541548,IND>GRN>OTH>ON,0.5030213587868932,0.49697864121310675,IND>GRN>OTH>LNP,ALP,ALP-ON,0.003586696788217103,0.5130374221884525,Generic fallback pass-through,False,2.4997038357392753
Tarneit,Western Metro,ALP,ALP,ON,0.5467223972991461,0.45327760270085404,0.04672239729914607,ALP-ON,IND>GRN>OTH>LNP,0.58296841418283,0.41703158581717015,IND>GRN>OTH>ON,0.5467223972991461,0.45327760270085404,IND>GRN>OTH>LNP,ALP,ALP-ON,0.04305406904669118,0.5547586956578089,Generic fallback pass-through,False,2.8209718525021077
Thomastown,Northern Metro,ALP,ALP,ON,0.5635570276260664,0.43644297237393354,0.06355702762606641,ALP-ON,IND>GRN>OTH>LNP,0.6212453894783779,0.37875461052162207,IND>GRN>OTH>ON,0.5635570276260664,0.43644297237393354,IND>GRN>OTH>LNP,ALP,ALP-ON,0.06497742335599743,0.598357020678262,Generic fallback pass-through,False,2.288836880011591
Warrandyte,North-Eastern Metro,LNP,LNP,ALP,0.6142076626716604,0.3857923373283396,0.11420766267166038,LNP-ALP,IND>OTH>GRN>ON,0.3857923373283396,0.6142076626716604,IND>OTH>GRN>ON,0.5016942642216238,0.4983057357783762,IND>OTH>GRN>LNP,LNP,LNP-ALP,0.1307062642461716,0.3692937357538284,Generic fallback pass-through,False,1.6498601574511218
Wendouree,Western Victoria,ALP,ON,ALP,0.5034064027160117,0.49659359728398844,0.0034064027160116694,ON-ALP,IND>OTH>GRN>LNP,0.5127142056801999,0.4872857943198002,IND>OTH>GRN>ON,0.49659359728398844,0.5034064027160117,IND>OTH>GRN>LNP,ON,ON-ALP,0.0038523989921707136,0.4864378596063509,Generic fallback pass-through,False,2.627634607384899
Werribee,Western Metro,ALP,ON,ALP,0.5459086597906888,0.4540913402093112,0.04590865979068881,ON-ALP,OTH>GRN>IND>LNP,0.5261324051227012,0.47386759487729885,OTH>GRN>IND>ON,0.4540913402093112,0.5459086597906888,OTH>GRN>IND>LNP,ON,ON-ALP,0.047698307448221455,0.49523772004157757,Generic fallback pass-through,False,3.089468508112364
Williamstown,Western Metro,ALP,ALP,ON,0.6153022992512543,0.38469770074874565,0.11530229925125435,ALP-ON,IND>OTH>GRN>LNP,0.6031873955729828,0.3968126044270171,IND>OTH>GRN>ON,0.6153022992512543,0.38469770074874565,IND>OTH>GRN>LNP,ALP,ALP-ON,0.1126399188720183,0.5736706287606234,Generic fallback pass-through,False,2.9516766812359485
Yan Yean,Northern Victoria,ALP,ON,ALP,0.5491415453305079,0.4508584546694922,0.04914154533050785,ON-ALP,IND>GRN>OTH>LNP,0.4864806638484995,0.5135193361515005,IND>GRN>OTH>ON,0.4508584546694922,0.5491415453305079,IND>GRN>OTH>LNP,ON,ON-ALP,0.04844974378208322,0.4662145826800124,Generic fallback pass-through,False,2.026608116848705
Albert Park,Southern Metro,ALP,ALP,LNP,0.5689535272941594,0.4310464727058406,0.06895352729415938,ALP-LNP,OTH>IND>ON>GRN,0.5689535272941594,0.4310464727058406,OTH>IND>ON>GRN,0.6588523559537208,0.3411476440462791,OTH>IND>GRN>LNP,ALP,ALP-LNP,0.05923456941822325,0.5592345694182232,Pass-through + sparse evidence off,False,0.971895787593613
Ashwood,Southern Metro,ALP,LNP,ALP,0.5149444371837926,0.4850555628162075,0.01494443718379257,LNP-ALP,OTH>IND>ON>GRN,0.4850555628162075,0.5149444371837926,OTH>IND>ON>GRN,0.612059784075093,0.3879402159249071,OTH>IND>GRN>LNP,LNP,LNP-ALP,0.020153695821067186,0.4798463041789328,Pass-through + sparse evidence off,False,0.5209258637274672
Bass,Eastern Victoria,ALP,LNP,ON,0.5605225243004756,0.4394774756995244,0.060522524300475555,LNP-ON,OTH>IND>GRN>ALP,0.392949017811114,0.6070509821888861,OTH>IND>GRN>ON,0.36415283977454393,0.6358471602254562,OTH>IND>GRN>LNP,LNP,LNP-ON,0.06091125285750687,0.36262781834297036,Pass-through + sparse evidence off,False,3.0321199468143654
Bayswater,North-Eastern Metro,ALP,LNP,ALP,0.5373944153145118,0.4626055846854883,0.03739441531451182,LNP-ALP,IND>OTH>GRN>ON,0.4626055846854883,0.5373944153145118,IND>OTH>GRN>ON,0.5079442540779165,0.49205574592208356,IND>OTH>GRN>LNP,LNP,LNP-ALP,0.06403632794664371,0.4359636720533563,Pass-through + sparse evidence off,False,2.6641912632132003
Bellarine,Western Victoria,ALP,ALP,LNP,0.5071700546577207,0.49282994534227925,0.0071700546577206925,ALP-LNP,OTH>IND>GRN>ON,0.5071700546577207,0.49282994534227925,OTH>IND>GRN>ON,0.5073720973110637,0.4926279026889364,OTH>IND>GRN>LNP,LNP,LNP-ALP,0.01309528636606383,0.4869047136339363,Pass-through + sparse evidence off,True,2.026534102378441
Benambra,Northern Victoria,LNP,LNP,IND,0.5553588142891797,0.4446411857108203,0.05535881428917966,LNP-IND,ALP>OTH>GRN>ON,0.2872291841587312,0.7127708158412688,OTH>GRN>ON>IND,0.35389249307972137,0.6461075069202786,OTH>GRN>LNP>IND,LNP,LNP-IND,0.08034150061428902,0.25366584770960654,Pass-through + sparse evidence off,False,3.356333644912468
Bendigo East,Northern Victoria,ALP,ALP,LNP,0.5259825187367856,0.47401748126321447,0.025982518736785587,ALP-LNP,OTH>IND>GRN>ON,0.5259825187367856,0.47401748126321447,OTH>IND>GRN>ON,0.5313095200241102,0.4686904799758897,OTH>IND>GRN>LNP,ALP,ALP-LNP,0.0007998373286483007,0.5007998373286483,Pass-through + sparse evidence off,False,2.5182681408137286
Bendigo West,Northern Victoria,ALP,ALP,ON,0.5370010893312368,0.46299891066876325,0.0370010893312368,ALP-ON,IND>OTH>GRN>LNP,0.565728335475294,0.43427166452470606,IND>OTH>GRN>ON,0.5370010893312368,0.46299891066876325,IND>OTH>GRN>LNP,ALP,ALP-ON,0.03651607760092224,0.5388486066873914,Pass-through + sparse evidence off,False,2.687972878790257
Bentleigh,Southern Metro,ALP,ALP,LNP,0.5291119953079546,0.47088800469204545,0.029111995307954608,ALP-LNP,OTH>IND>GRN>ON,0.5291119953079546,0.47088800469204545,OTH>IND>GRN>ON,0.5981534635737307,0.4018465364262693,OTH>IND>GRN>LNP,ALP,ALP-LNP,0.004323938619625434,0.5043239386196254,Pass-through + sparse evidence off,False,2.4788056688329174
Berwick,South-Eastern Metro,LNP,LNP,ALP,0.627264922467502,0.372735077532498,0.12726492246750198,LNP-ALP,IND>OTH>GRN>ON,0.372735077532498,0.627264922467502,IND>OTH>GRN>ON,0.38708297164641736,0.6129170283535826,IND>OTH>GRN>LNP,LNP,LNP-ALP,0.15220585578046764,0.3477941442195324,Pass-through + sparse evidence off,False,2.4940933312965594
Box Hill,North-Eastern Metro,ALP,LNP,ALP,0.5031942029721787,0.49680579702782135,0.0031942029721786502,LNP-ALP,IND>OTH>ON>GRN,0.49680579702782135,0.5031942029721787,IND>OTH>ON>GRN,0.6197163484748163,0.38028365152518373,IND>OTH>GRN>LNP,LNP,LNP-ALP,0.008204191985538456,0.49179580801446154,Pass-through + sparse evidence off,False,0.5009989013359806
Brighton,Southern Metro,LNP,LNP,GRN,0.6017785905589388,0.39822140944106116,0.10177859055893879,LNP-GRN,OTH>IND>ON>ALP,0.40409111267150727,0.5959088873284928,OTH>IND>ON>GRN,0.5989022215195898,0.4010977784804102,OTH>IND>GRN>LNP,LNP,LNP-GRN,0.09518318631618783,0.39476731238287915,Pass-through + sparse evidence off,False,0.9323800288628115
Broadmeadows,Northern Metro,ALP,ALP,ON,0.5614860368864785,0.43851396311352153,0.06148603688647847,ALP-ON,IND>GRN>OTH>LNP,0.6280213666419293,0.3719786333580707,IND>GRN>OTH>ON,0.5614860368864785,0.43851396311352153,IND>GRN>OTH>LNP,ALP,ALP-ON,0.05434911510575968,0.5922522445439949,Pass-through + sparse evidence off,False,3.576912209793437
Brunswick,Northern Metro,GRN,GRN,ALP,0.6673169641275651,0.332683035872435,0.16731696412756514,GRN-ALP,IND>LNP>OTH>ON,0.7327406644927698,0.26725933550723036,IND>OTH>ON>GRN,0.7617797344445507,0.23822026555544917,IND>LNP>OTH>GRN,GRN,GRN-ALP,0.15930917399445177,0.7744157015773374,Pass-through + sparse evidence off,False,-4.167503708456765
Bulleen,North-Eastern Metro,LNP,LNP,ALP,0.6195303879128236,0.38046961208717645,0.11953038791282355,LNP-ALP,OTH>IND>GRN>ON,0.38046961208717645,0.6195303879128236,OTH>IND>GRN>ON,0.5445339986191123,0.45546600138088766,OTH>IND>GRN>LNP,LNP,LNP-ALP,0.13768026752982,0.3623197324701799,Pass-through + sparse evidence off,False,1.8149879616996545
Bundoora,North-Eastern Metro,ALP,ALP,LNP,0.5705356464637589,0.4294643535362412,0.07053564646375887,ALP-LNP,IND>OTH>GRN>ON,0.5705356464637589,0.4294643535362412,IND>OTH>GRN>ON,0.5806556288361409,0.4193443711638592,IND>OTH>GRN>LNP,ALP,ALP-LNP,0.04017841864823224,0.5401784186482322,Pass-through + sparse evidence off,False,3.0357227815526633
Carrum,South-Eastern Metro,ALP,ON,ALP,0.5297979159274869,0.470202084072513,0.02979791592748693,ON-ALP,IND>OTH>GRN>LNP,0.5037565587027539,0.49624344129724607,IND>OTH>GRN>ON,0.470202084072513,0.5297979159274869,IND>OTH>GRN>LNP,ON,ON-ALP,0.028685690309956047,0.47621444755648196,Pass-through + sparse evidence off,False,2.7542111146271973
Caulfield,Southern Metro,LNP,LNP,GRN,0.5976670783246337,0.4023329216753662,0.09766707832463373,LNP-GRN,OTH>IND>ON>ALP,0.42505571630067135,0.5749442836993287,OTH>IND>ON>GRN,0.6095121713417433,0.39048782865825665,OTH>IND>GRN>LNP,LNP,LNP-GRN,0.08853224337089749,0.4163136755177302,Pass-through + sparse evidence off,False,0.8742040782941163
Clarinda,South-Eastern Metro,ALP,ALP,LNP,0.5576677622766032,0.4423322377233968,0.057667762276603196,ALP-LNP,OTH>GRN>IND>ON,0.5576677622766032,0.4423322377233968,OTH>GRN>IND>ON,0.5781564826695097,0.4218435173304903,OTH>GRN>IND>LNP,ALP,ALP-LNP,0.031349050132364775,0.5313490501323648,Pass-through + sparse evidence off,False,2.631871214423842
Cranbourne,South-Eastern Metro,ALP,ON,ALP,0.5205683417191301,0.47943165828086987,0.020568341719130134,ON-ALP,IND>GRN>OTH>LNP,0.5310442280182317,0.46895577198176835,IND>GRN>OTH>ON,0.47943165828086987,0.5205683417191301,IND>GRN>OTH>LNP,ON,ON-ALP,0.01999781819413282,0.4966074260921617,Pass-through + sparse evidence off,False,3.4436801926070015
Croydon,North-Eastern Metro,LNP,LNP,ALP,0.5768293196408804,0.4231706803591196,0.07682931964088036,LNP-ALP,IND>OTH>GRN>ON,0.4231706803591196,0.5768293196408804,IND>OTH>GRN>ON,0.49023852995420136,0.5097614700457987,IND>OTH>GRN>LNP,LNP,LNP-ALP,0.10246137297192337,0.3975386270280766,Pass-through + sparse evidence off,False,2.5632053331043014
Dandenong,South-Eastern Metro,ALP,ALP,ON,0.5887931122141569,0.4112068877858432,0.08879311221415687,ALP-ON,IND>OTH>GRN>LNP,0.6382655078460466,0.3617344921539533,IND>OTH>GRN>ON,0.5887931122141569,0.4112068877858432,IND>OTH>GRN>LNP,ALP,ALP-ON,0.09098046216768862,0.6101929839512263,Pass-through + sparse evidence off,False,2.807252389482029
Eildon,Northern Victoria,LNP,LNP,ON,0.599137344182056,0.40086265581794406,0.099137344182056,LNP-ON,IND>OTH>GRN>ALP,0.3605691719720882,0.6394308280279118,IND>OTH>GRN>ON,0.35329434624521416,0.6467056537547858,IND>OTH>GRN>LNP,LNP,LNP-ON,0.0994798556501374,0.3319057843679647,Pass-through + sparse evidence off,False,2.8663387604123516
Eltham,North-Eastern Metro,ALP,ALP,LNP,0.533433751352002,0.46656624864799795,0.033433751352001995,ALP-LNP,IND>OTH>GRN>ON,0.533433751352002,0.46656624864799795,IND>OTH>GRN>ON,0.5707909903700217,0.42920900962997843,IND>OTH>GRN>LNP,ALP,ALP-LNP,0.00651455952423019,0.5065145595242302,Pass-through + sparse evidence off,False,2.6919191827771805
Essendon,Northern Metro,ALP,ALP,LNP,0.5525579992893309,0.44744200071066903,0.052557999289330914,ALP-LNP,IND>OTH>GRN>ON,0.5525579992893309,0.44744200071066903,IND>OTH>GRN>ON,0.5592860267561336,0.44071397324386635,IND>OTH>GRN>LNP,ALP,ALP-LNP,0.01960794500175056,0.5196079450017506,Pass-through + sparse evidence off,False,3.2950054287580355
Eureka,Western Victoria,ALP,ON,ALP,0.5841690462995274,0.41583095370047257,0.08416904629952737,ON-ALP,IND>OTH>GRN>LNP,0.47855120188926925,0.5214487981107307,IND>OTH>GRN>ON,0.41583095370047257,0.5841690462995274,IND>OTH>GRN>LNP,ON,ON-ALP,0.08463734514444254,0.4454385157396719,Pass-through + sparse evidence off,False,3.311268614959734
Euroa,Northern Victoria,LNP,LNP,ON,0.5933705825726864,0.4066294174273136,0.09337058257268638,LNP-ON,IND>OTH>GRN>ALP,0.3171802889497865,0.6828197110502136,IND>OTH>GRN>ON,0.3195359722929656,0.6804640277070344,IND>OTH>GRN>LNP,LNP,LNP-ON,0.09355780528696012,0.28828207895569535,Pass-through + sparse evidence off,False,2.889820999409115
Evelyn,Eastern Victoria,LNP,LNP,ALP,0.6333736806047867,0.36662631939521334,0.13337368060478672,LNP-ALP,IND>OTH>GRN>ON,0.36662631939521334,0.6333736806047867,IND>OTH>GRN>ON,0.38978108267356787,0.6102189173264322,IND>OTH>GRN>LNP,LNP,LNP-ALP,0.15682799361884747,0.3431720063811526,Pass-through + sparse evidence off,False,2.3454313014060757
Footscray,Western Metro,ALP,ALP,GRN,0.5165955273936352,0.4834044726063648,0.016595527393635234,ALP-GRN,IND>OTH>LNP>ON,0.6696636455989153,0.3303363544010847,IND>OTH>ON>GRN,0.7383887778383557,0.26161122216164434,IND>OTH>LNP>GRN,ALP,ALP-GRN,0.027632370246070903,0.6842710472180838,Pass-through + sparse evidence off,False,-1.4607401619168514
Frankston,South-Eastern Metro,ALP,ALP,ON,0.5046100916492303,0.49538990835076974,0.004610091649230319,ALP-ON,IND>OTH>GRN>LNP,0.5314418254699269,0.46855817453007315,IND>OTH>GRN>ON,0.5046100916492303,0.49538990835076974,IND>OTH>GRN>LNP,ALP,ALP-ON,0.003830064317172477,0.4968822042256543,Pass-through + sparse evidence off,False,3.4559621244272587
Geelong,Western Victoria,ALP,ON,ALP,0.5185199848631004,0.4814800151368997,0.01851998486310036,ON-ALP,OTH>IND>GRN>LNP,0.5370023793051645,0.4629976206948356,OTH>IND>GRN>ON,0.4814800151368997,0.5185199848631004,OTH>IND>GRN>LNP,ON,ON-ALP,0.018451384779510027,0.5013031741653313,Pass-through + sparse evidence off,False,3.5699205139833157
Gippsland East,Eastern Victoria,LNP,LNP,ON,0.599841963678867,0.40015803632113306,0.099841963678867,LNP-ON,IND>ALP>OTH>GRN,0.21860644098672938,0.7813935590132707,IND>OTH>GRN>ON,0.2207564411299686,0.7792435588700314,IND>OTH>GRN>LNP,LNP,LNP-ON,0.09740032695815293,0.1859586341037342,Pass-through + sparse evidence off,False,3.264780688299518
Gippsland South,Eastern Victoria,LNP,LNP,ON,0.5885691568487557,0.41143084315124434,0.08856915684875566,LNP-ON,OTH>IND>GRN>ALP,0.27645570630022015,0.7235442936997799,OTH>IND>GRN>ON,0.2704302075720425,0.7295697924279575,OTH>IND>GRN>LNP,LNP,LNP-ON,0.08867873010667882,0.24394450187296812,Pass-through + sparse evidence off,False,3.2511204427252025
Glen Waverley,North-Eastern Metro,ALP,LNP,ALP,0.5300725988059373,0.46992740119406284,0.030072598805937267,LNP-ALP,IND>OTH>GRN>ON,0.46992740119406284,0.5300725988059373,IND>OTH>GRN>ON,0.5950703428501636,0.40492965714983636,IND>OTH>GRN>LNP,LNP,LNP-ALP,0.04878285544095928,0.45121714455904083,Pass-through + sparse evidence off,False,1.8710256635022016
Greenvale,Northern Metro,ALP,ALP,ON,0.5515412479596674,0.44845875204033264,0.05154124795966741,ALP-ON,IND>GRN>OTH>LNP,0.5751063479038827,0.42489365209611735,IND>GRN>OTH>ON,0.5515412479596674,0.44845875204033264,IND>GRN>OTH>LNP,ALP,ALP-ON,0.05249533403601159,0.5527690930731672,Pass-through + sparse evidence off,False,2.233725483071547
Hastings,Eastern Victoria,ALP,LNP,ALP,0.5733806495419004,0.4266193504580996,0.07338064954190038,LNP-ALP,IND>OTH>GRN>ON,0.4266193504580996,0.5733806495419004,IND>OTH>GRN>ON,0.4009617293427732,0.5990382706572268,IND>OTH>GRN>LNP,LNP,LNP-ALP,0.10301840350523894,0.39698159649476106,Pass-through + sparse evidence off,False,2.9637753963338564
Hawthorn,Southern Metro,LNP,LNP,GRN,0.6352115798222837,0.3647884201777163,0.1352115798222837,LNP-GRN,OTH>ON>ALP>IND,0.45467820649154006,0.54532179350846,OTH>ON>GRN>IND,0.6510702278740135,0.34892977212598647,OTH>GRN>IND>LNP,LNP,LNP-GRN,0.13954527662780758,0.4593923064002629,Pass-through + sparse evidence off,False,-0.47140999087228463
Ivanhoe,North-Eastern Metro,ALP,ALP,LNP,0.5554996594116486,0.44450034058835153,0.05549965941164858,ALP-LNP,OTH>IND>ON>GRN,0.5554996594116486,0.44450034058835153,OTH>IND>ON>GRN,0.6250006338723819,0.3749993661276182,OTH>IND>GRN>LNP,ALP,ALP-LNP,0.048835362004888694,0.5488353620048887,Pass-through + sparse evidence off,False,0.6664297406759889
Kalkallo,Northern Metro,ALP,ALP,ON,0.5403337639069676,0.45966623609303237,0.040333763906967635,ALP-ON,IND>GRN>OTH>LNP,0.588750254718189,0.4112497452818111,IND>GRN>OTH>ON,0.5403337639069676,0.45966623609303237,IND>GRN>OTH>LNP,ALP,ALP-ON,0.0407839106933392,0.5680451973216231,Pass-through + sparse evidence off,False,2.070505739656592
Kew,Southern Metro,LNP,LNP,IND,0.6152786861787045,0.38472131382129543,0.11527868617870451,LNP-IND,OTH>ON>GRN>ALP,0.41714176741127634,0.5828582325887236,OTH>ON>GRN>IND,0.6325543015307843,0.36744569846921565,OTH>GRN>IND>LNP,LNP,LNP-IND,0.11040986738952074,0.4191789954650264,Pass-through + sparse evidence off,False,-0.2037228053750062
Kororoit,Western Metro,ALP,ALP,ON,0.5471957603945918,0.4528042396054082,0.047195760394591835,ALP-ON,IND>GRN>OTH>LNP,0.616019368193171,0.383980631806829,IND>GRN>OTH>ON,0.5471957603945918,0.4528042396054082,IND>GRN>OTH>LNP,ALP,ALP-ON,0.0485914056387311,0.5900417251502089,Pass-through + sparse evidence off,False,2.597764304296213
Lara,Western Victoria,ALP,ON,ALP,0.5394604412490884,0.4605395587509116,0.03946044124908843,ON-ALP,IND>OTH>GRN>LNP,0.5515282671453947,0.44847173285460534,IND>OTH>GRN>ON,0.4605395587509116,0.5394604412490884,IND>OTH>GRN>LNP,ON,ON-ALP,0.03901353088723558,0.5151572662962255,Pass-through + sparse evidence off,False,3.637100084916922
Laverton,Western Metro,ALP,ALP,ON,0.587556325571125,0.41244367442887503,0.08755632557112503,ALP-ON,IND>GRN>OTH>LNP,0.6290805597181482,0.3709194402818517,IND>GRN>OTH>ON,0.587556325571125,0.41244367442887503,IND>GRN>OTH>LNP,ALP,ALP-ON,0.07833732811089555,0.5946109812401761,Pass-through + sparse evidence off,False,3.4469578477972163
Lowan,Western Victoria,LNP,LNP,ON,0.6279261448065999,0.37207385519340014,0.12792614480659992,LNP-ON,IND>OTH>ALP>GRN,0.2299509574887373,0.7700490425112627,IND>OTH>GRN>ON,0.24175872096616174,0.7582412790338382,IND>OTH>GRN>LNP,LNP,LNP-ON,0.12977399005266355,0.20138693183158912,Pass-through + sparse evidence off,False,2.856402565714819
Macedon,Northern Victoria,ALP,ON,ALP,0.5346099721362826,0.46539002786371736,0.034609972136282585,ON-ALP,OTH>IND>GRN>LNP,0.5062894932662764,0.4937105067337236,OTH>IND>GRN>ON,0.46539002786371736,0.5346099721362826,OTH>IND>GRN>LNP,ON,ON-ALP,0.035772177932216764,0.47685638703085803,Pass-through + sparse evidence off,False,2.9433106235418336
Malvern,Southern Metro,LNP,LNP,GRN,0.6551937260867026,0.3448062739132975,0.15519372608670257,LNP-GRN,IND>OTH>ON>ALP,0.3625008867524374,0.6374991132475626,IND>OTH>ON>GRN,0.599486527027769,0.400513472972231,IND>OTH>GRN>LNP,LNP,LNP-GRN,0.14563823585614677,0.356420375757246,Pass-through + sparse evidence off,False,0.6080510995191413
Melbourne,Northern Metro,GRN,GRN,ALP,0.6441823788279007,0.3558176211720993,0.14418237882790075,GRN-ALP,IND>OTH>LNP>ON,0.6660473889324036,0.33395261106759644,IND>OTH>ON>GRN,0.7555770918070838,0.24442290819291634,IND>OTH>LNP>GRN,GRN,GRN-ALP,0.1345712205342986,0.7008125692231191,Pass-through + sparse evidence off,False,-3.4765180290715514
Melton,Western Victoria,ALP,ON,ALP,0.5519751294179166,0.44802487058208335,0.0519751294179166,ON-ALP,GRN>OTH>LNP>IND,0.44259710166684585,0.5574028983331542,GRN>OTH>IND>ON,0.44802487058208335,0.5519751294179166,GRN>OTH>LNP>IND,ON,ON-IND,0.06517882456958946,0.41168798719986416,Pass-through + sparse evidence off,False,3.0909114466981693
Mildura,Northern Victoria,LNP,IND,ON,0.5228785683058752,0.4771214316941248,0.022878568305875202,IND-ON,OTH>ALP>GRN>LNP,0.29989635239627177,0.7001036476037282,OTH>GRN>ON>IND,0.3602314274053173,0.6397685725946827,OTH>GRN>LNP>IND,IND,IND-ON,0.010943237802424122,0.26059647588310125,Pass-through + sparse evidence off,False,3.9299876513170515
Mill Park,North-Eastern Metro,ALP,ALP,ON,0.5310042550529722,0.46899574494702784,0.03100425505297222,ALP-ON,IND>GRN>OTH>LNP,0.5800305462790398,0.41996945372096023,IND>GRN>OTH>ON,0.5310042550529722,0.46899574494702784,IND>GRN>OTH>LNP,ALP,ALP-ON,0.03145662783929182,0.5481342339775962,Pass-through + sparse evidence off,False,3.189631230144363
Monbulk,Eastern Victoria,ALP,LNP,ALP,0.5152476165616972,0.48475238343830285,0.015247616561697153,LNP-ALP,OTH>IND>GRN>ON,0.48475238343830285,0.5152476165616972,OTH>IND>GRN>ON,0.4483540977315458,0.5516459022684542,OTH>IND>GRN>LNP,LNP,LNP-ALP,0.04280014574790758,0.4571998542520924,Pass-through + sparse evidence off,False,2.755252918621043
Mordialloc,South-Eastern Metro,ALP,ALP,LNP,0.529202938379355,0.47079706162064505,0.029202938379354948,ALP-LNP,OTH>IND>GRN>ON,0.529202938379355,0.47079706162064505,OTH>IND>GRN>ON,0.5667506989173645,0.4332493010826355,OTH>IND>GRN>LNP,ALP,ALP-LNP,0.0006523366847913659,0.5006523366847914,Pass-through + sparse evidence off,False,2.855060169456358
Mornington,Eastern Victoria,LNP,LNP,IND,0.6020260650101507,0.39797393498984934,0.10202606501015066,LNP-IND,OTH>GRN>ALP>ON,0.32899820864886103,0.671001791351139,OTH>GRN>ON>IND,0.3587870839064791,0.6412129160935208,OTH>GRN>IND>LNP,LNP,LNP-IND,0.11769276716963739,0.3106615771331403,Pass-through + sparse evidence off,False,1.8336631515720736
Morwell,Eastern Victoria,LNP,ON,LNP,0.5167551317106193,0.4832448682893807,0.016755131710619264,ON-LNP,GRN>OTH>IND>ALP,0.4124083670419376,0.5875916329580624,GRN>OTH>IND>ON,0.3422206283277036,0.6577793716722964,GRN>OTH>IND>LNP,ON,ON-LNP,0.01832732253919178,0.3602782798049009,Pass-through + sparse evidence off,False,5.2130087237036715
Mulgrave,South-Eastern Metro,ALP,ALP,ON,0.6757840805636826,0.3242159194363175,0.17578408056368255,ALP-ON,OTH>GRN>LNP>IND,0.6446570518564269,0.3553429481435732,OTH>GRN>IND>ON,0.6757840805636826,0.3242159194363175,OTH>GRN>LNP>IND,ALP,ALP-ON,0.1758663202497328,0.6036332319012444,Pass-through + sparse evidence off,False,4.102381995518245
Murray Plains,Northern Victoria,LNP,LNP,ON,0.594469453353179,0.40553054664682103,0.09446945335317902,LNP-ON,IND>ALP>GRN>OTH,0.20067025297080437,0.7993297470291957,IND>GRN>OTH>ON,0.2005713809852155,0.7994286190147845,IND>GRN>OTH>LNP,LNP,LNP-ON,0.09234874762214595,0.1694726884230766,Pass-through + sparse evidence off,False,3.1197564547727765
Narracan,Eastern Victoria,LNP,LNP,ON,0.6168753304144525,0.38312466958554753,0.11687533041445253,LNP-ON,OTH>IND>ALP>GRN,0.3778576266156969,0.6221423733843032,OTH>IND>GRN>ON,0.36718819055309315,0.632811809446907,OTH>IND>GRN>LNP,LNP,LNP-ON,0.12284469016527277,0.3561454128732082,Pass-through + sparse evidence off,False,2.171221374248866
Narre Warren North,South-Eastern Metro,ALP,ON,ALP,0.5014019154497076,0.4985980845502925,0.0014019154497075803,ON-ALP,IND>GRN>OTH>LNP,0.5408958175658716,0.45910418243412837,IND>GRN>OTH>ON,0.4985980845502925,0.5014019154497076,IND>GRN>OTH>LNP,ON,ON-ALP,0.001128942238424857,0.5066770859269301,Pass-through + sparse evidence off,False,3.4218731638941513
Narre Warren South,South-Eastern Metro,ALP,ALP,ON,0.5065506301053131,0.49344936989468696,0.006550630105313093,ALP-ON,IND>GRN>OTH>LNP,0.5375522995448475,0.4624477004551526,IND>GRN>OTH>ON,0.5065506301053131,0.49344936989468696,IND>GRN>OTH>LNP,ALP,ALP-ON,0.007096740180236871,0.5050173907012259,Pass-through + sparse evidence off,False,3.2534908843621646
Nepean,Eastern Victoria,LNP,LNP,ALP,0.6398492202296504,0.36015077977034965,0.1398492202296504,LNP-ALP,OTH>IND>GRN>ON,0.36015077977034965,0.6398492202296504,OTH>IND>GRN>ON,0.38214492154437546,0.6178550784556245,OTH>IND>GRN>LNP,LNP,LNP-ALP,0.1645952589134283,0.33540474108657164,Pass-through + sparse evidence off,False,2.4746038683778004
Niddrie,Western Metro,ALP,ALP,ON,0.5168254957931575,0.48317450420684255,0.016825495793157508,ALP-ON,IND>OTH>GRN>LNP,0.5089376332925494,0.4910623667074506,IND>OTH>GRN>ON,0.5168254957931575,0.48317450420684255,IND>OTH>GRN>LNP,ALP,ALP-ON,0.01605899527420307,0.4734736460902343,Pass-through + sparse evidence off,False,3.546398720231508
Northcote,Northern Metro,ALP,GRN,ALP,0.5525347635307722,0.4474652364692277,0.052534763530772244,GRN-ALP,IND>LNP>OTH>ON,0.7129309012409932,0.28706909875900677,IND>OTH>ON>GRN,0.7228802336900947,0.27711976630990526,IND>LNP>OTH>GRN,GRN,GRN-ALP,0.04152030118116612,0.7385153919698288,Pass-through + sparse evidence off,False,-2.558449072883562
Oakleigh,Southern Metro,ALP,ALP,LNP,0.5796338969249498,0.42036610307505023,0.07963389692494982,ALP-LNP,OTH>IND>GRN>ON,0.5796338969249498,0.42036610307505023,OTH>IND>GRN>ON,0.6064637627850656,0.3935362372149343,OTH>IND>GRN>LNP,ALP,ALP-LNP,0.05058913085493555,0.5505891308549355,Pass-through + sparse evidence off,False,2.904476607001427
Ovens Valley,Northern Victoria,LNP,LNP,ON,0.5978881120248345,0.4021118879751655,0.0978881120248345,LNP-ON,IND>ALP>OTH>GRN,0.2880681249394128,0.7119318750605872,IND>GRN>OTH>ON,0.268498847960148,0.7315011520398521,IND>GRN>OTH>LNP,LNP,LNP-ON,0.09664647395374848,0.25698969034319064,Pass-through + sparse evidence off,False,3.107843459622217
Pakenham,Eastern Victoria,ALP,LNP,ON,0.5255146759627304,0.4744853240372697,0.025514675962730382,LNP-ON,IND>GRN>OTH>ALP,0.42708912179758823,0.5729108782024117,IND>GRN>OTH>ON,0.37651332551932354,0.6234866744806764,IND>GRN>OTH>LNP,LNP,LNP-ON,0.02224783500914973,0.39519678490634497,Pass-through + sparse evidence off,False,3.1892336891243267
Pascoe Vale,Northern Metro,ALP,GRN,ALP,0.5019154932778067,0.49808450672219334,0.0019154932778067124,GRN-ALP,OTH>IND>LNP>ON,0.605785511378009,0.3942144886219911,OTH>IND>ON>GRN,0.6604819366891008,0.3395180633108991,OTH>IND>LNP>GRN,ALP,ALP-GRN,0.011908787543767452,0.6211584613783508,Pass-through + sparse evidence off,True,-1.537295000034189
Point Cook,Western Metro,ALP,ON,ALP,0.5002690084541722,0.49973099154582784,0.00026900845417221486,ON-ALP,OTH>GRN>IND>LNP,0.5603893051497767,0.43961069485022336,OTH>GRN>IND>ON,0.49973099154582784,0.5002690084541722,OTH>GRN>IND>LNP,ON,ON-ALP,0.0041116787621958695,0.5200675760468159,Pass-through + sparse evidence off,False,4.032172910296083
Polwarth,Western Victoria,LNP,LNP,ON,0.6586619782260364,0.3413380217739635,0.15866197822603645,LNP-ON,IND>OTH>ALP>GRN,0.3965432969325319,0.6034567030674681,IND>OTH>GRN>ON,0.40345720065536156,0.5965427993446384,IND>OTH>GRN>LNP,LNP,LNP-GRN,0.15766811941878434,0.3732634887398311,Pass-through + sparse evidence off,False,2.327980819270076
Prahran,Southern Metro,GRN,GRN,LNP,0.5903166889996452,0.4096833110003549,0.09031668899964518,GRN-LNP,IND>OTH>ALP>ON,0.5385887009343208,0.4614112990656793,IND>OTH>ON>GRN,0.6981864813893207,0.3018135186106793,IND>OTH>LNP>GRN,GRN,GRN-LNP,0.06478914399128877,0.569020344305782,Pass-through + sparse evidence off,False,-3.0431643371461203
Preston,Northern Metro,ALP,ALP,ON,0.602163797443569,0.39783620255643104,0.10216379744356896,ALP-ON,OTH>LNP>IND>GRN,0.6358922922741819,0.3641077077258181,OTH>IND>GRN>ON,0.602163797443569,0.39783620255643104,OTH>LNP>IND>GRN,ALP,ALP-ON,0.10527105010985471,0.6020639610251382,Pass-through + sparse evidence off,False,3.382833124904372
Richmond,Northern Metro,GRN,GRN,ALP,0.604832133475674,0.39516786652432595,0.104832133475674,GRN-ALP,IND>OTH>LNP>ON,0.703218282744616,0.296781717255384,IND>OTH>ON>GRN,0.7674323011058456,0.23256769889415438,IND>OTH>LNP>GRN,GRN,GRN-ALP,0.09572066883536323,0.7358983213804116,Pass-through + sparse evidence off,False,-3.2680038635795605
Ringwood,North-Eastern Metro,ALP,LNP,ALP,0.5074956119338815,0.49250438806611857,0.007495611933881485,LNP-ALP,IND>OTH>ON>GRN,0.49250438806611857,0.5074956119338815,IND>OTH>ON>GRN,0.5689652599806551,0.43103474001934505,IND>OTH>GRN>LNP,LNP,LNP-ALP,0.013588914217029457,0.4864110857829706,Pass-through + sparse evidence off,False,0.6093302283147972
Ripon,Western Victoria,ALP,ON,ALP,0.6148721857454537,0.3851278142545464,0.11487218574545366,ON-ALP,IND>GRN>OTH>LNP,0.4454085094477202,0.5545914905522799,IND>GRN>OTH>ON,0.3851278142545464,0.6148721857454537,IND>GRN>OTH>LNP,ON,ON-ALP,0.11491448099987323,0.4159588959808573,Pass-through + sparse evidence off,False,2.9449613466862923
Rowville,South-Eastern Metro,LNP,LNP,ALP,0.5902651039525536,0.4097348960474464,0.0902651039525536,LNP-ALP,OTH>GRN>IND>ON,0.4097348960474464,0.5902651039525536,OTH>GRN>IND>ON,0.49395191917097075,0.5060480808290293,OTH>GRN>IND>LNP,LNP,LNP-ALP,0.11048381405203433,0.38951618594796567,Pass-through + sparse evidence off,False,2.021871009948073
Sandringham,Southern Metro,LNP,LNP,GRN,0.6213946707723832,0.37860532922761686,0.1213946707723832,LNP-GRN,OTH>IND>ALP>ON,0.37877174353381543,0.6212282564661846,OTH>IND>ON>GRN,0.5237315783091386,0.4762684216908615,OTH>IND>GRN>LNP,LNP,LNP-GRN,0.13457165092023693,0.3719348920100771,Pass-through + sparse evidence off,False,0.6836851523738308
Shepparton,Northern Victoria,LNP,LNP,IND,0.5673660366052182,0.4326339633947818,0.06736603660521823,LNP-IND,ALP>OTH>GRN>ON,0.28204354681552574,0.7179564531844743,OTH>GRN>ON>IND,0.2899574181520182,0.7100425818479817,OTH>GRN>IND>LNP,LNP,LNP-IND,0.09458377633457105,0.24461921001920806,Pass-through + sparse evidence off,False,3.742433679631768
South Barwon,Western Victoria,ALP,LNP,ALP,0.5112082126682902,0.48879178733170986,0.011208212668290196,LNP-ALP,IND>OTH>GRN>ON,0.48879178733170986,0.5112082126682902,IND>OTH>GRN>ON,0.493962106323873,0.5060378936761271,IND>OTH>GRN>LNP,LNP,LNP-ALP,0.036643731266309376,0.46335626873369073,Pass-through + sparse evidence off,False,2.5435518598019122
South-West Coast,Western Victoria,LNP,LNP,IND,0.5670905016355472,0.43290949836445286,0.0670905016355472,LNP-IND,OTH>GRN>ALP>ON,0.35930336470695856,0.6406966352930414,OTH>GRN>ON>IND,0.3416160208462705,0.6583839791537295,OTH>GRN>IND>LNP,LNP,LNP-IND,0.08561137386372708,0.3508070051820872,Pass-through + sparse evidence off,False,0.8496359524871377
St Albans,Western Metro,ALP,ALP,ON,0.5542082740940081,0.4457917259059919,0.05420827409400808,ALP-ON,IND>GRN>OTH>LNP,0.5786363987390722,0.42136360126092787,IND>GRN>OTH>ON,0.5542082740940081,0.4457917259059919,IND>GRN>OTH>LNP,ALP,ALP-ON,0.04878187928334221,0.5449496055889691,Pass-through + sparse evidence off,False,3.3686793150103145
Sunbury,Western Metro,ALP,ON,ALP,0.5705697007363548,0.4294302992636452,0.07056970073635482,ON-ALP,IND>OTH>GRN>LNP,0.47931686180024036,0.5206831381997596,IND>OTH>GRN>ON,0.4294302992636452,0.5705697007363548,IND>OTH>GRN>LNP,ON,ON-ALP,0.07032717153983281,0.4471714849955755,Pass-through + sparse evidence off,False,3.214537680466484
Sydenham,Western Metro,ALP,ALP,ON,0.5030725141033132,0.4969274858966867,0.0030725141033132175,ALP-ON,IND>GRN>OTH>LNP,0.5440774883985965,0.4559225116014035,IND>GRN>OTH>ON,0.5030725141033132,0.4969274858966867,IND>GRN>OTH>LNP,ALP,ALP-ON,0.003586696788217103,0.5130374221884525,Pass-through + sparse evidence off,False,3.104006621014399
Tarneit,Western Metro,ALP,ALP,ON,0.5467308937523291,0.453269106247671,0.046730893752329083,ALP-ON,IND>GRN>OTH>LNP,0.5882702104718268,0.41172978952817324,IND>GRN>OTH>ON,0.5467308937523291,0.453269106247671,IND>GRN>OTH>LNP,ALP,ALP-ON,0.04305406904669118,0.5547586956578089,Pass-through + sparse evidence off,False,3.351151481401793
Thomastown,Northern Metro,ALP,ALP,ON,0.5636941150890804,0.43630588491091965,0.0636941150890804,ALP-ON,IND>GRN>OTH>LNP,0.6273124611882804,0.37268753881171957,IND>GRN>OTH>ON,0.5636941150890804,0.43630588491091965,IND>GRN>OTH>LNP,ALP,ALP-ON,0.06497742335599743,0.598357020678262,Pass-through + sparse evidence off,False,2.8955440510018415
Warrandyte,North-Eastern Metro,LNP,LNP,ALP,0.6093262563225058,0.39067374367749413,0.10932625632250581,LNP-ALP,IND>OTH>GRN>ON,0.39067374367749413,0.6093262563225058,IND>OTH>GRN>ON,0.5025070628693211,0.4974929371306788,IND>OTH>GRN>LNP,LNP,LNP-ALP,0.1307062642461716,0.3692937357538284,Pass-through + sparse evidence off,False,2.138000792366573
Wendouree,Western Victoria,ALP,ON,ALP,0.5039833370599973,0.4960166629400027,0.003983337059997316,ON-ALP,IND>OTH>GRN>LNP,0.5164067712631519,0.4835932287368481,IND>OTH>GRN>ON,0.4960166629400027,0.5039833370599973,IND>OTH>GRN>LNP,ON,ON-ALP,0.0038523989921707136,0.4864378596063509,Pass-through + sparse evidence off,False,2.9968911656801045
Werribee,Western Metro,ALP,ON,ALP,0.5460618589286371,0.4539381410713629,0.04606185892863712,ON-ALP,OTH>GRN>IND>LNP,0.5291520159762626,0.4708479840237374,OTH>GRN>IND>ON,0.4539381410713629,0.5460618589286371,OTH>GRN>IND>LNP,ON,ON-ALP,0.047698307448221455,0.49523772004157757,Pass-through + sparse evidence off,False,3.3914295934685033
Williamstown,Western Metro,ALP,ALP,ON,0.6187791806921277,0.3812208193078723,0.11877918069212767,ALP-ON,IND>OTH>GRN>LNP,0.6141678939145869,0.38583210608541313,IND>OTH>GRN>ON,0.6187791806921277,0.3812208193078723,IND>OTH>GRN>LNP,ALP,ALP-ON,0.1126399188720183,0.5736706287606234,Pass-through + sparse evidence off,False,4.049726515396356
Yan Yean,Northern Victoria,ALP,ON,ALP,0.5491754453099233,0.4508245546900766,0.04917544530992335,ON-ALP,IND>GRN>OTH>LNP,0.4895251446871312,0.5104748553128687,IND>GRN>OTH>ON,0.4508245546900766,0.5491754453099233,IND>GRN>OTH>LNP,ON,ON-ALP,0.04844974378208322,0.4662145826800124,Pass-through + sparse evidence off,False,2.3310562007118785
Albert Park,Southern Metro,ALP,ALP,LNP,0.5592345694182232,0.44076543058177675,0.05923456941822325,ALP-LNP,OTH>IND>ON>GRN,0.5592345694182232,0.44076543058177675,OTH>IND>ON>GRN,0.6524191578177759,0.34758084218222407,OTH>IND>GRN>LNP,ALP,ALP-LNP,0.05923456941822325,0.5592345694182232,OTH preference depletion off,False,0.0
Ashwood,Southern Metro,ALP,LNP,ALP,0.5201536958210672,0.4798463041789328,0.020153695821067186,LNP-ALP,OTH>IND>ON>GRN,0.4798463041789328,0.5201536958210672,OTH>IND>ON>GRN,0.6107100262811499,0.38928997371885016,OTH>IND>GRN>LNP,LNP,LNP-ALP,0.020153695821067186,0.4798463041789328,OTH preference depletion off,False,0.0
Bass,Eastern Victoria,ALP,LNP,ON,0.5608049817937893,0.4391950182062106,0.06080498179378935,LNP-ON,OTH>IND>GRN>ALP,0.36266908520761953,0.6373309147923806,OTH>IND>GRN>ON,0.36444196308796406,0.635558036912036,OTH>IND>GRN>LNP,LNP,LNP-ON,0.06091125285750687,0.36262781834297036,OTH preference depletion off,False,0.004126686464916984
Bayswater,North-Eastern Metro,ALP,LNP,ALP,0.5639659181106081,0.4360340818893919,0.06396591811060814,LNP-ALP,IND>OTH>GRN>ON,0.4360340818893919,0.5639659181106081,IND>OTH>GRN>ON,0.5066337363642497,0.4933662636357503,IND>OTH>GRN>LNP,LNP,LNP-ALP,0.06403632794664371,0.4359636720533563,OTH preference depletion off,False,0.007040983603562312
Bellarine,Western Victoria,ALP,LNP,ALP,0.5130804899149511,0.4869195100850488,0.013080489914951143,LNP-ALP,OTH>IND>GRN>ON,0.4869195100850488,0.5130804899149511,OTH>IND>GRN>ON,0.5074802389143408,0.49251976108565915,OTH>IND>GRN>LNP,LNP,LNP-ALP,0.01309528636606383,0.4869047136339363,OTH preference depletion off,False,0.0014796451112519815
Benambra,Northern Victoria,LNP,LNP,IND,0.5801507660281732,0.4198492339718269,0.08015076602817317,LNP-IND,ALP>OTH>GRN>ON,0.2536705811614796,0.7463294188385203,OTH>GRN>ON>IND,0.32821282583690875,0.6717871741630912,OTH>GRN>LNP>IND,LNP,LNP-IND,0.08034150061428902,0.25366584770960654,OTH preference depletion off,False,0.0004733451873073502
Bendigo East,Northern Victoria,ALP,ALP,LNP,0.500818052315711,0.49918194768428903,0.0008180523157109709,ALP-LNP,OTH>IND>GRN>ON,0.500818052315711,0.49918194768428903,OTH>IND>GRN>ON,0.5319982140449224,0.4680017859550776,OTH>IND>GRN>LNP,ALP,ALP-LNP,0.0007998373286483007,0.5007998373286483,OTH preference depletion off,False,0.0018214987062670218
Bendigo West,Northern Victoria,ALP,ALP,ON,0.5364044719870639,0.46359552801293613,0.03640447198706387,ALP-ON,IND>OTH>GRN>LNP,0.5389264811619212,0.46107351883807884,IND>OTH>GRN>ON,0.5364044719870639,0.46359552801293613,IND>OTH>GRN>LNP,ALP,ALP-ON,0.03651607760092224,0.5388486066873914,OTH preference depletion off,False,0.007787447452978213
Bentleigh,Southern Metro,ALP,ALP,LNP,0.5043461092744855,0.4956538907255145,0.004346109274485532,ALP-LNP,OTH>IND>GRN>ON,0.5043461092744855,0.4956538907255145,OTH>IND>GRN>ON,0.5970268731149027,0.4029731268850973,OTH>IND>GRN>LNP,ALP,ALP-LNP,0.004323938619625434,0.5043239386196254,OTH preference depletion off,False,0.0022170654860098615
Berwick,South-Eastern Metro,LNP,LNP,ALP,0.6521761341397737,0.34782386586022634,0.1521761341397737,LNP-ALP,IND>OTH>GRN>ON,0.34782386586022634,0.6521761341397737,IND>OTH>GRN>ON,0.3886427232558968,0.6113572767441032,IND>OTH>GRN>LNP,LNP,LNP-ALP,0.15220585578046764,0.3477941442195324,OTH preference depletion off,False,0.002972164069392491
Box Hill,North-Eastern Metro,ALP,LNP,ALP,0.5082041919855385,0.49179580801446154,0.008204191985538456,LNP-ALP,IND>OTH>ON>GRN,0.49179580801446154,0.5082041919855385,IND>OTH>ON>GRN,0.6181371173971204,0.3818628826028796,IND>OTH>GRN>LNP,LNP,LNP-ALP,0.008204191985538456,0.49179580801446154,OTH preference depletion off,False,0.0
Brighton,Southern Metro,LNP,LNP,GRN,0.5951831863161878,0.4048168136838122,0.09518318631618783,LNP-GRN,OTH>IND>ON>ALP,0.39476731238287915,0.6052326876171209,OTH>IND>ON>GRN,0.5929628855769076,0.4070371144230924,OTH>IND>GRN>LNP,LNP,LNP-GRN,0.09518318631618783,0.39476731238287915,OTH preference depletion off,False,0.0
Broadmeadows,Northern Metro,ALP,ALP,ON,0.5534504101062896,0.4465495898937104,0.05345041010628959,ALP-ON,IND>GRN>OTH>LNP,0.5926142506964651,0.4073857493035349,IND>GRN>OTH>ON,0.5534504101062896,0.4465495898937104,IND>GRN>OTH>LNP,ALP,ALP-ON,0.05434911510575968,0.5922522445439949,OTH preference depletion off,False,0.03620061524701734
Brunswick,Northern Metro,GRN,GRN,ALP,0.6594421217715157,0.34055787822848427,0.15944212177151573,GRN-ALP,IND>LNP>OTH>ON,0.7744157015773374,0.2255842984226625,IND>OTH>ON>GRN,0.7591108242461838,0.24088917575381605,IND>LNP>OTH>GRN,GRN,GRN-ALP,0.15930917399445177,0.7744157015773374,OTH preference depletion off,False,0.0
Bulleen,North-Eastern Metro,LNP,LNP,ALP,0.637666245246932,0.36233375475306784,0.13766624524693205,LNP-ALP,OTH>IND>GRN>ON,0.36233375475306784,0.637666245246932,OTH>IND>GRN>ON,0.5443862928973785,0.45561370710262156,OTH>IND>GRN>LNP,LNP,LNP-ALP,0.13768026752982,0.3623197324701799,OTH preference depletion off,False,0.001402228288793772
Bundoora,North-Eastern Metro,ALP,ALP,LNP,0.5402433666601034,0.4597566333398965,0.04024336666010342,ALP-LNP,IND>OTH>GRN>ON,0.5402433666601034,0.4597566333398965,IND>OTH>GRN>ON,0.579607118290855,0.420392881709145,IND>OTH>GRN>LNP,ALP,ALP-LNP,0.04017841864823224,0.5401784186482322,OTH preference depletion off,False,0.006494801187117982
Carrum,South-Eastern Metro,ALP,ON,ALP,0.5287394952172825,0.4712605047827175,0.028739495217282474,ON-ALP,IND>OTH>GRN>LNP,0.4762633084246216,0.5237366915753784,IND>OTH>GRN>ON,0.4712605047827175,0.5287394952172825,IND>OTH>GRN>LNP,ON,ON-ALP,0.028685690309956047,0.47621444755648196,OTH preference depletion off,False,0.004886086813965518
Caulfield,Southern Metro,LNP,LNP,GRN,0.5885322433708975,0.41146775662910257,0.08853224337089749,LNP-GRN,OTH>IND>ON>ALP,0.4163136755177302,0.5836863244822699,OTH>IND>ON>GRN,0.6046451087716634,0.3953548912283366,OTH>IND>GRN>LNP,LNP,LNP-GRN,0.08853224337089749,0.4163136755177302,OTH preference depletion off,False,0.0
Clarinda,South-Eastern Metro,ALP,ALP,LNP,0.5313769294498695,0.4686230705501305,0.03137692944986947,ALP-LNP,OTH>GRN>IND>ON,0.5313769294498695,0.4686230705501305,OTH>GRN>IND>ON,0.577781258607463,0.42221874139253707,OTH>GRN>IND>LNP,ALP,ALP-LNP,0.031349050132364775,0.5313490501323648,OTH preference depletion off,False,0.002787931750469763
Cranbourne,South-Eastern Metro,ALP,ON,ALP,0.5212570195455754,0.47874298045442465,0.02125701954557535,ON-ALP,IND>GRN>OTH>LNP,0.4971320887996897,0.5028679112003104,IND>GRN>OTH>ON,0.47874298045442465,0.5212570195455754,IND>GRN>OTH>LNP,ON,ON-ALP,0.01999781819413282,0.4966074260921617,OTH preference depletion off,False,0.05246627075279897
Croydon,North-Eastern Metro,LNP,LNP,ALP,0.6024088763533406,0.39759112364665944,0.10240887635334062,LNP-ALP,IND>OTH>GRN>ON,0.39759112364665944,0.6024088763533406,IND>OTH>GRN>ON,0.4890370150236948,0.5109629849763052,IND>OTH>GRN>LNP,LNP,LNP-ALP,0.10246137297192337,0.3975386270280766,OTH preference depletion off,False,0.0052496618582864585
Dandenong,South-Eastern Metro,ALP,ALP,ON,0.5908066649530941,0.40919333504690597,0.09080666495309409,ALP-ON,IND>OTH>GRN>LNP,0.6102656685304159,0.3897343314695842,IND>OTH>GRN>ON,0.5908066649530941,0.40919333504690597,IND>OTH>GRN>LNP,ALP,ALP-ON,0.09098046216768862,0.6101929839512263,OTH preference depletion off,False,0.0072684579189519205
Eildon,Northern Victoria,LNP,LNP,ON,0.5993820612065507,0.40061793879344937,0.09938206120655069,LNP-ON,IND>OTH>GRN>ALP,0.3319414567882094,0.6680585432117906,IND>OTH>GRN>ON,0.35268456621032257,0.6473154337896775,IND>OTH>GRN>LNP,LNP,LNP-ON,0.0994798556501374,0.3319057843679647,OTH preference depletion off,False,0.003567242024471451
Eltham,North-Eastern Metro,ALP,ALP,LNP,0.5065269969902957,0.4934730030097044,0.006526996990295686,ALP-LNP,IND>OTH>GRN>ON,0.5065269969902957,0.4934730030097044,IND>OTH>GRN>ON,0.569114008694828,0.4308859913051721,IND>OTH>GRN>LNP,ALP,ALP-LNP,0.00651455952423019,0.5065145595242302,OTH preference depletion off,False,0.0012437466065495784
Essendon,Northern Metro,ALP,ALP,LNP,0.5196897355887575,0.4803102644112424,0.01968973558875753,ALP-LNP,IND>OTH>GRN>ON,0.5196897355887575,0.4803102644112424,IND>OTH>GRN>ON,0.5558455888070285,0.4441544111929715,IND>OTH>GRN>LNP,ALP,ALP-LNP,0.01960794500175056,0.5196079450017506,OTH preference depletion off,False,0.008179058700696906
Eureka,Western Victoria,ALP,ON,ALP,0.5846931275149908,0.41530687248500925,0.0846931275149908,ON-ALP,IND>OTH>GRN>LNP,0.44549820356126774,0.5545017964387323,IND>OTH>GRN>ON,0.41530687248500925,0.5846931275149908,IND>OTH>GRN>LNP,ON,ON-ALP,0.08463734514444254,0.4454385157396719,OTH preference depletion off,False,0.005968782159582187
Euroa,Northern Victoria,LNP,LNP,ON,0.5934141269705957,0.40658587302940435,0.0934141269705957,LNP-ON,IND>OTH>GRN>ALP,0.2883063813336604,0.7116936186663396,IND>OTH>GRN>ON,0.32067493099834665,0.6793250690016533,IND>OTH>GRN>LNP,LNP,LNP-ON,0.09355780528696012,0.28828207895569535,OTH preference depletion off,False,0.0024302377965024213
Evelyn,Eastern Victoria,LNP,LNP,ALP,0.6568024447168315,0.3431975552831686,0.15680244471683147,LNP-ALP,IND>OTH>GRN>ON,0.3431975552831686,0.6568024447168315,IND>OTH>GRN>ON,0.3905613703541692,0.6094386296458308,IND>OTH>GRN>LNP,LNP,LNP-ALP,0.15682799361884747,0.3431720063811526,OTH preference depletion off,False,0.0025548902016003794
Footscray,Western Metro,ALP,ALP,GRN,0.5276110693467181,0.47238893065328197,0.027611069346718087,ALP-GRN,IND>OTH>LNP>ON,0.6842710472180838,0.3157289527819162,IND>OTH>ON>GRN,0.7382090476158081,0.2617909523841919,IND>OTH>LNP>GRN,ALP,ALP-GRN,0.027632370246070903,0.6842710472180838,OTH preference depletion off,False,0.0
Frankston,South-Eastern Metro,ALP,ALP,ON,0.5036500509440172,0.4963499490559829,0.003650050944017158,ALP-ON,IND>OTH>GRN>LNP,0.49699139794349767,0.5030086020565023,IND>OTH>GRN>ON,0.5036500509440172,0.4963499490559829,IND>OTH>GRN>LNP,ALP,ALP-ON,0.003830064317172477,0.4968822042256543,OTH preference depletion off,False,0.010919371784334775
Geelong,Western Victoria,ALP,ON,ALP,0.5184836203418253,0.48151637965817473,0.01848362034182527,ON-ALP,OTH>IND>GRN>LNP,0.5013258867477449,0.49867411325225514,OTH>IND>GRN>ON,0.48151637965817473,0.5184836203418253,OTH>IND>GRN>LNP,ON,ON-ALP,0.018451384779510027,0.5013031741653313,OTH preference depletion off,False,0.0022712582413597637
Gippsland East,Eastern Victoria,LNP,LNP,ON,0.5963180588425883,0.40368194115741174,0.09631805884258826,LNP-ON,IND>ALP>OTH>GRN,0.18599230856315985,0.8140076914368402,IND>OTH>GRN>ON,0.22140639209155002,0.77859360790845,IND>OTH>GRN>LNP,LNP,LNP-ON,0.09740032695815293,0.1859586341037342,OTH preference depletion off,False,0.003367445942564773
Gippsland South,Eastern Victoria,LNP,LNP,ON,0.5886569307641618,0.4113430692358382,0.08865693076416181,LNP-ON,OTH>IND>GRN>ALP,0.2439518433023485,0.7560481566976515,OTH>IND>GRN>ON,0.27039769098823235,0.7296023090117677,OTH>IND>GRN>LNP,LNP,LNP-ON,0.08867873010667882,0.24394450187296812,OTH preference depletion off,False,0.00073414293803864
Glen Waverley,North-Eastern Metro,ALP,LNP,ALP,0.5487372780902154,0.4512627219097846,0.04873727809021544,LNP-ALP,IND>OTH>GRN>ON,0.4512627219097846,0.5487372780902154,IND>OTH>GRN>ON,0.5936676241908836,0.40633237580911635,IND>OTH>GRN>LNP,LNP,LNP-ALP,0.04878285544095928,0.45121714455904083,OTH preference depletion off,False,0.004557735074378622
Greenvale,Northern Metro,ALP,ALP,ON,0.5511605047526157,0.4488394952473844,0.05116050475261569,ALP-ON,IND>GRN>OTH>LNP,0.5533271411093797,0.44667285889062036,IND>GRN>OTH>ON,0.5511605047526157,0.4488394952473844,IND>GRN>OTH>LNP,ALP,ALP-ON,0.05249533403601159,0.5527690930731672,OTH preference depletion off,False,0.055804803621251065
Hastings,Eastern Victoria,ALP,LNP,ALP,0.602975520862157,0.39702447913784294,0.102975520862157,LNP-ALP,IND>OTH>GRN>ON,0.39702447913784294,0.602975520862157,IND>OTH>GRN>ON,0.4002819791895716,0.5997180208104285,IND>OTH>GRN>LNP,LNP,LNP-ALP,0.10301840350523894,0.39698159649476106,OTH preference depletion off,False,0.004288264308188738
Hawthorn,Southern Metro,LNP,LNP,GRN,0.6395452766278076,0.36045472337219236,0.13954527662780758,LNP-GRN,OTH>ON>ALP>IND,0.4593923064002629,0.540607693599737,OTH>ON>GRN>IND,0.6505888129675931,0.349411187032407,OTH>GRN>IND>LNP,LNP,LNP-GRN,0.13954527662780758,0.4593923064002629,OTH preference depletion off,False,0.0
Ivanhoe,North-Eastern Metro,ALP,ALP,LNP,0.5488353620048887,0.45116463799511136,0.048835362004888694,ALP-LNP,OTH>IND>ON>GRN,0.5488353620048887,0.45116463799511136,OTH>IND>ON>GRN,0.622863140526753,0.37713685947324704,OTH>IND>GRN>LNP,ALP,ALP-LNP,0.048835362004888694,0.5488353620048887,OTH preference depletion off,False,0.0
Kalkallo,Northern Metro,ALP,ALP,ON,0.5400673445639881,0.4599326554360119,0.04006734456398808,ALP-ON,IND>GRN>OTH>LNP,0.5685135168241707,0.43148648317582927,IND>GRN>OTH>ON,0.5400673445639881,0.4599326554360119,IND>GRN>OTH>LNP,ALP,ALP-ON,0.0407839106933392,0.5680451973216231,OTH preference depletion off,False,0.0468319502547665
Kew,Southern Metro,LNP,LNP,IND,0.6104098673895207,0.3895901326104793,0.11040986738952074,LNP-IND,OTH>ON>GRN>ALP,0.4191789954650264,0.5808210045349735,OTH>ON>GRN>IND,0.6326696432305138,0.3673303567694863,OTH>GRN>IND>LNP,LNP,LNP-IND,0.11040986738952074,0.4191789954650264,OTH preference depletion off,False,0.0
Kororoit,Western Metro,ALP,ALP,ON,0.5470776272670845,0.45292237273291547,0.04707762726708453,ALP-ON,IND>GRN>OTH>LNP,0.5905827540230362,0.40941724597696383,IND>GRN>OTH>ON,0.5470776272670845,0.45292237273291547,IND>GRN>OTH>LNP,ALP,ALP-ON,0.0485914056387311,0.5900417251502089,OTH preference depletion off,False,0.05410288728272539
Lara,Western Victoria,ALP,ON,ALP,0.5390967638760623,0.46090323612393774,0.03909676387606231,ON-ALP,IND>OTH>GRN>LNP,0.5152284871540403,0.4847715128459597,IND>OTH>GRN>ON,0.46090323612393774,0.5390967638760623,IND>OTH>GRN>LNP,ON,ON-ALP,0.03901353088723558,0.5151572662962255,OTH preference depletion off,False,0.007122085781485765
Laverton,Western Metro,ALP,ALP,ON,0.576966341511373,0.423033658488627,0.07696634151137305,ALP-ON,IND>GRN>OTH>LNP,0.5950823015674978,0.4049176984325023,IND>GRN>OTH>ON,0.576966341511373,0.423033658488627,IND>GRN>OTH>LNP,ALP,ALP-ON,0.07833732811089555,0.5946109812401761,OTH preference depletion off,False,0.047132032732166707
Lowan,Western Victoria,LNP,LNP,ON,0.629692856667523,0.3703071433324771,0.12969285666752295,LNP-ON,IND>OTH>ALP>GRN,0.2014215524920146,0.7985784475079853,IND>OTH>GRN>ON,0.24333722728910295,0.7566627727108971,IND>OTH>GRN>LNP,LNP,LNP-ON,0.12977399005266355,0.20138693183158912,OTH preference depletion off,False,0.003462066042547729
Macedon,Northern Victoria,ALP,ON,ALP,0.5357919685430623,0.4642080314569376,0.035791968543062325,ON-ALP,OTH>IND>GRN>LNP,0.4768792434155625,0.5231207565844376,OTH>IND>GRN>ON,0.4642080314569376,0.5357919685430623,OTH>IND>GRN>LNP,ON,ON-ALP,0.035772177932216764,0.47685638703085803,OTH preference depletion off,False,0.0022856384704450505
Malvern,Southern Metro,LNP,LNP,GRN,0.6456382358561468,0.3543617641438533,0.14563823585614677,LNP-GRN,IND>OTH>ON>ALP,0.356420375757246,0.643579624242754,IND>OTH>ON>GRN,0.5954408840857668,0.40455911591423316,IND>OTH>GRN>LNP,LNP,LNP-GRN,0.14563823585614677,0.356420375757246,OTH preference depletion off,False,0.0
Melbourne,Northern Metro,GRN,GRN,ALP,0.6345859085445782,0.3654140914554219,0.1345859085445782,GRN-ALP,IND>OTH>LNP>ON,0.7008125692231191,0.299187430776881,IND>OTH>ON>GRN,0.755558699448107,0.24444130055189303,IND>OTH>LNP>GRN,GRN,GRN-ALP,0.1345712205342986,0.7008125692231191,OTH preference depletion off,False,0.0
Melton,Western Victoria,ALP,ON,IND,0.5661886526491543,0.43381134735084576,0.0661886526491543,ON-IND,GRN>OTH>LNP>ALP,0.41204882400998705,0.5879511759900129,GRN>OTH>IND>ON,0.4346380193206471,0.5653619806793528,GRN>OTH>LNP>IND,ON,ON-IND,0.06517882456958946,0.41168798719986416,OTH preference depletion off,False,0.03608368101228887
Mildura,Northern Victoria,LNP,IND,ON,0.510925913432312,0.48907408656768797,0.010925913432311973,IND-ON,OTH>ALP>GRN>LNP,0.26059744558581077,0.7394025544141892,OTH>GRN>ON>IND,0.33840017607320627,0.6615998239267937,OTH>GRN>LNP>IND,IND,IND-ON,0.010943237802424122,0.26059647588310125,OTH preference depletion off,False,9.697027095190158e-05
Mill Park,North-Eastern Metro,ALP,ALP,ON,0.5303605464298675,0.4696394535701326,0.03036054642986752,ALP-ON,IND>GRN>OTH>LNP,0.5485779505495673,0.4514220494504328,IND>GRN>OTH>ON,0.5303605464298675,0.4696394535701326,IND>GRN>OTH>LNP,ALP,ALP-ON,0.03145662783929182,0.5481342339775962,OTH preference depletion off,False,0.04437165719710645
Monbulk,Eastern Victoria,ALP,LNP,ALP,0.5427839042813073,0.4572160957186927,0.042783904281307295,LNP-ALP,OTH>IND>GRN>ON,0.4572160957186927,0.5427839042813073,OTH>IND>GRN>ON,0.44773423565018977,0.5522657643498102,OTH>IND>GRN>LNP,LNP,LNP-ALP,0.04280014574790758,0.4571998542520924,OTH preference depletion off,False,0.0016241466600286358
Mordialloc,South-Eastern Metro,ALP,ALP,LNP,0.5006699532639657,0.49933004673603437,0.0006699532639656836,ALP-LNP,OTH>IND>GRN>ON,0.5006699532639657,0.49933004673603437,OTH>IND>GRN>ON,0.565507741070225,0.4344922589297751,OTH>IND>GRN>LNP,ALP,ALP-LNP,0.0006523366847913659,0.5006523366847914,OTH preference depletion off,False,0.0017616579174317692
Mornington,Eastern Victoria,LNP,LNP,IND,0.6176889523544192,0.38231104764558077,0.11768895235441923,LNP-IND,OTH>GRN>ALP>ON,0.3106630466621753,0.6893369533378247,OTH>GRN>ON>IND,0.34993175965493467,0.6500682403450653,OTH>GRN>IND>LNP,LNP,LNP-IND,0.11769276716963739,0.3106615771331403,OTH preference depletion off,False,0.00014695290350141832
Morwell,Eastern Victoria,LNP,ON,LNP,0.5201976215225177,0.4798023784774823,0.020197621522517695,ON-LNP,GRN>OTH>IND>ALP,0.3608445449279454,0.6391554550720546,GRN>OTH>IND>ON,0.3318543656097982,0.6681456343902018,GRN>OTH>IND>LNP,ON,ON-LNP,0.01832732253919178,0.3602782798049009,OTH preference depletion off,False,0.056626512304447374
Mulgrave,South-Eastern Metro,ALP,ALP,ON,0.6758138139690454,0.32418618603095467,0.17581381396904538,ALP-ON,OTH>GRN>LNP>IND,0.6036666638203936,0.39633333617960653,OTH>GRN>IND>ON,0.6758138139690454,0.32418618603095467,OTH>GRN>LNP>IND,ALP,ALP-ON,0.1758663202497328,0.6036332319012444,OTH preference depletion off,False,0.003343191914917387
Murray Plains,Northern Victoria,LNP,LNP,ON,0.592348747622146,0.4076512523778541,0.09234874762214595,LNP-ON,IND>ALP>GRN>OTH,0.1698081892027345,0.8301918107972656,IND>GRN>OTH>ON,0.2004855499212757,0.7995144500787242,IND>GRN>OTH>LNP,LNP,LNP-ON,0.09234874762214595,0.1694726884230766,OTH preference depletion off,False,0.03355007796578824
Narracan,Eastern Victoria,LNP,LNP,ON,0.622844690162916,0.37715530983708406,0.12284469016291599,LNP-ON,OTH>IND>ALP>GRN,0.35614541287404644,0.6438545871259537,OTH>IND>GRN>ON,0.37846978198644027,0.6215302180135598,OTH>IND>GRN>LNP,LNP,LNP-ON,0.12284469016527277,0.3561454128732082,OTH preference depletion off,False,8.382183835919932e-11
Narre Warren North,South-Eastern Metro,ALP,ON,ALP,0.5020908103006739,0.4979091896993261,0.0020908103006739287,ON-ALP,IND>GRN>OTH>LNP,0.5070682002390009,0.49293179976099916,IND>GRN>OTH>ON,0.4979091896993261,0.5020908103006739,IND>GRN>OTH>LNP,ON,ON-ALP,0.001128942238424857,0.5066770859269301,OTH preference depletion off,False,0.039111431207083935
Narre Warren South,South-Eastern Metro,ALP,ALP,ON,0.5061701146342477,0.4938298853657523,0.006170114634247659,ALP-ON,IND>GRN>OTH>LNP,0.5053806292778253,0.4946193707221747,IND>GRN>OTH>ON,0.5061701146342477,0.4938298853657523,IND>GRN>OTH>LNP,ALP,ALP-ON,0.007096740180236871,0.5050173907012259,OTH preference depletion off,False,0.036323857659947834
Nepean,Eastern Victoria,LNP,LNP,ALP,0.6645827141520664,0.33541728584793357,0.16458271415206638,LNP-ALP,OTH>IND>GRN>ON,0.33541728584793357,0.6645827141520664,OTH>IND>GRN>ON,0.38287801804948335,0.6171219819505167,OTH>IND>GRN>LNP,LNP,LNP-ALP,0.1645952589134283,0.33540474108657164,OTH preference depletion off,False,0.0012544761361921175
Niddrie,Western Metro,ALP,ALP,ON,0.5158965618364934,0.48410343816350676,0.01589656183649335,ALP-ON,IND>OTH>GRN>LNP,0.47354547654111906,0.526454523458881,IND>OTH>GRN>ON,0.5158965618364934,0.48410343816350676,IND>OTH>GRN>LNP,ALP,ALP-ON,0.01605899527420307,0.4734736460902343,OTH preference depletion off,False,0.0071830450884768915
Northcote,Northern Metro,ALP,GRN,ALP,0.5416708593573231,0.45832914064267694,0.041670859357323065,GRN-ALP,IND>LNP>OTH>ON,0.7385153919698288,0.26148460803017115,IND>OTH>ON>GRN,0.7197675943073422,0.28023240569265784,IND>LNP>OTH>GRN,GRN,GRN-ALP,0.04152030118116612,0.7385153919698288,OTH preference depletion off,False,0.0
Oakleigh,Southern Metro,ALP,ALP,LNP,0.5505974697488557,0.44940253025114435,0.050597469748855706,ALP-LNP,OTH>IND>GRN>ON,0.5505974697488557,0.44940253025114435,OTH>IND>GRN>ON,0.6046344777673324,0.39536552223266763,OTH>IND>GRN>LNP,ALP,ALP-LNP,0.05058913085493555,0.5505891308549355,OTH preference depletion off,False,0.0008338893920156742
Ovens Valley,Northern Victoria,LNP,LNP,ON,0.5945317462991857,0.4054682537008144,0.0945317462991857,LNP-ON,IND>ALP>OTH>GRN,0.2578371747158342,0.7421628252841659,IND>GRN>OTH>ON,0.2655402741050529,0.7344597258949472,IND>GRN>OTH>LNP,LNP,LNP-ON,0.09664647395374848,0.25698969034319064,OTH preference depletion off,False,0.08474843726435921
Pakenham,Eastern Victoria,ALP,LNP,ON,0.5206880652449305,0.47931193475506945,0.020688065244930498,LNP-ON,IND>GRN>OTH>ALP,0.39569102407445017,0.6043089759255498,IND>GRN>OTH>ON,0.37173525342356406,0.6282647465764359,IND>GRN>OTH>LNP,LNP,LNP-ON,0.02224783500914973,0.39519678490634497,OTH preference depletion off,False,0.049423916810520385
Pascoe Vale,Northern Metro,ALP,ALP,GRN,0.5118951627420119,0.4881048372579882,0.011895162742011856,ALP-GRN,OTH>IND>LNP>ON,0.6211584613783508,0.3788415386216491,OTH>IND>ON>GRN,0.6631792100143219,0.33682078998567805,OTH>IND>LNP>GRN,ALP,ALP-GRN,0.011908787543767452,0.6211584613783508,OTH preference depletion off,False,0.0
Point Cook,Western Metro,ALP,ON,ALP,0.5043591746766546,0.49564082532334547,0.004359174676654587,ON-ALP,OTH>GRN>IND>LNP,0.5201473266297262,0.4798526733702739,OTH>GRN>IND>ON,0.49564082532334547,0.5043591746766546,OTH>GRN>IND>LNP,ON,ON-ALP,0.0041116787621958695,0.5200675760468159,OTH preference depletion off,False,0.007975058291032067
Polwarth,Western Victoria,LNP,LNP,GRN,0.6576390136368645,0.3423609863631355,0.1576390136368645,LNP-GRN,IND>OTH>ALP>ON,0.3732946258328479,0.6267053741671521,IND>OTH>GRN>ON,0.4015468018363699,0.5984531981636301,IND>OTH>GRN>LNP,LNP,LNP-GRN,0.15766811941878434,0.3732634887398311,OTH preference depletion off,False,0.0031137093016775363
Prahran,Southern Metro,GRN,GRN,LNP,0.5648539342788405,0.4351460657211596,0.06485393427884045,GRN-LNP,IND>OTH>ALP>ON,0.569020344305782,0.4309796556942181,IND>OTH>ON>GRN,0.6823951669444199,0.3176048330555801,IND>OTH>LNP>GRN,GRN,GRN-LNP,0.06478914399128877,0.569020344305782,OTH preference depletion off,False,0.0
Preston,Northern Metro,ALP,ALP,ON,0.6050570418898964,0.39494295811010366,0.1050570418898964,ALP-ON,OTH>LNP>IND>GRN,0.6021525074613725,0.3978474925386275,OTH>IND>GRN>ON,0.6050570418898964,0.39494295811010366,OTH>LNP>IND>GRN,ALP,ALP-ON,0.10527105010985471,0.6020639610251382,OTH preference depletion off,False,0.00885464362343491
Richmond,Northern Metro,GRN,GRN,ALP,0.5957367192471119,0.4042632807528881,0.09573671924711191,GRN-ALP,IND>OTH>LNP>ON,0.7358983213804116,0.2641016786195884,IND>OTH>ON>GRN,0.7682008193804293,0.23179918061957078,IND>OTH>LNP>GRN,GRN,GRN-ALP,0.09572066883536323,0.7358983213804116,OTH preference depletion off,False,0.0
Ringwood,North-Eastern Metro,ALP,LNP,ALP,0.5135889142170295,0.4864110857829706,0.013588914217029457,LNP-ALP,IND>OTH>ON>GRN,0.4864110857829706,0.5135889142170295,IND>OTH>ON>GRN,0.567112984718368,0.43288701528163204,IND>OTH>GRN>LNP,LNP,LNP-ALP,0.013588914217029457,0.4864110857829706,OTH preference depletion off,False,0.0
Ripon,Western Victoria,ALP,ON,ALP,0.6155583311989915,0.38444166880100855,0.1155583311989915,ON-ALP,IND>GRN>OTH>LNP,0.4164789141164503,0.5835210858835498,IND>GRN>OTH>ON,0.38444166880100855,0.6155583311989915,IND>GRN>OTH>LNP,ON,ON-ALP,0.11491448099987323,0.4159588959808573,OTH preference depletion off,False,0.05200181355930478
Rowville,South-Eastern Metro,LNP,LNP,ALP,0.6104704566475913,0.38952954335240875,0.11047045664759125,LNP-ALP,OTH>GRN>IND>ON,0.38952954335240875,0.6104704566475913,OTH>GRN>IND>ON,0.49424487585764715,0.5057551241423529,OTH>GRN>IND>LNP,LNP,LNP-ALP,0.11048381405203433,0.38951618594796567,OTH preference depletion off,False,0.0013357404443081755
Sandringham,Southern Metro,LNP,LNP,GRN,0.6345395290441281,0.3654604709558719,0.13453952904412814,LNP-GRN,OTH>IND>ALP>ON,0.3719348920100771,0.6280651079899229,OTH>IND>ON>GRN,0.5212596934408587,0.47874030655914146,OTH>IND>GRN>LNP,LNP,LNP-GRN,0.13457165092023693,0.3719348920100771,OTH preference depletion off,False,0.0
Shepparton,Northern Victoria,LNP,LNP,IND,0.5945113891277356,0.40548861087226445,0.0945113891277356,LNP-IND,ALP>OTH>GRN>ON,0.24462578011698147,0.7553742198830186,OTH>GRN>ON>IND,0.2722519809424964,0.7277480190575035,OTH>GRN>IND>LNP,LNP,LNP-IND,0.09458377633457105,0.24461921001920806,OTH preference depletion off,False,0.0006570097773411776
South Barwon,Western Victoria,ALP,LNP,ALP,0.5365708644964409,0.46342913550355924,0.03657086449644087,LNP-ALP,IND>OTH>GRN>ON,0.46342913550355924,0.5365708644964409,IND>OTH>GRN>ON,0.4936793854803309,0.5063206145196691,IND>OTH>GRN>LNP,LNP,LNP-ALP,0.036643731266309376,0.46335626873369073,OTH preference depletion off,False,0.007286676986850704
South-West Coast,Western Victoria,LNP,LNP,IND,0.5856067223483595,0.4143932776516405,0.08560672234835953,LNP-IND,OTH>GRN>ALP>ON,0.3508091660187516,0.6491908339812483,OTH>GRN>ON>IND,0.3431911427642373,0.6568088572357628,OTH>GRN>IND>LNP,LNP,LNP-IND,0.08561137386372708,0.3508070051820872,OTH preference depletion off,False,0.000216083666443323
St Albans,Western Metro,ALP,ALP,ON,0.5473213745175063,0.4526786254824938,0.04732137451750629,ALP-ON,IND>GRN>OTH>LNP,0.5456335495273555,0.45436645047264446,IND>GRN>OTH>ON,0.5473213745175063,0.4526786254824938,IND>GRN>OTH>LNP,ALP,ALP-ON,0.04878187928334221,0.5449496055889691,OTH preference depletion off,False,0.06839439383864443
Sunbury,Western Metro,ALP,ON,ALP,0.5703934248622013,0.4296065751377986,0.07039342486220135,ON-ALP,IND>OTH>GRN>LNP,0.4472275807124111,0.5527724192875889,IND>OTH>GRN>ON,0.4296065751377986,0.5703934248622013,IND>OTH>GRN>LNP,ON,ON-ALP,0.07032717153983281,0.4471714849955755,OTH preference depletion off,False,0.005609571683556913
Sydenham,Western Metro,ALP,ALP,ON,0.5023972657936441,0.4976027342063559,0.0023972657936440767,ALP-ON,IND>GRN>OTH>LNP,0.513527939716364,0.486472060283636,IND>GRN>OTH>ON,0.5023972657936441,0.4976027342063559,IND>GRN>OTH>LNP,ALP,ALP-ON,0.003586696788217103,0.5130374221884525,OTH preference depletion off,False,0.04905175279115159
Tarneit,Western Metro,ALP,ALP,ON,0.542277985245562,0.457722014754438,0.04227798524556203,ALP-ON,IND>GRN>OTH>LNP,0.5551059428021865,0.44489405719781355,IND>GRN>OTH>ON,0.542277985245562,0.457722014754438,IND>GRN>OTH>LNP,ALP,ALP-ON,0.04305406904669118,0.5547586956578089,OTH preference depletion off,False,0.034724714437761595
Thomastown,Northern Metro,ALP,ALP,ON,0.5639632315294038,0.43603676847059625,0.06396323152940375,ALP-ON,IND>GRN>OTH>LNP,0.5987741215009095,0.40122587849909047,IND>GRN>OTH>ON,0.5639632315294038,0.43603676847059625,IND>GRN>OTH>LNP,ALP,ALP-ON,0.06497742335599743,0.598357020678262,OTH preference depletion off,False,0.041710082264745374
Warrandyte,North-Eastern Metro,LNP,LNP,ALP,0.6306890514307921,0.3693109485692079,0.13068905143079212,LNP-ALP,IND>OTH>GRN>ON,0.3693109485692079,0.6306890514307921,IND>OTH>GRN>ON,0.5014059673141755,0.49859403268582453,IND>OTH>GRN>LNP,LNP,LNP-ALP,0.1307062642461716,0.3692937357538284,OTH preference depletion off,False,0.0017212815379474833
Wendouree,Western Victoria,ALP,ON,ALP,0.503928201023249,0.4960717989767511,0.003928201023248978,ON-ALP,IND>OTH>GRN>LNP,0.48648462453037056,0.5135153754696296,IND>OTH>GRN>ON,0.4960717989767511,0.503928201023249,IND>OTH>GRN>LNP,ON,ON-ALP,0.0038523989921707136,0.4864378596063509,OTH preference depletion off,False,0.004676492401967103
Werribee,Western Metro,ALP,ON,ALP,0.5478198150843739,0.4521801849156261,0.04781981508437394,ON-ALP,OTH>GRN>IND>LNP,0.4953067160316993,0.5046932839683007,OTH>GRN>IND>ON,0.4521801849156261,0.5478198150843739,OTH>GRN>IND>LNP,ON,ON-ALP,0.047698307448221455,0.49523772004157757,OTH preference depletion off,False,0.006899599012172297
Williamstown,Western Metro,ALP,ALP,ON,0.6123148001013582,0.3876851998986418,0.11231480010135819,ALP-ON,IND>OTH>GRN>LNP,0.5737881198011768,0.4262118801988232,IND>OTH>GRN>ON,0.6123148001013582,0.3876851998986418,IND>OTH>GRN>LNP,ALP,ALP-ON,0.1126399188720183,0.5736706287606234,OTH preference depletion off,False,0.011749104055347459
Yan Yean,Northern Victoria,ALP,ON,ALP,0.5492802454857404,0.45071975451425955,0.04928024548574039,ON-ALP,IND>GRN>OTH>LNP,0.46675469388312,0.5332453061168799,IND>GRN>OTH>ON,0.45071975451425955,0.5492802454857404,IND>GRN>OTH>LNP,ON,ON-ALP,0.04844974378208322,0.4662145826800124,OTH preference depletion off,False,0.05401112031075961
Albert Park,Southern Metro,ALP,ALP,LNP,0.5689535272941594,0.4310464727058406,0.06895352729415938,ALP-LNP,OTH>IND>ON>GRN,0.5689535272941594,0.4310464727058406,OTH>IND>ON>GRN,0.6586923878172029,0.34130761218279715,OTH>IND>GRN>LNP,ALP,ALP-LNP,0.05923456941822325,0.5592345694182232,Joint architecture stress,False,0.971895787593613
Ashwood,Southern Metro,ALP,LNP,ALP,0.5149444371837926,0.4850555628162075,0.01494443718379257,LNP-ALP,OTH>IND>ON>GRN,0.4850555628162075,0.5149444371837926,OTH>IND>ON>GRN,0.6120597840750901,0.3879402159249099,OTH>IND>GRN>LNP,LNP,LNP-ALP,0.020153695821067186,0.4798463041789328,Joint architecture stress,False,0.5209258637274672
Bass,Eastern Victoria,ALP,LNP,ON,0.5604149484397487,0.43958505156025124,0.060414948439748706,LNP-ON,OTH>IND>GRN>ALP,0.3929921885298331,0.607007811470167,OTH>IND>GRN>ON,0.36412029682044744,0.6358797031795526,OTH>IND>GRN>LNP,LNP,LNP-ON,0.06091125285750687,0.36262781834297036,Joint architecture stress,False,3.0364370186862724
Bayswater,North-Eastern Metro,ALP,LNP,ALP,0.5373221656886801,0.46267783431132,0.037322165688680076,LNP-ALP,IND>OTH>GRN>ON,0.46267783431132,0.5373221656886801,IND>OTH>GRN>ON,0.5078111148029942,0.4921888851970058,IND>OTH>GRN>LNP,LNP,LNP-ALP,0.06403632794664371,0.4359636720533563,Joint architecture stress,False,2.671416225796369
Bellarine,Western Victoria,ALP,ALP,LNP,0.5071840116740622,0.49281598832593787,0.007184011674062241,ALP-LNP,OTH>IND>GRN>ON,0.5071840116740622,0.49281598832593787,OTH>IND>GRN>ON,0.5073488763698382,0.4926511236301618,OTH>IND>GRN>LNP,LNP,LNP-ALP,0.01309528636606383,0.4869047136339363,Joint architecture stress,True,2.027929804012596
Benambra,Northern Victoria,LNP,LNP,IND,0.5552337158985711,0.44476628410142893,0.05523371589857107,LNP-IND,ALP>OTH>GRN>ON,0.287233922866362,0.712766077133638,OTH>GRN>ON>IND,0.35383223250528695,0.646167767494713,OTH>GRN>LNP>IND,LNP,LNP-IND,0.08034150061428902,0.25366584770960654,Joint architecture stress,False,3.3568075156755475
Bendigo East,Northern Victoria,ALP,ALP,LNP,0.5260016095989319,0.47399839040106806,0.02600160959893194,ALP-LNP,OTH>IND>GRN>ON,0.5260016095989319,0.47399839040106806,OTH>IND>GRN>ON,0.531286352403948,0.46871364759605205,OTH>IND>GRN>LNP,ALP,ALP-LNP,0.0007998373286483007,0.5007998373286483,Joint architecture stress,False,2.520177227028364
Bendigo West,Northern Victoria,ALP,ALP,ON,0.536875883773325,0.46312411622667504,0.03687588377332496,ALP-ON,IND>OTH>GRN>LNP,0.565808456379091,0.43419154362090895,IND>OTH>GRN>ON,0.536875883773325,0.46312411622667504,IND>OTH>GRN>LNP,ALP,ALP-ON,0.03651607760092224,0.5388486066873914,Joint architecture stress,False,2.695984969169962
Bentleigh,Southern Metro,ALP,ALP,LNP,0.5291338973330589,0.4708661026669411,0.029133897333058933,ALP-LNP,OTH>IND>GRN>ON,0.5291338973330589,0.4708661026669411,OTH>IND>GRN>ON,0.598105722741162,0.40189427725883803,OTH>IND>GRN>LNP,ALP,ALP-LNP,0.004323938619625434,0.5043239386196254,Joint architecture stress,False,2.48099587134335
Berwick,South-Eastern Metro,LNP,LNP,ALP,0.6272344937817521,0.3727655062182479,0.1272344937817521,LNP-ALP,IND>OTH>GRN>ON,0.3727655062182479,0.6272344937817521,IND>OTH>GRN>ON,0.38705095256335176,0.6129490474366482,IND>OTH>GRN>LNP,LNP,LNP-ALP,0.15220585578046764,0.3477941442195324,Joint architecture stress,False,2.497136199871547
Box Hill,North-Eastern Metro,ALP,LNP,ALP,0.5031942029721787,0.49680579702782135,0.0031942029721786502,LNP-ALP,IND>OTH>ON>GRN,0.49680579702782135,0.5031942029721787,IND>OTH>ON>GRN,0.6196678096406388,0.3803321903593611,IND>OTH>GRN>LNP,LNP,LNP-ALP,0.008204191985538456,0.49179580801446154,Joint architecture stress,False,0.5009989013359806
Brighton,Southern Metro,LNP,LNP,GRN,0.6017785905589388,0.39822140944106116,0.10177859055893879,LNP-GRN,OTH>IND>ON>ALP,0.40409111267150727,0.5959088873284928,OTH>IND>ON>GRN,0.598741847531783,0.4012581524682171,OTH>IND>GRN>LNP,LNP,LNP-GRN,0.09518318631618783,0.39476731238287915,Joint architecture stress,False,0.9323800288628115
Broadmeadows,Northern Metro,ALP,ALP,ON,0.5604492406645551,0.43955075933544485,0.06044924066455515,ALP-ON,IND>GRN>OTH>LNP,0.6283563760610418,0.37164362393895817,IND>GRN>OTH>ON,0.5604492406645551,0.43955075933544485,IND>GRN>OTH>LNP,ALP,ALP-ON,0.05434911510575968,0.5922522445439949,Joint architecture stress,False,3.6104131517046834
Brunswick,Northern Metro,GRN,GRN,ALP,0.6674189562311552,0.3325810437688449,0.1674189562311552,GRN-ALP,IND>LNP>OTH>ON,0.7327406644927698,0.26725933550723036,IND>OTH>ON>GRN,0.7609838199626957,0.2390161800373042,IND>LNP>OTH>GRN,GRN,GRN-ALP,0.15930917399445177,0.7744157015773374,Joint architecture stress,False,-4.167503708456765
Bulleen,North-Eastern Metro,LNP,LNP,ALP,0.6195161519607132,0.38048384803928686,0.11951615196071319,LNP-ALP,OTH>IND>GRN>ON,0.38048384803928686,0.6195161519607132,OTH>IND>GRN>ON,0.544505960828343,0.455494039171657,OTH>IND>GRN>LNP,LNP,LNP-ALP,0.13768026752982,0.3623197324701799,Joint architecture stress,False,1.8164115569106964
Bundoora,North-Eastern Metro,ALP,ALP,LNP,0.5706014294084791,0.4293985705915208,0.07060142940847913,ALP-LNP,IND>OTH>GRN>ON,0.5706014294084791,0.4293985705915208,IND>OTH>GRN>ON,0.5805219541482358,0.41947804585176424,IND>OTH>GRN>LNP,ALP,ALP-LNP,0.04017841864823224,0.5401784186482322,Joint architecture stress,False,3.0423010760246894
Carrum,South-Eastern Metro,ALP,ON,ALP,0.5298624125763798,0.47013758742362016,0.029862412576379782,ON-ALP,IND>OTH>GRN>LNP,0.5038045464844497,0.49619545351555033,IND>OTH>GRN>ON,0.47013758742362016,0.5298624125763798,IND>OTH>GRN>LNP,ON,ON-ALP,0.028685690309956047,0.47621444755648196,Joint architecture stress,False,2.7590098927967768
Caulfield,Southern Metro,LNP,LNP,GRN,0.5976670783246337,0.4023329216753662,0.09766707832463373,LNP-GRN,OTH>IND>ON>ALP,0.42505571630067135,0.5749442836993287,OTH>IND>ON>GRN,0.6094837114557198,0.3905162885442803,OTH>IND>GRN>LNP,LNP,LNP-GRN,0.08853224337089749,0.4163136755177302,Joint architecture stress,False,0.8742040782941163
Clarinda,South-Eastern Metro,ALP,ALP,LNP,0.5576884558051113,0.4423115441948887,0.05768845580511128,ALP-LNP,OTH>GRN>IND>ON,0.5576884558051113,0.4423115441948887,OTH>GRN>IND>ON,0.5780502821666589,0.4219497178333411,OTH>GRN>IND>LNP,ALP,ALP-LNP,0.031349050132364775,0.5313490501323648,Joint architecture stress,False,2.6339405672746508
Cranbourne,South-Eastern Metro,ALP,ON,ALP,0.5218275430705728,0.4781724569294273,0.021827543070572775,ON-ALP,IND>GRN>OTH>LNP,0.5315688907257597,0.46843110927424036,IND>GRN>OTH>ON,0.4781724569294273,0.5218275430705728,IND>GRN>OTH>LNP,ON,ON-ALP,0.01999781819413282,0.4966074260921617,Joint architecture stress,False,3.496146463359806
Croydon,North-Eastern Metro,LNP,LNP,ALP,0.576775914853912,0.423224085146088,0.076775914853912,LNP-ALP,IND>OTH>GRN>ON,0.423224085146088,0.576775914853912,IND>OTH>GRN>ON,0.4901184157410638,0.5098815842589363,IND>OTH>GRN>LNP,LNP,LNP-ALP,0.10246137297192337,0.3975386270280766,Joint architecture stress,False,2.568545811801143
Dandenong,South-Eastern Metro,ALP,ALP,ON,0.5886201638851203,0.41137983611487977,0.08862016388512028,ALP-ON,IND>OTH>GRN>LNP,0.6383378374086743,0.3616621625913256,IND>OTH>GRN>ON,0.5886201638851203,0.41137983611487977,IND>OTH>GRN>LNP,ALP,ALP-ON,0.09098046216768862,0.6101929839512263,Joint architecture stress,False,2.8144853457447994
Eildon,Northern Victoria,LNP,LNP,ON,0.5990378796929717,0.4009621203070283,0.09903787969297173,LNP-ON,IND>OTH>GRN>ALP,0.36060556912497693,0.6393944308750231,IND>OTH>GRN>ON,0.3532605602643158,0.6467394397356843,IND>OTH>GRN>LNP,LNP,LNP-ON,0.0994798556501374,0.3319057843679647,Joint architecture stress,False,2.869978475701224
Eltham,North-Eastern Metro,ALP,ALP,LNP,0.5334462930410214,0.46655370695897863,0.033446293041021424,ALP-LNP,IND>OTH>GRN>ON,0.5334462930410214,0.46655370695897863,IND>OTH>GRN>ON,0.5707680973219181,0.429231902678082,IND>OTH>GRN>LNP,ALP,ALP-LNP,0.00651455952423019,0.5065145595242302,Joint architecture stress,False,2.6931733516791234
Essendon,Northern Metro,ALP,ALP,LNP,0.5526283961972137,0.4473716038027863,0.05262839619721371,ALP-LNP,IND>OTH>GRN>ON,0.5526283961972137,0.4473716038027863,IND>OTH>GRN>ON,0.5590436582646569,0.4409563417353431,IND>OTH>GRN>LNP,ALP,ALP-LNP,0.01960794500175056,0.5196079450017506,Joint architecture stress,False,3.302045119546315
Eureka,Western Victoria,ALP,ON,ALP,0.5842344127393322,0.41576558726066787,0.08423441273933219,ON-ALP,IND>OTH>GRN>LNP,0.47861211366439355,0.5213878863356064,IND>OTH>GRN>ON,0.41576558726066787,0.5842344127393322,IND>OTH>GRN>LNP,ON,ON-ALP,0.08463734514444254,0.4454385157396719,Joint architecture stress,False,3.317359792472163
Euroa,Northern Victoria,LNP,LNP,ON,0.5932278146278468,0.40677218537215326,0.0932278146278468,LNP-ON,IND>OTH>GRN>ALP,0.3172044373435357,0.6827955626564643,IND>OTH>GRN>ON,0.3194986531043027,0.6805013468956973,IND>OTH>GRN>LNP,LNP,LNP-ON,0.09355780528696012,0.28828207895569535,Joint architecture stress,False,2.8922358387840355
Evelyn,Eastern Victoria,LNP,LNP,ALP,0.6333476855829161,0.3666523144170839,0.1333476855829161,LNP-ALP,IND>OTH>GRN>ON,0.3666523144170839,0.6333476855829161,IND>OTH>GRN>ON,0.38974902358289554,0.6102509764171046,IND>OTH>GRN>LNP,LNP,LNP-ALP,0.15682799361884747,0.3431720063811526,Joint architecture stress,False,2.348030803593132
Footscray,Western Metro,ALP,ALP,GRN,0.5165793876200228,0.4834206123799772,0.016579387620022756,ALP-GRN,IND>OTH>LNP>ON,0.6696636455989153,0.3303363544010847,IND>OTH>ON>GRN,0.7382747513995009,0.26172524860049906,IND>OTH>LNP>GRN,ALP,ALP-GRN,0.027632370246070903,0.6842710472180838,Joint architecture stress,False,-1.4607401619168514
Frankston,South-Eastern Metro,ALP,ALP,ON,0.504430078276075,0.49556992172392506,0.004430078276075,ALP-ON,IND>OTH>GRN>LNP,0.5315670291048772,0.4684329708951228,IND>OTH>GRN>ON,0.504430078276075,0.49556992172392506,IND>OTH>GRN>LNP,ALP,ALP-ON,0.003830064317172477,0.4968822042256543,Joint architecture stress,False,3.4684824879222864
Geelong,Western Victoria,ALP,ON,ALP,0.5185580432462977,0.4814419567537022,0.01855804324629773,ON-ALP,OTH>IND>GRN>LNP,0.5370244297453224,0.46297557025467767,OTH>IND>GRN>ON,0.4814419567537022,0.5185580432462977,OTH>IND>GRN>LNP,ON,ON-ALP,0.018451384779510027,0.5013031741653313,Joint architecture stress,False,3.5721255579991062
Gippsland East,Eastern Victoria,LNP,LNP,ON,0.59868449779128,0.40131550220872003,0.09868449779127997,LNP-ON,IND>ALP>OTH>GRN,0.2186399020787538,0.7813600979212463,IND>OTH>GRN>ON,0.22070585098635473,0.7792941490136452,IND>OTH>GRN>LNP,LNP,LNP-ON,0.09740032695815293,0.1859586341037342,Joint architecture stress,False,3.2681267975019606
Gippsland South,Eastern Victoria,LNP,LNP,ON,0.5885468355359285,0.41145316446407154,0.08854683553592846,LNP-ON,OTH>IND>GRN>ALP,0.27646282018746393,0.7235371798125361,OTH>IND>GRN>ON,0.2704215178737467,0.7295784821262533,OTH>IND>GRN>LNP,LNP,LNP-ON,0.08867873010667882,0.24394450187296812,Joint architecture stress,False,3.251831831449581
Glen Waverley,North-Eastern Metro,ALP,LNP,ALP,0.5300277512221417,0.4699722487778582,0.03002775122214174,LNP-ALP,IND>OTH>GRN>ON,0.4699722487778582,0.5300277512221417,IND>OTH>GRN>ON,0.5949678990189944,0.4050321009810056,IND>OTH>GRN>LNP,LNP,LNP-ALP,0.04878285544095928,0.45121714455904083,Joint architecture stress,False,1.8755104218817376
Greenvale,Northern Metro,ALP,ALP,ON,0.5502064186762715,0.44979358132372843,0.050206418676271514,ALP-ON,IND>GRN>OTH>LNP,0.5756643959400952,0.42433560405990484,IND>GRN>OTH>ON,0.5502064186762715,0.44979358132372843,IND>GRN>OTH>LNP,ALP,ALP-ON,0.05249533403601159,0.5527690930731672,Joint architecture stress,False,2.289530286692798
Hastings,Eastern Victoria,ALP,LNP,ALP,0.5733372805931273,0.4266627194068727,0.07333728059312727,LNP-ALP,IND>OTH>GRN>ON,0.4266627194068727,0.5733372805931273,IND>OTH>GRN>ON,0.40091492166275405,0.599085078337246,IND>OTH>GRN>LNP,LNP,LNP-ALP,0.10301840350523894,0.39698159649476106,Joint architecture stress,False,2.968112291211167
Hawthorn,Southern Metro,LNP,LNP,GRN,0.6352115798222837,0.3647884201777163,0.1352115798222837,LNP-GRN,OTH>ON>ALP>IND,0.45467820649154006,0.54532179350846,OTH>ON>GRN>IND,0.6510005827437227,0.34899941725627726,OTH>GRN>IND>LNP,LNP,LNP-GRN,0.13954527662780758,0.4593923064002629,Joint architecture stress,False,-0.47140999087228463
Ivanhoe,North-Eastern Metro,ALP,ALP,LNP,0.5554996594116486,0.44450034058835153,0.05549965941164858,ALP-LNP,OTH>IND>ON>GRN,0.5554996594116486,0.44450034058835153,OTH>IND>ON>GRN,0.6249672921970095,0.3750327078029905,OTH>IND>GRN>LNP,ALP,ALP-LNP,0.048835362004888694,0.5488353620048887,Joint architecture stress,False,0.6664297406759889
Kalkallo,Northern Metro,ALP,ALP,ON,0.5396171977776166,0.4603828022223834,0.03961719777761663,ALP-ON,IND>GRN>OTH>LNP,0.5892185742207366,0.4107814257792634,IND>GRN>OTH>ON,0.5396171977776166,0.4603828022223834,IND>GRN>OTH>LNP,ALP,ALP-ON,0.0407839106933392,0.5680451973216231,Joint architecture stress,False,2.1173376899113583
Kew,Southern Metro,LNP,LNP,IND,0.6152786861787045,0.38472131382129543,0.11527868617870451,LNP-IND,OTH>ON>GRN>ALP,0.41714176741127634,0.5828582325887236,OTH>ON>GRN>IND,0.6325475161380232,0.36745248386197676,OTH>GRN>IND>LNP,LNP,LNP-IND,0.11040986738952074,0.4191789954650264,Joint architecture stress,False,-0.2037228053750062
Kororoit,Western Metro,ALP,ALP,ON,0.5456819820229453,0.45431801797705473,0.04568198202294527,ALP-ON,IND>GRN>OTH>LNP,0.6165603970659983,0.38343960293400176,IND>GRN>OTH>ON,0.5456819820229453,0.45431801797705473,IND>GRN>OTH>LNP,ALP,ALP-ON,0.0485914056387311,0.5900417251502089,Joint architecture stress,False,2.6518671915789382
Lara,Western Victoria,ALP,ON,ALP,0.5395561973398308,0.4604438026601691,0.039556197339830845,ON-ALP,IND>OTH>GRN>LNP,0.551600791677119,0.4483992083228811,IND>OTH>GRN>ON,0.4604438026601691,0.5395561973398308,IND>OTH>GRN>LNP,ON,ON-ALP,0.03901353088723558,0.5151572662962255,Joint architecture stress,False,3.644352538089346
Laverton,Western Metro,ALP,ALP,ON,0.5859741225866284,0.41402587741337166,0.0859741225866284,ALP-ON,IND>GRN>OTH>LNP,0.6294957488595418,0.37050425114045815,IND>GRN>OTH>ON,0.5859741225866284,0.41402587741337166,IND>GRN>OTH>LNP,ALP,ALP-ON,0.07833732811089555,0.5946109812401761,Joint architecture stress,False,3.4884767619365764
Lowan,Western Victoria,LNP,LNP,ON,0.6278391186861811,0.37216088131381886,0.12783911868618114,LNP-ON,IND>OTH>ALP>GRN,0.2299851935554852,0.7700148064445148,IND>OTH>GRN>ON,0.2417237905283725,0.7582762094716274,IND>OTH>GRN>LNP,LNP,LNP-ON,0.12977399005266355,0.20138693183158912,Joint architecture stress,False,2.8598261723896066
Macedon,Northern Victoria,ALP,ON,ALP,0.534632813994646,0.465367186005354,0.03463281399464602,ON-ALP,OTH>IND>GRN>LNP,0.5063131451699758,0.4936868548300241,OTH>IND>GRN>ON,0.465367186005354,0.534632813994646,OTH>IND>GRN>LNP,ON,ON-ALP,0.035772177932216764,0.47685638703085803,Joint architecture stress,False,2.9456758139117802
Malvern,Southern Metro,LNP,LNP,GRN,0.6551937260867026,0.3448062739132975,0.15519372608670257,LNP-GRN,IND>OTH>ON>ALP,0.3625008867524374,0.6374991132475626,IND>OTH>ON>GRN,0.599388429859603,0.400611570140397,IND>OTH>GRN>LNP,LNP,LNP-GRN,0.14563823585614677,0.356420375757246,Joint architecture stress,False,0.6080510995191413
Melbourne,Northern Metro,GRN,GRN,ALP,0.644193385902903,0.3558066140970971,0.14419338590290298,GRN-ALP,IND>OTH>LNP>ON,0.6660473889324036,0.33395261106759644,IND>OTH>ON>GRN,0.7554944948498011,0.24450550515019898,IND>OTH>LNP>GRN,GRN,GRN-ALP,0.1345712205342986,0.7008125692231191,Joint architecture stress,False,-3.4765180290715514
Melton,Western Victoria,ALP,ON,ALP,0.552830054835829,0.4471699451641709,0.05283005483582903,ON-ALP,GRN>OTH>LNP>IND,0.44299074048250986,0.5570092595174901,GRN>OTH>IND>ON,0.4471699451641709,0.552830054835829,GRN>OTH>LNP>IND,ON,ON-IND,0.06517882456958946,0.41168798719986416,Joint architecture stress,False,3.1302753282645703
Mildura,Northern Victoria,LNP,IND,ON,0.5228592480512785,0.4771407519487216,0.02285924805127848,IND-ON,OTH>ALP>GRN>LNP,0.29989736331913036,0.7001026366808696,OTH>GRN>ON>IND,0.36022156348300405,0.639778436516996,OTH>GRN>LNP>IND,IND,IND-ON,0.010943237802424122,0.26059647588310125,Joint architecture stress,False,3.930088743602911
Mill Park,North-Eastern Metro,ALP,ALP,ON,0.5299081736435479,0.4700918263564522,0.02990817364354792,ALP-ON,IND>GRN>OTH>LNP,0.580474262851011,0.41952573714898905,IND>GRN>OTH>ON,0.5299081736435479,0.4700918263564522,IND>GRN>OTH>LNP,ALP,ALP-ON,0.03145662783929182,0.5481342339775962,Joint architecture stress,False,3.2340028873414806
Monbulk,Eastern Victoria,ALP,LNP,ALP,0.5152335770383938,0.48476642296160616,0.015233577038393786,LNP-ALP,OTH>IND>GRN>ON,0.48476642296160616,0.5152335770383938,OTH>IND>GRN>ON,0.4483244429632942,0.5516755570367058,OTH>IND>GRN>LNP,LNP,LNP-ALP,0.04280014574790758,0.4571998542520924,Joint architecture stress,False,2.7566568709513737
Mordialloc,South-Eastern Metro,ALP,ALP,LNP,0.5292168424893909,0.47078315751060906,0.029216842489390937,ALP-LNP,OTH>IND>GRN>ON,0.5292168424893909,0.47078315751060906,OTH>IND>GRN>ON,0.5666939811763082,0.4333060188236919,OTH>IND>GRN>LNP,ALP,ALP-LNP,0.0006523366847913659,0.5006523366847914,Joint architecture stress,False,2.856450580459957
Mornington,Eastern Victoria,LNP,LNP,IND,0.6020235253372005,0.3979764746627995,0.1020235253372005,LNP-IND,OTH>GRN>ALP>ON,0.32899968909394867,0.6710003109060513,OTH>GRN>ON>IND,0.35877733459161054,0.6412226654083895,OTH>GRN>IND>LNP,LNP,LNP-IND,0.11769276716963739,0.3106615771331403,Joint architecture stress,False,1.8338111960808368
Morwell,Eastern Victoria,LNP,ON,LNP,0.518602128407861,0.481397871592139,0.01860212840786102,ON-LNP,GRN>OTH>IND>ALP,0.41292974894572804,0.5870702510542719,GRN>OTH>IND>ON,0.34127487971566856,0.6587251202843315,GRN>OTH>IND>LNP,ON,ON-LNP,0.01832732253919178,0.3602782798049009,Joint architecture stress,False,5.265146914082713
Mulgrave,South-Eastern Metro,ALP,ALP,ON,0.6757260682345462,0.32427393176545394,0.17572606823454617,ALP-ON,OTH>GRN>LNP>IND,0.6446904717982745,0.35530952820172557,OTH>GRN>IND>ON,0.6757260682345462,0.32427393176545394,OTH>GRN>LNP>IND,ALP,ALP-ON,0.1758663202497328,0.6036332319012444,Joint architecture stress,False,4.105723989703014
Murray Plains,Northern Victoria,LNP,LNP,ON,0.594469453353179,0.40553054664682103,0.09446945335317902,LNP-ON,IND>ALP>GRN>OTH,0.2010057537504622,0.7989942462495377,IND>GRN>OTH>ON,0.20013066950571914,0.7998693304942809,IND>GRN>OTH>LNP,LNP,LNP-ON,0.09234874762214595,0.1694726884230766,Joint architecture stress,False,3.1533065327385588
Narracan,Eastern Victoria,LNP,LNP,ON,0.6168753304118022,0.3831246695881978,0.1168753304118022,LNP-ON,OTH>IND>ALP>GRN,0.3778576266163459,0.6221423733836542,OTH>IND>GRN>ON,0.36718819055146656,0.6328118094485335,OTH>IND>GRN>LNP,LNP,LNP-ON,0.12284469016527277,0.3561454128732082,Joint architecture stress,False,2.17122137431377
Narre Warren North,South-Eastern Metro,ALP,ON,ALP,0.5023637835119567,0.4976362164880434,0.002363783511956652,ON-ALP,IND>GRN>OTH>LNP,0.5412869318779424,0.45871306812205764,IND>GRN>OTH>ON,0.4976362164880434,0.5023637835119567,IND>GRN>OTH>LNP,ON,ON-ALP,0.001128942238424857,0.5066770859269301,Joint architecture stress,False,3.4609845951012352
Narre Warren South,South-Eastern Metro,ALP,ALP,ON,0.505624004559324,0.4943759954406761,0.005624004559323992,ALP-ON,IND>GRN>OTH>LNP,0.537915538121447,0.4620844618785531,IND>GRN>OTH>ON,0.505624004559324,0.4943759954406761,IND>GRN>OTH>LNP,ALP,ALP-ON,0.007096740180236871,0.5050173907012259,Joint architecture stress,False,3.2898147420221124
Nepean,Eastern Victoria,LNP,LNP,ALP,0.6398363117506459,0.360163688249354,0.13983631175064593,LNP-ALP,OTH>IND>GRN>ON,0.360163688249354,0.6398363117506459,OTH>IND>GRN>ON,0.3821313953176876,0.6178686046823124,OTH>IND>GRN>LNP,LNP,LNP-ALP,0.1645952589134283,0.33540474108657164,Joint architecture stress,False,2.4758947162782374
Niddrie,Western Metro,ALP,ALP,ON,0.5166491541687556,0.4833508458312445,0.016649154168755564,ALP-ON,IND>OTH>GRN>LNP,0.5090115993885335,0.4909884006114666,IND>OTH>GRN>ON,0.5166491541687556,0.4833508458312445,IND>OTH>GRN>LNP,ALP,ALP-ON,0.01605899527420307,0.4734736460902343,Joint architecture stress,False,3.553795329829917
Northcote,Northern Metro,ALP,GRN,ALP,0.5526490215102066,0.44735097848979344,0.05264902151020656,GRN-ALP,IND>LNP>OTH>ON,0.7129309012409932,0.28706909875900677,IND>OTH>ON>GRN,0.7220871566776157,0.27791284332238425,IND>LNP>OTH>GRN,GRN,GRN-ALP,0.04152030118116612,0.7385153919698288,Joint architecture stress,False,-2.558449072883562
Oakleigh,Southern Metro,ALP,ALP,LNP,0.5796406517525023,0.4203593482474977,0.07964065175250234,ALP-LNP,OTH>IND>GRN>ON,0.5796406517525023,0.4203593482474977,OTH>IND>GRN>ON,0.6064386175941096,0.3935613824058904,OTH>IND>GRN>LNP,ALP,ALP-LNP,0.05058913085493555,0.5505891308549355,Joint architecture stress,False,2.9051520897566796
Ovens Valley,Northern Victoria,LNP,LNP,ON,0.5957214759145826,0.4042785240854174,0.09572147591458258,LNP-ON,IND>ALP>OTH>GRN,0.28895535961571966,0.7110446403842804,IND>GRN>OTH>ON,0.26784167452667296,0.7321583254733272,IND>GRN>OTH>LNP,LNP,LNP-ON,0.09664647395374848,0.25698969034319064,Joint architecture stress,False,3.1965669272529027
Pakenham,Eastern Victoria,ALP,LNP,ON,0.5239144430488762,0.4760855569511237,0.023914443048876244,LNP-ON,IND>GRN>OTH>ALP,0.4275675201109181,0.5724324798890819,IND>GRN>OTH>ON,0.3757757765699878,0.6242242234300122,IND>GRN>OTH>LNP,LNP,LNP-ON,0.02224783500914973,0.39519678490634497,Joint architecture stress,False,3.237073520457312
Pascoe Vale,Northern Metro,ALP,GRN,ALP,0.5019246837142128,0.4980753162857872,0.0019246837142128381,GRN-ALP,OTH>IND>LNP>ON,0.605785511378009,0.3942144886219911,OTH>IND>ON>GRN,0.6604017265239756,0.3395982734760245,OTH>IND>LNP>GRN,ALP,ALP-GRN,0.011908787543767452,0.6211584613783508,Joint architecture stress,True,-1.537295000034189
Point Cook,Western Metro,ALP,ON,ALP,0.5005522115194287,0.4994477884805713,0.0005522115194287469,ON-ALP,OTH>GRN>IND>LNP,0.5604538091996663,0.4395461908003338,OTH>GRN>IND>ON,0.4994477884805713,0.5005522115194287,OTH>GRN>IND>LNP,ON,ON-ALP,0.0041116787621958695,0.5200675760468159,Joint architecture stress,False,4.038623315285039
Polwarth,Western Victoria,LNP,LNP,ON,0.658590836781008,0.34140916321899195,0.15859083678100805,LNP-ON,IND>OTH>ALP>GRN,0.3965719047428169,0.6034280952571831,IND>OTH>GRN>ON,0.4034094538558077,0.5965905461441924,IND>OTH>GRN>LNP,LNP,LNP-GRN,0.15766811941878434,0.3732634887398311,Joint architecture stress,False,2.3308416002985775
Prahran,Southern Metro,GRN,GRN,LNP,0.5903749541586373,0.4096250458413628,0.09037495415863728,GRN-LNP,IND>OTH>ALP>ON,0.5385887009343208,0.4614112990656793,IND>OTH>ON>GRN,0.69811339472844,0.3018866052715599,IND>OTH>LNP>GRN,GRN,GRN-LNP,0.06478914399128877,0.569020344305782,Joint architecture stress,False,-3.0431643371461203
Preston,Northern Metro,ALP,ALP,ON,0.6019433618543677,0.39805663814563225,0.1019433618543677,ALP-ON,OTH>LNP>IND>GRN,0.6359723252407822,0.36402767475921777,OTH>IND>GRN>ON,0.6019433618543677,0.39805663814563225,OTH>LNP>IND>GRN,ALP,ALP-ON,0.10527105010985471,0.6020639610251382,Joint architecture stress,False,3.3908364215644027
Richmond,Northern Metro,GRN,GRN,ALP,0.6048445160245216,0.3951554839754784,0.1048445160245216,GRN-ALP,IND>OTH>LNP>ON,0.703218282744616,0.296781717255384,IND>OTH>ON>GRN,0.7673497905185599,0.23265020948144013,IND>OTH>LNP>GRN,GRN,GRN-ALP,0.09572066883536323,0.7358983213804116,Joint architecture stress,False,-3.2680038635795605
Ringwood,North-Eastern Metro,ALP,LNP,ALP,0.5074956119338815,0.49250438806611857,0.007495611933881485,LNP-ALP,IND>OTH>ON>GRN,0.49250438806611857,0.5074956119338815,IND>OTH>ON>GRN,0.5688673239654308,0.4311326760345693,IND>OTH>GRN>LNP,LNP,LNP-ALP,0.013588914217029457,0.4864110857829706,Joint architecture stress,False,0.6093302283147972
Ripon,Western Victoria,ALP,ON,ALP,0.6155160359445719,0.3844839640554281,0.11551603594457194,ON-ALP,IND>GRN>OTH>LNP,0.4459285275833132,0.5540714724166869,IND>GRN>OTH>ON,0.3844839640554281,0.6155160359445719,IND>GRN>OTH>LNP,ON,ON-ALP,0.11491448099987323,0.4159588959808573,Joint architecture stress,False,2.9969631602455915
Rowville,South-Eastern Metro,LNP,LNP,ALP,0.5902528751266409,0.4097471248733591,0.09025287512664093,LNP-ALP,OTH>GRN>IND>ON,0.4097471248733591,0.5902528751266409,OTH>GRN>IND>ON,0.4939176019331419,0.5060823980668582,OTH>GRN>IND>LNP,LNP,LNP-ALP,0.11048381405203433,0.38951618594796567,Joint architecture stress,False,2.023093892539346
Sandringham,Southern Metro,LNP,LNP,GRN,0.621366187517939,0.378633812482061,0.12136618751793904,LNP-GRN,OTH>IND>ALP>ON,0.37877174353381543,0.6212282564661846,OTH>IND>ON>GRN,0.5236442346222514,0.47635576537774865,OTH>IND>GRN>LNP,LNP,LNP-GRN,0.13457165092023693,0.3719348920100771,Joint architecture stress,False,0.6836851523738308
Shepparton,Northern Victoria,LNP,LNP,IND,0.567330189428763,0.43266981057123705,0.06733018942876301,LNP-IND,ALP>OTH>GRN>ON,0.2820502795303989,0.7179497204696011,OTH>GRN>ON>IND,0.2899052558185311,0.7100947441814689,OTH>GRN>IND>LNP,LNP,LNP-IND,0.09458377633457105,0.24461921001920806,Joint architecture stress,False,3.743106951119085
South Barwon,Western Victoria,ALP,LNP,ALP,0.5111352721824475,0.4888647278175526,0.011135272182447475,LNP-ALP,IND>OTH>GRN>ON,0.4888647278175526,0.5111352721824475,IND>OTH>GRN>ON,0.4938332668147737,0.5061667331852263,IND>OTH>GRN>LNP,LNP,LNP-ALP,0.036643731266309376,0.46335626873369073,Joint architecture stress,False,2.5508459083861847
South-West Coast,Western Victoria,LNP,LNP,IND,0.5670881468325305,0.43291185316746955,0.0670881468325305,LNP-IND,OTH>GRN>ALP>ON,0.35930559224336056,0.6406944077566394,OTH>GRN>ON>IND,0.34158703688533554,0.6584129631146645,OTH>GRN>IND>LNP,LNP,LNP-IND,0.08561137386372708,0.3508070051820872,Joint architecture stress,False,0.8498587061273377
St Albans,Western Metro,ALP,ALP,ON,0.5526165904250266,0.44738340957497347,0.052616590425026644,ALP-ON,IND>GRN>OTH>LNP,0.5793363165086741,0.42066368349132593,IND>GRN>OTH>ON,0.5526165904250266,0.44738340957497347,IND>GRN>OTH>LNP,ALP,ALP-ON,0.04878187928334221,0.5449496055889691,Joint architecture stress,False,3.438671091970502
Sunbury,Western Metro,ALP,ON,ALP,0.5706464914784959,0.42935350852150406,0.07064649147849589,ON-ALP,IND>OTH>GRN>LNP,0.479373549573116,0.5206264504268839,IND>OTH>GRN>ON,0.42935350852150406,0.5706464914784959,IND>OTH>GRN>LNP,ON,ON-ALP,0.07032717153983281,0.4471714849955755,Joint architecture stress,False,3.220206457754049
Sydenham,Western Metro,ALP,ALP,ON,0.5018830831087403,0.4981169168912597,0.0018830831087403022,ALP-ON,IND>GRN>OTH>LNP,0.5445680059265079,0.4554319940734921,IND>GRN>OTH>ON,0.5018830831087403,0.4981169168912597,IND>GRN>OTH>LNP,ALP,ALP-ON,0.003586696788217103,0.5130374221884525,Joint architecture stress,False,3.1530583738055395
Tarneit,Western Metro,ALP,ALP,ON,0.5458611628794982,0.45413883712050196,0.04586116287949815,ALP-ON,IND>GRN>OTH>LNP,0.5886139963069045,0.4113860036930956,IND>GRN>OTH>ON,0.5458611628794982,0.45413883712050196,IND>GRN>OTH>LNP,ALP,ALP-ON,0.04305406904669118,0.5547586956578089,Joint architecture stress,False,3.3855300649095588
Thomastown,Northern Metro,ALP,ALP,ON,0.5626799232624866,0.43732007673751333,0.06267992326248661,ALP-ON,IND>GRN>OTH>LNP,0.627729562010928,0.37227043798907206,IND>GRN>OTH>ON,0.5626799232624866,0.43732007673751333,IND>GRN>OTH>LNP,ALP,ALP-ON,0.06497742335599743,0.598357020678262,Joint architecture stress,False,2.937254133266598
Warrandyte,North-Eastern Metro,LNP,LNP,ALP,0.609308826651722,0.3906911733482779,0.10930882665172204,LNP-ALP,IND>OTH>GRN>ON,0.3906911733482779,0.609308826651722,IND>OTH>GRN>ON,0.5024792480140731,0.49752075198592693,IND>OTH>GRN>LNP,LNP,LNP-ALP,0.1307062642461716,0.3692937357538284,Joint architecture stress,False,2.1397437594449507
Wendouree,Western Victoria,ALP,ON,ALP,0.5040696489993168,0.49593035100068317,0.004069648999316833,ON-ALP,IND>OTH>GRN>LNP,0.5164538739430469,0.4835461260569532,IND>OTH>GRN>ON,0.49593035100068317,0.5040696489993168,IND>OTH>GRN>LNP,ON,ON-ALP,0.0038523989921707136,0.4864378596063509,Joint architecture stress,False,3.0016014336695984
Werribee,Western Metro,ALP,ON,ALP,0.5462090591041938,0.45379094089580607,0.04620905910419382,ON-ALP,OTH>GRN>IND>LNP,0.5292143525130235,0.47078564748697654,OTH>GRN>IND>ON,0.45379094089580607,0.5462090591041938,OTH>GRN>IND>LNP,ON,ON-ALP,0.047698307448221455,0.49523772004157757,Joint architecture stress,False,3.3976632471445942
Williamstown,Western Metro,ALP,ALP,ON,0.6184137851707947,0.3815862148292053,0.1184137851707947,ALP-ON,IND>OTH>GRN>LNP,0.6142782576213471,0.38572174237865287,IND>OTH>GRN>ON,0.6184137851707947,0.3815862148292053,IND>OTH>GRN>LNP,ALP,ALP-ON,0.1126399188720183,0.5736706287606234,Joint architecture stress,False,4.060762886072378
Yan Yean,Northern Victoria,ALP,ON,ALP,0.5500059470135805,0.4499940529864194,0.05000594701358052,ON-ALP,IND>GRN>OTH>LNP,0.4900652558902388,0.5099347441097611,IND>GRN>OTH>ON,0.4499940529864194,0.5500059470135805,IND>GRN>OTH>LNP,ON,ON-ALP,0.04844974378208322,0.4662145826800124,Joint architecture stress,False,2.385067321022638
Albert Park,Southern Metro,ALP,ALP,LNP,0.5592345694182232,0.44076543058177675,0.05923456941822325,ALP-LNP,OTH>IND>ON>GRN,0.5592345694182232,0.44076543058177675,OTH>IND>ON>GRN,0.6685779131672207,0.33142208683277935,OTH>IND>GRN>LNP,ALP,ALP-LNP,0.05923456941822325,0.5592345694182232,Special priors: ON minus 5 pp,False,0.0
Ashwood,Southern Metro,ALP,LNP,ALP,0.5201536958210672,0.4798463041789328,0.020153695821067186,LNP-ALP,OTH>IND>ON>GRN,0.4798463041789328,0.5201536958210672,OTH>IND>ON>GRN,0.6315055575306415,0.36849444246935853,OTH>IND>GRN>LNP,LNP,LNP-ALP,0.020153695821067186,0.4798463041789328,Special priors: ON minus 5 pp,False,0.0
Bass,Eastern Victoria,ALP,LNP,ON,0.5751602748053208,0.4248397251946793,0.07516027480532084,LNP-ON,OTH>IND>GRN>ALP,0.36262781834297036,0.6373721816570297,OTH>IND>GRN>ON,0.38339661965690564,0.6166033803430945,OTH>IND>GRN>LNP,LNP,LNP-ON,0.06091125285750687,0.36262781834297036,Special priors: ON minus 5 pp,False,0.0
Bayswater,North-Eastern Metro,ALP,LNP,ALP,0.5640363279466437,0.4359636720533563,0.06403632794664371,LNP-ALP,IND>OTH>GRN>ON,0.4359636720533563,0.5640363279466437,IND>OTH>GRN>ON,0.5267938513306067,0.47320614866939326,IND>OTH>GRN>LNP,LNP,LNP-ALP,0.06403632794664371,0.4359636720533563,Special priors: ON minus 5 pp,False,0.0
Bellarine,Western Victoria,ALP,LNP,ALP,0.5130952863660638,0.4869047136339363,0.01309528636606383,LNP-ALP,OTH>IND>GRN>ON,0.4869047136339363,0.5130952863660638,OTH>IND>GRN>ON,0.5251241411647042,0.47487585883529576,OTH>IND>GRN>LNP,LNP,LNP-ALP,0.01309528636606383,0.4869047136339363,Special priors: ON minus 5 pp,False,0.0
Benambra,Northern Victoria,LNP,LNP,IND,0.580341500614289,0.419658499385711,0.08034150061428902,LNP-IND,ALP>OTH>GRN>ON,0.25366584770960654,0.7463341522903935,OTH>GRN>ON>IND,0.35050914764321284,0.6494908523567872,OTH>GRN>LNP>IND,LNP,LNP-IND,0.08034150061428902,0.25366584770960654,Special priors: ON minus 5 pp,False,0.0
Bendigo East,Northern Victoria,ALP,ALP,LNP,0.5007998373286483,0.4992001626713517,0.0007998373286483007,ALP-LNP,OTH>IND>GRN>ON,0.5007998373286483,0.4992001626713517,OTH>IND>GRN>ON,0.547470271965083,0.452529728034917,OTH>IND>GRN>LNP,ALP,ALP-LNP,0.0007998373286483007,0.5007998373286483,Special priors: ON minus 5 pp,False,0.0
Bendigo West,Northern Victoria,ALP,ALP,ON,0.5495901015786845,0.45040989842131557,0.04959010157868449,ALP-ON,IND>OTH>GRN>LNP,0.5388486066873914,0.4611513933126086,IND>OTH>GRN>ON,0.5495901015786845,0.45040989842131557,IND>OTH>GRN>LNP,ALP,ALP-ON,0.03651607760092224,0.5388486066873914,Special priors: ON minus 5 pp,False,0.0
Bentleigh,Southern Metro,ALP,ALP,LNP,0.5043239386196254,0.4956760613803745,0.004323938619625434,ALP-LNP,OTH>IND>GRN>ON,0.5043239386196254,0.4956760613803745,OTH>IND>GRN>ON,0.614778597643422,0.38522140235657804,OTH>IND>GRN>LNP,ALP,ALP-LNP,0.004323938619625434,0.5043239386196254,Special priors: ON minus 5 pp,False,0.0
Berwick,South-Eastern Metro,LNP,LNP,ALP,0.6522058557804676,0.3477941442195324,0.15220585578046764,LNP-ALP,IND>OTH>GRN>ON,0.3477941442195324,0.6522058557804676,IND>OTH>GRN>ON,0.41057632341529154,0.5894236765847085,IND>OTH>GRN>LNP,LNP,LNP-ALP,0.15220585578046764,0.3477941442195324,Special priors: ON minus 5 pp,False,0.0
Box Hill,North-Eastern Metro,ALP,LNP,ALP,0.5082041919855385,0.49179580801446154,0.008204191985538456,LNP-ALP,IND>OTH>ON>GRN,0.49179580801446154,0.5082041919855385,IND>OTH>ON>GRN,0.638527236604466,0.36147276339553397,IND>OTH>GRN>LNP,LNP,LNP-ALP,0.008204191985538456,0.49179580801446154,Special priors: ON minus 5 pp,False,0.0
Brighton,Southern Metro,LNP,LNP,GRN,0.5951831863161878,0.4048168136838122,0.09518318631618783,LNP-GRN,OTH>IND>ON>ALP,0.39476731238287915,0.6052326876171209,OTH>IND>ON>GRN,0.6184042358324191,0.3815957641675809,OTH>IND>GRN>LNP,LNP,LNP-GRN,0.09518318631618783,0.39476731238287915,Special priors: ON minus 5 pp,False,0.0
Broadmeadows,Northern Metro,ALP,ALP,ON,0.5644418205060532,0.4355581794939468,0.06444182050605318,ALP-ON,IND>GRN>OTH>LNP,0.5922522445439949,0.407747755456005,IND>GRN>OTH>ON,0.5644418205060532,0.4355581794939468,IND>GRN>OTH>LNP,ALP,ALP-ON,0.05434911510575968,0.5922522445439949,Special priors: ON minus 5 pp,False,0.0
Brunswick,Northern Metro,GRN,GRN,ALP,0.6593091739944518,0.34069082600554823,0.15930917399445177,GRN-ALP,IND>LNP>OTH>ON,0.7744157015773374,0.2255842984226625,IND>OTH>ON>GRN,0.7884672091765946,0.21153279082340548,IND>LNP>OTH>GRN,GRN,GRN-ALP,0.15930917399445177,0.7744157015773374,Special priors: ON minus 5 pp,False,0.0
Bulleen,North-Eastern Metro,LNP,LNP,ALP,0.63768026752982,0.3623197324701799,0.13768026752982,LNP-ALP,OTH>IND>GRN>ON,0.3623197324701799,0.63768026752982,OTH>IND>GRN>ON,0.5707269605078988,0.42927303949210116,OTH>IND>GRN>LNP,LNP,LNP-ALP,0.13768026752982,0.3623197324701799,Special priors: ON minus 5 pp,False,0.0
Bundoora,North-Eastern Metro,ALP,ALP,LNP,0.5401784186482322,0.4598215813517678,0.04017841864823224,ALP-LNP,IND>OTH>GRN>ON,0.5401784186482322,0.4598215813517678,IND>OTH>GRN>ON,0.5934611281008589,0.406538871899141,IND>OTH>GRN>LNP,ALP,ALP-LNP,0.04017841864823224,0.5401784186482322,Special priors: ON minus 5 pp,False,0.0
Carrum,South-Eastern Metro,ALP,ON,ALP,0.5141380197477056,0.4858619802522944,0.014138019747705566,ON-ALP,IND>OTH>GRN>LNP,0.47621444755648196,0.5237855524435181,IND>OTH>GRN>ON,0.4858619802522944,0.5141380197477056,IND>OTH>GRN>LNP,ON,ON-ALP,0.028685690309956047,0.47621444755648196,Special priors: ON minus 5 pp,False,0.0
Caulfield,Southern Metro,LNP,LNP,GRN,0.5885322433708975,0.41146775662910257,0.08853224337089749,LNP-GRN,OTH>IND>ON>ALP,0.4163136755177302,0.5836863244822699,OTH>IND>ON>GRN,0.6288021706508828,0.37119782934911716,OTH>IND>GRN>LNP,LNP,LNP-GRN,0.08853224337089749,0.4163136755177302,Special priors: ON minus 5 pp,False,0.0
Clarinda,South-Eastern Metro,ALP,ALP,LNP,0.5313490501323648,0.4686509498676352,0.031349050132364775,ALP-LNP,OTH>GRN>IND>ON,0.5313490501323648,0.4686509498676352,OTH>GRN>IND>ON,0.5924368243005251,0.40756317569947487,OTH>GRN>IND>LNP,ALP,ALP-LNP,0.031349050132364775,0.5313490501323648,Special priors: ON minus 5 pp,False,0.0
Cranbourne,South-Eastern Metro,ALP,ON,ALP,0.5071541963625895,0.49284580363741054,0.0071541963625895155,ON-ALP,IND>GRN>OTH>LNP,0.4966074260921617,0.5033925739078384,IND>GRN>OTH>ON,0.49284580363741054,0.5071541963625895,IND>GRN>OTH>LNP,ON,ON-ALP,0.01999781819413282,0.4966074260921617,Special priors: ON minus 5 pp,False,0.0
Croydon,North-Eastern Metro,LNP,LNP,ALP,0.6024613729719234,0.3975386270280766,0.10246137297192337,LNP-ALP,IND>OTH>GRN>ON,0.3975386270280766,0.6024613729719234,IND>OTH>GRN>ON,0.5114385935232302,0.4885614064767698,IND>OTH>GRN>LNP,LNP,LNP-ALP,0.10246137297192337,0.3975386270280766,Special priors: ON minus 5 pp,False,0.0
Dandenong,South-Eastern Metro,ALP,ALP,ON,0.6005749496095572,0.3994250503904429,0.10057494960955715,ALP-ON,IND>OTH>GRN>LNP,0.6101929839512263,0.3898070160487736,IND>OTH>GRN>ON,0.6005749496095572,0.3994250503904429,IND>OTH>GRN>LNP,ALP,ALP-ON,0.09098046216768862,0.6101929839512263,Special priors: ON minus 5 pp,False,0.0
Eildon,Northern Victoria,LNP,LNP,ON,0.6125818870055058,0.38741811299449425,0.11258188700550575,LNP-ON,IND>OTH>GRN>ALP,0.3319057843679647,0.6680942156320353,IND>OTH>GRN>ON,0.37430182922573807,0.6256981707742619,IND>OTH>GRN>LNP,LNP,LNP-ON,0.0994798556501374,0.3319057843679647,Special priors: ON minus 5 pp,False,0.0
Eltham,North-Eastern Metro,ALP,ALP,LNP,0.5065145595242302,0.4934854404757699,0.00651455952423019,ALP-LNP,IND>OTH>GRN>ON,0.5065145595242302,0.4934854404757699,IND>OTH>GRN>ON,0.5863277586220159,0.41367224137798403,IND>OTH>GRN>LNP,ALP,ALP-LNP,0.00651455952423019,0.5065145595242302,Special priors: ON minus 5 pp,False,0.0
Essendon,Northern Metro,ALP,ALP,LNP,0.5196079450017506,0.4803920549982494,0.01960794500175056,ALP-LNP,IND>OTH>GRN>ON,0.5196079450017506,0.4803920549982494,IND>OTH>GRN>ON,0.5706630937671064,0.42933690623289356,IND>OTH>GRN>LNP,ALP,ALP-LNP,0.01960794500175056,0.5196079450017506,Special priors: ON minus 5 pp,False,0.0
Eureka,Western Victoria,ALP,ON,ALP,0.5708864206431199,0.42911357935688016,0.0708864206431199,ON-ALP,IND>OTH>GRN>LNP,0.4454385157396719,0.5545614842603281,IND>OTH>GRN>ON,0.42911357935688016,0.5708864206431199,IND>OTH>GRN>LNP,ON,ON-ALP,0.08463734514444254,0.4454385157396719,Special priors: ON minus 5 pp,False,0.0
Euroa,Northern Victoria,LNP,LNP,ON,0.6048832066874695,0.3951167933125305,0.10488320668746953,LNP-ON,IND>OTH>GRN>ALP,0.28828207895569535,0.7117179210443046,IND>OTH>GRN>ON,0.3431421215239028,0.6568578784760972,IND>OTH>GRN>LNP,LNP,LNP-ON,0.09355780528696012,0.28828207895569535,Special priors: ON minus 5 pp,False,0.0
Evelyn,Eastern Victoria,LNP,LNP,ALP,0.6568279936188475,0.3431720063811526,0.15682799361884747,LNP-ALP,IND>OTH>GRN>ON,0.3431720063811526,0.6568279936188475,IND>OTH>GRN>ON,0.4138369876703288,0.5861630123296713,IND>OTH>GRN>LNP,LNP,LNP-ALP,0.15682799361884747,0.3431720063811526,Special priors: ON minus 5 pp,False,0.0
Footscray,Western Metro,ALP,ALP,GRN,0.5276323702460709,0.47236762975392904,0.027632370246070903,ALP-GRN,IND>OTH>LNP>ON,0.6842710472180838,0.3157289527819162,IND>OTH>ON>GRN,0.7567570722520672,0.24324292774793277,IND>OTH>LNP>GRN,ALP,ALP-GRN,0.027632370246070903,0.6842710472180838,Special priors: ON minus 5 pp,False,0.0
Frankston,South-Eastern Metro,ALP,ALP,ON,0.5184445105008426,0.4815554894991574,0.018444510500842615,ALP-ON,IND>OTH>GRN>LNP,0.4968822042256543,0.5031177957743457,IND>OTH>GRN>ON,0.5184445105008426,0.4815554894991574,IND>OTH>GRN>LNP,ALP,ALP-ON,0.003830064317172477,0.4968822042256543,Special priors: ON minus 5 pp,False,0.0
Geelong,Western Victoria,ALP,ON,ALP,0.5063952908592739,0.49360470914072613,0.006395290859273928,ON-ALP,OTH>IND>GRN>LNP,0.5013031741653313,0.49869682583466873,OTH>IND>GRN>ON,0.49360470914072613,0.5063952908592739,OTH>IND>GRN>LNP,ON,ON-ALP,0.018451384779510027,0.5013031741653313,Special priors: ON minus 5 pp,False,0.0
Gippsland East,Eastern Victoria,LNP,LNP,ON,0.6028078619496657,0.39719213805033426,0.10280786194966574,LNP-ON,IND>ALP>OTH>GRN,0.1859586341037342,0.8140413658962659,IND>OTH>GRN>ON,0.2473396411456067,0.7526603588543933,IND>OTH>GRN>LNP,LNP,LNP-ON,0.09740032695815293,0.1859586341037342,Special priors: ON minus 5 pp,False,0.0
Gippsland South,Eastern Victoria,LNP,LNP,ON,0.5971573666120424,0.40284263338795756,0.09715736661204244,LNP-ON,OTH>IND>GRN>ALP,0.24394450187296812,0.7560554981270319,OTH>IND>GRN>ON,0.2944122976451575,0.7055877023548426,OTH>IND>GRN>LNP,LNP,LNP-ON,0.08867873010667882,0.24394450187296812,Special priors: ON minus 5 pp,False,0.0
Glen Waverley,North-Eastern Metro,ALP,LNP,ALP,0.5487828554409593,0.45121714455904083,0.04878285544095928,LNP-ALP,IND>OTH>GRN>ON,0.45121714455904083,0.5487828554409593,IND>OTH>GRN>ON,0.6158010887339409,0.38419891126605904,IND>OTH>GRN>LNP,LNP,LNP-ALP,0.04878285544095928,0.45121714455904083,Special priors: ON minus 5 pp,False,0.0
Greenvale,Northern Metro,ALP,ALP,ON,0.5660210807376604,0.43397891926233967,0.06602108073766044,ALP-ON,IND>GRN>OTH>LNP,0.5527690930731672,0.4472309069268328,IND>GRN>OTH>ON,0.5660210807376604,0.43397891926233967,IND>GRN>OTH>LNP,ALP,ALP-ON,0.05249533403601159,0.5527690930731672,Special priors: ON minus 5 pp,False,0.0
Hastings,Eastern Victoria,ALP,LNP,ALP,0.6030184035052389,0.39698159649476106,0.10301840350523894,LNP-ALP,IND>OTH>GRN>ON,0.39698159649476106,0.6030184035052389,IND>OTH>GRN>ON,0.41820600169599936,0.5817939983040006,IND>OTH>GRN>LNP,LNP,LNP-ALP,0.10301840350523894,0.39698159649476106,Special priors: ON minus 5 pp,False,0.0
Hawthorn,Southern Metro,LNP,LNP,GRN,0.6395452766278076,0.36045472337219236,0.13954527662780758,LNP-GRN,OTH>ON>ALP>IND,0.4593923064002629,0.540607693599737,OTH>ON>GRN>IND,0.6740461197820354,0.3259538802179645,OTH>GRN>IND>LNP,LNP,LNP-GRN,0.13954527662780758,0.4593923064002629,Special priors: ON minus 5 pp,False,0.0
Ivanhoe,North-Eastern Metro,ALP,ALP,LNP,0.5488353620048887,0.45116463799511136,0.048835362004888694,ALP-LNP,OTH>IND>ON>GRN,0.5488353620048887,0.45116463799511136,OTH>IND>ON>GRN,0.6388587658089596,0.3611412341910404,OTH>IND>GRN>LNP,ALP,ALP-LNP,0.048835362004888694,0.5488353620048887,Special priors: ON minus 5 pp,False,0.0
Kalkallo,Northern Metro,ALP,ALP,ON,0.552303244582374,0.44769675541762605,0.05230324458237401,ALP-ON,IND>GRN>OTH>LNP,0.5680451973216231,0.43195480267837694,IND>GRN>OTH>ON,0.552303244582374,0.44769675541762605,IND>GRN>OTH>LNP,ALP,ALP-ON,0.0407839106933392,0.5680451973216231,Special priors: ON minus 5 pp,False,0.0
Kew,Southern Metro,LNP,LNP,IND,0.6104098673895207,0.3895901326104793,0.11040986738952074,LNP-IND,OTH>ON>GRN>ALP,0.4191789954650264,0.5808210045349735,OTH>ON>GRN>IND,0.6579980934246018,0.34200190657539814,OTH>GRN>IND>LNP,LNP,LNP-IND,0.11040986738952074,0.4191789954650264,Special priors: ON minus 5 pp,False,0.0
Kororoit,Western Metro,ALP,ALP,ON,0.5595188303098315,0.44048116969016843,0.059518830309831516,ALP-ON,IND>GRN>OTH>LNP,0.5900417251502089,0.409958274849791,IND>GRN>OTH>ON,0.5595188303098315,0.44048116969016843,IND>GRN>OTH>LNP,ALP,ALP-ON,0.0485914056387311,0.5900417251502089,Special priors: ON minus 5 pp,False,0.0
Lara,Western Victoria,ALP,ON,ALP,0.5296979183493108,0.47030208165068926,0.029697918349310792,ON-ALP,IND>OTH>GRN>LNP,0.5151572662962255,0.48484273370377456,IND>OTH>GRN>ON,0.47030208165068926,0.5296979183493108,IND>OTH>GRN>LNP,ON,ON-ALP,0.03901353088723558,0.5151572662962255,Special priors: ON minus 5 pp,False,0.0
Laverton,Western Metro,ALP,ALP,ON,0.5886322387272414,0.4113677612727587,0.08863223872724135,ALP-ON,IND>GRN>OTH>LNP,0.5946109812401761,0.40538901875982397,IND>GRN>OTH>ON,0.5886322387272414,0.4113677612727587,IND>GRN>OTH>LNP,ALP,ALP-ON,0.07833732811089555,0.5946109812401761,Special priors: ON minus 5 pp,False,0.0
Lowan,Western Victoria,LNP,LNP,ON,0.6356393255996013,0.3643606744003987,0.13563932559960135,LNP-ON,IND>OTH>ALP>GRN,0.20138693183158912,0.7986130681684109,IND>OTH>GRN>ON,0.27019854066265064,0.7298014593373494,IND>OTH>GRN>LNP,LNP,LNP-ON,0.12977399005266355,0.20138693183158912,Special priors: ON minus 5 pp,False,0.0
Macedon,Northern Victoria,ALP,ON,ALP,0.5212456392196936,0.47875436078030636,0.02124563921969358,ON-ALP,OTH>IND>GRN>LNP,0.47685638703085803,0.5231436129691419,OTH>IND>GRN>ON,0.47875436078030636,0.5212456392196936,OTH>IND>GRN>LNP,ON,ON-ALP,0.035772177932216764,0.47685638703085803,Special priors: ON minus 5 pp,False,0.0
Malvern,Southern Metro,LNP,LNP,GRN,0.6456382358561468,0.3543617641438533,0.14563823585614677,LNP-GRN,IND>OTH>ON>ALP,0.356420375757246,0.643579624242754,IND>OTH>ON>GRN,0.6237613510753824,0.37623864892461756,IND>OTH>GRN>LNP,LNP,LNP-GRN,0.14563823585614677,0.356420375757246,Special priors: ON minus 5 pp,False,0.0
Melbourne,Northern Metro,GRN,GRN,ALP,0.6345712205342986,0.36542877946570146,0.1345712205342986,GRN-ALP,IND>OTH>LNP>ON,0.7008125692231191,0.299187430776881,IND>OTH>ON>GRN,0.7828935975677667,0.2171064024322334,IND>OTH>LNP>GRN,GRN,GRN-ALP,0.1345712205342986,0.7008125692231191,Special priors: ON minus 5 pp,False,0.0
Melton,Western Victoria,ALP,ON,IND,0.5651788245695895,0.4348211754304105,0.06517882456958946,ON-IND,GRN>OTH>LNP>ALP,0.41168798719986416,0.5883120128001358,GRN>OTH>IND>ON,0.4498550554452357,0.5501449445547643,GRN>OTH>LNP>IND,ON,ON-IND,0.06517882456958946,0.41168798719986416,Special priors: ON minus 5 pp,False,0.0
Mildura,Northern Victoria,LNP,IND,ON,0.5109432378024241,0.48905676219757593,0.010943237802424122,IND-ON,OTH>ALP>GRN>LNP,0.26059647588310125,0.7394035241168988,OTH>GRN>ON>IND,0.3621391230480991,0.637860876951901,OTH>GRN>LNP>IND,IND,IND-ON,0.010943237802424122,0.26059647588310125,Special priors: ON minus 5 pp,False,0.0
Mill Park,North-Eastern Metro,ALP,ALP,ON,0.5425640353280197,0.4574359646719804,0.04256403532801967,ALP-ON,IND>GRN>OTH>LNP,0.5481342339775962,0.4518657660224039,IND>GRN>OTH>ON,0.5425640353280197,0.4574359646719804,IND>GRN>OTH>LNP,ALP,ALP-ON,0.03145662783929182,0.5481342339775962,Special priors: ON minus 5 pp,False,0.0
Monbulk,Eastern Victoria,ALP,LNP,ALP,0.5428001457479076,0.4571998542520924,0.04280014574790758,LNP-ALP,OTH>IND>GRN>ON,0.4571998542520924,0.5428001457479076,OTH>IND>GRN>ON,0.46430977487748737,0.5356902251225126,OTH>IND>GRN>LNP,LNP,LNP-ALP,0.04280014574790758,0.4571998542520924,Special priors: ON minus 5 pp,False,0.0
Mordialloc,South-Eastern Metro,ALP,ALP,LNP,0.5006523366847914,0.49934766331520863,0.0006523366847913659,ALP-LNP,OTH>IND>GRN>ON,0.5006523366847914,0.49934766331520863,OTH>IND>GRN>ON,0.5818136964085203,0.4181863035914797,OTH>IND>GRN>LNP,ALP,ALP-LNP,0.0006523366847913659,0.5006523366847914,Special priors: ON minus 5 pp,False,0.0
Mornington,Eastern Victoria,LNP,LNP,IND,0.6176927671696374,0.38230723283036255,0.11769276716963739,LNP-IND,OTH>GRN>ALP>ON,0.3106615771331403,0.6893384228668596,OTH>GRN>ON>IND,0.3747417616274548,0.6252582383725451,OTH>GRN>IND>LNP,LNP,LNP-IND,0.11769276716963739,0.3106615771331403,Special priors: ON minus 5 pp,False,0.0
Morwell,Eastern Victoria,LNP,ON,LNP,0.5063805789994876,0.4936194210005123,0.006380578999487629,ON-LNP,GRN>OTH>IND>ALP,0.3602782798049009,0.6397217201950991,GRN>OTH>IND>ON,0.34782461956557037,0.6521753804344296,GRN>OTH>IND>LNP,ON,ON-LNP,0.01832732253919178,0.3602782798049009,Special priors: ON minus 5 pp,False,0.0
Mulgrave,South-Eastern Metro,ALP,ALP,ON,0.6889300090251695,0.31106999097483057,0.18893000902516954,ALP-ON,OTH>GRN>LNP>IND,0.6036332319012444,0.39636676809875565,OTH>GRN>IND>ON,0.6889300090251695,0.31106999097483057,OTH>GRN>LNP>IND,ALP,ALP-ON,0.1758663202497328,0.6036332319012444,Special priors: ON minus 5 pp,False,0.0
Murray Plains,Northern Victoria,LNP,LNP,ON,0.5982826970342012,0.40171730296579883,0.09828269703420123,LNP-ON,IND>ALP>GRN>OTH,0.1694726884230766,0.8305273115769234,IND>GRN>OTH>ON,0.22755818923090915,0.7724418107690909,IND>GRN>OTH>LNP,LNP,LNP-ON,0.09234874762214595,0.1694726884230766,Special priors: ON minus 5 pp,False,0.0
Narracan,Eastern Victoria,LNP,LNP,ON,0.6350983288345584,0.3649016711654417,0.1350983288345584,LNP-ON,OTH>IND>ALP>GRN,0.3561454128732082,0.6438545871267919,OTH>IND>GRN>ON,0.3992389527438804,0.6007610472561197,OTH>IND>GRN>LNP,LNP,LNP-ON,0.12284469016527277,0.3561454128732082,Special priors: ON minus 5 pp,False,0.0
Narre Warren North,South-Eastern Metro,ALP,ALP,ON,0.5116183949549615,0.4883816050450385,0.01161839495496153,ALP-ON,IND>GRN>OTH>LNP,0.5066770859269301,0.4933229140730699,IND>GRN>OTH>ON,0.5116183949549615,0.4883816050450385,IND>GRN>OTH>LNP,ON,ON-ALP,0.001128942238424857,0.5066770859269301,Special priors: ON minus 5 pp,True,0.0
Narre Warren South,South-Eastern Metro,ALP,ALP,ON,0.5203326590211269,0.47966734097887304,0.02033265902112691,ALP-ON,IND>GRN>OTH>LNP,0.5050173907012259,0.4949826092987742,IND>GRN>OTH>ON,0.5203326590211269,0.47966734097887304,IND>GRN>OTH>LNP,ALP,ALP-ON,0.007096740180236871,0.5050173907012259,Special priors: ON minus 5 pp,False,0.0
Nepean,Eastern Victoria,LNP,LNP,ALP,0.6645952589134283,0.33540474108657164,0.1645952589134283,LNP-ALP,OTH>IND>GRN>ON,0.33540474108657164,0.6645952589134283,OTH>IND>GRN>ON,0.4063319665066057,0.5936680334933944,OTH>IND>GRN>LNP,LNP,LNP-ALP,0.1645952589134283,0.33540474108657164,Special priors: ON minus 5 pp,False,0.0
Niddrie,Western Metro,ALP,ALP,ON,0.5314005618217712,0.46859943817822886,0.0314005618217712,ALP-ON,IND>OTH>GRN>LNP,0.4734736460902343,0.5265263539097658,IND>OTH>GRN>ON,0.5314005618217712,0.46859943817822886,IND>OTH>GRN>LNP,ALP,ALP-ON,0.01605899527420307,0.4734736460902343,Special priors: ON minus 5 pp,False,0.0
Northcote,Northern Metro,ALP,GRN,ALP,0.5415203011811661,0.4584796988188338,0.04152030118116612,GRN-ALP,IND>LNP>OTH>ON,0.7385153919698288,0.26148460803017115,IND>OTH>ON>GRN,0.7421884571409272,0.2578115428590728,IND>LNP>OTH>GRN,GRN,GRN-ALP,0.04152030118116612,0.7385153919698288,Special priors: ON minus 5 pp,False,0.0
Oakleigh,Southern Metro,ALP,ALP,LNP,0.5505891308549355,0.4494108691450644,0.05058913085493555,ALP-LNP,OTH>IND>GRN>ON,0.5505891308549355,0.4494108691450644,OTH>IND>GRN>ON,0.6190212344049636,0.38097876559503646,OTH>IND>GRN>LNP,ALP,ALP-LNP,0.05058913085493555,0.5505891308549355,Special priors: ON minus 5 pp,False,0.0
Ovens Valley,Northern Victoria,LNP,LNP,ON,0.604060010849589,0.3959399891504109,0.10406001084958905,LNP-ON,IND>ALP>OTH>GRN,0.25698969034319064,0.7430103096568095,IND>GRN>OTH>ON,0.2900582295728168,0.7099417704271832,IND>GRN>OTH>LNP,LNP,LNP-ON,0.09664647395374848,0.25698969034319064,Special priors: ON minus 5 pp,False,0.0
Pakenham,Eastern Victoria,ALP,LNP,ON,0.5368395382871112,0.4631604617128889,0.03683953828711117,LNP-ON,IND>GRN>OTH>ALP,0.39519678490634497,0.6048032150936551,IND>GRN>OTH>ON,0.3891215351440895,0.6108784648559105,IND>GRN>OTH>LNP,LNP,LNP-ON,0.02224783500914973,0.39519678490634497,Special priors: ON minus 5 pp,False,0.0
Pascoe Vale,Northern Metro,ALP,ALP,GRN,0.5119087875437675,0.4880912124562326,0.011908787543767452,ALP-GRN,OTH>IND>LNP>ON,0.6211584613783508,0.3788415386216491,OTH>IND>ON>GRN,0.6807514868998065,0.3192485131001935,OTH>IND>LNP>GRN,ALP,ALP-GRN,0.011908787543767452,0.6211584613783508,Special priors: ON minus 5 pp,False,0.0
Point Cook,Western Metro,ALP,ALP,ON,0.5083757042255236,0.49162429577447647,0.008375704225523584,ALP-ON,OTH>GRN>IND>LNP,0.5200675760468159,0.4799324239531842,OTH>GRN>IND>ON,0.5083757042255236,0.49162429577447647,OTH>GRN>IND>LNP,ON,ON-ALP,0.0041116787621958695,0.5200675760468159,Special priors: ON minus 5 pp,True,0.0
Polwarth,Western Victoria,LNP,LNP,GRN,0.6576681194187843,0.34233188058121566,0.15766811941878434,LNP-GRN,IND>OTH>ALP>ON,0.3732634887398311,0.6267365112601689,IND>OTH>GRN>ON,0.4237364200614704,0.5762635799385296,IND>OTH>GRN>LNP,LNP,LNP-GRN,0.15766811941878434,0.3732634887398311,Special priors: ON minus 5 pp,False,0.0
Prahran,Southern Metro,GRN,GRN,LNP,0.5647891439912888,0.4352108560087113,0.06478914399128877,GRN-LNP,IND>OTH>ALP>ON,0.569020344305782,0.4309796556942181,IND>OTH>ON>GRN,0.7063786783346426,0.29362132166535737,IND>OTH>LNP>GRN,GRN,GRN-LNP,0.06478914399128877,0.569020344305782,Special priors: ON minus 5 pp,False,0.0
Preston,Northern Metro,ALP,ALP,ON,0.6193730935798929,0.38062690642010716,0.1193730935798929,ALP-ON,OTH>LNP>IND>GRN,0.6020639610251382,0.3979360389748618,OTH>IND>GRN>ON,0.6193730935798929,0.38062690642010716,OTH>LNP>IND>GRN,ALP,ALP-ON,0.10527105010985471,0.6020639610251382,Special priors: ON minus 5 pp,False,0.0
Richmond,Northern Metro,GRN,GRN,ALP,0.5957206688353632,0.4042793311646367,0.09572066883536323,GRN-ALP,IND>OTH>LNP>ON,0.7358983213804116,0.2641016786195884,IND>OTH>ON>GRN,0.7938229310726429,0.20617706892735715,IND>OTH>LNP>GRN,GRN,GRN-ALP,0.09572066883536323,0.7358983213804116,Special priors: ON minus 5 pp,False,0.0
Ringwood,North-Eastern Metro,ALP,LNP,ALP,0.5135889142170295,0.4864110857829706,0.013588914217029457,LNP-ALP,IND>OTH>ON>GRN,0.4864110857829706,0.5135889142170295,IND>OTH>ON>GRN,0.586678121177384,0.41332187882261606,IND>OTH>GRN>LNP,LNP,LNP-ALP,0.013588914217029457,0.4864110857829706,Special priors: ON minus 5 pp,False,0.0
Ripon,Western Victoria,ALP,ON,ALP,0.5999303142269005,0.40006968577309954,0.09993031422690046,ON-ALP,IND>GRN>OTH>LNP,0.4159588959808573,0.5840411040191428,IND>GRN>OTH>ON,0.40006968577309954,0.5999303142269005,IND>GRN>OTH>LNP,ON,ON-ALP,0.11491448099987323,0.4159588959808573,Special priors: ON minus 5 pp,False,0.0
Rowville,South-Eastern Metro,LNP,LNP,ALP,0.6104838140520343,0.38951618594796567,0.11048381405203433,LNP-ALP,OTH>GRN>IND>ON,0.38951618594796567,0.6104838140520343,OTH>GRN>IND>ON,0.5176182318957548,0.4823817681042452,OTH>GRN>IND>LNP,LNP,LNP-ALP,0.11048381405203433,0.38951618594796567,Special priors: ON minus 5 pp,False,0.0
Sandringham,Southern Metro,LNP,LNP,GRN,0.6345716509202369,0.3654283490797631,0.13457165092023693,LNP-GRN,OTH>IND>ALP>ON,0.3719348920100771,0.6280651079899229,OTH>IND>ON>GRN,0.5463322047404865,0.4536677952595136,OTH>IND>GRN>LNP,LNP,LNP-GRN,0.13457165092023693,0.3719348920100771,Special priors: ON minus 5 pp,False,0.0
Shepparton,Northern Victoria,LNP,LNP,IND,0.594583776334571,0.405416223665429,0.09458377633457105,LNP-IND,ALP>OTH>GRN>ON,0.24461921001920806,0.755380789980792,OTH>GRN>ON>IND,0.2949322273464878,0.7050677726535123,OTH>GRN>IND>LNP,LNP,LNP-IND,0.09458377633457105,0.24461921001920806,Special priors: ON minus 5 pp,False,0.0
South Barwon,Western Victoria,ALP,LNP,ALP,0.5366437312663094,0.46335626873369073,0.036643731266309376,LNP-ALP,IND>OTH>GRN>ON,0.46335626873369073,0.5366437312663094,IND>OTH>GRN>ON,0.510870487821619,0.4891295121783809,IND>OTH>GRN>LNP,LNP,LNP-ALP,0.036643731266309376,0.46335626873369073,Special priors: ON minus 5 pp,False,0.0
South-West Coast,Western Victoria,LNP,LNP,IND,0.5856113738637271,0.414388626136273,0.08561137386372708,LNP-IND,OTH>GRN>ALP>ON,0.3508070051820872,0.6491929948179128,OTH>GRN>ON>IND,0.36550375604350094,0.6344962439564991,OTH>GRN>IND>LNP,LNP,LNP-IND,0.08561137386372708,0.3508070051820872,Special priors: ON minus 5 pp,False,0.0
St Albans,Western Metro,ALP,ALP,ON,0.5611884855161957,0.43881151448380434,0.06118848551619571,ALP-ON,IND>GRN>OTH>LNP,0.5449496055889691,0.4550503944110309,IND>GRN>OTH>ON,0.5611884855161957,0.43881151448380434,IND>GRN>OTH>LNP,ALP,ALP-ON,0.04878187928334221,0.5449496055889691,Special priors: ON minus 5 pp,False,0.0
Sunbury,Western Metro,ALP,ON,ALP,0.5557285071851117,0.4442714928148883,0.055728507185111686,ON-ALP,IND>OTH>GRN>LNP,0.4471714849955755,0.5528285150044244,IND>OTH>GRN>ON,0.4442714928148883,0.5557285071851117,IND>OTH>GRN>LNP,ON,ON-ALP,0.07032717153983281,0.4471714849955755,Special priors: ON minus 5 pp,False,0.0
Sydenham,Western Metro,ALP,ALP,ON,0.5169483750532783,0.48305162494672177,0.016948375053278286,ALP-ON,IND>GRN>OTH>LNP,0.5130374221884525,0.48696257781154745,IND>GRN>OTH>ON,0.5169483750532783,0.48305162494672177,IND>GRN>OTH>LNP,ALP,ALP-ON,0.003586696788217103,0.5130374221884525,Special priors: ON minus 5 pp,False,0.0
Tarneit,Western Metro,ALP,ALP,ON,0.555021216331102,0.4449787836688981,0.05502121633110202,ALP-ON,IND>GRN>OTH>LNP,0.5547586956578089,0.44524130434219117,IND>GRN>OTH>ON,0.555021216331102,0.4449787836688981,IND>GRN>OTH>LNP,ALP,ALP-ON,0.04305406904669118,0.5547586956578089,Special priors: ON minus 5 pp,False,0.0
Thomastown,Northern Metro,ALP,ALP,ON,0.5747351968725755,0.4252648031274245,0.07473519687257546,ALP-ON,IND>GRN>OTH>LNP,0.598357020678262,0.40164297932173804,IND>GRN>OTH>ON,0.5747351968725755,0.4252648031274245,IND>GRN>OTH>LNP,ALP,ALP-ON,0.06497742335599743,0.598357020678262,Special priors: ON minus 5 pp,False,0.0
Warrandyte,North-Eastern Metro,LNP,LNP,ALP,0.6307062642461716,0.3692937357538284,0.1307062642461716,LNP-ALP,IND>OTH>GRN>ON,0.3692937357538284,0.6307062642461716,IND>OTH>GRN>ON,0.5268062198576909,0.47319378014230906,IND>OTH>GRN>LNP,LNP,LNP-ALP,0.1307062642461716,0.3692937357538284,Special priors: ON minus 5 pp,False,0.0
Wendouree,Western Victoria,ALP,ALP,ON,0.5103650334792996,0.48963496652070043,0.010365033479299623,ALP-ON,IND>OTH>GRN>LNP,0.4864378596063509,0.5135621403936491,IND>OTH>GRN>ON,0.5103650334792996,0.48963496652070043,IND>OTH>GRN>LNP,ON,ON-ALP,0.0038523989921707136,0.4864378596063509,Special priors: ON minus 5 pp,True,0.0
Werribee,Western Metro,ALP,ON,ALP,0.5356644151302323,0.46433558486976767,0.03566441513023233,ON-ALP,OTH>GRN>IND>LNP,0.49523772004157757,0.5047622799584224,OTH>GRN>IND>ON,0.46433558486976767,0.5356644151302323,OTH>GRN>IND>LNP,ON,ON-ALP,0.047698307448221455,0.49523772004157757,Special priors: ON minus 5 pp,False,0.0
Williamstown,Western Metro,ALP,ALP,ON,0.6255067246006814,0.3744932753993187,0.12550672460068135,ALP-ON,IND>OTH>GRN>LNP,0.5736706287606234,0.42632937123937664,IND>OTH>GRN>ON,0.6255067246006814,0.3744932753993187,IND>OTH>GRN>LNP,ALP,ALP-ON,0.1126399188720183,0.5736706287606234,Special priors: ON minus 5 pp,False,0.0
Yan Yean,Northern Victoria,ALP,ON,ALP,0.5333648169962392,0.4666351830037609,0.033364816996239166,ON-ALP,IND>GRN>OTH>LNP,0.4662145826800124,0.5337854173199875,IND>GRN>OTH>ON,0.4666351830037609,0.5333648169962392,IND>GRN>OTH>LNP,ON,ON-ALP,0.04844974378208322,0.4662145826800124,Special priors: ON minus 5 pp,False,0.0
Albert Park,Southern Metro,ALP,ALP,LNP,0.5592345694182232,0.44076543058177675,0.05923456941822325,ALP-LNP,OTH>IND>ON>GRN,0.5592345694182232,0.44076543058177675,OTH>IND>ON>GRN,0.6365369247626091,0.3634630752373909,OTH>IND>GRN>LNP,ALP,ALP-LNP,0.05923456941822325,0.5592345694182232,Special priors: ON plus 5 pp,False,0.0
Ashwood,Southern Metro,ALP,LNP,ALP,0.5201536958210672,0.4798463041789328,0.020153695821067186,LNP-ALP,OTH>IND>ON>GRN,0.4798463041789328,0.5201536958210672,OTH>IND>ON>GRN,0.5899144950316633,0.4100855049683367,OTH>IND>GRN>LNP,LNP,LNP-ALP,0.020153695821067186,0.4798463041789328,Special priors: ON plus 5 pp,False,0.0
Bass,Eastern Victoria,ALP,LNP,ON,0.5466622309096929,0.45333776909030704,0.0466622309096929,LNP-ON,OTH>IND>GRN>ALP,0.36262781834297036,0.6373721816570297,OTH>IND>GRN>ON,0.3455442424643567,0.6544557575356433,OTH>IND>GRN>LNP,LNP,LNP-ON,0.06091125285750687,0.36262781834297036,Special priors: ON plus 5 pp,False,0.0
Bayswater,North-Eastern Metro,ALP,LNP,ALP,0.5640363279466437,0.4359636720533563,0.06403632794664371,LNP-ALP,IND>OTH>GRN>ON,0.4359636720533563,0.5640363279466437,IND>OTH>GRN>ON,0.4867154847412682,0.5132845152587319,IND>OTH>GRN>LNP,LNP,LNP-ALP,0.06403632794664371,0.4359636720533563,Special priors: ON plus 5 pp,False,0.0
Bellarine,Western Victoria,ALP,LNP,ALP,0.5130952863660638,0.4869047136339363,0.01309528636606383,LNP-ALP,OTH>IND>GRN>ON,0.4869047136339363,0.5130952863660638,OTH>IND>GRN>ON,0.4898742245312748,0.5101257754687253,OTH>IND>GRN>LNP,LNP,LNP-ALP,0.01309528636606383,0.4869047136339363,Special priors: ON plus 5 pp,False,0.0
Benambra,Northern Victoria,LNP,LNP,IND,0.580341500614289,0.419658499385711,0.08034150061428902,LNP-IND,ALP>OTH>GRN>ON,0.25366584770960654,0.7463341522903935,OTH>GRN>ON>IND,0.30601886671126005,0.69398113328874,OTH>GRN>LNP>IND,LNP,LNP-IND,0.08034150061428902,0.25366584770960654,Special priors: ON plus 5 pp,False,0.0
Bendigo East,Northern Victoria,ALP,ALP,LNP,0.5007998373286483,0.4992001626713517,0.0007998373286483007,ALP-LNP,OTH>IND>GRN>ON,0.5007998373286483,0.4992001626713517,OTH>IND>GRN>ON,0.5165681710345178,0.48343182896548215,OTH>IND>GRN>LNP,ALP,ALP-LNP,0.0007998373286483007,0.5007998373286483,Special priors: ON plus 5 pp,False,0.0
Bendigo West,Northern Victoria,ALP,ALP,ON,0.5234420536231601,0.47655794637683996,0.023442053623160097,ALP-ON,IND>OTH>GRN>LNP,0.5388486066873914,0.4611513933126086,IND>OTH>GRN>ON,0.5234420536231601,0.47655794637683996,IND>OTH>GRN>LNP,ALP,ALP-ON,0.03651607760092224,0.5388486066873914,Special priors: ON plus 5 pp,False,0.0
Bentleigh,Southern Metro,ALP,ALP,LNP,0.5043239386196254,0.4956760613803745,0.004323938619625434,ALP-LNP,OTH>IND>GRN>ON,0.5043239386196254,0.4956760613803745,OTH>IND>GRN>ON,0.5793607551444395,0.42063924485556053,OTH>IND>GRN>LNP,ALP,ALP-LNP,0.004323938619625434,0.5043239386196254,Special priors: ON plus 5 pp,False,0.0
Berwick,South-Eastern Metro,LNP,LNP,ALP,0.6522058557804676,0.3477941442195324,0.15220585578046764,LNP-ALP,IND>OTH>GRN>ON,0.3477941442195324,0.6522058557804676,IND>OTH>GRN>ON,0.3667646173575363,0.6332353826424637,IND>OTH>GRN>LNP,LNP,LNP-ALP,0.15220585578046764,0.3477941442195324,Special priors: ON plus 5 pp,False,0.0
Box Hill,North-Eastern Metro,ALP,LNP,ALP,0.5082041919855385,0.49179580801446154,0.008204191985538456,LNP-ALP,IND>OTH>ON>GRN,0.49179580801446154,0.5082041919855385,IND>OTH>ON>GRN,0.5978358836138282,0.40216411638617183,IND>OTH>GRN>LNP,LNP,LNP-ALP,0.008204191985538456,0.49179580801446154,Special priors: ON plus 5 pp,False,0.0
Brighton,Southern Metro,LNP,LNP,GRN,0.5951831863161878,0.4048168136838122,0.09518318631618783,LNP-GRN,OTH>IND>ON>ALP,0.39476731238287915,0.6052326876171209,OTH>IND>ON>GRN,0.5677864702374515,0.4322135297625484,OTH>IND>GRN>LNP,LNP,LNP-GRN,0.09518318631618783,0.39476731238287915,Special priors: ON plus 5 pp,False,0.0
Broadmeadows,Northern Metro,ALP,ALP,ON,0.5442564097054663,0.4557435902945337,0.04425640970546629,ALP-ON,IND>GRN>OTH>LNP,0.5922522445439949,0.407747755456005,IND>GRN>OTH>ON,0.5442564097054663,0.4557435902945337,IND>GRN>OTH>LNP,ALP,ALP-ON,0.05434911510575968,0.5922522445439949,Special priors: ON plus 5 pp,False,0.0
Brunswick,Northern Metro,GRN,GRN,ALP,0.6593091739944518,0.34069082600554823,0.15930917399445177,GRN-ALP,IND>LNP>OTH>ON,0.7744157015773374,0.2255842984226625,IND>OTH>ON>GRN,0.7313123855459874,0.26868761445401257,IND>LNP>OTH>GRN,GRN,GRN-ALP,0.15930917399445177,0.7744157015773374,Special priors: ON plus 5 pp,False,0.0
Bulleen,North-Eastern Metro,LNP,LNP,ALP,0.63768026752982,0.3623197324701799,0.13768026752982,LNP-ALP,OTH>IND>GRN>ON,0.3623197324701799,0.63768026752982,OTH>IND>GRN>ON,0.5180967413898401,0.48190325861015987,OTH>IND>GRN>LNP,LNP,LNP-ALP,0.13768026752982,0.3623197324701799,Special priors: ON plus 5 pp,False,0.0
Bundoora,North-Eastern Metro,ALP,ALP,LNP,0.5401784186482322,0.4598215813517678,0.04017841864823224,ALP-LNP,IND>OTH>GRN>ON,0.5401784186482322,0.4598215813517678,IND>OTH>GRN>ON,0.5659965179233861,0.4340034820766138,IND>OTH>GRN>LNP,ALP,ALP-LNP,0.04017841864823224,0.5401784186482322,Special priors: ON plus 5 pp,False,0.0
Carrum,South-Eastern Metro,ALP,ON,ALP,0.5432333608722066,0.45676663912779336,0.04323336087220664,ON-ALP,IND>OTH>GRN>LNP,0.47621444755648196,0.5237855524435181,IND>OTH>GRN>ON,0.45676663912779336,0.5432333608722066,IND>OTH>GRN>LNP,ON,ON-ALP,0.028685690309956047,0.47621444755648196,Special priors: ON plus 5 pp,False,0.0
Caulfield,Southern Metro,LNP,LNP,GRN,0.5885322433708975,0.41146775662910257,0.08853224337089749,LNP-GRN,OTH>IND>ON>ALP,0.4163136755177302,0.5836863244822699,OTH>IND>ON>GRN,0.5805380621962621,0.4194619378037379,OTH>IND>GRN>LNP,LNP,LNP-GRN,0.08853224337089749,0.4163136755177302,Special priors: ON plus 5 pp,False,0.0
Clarinda,South-Eastern Metro,ALP,ALP,LNP,0.5313490501323648,0.4686509498676352,0.031349050132364775,ALP-LNP,OTH>GRN>IND>ON,0.5313490501323648,0.4686509498676352,OTH>GRN>IND>ON,0.5633024357398249,0.4366975642601752,OTH>GRN>IND>LNP,ALP,ALP-LNP,0.031349050132364775,0.5313490501323648,Special priors: ON plus 5 pp,False,0.0
Cranbourne,South-Eastern Metro,ALP,ON,ALP,0.532841440025676,0.467158559974324,0.032841440025676016,ON-ALP,IND>GRN>OTH>LNP,0.4966074260921617,0.5033925739078384,IND>GRN>OTH>ON,0.467158559974324,0.532841440025676,IND>GRN>OTH>LNP,ON,ON-ALP,0.01999781819413282,0.4966074260921617,Special priors: ON plus 5 pp,False,0.0
Croydon,North-Eastern Metro,LNP,LNP,ALP,0.6024613729719234,0.3975386270280766,0.10246137297192337,LNP-ALP,IND>OTH>GRN>ON,0.3975386270280766,0.6024613729719234,IND>OTH>GRN>ON,0.4668528618934509,0.5331471381065491,IND>OTH>GRN>LNP,LNP,LNP-ALP,0.10246137297192337,0.3975386270280766,Special priors: ON plus 5 pp,False,0.0
Dandenong,South-Eastern Metro,ALP,ALP,ON,0.5813859747258202,0.41861402527417985,0.08138597472582021,ALP-ON,IND>OTH>GRN>LNP,0.6101929839512263,0.3898070160487736,IND>OTH>GRN>ON,0.5813859747258202,0.41861402527417985,IND>OTH>GRN>LNP,ALP,ALP-ON,0.09098046216768862,0.6101929839512263,Special priors: ON plus 5 pp,False,0.0
Eildon,Northern Victoria,LNP,LNP,ON,0.5863778242947689,0.41362217570523113,0.08637782429476892,LNP-ON,IND>OTH>GRN>ALP,0.3319057843679647,0.6680942156320353,IND>OTH>GRN>ON,0.33112444379559586,0.6688755562044042,IND>OTH>GRN>LNP,LNP,LNP-ON,0.0994798556501374,0.3319057843679647,Special priors: ON plus 5 pp,False,0.0
Eltham,North-Eastern Metro,ALP,ALP,LNP,0.5065145595242302,0.4934854404757699,0.00651455952423019,ALP-LNP,IND>OTH>GRN>ON,0.5065145595242302,0.4934854404757699,IND>OTH>GRN>ON,0.5519412720415598,0.44805872795844026,IND>OTH>GRN>LNP,ALP,ALP-LNP,0.00651455952423019,0.5065145595242302,Special priors: ON plus 5 pp,False,0.0
Essendon,Northern Metro,ALP,ALP,LNP,0.5196079450017506,0.4803920549982494,0.01960794500175056,ALP-LNP,IND>OTH>GRN>ON,0.5196079450017506,0.4803920549982494,IND>OTH>GRN>ON,0.5414403206865793,0.4585596793134207,IND>OTH>GRN>LNP,ALP,ALP-LNP,0.01960794500175056,0.5196079450017506,Special priors: ON plus 5 pp,False,0.0
Eureka,Western Victoria,ALP,ON,ALP,0.5983882696457653,0.40161173035423475,0.0983882696457653,ON-ALP,IND>OTH>GRN>LNP,0.4454385157396719,0.5545614842603281,IND>OTH>GRN>ON,0.40161173035423475,0.5983882696457653,IND>OTH>GRN>LNP,ON,ON-ALP,0.08463734514444254,0.4454385157396719,Special priors: ON plus 5 pp,False,0.0
Euroa,Northern Victoria,LNP,LNP,ON,0.5822324038864507,0.41776759611354936,0.0822324038864507,LNP-ON,IND>OTH>GRN>ALP,0.28828207895569535,0.7117179210443046,IND>OTH>GRN>ON,0.29828285478785876,0.7017171452121412,IND>OTH>GRN>LNP,LNP,LNP-ON,0.09355780528696012,0.28828207895569535,Special priors: ON plus 5 pp,False,0.0
Evelyn,Eastern Victoria,LNP,LNP,ALP,0.6568279936188475,0.3431720063811526,0.15682799361884747,LNP-ALP,IND>OTH>GRN>ON,0.3431720063811526,0.6568279936188475,IND>OTH>GRN>ON,0.36734126528736155,0.6326587347126384,IND>OTH>GRN>LNP,LNP,LNP-ALP,0.15682799361884747,0.3431720063811526,Special priors: ON plus 5 pp,False,0.0
Footscray,Western Metro,ALP,ALP,GRN,0.5276323702460709,0.47236762975392904,0.027632370246070903,ALP-GRN,IND>OTH>LNP>ON,0.6842710472180838,0.3157289527819162,IND>OTH>ON>GRN,0.7198831705498374,0.2801168294501626,IND>OTH>LNP>GRN,ALP,ALP-GRN,0.027632370246070903,0.6842710472180838,Special priors: ON plus 5 pp,False,0.0
Frankston,South-Eastern Metro,ALP,ON,ALP,0.5107843818664978,0.4892156181335023,0.010784381866497772,ON-ALP,IND>OTH>GRN>LNP,0.4968822042256543,0.5031177957743457,IND>OTH>GRN>ON,0.4892156181335023,0.5107843818664978,IND>OTH>GRN>LNP,ALP,ALP-ON,0.003830064317172477,0.4968822042256543,Special priors: ON plus 5 pp,True,0.0
Geelong,Western Victoria,ALP,ON,ALP,0.5305074786997461,0.4694925213002539,0.030507478699746127,ON-ALP,OTH>IND>GRN>LNP,0.5013031741653313,0.49869682583466873,OTH>IND>GRN>ON,0.4694925213002539,0.5305074786997461,OTH>IND>GRN>LNP,ON,ON-ALP,0.018451384779510027,0.5013031741653313,Special priors: ON plus 5 pp,False,0.0
Gippsland East,Eastern Victoria,LNP,LNP,ON,0.5919927919666401,0.40800720803335994,0.09199279196664012,LNP-ON,IND>ALP>OTH>GRN,0.1859586341037342,0.8140413658962659,IND>OTH>GRN>ON,0.19557496850913175,0.8044250314908683,IND>OTH>GRN>LNP,LNP,LNP-ON,0.09740032695815293,0.1859586341037342,Special priors: ON plus 5 pp,False,0.0
Gippsland South,Eastern Victoria,LNP,LNP,ON,0.5802000936013153,0.41979990639868464,0.0802000936013153,LNP-ON,OTH>IND>GRN>ALP,0.24394450187296812,0.7560554981270319,OTH>IND>GRN>ON,0.24639707936135483,0.7536029206386452,OTH>IND>GRN>LNP,LNP,LNP-ON,0.08867873010667882,0.24394450187296812,Special priors: ON plus 5 pp,False,0.0
Glen Waverley,North-Eastern Metro,ALP,LNP,ALP,0.5487828554409593,0.45121714455904083,0.04878285544095928,LNP-ALP,IND>OTH>GRN>ON,0.45121714455904083,0.5487828554409593,IND>OTH>GRN>ON,0.5717176458958706,0.42828235410412935,IND>OTH>GRN>LNP,LNP,LNP-ALP,0.04878285544095928,0.45121714455904083,Special priors: ON plus 5 pp,False,0.0
Greenvale,Northern Metro,ALP,ALP,ON,0.5389695873343627,0.4610304126656374,0.03896958733436273,ALP-ON,IND>GRN>OTH>LNP,0.5527690930731672,0.4472309069268328,IND>GRN>OTH>ON,0.5389695873343627,0.4610304126656374,IND>GRN>OTH>LNP,ALP,ALP-ON,0.05249533403601159,0.5527690930731672,Special priors: ON plus 5 pp,False,0.0
Hastings,Eastern Victoria,ALP,LNP,ALP,0.6030184035052389,0.39698159649476106,0.10301840350523894,LNP-ALP,IND>OTH>GRN>ON,0.39698159649476106,0.6030184035052389,IND>OTH>GRN>ON,0.3824368619777328,0.6175631380222671,IND>OTH>GRN>LNP,LNP,LNP-ALP,0.10301840350523894,0.39698159649476106,Special priors: ON plus 5 pp,False,0.0
Hawthorn,Southern Metro,LNP,LNP,GRN,0.6395452766278076,0.36045472337219236,0.13954527662780758,LNP-GRN,OTH>ON>ALP>IND,0.4593923064002629,0.540607693599737,OTH>ON>GRN>IND,0.6272599451990961,0.37274005480090394,OTH>GRN>IND>LNP,LNP,LNP-GRN,0.13954527662780758,0.4593923064002629,Special priors: ON plus 5 pp,False,0.0
Ivanhoe,North-Eastern Metro,ALP,ALP,LNP,0.5488353620048887,0.45116463799511136,0.048835362004888694,ALP-LNP,OTH>IND>ON>GRN,0.5488353620048887,0.45116463799511136,OTH>IND>ON>GRN,0.6069272824732339,0.39307271752676604,OTH>IND>GRN>LNP,ALP,ALP-LNP,0.048835362004888694,0.5488353620048887,Special priors: ON plus 5 pp,False,0.0
Kalkallo,Northern Metro,ALP,ALP,ON,0.5292645768043044,0.4707354231956957,0.029264576804304387,ALP-ON,IND>GRN>OTH>LNP,0.5680451973216231,0.43195480267837694,IND>GRN>OTH>ON,0.5292645768043044,0.4707354231956957,IND>GRN>OTH>LNP,ALP,ALP-ON,0.0407839106933392,0.5680451973216231,Special priors: ON plus 5 pp,False,0.0
Kew,Southern Metro,LNP,LNP,IND,0.6104098673895207,0.3895901326104793,0.11040986738952074,LNP-IND,OTH>ON>GRN>ALP,0.4191789954650264,0.5808210045349735,OTH>ON>GRN>IND,0.6073534018430935,0.39264659815690656,OTH>GRN>IND>LNP,LNP,LNP-IND,0.11040986738952074,0.4191789954650264,Special priors: ON plus 5 pp,False,0.0
Kororoit,Western Metro,ALP,ALP,ON,0.5376639809676306,0.4623360190323695,0.03766398096763057,ALP-ON,IND>GRN>OTH>LNP,0.5900417251502089,0.409958274849791,IND>GRN>OTH>ON,0.5376639809676306,0.4623360190323695,IND>GRN>OTH>LNP,ALP,ALP-ON,0.0485914056387311,0.5900417251502089,Special priors: ON plus 5 pp,False,0.0
Lara,Western Victoria,ALP,ON,ALP,0.5483291434251605,0.4516708565748396,0.04832914342516048,ON-ALP,IND>OTH>GRN>LNP,0.5151572662962255,0.48484273370377456,IND>OTH>GRN>ON,0.4516708565748396,0.5483291434251605,IND>OTH>GRN>LNP,ON,ON-ALP,0.03901353088723558,0.5151572662962255,Special priors: ON plus 5 pp,False,0.0
Laverton,Western Metro,ALP,ALP,ON,0.5680424174945498,0.4319575825054503,0.06804241749454976,ALP-ON,IND>GRN>OTH>LNP,0.5946109812401761,0.40538901875982397,IND>GRN>OTH>ON,0.5680424174945498,0.4319575825054503,IND>GRN>OTH>LNP,ALP,ALP-ON,0.07833732811089555,0.5946109812401761,Special priors: ON plus 5 pp,False,0.0
Lowan,Western Victoria,LNP,LNP,ON,0.6239086545057257,0.3760913454942742,0.12390865450572575,LNP-ON,IND>OTH>ALP>GRN,0.20138693183158912,0.7986130681684109,IND>OTH>GRN>ON,0.21653303095275067,0.7834669690472494,IND>OTH>GRN>LNP,LNP,LNP-ON,0.12977399005266355,0.20138693183158912,Special priors: ON plus 5 pp,False,0.0
Macedon,Northern Victoria,ALP,ON,ALP,0.5502987166447401,0.44970128335526,0.05029871664474006,ON-ALP,OTH>IND>GRN>LNP,0.47685638703085803,0.5231436129691419,OTH>IND>GRN>ON,0.44970128335526,0.5502987166447401,OTH>IND>GRN>LNP,ON,ON-ALP,0.035772177932216764,0.47685638703085803,Special priors: ON plus 5 pp,False,0.0
Malvern,Southern Metro,LNP,LNP,GRN,0.6456382358561468,0.3543617641438533,0.14563823585614677,LNP-GRN,IND>OTH>ON>ALP,0.356420375757246,0.643579624242754,IND>OTH>ON>GRN,0.5672940703246137,0.4327059296753863,IND>OTH>GRN>LNP,LNP,LNP-GRN,0.14563823585614677,0.356420375757246,Special priors: ON plus 5 pp,False,0.0
Melbourne,Northern Metro,GRN,GRN,ALP,0.6345712205342986,0.36542877946570146,0.1345712205342986,GRN-ALP,IND>OTH>LNP>ON,0.7008125692231191,0.299187430776881,IND>OTH>ON>GRN,0.7283850170739035,0.2716149829260966,IND>OTH>LNP>GRN,GRN,GRN-ALP,0.1345712205342986,0.7008125692231191,Special priors: ON plus 5 pp,False,0.0
Melton,Western Victoria,ALP,ON,IND,0.5651788245695895,0.4348211754304105,0.06517882456958946,ON-IND,GRN>OTH>LNP>ALP,0.41168798719986416,0.5883120128001358,GRN>OTH>IND>ON,0.42105232244203555,0.5789476775579644,GRN>OTH>LNP>IND,ON,ON-IND,0.06517882456958946,0.41168798719986416,Special priors: ON plus 5 pp,False,0.0
Mildura,Northern Victoria,LNP,IND,ON,0.5109432378024241,0.48905676219757593,0.010943237802424122,IND-ON,OTH>ALP>GRN>LNP,0.26059647588310125,0.7394035241168988,OTH>GRN>ON>IND,0.31467799088860776,0.6853220091113923,OTH>GRN>LNP>IND,IND,IND-ON,0.010943237802424122,0.26059647588310125,Special priors: ON plus 5 pp,False,0.0
Mill Park,North-Eastern Metro,ALP,ALP,ON,0.5203492203505641,0.47965077964943603,0.02034922035056408,ALP-ON,IND>GRN>OTH>LNP,0.5481342339775962,0.4518657660224039,IND>GRN>OTH>ON,0.5203492203505641,0.47965077964943603,IND>GRN>OTH>LNP,ALP,ALP-ON,0.03145662783929182,0.5481342339775962,Special priors: ON plus 5 pp,False,0.0
Monbulk,Eastern Victoria,ALP,LNP,ALP,0.5428001457479076,0.4571998542520924,0.04280014574790758,LNP-ALP,OTH>IND>GRN>ON,0.4571998542520924,0.5428001457479076,OTH>IND>GRN>ON,0.43120464341379083,0.5687953565862092,OTH>IND>GRN>LNP,LNP,LNP-ALP,0.04280014574790758,0.4571998542520924,Special priors: ON plus 5 pp,False,0.0
Mordialloc,South-Eastern Metro,ALP,ALP,LNP,0.5006523366847914,0.49934766331520863,0.0006523366847913659,ALP-LNP,OTH>IND>GRN>ON,0.5006523366847914,0.49934766331520863,OTH>IND>GRN>ON,0.5492959000233439,0.4507040999766561,OTH>IND>GRN>LNP,ALP,ALP-LNP,0.0006523366847913659,0.5006523366847914,Special priors: ON plus 5 pp,False,0.0
Mornington,Eastern Victoria,LNP,LNP,IND,0.6176927671696374,0.38230723283036255,0.11769276716963739,LNP-IND,OTH>GRN>ALP>ON,0.3106615771331403,0.6893384228668596,OTH>GRN>ON>IND,0.3251380829795793,0.6748619170204206,OTH>GRN>IND>LNP,LNP,LNP-IND,0.11769276716963739,0.3106615771331403,Special priors: ON plus 5 pp,False,0.0
Morwell,Eastern Victoria,LNP,ON,LNP,0.5302740660788958,0.4697259339211041,0.030274066078895823,ON-LNP,GRN>OTH>IND>ALP,0.3602782798049009,0.6397217201950991,GRN>OTH>IND>ON,0.3175774671290456,0.6824225328709543,GRN>OTH>IND>LNP,ON,ON-LNP,0.01832732253919178,0.3602782798049009,Special priors: ON plus 5 pp,False,0.0
Mulgrave,South-Eastern Metro,ALP,ALP,ON,0.6628026314742961,0.337197368525704,0.16280263147429608,ALP-ON,OTH>GRN>LNP>IND,0.6036332319012444,0.39636676809875565,OTH>GRN>IND>ON,0.6628026314742961,0.337197368525704,OTH>GRN>LNP>IND,ALP,ALP-ON,0.1758663202497328,0.6036332319012444,Special priors: ON plus 5 pp,False,0.0
Murray Plains,Northern Victoria,LNP,LNP,ON,0.5864147982100907,0.4135852017899094,0.08641479821009068,LNP-ON,IND>ALP>GRN>OTH,0.1694726884230766,0.8305273115769234,IND>GRN>OTH>ON,0.174294333570635,0.8257056664293649,IND>GRN>OTH>LNP,LNP,LNP-ON,0.09234874762214595,0.1694726884230766,Special priors: ON plus 5 pp,False,0.0
Narracan,Eastern Victoria,LNP,LNP,ON,0.6105910514959872,0.3894089485040128,0.11059105149598725,LNP-ON,OTH>IND>ALP>GRN,0.3561454128732082,0.6438545871267919,OTH>IND>GRN>ON,0.35770061123134445,0.6422993887686556,OTH>IND>GRN>LNP,LNP,LNP-ON,0.12284469016527277,0.3561454128732082,Special priors: ON plus 5 pp,False,0.0
Narre Warren North,South-Eastern Metro,ALP,ON,ALP,0.5138762794318111,0.4861237205681889,0.013876279431811134,ON-ALP,IND>GRN>OTH>LNP,0.5066770859269301,0.4933229140730699,IND>GRN>OTH>ON,0.4861237205681889,0.5138762794318111,IND>GRN>OTH>LNP,ON,ON-ALP,0.001128942238424857,0.5066770859269301,Special priors: ON plus 5 pp,False,0.0
Narre Warren South,South-Eastern Metro,ALP,ON,ALP,0.5061391786606533,0.49386082133934683,0.006139178660653277,ON-ALP,IND>GRN>OTH>LNP,0.5050173907012259,0.4949826092987742,IND>GRN>OTH>ON,0.49386082133934683,0.5061391786606533,IND>GRN>OTH>LNP,ALP,ALP-ON,0.007096740180236871,0.5050173907012259,Special priors: ON plus 5 pp,True,0.0
Nepean,Eastern Victoria,LNP,LNP,ALP,0.6645952589134283,0.33540474108657164,0.1645952589134283,LNP-ALP,OTH>IND>GRN>ON,0.33540474108657164,0.6645952589134283,OTH>IND>GRN>ON,0.3594476771760017,0.6405523228239983,OTH>IND>GRN>LNP,LNP,LNP-ALP,0.1645952589134283,0.33540474108657164,Special priors: ON plus 5 pp,False,0.0
Niddrie,Western Metro,ALP,ALP,ON,0.5007174287266348,0.4992825712733652,0.0007174287266348278,ALP-ON,IND>OTH>GRN>LNP,0.4734736460902343,0.5265263539097658,IND>OTH>GRN>ON,0.5007174287266348,0.4992825712733652,IND>OTH>GRN>LNP,ALP,ALP-ON,0.01605899527420307,0.4734736460902343,Special priors: ON plus 5 pp,False,0.0
Northcote,Northern Metro,ALP,GRN,ALP,0.5415203011811661,0.4584796988188338,0.04152030118116612,GRN-ALP,IND>LNP>OTH>ON,0.7385153919698288,0.26148460803017115,IND>OTH>ON>GRN,0.6988891913418137,0.3011108086581863,IND>LNP>OTH>GRN,GRN,GRN-ALP,0.04152030118116612,0.7385153919698288,Special priors: ON plus 5 pp,False,0.0
Oakleigh,Southern Metro,ALP,ALP,LNP,0.5505891308549355,0.4494108691450644,0.05058913085493555,ALP-LNP,OTH>IND>GRN>ON,0.5505891308549355,0.4494108691450644,OTH>IND>GRN>ON,0.590289539979908,0.409710460020092,OTH>IND>GRN>LNP,ALP,ALP-LNP,0.05058913085493555,0.5505891308549355,Special priors: ON plus 5 pp,False,0.0
Ovens Valley,Northern Victoria,LNP,LNP,ON,0.5892329370579078,0.41076706294209214,0.0892329370579078,LNP-ON,IND>ALP>OTH>GRN,0.25698969034319064,0.7430103096568095,IND>GRN>OTH>ON,0.24217309754818284,0.7578269024518173,IND>GRN>OTH>LNP,LNP,LNP-ON,0.09664647395374848,0.25698969034319064,Special priors: ON plus 5 pp,False,0.0
Pakenham,Eastern Victoria,ALP,LNP,ON,0.5076561317311883,0.49234386826881177,0.007656131731188287,LNP-ON,IND>GRN>OTH>ALP,0.39519678490634497,0.6048032150936551,IND>GRN>OTH>ON,0.3555741318389652,0.6444258681610349,IND>GRN>OTH>LNP,LNP,LNP-ON,0.02224783500914973,0.39519678490634497,Special priors: ON plus 5 pp,False,0.0
Pascoe Vale,Northern Metro,ALP,ALP,GRN,0.5119087875437675,0.4880912124562326,0.011908787543767452,ALP-GRN,OTH>IND>LNP>ON,0.6211584613783508,0.3788415386216491,OTH>IND>ON>GRN,0.6457612853868099,0.3542387146131902,OTH>IND>LNP>GRN,ALP,ALP-GRN,0.011908787543767452,0.6211584613783508,Special priors: ON plus 5 pp,False,0.0
Point Cook,Western Metro,ALP,ON,ALP,0.5165990617499153,0.48340093825008473,0.016599061749915323,ON-ALP,OTH>GRN>IND>LNP,0.5200675760468159,0.4799324239531842,OTH>GRN>IND>ON,0.48340093825008473,0.5165990617499153,OTH>GRN>IND>LNP,ON,ON-ALP,0.0041116787621958695,0.5200675760468159,Special priors: ON plus 5 pp,False,0.0
Polwarth,Western Victoria,LNP,LNP,GRN,0.6576681194187843,0.34233188058121566,0.15766811941878434,LNP-GRN,IND>OTH>ALP>ON,0.3732634887398311,0.6267365112601689,IND>OTH>GRN>ON,0.3794325180439098,0.6205674819560901,IND>OTH>GRN>LNP,LNP,LNP-GRN,0.15766811941878434,0.3732634887398311,Special priors: ON plus 5 pp,False,0.0
Prahran,Southern Metro,GRN,GRN,LNP,0.5647891439912888,0.4352108560087113,0.06478914399128877,GRN-LNP,IND>OTH>ALP>ON,0.569020344305782,0.4309796556942181,IND>OTH>ON>GRN,0.6585510413668128,0.3414489586331873,IND>OTH>LNP>GRN,GRN,GRN-LNP,0.06478914399128877,0.569020344305782,Special priors: ON plus 5 pp,False,0.0
Preston,Northern Metro,ALP,ALP,ON,0.5911690066398166,0.4088309933601834,0.09116900663981664,ALP-ON,OTH>LNP>IND>GRN,0.6020639610251382,0.3979360389748618,OTH>IND>GRN>ON,0.5911690066398166,0.4088309933601834,OTH>LNP>IND>GRN,ALP,ALP-ON,0.10527105010985471,0.6020639610251382,Special priors: ON plus 5 pp,False,0.0
Richmond,Northern Metro,GRN,GRN,ALP,0.5957206688353632,0.4042793311646367,0.09572066883536323,GRN-ALP,IND>OTH>LNP>ON,0.7358983213804116,0.2641016786195884,IND>OTH>ON>GRN,0.7427401648757757,0.2572598351242243,IND>OTH>LNP>GRN,GRN,GRN-ALP,0.09572066883536323,0.7358983213804116,Special priors: ON plus 5 pp,False,0.0
Ringwood,North-Eastern Metro,ALP,LNP,ALP,0.5135889142170295,0.4864110857829706,0.013588914217029457,LNP-ALP,IND>OTH>ON>GRN,0.4864110857829706,0.5135889142170295,IND>OTH>ON>GRN,0.5477251602898456,0.4522748397101545,IND>OTH>GRN>LNP,LNP,LNP-ALP,0.013588914217029457,0.4864110857829706,Special priors: ON plus 5 pp,False,0.0
Ripon,Western Victoria,ALP,ON,ALP,0.6298986477728459,0.3701013522271541,0.12989864777284588,ON-ALP,IND>GRN>OTH>LNP,0.4159588959808573,0.5840411040191428,IND>GRN>OTH>ON,0.3701013522271541,0.6298986477728459,IND>GRN>OTH>LNP,ON,ON-ALP,0.11491448099987323,0.4159588959808573,Special priors: ON plus 5 pp,False,0.0
Rowville,South-Eastern Metro,LNP,LNP,ALP,0.6104838140520343,0.38951618594796567,0.11048381405203433,LNP-ALP,OTH>GRN>IND>ON,0.38951618594796567,0.6104838140520343,OTH>GRN>IND>ON,0.4709308379981459,0.5290691620018542,OTH>GRN>IND>LNP,LNP,LNP-ALP,0.11048381405203433,0.38951618594796567,Special priors: ON plus 5 pp,False,0.0
Sandringham,Southern Metro,LNP,LNP,GRN,0.6345716509202369,0.3654283490797631,0.13457165092023693,LNP-GRN,OTH>IND>ALP>ON,0.3719348920100771,0.6280651079899229,OTH>IND>ON>GRN,0.49633680681030856,0.5036631931896915,OTH>IND>GRN>LNP,LNP,LNP-GRN,0.13457165092023693,0.3719348920100771,Special priors: ON plus 5 pp,False,0.0
Shepparton,Northern Victoria,LNP,LNP,IND,0.594583776334571,0.405416223665429,0.09458377633457105,LNP-IND,ALP>OTH>GRN>ON,0.24461921001920806,0.755380789980792,OTH>GRN>ON>IND,0.2496760592054794,0.7503239407945207,OTH>GRN>IND>LNP,LNP,LNP-IND,0.09458377633457105,0.24461921001920806,Special priors: ON plus 5 pp,False,0.0
South Barwon,Western Victoria,ALP,LNP,ALP,0.5366437312663094,0.46335626873369073,0.036643731266309376,LNP-ALP,IND>OTH>GRN>ON,0.46335626873369073,0.5366437312663094,IND>OTH>GRN>ON,0.4767130754184477,0.5232869245815523,IND>OTH>GRN>LNP,LNP,LNP-ALP,0.036643731266309376,0.46335626873369073,Special priors: ON plus 5 pp,False,0.0
South-West Coast,Western Victoria,LNP,LNP,IND,0.5856113738637271,0.414388626136273,0.08561137386372708,LNP-IND,OTH>GRN>ALP>ON,0.3508070051820872,0.6491929948179128,OTH>GRN>ON>IND,0.3209238258081961,0.6790761741918039,OTH>GRN>IND>LNP,LNP,LNP-IND,0.08561137386372708,0.3508070051820872,Special priors: ON plus 5 pp,False,0.0
St Albans,Western Metro,ALP,ALP,ON,0.5363752730504886,0.46362472694951146,0.0363752730504886,ALP-ON,IND>GRN>OTH>LNP,0.5449496055889691,0.4550503944110309,IND>GRN>OTH>ON,0.5363752730504886,0.46362472694951146,IND>GRN>OTH>LNP,ALP,ALP-ON,0.04878187928334221,0.5449496055889691,Special priors: ON plus 5 pp,False,0.0
Sunbury,Western Metro,ALP,ON,ALP,0.584925835894554,0.41507416410544595,0.08492583589455405,ON-ALP,IND>OTH>GRN>LNP,0.4471714849955755,0.5528285150044244,IND>OTH>GRN>ON,0.41507416410544595,0.584925835894554,IND>OTH>GRN>LNP,ON,ON-ALP,0.07032717153983281,0.4471714849955755,Special priors: ON plus 5 pp,False,0.0
Sydenham,Western Metro,ALP,ON,ALP,0.5097749814768441,0.4902250185231559,0.00977498147684408,ON-ALP,IND>GRN>OTH>LNP,0.5130374221884525,0.48696257781154745,IND>GRN>OTH>ON,0.4902250185231559,0.5097749814768441,IND>GRN>OTH>LNP,ALP,ALP-ON,0.003586696788217103,0.5130374221884525,Special priors: ON plus 5 pp,True,0.0
Tarneit,Western Metro,ALP,ALP,ON,0.5310869217622803,0.4689130782377197,0.03108692176228034,ALP-ON,IND>GRN>OTH>LNP,0.5547586956578089,0.44524130434219117,IND>GRN>OTH>ON,0.5310869217622803,0.4689130782377197,IND>GRN>OTH>LNP,ALP,ALP-ON,0.04305406904669118,0.5547586956578089,Special priors: ON plus 5 pp,False,0.0
Thomastown,Northern Metro,ALP,ALP,ON,0.5552196498394194,0.4447803501605806,0.055219649839419405,ALP-ON,IND>GRN>OTH>LNP,0.598357020678262,0.40164297932173804,IND>GRN>OTH>ON,0.5552196498394194,0.4447803501605806,IND>GRN>OTH>LNP,ALP,ALP-ON,0.06497742335599743,0.598357020678262,Special priors: ON plus 5 pp,False,0.0
Warrandyte,North-Eastern Metro,LNP,LNP,ALP,0.6307062642461716,0.3692937357538284,0.1307062642461716,LNP-ALP,IND>OTH>GRN>ON,0.3692937357538284,0.6307062642461716,IND>OTH>GRN>ON,0.4760555583790894,0.5239444416209106,IND>OTH>GRN>LNP,LNP,LNP-ALP,0.1307062642461716,0.3692937357538284,Special priors: ON plus 5 pp,False,0.0
Wendouree,Western Victoria,ALP,ON,ALP,0.5180698314636408,0.48193016853635917,0.01806983146364083,ON-ALP,IND>OTH>GRN>LNP,0.4864378596063509,0.5135621403936491,IND>OTH>GRN>ON,0.48193016853635917,0.5180698314636408,IND>OTH>GRN>LNP,ON,ON-ALP,0.0038523989921707136,0.4864378596063509,Special priors: ON plus 5 pp,False,0.0
Werribee,Western Metro,ALP,ON,ALP,0.5597321997662106,0.44026780023378936,0.05973219976621058,ON-ALP,OTH>GRN>IND>LNP,0.49523772004157757,0.5047622799584224,OTH>GRN>IND>ON,0.44026780023378936,0.5597321997662106,OTH>GRN>IND>LNP,ON,ON-ALP,0.047698307448221455,0.49523772004157757,Special priors: ON plus 5 pp,False,0.0
Williamstown,Western Metro,ALP,ALP,ON,0.5997731131433551,0.40022688685664487,0.09977311314335513,ALP-ON,IND>OTH>GRN>LNP,0.5736706287606234,0.42632937123937664,IND>OTH>GRN>ON,0.5997731131433551,0.40022688685664487,IND>OTH>GRN>LNP,ALP,ALP-ON,0.1126399188720183,0.5736706287606234,Special priors: ON plus 5 pp,False,0.0
Yan Yean,Northern Victoria,ALP,ON,ALP,0.5635346705679274,0.43646532943207267,0.06353467056792739,ON-ALP,IND>GRN>OTH>LNP,0.4662145826800124,0.5337854173199875,IND>GRN>OTH>ON,0.43646532943207267,0.5635346705679274,IND>GRN>OTH>LNP,ON,ON-ALP,0.04844974378208322,0.4662145826800124,Special priors: ON plus 5 pp,False,0.0
