district,region,held_by,winner,runner_up,winner_pct,runner_up_pct,margin,matchup,elimination_order,ALP_2PP,LNP_2PP,forced_2pp_elimination_order,ALP_ON_2CP,ON_ALP_2CP,forced_alp_on_2cp_elimination_order,winner_central,matchup_central,margin_central,ALP_2PP_central,Configuration,Winner changed,ALP 2PP change (pp)
Albert Park,Southern Metro,ALP,ALP,LNP,0.5514804434337367,0.44851955656626336,0.0514804434337367,ALP-LNP,OTH>IND>ON>GRN,0.5514804434337367,0.44851955656626336,OTH>IND>ON>GRN,0.6400258222138925,0.3599741777861076,OTH>IND>GRN>LNP,ALP,ALP-LNP,0.0514804434337367,0.5514804434337367,Central model,False,0.0
Ashwood,Southern Metro,ALP,LNP,ALP,0.5250826457842138,0.4749173542157862,0.02508264578421382,LNP-ALP,OTH>IND>ON>GRN,0.4749173542157862,0.5250826457842138,OTH>IND>ON>GRN,0.6016271439110373,0.3983728560889626,OTH>IND>GRN>LNP,LNP,LNP-ALP,0.02508264578421382,0.4749173542157862,Central model,False,0.0
Bass,Eastern Victoria,ALP,LNP,ON,0.5414181872366199,0.45858181276338006,0.04141818723661994,LNP-ON,IND>OTH>GRN>ALP,0.3564136291868352,0.6435863708131648,IND>OTH>GRN>ON,0.35529832773038533,0.6447016722696147,IND>OTH>GRN>LNP,LNP,LNP-ON,0.04141818723661994,0.3564136291868352,Central model,False,0.0
Bayswater,North-Eastern Metro,ALP,LNP,ALP,0.572481595302293,0.4275184046977069,0.07248159530229303,LNP-ALP,IND>OTH>GRN>ON,0.4275184046977069,0.572481595302293,IND>OTH>GRN>ON,0.49788283643104114,0.502117163568959,IND>OTH>GRN>LNP,LNP,LNP-ALP,0.07248159530229303,0.4275184046977069,Central model,False,0.0
Bellarine,Western Victoria,ALP,LNP,ALP,0.5194625228645812,0.48053747713541883,0.019462522864581167,LNP-ALP,OTH>IND>GRN>ON,0.48053747713541883,0.5194625228645812,OTH>IND>GRN>ON,0.5034940096110165,0.49650599038898346,OTH>IND>GRN>LNP,LNP,LNP-ALP,0.019462522864581167,0.48053747713541883,Central model,False,0.0
Benambra,Northern Victoria,LNP,LNP,ON,0.506312200270484,0.4936877997295161,0.006312200270483959,LNP-ON,ALP>OTH>GRN>IND,0.25014225985580724,0.7498577401441928,OTH>GRN>IND>ON,0.2268632991790302,0.7731367008209697,OTH>GRN>IND>LNP,LNP,LNP-ON,0.006312200270483959,0.25014225985580724,Central model,False,0.0
Bendigo East,Northern Victoria,ALP,LNP,ALP,0.5074939209362723,0.4925060790637276,0.007493920936272325,LNP-ALP,OTH>IND>GRN>ON,0.4925060790637276,0.5074939209362723,OTH>IND>GRN>ON,0.5224759697425903,0.4775240302574097,OTH>IND>GRN>LNP,LNP,LNP-ALP,0.007493920936272325,0.4925060790637276,Central model,False,0.0
Bendigo West,Northern Victoria,ALP,ALP,ON,0.5301321241259606,0.46986787587403944,0.030132124125960558,ALP-ON,IND>OTH>GRN>LNP,0.5314300024829983,0.46856999751700174,IND>OTH>GRN>ON,0.5301321241259606,0.46986787587403944,IND>OTH>GRN>LNP,ALP,ALP-ON,0.030132124125960558,0.5314300024829983,Central model,False,0.0
Bentleigh,Southern Metro,ALP,LNP,ALP,0.5036829284366566,0.49631707156334337,0.0036829284366566295,LNP-ALP,OTH>IND>GRN>ON,0.49631707156334337,0.5036829284366566,OTH>IND>GRN>ON,0.5875966258777428,0.41240337412225725,OTH>IND>GRN>LNP,LNP,LNP-ALP,0.0036829284366566295,0.49631707156334337,Central model,False,0.0
Berwick,South-Eastern Metro,LNP,LNP,ON,0.6029478865724366,0.3970521134275634,0.10294788657243659,LNP-ON,IND>OTH>GRN>ALP,0.34131758477210217,0.6586824152278978,IND>OTH>GRN>ON,0.37820158170831986,0.6217984182916801,IND>OTH>GRN>LNP,LNP,LNP-ON,0.10294788657243659,0.34131758477210217,Central model,False,0.0
Box Hill,North-Eastern Metro,ALP,LNP,ALP,0.5130914398459073,0.4869085601540926,0.013091439845907327,LNP-ALP,IND>OTH>ON>GRN,0.4869085601540926,0.5130914398459073,IND>OTH>ON>GRN,0.6145344492087004,0.38546555079129957,IND>OTH>GRN>LNP,LNP,LNP-ALP,0.013091439845907327,0.4869085601540926,Central model,False,0.0
Brighton,Southern Metro,LNP,LNP,GRN,0.6091155867121948,0.3908844132878052,0.10911558671219479,LNP-GRN,OTH>IND>ON>ALP,0.38400455859206134,0.6159954414079386,OTH>IND>ON>GRN,0.582764359263258,0.41723564073674196,OTH>IND>GRN>LNP,LNP,LNP-GRN,0.10911558671219479,0.38400455859206134,Central model,False,0.0
Broadmeadows,Northern Metro,ALP,ALP,ON,0.5453343478770919,0.4546656521229081,0.045334347877091896,ALP-ON,IND>GRN>OTH>LNP,0.5829952981501101,0.41700470184988986,IND>GRN>OTH>ON,0.5453343478770919,0.4546656521229081,IND>GRN>OTH>LNP,ALP,ALP-ON,0.045334347877091896,0.5829952981501101,Central model,False,0.0
Brunswick,Northern Metro,GRN,GRN,ALP,0.6574256610159002,0.3425743389840999,0.15742566101590016,GRN-ALP,IND>LNP>OTH>ON,0.7678455724816395,0.23215442751836046,IND>OTH>ON>GRN,0.743678391418553,0.25632160858144704,IND>LNP>OTH>GRN,GRN,GRN-ALP,0.15742566101590016,0.7678455724816395,Central model,False,0.0
Bulleen,North-Eastern Metro,LNP,LNP,ALP,0.6438366556457226,0.3561633443542775,0.14383665564572257,LNP-ALP,IND>OTH>GRN>ON,0.3561633443542775,0.6438366556457226,IND>OTH>GRN>ON,0.536749569858316,0.46325043014168404,IND>OTH>GRN>LNP,LNP,LNP-ALP,0.14383665564572257,0.3561633443542775,Central model,False,0.0
Bundoora,North-Eastern Metro,ALP,ALP,ON,0.5665010563885721,0.4334989436114279,0.06650105638857207,ALP-ON,IND>OTH>GRN>LNP,0.5330571483415659,0.466942851658434,IND>OTH>GRN>ON,0.5665010563885721,0.4334989436114279,IND>OTH>GRN>LNP,ALP,ALP-ON,0.06650105638857207,0.5330571483415659,Central model,False,0.0
Carrum,South-Eastern Metro,ALP,ON,ALP,0.53782775260647,0.46217224739353,0.03782775260646998,ON-ALP,IND>OTH>GRN>LNP,0.467084037757774,0.5329159622422259,IND>OTH>GRN>ON,0.46217224739353,0.53782775260647,IND>OTH>GRN>LNP,ON,ON-ALP,0.03782775260646998,0.467084037757774,Central model,False,0.0
Caulfield,Southern Metro,LNP,LNP,GRN,0.5997182182730068,0.40028178172699336,0.09971821827300675,LNP-GRN,OTH>IND>ON>ALP,0.40759457040167296,0.5924054295983271,OTH>IND>ON>GRN,0.5915963308105741,0.4084036691894259,OTH>IND>GRN>LNP,LNP,LNP-GRN,0.09971821827300675,0.40759457040167296,Central model,False,0.0
Clarinda,South-Eastern Metro,ALP,ALP,LNP,0.5274709970940945,0.4725290029059055,0.027470997094094507,ALP-LNP,OTH>IND>GRN>ON,0.5274709970940945,0.4725290029059055,OTH>IND>GRN>ON,0.5667911684314908,0.43320883156850926,OTH>IND>GRN>LNP,ALP,ALP-LNP,0.027470997094094507,0.5274709970940945,Central model,False,0.0
Cranbourne,South-Eastern Metro,ALP,ON,ALP,0.5344111173237098,0.4655888826762901,0.03441111732370983,ON-ALP,IND>GRN>OTH>LNP,0.4885317133977712,0.5114682866022289,IND>GRN>OTH>ON,0.4655888826762901,0.5344111173237098,IND>GRN>OTH>LNP,ON,ON-ALP,0.03441111732370983,0.4885317133977712,Central model,False,0.0
Croydon,North-Eastern Metro,LNP,LNP,ALP,0.6083934933050276,0.3916065066949724,0.10839349330502757,LNP-ALP,IND>OTH>GRN>ON,0.3916065066949724,0.6083934933050276,IND>OTH>GRN>ON,0.47956610972272534,0.5204338902772746,IND>OTH>GRN>LNP,LNP,LNP-ALP,0.10839349330502757,0.3916065066949724,Central model,False,0.0
Dandenong,South-Eastern Metro,ALP,ALP,ON,0.5769065836556163,0.42309341634438374,0.07690658365561631,ALP-ON,IND>OTH>GRN>LNP,0.6017667425657133,0.3982332574342868,IND>OTH>GRN>ON,0.5769065836556163,0.42309341634438374,IND>OTH>GRN>LNP,ALP,ALP-ON,0.07690658365561631,0.6017667425657133,Central model,False,0.0
Eildon,Northern Victoria,LNP,LNP,ON,0.5855203726426343,0.4144796273573657,0.08552037264263435,LNP-ON,IND>OTH>GRN>ALP,0.3249047940210597,0.6750952059789402,IND>OTH>GRN>ON,0.3458748413988902,0.6541251586011098,IND>OTH>GRN>LNP,LNP,LNP-ON,0.08552037264263435,0.3249047940210597,Central model,False,0.0
Eltham,North-Eastern Metro,ALP,ALP,LNP,0.5001605105012256,0.4998394894987745,0.00016051050122556365,ALP-LNP,OTH>IND>GRN>ON,0.5001605105012256,0.4998394894987745,OTH>IND>GRN>ON,0.5571891754366652,0.44281082456333487,OTH>IND>GRN>LNP,ALP,ALP-LNP,0.00016051050122556365,0.5001605105012256,Central model,False,0.0
Essendon,Northern Metro,ALP,ALP,ON,0.5434509523359722,0.45654904766402776,0.04345095233597218,ALP-ON,IND>OTH>GRN>LNP,0.5103546048923077,0.4896453951076923,IND>OTH>GRN>ON,0.5434509523359722,0.45654904766402776,IND>OTH>GRN>LNP,ALP,ALP-ON,0.04345095233597218,0.5103546048923077,Central model,False,0.0
Eureka,Western Victoria,ALP,ON,ALP,0.593350430352712,0.406649569647288,0.09335043035271195,ON-ALP,IND>OTH>GRN>LNP,0.43726939556170064,0.5627306044382994,IND>OTH>GRN>ON,0.406649569647288,0.593350430352712,IND>OTH>GRN>LNP,ON,ON-ALP,0.09335043035271195,0.43726939556170064,Central model,False,0.0
Euroa,Northern Victoria,LNP,LNP,ON,0.572660409486262,0.42733959051373804,0.07266040948626196,LNP-ON,IND>OTH>GRN>ALP,0.28516991996768976,0.7148300800323102,IND>OTH>GRN>ON,0.31057734470442977,0.6894226552955702,IND>OTH>GRN>LNP,LNP,LNP-ON,0.07266040948626196,0.28516991996768976,Central model,False,0.0
Evelyn,Eastern Victoria,LNP,LNP,ALP,0.6645914036399503,0.33540859636004966,0.16459140363995028,LNP-ALP,IND>OTH>GRN>ON,0.33540859636004966,0.6645914036399503,IND>OTH>GRN>ON,0.38341709459084167,0.6165829054091584,IND>OTH>GRN>LNP,LNP,LNP-ALP,0.16459140363995028,0.33540859636004966,Central model,False,0.0
Footscray,Western Metro,ALP,ALP,GRN,0.5321501380045935,0.4678498619954064,0.03215013800459354,ALP-GRN,IND>OTH>LNP>ON,0.6761389582170139,0.3238610417829862,IND>OTH>ON>GRN,0.7205501977545501,0.27944980224544985,IND>OTH>LNP>GRN,ALP,ALP-GRN,0.03215013800459354,0.6761389582170139,Central model,False,0.0
Frankston,South-Eastern Metro,ALP,ON,ALP,0.5078943005044201,0.49210569949557986,0.007894300504420082,ON-ALP,IND>OTH>GRN>LNP,0.4875807393849895,0.5124192606150105,IND>OTH>GRN>ON,0.49210569949557986,0.5078943005044201,IND>OTH>GRN>LNP,ON,ON-ALP,0.007894300504420082,0.4875807393849895,Central model,False,0.0
Geelong,Western Victoria,ALP,ON,ALP,0.5320230121588184,0.4679769878411815,0.03202301215881842,ON-ALP,OTH>IND>GRN>LNP,0.49078396549619635,0.5092160345038036,OTH>IND>GRN>ON,0.4679769878411815,0.5320230121588184,OTH>IND>GRN>LNP,ON,ON-ALP,0.03202301215881842,0.49078396549619635,Central model,False,0.0
Gippsland East,Eastern Victoria,LNP,LNP,ON,0.5789880110634961,0.421011988936504,0.07898801106349607,LNP-ON,IND>OTH>ALP>GRN,0.18081029226216866,0.8191897077378313,IND>OTH>GRN>ON,0.21080759703973403,0.7891924029602659,IND>OTH>GRN>LNP,LNP,LNP-ON,0.07898801106349607,0.18081029226216866,Central model,False,0.0
Gippsland South,Eastern Victoria,LNP,LNP,ON,0.5687312488022912,0.43126875119770874,0.0687312488022912,LNP-ON,OTH>IND>GRN>ALP,0.24086941047336247,0.7591305895266376,OTH>IND>GRN>ON,0.26401233789791717,0.7359876621020829,OTH>IND>GRN>LNP,LNP,LNP-ON,0.0687312488022912,0.24086941047336247,Central model,False,0.0
Glen Waverley,North-Eastern Metro,ALP,LNP,ALP,0.553773596868354,0.446226403131646,0.053773596868354034,LNP-ALP,IND>OTH>GRN>ON,0.446226403131646,0.553773596868354,IND>OTH>GRN>ON,0.5870157796342533,0.4129842203657467,IND>OTH>GRN>LNP,LNP,LNP-ALP,0.053773596868354034,0.446226403131646,Central model,False,0.0
Greenvale,Northern Metro,ALP,ALP,ON,0.5461337663696035,0.4538662336303964,0.046133766369603535,ALP-ON,IND>GRN>OTH>LNP,0.5470222596033112,0.45297774039668876,IND>GRN>OTH>ON,0.5461337663696035,0.4538662336303964,IND>GRN>OTH>LNP,ALP,ALP-ON,0.046133766369603535,0.5470222596033112,Central model,False,0.0
Hastings,Eastern Victoria,ALP,LNP,ON,0.549746062100094,0.45025393789990603,0.049746062100094024,LNP-ON,IND>OTH>GRN>ALP,0.39069803706458317,0.6093019629354168,IND>OTH>GRN>ON,0.39240328573273936,0.6075967142672607,IND>OTH>GRN>LNP,LNP,LNP-ON,0.049746062100094024,0.39069803706458317,Central model,False,0.0
Hawthorn,Southern Metro,LNP,LNP,GRN,0.6451609576510031,0.354839042348997,0.14516095765100312,LNP-GRN,OTH>ON>ALP>IND,0.4276945350736908,0.5723054649263093,OTH>ON>IND>GRN,0.6283543987579725,0.3716456012420275,OTH>IND>GRN>LNP,LNP,LNP-GRN,0.14516095765100312,0.4276945350736908,Central model,False,0.0
Ivanhoe,North-Eastern Metro,ALP,ALP,LNP,0.5421517515316874,0.4578482484683127,0.042151751531687376,ALP-LNP,OTH>IND>ON>GRN,0.5421517515316874,0.4578482484683127,OTH>IND>ON>GRN,0.6133806316454354,0.3866193683545646,OTH>IND>GRN>LNP,ALP,ALP-LNP,0.042151751531687376,0.5421517515316874,Central model,False,0.0
Kalkallo,Northern Metro,ALP,ALP,ON,0.5345230736060982,0.46547692639390176,0.03452307360609819,ALP-ON,IND>GRN>OTH>LNP,0.5598048968887227,0.44019510311127724,IND>GRN>OTH>ON,0.5345230736060982,0.46547692639390176,IND>GRN>OTH>LNP,ALP,ALP-ON,0.03452307360609819,0.5598048968887227,Central model,False,0.0
Kew,Southern Metro,LNP,LNP,IND,0.6298350953598343,0.3701649046401657,0.12983509535983428,LNP-IND,OTH>ON>GRN>ALP,0.4058426869975182,0.5941573130024818,OTH>ON>GRN>IND,0.61835831808557,0.38164168191443,OTH>GRN>IND>LNP,LNP,LNP-IND,0.12983509535983428,0.4058426869975182,Central model,False,0.0
Kororoit,Western Metro,ALP,ALP,ON,0.5366756804294163,0.4633243195705837,0.03667568042941627,ALP-ON,IND>GRN>OTH>LNP,0.5772479987987813,0.42275200120121864,IND>GRN>OTH>ON,0.5366756804294163,0.4633243195705837,IND>GRN>OTH>LNP,ALP,ALP-ON,0.03667568042941627,0.5772479987987813,Central model,False,0.0
Lara,Western Victoria,ALP,ON,ALP,0.5526538378289094,0.4473461621710906,0.05265383782890942,ON-ALP,IND>OTH>GRN>LNP,0.5035367450131508,0.4964632549868492,IND>OTH>GRN>ON,0.4473461621710906,0.5526538378289094,IND>OTH>GRN>LNP,ON,ON-ALP,0.05265383782890942,0.5035367450131508,Central model,False,0.0
Laverton,Western Metro,ALP,ALP,ON,0.5650004909888097,0.43499950901119044,0.06500049098880967,ALP-ON,IND>OTH>GRN>LNP,0.5732249387379217,0.4267750612620784,IND>OTH>GRN>ON,0.5650004909888097,0.43499950901119044,IND>OTH>GRN>LNP,ALP,ALP-ON,0.06500049098880967,0.5732249387379217,Central model,False,0.0
Lowan,Western Victoria,LNP,LNP,ON,0.6108716350211831,0.389128364978817,0.11087163502118313,LNP-ON,IND>OTH>ALP>GRN,0.196298640597478,0.8037013594025221,IND>OTH>GRN>ON,0.2346519357857739,0.765348064214226,IND>OTH>GRN>LNP,LNP,LNP-ON,0.11087163502118313,0.196298640597478,Central model,False,0.0
Macedon,Northern Victoria,ALP,ON,ALP,0.5430513144275216,0.4569486855724784,0.043051314427521636,ON-ALP,OTH>IND>GRN>LNP,0.47013668339363907,0.529863316606361,OTH>IND>GRN>ON,0.4569486855724784,0.5430513144275216,OTH>IND>GRN>LNP,ON,ON-ALP,0.043051314427521636,0.47013668339363907,Central model,False,0.0
Malvern,Southern Metro,LNP,LNP,GRN,0.654830411279133,0.34516958872086706,0.154830411279133,LNP-GRN,IND>OTH>ON>ALP,0.3492923647811958,0.6507076352188043,IND>OTH>ON>GRN,0.5879284323965949,0.4120715676034052,IND>OTH>GRN>LNP,LNP,LNP-GRN,0.154830411279133,0.3492923647811958,Central model,False,0.0
Melbourne,Northern Metro,GRN,GRN,ALP,0.6295972111492998,0.37040278885070027,0.12959721114929978,GRN-ALP,IND>OTH>LNP>ON,0.6930828544888147,0.3069171455111854,IND>OTH>ON>GRN,0.7403418437746404,0.2596581562253597,IND>OTH>LNP>GRN,GRN,GRN-ALP,0.12959721114929978,0.6930828544888147,Central model,False,0.0
Melton,Western Victoria,ALP,ON,ALP,0.5817979031260031,0.41820209687399695,0.0817979031260031,ON-ALP,GRN>OTH>LNP>IND,0.40504191733514977,0.5949580826648503,GRN>OTH>IND>ON,0.41820209687399695,0.5817979031260031,GRN>OTH>LNP>IND,ON,ON-ALP,0.0817979031260031,0.40504191733514977,Central model,False,0.0
Mildura,Northern Victoria,LNP,ON,IND,0.5243486550301008,0.4756513449698993,0.024348655030100752,ON-IND,OTH>ALP>GRN>LNP,0.25060242952196354,0.7493975704780365,OTH>GRN>ON>IND,0.3178295168411665,0.6821704831588334,OTH>GRN>LNP>IND,ON,ON-IND,0.024348655030100752,0.25060242952196354,Central model,False,0.0
Mill Park,North-Eastern Metro,ALP,ALP,ON,0.5211621027099124,0.47883789729008774,0.021162102709912367,ALP-ON,IND>OTH>GRN>LNP,0.5429491291569318,0.4570508708430683,IND>OTH>GRN>ON,0.5211621027099124,0.47883789729008774,IND>OTH>GRN>LNP,ALP,ALP-ON,0.021162102709912367,0.5429491291569318,Central model,False,0.0
Monbulk,Eastern Victoria,ALP,LNP,ALP,0.5501816368373839,0.4498183631626162,0.05018163683738386,LNP-ALP,OTH>IND>GRN>ON,0.4498183631626162,0.5501816368373839,OTH>IND>GRN>ON,0.4413759449764011,0.5586240550235989,OTH>IND>GRN>LNP,LNP,LNP-ALP,0.05018163683738386,0.4498183631626162,Central model,False,0.0
Mordialloc,South-Eastern Metro,ALP,LNP,ALP,0.5052321221496482,0.49476787785035176,0.0052321221496481884,LNP-ALP,OTH>IND>GRN>ON,0.49476787785035176,0.5052321221496482,OTH>IND>GRN>ON,0.5552028209089831,0.44479717909101685,OTH>IND>GRN>LNP,LNP,LNP-ALP,0.0052321221496481884,0.49476787785035176,Central model,False,0.0
Mornington,Eastern Victoria,LNP,LNP,IND,0.6410737928842648,0.35892620711573514,0.1410737928842648,LNP-IND,OTH>GRN>ALP>ON,0.3065488304248025,0.6934511695751975,OTH>GRN>IND>ON,0.33981550427083546,0.6601844957291645,OTH>GRN>IND>LNP,LNP,LNP-IND,0.1410737928842648,0.3065488304248025,Central model,False,0.0
Morwell,Eastern Victoria,LNP,ON,LNP,0.5421909705283071,0.45780902947169283,0.042190970528307115,ON-LNP,GRN>OTH>IND>ALP,0.3484608165998567,0.6515391834001433,GRN>OTH>IND>ON,0.31584387092787497,0.684156129072125,GRN>OTH>IND>LNP,ON,ON-LNP,0.042190970528307115,0.3484608165998567,Central model,False,0.0
Mulgrave,South-Eastern Metro,ALP,ALP,ON,0.5952824288344699,0.4047175711655301,0.09528242883446991,ALP-ON,OTH>GRN>IND>LNP,0.596252604978061,0.403747395021939,OTH>GRN>IND>ON,0.5952824288344699,0.4047175711655301,OTH>GRN>IND>LNP,ALP,ALP-ON,0.09528242883446991,0.596252604978061,Central model,False,0.0
Murray Plains,Northern Victoria,LNP,LNP,ON,0.5778459050178799,0.42215409498212014,0.07784590501787991,LNP-ON,IND>ALP>OTH>GRN,0.1651270462838107,0.8348729537161893,IND>GRN>OTH>ON,0.19392395931638357,0.8060760406836164,IND>GRN>OTH>LNP,LNP,LNP-ON,0.07784590501787991,0.1651270462838107,Central model,False,0.0
Narracan,Eastern Victoria,LNP,LNP,ON,0.6018607605269275,0.39813923947307256,0.1018607605269275,LNP-ON,OTH>IND>ALP>GRN,0.34906264247124946,0.6509373575287505,OTH>IND>GRN>ON,0.36629555714119616,0.6337044428588039,OTH>IND>GRN>LNP,LNP,LNP-ON,0.1018607605269275,0.34906264247124946,Central model,False,0.0
Narre Warren North,South-Eastern Metro,ALP,ON,ALP,0.510497560135298,0.48950243986470193,0.010497560135298012,ON-ALP,IND>OTH>GRN>LNP,0.5026677670760976,0.4973322329239024,IND>OTH>GRN>ON,0.48950243986470193,0.510497560135298,IND>OTH>GRN>LNP,ON,ON-ALP,0.010497560135298012,0.5026677670760976,Central model,False,0.0
Narre Warren South,South-Eastern Metro,ALP,ON,ALP,0.5019531679309339,0.4980468320690662,0.001953167930933919,ON-ALP,IND>OTH>GRN>LNP,0.5021650679194825,0.4978349320805176,IND>OTH>GRN>ON,0.4980468320690662,0.5019531679309339,IND>OTH>GRN>LNP,ON,ON-ALP,0.001953167930933919,0.5021650679194825,Central model,False,0.0
Nepean,Eastern Victoria,LNP,LNP,ON,0.6279697578226581,0.37203024217734193,0.12796975782265807,LNP-ON,OTH>IND>GRN>ALP,0.32722822575464605,0.672771774245354,OTH>IND>GRN>ON,0.3732141153396757,0.6267858846603244,OTH>IND>GRN>LNP,LNP,LNP-ON,0.12796975782265807,0.32722822575464605,Central model,False,0.0
Niddrie,Western Metro,ALP,ON,ALP,0.5001758746325596,0.4998241253674404,0.0001758746325596361,ON-ALP,IND>OTH>GRN>LNP,0.465586711813811,0.534413288186189,IND>OTH>GRN>ON,0.4998241253674404,0.5001758746325596,IND>OTH>GRN>LNP,ON,ON-ALP,0.0001758746325596361,0.465586711813811,Central model,False,0.0
Northcote,Northern Metro,ALP,GRN,ALP,0.5370931725447301,0.46290682745526984,0.0370931725447301,GRN-ALP,IND>OTH>LNP>ON,0.729943201885343,0.270056798114657,IND>OTH>ON>GRN,0.7091797226366438,0.2908202773633563,IND>OTH>LNP>GRN,GRN,GRN-ALP,0.0370931725447301,0.729943201885343,Central model,False,0.0
Oakleigh,Southern Metro,ALP,ALP,LNP,0.5446783645930383,0.45532163540696174,0.04467836459303831,ALP-LNP,OTH>IND>GRN>ON,0.5446783645930383,0.45532163540696174,OTH>IND>GRN>ON,0.592754551966328,0.40724544803367213,OTH>IND>GRN>LNP,ALP,ALP-LNP,0.04467836459303831,0.5446783645930383,Central model,False,0.0
Ovens Valley,Northern Victoria,LNP,LNP,ON,0.5817252411158498,0.41827475888415017,0.08172524111584978,LNP-ON,IND>ALP>OTH>GRN,0.23938740688134305,0.7606125931186569,IND>OTH>GRN>ON,0.25287938387527564,0.7471206161247245,IND>OTH>GRN>LNP,LNP,LNP-ON,0.08172524111584978,0.23938740688134305,Central model,False,0.0
Pakenham,Eastern Victoria,ALP,LNP,ON,0.5108318379883261,0.48916816201167396,0.010831837988326098,LNP-ON,IND>OTH>GRN>ALP,0.3835567488442664,0.6164432511557336,IND>OTH>GRN>ON,0.36290173208105503,0.637098267918945,IND>OTH>GRN>LNP,LNP,LNP-ON,0.010831837988326098,0.3835567488442664,Central model,False,0.0
Pascoe Vale,Northern Metro,ALP,ALP,GRN,0.5157975094253062,0.4842024905746937,0.015797509425306222,ALP-GRN,OTH>IND>LNP>ON,0.6134692903098298,0.3865307096901703,OTH>IND>ON>GRN,0.6481981677040993,0.3518018322959006,OTH>IND>LNP>GRN,ALP,ALP-GRN,0.015797509425306222,0.6134692903098298,Central model,False,0.0
Point Cook,Western Metro,ALP,ON,ALP,0.5171235146645015,0.4828764853354985,0.01712351466450146,ON-ALP,OTH>GRN>IND>LNP,0.5105676306263236,0.48943236937367646,OTH>GRN>IND>ON,0.4828764853354985,0.5171235146645015,OTH>GRN>IND>LNP,ON,ON-ALP,0.01712351466450146,0.5105676306263236,Central model,False,0.0
Polwarth,Western Victoria,LNP,LNP,ON,0.6533951179400923,0.34660488205990764,0.1533951179400923,LNP-ON,IND>OTH>ALP>GRN,0.36813938578719646,0.6318606142128035,IND>OTH>GRN>ON,0.3973810499234023,0.6026189500765977,IND>OTH>GRN>LNP,LNP,LNP-ON,0.1533951179400923,0.36813938578719646,Central model,False,0.0
Prahran,Southern Metro,GRN,GRN,LNP,0.5553820221324355,0.44461797786756446,0.05538202213243548,GRN-LNP,IND>OTH>ALP>ON,0.5622306111100892,0.43776938888991074,IND>OTH>ON>GRN,0.6679379344691065,0.3320620655308934,IND>OTH>LNP>GRN,GRN,GRN-LNP,0.05538202213243548,0.5622306111100892,Central model,False,0.0
Preston,Northern Metro,ALP,ALP,ON,0.5958382409125932,0.40416175908740687,0.09583824091259319,ALP-ON,OTH>IND>LNP>GRN,0.5925007963571941,0.40749920364280595,OTH>IND>GRN>ON,0.5958382409125932,0.40416175908740687,OTH>IND>LNP>GRN,ALP,ALP-ON,0.09583824091259319,0.5925007963571941,Central model,False,0.0
Richmond,Northern Metro,GRN,GRN,ALP,0.5936816873677317,0.40631831263226836,0.09368168736773175,GRN-ALP,IND>OTH>LNP>ON,0.7291448635762262,0.27085513642377385,IND>OTH>ON>GRN,0.7539893241765849,0.24601067582341493,IND>OTH>LNP>GRN,GRN,GRN-ALP,0.09368168736773175,0.7291448635762262,Central model,False,0.0
Ringwood,North-Eastern Metro,ALP,LNP,ALP,0.5190159437425228,0.48098405625747725,0.0190159437425228,LNP-ALP,IND>OTH>ON>GRN,0.48098405625747725,0.5190159437425228,IND>OTH>ON>GRN,0.5600798226356494,0.43992017736435063,IND>OTH>GRN>LNP,LNP,LNP-ALP,0.0190159437425228,0.48098405625747725,Central model,False,0.0
Ripon,Western Victoria,ALP,ON,ALP,0.6238337616407623,0.3761662383592376,0.12383376164076232,ON-ALP,IND>GRN>OTH>LNP,0.4069761843514621,0.5930238156485379,IND>GRN>OTH>ON,0.3761662383592376,0.6238337616407623,IND>GRN>OTH>LNP,ON,ON-ALP,0.12383376164076232,0.4069761843514621,Central model,False,0.0
Rowville,South-Eastern Metro,LNP,LNP,ALP,0.6122996096782161,0.387700390321784,0.11229960967821606,LNP-ALP,OTH>IND>GRN>ON,0.387700390321784,0.6122996096782161,OTH>IND>GRN>ON,0.4871954318538008,0.5128045681461991,OTH>IND>GRN>LNP,LNP,LNP-ALP,0.11229960967821606,0.387700390321784,Central model,False,0.0
Sandringham,Southern Metro,LNP,LNP,GRN,0.6459278181117784,0.3540721818882216,0.14592781811177835,LNP-GRN,OTH>IND>ALP>ON,0.364047523061292,0.6359524769387079,OTH>IND>GRN>ON,0.5149164983628548,0.4850835016371452,OTH>IND>GRN>LNP,LNP,LNP-GRN,0.14592781811177835,0.364047523061292,Central model,False,0.0
Shepparton,Northern Victoria,LNP,LNP,ON,0.5465097118176566,0.45349028818234344,0.04650971181765662,LNP-ON,ALP>OTH>GRN>IND,0.2419541110152772,0.7580458889847229,OTH>GRN>IND>ON,0.25693953156295934,0.7430604684370407,OTH>GRN>IND>LNP,LNP,LNP-ON,0.04650971181765662,0.2419541110152772,Central model,False,0.0
South Barwon,Western Victoria,ALP,LNP,ALP,0.544242385247934,0.45575761475206594,0.044242385247934,LNP-ALP,IND>OTH>GRN>ON,0.45575761475206594,0.544242385247934,IND>OTH>GRN>ON,0.4835685331160296,0.5164314668839705,IND>OTH>GRN>LNP,LNP,LNP-ALP,0.044242385247934,0.45575761475206594,Central model,False,0.0
South-West Coast,Western Victoria,LNP,LNP,IND,0.6137410245243304,0.3862589754756696,0.11374102452433044,LNP-IND,OTH>GRN>ALP>ON,0.3384272955618427,0.6615727044381574,OTH>GRN>ON>IND,0.33555665962543185,0.6644433403745682,OTH>GRN>IND>LNP,LNP,LNP-IND,0.11374102452433044,0.3384272955618427,Central model,False,0.0
St Albans,Western Metro,ALP,ALP,ON,0.5376618658591823,0.46233813414081765,0.0376618658591823,ALP-ON,IND>GRN>OTH>LNP,0.537074308227758,0.46292569177224197,IND>GRN>OTH>ON,0.5376618658591823,0.46233813414081765,IND>GRN>OTH>LNP,ALP,ALP-ON,0.0376618658591823,0.537074308227758,Central model,False,0.0
Sunbury,Western Metro,ALP,ON,ALP,0.5804623857699446,0.41953761423005537,0.08046238576994458,ON-ALP,IND>OTH>GRN>LNP,0.43904949706850516,0.5609505029314948,IND>OTH>GRN>ON,0.41953761423005537,0.5804623857699446,IND>OTH>GRN>LNP,ON,ON-ALP,0.08046238576994458,0.43904949706850516,Central model,False,0.0
Sydenham,Western Metro,ALP,ON,ALP,0.5107112355090497,0.4892887644909503,0.010711235509049732,ON-ALP,IND>GRN>OTH>LNP,0.503161655084245,0.49683834491575496,IND>GRN>OTH>ON,0.4892887644909503,0.5107112355090497,IND>GRN>OTH>LNP,ON,ON-ALP,0.010711235509049732,0.503161655084245,Central model,False,0.0
Tarneit,Western Metro,ALP,ALP,ON,0.5267520786979368,0.47324792130206317,0.026752078697936832,ALP-ON,IND>OTH>GRN>LNP,0.5325214445132399,0.46747855548676004,IND>OTH>GRN>ON,0.5267520786979368,0.47324792130206317,IND>OTH>GRN>LNP,ALP,ALP-ON,0.026752078697936832,0.5325214445132399,Central model,False,0.0
Thomastown,Northern Metro,ALP,ALP,ON,0.5550011080148828,0.44499889198511716,0.05500110801488278,ALP-ON,IND>OTH>GRN>LNP,0.5867917184742931,0.413208281525707,IND>OTH>GRN>ON,0.5550011080148828,0.44499889198511716,IND>OTH>GRN>LNP,ALP,ALP-ON,0.05500110801488278,0.5867917184742931,Central model,False,0.0
Warrandyte,North-Eastern Metro,LNP,LNP,ALP,0.6369244026329121,0.3630755973670879,0.13692440263291206,LNP-ALP,IND>OTH>GRN>ON,0.3630755973670879,0.6369244026329121,IND>OTH>GRN>ON,0.4940914711309386,0.5059085288690613,IND>OTH>GRN>LNP,LNP,LNP-ALP,0.13692440263291206,0.3630755973670879,Central model,False,0.0
Wendouree,Western Victoria,ALP,ON,ALP,0.515692328266261,0.48430767173373906,0.01569232826626099,ON-ALP,IND>OTH>GRN>LNP,0.47739356273948613,0.5226064372605138,IND>OTH>GRN>ON,0.48430767173373906,0.515692328266261,IND>OTH>GRN>LNP,ON,ON-ALP,0.01569232826626099,0.47739356273948613,Central model,False,0.0
Werribee,Western Metro,ALP,ON,ALP,0.5566136679559475,0.4433863320440526,0.056613667955947466,ON-ALP,OTH>GRN>IND>LNP,0.4876823192407744,0.5123176807592257,OTH>GRN>IND>ON,0.4433863320440526,0.5566136679559475,OTH>GRN>IND>LNP,ON,ON-ALP,0.056613667955947466,0.4876823192407744,Central model,False,0.0
Williamstown,Western Metro,ALP,ALP,ON,0.5945701906977315,0.4054298093022685,0.09457019069773154,ALP-ON,IND>OTH>GRN>LNP,0.5642256906948101,0.43577430930518984,IND>OTH>GRN>ON,0.5945701906977315,0.4054298093022685,IND>OTH>GRN>LNP,ALP,ALP-ON,0.09457019069773154,0.5642256906948101,Central model,False,0.0
Yan Yean,Northern Victoria,ALP,ON,ALP,0.5589407296405631,0.4410592703594369,0.05894072964056307,ON-ALP,IND>GRN>OTH>LNP,0.45815170999124105,0.541848290008759,IND>GRN>OTH>ON,0.4410592703594369,0.5589407296405631,IND>GRN>OTH>LNP,ON,ON-ALP,0.05894072964056307,0.45815170999124105,Central model,False,0.0
Albert Park,Southern Metro,ALP,ALP,LNP,0.5520655332164125,0.44793446678358756,0.052065533216412496,ALP-LNP,OTH>IND>ON>GRN,0.5520655332164125,0.44793446678358756,OTH>IND>ON>GRN,0.6443458000545987,0.3556541999454012,OTH>IND>GRN>LNP,ALP,ALP-LNP,0.0514804434337367,0.5514804434337367,Sparse federal evidence off,False,0.058508978267579614
Ashwood,Southern Metro,ALP,LNP,ALP,0.5248806400062356,0.4751193599937645,0.024880640006235577,LNP-ALP,OTH>IND>ON>GRN,0.4751193599937645,0.5248806400062356,OTH>IND>ON>GRN,0.6030559973839097,0.3969440026160904,OTH>IND>GRN>LNP,LNP,LNP-ALP,0.02508264578421382,0.4749173542157862,Sparse federal evidence off,False,0.0202005777978298
Bass,Eastern Victoria,ALP,LNP,ON,0.5415884550979838,0.4584115449020162,0.04158845509798381,LNP-ON,IND>OTH>GRN>ALP,0.3542401750319385,0.6457598249680616,IND>OTH>GRN>ON,0.3544854422942374,0.6455145577057626,IND>OTH>GRN>LNP,LNP,LNP-ON,0.04141818723661994,0.3564136291868352,Sparse federal evidence off,False,-0.21734541548967257
Bayswater,North-Eastern Metro,ALP,LNP,ALP,0.5702798685260964,0.4297201314739036,0.07027986852609636,LNP-ALP,IND>OTH>GRN>ON,0.4297201314739036,0.5702798685260964,IND>OTH>GRN>ON,0.49815010323693276,0.5018498967630673,IND>OTH>GRN>LNP,LNP,LNP-ALP,0.07248159530229303,0.4275184046977069,Sparse federal evidence off,False,0.22017267761966774
Bellarine,Western Victoria,ALP,LNP,ALP,0.5194182903956721,0.48058170960432794,0.01941829039567211,LNP-ALP,OTH>IND>GRN>ON,0.48058170960432794,0.5194182903956721,OTH>IND>GRN>ON,0.5028099286355867,0.49719007136441323,OTH>IND>GRN>LNP,LNP,LNP-ALP,0.019462522864581167,0.48053747713541883,Sparse federal evidence off,False,0.0044232468909111144
Benambra,Northern Victoria,LNP,LNP,ON,0.506312200270484,0.4936877997295161,0.006312200270483959,LNP-ON,ALP>OTH>GRN>IND,0.24949575454166079,0.7505042454583392,OTH>GRN>IND>ON,0.22742925711573136,0.7725707428842686,OTH>GRN>IND>LNP,LNP,LNP-ON,0.006312200270483959,0.25014225985580724,Sparse federal evidence off,False,-0.06465053141464505
Bendigo East,Northern Victoria,ALP,LNP,ALP,0.5075316561124319,0.4924683438875682,0.007531656112431895,LNP-ALP,OTH>IND>GRN>ON,0.4924683438875682,0.5075316561124319,OTH>IND>GRN>ON,0.5218254543268745,0.47817454567312556,OTH>IND>GRN>LNP,LNP,LNP-ALP,0.007493920936272325,0.4925060790637276,Sparse federal evidence off,False,-0.0037735176159403583
Bendigo West,Northern Victoria,ALP,ALP,ON,0.5300664007551018,0.4699335992448982,0.030066400755101808,ALP-ON,IND>OTH>GRN>LNP,0.5326166705380916,0.4673833294619084,IND>OTH>GRN>ON,0.5300664007551018,0.4699335992448982,IND>OTH>GRN>LNP,ALP,ALP-ON,0.030132124125960558,0.5314300024829983,Sparse federal evidence off,False,0.11866680550932651
Bentleigh,Southern Metro,ALP,LNP,ALP,0.5005210276972212,0.4994789723027788,0.0005210276972211769,LNP-ALP,OTH>IND>GRN>ON,0.4994789723027788,0.5005210276972212,OTH>IND>GRN>ON,0.5884224095521358,0.41157759044786424,OTH>IND>GRN>LNP,LNP,LNP-ALP,0.0036829284366566295,0.49631707156334337,Sparse federal evidence off,False,0.31619007394354526
Berwick,South-Eastern Metro,LNP,LNP,ON,0.6028010791768096,0.39719892082319036,0.10280107917680958,LNP-ON,IND>OTH>GRN>ALP,0.33943802026443726,0.6605619797355627,IND>OTH>GRN>ON,0.37643372071175624,0.6235662792882437,IND>OTH>GRN>LNP,LNP,LNP-ON,0.10294788657243659,0.34131758477210217,Sparse federal evidence off,False,-0.18795645076649103
Box Hill,North-Eastern Metro,ALP,LNP,ALP,0.5129036114807263,0.48709638851927367,0.012903611480726274,LNP-ALP,IND>OTH>ON>GRN,0.48709638851927367,0.5129036114807263,IND>OTH>ON>GRN,0.6158124774538576,0.38418752254614236,IND>OTH>GRN>LNP,LNP,LNP-ALP,0.013091439845907327,0.4869085601540926,Sparse federal evidence off,False,0.018782836518105306
Brighton,Southern Metro,LNP,LNP,GRN,0.6091155867121948,0.3908844132878052,0.10911558671219479,LNP-GRN,OTH>IND>ON>ALP,0.38445036307725483,0.6155496369227452,OTH>IND>ON>GRN,0.5853495900517532,0.4146504099482468,OTH>IND>GRN>LNP,LNP,LNP-GRN,0.10911558671219479,0.38400455859206134,Sparse federal evidence off,False,0.04458044851934906
Broadmeadows,Northern Metro,ALP,ALP,ON,0.545357488751801,0.45464251124819893,0.04535748875180101,ALP-ON,IND>GRN>OTH>LNP,0.5849918465458706,0.4150081534541295,IND>GRN>OTH>ON,0.545357488751801,0.45464251124819893,IND>GRN>OTH>LNP,ALP,ALP-ON,0.045334347877091896,0.5829952981501101,Sparse federal evidence off,False,0.19965483957604668
Brunswick,Northern Metro,GRN,GRN,ALP,0.6574256610159002,0.3425743389840999,0.15742566101590016,GRN-ALP,IND>LNP>OTH>ON,0.7683735883674507,0.23162641163254932,IND>OTH>ON>GRN,0.743678391418553,0.25632160858144704,IND>LNP>OTH>GRN,GRN,GRN-ALP,0.15742566101590016,0.7678455724816395,Sparse federal evidence off,False,0.052801588581119496
Bulleen,North-Eastern Metro,LNP,LNP,ALP,0.6424271762632474,0.3575728237367526,0.1424271762632474,LNP-ALP,IND>OTH>GRN>ON,0.3575728237367526,0.6424271762632474,IND>OTH>GRN>ON,0.5367950685844757,0.4632049314155244,IND>OTH>GRN>LNP,LNP,LNP-ALP,0.14383665564572257,0.3561633443542775,Sparse federal evidence off,False,0.14094793824750984
Bundoora,North-Eastern Metro,ALP,ALP,ON,0.5667861781579098,0.43321382184209023,0.06678617815790977,ALP-ON,IND>OTH>GRN>LNP,0.5356881677284479,0.4643118322715521,IND>OTH>GRN>ON,0.5667861781579098,0.43321382184209023,IND>OTH>GRN>LNP,ALP,ALP-ON,0.06650105638857207,0.5330571483415659,Sparse federal evidence off,False,0.26310193868819276
Carrum,South-Eastern Metro,ALP,ON,ALP,0.5394146616561734,0.46058533834382664,0.039414661656173355,ON-ALP,IND>OTH>GRN>LNP,0.4652636210050057,0.5347363789949943,IND>OTH>GRN>ON,0.46058533834382664,0.5394146616561734,IND>OTH>GRN>LNP,ON,ON-ALP,0.03782775260646998,0.467084037757774,Sparse federal evidence off,False,-0.1820416752768339
Caulfield,Southern Metro,LNP,LNP,GRN,0.5997182182730068,0.40028178172699336,0.09971821827300675,LNP-GRN,OTH>IND>ON>ALP,0.40809519946990985,0.5919048005300902,OTH>IND>ON>GRN,0.5950547016652554,0.4049452983347445,OTH>IND>GRN>LNP,LNP,LNP-GRN,0.09971821827300675,0.40759457040167296,Sparse federal evidence off,False,0.05006290682368908
Clarinda,South-Eastern Metro,ALP,ALP,ON,0.567609269224259,0.4323907307757409,0.06760926922425903,ALP-ON,OTH>IND>GRN>LNP,0.5311375987242523,0.46886240127574774,OTH>IND>GRN>ON,0.567609269224259,0.4323907307757409,OTH>IND>GRN>LNP,ALP,ALP-LNP,0.027470997094094507,0.5274709970940945,Sparse federal evidence off,False,0.3666601630157751
Cranbourne,South-Eastern Metro,ALP,ON,ALP,0.5341989792337184,0.46580102076628155,0.034198979233718396,ON-ALP,IND>GRN>OTH>LNP,0.4914842671256506,0.5085157328743495,IND>GRN>OTH>ON,0.46580102076628155,0.5341989792337184,IND>GRN>OTH>LNP,ON,ON-ALP,0.03441111732370983,0.4885317133977712,Sparse federal evidence off,False,0.29525537278793923
Croydon,North-Eastern Metro,LNP,LNP,ALP,0.6058539258559413,0.3941460741440587,0.10585392585594133,LNP-ALP,IND>OTH>GRN>ON,0.3941460741440587,0.6058539258559413,IND>OTH>GRN>ON,0.4800749293840754,0.5199250706159245,IND>OTH>GRN>LNP,LNP,LNP-ALP,0.10839349330502757,0.3916065066949724,Sparse federal evidence off,False,0.2539567449086344
Dandenong,South-Eastern Metro,ALP,ALP,ON,0.5779092380463314,0.4220907619536685,0.07790923804633143,ALP-ON,IND>OTH>GRN>LNP,0.6058109091703707,0.39418909082962933,IND>OTH>GRN>ON,0.5779092380463314,0.4220907619536685,IND>OTH>GRN>LNP,ALP,ALP-ON,0.07690658365561631,0.6017667425657133,Sparse federal evidence off,False,0.4044166604657451
Eildon,Northern Victoria,LNP,LNP,ON,0.5851840619059547,0.4148159380940453,0.08518406190595473,LNP-ON,IND>OTH>GRN>ALP,0.3241003989217032,0.6758996010782968,IND>OTH>GRN>ON,0.3460194434095832,0.6539805565904168,IND>OTH>GRN>LNP,LNP,LNP-ON,0.08552037264263435,0.3249047940210597,Sparse federal evidence off,False,-0.08043950993564808
Eltham,North-Eastern Metro,ALP,ALP,LNP,0.504377753487673,0.49562224651232706,0.004377753487672997,ALP-LNP,OTH>IND>GRN>ON,0.504377753487673,0.49562224651232706,OTH>IND>GRN>ON,0.5586996192602032,0.44130038073979694,OTH>IND>GRN>LNP,ALP,ALP-LNP,0.00016051050122556365,0.5001605105012256,Sparse federal evidence off,False,0.42172429864474337
Essendon,Northern Metro,ALP,ALP,ON,0.5446519714155816,0.4553480285844183,0.04465197141558164,ALP-ON,IND>OTH>GRN>LNP,0.5146129528553834,0.48538704714461656,IND>OTH>GRN>ON,0.5446519714155816,0.4553480285844183,IND>OTH>GRN>LNP,ALP,ALP-ON,0.04345095233597218,0.5103546048923077,Sparse federal evidence off,False,0.42583479630757815
Eureka,Western Victoria,ALP,ON,ALP,0.5933864686592563,0.4066135313407437,0.09338646865925626,ON-ALP,IND>OTH>GRN>LNP,0.4360591691160629,0.5639408308839371,IND>OTH>GRN>ON,0.4066135313407437,0.5933864686592563,IND>OTH>GRN>LNP,ON,ON-ALP,0.09335043035271195,0.43726939556170064,Sparse federal evidence off,False,-0.12102264456377299
Euroa,Northern Victoria,LNP,LNP,ON,0.5723389457826871,0.4276610542173129,0.07233894578268707,LNP-ON,IND>OTH>GRN>ALP,0.2844530999663273,0.7155469000336727,IND>OTH>GRN>ON,0.31099945291983344,0.6890005470801666,IND>OTH>GRN>LNP,LNP,LNP-ON,0.07266040948626196,0.28516991996768976,Sparse federal evidence off,False,-0.07168200013624726
Evelyn,Eastern Victoria,LNP,LNP,ALP,0.6652872222785399,0.3347127777214601,0.16528722227853987,LNP-ALP,IND>OTH>GRN>ON,0.3347127777214601,0.6652872222785399,IND>OTH>GRN>ON,0.3824042352338277,0.6175957647661723,IND>OTH>GRN>LNP,LNP,LNP-ALP,0.16459140363995028,0.33540859636004966,Sparse federal evidence off,False,-0.06958186385895848
Footscray,Western Metro,ALP,ALP,GRN,0.5321501380045935,0.4678498619954064,0.03215013800459354,ALP-GRN,IND>OTH>LNP>ON,0.6767973523386502,0.3232026476613498,IND>OTH>ON>GRN,0.7205501977545501,0.27944980224544985,IND>OTH>LNP>GRN,ALP,ALP-GRN,0.03215013800459354,0.6761389582170139,Sparse federal evidence off,False,0.06583941216363742
Frankston,South-Eastern Metro,ALP,ON,ALP,0.507152628096639,0.49284737190336103,0.007152628096638969,ON-ALP,IND>OTH>GRN>LNP,0.4910392214594666,0.5089607785405333,IND>OTH>GRN>ON,0.49284737190336103,0.507152628096639,IND>OTH>GRN>LNP,ON,ON-ALP,0.007894300504420082,0.4875807393849895,Sparse federal evidence off,False,0.3458482074477076
Geelong,Western Victoria,ALP,ON,ALP,0.5323325419407202,0.4676674580592798,0.032332541940720216,ON-ALP,OTH>IND>GRN>LNP,0.4915716106222688,0.5084283893777312,OTH>IND>GRN>ON,0.4676674580592798,0.5323325419407202,OTH>IND>GRN>LNP,ON,ON-ALP,0.03202301215881842,0.49078396549619635,Sparse federal evidence off,False,0.07876451260724338
Gippsland East,Eastern Victoria,LNP,LNP,ON,0.5789880110634961,0.421011988936504,0.07898801106349607,LNP-ON,IND>OTH>ALP>GRN,0.18014084791835144,0.8198591520816486,IND>OTH>GRN>ON,0.21136573113419588,0.7886342688658041,IND>OTH>GRN>LNP,LNP,LNP-ON,0.07898801106349607,0.18081029226216866,Sparse federal evidence off,False,-0.0669444343817216
Gippsland South,Eastern Victoria,LNP,LNP,ON,0.5685788220473437,0.4314211779526564,0.06857882204734367,LNP-ON,OTH>IND>GRN>ALP,0.23945559534189487,0.7605444046581052,OTH>IND>GRN>ON,0.26389337585811085,0.7361066241418891,OTH>IND>GRN>LNP,LNP,LNP-ON,0.0687312488022912,0.24086941047336247,Sparse federal evidence off,False,-0.14138151314675995
Glen Waverley,North-Eastern Metro,ALP,LNP,ALP,0.5511833424681095,0.44881665753189054,0.051183342468109516,LNP-ALP,IND>OTH>GRN>ON,0.44881665753189054,0.5511833424681095,IND>OTH>GRN>ON,0.5877664690303354,0.4122335309696646,IND>OTH>GRN>LNP,LNP,LNP-ALP,0.053773596868354034,0.446226403131646,Sparse federal evidence off,False,0.2590254400244518
Greenvale,Northern Metro,ALP,ALP,ON,0.5465530590361957,0.45344694096380445,0.046553059036195665,ALP-ON,IND>GRN>OTH>LNP,0.5494534660486015,0.45054653395139865,IND>GRN>OTH>ON,0.5465530590361957,0.45344694096380445,IND>GRN>OTH>LNP,ALP,ALP-ON,0.046133766369603535,0.5470222596033112,Sparse federal evidence off,False,0.24312064452902682
Hastings,Eastern Victoria,ALP,LNP,ON,0.5493862125607599,0.4506137874392401,0.04938621256075992,LNP-ON,IND>OTH>GRN>ALP,0.38997965566343873,0.6100203443365614,IND>OTH>GRN>ON,0.3926627641415979,0.6073372358584022,IND>OTH>GRN>LNP,LNP,LNP-ON,0.049746062100094024,0.39069803706458317,Sparse federal evidence off,False,-0.07183814011444412
Hawthorn,Southern Metro,LNP,LNP,GRN,0.6451609576510031,0.354839042348997,0.14516095765100312,LNP-GRN,OTH>ON>ALP>IND,0.4279859729388317,0.5720140270611682,OTH>ON>IND>GRN,0.6323525265699501,0.3676474734300499,OTH>IND>GRN>LNP,LNP,LNP-GRN,0.14516095765100312,0.4276945350736908,Sparse federal evidence off,False,0.029143786514090886
Ivanhoe,North-Eastern Metro,ALP,ALP,LNP,0.5424063360088981,0.45759366399110185,0.04240633600889809,ALP-LNP,OTH>IND>ON>GRN,0.5424063360088981,0.45759366399110185,OTH>IND>ON>GRN,0.6153044443794066,0.3846955556205935,OTH>IND>GRN>LNP,ALP,ALP-LNP,0.042151751531687376,0.5421517515316874,Sparse federal evidence off,False,0.025458447721071753
Kalkallo,Northern Metro,ALP,ALP,ON,0.5345847292388375,0.4654152707611626,0.034584729238837486,ALP-ON,IND>GRN>OTH>LNP,0.5597363621916166,0.4402636378083835,IND>GRN>OTH>ON,0.5345847292388375,0.4654152707611626,IND>GRN>OTH>LNP,ALP,ALP-ON,0.03452307360609819,0.5598048968887227,Sparse federal evidence off,False,-0.006853469710610405
Kew,Southern Metro,LNP,LNP,IND,0.6298350953598343,0.3701649046401657,0.12983509535983428,LNP-IND,OTH>ON>GRN>ALP,0.4062034290761604,0.5937965709238396,OTH>ON>GRN>IND,0.6199517413032262,0.3800482586967738,OTH>GRN>IND>LNP,LNP,LNP-IND,0.12983509535983428,0.4058426869975182,Sparse federal evidence off,False,0.036074207864222885
Kororoit,Western Metro,ALP,ALP,ON,0.5370365987442082,0.4629634012557918,0.03703659874420817,ALP-ON,IND>GRN>OTH>LNP,0.5799447309733704,0.42005526902662965,IND>GRN>OTH>ON,0.5370365987442082,0.4629634012557918,IND>GRN>OTH>LNP,ALP,ALP-ON,0.03667568042941627,0.5772479987987813,Sparse federal evidence off,False,0.26967321745891004
Lara,Western Victoria,ALP,ON,ALP,0.5540339754313918,0.4459660245686083,0.05403397543139177,ON-ALP,IND>OTH>GRN>LNP,0.5021144853442305,0.49788551465576947,IND>OTH>GRN>ON,0.4459660245686083,0.5540339754313918,IND>OTH>GRN>LNP,ON,ON-ALP,0.05265383782890942,0.5035367450131508,Sparse federal evidence off,False,-0.14222596689202893
Laverton,Western Metro,ALP,ALP,ON,0.5658026251121319,0.43419737488786814,0.06580262511213186,ALP-ON,IND>OTH>GRN>LNP,0.5766727925614819,0.4233272074385182,IND>OTH>GRN>ON,0.5658026251121319,0.43419737488786814,IND>OTH>GRN>LNP,ALP,ALP-ON,0.06500049098880967,0.5732249387379217,Sparse federal evidence off,False,0.3447853823560165
Lowan,Western Victoria,LNP,LNP,ON,0.6108716350211831,0.389128364978817,0.11087163502118313,LNP-ON,IND>OTH>ALP>GRN,0.19562055750429297,0.8043794424957071,IND>OTH>GRN>ON,0.2350728365948363,0.7649271634051638,IND>OTH>GRN>LNP,LNP,LNP-ON,0.11087163502118313,0.196298640597478,Sparse federal evidence off,False,-0.0678083093185039
Macedon,Northern Victoria,ALP,ON,ALP,0.5420143249146498,0.4579856750853502,0.04201432491464985,ON-ALP,OTH>IND>GRN>LNP,0.4705432764741067,0.5294567235258933,OTH>IND>GRN>ON,0.4579856750853502,0.5420143249146498,OTH>IND>GRN>LNP,ON,ON-ALP,0.043051314427521636,0.47013668339363907,Sparse federal evidence off,False,0.04065930804676432
Malvern,Southern Metro,LNP,LNP,GRN,0.654830411279133,0.34516958872086706,0.154830411279133,LNP-GRN,IND>OTH>ON>ALP,0.3496880423675233,0.6503119576324767,IND>OTH>ON>GRN,0.5911659261736794,0.4088340738263207,IND>OTH>GRN>LNP,LNP,LNP-GRN,0.154830411279133,0.3492923647811958,Sparse federal evidence off,False,0.039567758632752525
Melbourne,Northern Metro,GRN,GRN,ALP,0.6295972111492998,0.37040278885070027,0.12959721114929978,GRN-ALP,IND>OTH>LNP>ON,0.6936468062177452,0.30635319378225473,IND>OTH>ON>GRN,0.7403418437746404,0.2596581562253597,IND>OTH>LNP>GRN,GRN,GRN-ALP,0.12959721114929978,0.6930828544888147,Sparse federal evidence off,False,0.0563951728930534
Melton,Western Victoria,ALP,ON,ALP,0.5817979031260031,0.41820209687399695,0.0817979031260031,ON-ALP,GRN>OTH>LNP>IND,0.4047591602540283,0.5952408397459718,GRN>OTH>IND>ON,0.41820209687399695,0.5817979031260031,GRN>OTH>LNP>IND,ON,ON-ALP,0.0817979031260031,0.40504191733514977,Sparse federal evidence off,False,-0.028275708112146525
Mildura,Northern Victoria,LNP,ON,IND,0.5243486550301008,0.4756513449698993,0.024348655030100752,ON-IND,OTH>ALP>GRN>LNP,0.25040706268640944,0.7495929373135906,OTH>GRN>ON>IND,0.3178295168411665,0.6821704831588334,OTH>GRN>LNP>IND,ON,ON-IND,0.024348655030100752,0.25060242952196354,Sparse federal evidence off,False,-0.01953668355541005
Mill Park,North-Eastern Metro,ALP,ALP,ON,0.5220507574127068,0.4779492425872933,0.02205075741270679,ALP-ON,IND>OTH>GRN>LNP,0.5469763273298467,0.45302367267015337,IND>OTH>GRN>ON,0.5220507574127068,0.4779492425872933,IND>OTH>GRN>LNP,ALP,ALP-ON,0.021162102709912367,0.5429491291569318,Sparse federal evidence off,False,0.40271981729148587
Monbulk,Eastern Victoria,ALP,LNP,ALP,0.5500914769760231,0.4499085230239768,0.05009147697602312,LNP-ALP,OTH>IND>GRN>ON,0.4499085230239768,0.5500914769760231,OTH>IND>GRN>ON,0.44054705402512134,0.5594529459748786,OTH>IND>GRN>LNP,LNP,LNP-ALP,0.05018163683738386,0.4498183631626162,Sparse federal evidence off,False,0.009015986136062804
Mordialloc,South-Eastern Metro,ALP,LNP,ALP,0.5024533264394458,0.4975466735605542,0.0024533264394458465,LNP-ALP,OTH>IND>GRN>ON,0.4975466735605542,0.5024533264394458,OTH>IND>GRN>ON,0.5556587226835772,0.44434127731642276,OTH>IND>GRN>LNP,LNP,LNP-ALP,0.0052321221496481884,0.49476787785035176,Sparse federal evidence off,False,0.2778795710202453
Mornington,Eastern Victoria,LNP,LNP,IND,0.6410737928842648,0.35892620711573514,0.1410737928842648,LNP-IND,OTH>GRN>ALP>ON,0.30702405063433613,0.6929759493656639,OTH>GRN>IND>ON,0.3402045943271201,0.6597954056728799,OTH>GRN>IND>LNP,LNP,LNP-IND,0.1410737928842648,0.3065488304248025,Sparse federal evidence off,False,0.04752202095336111
Morwell,Eastern Victoria,LNP,ON,LNP,0.542243066478637,0.45775693352136304,0.04224306647863696,ON-LNP,GRN>OTH>IND>ALP,0.34815019238332773,0.6518498076166723,GRN>OTH>IND>ON,0.3158455301739283,0.6841544698260718,GRN>OTH>IND>LNP,ON,ON-LNP,0.042190970528307115,0.3484608165998567,Sparse federal evidence off,False,-0.031062421652899852
Mulgrave,South-Eastern Metro,ALP,ALP,ON,0.5953740474033731,0.4046259525966269,0.09537404740337307,ALP-ON,OTH>GRN>IND>LNP,0.5983509415918521,0.4016490584081479,OTH>GRN>IND>ON,0.5953740474033731,0.4046259525966269,OTH>GRN>IND>LNP,ALP,ALP-ON,0.09528242883446991,0.596252604978061,Sparse federal evidence off,False,0.20983366137911075
Murray Plains,Northern Victoria,LNP,LNP,ON,0.5778459050178799,0.42215409498212014,0.07784590501787991,LNP-ON,IND>ALP>OTH>GRN,0.16368176054742567,0.8363182394525743,IND>GRN>OTH>ON,0.19393164339773541,0.8060683566022645,IND>GRN>OTH>LNP,LNP,LNP-ON,0.07784590501787991,0.1651270462838107,Sparse federal evidence off,False,-0.1445285736385027
Narracan,Eastern Victoria,LNP,LNP,ON,0.6018607605269275,0.39813923947307256,0.1018607605269275,LNP-ON,OTH>IND>ALP>GRN,0.3511637665443864,0.6488362334556136,OTH>IND>GRN>ON,0.36922190280707406,0.630778097192926,OTH>IND>GRN>LNP,LNP,LNP-ON,0.1018607605269275,0.34906264247124946,Sparse federal evidence off,False,0.21011240731369507
Narre Warren North,South-Eastern Metro,ALP,ON,ALP,0.5097576812402018,0.4902423187597981,0.009757681240201821,ON-ALP,IND>OTH>GRN>LNP,0.5065699986951163,0.4934300013048837,IND>OTH>GRN>ON,0.4902423187597981,0.5097576812402018,IND>OTH>GRN>LNP,ON,ON-ALP,0.010497560135298012,0.5026677670760976,Sparse federal evidence off,False,0.39022316190187034
Narre Warren South,South-Eastern Metro,ALP,ON,ALP,0.5011205451934188,0.4988794548065813,0.0011205451934187538,ON-ALP,IND>OTH>GRN>LNP,0.5061649205103074,0.4938350794896926,IND>OTH>GRN>ON,0.4988794548065813,0.5011205451934188,IND>OTH>GRN>LNP,ON,ON-ALP,0.001953167930933919,0.5021650679194825,Sparse federal evidence off,False,0.3999852590824915
Nepean,Eastern Victoria,LNP,LNP,ON,0.6273074935714611,0.37269250642853885,0.1273074935714611,LNP-ON,OTH>IND>GRN>ALP,0.3268573325497449,0.6731426674502551,OTH>IND>GRN>ON,0.37246322575502266,0.6275367742449773,OTH>IND>GRN>LNP,LNP,LNP-ON,0.12796975782265807,0.32722822575464605,Sparse federal evidence off,False,-0.037089320490113487
Niddrie,Western Metro,ALP,ON,ALP,0.500130289913921,0.499869710086079,0.00013028991392094458,ON-ALP,IND>OTH>GRN>LNP,0.468124255021615,0.531875744978385,IND>OTH>GRN>ON,0.499869710086079,0.500130289913921,IND>OTH>GRN>LNP,ON,ON-ALP,0.0001758746325596361,0.465586711813811,Sparse federal evidence off,False,0.25375432078039717
Northcote,Northern Metro,ALP,GRN,ALP,0.5370931725447301,0.46290682745526984,0.0370931725447301,GRN-ALP,IND>OTH>LNP>ON,0.7306416126552814,0.26935838734471856,IND>OTH>ON>GRN,0.7091797226366438,0.2908202773633563,IND>OTH>LNP>GRN,GRN,GRN-ALP,0.0370931725447301,0.729943201885343,Sparse federal evidence off,False,0.06984107699383735
Oakleigh,Southern Metro,ALP,ALP,LNP,0.5492969005318926,0.45070309946810744,0.04929690053189262,ALP-LNP,OTH>IND>GRN>ON,0.5492969005318926,0.45070309946810744,OTH>IND>GRN>ON,0.5942430748773557,0.40575692512264433,OTH>IND>GRN>LNP,ALP,ALP-LNP,0.04467836459303831,0.5446783645930383,Sparse federal evidence off,False,0.4618535938854307
Ovens Valley,Northern Victoria,LNP,LNP,ON,0.5817252411158498,0.41827475888415017,0.08172524111584978,LNP-ON,IND>ALP>OTH>GRN,0.23787553550499627,0.7621244644950037,IND>OTH>GRN>ON,0.25250773908421054,0.7474922609157895,IND>OTH>GRN>LNP,LNP,LNP-ON,0.08172524111584978,0.23938740688134305,Sparse federal evidence off,False,-0.1511871376346785
Pakenham,Eastern Victoria,ALP,LNP,ON,0.5100753336595121,0.4899246663404879,0.010075333659512076,LNP-ON,IND>OTH>GRN>ALP,0.3840057951600096,0.6159942048399903,IND>OTH>GRN>ON,0.36300040712936554,0.6369995928706345,IND>OTH>GRN>LNP,LNP,LNP-ON,0.010831837988326098,0.3835567488442664,Sparse federal evidence off,False,0.044904631574321785
Pascoe Vale,Northern Metro,ALP,ALP,GRN,0.5157975094253062,0.4842024905746937,0.015797509425306222,ALP-GRN,OTH>IND>LNP>ON,0.6137640326509771,0.38623596734902294,OTH>IND>ON>GRN,0.6481981677040993,0.3518018322959006,OTH>IND>LNP>GRN,ALP,ALP-GRN,0.015797509425306222,0.6134692903098298,Sparse federal evidence off,False,0.02947423411473471
Point Cook,Western Metro,ALP,ON,ALP,0.517261804208379,0.4827381957916211,0.017261804208378972,ON-ALP,OTH>GRN>IND>LNP,0.5126042415592991,0.487395758440701,OTH>GRN>IND>ON,0.4827381957916211,0.517261804208379,OTH>GRN>IND>LNP,ON,ON-ALP,0.01712351466450146,0.5105676306263236,Sparse federal evidence off,False,0.2036610932975469
Polwarth,Western Victoria,LNP,LNP,ON,0.6533951179400923,0.34660488205990764,0.1533951179400923,LNP-ON,IND>OTH>ALP>GRN,0.36906033628847884,0.6309396637115211,IND>OTH>GRN>ON,0.39853880401586206,0.6014611959841379,IND>OTH>GRN>LNP,LNP,LNP-ON,0.1533951179400923,0.36813938578719646,Sparse federal evidence off,False,0.09209505012823804
Prahran,Southern Metro,GRN,GRN,LNP,0.5553820221324355,0.44461797786756446,0.05538202213243548,GRN-LNP,IND>OTH>ALP>ON,0.5627549482342568,0.43724505176574324,IND>OTH>ON>GRN,0.6679379344691065,0.3320620655308934,IND>OTH>LNP>GRN,GRN,GRN-LNP,0.05538202213243548,0.5622306111100892,Sparse federal evidence off,False,0.052433712416755096
Preston,Northern Metro,ALP,ALP,ON,0.5958382409125932,0.40416175908740687,0.09583824091259319,ALP-ON,OTH>IND>LNP>GRN,0.5989880509663874,0.40101194903361265,OTH>IND>GRN>ON,0.5958382409125932,0.40416175908740687,OTH>IND>LNP>GRN,ALP,ALP-ON,0.09583824091259319,0.5925007963571941,Sparse federal evidence off,False,0.6487254609193305
Richmond,Northern Metro,GRN,GRN,ALP,0.5936816873677317,0.40631831263226836,0.09368168736773175,GRN-ALP,IND>OTH>LNP>ON,0.7296696243167204,0.27033037568327956,IND>OTH>ON>GRN,0.7539893241765849,0.24601067582341493,IND>OTH>LNP>GRN,GRN,GRN-ALP,0.09368168736773175,0.7291448635762262,Sparse federal evidence off,False,0.05247607404942345
Ringwood,North-Eastern Metro,ALP,LNP,ALP,0.51879759783171,0.48120240216829013,0.018797597831709978,LNP-ALP,IND>OTH>ON>GRN,0.48120240216829013,0.51879759783171,IND>OTH>ON>GRN,0.5613641904138528,0.43863580958614723,IND>OTH>GRN>LNP,LNP,LNP-ALP,0.0190159437425228,0.48098405625747725,Sparse federal evidence off,False,0.021834591081287824
Ripon,Western Victoria,ALP,ON,ALP,0.6237017261059687,0.3762982738940312,0.12370172610596875,ON-ALP,IND>GRN>OTH>LNP,0.40578767620181466,0.5942123237981853,IND>GRN>OTH>ON,0.3762982738940312,0.6237017261059687,IND>GRN>OTH>LNP,ON,ON-ALP,0.12383376164076232,0.4069761843514621,Sparse federal evidence off,False,-0.11885081496474381
Rowville,South-Eastern Metro,LNP,LNP,ALP,0.6089138348342581,0.39108616516574196,0.1089138348342581,LNP-ALP,OTH>IND>GRN>ON,0.39108616516574196,0.6089138348342581,OTH>IND>GRN>ON,0.48819989564549904,0.511800104354501,OTH>IND>GRN>LNP,LNP,LNP-ALP,0.11229960967821606,0.387700390321784,Sparse federal evidence off,False,0.3385774843957967
Sandringham,Southern Metro,LNP,LNP,GRN,0.6459278181117784,0.3540721818882216,0.14592781811177835,LNP-GRN,OTH>IND>ALP>ON,0.3671826233868837,0.6328173766131163,OTH>IND>GRN>ON,0.5159062099194563,0.48409379008054365,OTH>IND>GRN>LNP,LNP,LNP-GRN,0.14592781811177835,0.364047523061292,Sparse federal evidence off,False,0.31351003255916665
Shepparton,Northern Victoria,LNP,LNP,ON,0.5465097118176566,0.45349028818234344,0.04650971181765662,LNP-ON,ALP>OTH>GRN>IND,0.2416984414521426,0.7583015585478574,OTH>GRN>IND>ON,0.256910745849598,0.7430892541504021,OTH>GRN>IND>LNP,LNP,LNP-ON,0.04650971181765662,0.2419541110152772,Sparse federal evidence off,False,-0.025566956313460842
South Barwon,Western Victoria,ALP,LNP,ALP,0.543830059356464,0.45616994064353594,0.043830059356464,LNP-ALP,IND>OTH>GRN>ON,0.45616994064353594,0.543830059356464,IND>OTH>GRN>ON,0.4830444799207713,0.5169555200792286,IND>OTH>GRN>LNP,LNP,LNP-ALP,0.044242385247934,0.45575761475206594,Sparse federal evidence off,False,0.04123258914700001
South-West Coast,Western Victoria,LNP,LNP,IND,0.6137410245243304,0.3862589754756696,0.11374102452433044,LNP-IND,OTH>GRN>ALP>ON,0.33830083642858416,0.6616991635714159,OTH>GRN>ON>IND,0.33603403061520376,0.6639659693847962,OTH>GRN>IND>LNP,LNP,LNP-IND,0.11374102452433044,0.3384272955618427,Sparse federal evidence off,False,-0.012645913325853853
St Albans,Western Metro,ALP,ALP,ON,0.5376661332978698,0.4623338667021302,0.03766613329786983,ALP-ON,IND>GRN>OTH>LNP,0.53914612904661,0.46085387095339,IND>GRN>OTH>ON,0.5376661332978698,0.4623338667021302,IND>GRN>OTH>LNP,ALP,ALP-ON,0.0376618658591823,0.537074308227758,Sparse federal evidence off,False,0.20718208188519327
Sunbury,Western Metro,ALP,ON,ALP,0.5812583628218052,0.41874163717819474,0.08125836282180521,ON-ALP,IND>OTH>GRN>LNP,0.4382571084253832,0.5617428915746168,IND>OTH>GRN>ON,0.41874163717819474,0.5812583628218052,IND>OTH>GRN>LNP,ON,ON-ALP,0.08046238576994458,0.43904949706850516,Sparse federal evidence off,False,-0.07923886431219773
Sydenham,Western Metro,ALP,ON,ALP,0.5105555572106854,0.4894444427893146,0.010555557210685351,ON-ALP,IND>GRN>OTH>LNP,0.5057707564015179,0.49422924359848214,IND>GRN>OTH>ON,0.4894444427893146,0.5105555572106854,IND>GRN>OTH>LNP,ON,ON-ALP,0.010711235509049732,0.503161655084245,Sparse federal evidence off,False,0.2609101317272877
Tarneit,Western Metro,ALP,ALP,ON,0.5268583561916285,0.4731416438083715,0.026858356191628463,ALP-ON,IND>OTH>GRN>LNP,0.5348438566426583,0.4651561433573416,IND>OTH>GRN>ON,0.5268583561916285,0.4731416438083715,IND>OTH>GRN>LNP,ALP,ALP-ON,0.026752078697936832,0.5325214445132399,Sparse federal evidence off,False,0.23224121294184163
Thomastown,Northern Metro,ALP,ALP,ON,0.5560277878888847,0.4439722121111152,0.05602778788888474,ALP-ON,IND>OTH>GRN>LNP,0.5909665473686212,0.40903345263137886,IND>OTH>GRN>ON,0.5560277878888847,0.4439722121111152,IND>OTH>GRN>LNP,ALP,ALP-ON,0.05500110801488278,0.5867917184742931,Sparse federal evidence off,False,0.41748288943280754
Warrandyte,North-Eastern Metro,LNP,LNP,ALP,0.6341700788664397,0.36582992113356033,0.13417007886643972,LNP-ALP,IND>OTH>GRN>ON,0.36582992113356033,0.6341700788664397,IND>OTH>GRN>ON,0.49490201785810334,0.5050979821418967,IND>OTH>GRN>LNP,LNP,LNP-ALP,0.13692440263291206,0.3630755973670879,Sparse federal evidence off,False,0.2754323766472444
Wendouree,Western Victoria,ALP,ON,ALP,0.5162631559016012,0.48373684409839884,0.01626315590160121,ON-ALP,IND>OTH>GRN>LNP,0.47746535502966886,0.5225346449703312,IND>OTH>GRN>ON,0.48373684409839884,0.5162631559016012,IND>OTH>GRN>LNP,ON,ON-ALP,0.01569232826626099,0.47739356273948613,Sparse federal evidence off,False,0.007179229018272615
Werribee,Western Metro,ALP,ON,ALP,0.5567592695024066,0.4432407304975934,0.05675926950240662,ON-ALP,OTH>GRN>IND>LNP,0.4871898232237249,0.5128101767762752,OTH>GRN>IND>ON,0.4432407304975934,0.5567592695024066,OTH>GRN>IND>LNP,ON,ON-ALP,0.056613667955947466,0.4876823192407744,Sparse federal evidence off,False,-0.04924960170494819
Williamstown,Western Metro,ALP,ALP,ON,0.5980508617266322,0.4019491382733678,0.09805086172663224,ALP-ON,IND>OTH>GRN>LNP,0.5719154379081942,0.42808456209180573,IND>OTH>GRN>ON,0.5980508617266322,0.4019491382733678,IND>OTH>GRN>LNP,ALP,ALP-ON,0.09457019069773154,0.5642256906948101,Sparse federal evidence off,False,0.7689747213384113
Yan Yean,Northern Victoria,ALP,ON,ALP,0.5588756855270788,0.4411243144729212,0.05887568552707878,ON-ALP,IND>GRN>OTH>LNP,0.4580356849412878,0.5419643150587121,IND>GRN>OTH>ON,0.4411243144729212,0.5588756855270788,IND>GRN>OTH>LNP,ON,ON-ALP,0.05894072964056307,0.45815170999124105,Sparse federal evidence off,False,-0.011602504995322782
Albert Park,Southern Metro,ALP,ALP,LNP,0.5604367376063286,0.43956326239367144,0.06043673760632862,ALP-LNP,OTH>IND>ON>GRN,0.5604367376063286,0.43956326239367144,OTH>IND>ON>GRN,0.6411617079464285,0.3588382920535716,OTH>IND>GRN>LNP,ALP,ALP-LNP,0.0514804434337367,0.5514804434337367,Generic fallback pass-through,False,0.8956294172591917
Ashwood,Southern Metro,ALP,LNP,ALP,0.5200292288696002,0.47997077113039976,0.020029228869600235,LNP-ALP,OTH>IND>ON>GRN,0.47997077113039976,0.5200292288696002,OTH>IND>ON>GRN,0.6016122609902366,0.39838773900976354,OTH>IND>GRN>LNP,LNP,LNP-ALP,0.02508264578421382,0.4749173542157862,Generic fallback pass-through,False,0.5053416914613584
Bass,Eastern Victoria,ALP,LNP,ON,0.5412455047093899,0.4587544952906101,0.041245504709389924,LNP-ON,IND>OTH>GRN>ALP,0.3876423129112573,0.6123576870887428,IND>OTH>GRN>ON,0.356065863126959,0.643934136873041,IND>OTH>GRN>LNP,LNP,LNP-ON,0.04141818723661994,0.3564136291868352,Generic fallback pass-through,False,3.1228683724422055
Bayswater,North-Eastern Metro,ALP,LNP,ALP,0.5492063643377838,0.4507936356622163,0.0492063643377838,LNP-ALP,IND>OTH>GRN>ON,0.4507936356622163,0.5492063643377838,IND>OTH>GRN>ON,0.4983389626406828,0.5016610373593173,IND>OTH>GRN>LNP,LNP,LNP-ALP,0.07248159530229303,0.4275184046977069,Generic fallback pass-through,False,2.32752309645094
Bellarine,Western Victoria,ALP,LNP,ALP,0.5003856789516424,0.49961432104835757,0.00038567895164243193,LNP-ALP,OTH>IND>GRN>ON,0.49961432104835757,0.5003856789516424,OTH>IND>GRN>ON,0.5037693350835231,0.49623066491647694,OTH>IND>GRN>LNP,LNP,LNP-ALP,0.019462522864581167,0.48053747713541883,Generic fallback pass-through,False,1.9076843912938735
Benambra,Northern Victoria,LNP,LNP,ON,0.5065578334661729,0.49344216653382716,0.006557833466172891,LNP-ON,ALP>OTH>GRN>IND,0.30366544469164697,0.696334555308353,OTH>GRN>IND>ON,0.24264157702139755,0.7573584229786025,OTH>GRN>IND>LNP,LNP,LNP-ON,0.006312200270483959,0.25014225985580724,Generic fallback pass-through,False,5.352318483583973
Bendigo East,Northern Victoria,ALP,ALP,LNP,0.516485453959369,0.483514546040631,0.016485453959368956,ALP-LNP,OTH>IND>GRN>ON,0.516485453959369,0.483514546040631,OTH>IND>GRN>ON,0.5224214298794485,0.47757857012055144,OTH>IND>GRN>LNP,LNP,LNP-ALP,0.007493920936272325,0.4925060790637276,Generic fallback pass-through,True,2.397937489564134
Bendigo West,Northern Victoria,ALP,ALP,ON,0.5305673714030662,0.46943262859693385,0.0305673714030662,ALP-ON,IND>OTH>GRN>LNP,0.5558872062648316,0.4441127937351685,IND>OTH>GRN>ON,0.5305673714030662,0.46943262859693385,IND>OTH>GRN>LNP,ALP,ALP-ON,0.030132124125960558,0.5314300024829983,Generic fallback pass-through,False,2.4457203781833248
Bentleigh,Southern Metro,ALP,ALP,LNP,0.5170009625006113,0.48299903749938866,0.01700096250061134,ALP-LNP,OTH>IND>GRN>ON,0.5170009625006113,0.48299903749938866,OTH>IND>GRN>ON,0.5876229372455805,0.41237706275441954,OTH>IND>GRN>LNP,LNP,LNP-ALP,0.0036829284366566295,0.49631707156334337,Generic fallback pass-through,True,2.068389093726797
Berwick,South-Eastern Metro,LNP,LNP,ON,0.6029946647992602,0.3970053352007397,0.10299466479926023,LNP-ON,IND>OTH>GRN>ALP,0.3669393129463591,0.6330606870536409,IND>OTH>GRN>ON,0.378287343669495,0.621712656330505,IND>OTH>GRN>LNP,LNP,LNP-ON,0.10294788657243659,0.34131758477210217,Generic fallback pass-through,False,2.5621728174256955
Box Hill,North-Eastern Metro,ALP,LNP,ALP,0.5083854780664261,0.49161452193357386,0.008385478066426089,LNP-ALP,IND>OTH>ON>GRN,0.49161452193357386,0.5083854780664261,IND>OTH>ON>GRN,0.6145687875755561,0.38543121242444395,IND>OTH>GRN>LNP,LNP,LNP-ALP,0.013091439845907327,0.4869085601540926,Generic fallback pass-through,False,0.4705961779481238
Brighton,Southern Metro,LNP,LNP,GRN,0.6145499274673891,0.3854500725326109,0.11454992746738912,LNP-GRN,OTH>IND>ON>ALP,0.3925471467549803,0.6074528532450196,OTH>IND>ON>GRN,0.5847948302869633,0.41520516971303667,OTH>IND>GRN>LNP,LNP,LNP-GRN,0.10911558671219479,0.38400455859206134,Generic fallback pass-through,False,0.8542588162918974
Broadmeadows,Northern Metro,ALP,ALP,ON,0.5506704336487918,0.44932956635120824,0.05067043364879176,ALP-ON,IND>GRN>OTH>LNP,0.614642279866465,0.3853577201335349,IND>GRN>OTH>ON,0.5506704336487918,0.44932956635120824,IND>GRN>OTH>LNP,ALP,ALP-ON,0.045334347877091896,0.5829952981501101,Generic fallback pass-through,False,3.164698171635494
Brunswick,Northern Metro,GRN,GRN,ALP,0.6671807864066632,0.3328192135933369,0.16718078640666323,GRN-ALP,IND>LNP>OTH>ON,0.7247540359742964,0.27524596402570356,IND>OTH>ON>GRN,0.7458772448022642,0.2541227551977358,IND>LNP>OTH>GRN,GRN,GRN-ALP,0.15742566101590016,0.7678455724816395,Generic fallback pass-through,False,-4.309153650734309
Bulleen,North-Eastern Metro,LNP,LNP,ALP,0.6278700579601623,0.37212994203983774,0.12787005796016226,LNP-ALP,IND>OTH>GRN>ON,0.37212994203983774,0.6278700579601623,IND>OTH>GRN>ON,0.5367499636968966,0.46325003630310346,IND>OTH>GRN>LNP,LNP,LNP-ALP,0.14383665564572257,0.3561633443542775,Generic fallback pass-through,False,1.5966597685560247
Bundoora,North-Eastern Metro,ALP,ALP,ON,0.5669042498167582,0.4330957501832418,0.06690424981675824,ALP-ON,IND>OTH>GRN>LNP,0.5598789864576995,0.44012101354230054,IND>OTH>GRN>ON,0.5669042498167582,0.4330957501832418,IND>OTH>GRN>LNP,ALP,ALP-ON,0.06650105638857207,0.5330571483415659,Generic fallback pass-through,False,2.682183811613359
Carrum,South-Eastern Metro,ALP,ON,ALP,0.5374983279494889,0.4625016720505111,0.03749832794948893,ON-ALP,IND>OTH>GRN>LNP,0.4949014494428824,0.5050985505571176,IND>OTH>GRN>ON,0.4625016720505111,0.5374983279494889,IND>OTH>GRN>LNP,ON,ON-ALP,0.03782775260646998,0.467084037757774,Generic fallback pass-through,False,2.7817411685108375
Caulfield,Southern Metro,LNP,LNP,GRN,0.6077869902709883,0.3922130097290118,0.10778699027098826,LNP-GRN,OTH>IND>ON>ALP,0.4155173362502936,0.5844826637497064,OTH>IND>ON>GRN,0.5923707911954348,0.4076292088045653,OTH>IND>GRN>LNP,LNP,LNP-GRN,0.09971821827300675,0.40759457040167296,Generic fallback pass-through,False,0.7922765848620617
Clarinda,South-Eastern Metro,ALP,ALP,ON,0.5631541117728004,0.4368458882271996,0.06315411177280039,ALP-ON,OTH>IND>GRN>LNP,0.5494977912207923,0.4505022087792077,OTH>IND>GRN>ON,0.5631541117728004,0.4368458882271996,OTH>IND>GRN>LNP,ALP,ALP-LNP,0.027470997094094507,0.5274709970940945,Generic fallback pass-through,False,2.2026794126697835
Cranbourne,South-Eastern Metro,ALP,ON,ALP,0.535257135624662,0.4647428643753379,0.03525713562466204,ON-ALP,IND>GRN>OTH>LNP,0.5193343127858278,0.4806656872141722,IND>GRN>OTH>ON,0.4647428643753379,0.535257135624662,IND>GRN>OTH>LNP,ON,ON-ALP,0.03441111732370983,0.4885317133977712,Generic fallback pass-through,False,3.080259938805657
Croydon,North-Eastern Metro,LNP,LNP,ALP,0.5860003024913757,0.4139996975086243,0.08600030249137569,LNP-ALP,IND>OTH>GRN>ON,0.4139996975086243,0.5860003024913757,IND>OTH>GRN>ON,0.47997310413074945,0.5200268958692505,IND>OTH>GRN>LNP,LNP,LNP-ALP,0.10839349330502757,0.3916065066949724,Generic fallback pass-through,False,2.239319081365193
Dandenong,South-Eastern Metro,ALP,ALP,ON,0.5740674495267867,0.4259325504732134,0.07406744952678668,ALP-ON,IND>OTH>GRN>LNP,0.6257644165778548,0.3742355834221453,IND>OTH>GRN>ON,0.5740674495267867,0.4259325504732134,IND>OTH>GRN>LNP,ALP,ALP-ON,0.07690658365561631,0.6017667425657133,Generic fallback pass-through,False,2.399767401214148
Eildon,Northern Victoria,LNP,LNP,ON,0.5855880485889211,0.41441195141107895,0.0855880485889211,LNP-ON,IND>OTH>GRN>ALP,0.3526104269759537,0.6473895730240463,IND>OTH>GRN>ON,0.3460514320465709,0.6539485679534291,IND>OTH>GRN>LNP,LNP,LNP-ON,0.08552037264263435,0.3249047940210597,Generic fallback pass-through,False,2.7705632954893975
Eltham,North-Eastern Metro,ALP,ALP,LNP,0.5221154837595159,0.4778845162404841,0.022115483759515886,ALP-LNP,OTH>IND>GRN>ON,0.5221154837595159,0.4778845162404841,OTH>IND>GRN>ON,0.5571891754366706,0.4428108245633295,OTH>IND>GRN>LNP,ALP,ALP-LNP,0.00016051050122556365,0.5001605105012256,Generic fallback pass-through,False,2.1954973258290322
Essendon,Northern Metro,ALP,ALP,ON,0.5448632803270457,0.4551367196729544,0.044863280327045674,ALP-ON,IND>OTH>GRN>LNP,0.5378867738322934,0.4621132261677065,IND>OTH>GRN>ON,0.5448632803270457,0.4551367196729544,IND>OTH>GRN>LNP,ALP,ALP-ON,0.04345095233597218,0.5103546048923077,Generic fallback pass-through,False,2.753216893998578
Eureka,Western Victoria,ALP,ON,ALP,0.5929647772782762,0.4070352227217237,0.09296477727827623,ON-ALP,IND>OTH>GRN>LNP,0.4698432390519898,0.5301567609480102,IND>OTH>GRN>ON,0.4070352227217237,0.5929647772782762,IND>OTH>GRN>LNP,ON,ON-ALP,0.09335043035271195,0.43726939556170064,Generic fallback pass-through,False,3.2573843490289187
Euroa,Northern Victoria,LNP,LNP,ON,0.5726746302277305,0.42732536977226954,0.07267463022773046,LNP-ON,IND>OTH>GRN>ALP,0.31372124308480964,0.6862787569151904,IND>OTH>GRN>ON,0.3091230681629371,0.6908769318370629,IND>OTH>GRN>LNP,LNP,LNP-ON,0.07266040948626196,0.28516991996768976,Generic fallback pass-through,False,2.855132311711989
Evelyn,Eastern Victoria,LNP,LNP,ALP,0.6417099401286606,0.3582900598713395,0.14170994012866056,LNP-ALP,IND>OTH>GRN>ON,0.3582900598713395,0.6417099401286606,IND>OTH>GRN>ON,0.38350024467217114,0.6164997553278289,IND>OTH>GRN>LNP,LNP,LNP-ALP,0.16459140363995028,0.33540859636004966,Generic fallback pass-through,False,2.2881463511289835
Footscray,Western Metro,ALP,ALP,GRN,0.5190640245377146,0.48093597546228545,0.019064024537714608,ALP-GRN,IND>OTH>LNP>ON,0.6608304296881943,0.33916957031180567,IND>OTH>ON>GRN,0.7206504868832908,0.2793495131167092,IND>OTH>LNP>GRN,ALP,ALP-GRN,0.03215013800459354,0.6761389582170139,Generic fallback pass-through,False,-1.5308528528819587
Frankston,South-Eastern Metro,ALP,ON,ALP,0.5078808113823139,0.4921191886176861,0.00788081138231389,ON-ALP,IND>OTH>GRN>LNP,0.5175635208836813,0.48243647911631865,IND>OTH>GRN>ON,0.4921191886176861,0.5078808113823139,IND>OTH>GRN>LNP,ON,ON-ALP,0.007894300504420082,0.4875807393849895,Generic fallback pass-through,False,2.9982781498691766
Geelong,Western Victoria,ALP,ON,ALP,0.5319361777861956,0.4680638222138044,0.03193617778619562,ON-ALP,OTH>IND>GRN>LNP,0.5239976565389456,0.4760023434610544,OTH>IND>GRN>ON,0.4680638222138044,0.5319361777861956,OTH>IND>GRN>LNP,ON,ON-ALP,0.03202301215881842,0.49078396549619635,Generic fallback pass-through,False,3.3213691042749236
Gippsland East,Eastern Victoria,LNP,LNP,ON,0.5783566944039251,0.4216433055960749,0.07835669440392512,LNP-ON,IND>OTH>ALP>GRN,0.21276996619757238,0.7872300338024277,IND>OTH>GRN>ON,0.20956904450599456,0.7904309554940054,IND>OTH>GRN>LNP,LNP,LNP-ON,0.07898801106349607,0.18081029226216866,Generic fallback pass-through,False,3.1959673935403723
Gippsland South,Eastern Victoria,LNP,LNP,ON,0.5687441432372378,0.4312558567627623,0.06874414323723776,LNP-ON,OTH>IND>GRN>ALP,0.2731741078951259,0.7268258921048741,OTH>IND>GRN>ON,0.26408087003283937,0.7359191299671607,OTH>IND>GRN>LNP,LNP,LNP-ON,0.0687312488022912,0.24086941047336247,Generic fallback pass-through,False,3.230469742176345
Glen Waverley,North-Eastern Metro,ALP,LNP,ALP,0.5382110761877592,0.46178892381224085,0.03821107618775921,LNP-ALP,IND>OTH>GRN>ON,0.46178892381224085,0.5382110761877592,IND>OTH>GRN>ON,0.5872928354453146,0.4127071645546854,IND>OTH>GRN>LNP,LNP,LNP-ALP,0.053773596868354034,0.446226403131646,Generic fallback pass-through,False,1.5562520680594827
Greenvale,Northern Metro,ALP,ALP,ON,0.5447560943859794,0.45524390561402056,0.044756094385979384,ALP-ON,IND>GRN>OTH>LNP,0.5667105316413987,0.4332894683586012,IND>GRN>OTH>ON,0.5447560943859794,0.45524390561402056,IND>GRN>OTH>LNP,ALP,ALP-ON,0.046133766369603535,0.5470222596033112,Generic fallback pass-through,False,1.968827203808754
Hastings,Eastern Victoria,ALP,LNP,ON,0.5498815433689116,0.45011845663108846,0.049881543368911596,LNP-ON,IND>OTH>GRN>ALP,0.4194514087193776,0.5805485912806225,IND>OTH>GRN>ON,0.39265250598842827,0.6073474940115718,IND>OTH>GRN>LNP,LNP,LNP-ON,0.049746062100094024,0.39069803706458317,Generic fallback pass-through,False,2.8753371654794413
Hawthorn,Southern Metro,LNP,LNP,GRN,0.6407146085452424,0.3592853914547576,0.14071460854524243,LNP-GRN,OTH>ON>ALP>IND,0.41191385645823503,0.5880861435417649,OTH>ON>IND>GRN,0.6229226344612562,0.37707736553874394,OTH>IND>GRN>LNP,LNP,LNP-GRN,0.14516095765100312,0.4276945350736908,Generic fallback pass-through,False,-1.578067861545579
Ivanhoe,North-Eastern Metro,ALP,ALP,LNP,0.5484687923392182,0.45153120766078186,0.04846879233921819,ALP-LNP,OTH>IND>ON>GRN,0.5484687923392182,0.45153120766078186,OTH>IND>ON>GRN,0.6133806316454505,0.38661936835454946,OTH>IND>GRN>LNP,ALP,ALP-LNP,0.042151751531687376,0.5421517515316874,Generic fallback pass-through,False,0.6317040807530816
Kalkallo,Northern Metro,ALP,ALP,ON,0.5337696106841799,0.46623038931582,0.03376961068417994,ALP-ON,IND>GRN>OTH>LNP,0.5796810185739446,0.42031898142605534,IND>GRN>OTH>ON,0.5337696106841799,0.46623038931582,IND>GRN>OTH>LNP,ALP,ALP-ON,0.03452307360609819,0.5598048968887227,Generic fallback pass-through,False,1.9876121685221904
Kew,Southern Metro,LNP,LNP,IND,0.6340205652787101,0.36597943472128985,0.1340205652787101,LNP-IND,OTH>ON>GRN>ALP,0.40364906784467186,0.5963509321553282,OTH>ON>GRN>IND,0.6168308548413717,0.3831691451586284,OTH>GRN>IND>LNP,LNP,LNP-IND,0.12983509535983428,0.4058426869975182,Generic fallback pass-through,False,-0.21936191528463267
Kororoit,Western Metro,ALP,ALP,ON,0.5348068479773136,0.46519315202268646,0.03480684797731359,ALP-ON,IND>GRN>OTH>LNP,0.6000119413741668,0.39998805862583325,IND>GRN>OTH>ON,0.5348068479773136,0.46519315202268646,IND>GRN>OTH>LNP,ALP,ALP-ON,0.03667568042941627,0.5772479987987813,Generic fallback pass-through,False,2.27639425753855
Lara,Western Victoria,ALP,ON,ALP,0.5521147765056182,0.44788522349438176,0.05211477650561824,ON-ALP,IND>OTH>GRN>LNP,0.5391507066698739,0.4608492933301262,IND>OTH>GRN>ON,0.44788522349438176,0.5521147765056182,IND>OTH>GRN>LNP,ON,ON-ALP,0.05265383782890942,0.5035367450131508,Generic fallback pass-through,False,3.5613961656723037
Laverton,Western Metro,ALP,ALP,ON,0.5674636288908981,0.432536371109102,0.06746362889089808,ALP-ON,IND>OTH>GRN>LNP,0.6019374515619516,0.39806254843804856,IND>OTH>GRN>ON,0.5674636288908981,0.432536371109102,IND>OTH>GRN>LNP,ALP,ALP-ON,0.06500049098880967,0.5732249387379217,Generic fallback pass-through,False,2.8712512824029868
Lowan,Western Victoria,LNP,LNP,ON,0.6089538085816576,0.39104619141834246,0.1089538085816576,LNP-ON,IND>OTH>ALP>GRN,0.22465682373587678,0.7753431762641233,IND>OTH>GRN>ON,0.23279873230389608,0.767201267696104,IND>OTH>GRN>LNP,LNP,LNP-ON,0.11087163502118313,0.196298640597478,Generic fallback pass-through,False,2.8358183138398774
Macedon,Northern Victoria,ALP,ON,ALP,0.5429927259115491,0.45700727408845093,0.04299272591154912,ON-ALP,OTH>IND>GRN>LNP,0.4977552259922022,0.5022447740077979,OTH>IND>GRN>ON,0.45700727408845093,0.5429927259115491,OTH>IND>GRN>LNP,ON,ON-ALP,0.043051314427521636,0.47013668339363907,Generic fallback pass-through,False,2.761854259856311
Malvern,Southern Metro,LNP,LNP,GRN,0.6634926239421391,0.3365073760578609,0.16349262394213915,LNP-GRN,IND>OTH>ON>ALP,0.3547145780808065,0.6452854219191935,IND>OTH>ON>GRN,0.5879974296559369,0.4120025703440631,IND>OTH>GRN>LNP,LNP,LNP-GRN,0.154830411279133,0.3492923647811958,Generic fallback pass-through,False,0.5422213299610679
Melbourne,Northern Metro,GRN,GRN,ALP,0.6410318091094541,0.358968190890546,0.14103180910945412,GRN-ALP,IND>OTH>LNP>ON,0.6572528622207187,0.3427471377792814,IND>OTH>ON>GRN,0.7404057393745646,0.2595942606254355,IND>OTH>LNP>GRN,GRN,GRN-ALP,0.12959721114929978,0.6930828544888147,Generic fallback pass-through,False,-3.5829992268096023
Melton,Western Victoria,ALP,ON,ALP,0.569314437995405,0.430685562004595,0.06931443799540504,ON-ALP,GRN>OTH>LNP>IND,0.43566463952660656,0.5643353604733935,GRN>OTH>IND>ON,0.430685562004595,0.569314437995405,GRN>OTH>LNP>IND,ON,ON-ALP,0.0817979031260031,0.40504191733514977,Generic fallback pass-through,False,3.0622722191456786
Mildura,Northern Victoria,LNP,ON,IND,0.5127132720622044,0.48728672793779565,0.012713272062204406,ON-IND,OTH>ALP>GRN>LNP,0.2901779247829892,0.7098220752170108,OTH>GRN>ON>IND,0.33924490967523563,0.6607550903247643,OTH>GRN>LNP>IND,ON,ON-IND,0.024348655030100752,0.25060242952196354,Generic fallback pass-through,False,3.957549526102566
Mill Park,North-Eastern Metro,ALP,ALP,ON,0.5192471002271414,0.48075289977285873,0.019247100227141378,ALP-ON,IND>OTH>GRN>LNP,0.5703745991011298,0.42962540089887036,IND>OTH>GRN>ON,0.5192471002271414,0.48075289977285873,IND>OTH>GRN>LNP,ALP,ALP-ON,0.021162102709912367,0.5429491291569318,Generic fallback pass-through,False,2.742546994419792
Monbulk,Eastern Victoria,ALP,LNP,ALP,0.5241478169333891,0.4758521830666109,0.024147816933389077,LNP-ALP,OTH>IND>GRN>ON,0.4758521830666109,0.5241478169333891,OTH>IND>GRN>ON,0.44238603528519144,0.5576139647148085,OTH>IND>GRN>LNP,LNP,LNP-ALP,0.05018163683738386,0.4498183631626162,Generic fallback pass-through,False,2.6033819903994724
Mordialloc,South-Eastern Metro,ALP,ALP,LNP,0.519864810318298,0.48013518968170193,0.01986481031829801,ALP-LNP,OTH>IND>GRN>ON,0.519864810318298,0.48013518968170193,OTH>IND>GRN>ON,0.5555216189469583,0.44447838105304166,OTH>IND>GRN>LNP,LNP,LNP-ALP,0.0052321221496481884,0.49476787785035176,Generic fallback pass-through,True,2.509693246794625
Mornington,Eastern Victoria,LNP,LNP,IND,0.6219830975194591,0.37801690248054093,0.12198309751945913,LNP-IND,OTH>GRN>ALP>ON,0.33802471018301344,0.6619752898169865,OTH>GRN>IND>ON,0.34702998280453384,0.6529700171954662,OTH>GRN>IND>LNP,LNP,LNP-IND,0.1410737928842648,0.3065488304248025,Generic fallback pass-through,False,3.147587975821092
Morwell,Eastern Victoria,LNP,ON,LNP,0.5409002358848788,0.45909976411512116,0.04090023588487879,ON-LNP,GRN>OTH>IND>ALP,0.39748603445439906,0.6025139655456009,GRN>OTH>IND>ON,0.3236143143246557,0.6763856856753443,GRN>OTH>IND>LNP,ON,ON-LNP,0.042190970528307115,0.3484608165998567,Generic fallback pass-through,False,4.902521785454233
Mulgrave,South-Eastern Metro,ALP,ALP,ON,0.6017326640948554,0.39826733590514457,0.10173266409485537,ALP-ON,OTH>GRN>IND>LNP,0.6328042574161405,0.36719574258385945,OTH>GRN>IND>ON,0.6017326640948554,0.39826733590514457,OTH>GRN>IND>LNP,ALP,ALP-ON,0.09528242883446991,0.596252604978061,Generic fallback pass-through,False,3.6551652438079563
Murray Plains,Northern Victoria,LNP,LNP,ON,0.5804373426434172,0.4195626573565828,0.08043734264341718,LNP-ON,IND>ALP>OTH>GRN,0.19629667199956974,0.8037033280004302,IND>GRN>OTH>ON,0.1934433271347252,0.8065566728652748,IND>GRN>OTH>LNP,LNP,LNP-ON,0.07784590501787991,0.1651270462838107,Generic fallback pass-through,False,3.116962571575904
Narracan,Eastern Victoria,LNP,LNP,ON,0.5963391519528962,0.40366084804710384,0.09633915195289622,LNP-ON,OTH>IND>ALP>GRN,0.36840806259218517,0.6315919374078148,OTH>IND>GRN>ON,0.3541349316189109,0.6458650683810891,OTH>IND>GRN>LNP,LNP,LNP-ON,0.1018607605269275,0.34906264247124946,Generic fallback pass-through,False,1.9345420120935708
Narre Warren North,South-Eastern Metro,ALP,ON,ALP,0.5126513234083698,0.48734867659163017,0.01265132340836983,ON-ALP,IND>OTH>GRN>LNP,0.5318711292130986,0.4681288707869014,IND>OTH>GRN>ON,0.48734867659163017,0.5126513234083698,IND>OTH>GRN>LNP,ON,ON-ALP,0.010497560135298012,0.5026677670760976,Generic fallback pass-through,False,2.920336213700103
Narre Warren South,South-Eastern Metro,ALP,ON,ALP,0.5044006356790128,0.4955993643209873,0.004400635679012832,ON-ALP,IND>OTH>GRN>LNP,0.5298656674579145,0.4701343325420855,IND>OTH>GRN>ON,0.4955993643209873,0.5044006356790128,IND>OTH>GRN>LNP,ON,ON-ALP,0.001953167930933919,0.5021650679194825,Generic fallback pass-through,False,2.770059953843207
Nepean,Eastern Victoria,LNP,LNP,ON,0.6276291905393377,0.3723708094606623,0.12762919053933774,LNP-ON,OTH>IND>GRN>ALP,0.3511366187239175,0.6488633812760826,OTH>IND>GRN>ON,0.3731728094797406,0.6268271905202595,OTH>IND>GRN>LNP,LNP,LNP-ON,0.12796975782265807,0.32722822575464605,Generic fallback pass-through,False,2.390839296927144
Niddrie,Western Metro,ALP,ALP,ON,0.5003625024953079,0.49963749750469216,0.0003625024953078926,ALP-ON,IND>OTH>GRN>LNP,0.49738562768805955,0.5026143723119404,IND>OTH>GRN>ON,0.5003625024953079,0.49963749750469216,IND>OTH>GRN>LNP,ON,ON-ALP,0.0001758746325596361,0.465586711813811,Generic fallback pass-through,True,3.1798915874248546
Northcote,Northern Metro,ALP,GRN,ALP,0.5511190598118739,0.44888094018812613,0.051119059811873924,GRN-ALP,IND>OTH>LNP>ON,0.7033876965885865,0.2966123034114136,IND>OTH>ON>GRN,0.7092827726501139,0.2907172273498862,IND>OTH>LNP>GRN,GRN,GRN-ALP,0.0370931725447301,0.729943201885343,Generic fallback pass-through,False,-2.6555505296756543
Oakleigh,Southern Metro,ALP,ALP,LNP,0.5683957283665243,0.4316042716334757,0.0683957283665243,ALP-LNP,OTH>IND>GRN>ON,0.5683957283665243,0.4316042716334757,OTH>IND>GRN>ON,0.5927741476396449,0.40722585236035513,OTH>IND>GRN>LNP,ALP,ALP-LNP,0.04467836459303831,0.5446783645930383,Generic fallback pass-through,False,2.371736377348599
Ovens Valley,Northern Victoria,LNP,LNP,ON,0.5826208601814433,0.41737913981855673,0.08262086018144332,LNP-ON,IND>ALP>OTH>GRN,0.2696397561394171,0.730360243860583,IND>OTH>GRN>ON,0.25347400253700964,0.7465259974629904,IND>OTH>GRN>LNP,LNP,LNP-ON,0.08172524111584978,0.23938740688134305,Generic fallback pass-through,False,3.0252349258074047
Pakenham,Eastern Victoria,ALP,LNP,ON,0.5107748426055978,0.4892251573944022,0.0107748426055978,LNP-ON,IND>OTH>GRN>ALP,0.41074816708532946,0.5892518329146705,IND>OTH>GRN>ON,0.35983082020729157,0.6401691797927085,IND>OTH>GRN>LNP,LNP,LNP-ON,0.010831837988326098,0.3835567488442664,Generic fallback pass-through,False,2.719141824106308
Pascoe Vale,Northern Metro,ALP,GRN,ALP,0.5005890168832425,0.4994109831167574,0.0005890168832425324,GRN-ALP,OTH>IND>LNP>ON,0.5973808541735155,0.40261914582648456,OTH>IND>ON>GRN,0.6460225862313289,0.35397741376867115,OTH>IND>LNP>GRN,ALP,ALP-GRN,0.015797509425306222,0.6134692903098298,Generic fallback pass-through,True,-1.6088436136314277
Point Cook,Western Metro,ALP,ON,ALP,0.5142693728727492,0.48573062712725085,0.014269372872749209,ON-ALP,OTH>GRN>IND>LNP,0.5469728196086402,0.45302718039135975,OTH>GRN>IND>ON,0.48573062712725085,0.5142693728727492,OTH>GRN>IND>LNP,ON,ON-ALP,0.01712351466450146,0.5105676306263236,Generic fallback pass-through,False,3.6405188982316594
Polwarth,Western Victoria,LNP,LNP,ON,0.6481124305239246,0.35188756947607536,0.14811243052392464,LNP-ON,IND>OTH>ALP>GRN,0.3894107675475829,0.6105892324524171,IND>OTH>GRN>ON,0.39781196667899454,0.6021880333210055,IND>OTH>GRN>LNP,LNP,LNP-ON,0.1533951179400923,0.36813938578719646,Generic fallback pass-through,False,2.1271381760386454
Prahran,Southern Metro,GRN,GRN,LNP,0.5845423574352919,0.4154576425647081,0.08454235743529193,GRN-LNP,IND>OTH>ALP>ON,0.5309855475765315,0.46901445242346845,IND>OTH>ON>GRN,0.6838677876755962,0.31613221232440386,IND>OTH>LNP>GRN,GRN,GRN-LNP,0.05538202213243548,0.5622306111100892,Generic fallback pass-through,False,-3.1245063533557715
Preston,Northern Metro,ALP,ALP,ON,0.5956608752052305,0.4043391247947696,0.09566087520523048,ALP-ON,OTH>IND>LNP>GRN,0.6194252026447716,0.3805747973552284,OTH>IND>GRN>ON,0.5956608752052305,0.4043391247947696,OTH>IND>LNP>GRN,ALP,ALP-ON,0.09583824091259319,0.5925007963571941,Generic fallback pass-through,False,2.692440628757753
Richmond,Northern Metro,GRN,GRN,ALP,0.6044857171494938,0.3955142828505062,0.10448571714949384,GRN-ALP,IND>OTH>LNP>ON,0.6951615605356763,0.30483843946432376,IND>OTH>ON>GRN,0.7535374739048694,0.2464625260951307,IND>OTH>LNP>GRN,GRN,GRN-ALP,0.09368168736773175,0.7291448635762262,Generic fallback pass-through,False,-3.398330304054986
Ringwood,North-Eastern Metro,ALP,LNP,ALP,0.5131527536786936,0.4868472463213065,0.013152753678693618,LNP-ALP,IND>OTH>ON>GRN,0.4868472463213065,0.5131527536786936,IND>OTH>ON>GRN,0.5603779723352462,0.43962202766475383,IND>OTH>GRN>LNP,LNP,LNP-ALP,0.0190159437425228,0.48098405625747725,Generic fallback pass-through,False,0.5863190063829238
Ripon,Western Victoria,ALP,ON,ALP,0.6240937846490267,0.3759062153509733,0.12409378464902665,ON-ALP,IND>GRN>OTH>LNP,0.43630178765781696,0.5636982123421831,IND>GRN>OTH>ON,0.3759062153509733,0.6240937846490267,IND>GRN>OTH>LNP,ON,ON-ALP,0.12383376164076232,0.4069761843514621,Generic fallback pass-through,False,2.9325603306354866
Rowville,South-Eastern Metro,LNP,LNP,ALP,0.5957545117020697,0.40424548829793033,0.09575451170206972,LNP-ALP,OTH>IND>GRN>ON,0.40424548829793033,0.5957545117020697,OTH>IND>GRN>ON,0.48313768064664336,0.5168623193533567,OTH>IND>GRN>LNP,LNP,LNP-ALP,0.11229960967821606,0.387700390321784,Generic fallback pass-through,False,1.654509797614634
Sandringham,Southern Metro,LNP,LNP,GRN,0.6292007430634514,0.37079925693654864,0.12920074306345142,LNP-GRN,OTH>IND>ALP>ON,0.3829059206371405,0.6170940793628594,OTH>IND>GRN>ON,0.515830646605078,0.48416935339492195,OTH>IND>GRN>LNP,LNP,LNP-GRN,0.14592781811177835,0.364047523061292,Generic fallback pass-through,False,1.8858397575848507
Shepparton,Northern Victoria,LNP,LNP,ON,0.5465223328327171,0.453477667167283,0.04652233283271712,LNP-ON,ALP>OTH>GRN>IND,0.30001752211535576,0.6999824778846443,OTH>GRN>IND>ON,0.27302070420189545,0.7269792957981046,OTH>GRN>IND>LNP,LNP,LNP-ON,0.04650971181765662,0.2419541110152772,Generic fallback pass-through,False,5.806341110007857
South Barwon,Western Victoria,ALP,LNP,ALP,0.5202514328000833,0.4797485671999166,0.020251432800083347,LNP-ALP,IND>OTH>GRN>ON,0.4797485671999166,0.5202514328000833,IND>OTH>GRN>ON,0.48409600154824833,0.5159039984517516,IND>OTH>GRN>LNP,LNP,LNP-ALP,0.044242385247934,0.45575761475206594,Generic fallback pass-through,False,2.3990952447850655
South-West Coast,Western Victoria,LNP,LNP,IND,0.5907863118266118,0.4092136881733882,0.09078631182661179,LNP-IND,OTH>GRN>ALP>ON,0.34824617383087103,0.651753826169129,OTH>GRN>ON>IND,0.33348958410690166,0.6665104158930983,OTH>GRN>IND>LNP,LNP,LNP-IND,0.11374102452433044,0.3384272955618427,Generic fallback pass-through,False,0.981887826902833
St Albans,Western Metro,ALP,ALP,ON,0.5417681455315526,0.4582318544684474,0.041768145531552614,ALP-ON,IND>GRN>OTH>LNP,0.5671147503122689,0.4328852496877311,IND>GRN>OTH>ON,0.5417681455315526,0.4582318544684474,IND>GRN>OTH>LNP,ALP,ALP-ON,0.0376618658591823,0.537074308227758,Generic fallback pass-through,False,3.0040442084510843
Sunbury,Western Metro,ALP,ON,ALP,0.5800589742989501,0.4199410257010498,0.08005897429895015,ON-ALP,IND>OTH>GRN>LNP,0.47046967392050304,0.5295303260794969,IND>OTH>GRN>ON,0.4199410257010498,0.5800589742989501,IND>OTH>GRN>LNP,ON,ON-ALP,0.08046238576994458,0.43904949706850516,Generic fallback pass-through,False,3.1420176851997885
Sydenham,Western Metro,ALP,ON,ALP,0.5114392522188277,0.4885607477811723,0.011439252218827689,ON-ALP,IND>GRN>OTH>LNP,0.5311328610693916,0.4688671389306084,IND>GRN>OTH>ON,0.4885607477811723,0.5114392522188277,IND>GRN>OTH>LNP,ON,ON-ALP,0.010711235509049732,0.503161655084245,Generic fallback pass-through,False,2.7971205985146574
Tarneit,Western Metro,ALP,ALP,ON,0.5275717984987882,0.47242820150121173,0.027571798498788214,ALP-ON,IND>OTH>GRN>LNP,0.5619118194731817,0.4380881805268183,IND>OTH>GRN>ON,0.5275717984987882,0.47242820150121173,IND>OTH>GRN>LNP,ALP,ALP-ON,0.026752078697936832,0.5325214445132399,Generic fallback pass-through,False,2.939037495994179
Thomastown,Northern Metro,ALP,ALP,ON,0.551046143495587,0.448953856504413,0.051046143495587004,ALP-ON,IND>OTH>GRN>LNP,0.610400267335454,0.3895997326645459,IND>OTH>GRN>ON,0.551046143495587,0.448953856504413,IND>OTH>GRN>LNP,ALP,ALP-ON,0.05500110801488278,0.5867917184742931,Generic fallback pass-through,False,2.3608548861160927
Warrandyte,North-Eastern Metro,LNP,LNP,ALP,0.6191417410290314,0.38085825897096853,0.11914174102903141,LNP-ALP,IND>OTH>GRN>ON,0.38085825897096853,0.6191417410290314,IND>OTH>GRN>ON,0.4940962586047135,0.5059037413952865,IND>OTH>GRN>LNP,LNP,LNP-ALP,0.13692440263291206,0.3630755973670879,Generic fallback pass-through,False,1.7782661603880645
Wendouree,Western Victoria,ALP,ON,ALP,0.5153890188882885,0.4846109811117116,0.015389018888288475,ON-ALP,IND>OTH>GRN>LNP,0.5058862905697582,0.49411370943024174,IND>OTH>GRN>ON,0.4846109811117116,0.5153890188882885,IND>OTH>GRN>LNP,ON,ON-ALP,0.01569232826626099,0.47739356273948613,Generic fallback pass-through,False,2.8492727830272067
Werribee,Western Metro,ALP,ON,ALP,0.5555764138283252,0.4444235861716749,0.05557641382832523,ON-ALP,OTH>GRN>IND>LNP,0.5203029751406061,0.4796970248593939,OTH>GRN>IND>ON,0.4444235861716749,0.5555764138283252,OTH>GRN>IND>LNP,ON,ON-ALP,0.056613667955947466,0.4876823192407744,Generic fallback pass-through,False,3.2620655899831705
Williamstown,Western Metro,ALP,ALP,ON,0.5964583145874538,0.40354168541254615,0.0964583145874538,ALP-ON,IND>OTH>GRN>LNP,0.5961623653584521,0.4038376346415479,IND>OTH>GRN>ON,0.5964583145874538,0.40354168541254615,IND>OTH>GRN>LNP,ALP,ALP-ON,0.09457019069773154,0.5642256906948101,Generic fallback pass-through,False,3.193667466364203
Yan Yean,Northern Victoria,ALP,ON,ALP,0.5596240960078732,0.4403759039921268,0.05962409600787322,ON-ALP,IND>GRN>OTH>LNP,0.48107507586975157,0.5189249241302484,IND>GRN>OTH>ON,0.4403759039921268,0.5596240960078732,IND>GRN>OTH>LNP,ON,ON-ALP,0.05894072964056307,0.45815170999124105,Generic fallback pass-through,False,2.2923365878510515
Albert Park,Southern Metro,ALP,ALP,LNP,0.5617935112678573,0.4382064887321428,0.06179351126785726,ALP-LNP,OTH>IND>ON>GRN,0.5617935112678573,0.4382064887321428,OTH>IND>ON>GRN,0.6454816857871347,0.3545183142128652,OTH>IND>GRN>LNP,ALP,ALP-LNP,0.0514804434337367,0.5514804434337367,Pass-through + sparse evidence off,False,1.031306783412056
Ashwood,Southern Metro,ALP,LNP,ALP,0.5193869731923388,0.4806130268076612,0.01938697319233884,LNP-ALP,OTH>IND>ON>GRN,0.4806130268076612,0.5193869731923388,OTH>IND>ON>GRN,0.6030411144631088,0.3969588855368911,OTH>IND>GRN>LNP,LNP,LNP-ALP,0.02508264578421382,0.4749173542157862,Pass-through + sparse evidence off,False,0.5695672591875034
Bass,Eastern Victoria,ALP,LNP,ON,0.5414157725707538,0.4585842274292462,0.041415772570753795,LNP-ON,IND>OTH>GRN>ALP,0.3896290893720457,0.6103709106279543,IND>OTH>GRN>ON,0.35525297769081104,0.644747022309189,IND>OTH>GRN>LNP,LNP,LNP-ON,0.04141818723661994,0.3564136291868352,Pass-through + sparse evidence off,False,3.321546018521049
Bayswater,North-Eastern Metro,ALP,LNP,ALP,0.5437990452980239,0.4562009547019762,0.04379904529802392,LNP-ALP,IND>OTH>GRN>ON,0.4562009547019762,0.5437990452980239,IND>OTH>GRN>ON,0.4986062294465744,0.5013937705534257,IND>OTH>GRN>LNP,LNP,LNP-ALP,0.07248159530229303,0.4275184046977069,Pass-through + sparse evidence off,False,2.8682550004269283
Bellarine,Western Victoria,ALP,ALP,LNP,0.5022869524374343,0.49771304756256574,0.0022869524374342642,ALP-LNP,OTH>IND>GRN>ON,0.5022869524374343,0.49771304756256574,OTH>IND>GRN>ON,0.5030852541080932,0.49691474589190676,OTH>IND>GRN>LNP,LNP,LNP-ALP,0.019462522864581167,0.48053747713541883,Pass-through + sparse evidence off,True,2.174947530201543
Benambra,Northern Victoria,LNP,LNP,ON,0.5065578334661729,0.49344216653382716,0.006557833466172891,LNP-ON,ALP>OTH>GRN>IND,0.3069092388042682,0.6930907611957318,OTH>GRN>IND>ON,0.24287665923554136,0.7571233407644588,OTH>GRN>IND>LNP,LNP,LNP-ON,0.006312200270483959,0.25014225985580724,Pass-through + sparse evidence off,False,5.676697894846095
Bendigo East,Northern Victoria,ALP,ALP,LNP,0.5198975859960718,0.48010241400392817,0.01989758599607183,ALP-LNP,OTH>IND>GRN>ON,0.5198975859960718,0.48010241400392817,OTH>IND>GRN>ON,0.5217709144637328,0.4782290855362673,OTH>IND>GRN>LNP,LNP,LNP-ALP,0.007493920936272325,0.4925060790637276,Pass-through + sparse evidence off,True,2.7391506932344214
Bendigo West,Northern Victoria,ALP,ALP,ON,0.5305016480322075,0.4694983519677926,0.03050164803220745,ALP-ON,IND>OTH>GRN>LNP,0.5603612244558887,0.4396387755441114,IND>OTH>GRN>ON,0.5305016480322075,0.4694983519677926,IND>OTH>GRN>LNP,ALP,ALP-ON,0.030132124125960558,0.5314300024829983,Pass-through + sparse evidence off,False,2.893122197289033
Bentleigh,Southern Metro,ALP,ALP,LNP,0.5231680602453472,0.4768319397546527,0.023168060245347233,ALP-LNP,OTH>IND>GRN>ON,0.5231680602453472,0.4768319397546527,OTH>IND>GRN>ON,0.5884487209199735,0.41155127908002653,OTH>IND>GRN>LNP,LNP,LNP-ALP,0.0036829284366566295,0.49631707156334337,Pass-through + sparse evidence off,True,2.6850988682003862
Berwick,South-Eastern Metro,LNP,LNP,ON,0.6028478574036333,0.39715214259636666,0.10284785740363334,LNP-ON,IND>OTH>GRN>ALP,0.368769081318111,0.631230918681889,IND>OTH>GRN>ON,0.3765194826729314,0.6234805173270686,IND>OTH>GRN>LNP,LNP,LNP-ON,0.10294788657243659,0.34131758477210217,Pass-through + sparse evidence off,False,2.7451496546008816
Box Hill,North-Eastern Metro,ALP,LNP,ALP,0.5077882979506115,0.4922117020493885,0.0077882979506115335,LNP-ALP,IND>OTH>ON>GRN,0.4922117020493885,0.5077882979506115,IND>OTH>ON>GRN,0.6158468158207133,0.38415318417928673,IND>OTH>GRN>LNP,LNP,LNP-ALP,0.013091439845907327,0.4869085601540926,Pass-through + sparse evidence off,False,0.5303141895295904
Brighton,Southern Metro,LNP,LNP,GRN,0.6145499274673891,0.3854500725326109,0.11454992746738912,LNP-GRN,OTH>IND>ON>ALP,0.3935809296061105,0.6064190703938895,OTH>IND>ON>GRN,0.5873800610754585,0.41261993892454146,OTH>IND>GRN>LNP,LNP,LNP-GRN,0.10911558671219479,0.38400455859206134,Pass-through + sparse evidence off,False,0.9576371014049179
Broadmeadows,Northern Metro,ALP,ALP,ON,0.5506951654586372,0.4493048345413628,0.05069516545863717,ALP-ON,IND>GRN>OTH>LNP,0.6202513802913817,0.37974861970861823,IND>GRN>OTH>ON,0.5506951654586372,0.4493048345413628,IND>GRN>OTH>LNP,ALP,ALP-ON,0.045334347877091896,0.5829952981501101,Pass-through + sparse evidence off,False,3.725608214127163
Brunswick,Northern Metro,GRN,GRN,ALP,0.6671807864066632,0.3328192135933369,0.16718078640666323,GRN-ALP,IND>LNP>OTH>ON,0.725978460101925,0.27402153989807504,IND>OTH>ON>GRN,0.7458772448022642,0.2541227551977358,IND>LNP>OTH>GRN,GRN,GRN-ALP,0.15742566101590016,0.7678455724816395,Pass-through + sparse evidence off,False,-4.186711237971452
Bulleen,North-Eastern Metro,LNP,LNP,ALP,0.6241197561801827,0.3758802438198173,0.12411975618018267,LNP-ALP,IND>OTH>GRN>ON,0.3758802438198173,0.6241197561801827,IND>OTH>GRN>ON,0.5367954624230563,0.4632045375769438,IND>OTH>GRN>LNP,LNP,LNP-ALP,0.14383665564572257,0.3561633443542775,Pass-through + sparse evidence off,False,1.9716899465539783
Bundoora,North-Eastern Metro,ALP,ALP,ON,0.5671893715860958,0.4328106284139041,0.06718937158609584,ALP-ON,IND>OTH>GRN>LNP,0.5663113988070897,0.43368860119291036,IND>OTH>GRN>ON,0.5671893715860958,0.4328106284139041,IND>OTH>GRN>LNP,ALP,ALP-ON,0.06650105638857207,0.5330571483415659,Pass-through + sparse evidence off,False,3.325425046552377
Carrum,South-Eastern Metro,ALP,ON,ALP,0.5390852369991922,0.46091476300080775,0.0390852369991922,ON-ALP,IND>OTH>GRN>LNP,0.496998364682544,0.503001635317456,IND>OTH>GRN>ON,0.46091476300080775,0.5390852369991922,IND>OTH>GRN>LNP,ON,ON-ALP,0.03782775260646998,0.467084037757774,Pass-through + sparse evidence off,False,2.991432692476997
Caulfield,Southern Metro,LNP,LNP,GRN,0.6077869902709883,0.3922130097290118,0.10778699027098826,LNP-GRN,OTH>IND>ON>ALP,0.4166782526670408,0.5833217473329592,OTH>IND>ON>GRN,0.5958291620501162,0.4041708379498839,OTH>IND>GRN>LNP,LNP,LNP-GRN,0.09971821827300675,0.40759457040167296,Pass-through + sparse evidence off,False,0.9083682265367821
Clarinda,South-Eastern Metro,ALP,ALP,ON,0.5635745170616671,0.436425482938333,0.06357451706166706,ALP-ON,OTH>IND>GRN>LNP,0.5564370276949286,0.4435629723050714,OTH>IND>GRN>ON,0.5635745170616671,0.436425482938333,OTH>IND>GRN>LNP,ALP,ALP-LNP,0.027470997094094507,0.5274709970940945,Pass-through + sparse evidence off,False,2.8966030600834136
Cranbourne,South-Eastern Metro,ALP,ON,ALP,0.5351669020985339,0.46483309790146615,0.0351669020985339,ON-ALP,IND>GRN>OTH>LNP,0.5268879760978198,0.47311202390218027,IND>GRN>OTH>ON,0.46483309790146615,0.5351669020985339,IND>GRN>OTH>LNP,ON,ON-ALP,0.03441111732370983,0.4885317133977712,Pass-through + sparse evidence off,False,3.8356262700048607
Croydon,North-Eastern Metro,LNP,LNP,ALP,0.5803573712248528,0.41964262877514724,0.08035737122485276,LNP-ALP,IND>OTH>GRN>ON,0.41964262877514724,0.5803573712248528,IND>OTH>GRN>ON,0.48048192379209953,0.5195180762079005,IND>OTH>GRN>LNP,LNP,LNP-ALP,0.10839349330502757,0.3916065066949724,Pass-through + sparse evidence off,False,2.803612208017486
Dandenong,South-Eastern Metro,ALP,ALP,ON,0.5745761072685743,0.4254238927314257,0.07457610726857433,ALP-ON,IND>OTH>GRN>LNP,0.6334099009889453,0.3665900990110546,IND>OTH>GRN>ON,0.5745761072685743,0.4254238927314257,IND>OTH>GRN>LNP,ALP,ALP-ON,0.07690658365561631,0.6017667425657133,Pass-through + sparse evidence off,False,3.1643158423232065
Eildon,Northern Victoria,LNP,LNP,ON,0.5852517378522414,0.41474826214775856,0.08525173785224138,LNP-ON,IND>OTH>GRN>ALP,0.35574260682654096,0.644257393173459,IND>OTH>GRN>ON,0.3461960340572639,0.6538039659427362,IND>OTH>GRN>LNP,LNP,LNP-ON,0.08552037264263435,0.3249047940210597,Pass-through + sparse evidence off,False,3.0837812805481257
Eltham,North-Eastern Metro,ALP,ALP,LNP,0.5295516671844739,0.4704483328155261,0.029551667184473884,ALP-LNP,OTH>IND>GRN>ON,0.5295516671844739,0.4704483328155261,OTH>IND>GRN>ON,0.5586996192602086,0.4413003807397915,OTH>IND>GRN>LNP,ALP,ALP-LNP,0.00016051050122556365,0.5001605105012256,Pass-through + sparse evidence off,False,2.939115668324832
Essendon,Northern Metro,ALP,ALP,ON,0.5460642994066551,0.45393570059334487,0.04606429940665513,ALP-ON,IND>OTH>GRN>LNP,0.5458907575619456,0.4541092424380544,IND>OTH>GRN>ON,0.5460642994066551,0.45393570059334487,IND>OTH>GRN>LNP,ALP,ALP-ON,0.04345095233597218,0.5103546048923077,Pass-through + sparse evidence off,False,3.5536152669637944
Eureka,Western Victoria,ALP,ON,ALP,0.5930008155848207,0.40699918441517935,0.09300081558482065,ON-ALP,IND>OTH>GRN>LNP,0.4730541836561401,0.52694581634386,IND>OTH>GRN>ON,0.40699918441517935,0.5930008155848207,IND>OTH>GRN>LNP,ON,ON-ALP,0.09335043035271195,0.43726939556170064,Pass-through + sparse evidence off,False,3.578478809443947
Euroa,Northern Victoria,LNP,LNP,ON,0.5723063578665003,0.42769364213349975,0.0723063578665003,LNP-ON,IND>OTH>GRN>ALP,0.3172185952962372,0.6827814047037628,IND>OTH>GRN>ON,0.3092990669706445,0.6907009330293554,IND>OTH>GRN>LNP,LNP,LNP-ON,0.07266040948626196,0.28516991996768976,Pass-through + sparse evidence off,False,3.2048675328547436
Evelyn,Eastern Victoria,LNP,LNP,ALP,0.6390983064786284,0.3609016935213716,0.13909830647862842,LNP-ALP,IND>OTH>GRN>ON,0.3609016935213716,0.6390983064786284,IND>OTH>GRN>ON,0.3824873853151572,0.6175126146848429,IND>OTH>GRN>LNP,LNP,LNP-ALP,0.16459140363995028,0.33540859636004966,Pass-through + sparse evidence off,False,2.549309716132192
Footscray,Western Metro,ALP,ALP,GRN,0.5190640245377146,0.48093597546228545,0.019064024537714608,ALP-GRN,IND>OTH>LNP>ON,0.6623571899044746,0.3376428100955255,IND>OTH>ON>GRN,0.7206504868832908,0.2793495131167092,IND>OTH>LNP>GRN,ALP,ALP-GRN,0.03215013800459354,0.6761389582170139,Pass-through + sparse evidence off,False,-1.37817683125393
Frankston,South-Eastern Metro,ALP,ON,ALP,0.5071391389745327,0.4928608610254673,0.007139138974532666,ON-ALP,IND>OTH>GRN>LNP,0.5251331395440023,0.47486686045599763,IND>OTH>GRN>ON,0.4928608610254673,0.5071391389745327,IND>OTH>GRN>LNP,ON,ON-ALP,0.007894300504420082,0.4875807393849895,Pass-through + sparse evidence off,False,3.755240015901279
Geelong,Western Victoria,ALP,ON,ALP,0.5322457075680974,0.46775429243190264,0.032245707568097415,ON-ALP,OTH>IND>GRN>LNP,0.5292657393258756,0.4707342606741244,OTH>IND>GRN>ON,0.46775429243190264,0.5322457075680974,OTH>IND>GRN>LNP,ON,ON-ALP,0.03202301215881842,0.49078396549619635,Pass-through + sparse evidence off,False,3.8481773829679264
Gippsland East,Eastern Victoria,LNP,LNP,ON,0.5783566944039251,0.4216433055960749,0.07835669440392512,LNP-ON,IND>OTH>ALP>GRN,0.21678290187210145,0.7832170981278986,IND>OTH>GRN>ON,0.20988789072443192,0.7901121092755681,IND>OTH>GRN>LNP,LNP,LNP-ON,0.07898801106349607,0.18081029226216866,Pass-through + sparse evidence off,False,3.5972609609932786
Gippsland South,Eastern Victoria,LNP,LNP,ON,0.5685917164822902,0.4314082835177098,0.06859171648229023,LNP-ON,OTH>IND>GRN>ALP,0.2763647060666359,0.7236352939333641,OTH>IND>GRN>ON,0.26396190799303304,0.7360380920069669,OTH>IND>GRN>LNP,LNP,LNP-ON,0.0687312488022912,0.24086941047336247,Pass-through + sparse evidence off,False,3.5495295593273415
Glen Waverley,North-Eastern Metro,ALP,LNP,ALP,0.5334171206064543,0.46658287939354576,0.0334171206064543,LNP-ALP,IND>OTH>GRN>ON,0.46658287939354576,0.5334171206064543,IND>OTH>GRN>ON,0.5880435248413967,0.4119564751586033,IND>OTH>GRN>LNP,LNP,LNP-ALP,0.053773596868354034,0.446226403131646,Pass-through + sparse evidence off,False,2.0356476261899736
Greenvale,Northern Metro,ALP,ALP,ON,0.5448877194572008,0.4551122805427993,0.044887719457200825,ALP-ON,IND>GRN>OTH>LNP,0.5719126353632528,0.4280873646367472,IND>GRN>OTH>ON,0.5448877194572008,0.4551122805427993,IND>GRN>OTH>LNP,ALP,ALP-ON,0.046133766369603535,0.5470222596033112,Pass-through + sparse evidence off,False,2.4890375759941574
Hastings,Eastern Victoria,ALP,LNP,ON,0.5495216938295775,0.4504783061704225,0.049521693829577496,LNP-ON,IND>OTH>GRN>ALP,0.4227810895068246,0.5772189104931755,IND>OTH>GRN>ON,0.39291198439728686,0.6070880156027132,IND>OTH>GRN>LNP,LNP,LNP-ON,0.049746062100094024,0.39069803706458317,Pass-through + sparse evidence off,False,3.208305244224141
Hawthorn,Southern Metro,LNP,LNP,GRN,0.6407146085452424,0.3592853914547576,0.14071460854524243,LNP-GRN,OTH>ON>ALP>IND,0.412585956027888,0.5874140439721119,OTH>ON>IND>GRN,0.6264544402789793,0.37354555972102066,OTH>IND>GRN>LNP,LNP,LNP-GRN,0.14516095765100312,0.4276945350736908,Pass-through + sparse evidence off,False,-1.5108579045802817
Ivanhoe,North-Eastern Metro,ALP,ALP,LNP,0.5492782163441534,0.45072178365584653,0.049278216344153414,ALP-LNP,OTH>IND>ON>GRN,0.5492782163441534,0.45072178365584653,OTH>IND>ON>GRN,0.6153044443794217,0.3846955556205784,OTH>IND>GRN>LNP,ALP,ALP-LNP,0.042151751531687376,0.5421517515316874,Pass-through + sparse evidence off,False,0.7126464812466038
Kalkallo,Northern Metro,ALP,ALP,ON,0.5337182406203103,0.4662817593796897,0.03371824062031026,ALP-ON,IND>GRN>OTH>LNP,0.5826661566298552,0.4173338433701448,IND>GRN>OTH>ON,0.5337182406203103,0.4662817593796897,IND>GRN>OTH>LNP,ALP,ALP-ON,0.03452307360609819,0.5598048968887227,Pass-through + sparse evidence off,False,2.286125974113251
Kew,Southern Metro,LNP,LNP,IND,0.6340205652787101,0.36597943472128985,0.1340205652787101,LNP-IND,OTH>ON>GRN>ALP,0.4044623794195308,0.5955376205804692,OTH>ON>GRN>IND,0.6182041826489626,0.3817958173510374,OTH>GRN>IND>LNP,LNP,LNP-IND,0.12983509535983428,0.4058426869975182,Pass-through + sparse evidence off,False,-0.13803075779874052
Kororoit,Western Metro,ALP,ALP,ON,0.5348953564554216,0.4651046435445783,0.03489535645542163,ALP-ON,IND>GRN>OTH>LNP,0.6061873299708954,0.39381267002910453,IND>GRN>OTH>ON,0.5348953564554216,0.4651046435445783,IND>GRN>OTH>LNP,ALP,ALP-ON,0.03667568042941627,0.5772479987987813,Pass-through + sparse evidence off,False,2.8939331172114113
Lara,Western Victoria,ALP,ON,ALP,0.5534949141081006,0.44650508589189947,0.05349491410810059,ON-ALP,IND>OTH>GRN>LNP,0.5426575113823175,0.4573424886176825,IND>OTH>GRN>ON,0.44650508589189947,0.5534949141081006,IND>OTH>GRN>LNP,ON,ON-ALP,0.05265383782890942,0.5035367450131508,Pass-through + sparse evidence off,False,3.9120766369166726
Laverton,Western Metro,ALP,ALP,ON,0.5682657630142204,0.4317342369857797,0.06826576301422038,ALP-ON,IND>OTH>GRN>LNP,0.6089984817458138,0.3910015182541863,IND>OTH>GRN>ON,0.5682657630142204,0.4317342369857797,IND>OTH>GRN>LNP,ALP,ALP-ON,0.06500049098880967,0.5732249387379217,Pass-through + sparse evidence off,False,3.577354300789215
Lowan,Western Victoria,LNP,LNP,ON,0.6089538085816576,0.39104619141834246,0.1089538085816576,LNP-ON,IND>OTH>ALP>GRN,0.2280638920011113,0.7719361079988886,IND>OTH>GRN>ON,0.23291139583884862,0.7670886041611514,IND>OTH>GRN>LNP,LNP,LNP-ON,0.11087163502118313,0.196298640597478,Pass-through + sparse evidence off,False,3.176525140363329
Macedon,Northern Victoria,ALP,ON,ALP,0.5419557363986773,0.4580442636013227,0.041955736398677335,ON-ALP,OTH>IND>GRN>LNP,0.5020006402355525,0.4979993597644476,OTH>IND>GRN>ON,0.4580442636013227,0.5419557363986773,OTH>IND>GRN>LNP,ON,ON-ALP,0.043051314427521636,0.47013668339363907,Pass-through + sparse evidence off,False,3.18639568419134
Malvern,Southern Metro,LNP,LNP,GRN,0.6634926239421391,0.3365073760578609,0.16349262394213915,LNP-GRN,IND>OTH>ON>ALP,0.35563212089813473,0.6443678791018652,IND>OTH>ON>GRN,0.5912349234330214,0.40876507656697864,IND>OTH>GRN>LNP,LNP,LNP-GRN,0.154830411279133,0.3492923647811958,Pass-through + sparse evidence off,False,0.6339756116938933
Melbourne,Northern Metro,GRN,GRN,ALP,0.6410318091094541,0.358968190890546,0.14103180910945412,GRN-ALP,IND>OTH>LNP>ON,0.6585606185255497,0.34143938147445035,IND>OTH>ON>GRN,0.7404057393745646,0.2595942606254355,IND>OTH>LNP>GRN,GRN,GRN-ALP,0.12959721114929978,0.6930828544888147,Pass-through + sparse evidence off,False,-3.452223596326498
Melton,Western Victoria,ALP,ON,ALP,0.569314437995405,0.430685562004595,0.06931443799540504,ON-ALP,GRN>OTH>LNP>IND,0.43959889845116207,0.5604011015488379,GRN>OTH>IND>ON,0.430685562004595,0.569314437995405,GRN>OTH>LNP>IND,ON,ON-ALP,0.0817979031260031,0.40504191733514977,Pass-through + sparse evidence off,False,3.4556981116012295
Mildura,Northern Victoria,LNP,ON,IND,0.5127132720622044,0.48728672793779565,0.012713272062204406,ON-IND,OTH>ALP>GRN>LNP,0.29065578990616925,0.7093442100938308,OTH>GRN>ON>IND,0.33924490967523563,0.6607550903247643,OTH>GRN>LNP>IND,ON,ON-IND,0.024348655030100752,0.25060242952196354,Pass-through + sparse evidence off,False,4.0053360384205705
Mill Park,North-Eastern Metro,ALP,ALP,ON,0.5197424221647323,0.48025757783526773,0.01974242216473232,ALP-ON,IND>OTH>GRN>LNP,0.5784737415554196,0.42152625844458047,IND>OTH>GRN>ON,0.5197424221647323,0.48025757783526773,IND>OTH>GRN>LNP,ALP,ALP-ON,0.021162102709912367,0.5429491291569318,Pass-through + sparse evidence off,False,3.552461239848781
Monbulk,Eastern Victoria,ALP,LNP,ALP,0.5207388140729096,0.4792611859270904,0.02073881407290956,LNP-ALP,OTH>IND>GRN>ON,0.4792611859270904,0.5207388140729096,OTH>IND>GRN>ON,0.44155714433391174,0.5584428556660882,OTH>IND>GRN>LNP,LNP,LNP-ALP,0.05018163683738386,0.4498183631626162,Pass-through + sparse evidence off,False,2.9442822764474186
Mordialloc,South-Eastern Metro,ALP,ALP,LNP,0.526169984997424,0.4738300150025761,0.026169984997423956,ALP-LNP,OTH>IND>GRN>ON,0.526169984997424,0.4738300150025761,OTH>IND>GRN>ON,0.5559775207215524,0.44402247927844757,OTH>IND>GRN>LNP,LNP,LNP-ALP,0.0052321221496481884,0.49476787785035176,Pass-through + sparse evidence off,True,3.1402107147072202
Mornington,Eastern Victoria,LNP,LNP,IND,0.6219830975194591,0.37801690248054093,0.12198309751945913,LNP-IND,OTH>GRN>ALP>ON,0.34108109753314425,0.6589189024668558,OTH>GRN>IND>ON,0.3469802047054419,0.6530197952945581,OTH>GRN>IND>LNP,LNP,LNP-IND,0.1410737928842648,0.3065488304248025,Pass-through + sparse evidence off,False,3.4532267108341728
Morwell,Eastern Victoria,LNP,ON,LNP,0.5409608706776634,0.4590391293223366,0.04096087067766341,ON-LNP,GRN>OTH>IND>ALP,0.40272226246649395,0.5972777375335061,GRN>OTH>IND>ON,0.32359038569789195,0.676409614302108,GRN>OTH>IND>LNP,ON,ON-LNP,0.042190970528307115,0.3484608165998567,Pass-through + sparse evidence off,False,5.426144586663723
Mulgrave,South-Eastern Metro,ALP,ALP,ON,0.6017587987997444,0.3982412012002556,0.10175879879974437,ALP-ON,OTH>GRN>IND>LNP,0.6383431283468093,0.3616568716531907,OTH>GRN>IND>ON,0.6017587987997444,0.3982412012002556,OTH>GRN>IND>LNP,ALP,ALP-ON,0.09528242883446991,0.596252604978061,Pass-through + sparse evidence off,False,4.20905233687483
Murray Plains,Northern Victoria,LNP,LNP,ON,0.5804373426434172,0.4195626573565828,0.08043734264341718,LNP-ON,IND>ALP>OTH>GRN,0.19947627542404922,0.8005237245759508,IND>GRN>OTH>ON,0.19337780976168636,0.8066221902383136,IND>GRN>OTH>LNP,LNP,LNP-ON,0.07784590501787991,0.1651270462838107,Pass-through + sparse evidence off,False,3.4349229140238524
Narracan,Eastern Victoria,LNP,LNP,ON,0.5963391519528962,0.40366084804710384,0.09633915195289622,LNP-ON,OTH>IND>ALP>GRN,0.37336844844517664,0.6266315515548234,OTH>IND>GRN>ON,0.35535044919340497,0.644649550806595,OTH>IND>GRN>LNP,LNP,LNP-ON,0.1018607605269275,0.34906264247124946,Pass-through + sparse evidence off,False,2.4305805973927175
Narre Warren North,South-Eastern Metro,ALP,ON,ALP,0.5123245969348744,0.4876754030651255,0.012324596934874421,ON-ALP,IND>OTH>GRN>LNP,0.5401075634919668,0.45989243650803324,IND>OTH>GRN>ON,0.4876754030651255,0.5123245969348744,IND>OTH>GRN>LNP,ON,ON-ALP,0.010497560135298012,0.5026677670760976,Pass-through + sparse evidence off,False,3.743979641586914
Narre Warren South,South-Eastern Metro,ALP,ON,ALP,0.5040173516976626,0.49598264830233746,0.004017351697662597,ON-ALP,IND>OTH>GRN>LNP,0.5379823198111159,0.4620176801888842,IND>OTH>GRN>ON,0.49598264830233746,0.5040173516976626,IND>OTH>GRN>LNP,ON,ON-ALP,0.001953167930933919,0.5021650679194825,Pass-through + sparse evidence off,False,3.581725189163343
Nepean,Eastern Victoria,LNP,LNP,ON,0.6269669262881408,0.3730330737118593,0.12696692628814077,LNP-ON,OTH>IND>GRN>ALP,0.3541674151249465,0.6458325848750536,OTH>IND>GRN>ON,0.37242191989508755,0.6275780801049125,OTH>IND>GRN>LNP,LNP,LNP-ON,0.12796975782265807,0.32722822575464605,Pass-through + sparse evidence off,False,2.693918937030043
Niddrie,Western Metro,ALP,ALP,ON,0.5004080872139465,0.49959191278605347,0.00040808721394647307,ALP-ON,IND>OTH>GRN>LNP,0.5043839869482231,0.495616013051777,IND>OTH>GRN>ON,0.5004080872139465,0.49959191278605347,IND>OTH>GRN>LNP,ON,ON-ALP,0.0001758746325596361,0.465586711813811,Pass-through + sparse evidence off,True,3.879727513441206
Northcote,Northern Metro,ALP,GRN,ALP,0.5511190598118739,0.44888094018812613,0.051119059811873924,GRN-ALP,IND>OTH>LNP>ON,0.7050072520237312,0.29499274797626884,IND>OTH>ON>GRN,0.7092827726501139,0.2907172273498862,IND>OTH>LNP>GRN,GRN,GRN-ALP,0.0370931725447301,0.729943201885343,Pass-through + sparse evidence off,False,-2.493594986161185
Oakleigh,Southern Metro,ALP,ALP,LNP,0.5764776200085825,0.42352237999141756,0.07647762000858249,ALP-LNP,OTH>IND>GRN>ON,0.5764776200085825,0.42352237999141756,OTH>IND>GRN>ON,0.5942626705506727,0.40573732944932733,OTH>IND>GRN>LNP,ALP,ALP-LNP,0.04467836459303831,0.5446783645930383,Pass-through + sparse evidence off,False,3.179925541554418
Ovens Valley,Northern Victoria,LNP,LNP,ON,0.5826208601814433,0.41737913981855673,0.08262086018144332,LNP-ON,IND>ALP>OTH>GRN,0.2720075957337595,0.7279924042662406,IND>OTH>GRN>ON,0.25310235774594453,0.7468976422540555,IND>OTH>GRN>LNP,LNP,LNP-ON,0.08172524111584978,0.23938740688134305,Pass-through + sparse evidence off,False,3.262018885241644
Pakenham,Eastern Victoria,ALP,LNP,ON,0.5099029889595501,0.4900970110404499,0.009902988959550107,LNP-ON,IND>OTH>GRN>ALP,0.41491149839420205,0.585088501605798,IND>OTH>GRN>ON,0.35933246911344513,0.6406675308865548,IND>OTH>GRN>LNP,LNP,LNP-ON,0.010831837988326098,0.3835567488442664,Pass-through + sparse evidence off,False,3.1354749549935668
Pascoe Vale,Northern Metro,ALP,GRN,ALP,0.5005890168832425,0.4994109831167574,0.0005890168832425324,GRN-ALP,OTH>IND>LNP>ON,0.5983179557942007,0.4016820442057994,OTH>IND>ON>GRN,0.6460225862313289,0.35397741376867115,OTH>IND>LNP>GRN,ALP,ALP-GRN,0.015797509425306222,0.6134692903098298,Pass-through + sparse evidence off,True,-1.5151334515629111
Point Cook,Western Metro,ALP,ON,ALP,0.5144151932551806,0.48558480674481946,0.014415193255180592,ON-ALP,OTH>GRN>IND>LNP,0.5531516758531515,0.44684832414684855,OTH>GRN>IND>ON,0.48558480674481946,0.5144151932551806,OTH>GRN>IND>LNP,ON,ON-ALP,0.01712351466450146,0.5105676306263236,Pass-through + sparse evidence off,False,4.25840452268279
Polwarth,Western Victoria,LNP,LNP,ON,0.6481124305239246,0.35188756947607536,0.14811243052392464,LNP-ON,IND>OTH>ALP>GRN,0.39325699848794665,0.6067430015120534,IND>OTH>GRN>ON,0.3989697207714543,0.6010302792285457,IND>OTH>GRN>LNP,LNP,LNP-ON,0.1533951179400923,0.36813938578719646,Pass-through + sparse evidence off,False,2.511761270075019
Prahran,Southern Metro,GRN,GRN,LNP,0.5845423574352919,0.4154576425647081,0.08454235743529193,GRN-LNP,IND>OTH>ALP>ON,0.5322014409674204,0.4677985590325796,IND>OTH>ON>GRN,0.6838677876755962,0.31613221232440386,IND>OTH>LNP>GRN,GRN,GRN-LNP,0.05538202213243548,0.5622306111100892,Pass-through + sparse evidence off,False,-3.0029170142668815
Preston,Northern Metro,ALP,ALP,ON,0.5956608752052305,0.4043391247947696,0.09566087520523048,ALP-ON,OTH>IND>LNP>GRN,0.6288069798553184,0.3711930201446816,OTH>IND>GRN>ON,0.5956608752052305,0.4043391247947696,OTH>IND>LNP>GRN,ALP,ALP-ON,0.09583824091259319,0.5925007963571941,Pass-through + sparse evidence off,False,3.630618349812431
Richmond,Northern Metro,GRN,GRN,ALP,0.6044857171494938,0.3955142828505062,0.10448571714949384,GRN-ALP,IND>OTH>LNP>ON,0.6963784362569558,0.3036215637430442,IND>OTH>ON>GRN,0.7535374739048694,0.2464625260951307,IND>OTH>LNP>GRN,GRN,GRN-ALP,0.09368168736773175,0.7291448635762262,Pass-through + sparse evidence off,False,-3.2766427319270375
Ringwood,North-Eastern Metro,ALP,LNP,ALP,0.5124585463038854,0.4875414536961146,0.012458546303885432,LNP-ALP,IND>OTH>ON>GRN,0.4875414536961146,0.5124585463038854,IND>OTH>ON>GRN,0.5616623401134496,0.4383376598865504,IND>OTH>GRN>LNP,LNP,LNP-ALP,0.0190159437425228,0.48098405625747725,Pass-through + sparse evidence off,False,0.6557397438637369
Ripon,Western Victoria,ALP,ON,ALP,0.6240075770745236,0.3759924229254764,0.12400757707452359,ON-ALP,IND>GRN>OTH>LNP,0.43945246655080195,0.560547533449198,IND>GRN>OTH>ON,0.3759924229254764,0.6240075770745236,IND>GRN>OTH>LNP,ON,ON-ALP,0.12383376164076232,0.4069761843514621,Pass-through + sparse evidence off,False,3.2476282199339845
Rowville,South-Eastern Metro,LNP,LNP,ALP,0.589849946268993,0.410150053731007,0.08984994626899301,LNP-ALP,OTH>IND>GRN>ON,0.410150053731007,0.589849946268993,OTH>IND>GRN>ON,0.48372037484883446,0.5162796251511655,OTH>IND>GRN>LNP,LNP,LNP-ALP,0.11229960967821606,0.387700390321784,Pass-through + sparse evidence off,False,2.2449663409223
Sandringham,Southern Metro,LNP,LNP,GRN,0.6292007430634514,0.37079925693654864,0.12920074306345142,LNP-GRN,OTH>IND>ALP>ON,0.38842799254613475,0.6115720074538652,OTH>IND>GRN>ON,0.5168203581616796,0.4831796418383204,OTH>IND>GRN>LNP,LNP,LNP-GRN,0.14592781811177835,0.364047523061292,Pass-through + sparse evidence off,False,2.4380469484842737
Shepparton,Northern Victoria,LNP,LNP,ON,0.5465223328327171,0.453477667167283,0.04652233283271712,LNP-ON,ALP>OTH>GRN>IND,0.3042517989889919,0.6957482010110082,OTH>GRN>IND>ON,0.2729220024783315,0.7270779975216686,OTH>GRN>IND>LNP,LNP,LNP-ON,0.04650971181765662,0.2419541110152772,Pass-through + sparse evidence off,False,6.229768797371471
South Barwon,Western Victoria,ALP,LNP,ALP,0.5165676787660903,0.4834323212339096,0.016567678766090332,LNP-ALP,IND>OTH>GRN>ON,0.4834323212339096,0.5165676787660903,IND>OTH>GRN>ON,0.48357194835299006,0.5164280516470099,IND>OTH>GRN>LNP,LNP,LNP-ALP,0.044242385247934,0.45575761475206594,Pass-through + sparse evidence off,False,2.767470648184367
South-West Coast,Western Victoria,LNP,LNP,IND,0.5907863118266118,0.4092136881733882,0.09078631182661179,LNP-IND,OTH>GRN>ALP>ON,0.34855549147488374,0.6514445085251163,OTH>GRN>ON>IND,0.33366378881176706,0.6663362111882329,OTH>GRN>IND>LNP,LNP,LNP-IND,0.11374102452433044,0.3384272955618427,Pass-through + sparse evidence off,False,1.0128195913041038
St Albans,Western Metro,ALP,ALP,ON,0.5417727063566499,0.45822729364335013,0.04177270635664987,ALP-ON,IND>GRN>OTH>LNP,0.5729892024124527,0.4270107975875473,IND>GRN>OTH>ON,0.5417727063566499,0.45822729364335013,IND>GRN>OTH>LNP,ALP,ALP-ON,0.0376618658591823,0.537074308227758,Pass-through + sparse evidence off,False,3.5914894184694623
Sunbury,Western Metro,ALP,ON,ALP,0.5808549513508108,0.41914504864918917,0.08085495135081078,ON-ALP,IND>OTH>GRN>LNP,0.4739953124379934,0.5260046875620066,IND>OTH>GRN>ON,0.41914504864918917,0.5808549513508108,IND>OTH>GRN>LNP,ON,ON-ALP,0.08046238576994458,0.43904949706850516,Pass-through + sparse evidence off,False,3.4945815369488265
Sydenham,Western Metro,ALP,ON,ALP,0.5113884753888904,0.4886115246111096,0.011388475388890429,ON-ALP,IND>GRN>OTH>LNP,0.5379253674668347,0.4620746325331652,IND>GRN>OTH>ON,0.4886115246111096,0.5113884753888904,IND>GRN>OTH>LNP,ON,ON-ALP,0.010711235509049732,0.503161655084245,Pass-through + sparse evidence off,False,3.4763712382589684
Tarneit,Western Metro,ALP,ALP,ON,0.52767807599248,0.47232192400752004,0.027678075992479956,ALP-ON,IND>OTH>GRN>LNP,0.5681420935736173,0.4318579064263826,IND>OTH>GRN>ON,0.52767807599248,0.47232192400752004,IND>OTH>GRN>LNP,ALP,ALP-ON,0.026752078697936832,0.5325214445132399,Pass-through + sparse evidence off,False,3.562064906037743
Thomastown,Northern Metro,ALP,ALP,ON,0.5513751180315802,0.4486248819684199,0.051375118031580236,ALP-ON,IND>OTH>GRN>LNP,0.6180910953872745,0.38190890461272564,IND>OTH>GRN>ON,0.5513751180315802,0.4486248819684199,IND>OTH>GRN>LNP,ALP,ALP-ON,0.05500110801488278,0.5867917184742931,Pass-through + sparse evidence off,False,3.1299376912981347
Warrandyte,North-Eastern Metro,LNP,LNP,ALP,0.6137820965138525,0.38621790348614743,0.11378209651385252,LNP-ALP,IND>OTH>GRN>ON,0.38621790348614743,0.6137820965138525,IND>OTH>GRN>ON,0.4949068053318782,0.5050931946681219,IND>OTH>GRN>LNP,LNP,LNP-ALP,0.13692440263291206,0.3630755973670879,Pass-through + sparse evidence off,False,2.314230611905954
Wendouree,Western Victoria,ALP,ON,ALP,0.5159598465236287,0.48404015347637136,0.015959846523628696,ON-ALP,IND>OTH>GRN>LNP,0.5099864831412827,0.49001351685871725,IND>OTH>GRN>ON,0.48404015347637136,0.5159598465236287,IND>OTH>GRN>LNP,ON,ON-ALP,0.01569232826626099,0.47739356273948613,Pass-through + sparse evidence off,False,3.2592920401796563
Werribee,Western Metro,ALP,ON,ALP,0.5557298728556623,0.4442701271443377,0.05572987285566233,ON-ALP,OTH>GRN>IND>LNP,0.5237657736964572,0.47623422630354295,OTH>GRN>IND>ON,0.4442701271443377,0.5557298728556623,OTH>GRN>IND>LNP,ON,ON-ALP,0.056613667955947466,0.4876823192407744,Pass-through + sparse evidence off,False,3.608345445568278
Williamstown,Western Metro,ALP,ALP,ON,0.5999389856163545,0.40006101438364544,0.0999389856163545,ALP-ON,IND>OTH>GRN>LNP,0.6081765302933181,0.39182346970668186,IND>OTH>GRN>ON,0.5999389856163545,0.40006101438364544,IND>OTH>GRN>LNP,ALP,ALP-ON,0.09457019069773154,0.5642256906948101,Pass-through + sparse evidence off,False,4.3950839598507985
Yan Yean,Northern Victoria,ALP,ON,ALP,0.5596575196004483,0.44034248039955165,0.059657519600448294,ON-ALP,IND>GRN>OTH>LNP,0.48446495721821864,0.5155350427817814,IND>GRN>OTH>ON,0.44034248039955165,0.5596575196004483,IND>GRN>OTH>LNP,ON,ON-ALP,0.05894072964056307,0.45815170999124105,Pass-through + sparse evidence off,False,2.6313247226977587
Albert Park,Southern Metro,ALP,ALP,LNP,0.5514804434337367,0.44851955656626336,0.0514804434337367,ALP-LNP,OTH>IND>ON>GRN,0.5514804434337367,0.44851955656626336,OTH>IND>ON>GRN,0.6399453234721011,0.36005467652789896,OTH>IND>GRN>LNP,ALP,ALP-LNP,0.0514804434337367,0.5514804434337367,OTH preference depletion off,False,0.0
Ashwood,Southern Metro,ALP,LNP,ALP,0.5250826457842138,0.4749173542157862,0.02508264578421382,LNP-ALP,OTH>IND>ON>GRN,0.4749173542157862,0.5250826457842138,OTH>IND>ON>GRN,0.6016271439110346,0.3983728560889655,OTH>IND>GRN>LNP,LNP,LNP-ALP,0.02508264578421382,0.4749173542157862,OTH preference depletion off,False,0.0
Bass,Eastern Victoria,ALP,LNP,ON,0.5413345331232254,0.45866546687677456,0.041334533123225436,LNP-ON,IND>OTH>GRN>ALP,0.3564461135043346,0.6435538864956655,IND>OTH>GRN>ON,0.3552759184034218,0.6447240815965782,IND>OTH>GRN>LNP,LNP,LNP-ON,0.04141818723661994,0.3564136291868352,OTH preference depletion off,False,0.0032484317499359427
Bayswater,North-Eastern Metro,ALP,LNP,ALP,0.572424153365083,0.42757584663491693,0.07242415336508301,LNP-ALP,IND>OTH>GRN>ON,0.42757584663491693,0.572424153365083,IND>OTH>GRN>ON,0.49778417763728566,0.5022158223627144,IND>OTH>GRN>LNP,LNP,LNP-ALP,0.07248159530229303,0.4275184046977069,OTH preference depletion off,False,0.005744193721002322
Bellarine,Western Victoria,ALP,LNP,ALP,0.5194550716634498,0.4805449283365501,0.01945507166344984,LNP-ALP,OTH>IND>GRN>ON,0.4805449283365501,0.5194550716634498,OTH>IND>GRN>ON,0.5034844698194301,0.49651553018056993,OTH>IND>GRN>LNP,LNP,LNP-ALP,0.019462522864581167,0.48053747713541883,OTH preference depletion off,False,0.0007451201131269958
Benambra,Northern Victoria,LNP,LNP,ON,0.5059390079046077,0.4940609920953924,0.005939007904607663,LNP-ON,ALP>OTH>GRN>IND,0.25017011359301905,0.7498298864069809,OTH>GRN>IND>ON,0.2268401837610698,0.7731598162389302,OTH>GRN>IND>LNP,LNP,LNP-ON,0.006312200270483959,0.25014225985580724,OTH preference depletion off,False,0.0027853737211813723
Bendigo East,Northern Victoria,ALP,LNP,ALP,0.5074928810288393,0.49250711897116084,0.007492881028839271,LNP-ALP,OTH>IND>GRN>ON,0.49250711897116084,0.5074928810288393,OTH>IND>GRN>ON,0.5224747817400899,0.47752521825991023,OTH>IND>GRN>LNP,LNP,LNP-ALP,0.007493920936272325,0.4925060790637276,OTH preference depletion off,False,0.0001039907433220133
Bendigo West,Northern Victoria,ALP,ALP,ON,0.5300357745386592,0.4699642254613408,0.030035774538659243,ALP-ON,IND>OTH>GRN>LNP,0.5314981190245651,0.4685018809754349,IND>OTH>GRN>ON,0.5300357745386592,0.4699642254613408,IND>OTH>GRN>LNP,ALP,ALP-ON,0.030132124125960558,0.5314300024829983,OTH preference depletion off,False,0.006811654156679836
Bentleigh,Southern Metro,ALP,LNP,ALP,0.5036804799664011,0.4963195200335989,0.0036804799664010845,LNP-ALP,OTH>IND>GRN>ON,0.4963195200335989,0.5036804799664011,OTH>IND>GRN>ON,0.5875918987933962,0.4124081012066037,OTH>IND>GRN>LNP,LNP,LNP-ALP,0.0036829284366566295,0.49631707156334337,OTH preference depletion off,False,0.00024484702555449545
Berwick,South-Eastern Metro,LNP,LNP,ON,0.6029110715968583,0.39708892840314164,0.1029110715968583,LNP-ON,IND>OTH>GRN>ALP,0.3413310790852057,0.6586689209147942,IND>OTH>GRN>ON,0.378188983868558,0.621811016131442,IND>OTH>GRN>LNP,LNP,LNP-ON,0.10294788657243659,0.34131758477210217,OTH preference depletion off,False,0.0013494313103545874
Box Hill,North-Eastern Metro,ALP,LNP,ALP,0.5130914398459073,0.4869085601540926,0.013091439845907327,LNP-ALP,IND>OTH>ON>GRN,0.4869085601540926,0.5130914398459073,IND>OTH>ON>GRN,0.6145268851890227,0.38547311481097735,IND>OTH>GRN>LNP,LNP,LNP-ALP,0.013091439845907327,0.4869085601540926,OTH preference depletion off,False,0.0
Brighton,Southern Metro,LNP,LNP,GRN,0.6091155867121948,0.3908844132878052,0.10911558671219479,LNP-GRN,OTH>IND>ON>ALP,0.38400455859206134,0.6159954414079386,OTH>IND>ON>GRN,0.5827036290920118,0.4172963709079882,OTH>IND>GRN>LNP,LNP,LNP-GRN,0.10911558671219479,0.38400455859206134,OTH preference depletion off,False,0.0
Broadmeadows,Northern Metro,ALP,ALP,ON,0.5445091635182195,0.4554908364817804,0.04450916351821954,ALP-ON,IND>GRN>OTH>LNP,0.5833276895521943,0.4166723104478058,IND>GRN>OTH>ON,0.5445091635182195,0.4554908364817804,IND>GRN>OTH>LNP,ALP,ALP-ON,0.045334347877091896,0.5829952981501101,OTH preference depletion off,False,0.03323914020841867
Brunswick,Northern Metro,GRN,GRN,ALP,0.6575454715346932,0.3424545284653069,0.15754547153469323,GRN-ALP,IND>LNP>OTH>ON,0.7678455724816395,0.23215442751836046,IND>OTH>ON>GRN,0.742976392670564,0.2570236073294361,IND>LNP>OTH>GRN,GRN,GRN-ALP,0.15742566101590016,0.7678455724816395,OTH preference depletion off,False,0.0
Bulleen,North-Eastern Metro,LNP,LNP,ALP,0.6438366079776472,0.3561633920223529,0.1438366079776472,LNP-ALP,IND>OTH>GRN>ON,0.3561633920223529,0.6438366079776472,IND>OTH>GRN>ON,0.5367494829749507,0.4632505170250493,IND>OTH>GRN>LNP,LNP,LNP-ALP,0.14383665564572257,0.3561633443542775,OTH preference depletion off,False,4.766807543132856e-06
Bundoora,North-Eastern Metro,ALP,ALP,ON,0.5664133109404444,0.4335866890595555,0.06641331094044445,ALP-ON,IND>OTH>GRN>LNP,0.533103973907142,0.4668960260928579,IND>OTH>GRN>ON,0.5664133109404444,0.4335866890595555,IND>OTH>GRN>LNP,ALP,ALP-ON,0.06650105638857207,0.5330571483415659,OTH preference depletion off,False,0.004682556557611406
Carrum,South-Eastern Metro,ALP,ON,ALP,0.5378661788067776,0.46213382119322244,0.03786617880677756,ON-ALP,IND>OTH>GRN>LNP,0.46711893304148766,0.5328810669585123,IND>OTH>GRN>ON,0.46213382119322244,0.5378661788067776,IND>OTH>GRN>LNP,ON,ON-ALP,0.03782775260646998,0.467084037757774,OTH preference depletion off,False,0.003489528371364292
Caulfield,Southern Metro,LNP,LNP,GRN,0.5997182182730068,0.40028178172699336,0.09971821827300675,LNP-GRN,OTH>IND>ON>ALP,0.40759457040167296,0.5924054295983271,OTH>IND>ON>GRN,0.5915963308105695,0.40840366918943044,OTH>IND>GRN>LNP,LNP,LNP-GRN,0.09971821827300675,0.40759457040167296,OTH preference depletion off,False,0.0
Clarinda,South-Eastern Metro,ALP,ALP,LNP,0.5274762410080309,0.472523758991969,0.02747624100803092,ALP-LNP,OTH>IND>GRN>ON,0.5274762410080309,0.472523758991969,OTH>IND>GRN>ON,0.5667767097342106,0.43322329026578943,OTH>IND>GRN>LNP,ALP,ALP-LNP,0.027470997094094507,0.5274709970940945,OTH preference depletion off,False,0.0005243913936414657
Cranbourne,South-Eastern Metro,ALP,ON,ALP,0.5355908985713211,0.4644091014286788,0.03559089857132114,ON-ALP,IND>GRN>OTH>LNP,0.48902328468059525,0.5109767153194047,IND>GRN>OTH>ON,0.4644091014286788,0.5355908985713211,IND>GRN>OTH>LNP,ON,ON-ALP,0.03441111732370983,0.4885317133977712,OTH preference depletion off,False,0.04915712828240659
Croydon,North-Eastern Metro,LNP,LNP,ALP,0.6083525768652974,0.3916474231347025,0.10835257686529742,LNP-ALP,IND>OTH>GRN>ON,0.3916474231347025,0.6083525768652974,IND>OTH>GRN>ON,0.479481377865145,0.520518622134855,IND>OTH>GRN>LNP,LNP,LNP-ALP,0.10839349330502757,0.3916065066949724,OTH preference depletion off,False,0.004091643973014314
Dandenong,South-Eastern Metro,ALP,ALP,ON,0.576757831242355,0.42324216875764503,0.07675783124235502,ALP-ON,IND>OTH>GRN>LNP,0.6018289530366149,0.3981710469633852,IND>OTH>GRN>ON,0.576757831242355,0.42324216875764503,IND>OTH>GRN>LNP,ALP,ALP-ON,0.07690658365561631,0.6017667425657133,OTH preference depletion off,False,0.006221047090160248
Eildon,Northern Victoria,LNP,LNP,ON,0.5854540447666465,0.4145459552333535,0.08545404476664653,LNP-ON,IND>OTH>GRN>ALP,0.3249289884004069,0.6750710115995932,IND>OTH>GRN>ON,0.34585546394482763,0.6541445360551724,IND>OTH>GRN>LNP,LNP,LNP-ON,0.08552037264263435,0.3249047940210597,OTH preference depletion off,False,0.0024194379347197703
Eltham,North-Eastern Metro,ALP,ALP,LNP,0.5001605105012268,0.49983948949877327,0.0001605105012267849,ALP-LNP,OTH>IND>GRN>ON,0.5001605105012268,0.49983948949877327,OTH>IND>GRN>ON,0.5571891754366631,0.4428108245633369,OTH>IND>GRN>LNP,ALP,ALP-LNP,0.00016051050122556365,0.5001605105012256,OTH preference depletion off,False,1.2212453270876722e-13
Essendon,Northern Metro,ALP,ALP,ON,0.5432803136829768,0.45671968631702325,0.0432803136829768,ALP-ON,IND>OTH>GRN>LNP,0.5104223166262087,0.48957768337379126,IND>OTH>GRN>ON,0.5432803136829768,0.45671968631702325,IND>OTH>GRN>LNP,ALP,ALP-ON,0.04345095233597218,0.5103546048923077,OTH preference depletion off,False,0.006771173390107688
Eureka,Western Victoria,ALP,ON,ALP,0.593399114103272,0.40660088589672805,0.09339911410327195,ON-ALP,IND>OTH>GRN>LNP,0.437321487772725,0.5626785122272749,IND>OTH>GRN>ON,0.40660088589672805,0.593399114103272,IND>OTH>GRN>LNP,ON,ON-ALP,0.09335043035271195,0.43726939556170064,OTH preference depletion off,False,0.005209221102436823
Euroa,Northern Victoria,LNP,LNP,ON,0.5725566791729699,0.4274433208270301,0.07255667917296993,LNP-ON,IND>OTH>GRN>ALP,0.28518746536593664,0.7148125346340634,IND>OTH>GRN>ON,0.3105502298563723,0.6894497701436277,IND>OTH>GRN>LNP,LNP,LNP-ON,0.07266040948626196,0.28516991996768976,OTH preference depletion off,False,0.0017545398246887611
Evelyn,Eastern Victoria,LNP,LNP,ALP,0.6645802249655818,0.33541977503441817,0.16458022496558178,LNP-ALP,IND>OTH>GRN>ON,0.33541977503441817,0.6645802249655818,IND>OTH>GRN>ON,0.38340495016759835,0.6165950498324017,IND>OTH>GRN>LNP,LNP,LNP-ALP,0.16459140363995028,0.33540859636004966,OTH preference depletion off,False,0.0011178674368506059
Footscray,Western Metro,ALP,ALP,GRN,0.5321310591302026,0.46786894086979736,0.032131059130202644,ALP-GRN,IND>OTH>LNP>ON,0.6761389582170139,0.3238610417829862,IND>OTH>ON>GRN,0.7204507107441763,0.2795492892558236,IND>OTH>LNP>GRN,ALP,ALP-GRN,0.03215013800459354,0.6761389582170139,OTH preference depletion off,False,0.0
Frankston,South-Eastern Metro,ALP,ON,ALP,0.508051435140843,0.4919485648591569,0.008051435140843055,ON-ALP,IND>OTH>GRN>LNP,0.48767605516543533,0.5123239448345647,IND>OTH>GRN>ON,0.4919485648591569,0.508051435140843,IND>OTH>GRN>LNP,ON,ON-ALP,0.007894300504420082,0.4875807393849895,OTH preference depletion off,False,0.00953157804458038
Geelong,Western Victoria,ALP,ON,ALP,0.5320362113544033,0.4679637886455967,0.032036211354403266,ON-ALP,OTH>IND>GRN>LNP,0.49079338657921234,0.5092066134207877,OTH>IND>GRN>ON,0.4679637886455967,0.5320362113544033,OTH>IND>GRN>LNP,ON,ON-ALP,0.03202301215881842,0.49078396549619635,OTH preference depletion off,False,0.0009421083015992426
Gippsland East,Eastern Victoria,LNP,LNP,ON,0.5788510401404444,0.4211489598595556,0.07885104014044442,LNP-ON,IND>OTH>ALP>GRN,0.18083796209052294,0.8191620379094771,IND>OTH>GRN>ON,0.21076576276280154,0.7892342372371984,IND>OTH>GRN>LNP,LNP,LNP-ON,0.07898801106349607,0.18081029226216866,OTH preference depletion off,False,0.0027669828354282
Gippsland South,Eastern Victoria,LNP,LNP,ON,0.5687219644258772,0.43127803557412286,0.06872196442587719,LNP-ON,OTH>IND>GRN>ALP,0.24087253720040624,0.7591274627995939,OTH>IND>GRN>ON,0.2640093576445727,0.7359906423554273,OTH>IND>GRN>LNP,LNP,LNP-ON,0.0687312488022912,0.24086941047336247,OTH preference depletion off,False,0.00031267270437784767
Glen Waverley,North-Eastern Metro,ALP,LNP,ALP,0.5537483387779067,0.4462516612220933,0.053748338777906746,LNP-ALP,IND>OTH>GRN>ON,0.4462516612220933,0.5537483387779067,IND>OTH>GRN>ON,0.5869649373609168,0.41303506263908324,IND>OTH>GRN>LNP,LNP,LNP-ALP,0.053773596868354034,0.446226403131646,OTH preference depletion off,False,0.0025258090447288772
Greenvale,Northern Metro,ALP,ALP,ON,0.5448661858740154,0.4551338141259846,0.04486618587401536,ALP-ON,IND>GRN>OTH>LNP,0.5475521931424562,0.45244780685754393,IND>GRN>OTH>ON,0.5448661858740154,0.4551338141259846,IND>GRN>OTH>LNP,ALP,ALP-ON,0.046133766369603535,0.5470222596033112,OTH preference depletion off,False,0.052993353914498886
Hastings,Eastern Victoria,ALP,LNP,ON,0.5496493628131471,0.4503506371868529,0.049649362813147135,LNP-ON,IND>OTH>GRN>ALP,0.39073115607577386,0.6092688439242262,IND>OTH>GRN>ON,0.3923728157669596,0.6076271842330404,IND>OTH>GRN>LNP,LNP,LNP-ON,0.049746062100094024,0.39069803706458317,OTH preference depletion off,False,0.003311901119068539
Hawthorn,Southern Metro,LNP,LNP,GRN,0.6451609576510031,0.354839042348997,0.14516095765100312,LNP-GRN,OTH>ON>ALP>IND,0.4276945350736908,0.5723054649263093,OTH>ON>IND>GRN,0.6283538949321203,0.37164610506787965,OTH>IND>GRN>LNP,LNP,LNP-GRN,0.14516095765100312,0.4276945350736908,OTH preference depletion off,False,0.0
Ivanhoe,North-Eastern Metro,ALP,ALP,LNP,0.5421517515316874,0.4578482484683127,0.042151751531687376,ALP-LNP,OTH>IND>ON>GRN,0.5421517515316874,0.4578482484683127,OTH>IND>ON>GRN,0.6133806316454327,0.3866193683545674,OTH>IND>GRN>LNP,ALP,ALP-LNP,0.042151751531687376,0.5421517515316874,OTH preference depletion off,False,0.0
Kalkallo,Northern Metro,ALP,ALP,ON,0.5338759586712697,0.46612404132873025,0.03387595867126969,ALP-ON,IND>GRN>OTH>LNP,0.5602278258159448,0.43977217418405534,IND>GRN>OTH>ON,0.5338759586712697,0.46612404132873025,IND>GRN>OTH>LNP,ALP,ALP-ON,0.03452307360609819,0.5598048968887227,OTH preference depletion off,False,0.0422928927222066
Kew,Southern Metro,LNP,LNP,IND,0.6298350953598343,0.3701649046401657,0.12983509535983428,LNP-IND,OTH>ON>GRN>ALP,0.4058426869975182,0.5941573130024818,OTH>ON>GRN>IND,0.6183583180779272,0.3816416819220728,OTH>GRN>IND>LNP,LNP,LNP-IND,0.12983509535983428,0.4058426869975182,OTH preference depletion off,False,0.0
Kororoit,Western Metro,ALP,ALP,ON,0.5352134063468479,0.46478659365315206,0.035213406346847886,ALP-ON,IND>GRN>OTH>LNP,0.5777706198861707,0.4222293801138293,IND>GRN>OTH>ON,0.5352134063468479,0.46478659365315206,IND>GRN>OTH>LNP,ALP,ALP-ON,0.03667568042941627,0.5772479987987813,OTH preference depletion off,False,0.05226210873894299
Lara,Western Victoria,ALP,ON,ALP,0.5527272499794286,0.4472727500205715,0.05272724997942857,ON-ALP,IND>OTH>GRN>LNP,0.5035995623696787,0.4964004376303213,IND>OTH>GRN>ON,0.4472727500205715,0.5527272499794286,IND>OTH>GRN>LNP,ON,ON-ALP,0.05265383782890942,0.5035367450131508,OTH preference depletion off,False,0.0062817356527911095
Laverton,Western Metro,ALP,ALP,ON,0.5646583232615565,0.43534167673844354,0.06465832326155652,ALP-ON,IND>OTH>GRN>LNP,0.5733425697966527,0.4266574302033474,IND>OTH>GRN>ON,0.5646583232615565,0.43534167673844354,IND>OTH>GRN>LNP,ALP,ALP-ON,0.06500049098880967,0.5732249387379217,OTH preference depletion off,False,0.011763105873097146
Lowan,Western Victoria,LNP,LNP,ON,0.6108130628847461,0.389186937115254,0.11081306288474613,LNP-ON,IND>OTH>ALP>GRN,0.19632363408249612,0.8036763659175039,IND>OTH>GRN>ON,0.23463131870632087,0.7653686812936792,IND>OTH>GRN>LNP,LNP,LNP-ON,0.11087163502118313,0.196298640597478,OTH preference depletion off,False,0.002499348501810994
Macedon,Northern Victoria,ALP,ON,ALP,0.5430623089979633,0.4569376910020368,0.04306230899796326,ON-ALP,OTH>IND>GRN>LNP,0.4701493811387281,0.5298506188612719,OTH>IND>GRN>ON,0.4569376910020368,0.5430623089979633,OTH>IND>GRN>LNP,ON,ON-ALP,0.043051314427521636,0.47013668339363907,OTH preference depletion off,False,0.001269774508905197
Malvern,Southern Metro,LNP,LNP,GRN,0.654830411279133,0.34516958872086706,0.154830411279133,LNP-GRN,IND>OTH>ON>ALP,0.3492923647811958,0.6507076352188043,IND>OTH>ON>GRN,0.5879172541631127,0.41208274583688737,IND>OTH>GRN>LNP,LNP,LNP-GRN,0.154830411279133,0.3492923647811958,OTH preference depletion off,False,0.0
Melbourne,Northern Metro,GRN,GRN,ALP,0.629609653262276,0.3703903467377241,0.12960965326227603,GRN-ALP,IND>OTH>LNP>ON,0.6930828544888147,0.3069171455111854,IND>OTH>ON>GRN,0.7402735613973702,0.2597264386026299,IND>OTH>LNP>GRN,GRN,GRN-ALP,0.12959721114929978,0.6930828544888147,OTH preference depletion off,False,0.0
Melton,Western Victoria,ALP,ON,ALP,0.5825534444762844,0.4174465555237156,0.08255344447628443,ON-ALP,GRN>OTH>LNP>IND,0.405376071474897,0.5946239285251029,GRN>OTH>IND>ON,0.4174465555237156,0.5825534444762844,GRN>OTH>LNP>IND,ON,ON-ALP,0.0817979031260031,0.40504191733514977,OTH preference depletion off,False,0.03341541397472447
Mildura,Northern Victoria,LNP,ON,IND,0.5243486550339919,0.4756513449660081,0.02434865503399186,ON-IND,OTH>ALP>GRN>LNP,0.2506024295221812,0.7493975704778189,OTH>GRN>ON>IND,0.31782951683928445,0.6821704831607155,OTH>GRN>LNP>IND,ON,ON-IND,0.024348655030100752,0.25060242952196354,OTH preference depletion off,False,2.1765922397776194e-11
Mill Park,North-Eastern Metro,ALP,ALP,ON,0.5209549984394528,0.4790450015605473,0.02095499843945281,ALP-ON,IND>OTH>GRN>LNP,0.5430329692769619,0.4569670307230381,IND>OTH>GRN>ON,0.5209549984394528,0.4790450015605473,IND>OTH>GRN>LNP,ALP,ALP-ON,0.021162102709912367,0.5429491291569318,OTH preference depletion off,False,0.008384012003004315
Monbulk,Eastern Victoria,ALP,LNP,ALP,0.5501721918760029,0.4498278081239971,0.05017219187600286,LNP-ALP,OTH>IND>GRN>ON,0.4498278081239971,0.5501721918760029,OTH>IND>GRN>ON,0.44136258511287124,0.5586374148871287,OTH>IND>GRN>LNP,LNP,LNP-ALP,0.05018163683738386,0.4498183631626162,OTH preference depletion off,False,0.0009444961380888905
Mordialloc,South-Eastern Metro,ALP,LNP,ALP,0.5052257866534791,0.494774213346521,0.005225786653479059,LNP-ALP,OTH>IND>GRN>ON,0.494774213346521,0.5052257866534791,OTH>IND>GRN>ON,0.5551858976253301,0.44481410237466984,OTH>IND>GRN>LNP,LNP,LNP-ALP,0.0052321221496481884,0.49476787785035176,OTH preference depletion off,False,0.0006335496169240784
Mornington,Eastern Victoria,LNP,LNP,IND,0.6410737928835568,0.3589262071164432,0.14107379288355681,LNP-IND,OTH>GRN>ALP>ON,0.3065488304264933,0.6934511695735067,OTH>GRN>IND>ON,0.33981550426932045,0.6601844957306796,OTH>GRN>IND>LNP,LNP,LNP-IND,0.1410737928842648,0.3065488304248025,OTH preference depletion off,False,1.690758644201651e-10
Morwell,Eastern Victoria,LNP,ON,LNP,0.5438996277102834,0.4561003722897165,0.04389962771028344,ON-LNP,GRN>OTH>IND>ALP,0.3489823642788567,0.6510176357211432,GRN>OTH>IND>ON,0.3150740368887593,0.6849259631112407,GRN>OTH>IND>LNP,ON,ON-LNP,0.042190970528307115,0.3484608165998567,OTH preference depletion off,False,0.052154767899997845
Mulgrave,South-Eastern Metro,ALP,ALP,ON,0.5952824288300846,0.4047175711699153,0.09528242883008464,ALP-ON,OTH>GRN>IND>LNP,0.5962526049806941,0.40374739501930584,OTH>GRN>IND>ON,0.5952824288300846,0.4047175711699153,OTH>GRN>IND>LNP,ALP,ALP-ON,0.09528242883446991,0.596252604978061,OTH preference depletion off,False,2.633115947503484e-10
Murray Plains,Northern Victoria,LNP,LNP,ON,0.5765760075480608,0.4234239924519392,0.07657600754806082,LNP-ON,IND>ALP>OTH>GRN,0.16542380480741486,0.8345761951925851,IND>GRN>OTH>ON,0.19353413939368735,0.8064658606063126,IND>GRN>OTH>LNP,LNP,LNP-ON,0.07784590501787991,0.1651270462838107,OTH preference depletion off,False,0.02967585236041681
Narracan,Eastern Victoria,LNP,LNP,ON,0.6018607605243094,0.39813923947569063,0.10186076052430937,LNP-ON,OTH>IND>ALP>GRN,0.3490626424721806,0.6509373575278194,OTH>IND>GRN>ON,0.36629555713989403,0.6337044428601061,OTH>IND>GRN>LNP,LNP,LNP-ON,0.1018607605269275,0.34906264247124946,OTH preference depletion off,False,9.311440507531188e-11
Narre Warren North,South-Eastern Metro,ALP,ON,ALP,0.5106788597826438,0.4893211402173562,0.010678859782643824,ON-ALP,IND>OTH>GRN>LNP,0.5027414870483405,0.49725851295165946,IND>OTH>GRN>ON,0.4893211402173562,0.5106788597826438,IND>OTH>GRN>LNP,ON,ON-ALP,0.010497560135298012,0.5026677670760976,OTH preference depletion off,False,0.0073719972242924925
Narre Warren South,South-Eastern Metro,ALP,ON,ALP,0.5021241359931059,0.49787586400689415,0.0021241359931059023,ON-ALP,IND>OTH>GRN>LNP,0.5022320876512567,0.49776791234874335,IND>OTH>GRN>ON,0.49787586400689415,0.5021241359931059,IND>OTH>GRN>LNP,ON,ON-ALP,0.001953167930933919,0.5021650679194825,OTH preference depletion off,False,0.00670197317742538
Nepean,Eastern Victoria,LNP,LNP,ON,0.627969757819447,0.37203024218055303,0.12796975781944697,LNP-ON,OTH>IND>GRN>ALP,0.3272282257558186,0.6727717742441813,OTH>IND>GRN>ON,0.37321411533857235,0.6267858846614276,OTH>IND>GRN>LNP,LNP,LNP-ON,0.12796975782265807,0.32722822575464605,OTH preference depletion off,False,1.172562047457859e-10
Niddrie,Western Metro,ALP,ON,ALP,0.5003104570083874,0.49968954299161256,0.0003104570083873881,ON-ALP,IND>OTH>GRN>LNP,0.46564622611624257,0.5343537738837575,IND>OTH>GRN>ON,0.49968954299161256,0.5003104570083874,IND>OTH>GRN>LNP,ON,ON-ALP,0.0001758746325596361,0.465586711813811,OTH preference depletion off,False,0.005951430243156253
Northcote,Northern Metro,ALP,GRN,ALP,0.5371118997294987,0.46288810027050137,0.03711189972949869,GRN-ALP,IND>OTH>LNP>ON,0.729943201885343,0.270056798114657,IND>OTH>ON>GRN,0.7090837931704254,0.2909162068295746,IND>OTH>LNP>GRN,GRN,GRN-ALP,0.0370931725447301,0.729943201885343,OTH preference depletion off,False,0.0
Oakleigh,Southern Metro,ALP,ALP,LNP,0.5446783645930393,0.45532163540696075,0.04467836459303931,ALP-LNP,OTH>IND>GRN>ON,0.5446783645930393,0.45532163540696075,OTH>IND>GRN>ON,0.5927545519663254,0.40724544803367463,OTH>IND>GRN>LNP,ALP,ALP-LNP,0.04467836459303831,0.5446783645930383,OTH preference depletion off,False,9.992007221626409e-14
Ovens Valley,Northern Victoria,LNP,LNP,ON,0.579746664199669,0.420253335800331,0.07974666419966903,LNP-ON,IND>ALP>OTH>GRN,0.23948055328115742,0.7605194467188425,IND>OTH>GRN>ON,0.2528161432327386,0.7471838567672614,IND>OTH>GRN>LNP,LNP,LNP-ON,0.08172524111584978,0.23938740688134305,OTH preference depletion off,False,0.009314639981436446
Pakenham,Eastern Victoria,ALP,LNP,ON,0.5105856682032318,0.4894143317967682,0.010585668203231813,LNP-ON,IND>OTH>GRN>ALP,0.38363475186278145,0.6163652481372185,IND>OTH>GRN>ON,0.3628050519766301,0.63719494802337,IND>OTH>GRN>LNP,LNP,LNP-ON,0.010831837988326098,0.3835567488442664,OTH preference depletion off,False,0.007800301851507152
Pascoe Vale,Northern Metro,ALP,ALP,GRN,0.5157858629184114,0.4842141370815885,0.015785862918411442,ALP-GRN,OTH>IND>LNP>ON,0.6134692903098298,0.3865307096901703,OTH>IND>ON>GRN,0.6481321973997625,0.3518678026002376,OTH>IND>LNP>GRN,ALP,ALP-GRN,0.015797509425306222,0.6134692903098298,OTH preference depletion off,False,0.0
Point Cook,Western Metro,ALP,ON,ALP,0.5173452038973656,0.48265479610263445,0.017345203897365602,ON-ALP,OTH>GRN>IND>LNP,0.5106390679745144,0.48936093202548564,OTH>GRN>IND>ON,0.48265479610263445,0.5173452038973656,OTH>GRN>IND>LNP,ON,ON-ALP,0.01712351466450146,0.5105676306263236,OTH preference depletion off,False,0.007143734819081704
Polwarth,Western Victoria,LNP,LNP,ON,0.6533502375179773,0.3466497624820227,0.15335023751797727,LNP-ON,IND>OTH>ALP>GRN,0.3681605256521709,0.631839474347829,IND>OTH>GRN>ON,0.39735547657053527,0.6026445234294647,IND>OTH>GRN>LNP,LNP,LNP-ON,0.1533951179400923,0.36813938578719646,OTH preference depletion off,False,0.002113986497442877
Prahran,Southern Metro,GRN,GRN,LNP,0.5554255157805444,0.4445744842194555,0.05542551578054444,GRN-LNP,IND>OTH>ALP>ON,0.5622306111100892,0.43776938888991074,IND>OTH>ON>GRN,0.6678911496984691,0.33210885030153087,IND>OTH>LNP>GRN,GRN,GRN-LNP,0.05538202213243548,0.5622306111100892,OTH preference depletion off,False,0.0
Preston,Northern Metro,ALP,ALP,ON,0.5957551024064088,0.4042448975935912,0.09575510240640883,ALP-ON,OTH>IND>LNP>GRN,0.5925808389466674,0.4074191610533327,OTH>IND>GRN>ON,0.5957551024064088,0.4042448975935912,OTH>IND>LNP>GRN,ALP,ALP-ON,0.09583824091259319,0.5925007963571941,OTH preference depletion off,False,0.008004258947325038
Richmond,Northern Metro,GRN,GRN,ALP,0.5936955799143347,0.4063044200856653,0.09369557991433475,GRN-ALP,IND>OTH>LNP>ON,0.7291448635762262,0.27085513642377385,IND>OTH>ON>GRN,0.7539194489753224,0.24608055102467774,IND>OTH>LNP>GRN,GRN,GRN-ALP,0.09368168736773175,0.7291448635762262,OTH preference depletion off,False,0.0
Ringwood,North-Eastern Metro,ALP,LNP,ALP,0.5190159437425228,0.48098405625747725,0.0190159437425228,LNP-ALP,IND>OTH>ON>GRN,0.48098405625747725,0.5190159437425228,IND>OTH>ON>GRN,0.5600176304599865,0.4399823695400135,IND>OTH>GRN>LNP,LNP,LNP-ALP,0.0190159437425228,0.48098405625747725,OTH preference depletion off,False,0.0
Ripon,Western Victoria,ALP,ON,ALP,0.6244350230222181,0.37556497697778196,0.1244350230222181,ON-ALP,IND>GRN>OTH>LNP,0.4074618048001578,0.5925381951998422,IND>GRN>OTH>ON,0.37556497697778196,0.6244350230222181,IND>GRN>OTH>LNP,ON,ON-ALP,0.12383376164076232,0.4069761843514621,OTH preference depletion off,False,0.048562044869571164
Rowville,South-Eastern Metro,LNP,LNP,ALP,0.6122996096782153,0.38770039032178466,0.11229960967821528,LNP-ALP,OTH>IND>GRN>ON,0.38770039032178466,0.6122996096782153,OTH>IND>GRN>ON,0.4871954318537994,0.5128045681462006,OTH>IND>GRN>LNP,LNP,LNP-ALP,0.11229960967821606,0.387700390321784,OTH preference depletion off,False,6.661338147750939e-14
Sandringham,Southern Metro,LNP,LNP,GRN,0.6459093860703388,0.3540906139296612,0.14590938607033876,LNP-GRN,OTH>IND>ALP>ON,0.36406577282845776,0.6359342271715422,OTH>IND>GRN>ON,0.5148735698599946,0.4851264301400054,OTH>IND>GRN>LNP,LNP,LNP-GRN,0.14592781811177835,0.364047523061292,OTH preference depletion off,False,0.0018249767165745556
Shepparton,Northern Victoria,LNP,LNP,ON,0.5463037750287222,0.4536962249712779,0.04630377502872218,LNP-ON,ALP>OTH>GRN>IND,0.24197820751949511,0.7580217924805049,OTH>GRN>IND>ON,0.25691680665560956,0.7430831933443904,OTH>GRN>IND>LNP,LNP,LNP-ON,0.04650971181765662,0.2419541110152772,OTH preference depletion off,False,0.0024096504217918646
South Barwon,Western Victoria,ALP,LNP,ALP,0.544179804420935,0.4558201955790649,0.044179804420935054,LNP-ALP,IND>OTH>GRN>ON,0.4558201955790649,0.544179804420935,IND>OTH>GRN>ON,0.48347338006368906,0.5165266199363109,IND>OTH>GRN>LNP,LNP,LNP-ALP,0.044242385247934,0.45575761475206594,OTH preference depletion off,False,0.006258082699894807
South-West Coast,Western Victoria,LNP,LNP,IND,0.6137403845018103,0.38625961549818966,0.11374038450181034,LNP-IND,OTH>GRN>ALP>ON,0.33842759286892293,0.6615724071310771,OTH>GRN>ON>IND,0.33555354325743436,0.6644464567425657,OTH>GRN>IND>LNP,LNP,LNP-IND,0.11374102452433044,0.3384272955618427,OTH preference depletion off,False,2.9730708023256724e-05
St Albans,Western Metro,ALP,ALP,ON,0.5362835498609904,0.46371645013900964,0.03628354986099036,ALP-ON,IND>GRN>OTH>LNP,0.5377197637539541,0.46228023624604586,IND>GRN>OTH>ON,0.5362835498609904,0.46371645013900964,IND>GRN>OTH>LNP,ALP,ALP-ON,0.0376618658591823,0.537074308227758,OTH preference depletion off,False,0.06454555261961037
Sunbury,Western Metro,ALP,ON,ALP,0.5805164096138847,0.4194835903861154,0.08051640961388473,ON-ALP,IND>OTH>GRN>LNP,0.43909523826522845,0.5609047617347716,IND>OTH>GRN>ON,0.4194835903861154,0.5805164096138847,IND>OTH>GRN>LNP,ON,ON-ALP,0.08046238576994458,0.43904949706850516,OTH preference depletion off,False,0.0045741196723292354
Sydenham,Western Metro,ALP,ON,ALP,0.5118104486421274,0.4881895513578726,0.011810448642127436,ON-ALP,IND>GRN>OTH>LNP,0.5036149670553852,0.4963850329446148,IND>GRN>OTH>ON,0.4881895513578726,0.5118104486421274,IND>GRN>OTH>LNP,ON,ON-ALP,0.010711235509049732,0.503161655084245,OTH preference depletion off,False,0.04533119711401801
Tarneit,Western Metro,ALP,ALP,ON,0.526608661868244,0.4733913381317561,0.026608661868243955,ALP-ON,IND>OTH>GRN>LNP,0.532585614238847,0.46741438576115296,IND>OTH>GRN>ON,0.526608661868244,0.4733913381317561,IND>OTH>GRN>LNP,ALP,ALP-ON,0.026752078697936832,0.5325214445132399,OTH preference depletion off,False,0.006416972560707723
Thomastown,Northern Metro,ALP,ALP,ON,0.5548084055815558,0.4451915944184442,0.05480840558155575,ALP-ON,IND>OTH>GRN>LNP,0.5868709700925365,0.4131290299074634,IND>OTH>GRN>ON,0.5548084055815558,0.4451915944184442,IND>OTH>GRN>LNP,ALP,ALP-ON,0.05500110801488278,0.5867917184742931,OTH preference depletion off,False,0.007925161824340332
Warrandyte,North-Eastern Metro,LNP,LNP,ALP,0.6369237807016698,0.3630762192983303,0.13692378070166977,LNP-ALP,IND>OTH>GRN>ON,0.3630762192983303,0.6369237807016698,IND>OTH>GRN>ON,0.4940905706594983,0.5059094293405016,IND>OTH>GRN>LNP,LNP,LNP-ALP,0.13692440263291206,0.3630755973670879,OTH preference depletion off,False,6.219312423949575e-05
Wendouree,Western Victoria,ALP,ON,ALP,0.5157500457395671,0.484249954260433,0.015750045739567065,ON-ALP,IND>OTH>GRN>LNP,0.47742971727003775,0.5225702827299623,IND>OTH>GRN>ON,0.484249954260433,0.5157500457395671,IND>OTH>GRN>LNP,ON,ON-ALP,0.01569232826626099,0.47739356273948613,OTH preference depletion off,False,0.0036154530551613107
Werribee,Western Metro,ALP,ON,ALP,0.5567195840822844,0.44328041591771566,0.05671958408228439,ON-ALP,OTH>GRN>IND>LNP,0.4877424624540908,0.5122575375459092,OTH>GRN>IND>ON,0.44328041591771566,0.5567195840822844,OTH>GRN>IND>LNP,ON,ON-ALP,0.056613667955947466,0.4876823192407744,OTH preference depletion off,False,0.0060143213316432576
Williamstown,Western Metro,ALP,ALP,ON,0.5942970533290859,0.40570294667091417,0.09429705332908589,ALP-ON,IND>OTH>GRN>LNP,0.5643243967571856,0.43567560324281446,IND>OTH>GRN>ON,0.5942970533290859,0.40570294667091417,IND>OTH>GRN>LNP,ALP,ALP-ON,0.09457019069773154,0.5642256906948101,OTH preference depletion off,False,0.009870606237549762
Yan Yean,Northern Victoria,ALP,ON,ALP,0.5597050327654216,0.44029496723457834,0.059705032765421606,ON-ALP,IND>GRN>OTH>LNP,0.4586487693933932,0.5413512306066067,IND>GRN>OTH>ON,0.44029496723457834,0.5597050327654216,IND>GRN>OTH>LNP,ON,ON-ALP,0.05894072964056307,0.45815170999124105,OTH preference depletion off,False,0.04970594021521668
Albert Park,Southern Metro,ALP,ALP,LNP,0.5617935112678573,0.4382064887321428,0.06179351126785726,ALP-LNP,OTH>IND>ON>GRN,0.5617935112678573,0.4382064887321428,OTH>IND>ON>GRN,0.6453885487491245,0.3546114512508754,OTH>IND>GRN>LNP,ALP,ALP-LNP,0.0514804434337367,0.5514804434337367,Joint architecture stress,False,1.031306783412056
Ashwood,Southern Metro,ALP,LNP,ALP,0.5193869731923388,0.4806130268076612,0.01938697319233884,LNP-ALP,OTH>IND>ON>GRN,0.4806130268076612,0.5193869731923388,OTH>IND>ON>GRN,0.6030411144631057,0.39695888553689435,OTH>IND>GRN>LNP,LNP,LNP-ALP,0.02508264578421382,0.4749173542157862,Joint architecture stress,False,0.5695672591875034
Bass,Eastern Victoria,ALP,LNP,ON,0.5413310913514552,0.45866890864854487,0.041331091351455185,LNP-ON,IND>OTH>GRN>ALP,0.3896630723592552,0.6103369276407449,IND>OTH>GRN>ON,0.35522736063310084,0.6447726393668992,IND>OTH>GRN>LNP,LNP,LNP-ON,0.04141818723661994,0.3564136291868352,Joint architecture stress,False,3.3249443172419957
Bayswater,North-Eastern Metro,ALP,LNP,ALP,0.5437401024186742,0.45625989758132574,0.04374010241867421,LNP-ALP,IND>OTH>GRN>ON,0.45625989758132574,0.5437401024186742,IND>OTH>GRN>ON,0.4984976114139119,0.5015023885860882,IND>OTH>GRN>LNP,LNP,LNP-ALP,0.07248159530229303,0.4275184046977069,Joint architecture stress,False,2.8741492883618824
Bellarine,Western Victoria,ALP,ALP,LNP,0.5022939809157607,0.49770601908423934,0.0022939809157607183,ALP-LNP,OTH>IND>GRN>ON,0.5022939809157607,0.49770601908423934,OTH>IND>GRN>ON,0.5030735604997941,0.4969264395002059,OTH>IND>GRN>LNP,LNP,LNP-ALP,0.019462522864581167,0.48053747713541883,Joint architecture stress,True,2.1756503780341885
Benambra,Northern Victoria,LNP,LNP,ON,0.5061802885395229,0.49381971146047715,0.006180288539522905,LNP-ON,ALP>OTH>GRN>IND,0.30693647486944936,0.6930635251305506,OTH>GRN>IND>ON,0.24284798226079485,0.7571520177392052,OTH>GRN>IND>LNP,LNP,LNP-ON,0.006312200270483959,0.25014225985580724,Joint architecture stress,False,5.679421501364212
Bendigo East,Northern Victoria,ALP,ALP,LNP,0.5198986766466659,0.48010132335333405,0.01989867664666589,ALP-LNP,OTH>IND>GRN>ON,0.5198986766466659,0.48010132335333405,OTH>IND>GRN>ON,0.521769606105962,0.478230393894038,OTH>IND>GRN>LNP,LNP,LNP-ALP,0.007493920936272325,0.4925060790637276,Joint architecture stress,True,2.7392597582938274
Bendigo West,Northern Victoria,ALP,ALP,ON,0.5303937129415267,0.46960628705847335,0.030393712941526707,ALP-ON,IND>OTH>GRN>LNP,0.5604313812448474,0.4395686187551527,IND>OTH>GRN>ON,0.5303937129415267,0.46960628705847335,IND>OTH>GRN>LNP,ALP,ALP-ON,0.030132124125960558,0.5314300024829983,Joint architecture stress,False,2.900137876184905
Bentleigh,Southern Metro,ALP,ALP,LNP,0.5231704790488216,0.47682952095117836,0.023170479048821635,ALP-LNP,OTH>IND>GRN>ON,0.5231704790488216,0.47682952095117836,OTH>IND>GRN>ON,0.5884434485448786,0.4115565514551214,OTH>IND>GRN>LNP,LNP,LNP-ALP,0.0036829284366566295,0.49631707156334337,Joint architecture stress,True,2.6853407485478265
Berwick,South-Eastern Metro,LNP,LNP,ON,0.6028104144243214,0.39718958557567857,0.10281041442432137,LNP-ON,IND>OTH>GRN>ALP,0.36878289664604214,0.6312171033539579,IND>OTH>GRN>ON,0.376504945267792,0.623495054732208,IND>OTH>GRN>LNP,LNP,LNP-ON,0.10294788657243659,0.34131758477210217,Joint architecture stress,False,2.746531187393997
Box Hill,North-Eastern Metro,ALP,LNP,ALP,0.5077882979506115,0.4922117020493885,0.0077882979506115335,LNP-ALP,IND>OTH>ON>GRN,0.4922117020493885,0.5077882979506115,IND>OTH>ON>GRN,0.6158385546530187,0.38416144534698127,IND>OTH>GRN>LNP,LNP,LNP-ALP,0.013091439845907327,0.4869085601540926,Joint architecture stress,False,0.5303141895295904
Brighton,Southern Metro,LNP,LNP,GRN,0.6145499274673891,0.3854500725326109,0.11454992746738912,LNP-GRN,OTH>IND>ON>ALP,0.3935809296061105,0.6064190703938895,OTH>IND>ON>GRN,0.587306537057651,0.412693462942349,OTH>IND>GRN>LNP,LNP,LNP-GRN,0.10911558671219479,0.38400455859206134,Joint architecture stress,False,0.9576371014049179
Broadmeadows,Northern Metro,ALP,ALP,ON,0.5497431867490791,0.45025681325092093,0.04974318674907907,ALP-ON,IND>GRN>OTH>LNP,0.6205589834903064,0.37944101650969364,IND>GRN>OTH>ON,0.5497431867490791,0.45025681325092093,IND>GRN>OTH>LNP,ALP,ALP-ON,0.045334347877091896,0.5829952981501101,Joint architecture stress,False,3.7563685340196273
Brunswick,Northern Metro,GRN,GRN,ALP,0.6672727001423704,0.33272729985762967,0.1672727001423704,GRN-ALP,IND>LNP>OTH>ON,0.725978460101925,0.27402153989807504,IND>OTH>ON>GRN,0.7451599787517001,0.25484002124829996,IND>LNP>OTH>GRN,GRN,GRN-ALP,0.15742566101590016,0.7678455724816395,Joint architecture stress,False,-4.186711237971452
Bulleen,North-Eastern Metro,LNP,LNP,ALP,0.6241197077857491,0.375880292214251,0.1241197077857491,LNP-ALP,IND>OTH>GRN>ON,0.375880292214251,0.6241197077857491,IND>OTH>GRN>ON,0.5367953671099367,0.46320463289006336,IND>OTH>GRN>LNP,LNP,LNP-ALP,0.14383665564572257,0.3561633443542775,Joint architecture stress,False,1.9716947859973522
Bundoora,North-Eastern Metro,ALP,ALP,ON,0.5670929961515903,0.4329070038484097,0.06709299615159026,ALP-ON,IND>OTH>GRN>LNP,0.5663588263341693,0.4336411736658307,IND>OTH>GRN>ON,0.5670929961515903,0.4329070038484097,IND>OTH>GRN>LNP,ALP,ALP-ON,0.06650105638857207,0.5330571483415659,Joint architecture stress,False,3.330167799260342
Carrum,South-Eastern Metro,ALP,ON,ALP,0.5391312989900529,0.46086870100994715,0.039131298990052854,ON-ALP,IND>OTH>GRN>LNP,0.49703263642843826,0.5029673635715617,IND>OTH>GRN>ON,0.46086870100994715,0.5391312989900529,IND>OTH>GRN>LNP,ON,ON-ALP,0.03782775260646998,0.467084037757774,Joint architecture stress,False,2.994859867066424
Caulfield,Southern Metro,LNP,LNP,GRN,0.6077869902709883,0.3922130097290118,0.10778699027098826,LNP-GRN,OTH>IND>ON>ALP,0.4166782526670408,0.5833217473329592,OTH>IND>ON>GRN,0.5958291620501109,0.4041708379498891,OTH>IND>GRN>LNP,LNP,LNP-GRN,0.09971821827300675,0.40759457040167296,Joint architecture stress,False,0.9083682265367821
Clarinda,South-Eastern Metro,ALP,ALP,ON,0.5635569292315005,0.43644307076849953,0.06355692923150047,ALP-ON,OTH>IND>GRN>LNP,0.5564410004020414,0.4435589995979587,OTH>IND>GRN>ON,0.5635569292315005,0.43644307076849953,OTH>IND>GRN>LNP,ALP,ALP-LNP,0.027470997094094507,0.5274709970940945,Joint architecture stress,False,2.8970003307946857
Cranbourne,South-Eastern Metro,ALP,ON,ALP,0.5363466833461452,0.46365331665385484,0.036346683346145214,ON-ALP,IND>GRN>OTH>LNP,0.527379547380644,0.4726204526193561,IND>GRN>OTH>ON,0.46365331665385484,0.5363466833461452,IND>GRN>OTH>LNP,ON,ON-ALP,0.03441111732370983,0.4885317133977712,Joint architecture stress,False,3.8847833982872784
Croydon,North-Eastern Metro,LNP,LNP,ALP,0.580315746948732,0.41968425305126794,0.080315746948732,LNP-ALP,IND>OTH>GRN>ON,0.41968425305126794,0.580315746948732,IND>OTH>GRN>ON,0.4803883054582858,0.5196116945417142,IND>OTH>GRN>LNP,LNP,LNP-ALP,0.10839349330502757,0.3916065066949724,Joint architecture stress,False,2.8077746356295563
Dandenong,South-Eastern Metro,ALP,ALP,ON,0.5744280814134206,0.42557191858657933,0.07442808141342061,ALP-ON,IND>OTH>GRN>LNP,0.6334718076024438,0.36652819239755624,IND>OTH>GRN>ON,0.5744280814134206,0.42557191858657933,IND>OTH>GRN>LNP,ALP,ALP-ON,0.07690658365561631,0.6017667425657133,Joint architecture stress,False,3.170506503673054
Eildon,Northern Victoria,LNP,LNP,ON,0.5851842772884791,0.41481572271152084,0.0851842772884791,LNP-ON,IND>OTH>GRN>ALP,0.3557672927468712,0.6442327072531289,IND>OTH>GRN>ON,0.34617311913215193,0.6538268808678481,IND>OTH>GRN>LNP,LNP,LNP-ON,0.08552037264263435,0.3249047940210597,Joint architecture stress,False,3.0862498725811482
Eltham,North-Eastern Metro,ALP,ALP,LNP,0.5295516671844752,0.47044833281552484,0.029551667184475217,ALP-LNP,OTH>IND>GRN>ON,0.5295516671844752,0.47044833281552484,OTH>IND>GRN>ON,0.5586996192602063,0.44130038073979383,OTH>IND>GRN>LNP,ALP,ALP-LNP,0.00016051050122556365,0.5001605105012256,Joint architecture stress,False,2.9391156683249653
Essendon,Northern Metro,ALP,ALP,ON,0.5458636505129203,0.45413634948707976,0.045863650512920295,ALP-ON,IND>OTH>GRN>LNP,0.5459490368440543,0.45405096315594573,IND>OTH>GRN>ON,0.5458636505129203,0.45413634948707976,IND>OTH>GRN>LNP,ALP,ALP-ON,0.04345095233597218,0.5103546048923077,Joint architecture stress,False,3.559443195174661
Eureka,Western Victoria,ALP,ON,ALP,0.5930578637779894,0.40694213622201053,0.09305786377798941,ON-ALP,IND>OTH>GRN>LNP,0.4731073440657314,0.5268926559342686,IND>OTH>GRN>ON,0.40694213622201053,0.5930578637779894,IND>OTH>GRN>LNP,ON,ON-ALP,0.09335043035271195,0.43726939556170064,Joint architecture stress,False,3.583794850403077
Euroa,Northern Victoria,LNP,LNP,ON,0.5722032848070365,0.42779671519296353,0.07220328480703653,LNP-ON,IND>OTH>GRN>ALP,0.3172360295237009,0.6827639704762991,IND>OTH>GRN>ON,0.3092721239271168,0.6907278760728832,IND>OTH>GRN>LNP,LNP,LNP-ON,0.07266040948626196,0.28516991996768976,Joint architecture stress,False,3.2066109556011133
Evelyn,Eastern Victoria,LNP,LNP,ALP,0.639086932608843,0.3609130673911571,0.13908693260884297,LNP-ALP,IND>OTH>GRN>ON,0.3609130673911571,0.639086932608843,IND>OTH>GRN>ON,0.3824733581708614,0.6175266418291386,IND>OTH>GRN>LNP,LNP,LNP-ALP,0.16459140363995028,0.33540859636004966,Joint architecture stress,False,2.5504471031107423
Footscray,Western Metro,ALP,ALP,GRN,0.5190495684009878,0.48095043159901224,0.019049568400987815,ALP-GRN,IND>OTH>LNP>ON,0.6623571899044746,0.3376428100955255,IND>OTH>ON>GRN,0.7205483552282789,0.27945164477172113,IND>OTH>LNP>GRN,ALP,ALP-GRN,0.03215013800459354,0.6761389582170139,Joint architecture stress,False,-1.37817683125393
Frankston,South-Eastern Metro,ALP,ON,ALP,0.5072962736109556,0.4927037263890443,0.007296273610955639,ON-ALP,IND>OTH>GRN>LNP,0.5252424304667372,0.4747575695332628,IND>OTH>GRN>ON,0.4927037263890443,0.5072962736109556,IND>OTH>GRN>LNP,ON,ON-ALP,0.007894300504420082,0.4875807393849895,Joint architecture stress,False,3.766169108174772
Geelong,Western Victoria,ALP,ON,ALP,0.5322612592777219,0.46773874072227806,0.03226125927772194,ON-ALP,OTH>IND>GRN>LNP,0.5292749069921703,0.4707250930078297,OTH>IND>GRN>ON,0.46773874072227806,0.5322612592777219,OTH>IND>GRN>LNP,ON,ON-ALP,0.03202301215881842,0.49078396549619635,Joint architecture stress,False,3.849094149597393
Gippsland East,Eastern Victoria,LNP,LNP,ON,0.578202956939802,0.421797043060198,0.07820295693980195,LNP-ON,IND>OTH>ALP>GRN,0.21681039637947153,0.7831896036205285,IND>OTH>GRN>ON,0.20984632151696464,0.7901536784830353,IND>OTH>GRN>LNP,LNP,LNP-ON,0.07898801106349607,0.18081029226216866,Joint architecture stress,False,3.6000104117302865
Gippsland South,Eastern Victoria,LNP,LNP,ON,0.5685822097978487,0.4314177902021514,0.06858220979784868,LNP-ON,OTH>IND>GRN>ALP,0.2763677358831033,0.7236322641168966,OTH>IND>GRN>ON,0.26395820703600464,0.7360417929639953,OTH>IND>GRN>LNP,LNP,LNP-ON,0.0687312488022912,0.24086941047336247,Joint architecture stress,False,3.549832540974085
Glen Waverley,North-Eastern Metro,ALP,LNP,ALP,0.5333922669388022,0.4666077330611979,0.03339226693880215,LNP-ALP,IND>OTH>GRN>ON,0.4666077330611979,0.5333922669388022,IND>OTH>GRN>ON,0.587986752442141,0.412013247557859,IND>OTH>GRN>LNP,LNP,LNP-ALP,0.053773596868354034,0.446226403131646,Joint architecture stress,False,2.0381329929551883
Greenvale,Northern Metro,ALP,ALP,ON,0.5436201389616127,0.45637986103838746,0.04362013896161265,ALP-ON,IND>GRN>OTH>LNP,0.5724425689023978,0.42755743109760236,IND>GRN>OTH>ON,0.5436201389616127,0.45637986103838746,IND>GRN>OTH>LNP,ALP,ALP-ON,0.046133766369603535,0.5470222596033112,Joint architecture stress,False,2.5420309299086563
Hastings,Eastern Victoria,ALP,LNP,ON,0.5494231756890279,0.4505768243109721,0.049423175689027876,LNP-ON,IND>OTH>GRN>ALP,0.4228145841003599,0.5771854158996402,IND>OTH>GRN>ON,0.39287583401179393,0.6071241659882061,IND>OTH>GRN>LNP,LNP,LNP-ON,0.049746062100094024,0.39069803706458317,Joint architecture stress,False,3.211654703577671
Hawthorn,Southern Metro,LNP,LNP,GRN,0.6407146085452424,0.3592853914547576,0.14071460854524243,LNP-GRN,OTH>ON>ALP>IND,0.412585956027888,0.5874140439721119,OTH>ON>IND>GRN,0.6264538814250561,0.3735461185749439,OTH>IND>GRN>LNP,LNP,LNP-GRN,0.14516095765100312,0.4276945350736908,Joint architecture stress,False,-1.5108579045802817
Ivanhoe,North-Eastern Metro,ALP,ALP,LNP,0.5492782163441534,0.45072178365584653,0.049278216344153414,ALP-LNP,OTH>IND>ON>GRN,0.5492782163441534,0.45072178365584653,OTH>IND>ON>GRN,0.6153044443794186,0.3846955556205815,OTH>IND>GRN>LNP,ALP,ALP-LNP,0.042151751531687376,0.5421517515316874,Joint architecture stress,False,0.7126464812466038
Kalkallo,Northern Metro,ALP,ALP,ON,0.5330711256854818,0.4669288743145182,0.03307112568548176,ALP-ON,IND>GRN>OTH>LNP,0.5830890855570772,0.4169109144429228,IND>GRN>OTH>ON,0.5330711256854818,0.4669288743145182,IND>GRN>OTH>LNP,ALP,ALP-ON,0.03452307360609819,0.5598048968887227,Joint architecture stress,False,2.3284188668354466
Kew,Southern Metro,LNP,LNP,IND,0.6340205652787101,0.36597943472128985,0.1340205652787101,LNP-IND,OTH>ON>GRN>ALP,0.4044623794195308,0.5955376205804692,OTH>ON>GRN>IND,0.6182041826404672,0.38179581735953283,OTH>GRN>IND>LNP,LNP,LNP-IND,0.12983509535983428,0.4058426869975182,Joint architecture stress,False,-0.13803075779874052
Kororoit,Western Metro,ALP,ALP,ON,0.5334330823728533,0.4665669176271467,0.03343308237285325,ALP-ON,IND>GRN>OTH>LNP,0.6067099510582848,0.3932900489417152,IND>GRN>OTH>ON,0.5334330823728533,0.4665669176271467,IND>GRN>OTH>LNP,ALP,ALP-ON,0.03667568042941627,0.5772479987987813,Joint architecture stress,False,2.9461952259503543
Lara,Western Victoria,ALP,ON,ALP,0.5535793717329655,0.4464206282670345,0.05357937173296545,ON-ALP,IND>OTH>GRN>LNP,0.5427214785894828,0.45727852141051717,IND>OTH>GRN>ON,0.4464206282670345,0.5535793717329655,IND>OTH>GRN>LNP,ON,ON-ALP,0.05265383782890942,0.5035367450131508,Joint architecture stress,False,3.918473357633201
Laverton,Western Metro,ALP,ALP,ON,0.5678708803804683,0.4321291196195318,0.06787088038046829,ALP-ON,IND>OTH>GRN>LNP,0.6091021037104196,0.3908978962895804,IND>OTH>GRN>ON,0.5678708803804683,0.4321291196195318,IND>OTH>GRN>LNP,ALP,ALP-ON,0.06500049098880967,0.5732249387379217,Joint architecture stress,False,3.5877164972497932
Lowan,Western Victoria,LNP,LNP,ON,0.6088909823383064,0.39110901766169365,0.10889098233830641,LNP-ON,IND>OTH>ALP>GRN,0.2280886078387304,0.7719113921612695,IND>OTH>GRN>ON,0.23288617871812264,0.7671138212818772,IND>OTH>GRN>LNP,LNP,LNP-ON,0.11087163502118313,0.196298640597478,Joint architecture stress,False,3.178996724125238
Macedon,Northern Victoria,ALP,ON,ALP,0.5419684260737335,0.45803157392626653,0.04196842607373352,ON-ALP,OTH>IND>GRN>LNP,0.5020137799270623,0.49798622007293775,OTH>IND>GRN>ON,0.45803157392626653,0.5419684260737335,OTH>IND>GRN>LNP,ON,ON-ALP,0.043051314427521636,0.47013668339363907,Joint architecture stress,False,3.187709653342324
Malvern,Southern Metro,LNP,LNP,GRN,0.6634926239421391,0.3365073760578609,0.16349262394213915,LNP-GRN,IND>OTH>ON>ALP,0.35563212089813473,0.6443678791018652,IND>OTH>ON>GRN,0.5912222942056883,0.4087777057943118,IND>OTH>GRN>LNP,LNP,LNP-GRN,0.154830411279133,0.3492923647811958,Joint architecture stress,False,0.6339756116938933
Melbourne,Northern Metro,GRN,GRN,ALP,0.641041133127351,0.3589588668726491,0.141041133127351,GRN-ALP,IND>OTH>LNP>ON,0.6585606185255497,0.34143938147445035,IND>OTH>ON>GRN,0.7403357720573824,0.2596642279426177,IND>OTH>LNP>GRN,GRN,GRN-ALP,0.12959721114929978,0.6930828544888147,Joint architecture stress,False,-3.452223596326498
Melton,Western Victoria,ALP,ON,ALP,0.5701063744744232,0.42989362552557675,0.07010637447442325,ON-ALP,GRN>OTH>LNP>IND,0.43996339249259453,0.5600366075074055,GRN>OTH>IND>ON,0.42989362552557675,0.5701063744744232,GRN>OTH>LNP>IND,ON,ON-ALP,0.0817979031260031,0.40504191733514977,Joint architecture stress,False,3.4921475157444757
Mildura,Northern Victoria,LNP,ON,IND,0.512713272066544,0.487286727933456,0.012713272066544046,ON-IND,OTH>ALP>GRN>LNP,0.2906557899063962,0.7093442100936038,OTH>GRN>ON>IND,0.3392449096730205,0.6607550903269794,OTH>GRN>LNP>IND,ON,ON-IND,0.024348655030100752,0.25060242952196354,Joint architecture stress,False,4.0053360384432635
Mill Park,North-Eastern Metro,ALP,ALP,ON,0.5195363294629829,0.48046367053701716,0.019536329462982893,ALP-ON,IND>OTH>GRN>LNP,0.5785571721713777,0.42144282782862236,IND>OTH>GRN>ON,0.5195363294629829,0.48046367053701716,IND>OTH>GRN>LNP,ALP,ALP-ON,0.021162102709912367,0.5429491291569318,Joint architecture stress,False,3.5608043014445867
Monbulk,Eastern Victoria,ALP,LNP,ALP,0.5207306496159261,0.47926935038407387,0.020730649615926078,LNP-ALP,OTH>IND>GRN>ON,0.47926935038407387,0.5207306496159261,OTH>IND>GRN>ON,0.4415398990845885,0.5584601009154114,OTH>IND>GRN>LNP,LNP,LNP-ALP,0.05018163683738386,0.4498183631626162,Joint architecture stress,False,2.945098722145767
Mordialloc,South-Eastern Metro,ALP,ALP,LNP,0.526174985368665,0.47382501463133503,0.026174985368665027,ALP-LNP,OTH>IND>GRN>ON,0.526174985368665,0.47382501463133503,OTH>IND>GRN>ON,0.5559571231728777,0.44404287682712223,OTH>IND>GRN>LNP,LNP,LNP-ALP,0.0052321221496481884,0.49476787785035176,Joint architecture stress,True,3.1407107518313273
Mornington,Eastern Victoria,LNP,LNP,IND,0.6219830975189877,0.37801690248101233,0.12198309751898773,LNP-IND,OTH>GRN>ALP>ON,0.3410810975348206,0.6589189024651794,OTH>GRN>IND>ON,0.3469802047036323,0.6530197952963678,OTH>GRN>IND>LNP,LNP,LNP-IND,0.1410737928842648,0.3065488304248025,Joint architecture stress,False,3.453226711001806
Morwell,Eastern Victoria,LNP,ON,LNP,0.542646516084097,0.457353483915903,0.042646516084096975,ON-LNP,GRN>OTH>IND>ALP,0.40320358194216294,0.596796418057837,GRN>OTH>IND>ON,0.3227320838169368,0.6772679161830633,GRN>OTH>IND>LNP,ON,ON-LNP,0.042190970528307115,0.3484608165998567,Joint architecture stress,False,5.474276534230621
Mulgrave,South-Eastern Metro,ALP,ALP,ON,0.6017587987949173,0.3982412012050826,0.10175879879491734,ALP-ON,OTH>GRN>IND>LNP,0.6383431283494414,0.36165687165055854,OTH>GRN>IND>ON,0.6017587987949173,0.3982412012050826,OTH>GRN>IND>LNP,ALP,ALP-ON,0.09528242883446991,0.596252604978061,Joint architecture stress,False,4.209052337138042
Murray Plains,Northern Victoria,LNP,LNP,ON,0.5790765200471972,0.42092347995280277,0.07907652004719723,LNP-ON,IND>ALP>OTH>GRN,0.1997730339476534,0.8002269660523466,IND>GRN>OTH>ON,0.19298798983899015,0.8070120101610098,IND>GRN>OTH>LNP,LNP,LNP-ON,0.07784590501787991,0.1651270462838107,Joint architecture stress,False,3.4645987663842694
Narracan,Eastern Victoria,LNP,LNP,ON,0.5963391519499521,0.4036608480500479,0.09633915194995213,LNP-ON,OTH>IND>ALP>GRN,0.3733684484458976,0.6266315515541024,OTH>IND>GRN>ON,0.35535044919159803,0.644649550808402,OTH>IND>GRN>LNP,LNP,LNP-ON,0.1018607605269275,0.34906264247124946,Joint architecture stress,False,2.4305805974648154
Narre Warren North,South-Eastern Metro,ALP,ON,ALP,0.5125050110521923,0.48749498894780774,0.01250501105219226,ON-ALP,IND>OTH>GRN>LNP,0.540180923390431,0.459819076609569,IND>OTH>GRN>ON,0.48749498894780774,0.5125050110521923,IND>OTH>GRN>LNP,ON,ON-ALP,0.010497560135298012,0.5026677670760976,Joint architecture stress,False,3.7513156314333385
Narre Warren South,South-Eastern Metro,ALP,ON,ALP,0.5041874846928331,0.4958125153071669,0.004187484692833143,ON-ALP,IND>OTH>GRN>LNP,0.5380490121953976,0.46195098780460253,IND>OTH>GRN>ON,0.4958125153071669,0.5041874846928331,IND>OTH>GRN>LNP,ON,ON-ALP,0.001953167930933919,0.5021650679194825,Joint architecture stress,False,3.5883944275915125
Nepean,Eastern Victoria,LNP,LNP,ON,0.6269669262848775,0.3730330737151225,0.1269669262848775,LNP-ON,OTH>IND>GRN>ALP,0.3541674151261531,0.645832584873847,OTH>IND>GRN>ON,0.3724219198938232,0.6275780801061769,OTH>IND>GRN>LNP,LNP,LNP-ON,0.12796975782265807,0.32722822575464605,Joint architecture stress,False,2.693918937150702
Niddrie,Western Metro,ALP,ALP,ON,0.5002619813683523,0.49973801863164763,0.00026198136835231534,ALP-ON,IND>OTH>GRN>LNP,0.5044452707150915,0.49555472928490857,IND>OTH>GRN>ON,0.5002619813683523,0.49973801863164763,IND>OTH>GRN>LNP,ON,ON-ALP,0.0001758746325596361,0.465586711813811,Joint architecture stress,True,3.885855890128048
Northcote,Northern Metro,ALP,GRN,ALP,0.5511332717952199,0.4488667282047802,0.05113327179521987,GRN-ALP,IND>OTH>LNP>ON,0.7050072520237312,0.29499274797626884,IND>OTH>ON>GRN,0.7091841257341678,0.29081587426583216,IND>OTH>LNP>GRN,GRN,GRN-ALP,0.0370931725447301,0.729943201885343,Joint architecture stress,False,-2.493594986161185
Oakleigh,Southern Metro,ALP,ALP,LNP,0.5764776200085833,0.4235223799914168,0.07647762000858327,ALP-LNP,OTH>IND>GRN>ON,0.5764776200085833,0.4235223799914168,OTH>IND>GRN>ON,0.5942626705506697,0.4057373294493304,OTH>IND>GRN>LNP,ALP,ALP-LNP,0.04467836459303831,0.5446783645930383,Joint architecture stress,False,3.179925541554496
Ovens Valley,Northern Victoria,LNP,LNP,ON,0.5805937167881753,0.41940628321182477,0.08059371678817528,LNP-ON,IND>ALP>OTH>GRN,0.2721051110609515,0.7278948889390486,IND>OTH>GRN>ON,0.2530301282850155,0.7469698717149845,IND>OTH>GRN>LNP,LNP,LNP-ON,0.08172524111584978,0.23938740688134305,Joint architecture stress,False,3.2717704179608424
Pakenham,Eastern Victoria,ALP,LNP,ON,0.5096509822513378,0.49034901774866224,0.009650982251337759,LNP-ON,IND>OTH>GRN>ALP,0.4149868371671474,0.5850131628328525,IND>OTH>GRN>ON,0.3592163189697639,0.6407836810302361,IND>OTH>GRN>LNP,LNP,LNP-ON,0.010831837988326098,0.3835567488442664,Joint architecture stress,False,3.1430088322881025
Pascoe Vale,Northern Metro,ALP,GRN,ALP,0.5005968728860594,0.4994031271139407,0.0005968728860593631,GRN-ALP,OTH>IND>LNP>ON,0.5983179557942007,0.4016820442057994,OTH>IND>ON>GRN,0.6459540224270317,0.35404597757296835,OTH>IND>LNP>GRN,ALP,ALP-GRN,0.015797509425306222,0.6134692903098298,Joint architecture stress,True,-1.5151334515629111
Point Cook,Western Metro,ALP,ON,ALP,0.5146688600350464,0.48533113996495364,0.014668860035046416,ON-ALP,OTH>GRN>IND>LNP,0.5532094562005366,0.4467905437994634,OTH>GRN>IND>ON,0.48533113996495364,0.5146688600350464,OTH>GRN>IND>LNP,ON,ON-ALP,0.01712351466450146,0.5105676306263236,Joint architecture stress,False,4.264182557421304
Polwarth,Western Victoria,LNP,LNP,ON,0.6480641305576698,0.35193586944233024,0.14806413055766976,LNP-ON,IND>OTH>ALP>GRN,0.39327642115037414,0.6067235788496259,IND>OTH>GRN>ON,0.39893730410060496,0.6010626958993951,IND>OTH>GRN>LNP,LNP,LNP-ON,0.1533951179400923,0.36813938578719646,Joint architecture stress,False,2.5137035363177684
Prahran,Southern Metro,GRN,GRN,LNP,0.5845814707718424,0.41541852922815753,0.08458147077184242,GRN-LNP,IND>OTH>ALP>ON,0.5322014409674204,0.4677985590325796,IND>OTH>ON>GRN,0.6838187246812814,0.31618127531871865,IND>OTH>LNP>GRN,GRN,GRN-LNP,0.05538202213243548,0.5622306111100892,Joint architecture stress,False,-3.0029170142668815
Preston,Northern Metro,ALP,ALP,ON,0.5955740507717125,0.4044259492282875,0.09557405077171255,ALP-ON,OTH>IND>LNP>GRN,0.6288793265940732,0.3711206734059268,OTH>IND>GRN>ON,0.5955740507717125,0.4044259492282875,OTH>IND>LNP>GRN,ALP,ALP-ON,0.09583824091259319,0.5925007963571941,Joint architecture stress,False,3.637853023687909
Richmond,Northern Metro,GRN,GRN,ALP,0.6044964349516053,0.3955035650483948,0.10449643495160532,GRN-ALP,IND>OTH>LNP>ON,0.6963784362569558,0.3036215637430442,IND>OTH>ON>GRN,0.7534660562866136,0.2465339437133863,IND>OTH>LNP>GRN,GRN,GRN-ALP,0.09368168736773175,0.7291448635762262,Joint architecture stress,False,-3.2766427319270375
Ringwood,North-Eastern Metro,ALP,LNP,ALP,0.5124585463038854,0.4875414536961146,0.012458546303885432,LNP-ALP,IND>OTH>ON>GRN,0.4875414536961146,0.5124585463038854,IND>OTH>ON>GRN,0.5615936380197949,0.4384063619802052,IND>OTH>GRN>LNP,LNP,LNP-ALP,0.0190159437425228,0.48098405625747725,Joint architecture stress,False,0.6557397438637369
Ripon,Western Victoria,ALP,ON,ALP,0.6246088384559793,0.3753911615440207,0.12460883845597925,ON-ALP,IND>GRN>OTH>LNP,0.4399380869994977,0.5600619130005023,IND>GRN>OTH>ON,0.3753911615440207,0.6246088384559793,IND>GRN>OTH>LNP,ON,ON-ALP,0.12383376164076232,0.4069761843514621,Joint architecture stress,False,3.2961902648035615
Rowville,South-Eastern Metro,LNP,LNP,ALP,0.5898499462689923,0.4101500537310076,0.08984994626899234,LNP-ALP,OTH>IND>GRN>ON,0.4101500537310076,0.5898499462689923,OTH>IND>GRN>ON,0.48372037484883273,0.5162796251511673,OTH>IND>GRN>LNP,LNP,LNP-ALP,0.11229960967821606,0.387700390321784,Joint architecture stress,False,2.244966340922361
Sandringham,Southern Metro,LNP,LNP,GRN,0.629184398920772,0.3708156010792279,0.12918439892077205,LNP-GRN,OTH>IND>ALP>ON,0.3884441599034887,0.6115558400965113,OTH>IND>GRN>ON,0.5167702389702993,0.48322976102970067,OTH>IND>GRN>LNP,LNP,LNP-GRN,0.14592781811177835,0.364047523061292,Joint architecture stress,False,2.439663684219667
Shepparton,Northern Victoria,LNP,LNP,ON,0.5463080356942319,0.4536919643057681,0.04630803569423192,LNP-ON,ALP>OTH>GRN>IND,0.30427868821028614,0.695721311789714,OTH>GRN>IND>ON,0.27289927757098165,0.7271007224290184,OTH>GRN>IND>LNP,LNP,LNP-ON,0.04650971181765662,0.2419541110152772,Joint architecture stress,False,6.2324577195008946
South Barwon,Western Victoria,ALP,LNP,ALP,0.516504928109465,0.4834950718905349,0.016504928109465022,LNP-ALP,IND>OTH>GRN>ON,0.4834950718905349,0.516504928109465,IND>OTH>GRN>ON,0.4834630525111317,0.5165369474888682,IND>OTH>GRN>LNP,LNP,LNP-ALP,0.044242385247934,0.45575761475206594,Joint architecture stress,False,2.773745713846898
South-West Coast,Western Victoria,LNP,LNP,IND,0.5907859878229834,0.40921401217701664,0.09078598782298342,LNP-IND,OTH>GRN>ALP>ON,0.3485557979591057,0.6514442020408944,OTH>GRN>ON>IND,0.3336598006369135,0.6663401993630866,OTH>GRN>IND>LNP,LNP,LNP-IND,0.11374102452433044,0.3384272955618427,Joint architecture stress,False,1.0128502397262984
St Albans,Western Metro,ALP,ALP,ON,0.5402705934458697,0.45972940655413036,0.040270593445869696,ALP-ON,IND>GRN>OTH>LNP,0.5736497328549597,0.4263502671450403,IND>GRN>OTH>ON,0.5402705934458697,0.45972940655413036,IND>GRN>OTH>LNP,ALP,ALP-ON,0.0376618658591823,0.537074308227758,Joint architecture stress,False,3.6575424627201647
Sunbury,Western Metro,ALP,ON,ALP,0.5809175675475715,0.4190824324524286,0.08091756754757151,ON-ALP,IND>OTH>GRN>LNP,0.4740415364051193,0.5259584635948806,IND>OTH>GRN>ON,0.4190824324524286,0.5809175675475715,IND>OTH>GRN>LNP,ON,ON-ALP,0.08046238576994458,0.43904949706850516,Joint architecture stress,False,3.4992039336614154
Sydenham,Western Metro,ALP,ON,ALP,0.5124876885219681,0.48751231147803187,0.012487688521968132,ON-ALP,IND>GRN>OTH>LNP,0.5383786794379749,0.4616213205620251,IND>GRN>OTH>ON,0.48751231147803187,0.5124876885219681,IND>GRN>OTH>LNP,ON,ON-ALP,0.010711235509049732,0.503161655084245,Joint architecture stress,False,3.5217024353729864
Tarneit,Western Metro,ALP,ALP,ON,0.5275173536010501,0.4724826463989499,0.02751735360105012,ALP-ON,IND>OTH>GRN>LNP,0.5682056236646829,0.43179437633531714,IND>OTH>GRN>ON,0.5275173536010501,0.4724826463989499,IND>OTH>GRN>LNP,ALP,ALP-ON,0.026752078697936832,0.5325214445132399,Joint architecture stress,False,3.568417915144295
Thomastown,Northern Metro,ALP,ALP,ON,0.551183356823422,0.448816643176578,0.05118335682342201,ALP-ON,IND>OTH>GRN>LNP,0.6181699599132717,0.3818300400867282,IND>OTH>GRN>ON,0.551183356823422,0.448816643176578,IND>OTH>GRN>LNP,ALP,ALP-ON,0.05500110801488278,0.5867917184742931,Joint architecture stress,False,3.1378241438978605
Warrandyte,North-Eastern Metro,LNP,LNP,ALP,0.6137814667472185,0.3862185332527815,0.11378146674721845,LNP-ALP,IND>OTH>GRN>ON,0.3862185332527815,0.6137814667472185,IND>OTH>GRN>ON,0.4949058003290882,0.5050941996709118,IND>OTH>GRN>LNP,LNP,LNP-ALP,0.13692440263291206,0.3630755973670879,Joint architecture stress,False,2.3142935885693605
Wendouree,Western Victoria,ALP,ON,ALP,0.5160254664924885,0.48397453350751146,0.016025466492488483,ON-ALP,IND>OTH>GRN>LNP,0.5100229566234018,0.4899770433765982,IND>OTH>GRN>ON,0.48397453350751146,0.5160254664924885,IND>OTH>GRN>LNP,ON,ON-ALP,0.01569232826626099,0.47739356273948613,Joint architecture stress,False,3.262939388391567
Werribee,Western Metro,ALP,ON,ALP,0.5558581842279168,0.4441418157720832,0.055858184227916774,ON-ALP,OTH>GRN>IND>LNP,0.5238201113650668,0.47617988863493327,OTH>GRN>IND>ON,0.4441418157720832,0.5558581842279168,OTH>GRN>IND>LNP,ON,ON-ALP,0.056613667955947466,0.4876823192407744,Joint architecture stress,False,3.6137792124292414
Williamstown,Western Metro,ALP,ALP,ON,0.5996320111189757,0.40036798888102426,0.09963201111897568,ALP-ON,IND>OTH>GRN>LNP,0.6082692485710025,0.39173075142899744,IND>OTH>GRN>ON,0.5996320111189757,0.40036798888102426,IND>OTH>GRN>LNP,ALP,ALP-ON,0.09457019069773154,0.5642256906948101,Joint architecture stress,False,4.404355787619241
Yan Yean,Northern Victoria,ALP,ON,ALP,0.5604218227253069,0.4395781772746931,0.06042182272530694,ON-ALP,IND>GRN>OTH>LNP,0.4849620166203708,0.5150379833796291,IND>GRN>OTH>ON,0.4395781772746931,0.5604218227253069,IND>GRN>OTH>LNP,ON,ON-ALP,0.05894072964056307,0.45815170999124105,Joint architecture stress,False,2.6810306629129754
Albert Park,Southern Metro,ALP,ALP,LNP,0.5514804434337367,0.44851955656626336,0.0514804434337367,ALP-LNP,OTH>IND>ON>GRN,0.5514804434337367,0.44851955656626336,OTH>IND>ON>GRN,0.6557688065243522,0.34423119347564785,OTH>IND>GRN>LNP,ALP,ALP-LNP,0.0514804434337367,0.5514804434337367,Special priors: ON minus 5 pp,False,0.0
Ashwood,Southern Metro,ALP,LNP,ALP,0.5250826457842138,0.4749173542157862,0.02508264578421382,LNP-ALP,OTH>IND>ON>GRN,0.4749173542157862,0.5250826457842138,OTH>IND>ON>GRN,0.6221222099174097,0.37787779008259037,OTH>IND>GRN>LNP,LNP,LNP-ALP,0.02508264578421382,0.4749173542157862,Special priors: ON minus 5 pp,False,0.0
Bass,Eastern Victoria,ALP,LNP,ON,0.5553738543120991,0.44462614568790093,0.05537385431209907,LNP-ON,IND>OTH>GRN>ALP,0.3564136291868352,0.6435863708131648,IND>OTH>GRN>ON,0.3734376101639097,0.6265623898360904,IND>OTH>GRN>LNP,LNP,LNP-ON,0.04141818723661994,0.3564136291868352,Special priors: ON minus 5 pp,False,0.0
Bayswater,North-Eastern Metro,ALP,LNP,ALP,0.572481595302293,0.4275184046977069,0.07248159530229303,LNP-ALP,IND>OTH>GRN>ON,0.4275184046977069,0.572481595302293,IND>OTH>GRN>ON,0.5176935209145945,0.4823064790854056,IND>OTH>GRN>LNP,LNP,LNP-ALP,0.07248159530229303,0.4275184046977069,Special priors: ON minus 5 pp,False,0.0
Bellarine,Western Victoria,ALP,LNP,ALP,0.5194625228645812,0.48053747713541883,0.019462522864581167,LNP-ALP,OTH>IND>GRN>ON,0.48053747713541883,0.5194625228645812,OTH>IND>GRN>ON,0.5208770796425656,0.4791229203574344,OTH>IND>GRN>LNP,LNP,LNP-ALP,0.019462522864581167,0.48053747713541883,Special priors: ON minus 5 pp,False,0.0
Benambra,Northern Victoria,LNP,LNP,ON,0.5225105944617112,0.4774894055382887,0.02251059446171122,LNP-ON,ALP>OTH>GRN>IND,0.25014225985580724,0.7498577401441928,OTH>GRN>IND>ON,0.2485104901961107,0.7514895098038894,OTH>GRN>IND>LNP,LNP,LNP-ON,0.006312200270483959,0.25014225985580724,Special priors: ON minus 5 pp,False,0.0
Bendigo East,Northern Victoria,ALP,LNP,ALP,0.5074939209362723,0.4925060790637276,0.007493920936272325,LNP-ALP,OTH>IND>GRN>ON,0.4925060790637276,0.5074939209362723,OTH>IND>GRN>ON,0.537511467141632,0.462488532858368,OTH>IND>GRN>LNP,LNP,LNP-ALP,0.007493920936272325,0.4925060790637276,Special priors: ON minus 5 pp,False,0.0
Bendigo West,Northern Victoria,ALP,ALP,ON,0.5428680800421575,0.4571319199578426,0.042868080042157475,ALP-ON,IND>OTH>GRN>LNP,0.5314300024829983,0.46856999751700174,IND>OTH>GRN>ON,0.5428680800421575,0.4571319199578426,IND>OTH>GRN>LNP,ALP,ALP-ON,0.030132124125960558,0.5314300024829983,Special priors: ON minus 5 pp,False,0.0
Bentleigh,Southern Metro,ALP,LNP,ALP,0.5036829284366566,0.49631707156334337,0.0036829284366566295,LNP-ALP,OTH>IND>GRN>ON,0.49631707156334337,0.5036829284366566,OTH>IND>GRN>ON,0.6050675082432143,0.39493249175678563,OTH>IND>GRN>LNP,LNP,LNP-ALP,0.0036829284366566295,0.49631707156334337,Special priors: ON minus 5 pp,False,0.0
Berwick,South-Eastern Metro,LNP,LNP,ON,0.6167412519393396,0.38325874806066035,0.1167412519393396,LNP-ON,IND>OTH>GRN>ALP,0.34131758477210217,0.6586824152278978,IND>OTH>GRN>ON,0.39952122220212377,0.6004787777978763,IND>OTH>GRN>LNP,LNP,LNP-ON,0.10294788657243659,0.34131758477210217,Special priors: ON minus 5 pp,False,0.0
Box Hill,North-Eastern Metro,ALP,LNP,ALP,0.5130914398459073,0.4869085601540926,0.013091439845907327,LNP-ALP,IND>OTH>ON>GRN,0.4869085601540926,0.5130914398459073,IND>OTH>ON>GRN,0.6347956990028079,0.3652043009971922,IND>OTH>GRN>LNP,LNP,LNP-ALP,0.013091439845907327,0.4869085601540926,Special priors: ON minus 5 pp,False,0.0
Brighton,Southern Metro,LNP,LNP,GRN,0.6091155867121948,0.3908844132878052,0.10911558671219479,LNP-GRN,OTH>IND>ON>ALP,0.38400455859206134,0.6159954414079386,OTH>IND>ON>GRN,0.6081453021174413,0.3918546978825587,OTH>IND>GRN>LNP,LNP,LNP-GRN,0.10911558671219479,0.38400455859206134,Special priors: ON minus 5 pp,False,0.0
Broadmeadows,Northern Metro,ALP,ALP,ON,0.5551710648253194,0.44482893517468053,0.055171064825319416,ALP-ON,IND>GRN>OTH>LNP,0.5829952981501101,0.41700470184988986,IND>GRN>OTH>ON,0.5551710648253194,0.44482893517468053,IND>GRN>OTH>LNP,ALP,ALP-ON,0.045334347877091896,0.5829952981501101,Special priors: ON minus 5 pp,False,0.0
Brunswick,Northern Metro,GRN,GRN,ALP,0.6574256610159002,0.3425743389840999,0.15742566101590016,GRN-ALP,IND>LNP>OTH>ON,0.7678455724816395,0.23215442751836046,IND>OTH>ON>GRN,0.7718446398821244,0.22815536011787563,IND>LNP>OTH>GRN,GRN,GRN-ALP,0.15742566101590016,0.7678455724816395,Special priors: ON minus 5 pp,False,0.0
Bulleen,North-Eastern Metro,LNP,LNP,ALP,0.6438366556457226,0.3561633443542775,0.14383665564572257,LNP-ALP,IND>OTH>GRN>ON,0.3561633443542775,0.6438366556457226,IND>OTH>GRN>ON,0.5628875513892391,0.43711244861076104,IND>OTH>GRN>LNP,LNP,LNP-ALP,0.14383665564572257,0.3561633443542775,Special priors: ON minus 5 pp,False,0.0
Bundoora,North-Eastern Metro,ALP,ALP,ON,0.5797589032995728,0.42024109670042714,0.0797589032995728,ALP-ON,IND>OTH>GRN>LNP,0.5330571483415659,0.466942851658434,IND>OTH>GRN>ON,0.5797589032995728,0.42024109670042714,IND>OTH>GRN>LNP,ALP,ALP-ON,0.06650105638857207,0.5330571483415659,Special priors: ON minus 5 pp,False,0.0
Carrum,South-Eastern Metro,ALP,ON,ALP,0.523721965317959,0.476278034682041,0.023721965317959004,ON-ALP,IND>OTH>GRN>LNP,0.467084037757774,0.5329159622422259,IND>OTH>GRN>ON,0.476278034682041,0.523721965317959,IND>OTH>GRN>LNP,ON,ON-ALP,0.03782775260646998,0.467084037757774,Special priors: ON minus 5 pp,False,0.0
Caulfield,Southern Metro,LNP,LNP,GRN,0.5997182182730068,0.40028178172699336,0.09971821827300675,LNP-GRN,OTH>IND>ON>ALP,0.40759457040167296,0.5924054295983271,OTH>IND>ON>GRN,0.6155803647323714,0.3844196352676285,OTH>IND>GRN>LNP,LNP,LNP-GRN,0.09971821827300675,0.40759457040167296,Special priors: ON minus 5 pp,False,0.0
Clarinda,South-Eastern Metro,ALP,ALP,LNP,0.5274709970940945,0.4725290029059055,0.027470997094094507,ALP-LNP,OTH>IND>GRN>ON,0.5274709970940945,0.4725290029059055,OTH>IND>GRN>ON,0.580682664469863,0.41931733553013695,OTH>IND>GRN>LNP,ALP,ALP-LNP,0.027470997094094507,0.5274709970940945,Special priors: ON minus 5 pp,False,0.0
Cranbourne,South-Eastern Metro,ALP,ON,ALP,0.5221282776485596,0.47787172235144043,0.022128277648559624,ON-ALP,IND>GRN>OTH>LNP,0.4885317133977712,0.5114682866022289,IND>GRN>OTH>ON,0.47787172235144043,0.5221282776485596,IND>GRN>OTH>LNP,ON,ON-ALP,0.03441111732370983,0.4885317133977712,Special priors: ON minus 5 pp,False,0.0
Croydon,North-Eastern Metro,LNP,LNP,ALP,0.6083934933050276,0.3916065066949724,0.10839349330502757,LNP-ALP,IND>OTH>GRN>ON,0.3916065066949724,0.6083934933050276,IND>OTH>GRN>ON,0.5015034314624022,0.4984965685375978,IND>OTH>GRN>LNP,LNP,LNP-ALP,0.10839349330502757,0.3916065066949724,Special priors: ON minus 5 pp,False,0.0
Dandenong,South-Eastern Metro,ALP,ALP,ON,0.5860724941834269,0.41392750581657317,0.08607249418342688,ALP-ON,IND>OTH>GRN>LNP,0.6017667425657133,0.3982332574342868,IND>OTH>GRN>ON,0.5860724941834269,0.41392750581657317,IND>OTH>GRN>LNP,ALP,ALP-ON,0.07690658365561631,0.6017667425657133,Special priors: ON minus 5 pp,False,0.0
Eildon,Northern Victoria,LNP,LNP,ON,0.5983967337299689,0.4016032662700311,0.09839673372996893,LNP-ON,IND>OTH>GRN>ALP,0.3249047940210597,0.6750952059789402,IND>OTH>GRN>ON,0.3669099889351278,0.6330900110648722,IND>OTH>GRN>LNP,LNP,LNP-ON,0.08552037264263435,0.3249047940210597,Special priors: ON minus 5 pp,False,0.0
Eltham,North-Eastern Metro,ALP,ALP,LNP,0.5001605105012256,0.4998394894987745,0.00016051050122556365,ALP-LNP,OTH>IND>GRN>ON,0.5001605105012256,0.4998394894987745,OTH>IND>GRN>ON,0.5739867153004772,0.42601328469952293,OTH>IND>GRN>LNP,ALP,ALP-LNP,0.00016051050122556365,0.5001605105012256,Special priors: ON minus 5 pp,False,0.0
Essendon,Northern Metro,ALP,ALP,ON,0.5577090501898463,0.44229094981015377,0.05770905018984629,ALP-ON,IND>OTH>GRN>LNP,0.5103546048923077,0.4896453951076923,IND>OTH>GRN>ON,0.5577090501898463,0.44229094981015377,IND>OTH>GRN>LNP,ALP,ALP-ON,0.04345095233597218,0.5103546048923077,Special priors: ON minus 5 pp,False,0.0
Eureka,Western Victoria,ALP,ON,ALP,0.5802252921045274,0.4197747078954725,0.08022529210452745,ON-ALP,IND>OTH>GRN>LNP,0.43726939556170064,0.5627306044382994,IND>OTH>GRN>ON,0.4197747078954725,0.5802252921045274,IND>OTH>GRN>LNP,ON,ON-ALP,0.09335043035271195,0.43726939556170064,Special priors: ON minus 5 pp,False,0.0
Euroa,Northern Victoria,LNP,LNP,ON,0.5836538625079992,0.4163461374920008,0.08365386250799922,LNP-ON,IND>OTH>GRN>ALP,0.28516991996768976,0.7148300800323102,IND>OTH>GRN>ON,0.3321745552448311,0.6678254447551689,IND>OTH>GRN>LNP,LNP,LNP-ON,0.07266040948626196,0.28516991996768976,Special priors: ON minus 5 pp,False,0.0
Evelyn,Eastern Victoria,LNP,LNP,ALP,0.6645914036399503,0.33540859636004966,0.16459140363995028,LNP-ALP,IND>OTH>GRN>ON,0.33540859636004966,0.6645914036399503,IND>OTH>GRN>ON,0.40630052322573285,0.5936994767742672,IND>OTH>GRN>LNP,LNP,LNP-ALP,0.16459140363995028,0.33540859636004966,Special priors: ON minus 5 pp,False,0.0
Footscray,Western Metro,ALP,ALP,GRN,0.5321501380045935,0.4678498619954064,0.03215013800459354,ALP-GRN,IND>OTH>LNP>ON,0.6761389582170139,0.3238610417829862,IND>OTH>ON>GRN,0.7384141886645669,0.2615858113354332,IND>OTH>LNP>GRN,ALP,ALP-GRN,0.03215013800459354,0.6761389582170139,Special priors: ON minus 5 pp,False,0.0
Frankston,South-Eastern Metro,ALP,ALP,ON,0.506337618676942,0.493662381323058,0.006337618676942047,ALP-ON,IND>OTH>GRN>LNP,0.4875807393849895,0.5124192606150105,IND>OTH>GRN>ON,0.506337618676942,0.493662381323058,IND>OTH>GRN>LNP,ON,ON-ALP,0.007894300504420082,0.4875807393849895,Special priors: ON minus 5 pp,True,0.0
Geelong,Western Victoria,ALP,ON,ALP,0.5205249964613974,0.4794750035386027,0.020524996461397382,ON-ALP,OTH>IND>GRN>LNP,0.49078396549619635,0.5092160345038036,OTH>IND>GRN>ON,0.4794750035386027,0.5205249964613974,OTH>IND>GRN>LNP,ON,ON-ALP,0.03202301215881842,0.49078396549619635,Special priors: ON minus 5 pp,False,0.0
Gippsland East,Eastern Victoria,LNP,LNP,ON,0.584272823969813,0.415727176030187,0.08427282396981295,LNP-ON,IND>OTH>ALP>GRN,0.18081029226216866,0.8191897077378313,IND>OTH>GRN>ON,0.23583282726193203,0.764167172738068,IND>OTH>GRN>LNP,LNP,LNP-ON,0.07898801106349607,0.18081029226216866,Special priors: ON minus 5 pp,False,0.0
Gippsland South,Eastern Victoria,LNP,LNP,ON,0.5770826106119861,0.422917389388014,0.07708261061198607,LNP-ON,OTH>IND>GRN>ALP,0.24086941047336247,0.7591305895266376,OTH>IND>GRN>ON,0.28710402877982705,0.7128959712201729,OTH>IND>GRN>LNP,LNP,LNP-ON,0.0687312488022912,0.24086941047336247,Special priors: ON minus 5 pp,False,0.0
Glen Waverley,North-Eastern Metro,ALP,LNP,ALP,0.553773596868354,0.446226403131646,0.053773596868354034,LNP-ALP,IND>OTH>GRN>ON,0.446226403131646,0.553773596868354,IND>OTH>GRN>ON,0.6088554662585083,0.3911445337414918,IND>OTH>GRN>LNP,LNP,LNP-ALP,0.053773596868354034,0.446226403131646,Special priors: ON minus 5 pp,False,0.0
Greenvale,Northern Metro,ALP,ALP,ON,0.5593556690391577,0.44064433096084243,0.05935566903915768,ALP-ON,IND>GRN>OTH>LNP,0.5470222596033112,0.45297774039668876,IND>GRN>OTH>ON,0.5593556690391577,0.44064433096084243,IND>GRN>OTH>LNP,ALP,ALP-ON,0.046133766369603535,0.5470222596033112,Special priors: ON minus 5 pp,False,0.0
Hastings,Eastern Victoria,ALP,LNP,ON,0.5657440180088116,0.4342559819911884,0.06574401800881158,LNP-ON,IND>OTH>GRN>ALP,0.39069803706458317,0.6093019629354168,IND>OTH>GRN>ON,0.4096518970561647,0.5903481029438353,IND>OTH>GRN>LNP,LNP,LNP-ON,0.049746062100094024,0.39069803706458317,Special priors: ON minus 5 pp,False,0.0
Hawthorn,Southern Metro,LNP,LNP,GRN,0.6451609576510031,0.354839042348997,0.14516095765100312,LNP-GRN,OTH>ON>ALP>IND,0.4276945350736908,0.5723054649263093,OTH>ON>IND>GRN,0.6526288432828753,0.3473711567171247,OTH>IND>GRN>LNP,LNP,LNP-GRN,0.14516095765100312,0.4276945350736908,Special priors: ON minus 5 pp,False,0.0
Ivanhoe,North-Eastern Metro,ALP,ALP,LNP,0.5421517515316874,0.4578482484683127,0.042151751531687376,ALP-LNP,OTH>IND>ON>GRN,0.5421517515316874,0.4578482484683127,OTH>IND>ON>GRN,0.6290941099289863,0.37090589007101366,OTH>IND>GRN>LNP,ALP,ALP-LNP,0.042151751531687376,0.5421517515316874,Special priors: ON minus 5 pp,False,0.0
Kalkallo,Northern Metro,ALP,ALP,ON,0.5457541832977941,0.454245816702206,0.045754183297794127,ALP-ON,IND>GRN>OTH>LNP,0.5598048968887227,0.44019510311127724,IND>GRN>OTH>ON,0.5457541832977941,0.454245816702206,IND>GRN>OTH>LNP,ALP,ALP-ON,0.03452307360609819,0.5598048968887227,Special priors: ON minus 5 pp,False,0.0
Kew,Southern Metro,LNP,LNP,IND,0.6298350953598343,0.3701649046401657,0.12983509535983428,LNP-IND,OTH>ON>GRN>ALP,0.4058426869975182,0.5941573130024818,OTH>ON>GRN>IND,0.6438727061789061,0.3561272938210939,OTH>GRN>IND>LNP,LNP,LNP-IND,0.12983509535983428,0.4058426869975182,Special priors: ON minus 5 pp,False,0.0
Kororoit,Western Metro,ALP,ALP,ON,0.5473921089339646,0.45260789106603544,0.047392108933964616,ALP-ON,IND>GRN>OTH>LNP,0.5772479987987813,0.42275200120121864,IND>GRN>OTH>ON,0.5473921089339646,0.45260789106603544,IND>GRN>OTH>LNP,ALP,ALP-ON,0.03667568042941627,0.5772479987987813,Special priors: ON minus 5 pp,False,0.0
Lara,Western Victoria,ALP,ON,ALP,0.543892280693204,0.456107719306796,0.043892280693204055,ON-ALP,IND>OTH>GRN>LNP,0.5035367450131508,0.4964632549868492,IND>OTH>GRN>ON,0.456107719306796,0.543892280693204,IND>OTH>GRN>LNP,ON,ON-ALP,0.05265383782890942,0.5035367450131508,Special priors: ON minus 5 pp,False,0.0
Laverton,Western Metro,ALP,ALP,ON,0.5757218492060304,0.4242781507939697,0.07572184920603042,ALP-ON,IND>OTH>GRN>LNP,0.5732249387379217,0.4267750612620784,IND>OTH>GRN>ON,0.5757218492060304,0.4242781507939697,IND>OTH>GRN>LNP,ALP,ALP-ON,0.06500049098880967,0.5732249387379217,Special priors: ON minus 5 pp,False,0.0
Lowan,Western Victoria,LNP,LNP,ON,0.6165289736253292,0.3834710263746709,0.11652897362532921,LNP-ON,IND>OTH>ALP>GRN,0.196298640597478,0.8037013594025221,IND>OTH>GRN>ON,0.26073775461881854,0.7392622453811815,IND>OTH>GRN>LNP,LNP,LNP-ON,0.11087163502118313,0.196298640597478,Special priors: ON minus 5 pp,False,0.0
Macedon,Northern Victoria,ALP,ON,ALP,0.5291344253284006,0.4708655746715994,0.029134425328400604,ON-ALP,OTH>IND>GRN>LNP,0.47013668339363907,0.529863316606361,OTH>IND>GRN>ON,0.4708655746715994,0.5291344253284006,OTH>IND>GRN>LNP,ON,ON-ALP,0.043051314427521636,0.47013668339363907,Special priors: ON minus 5 pp,False,0.0
Malvern,Southern Metro,LNP,LNP,GRN,0.654830411279133,0.34516958872086706,0.154830411279133,LNP-GRN,IND>OTH>ON>ALP,0.3492923647811958,0.6507076352188043,IND>OTH>ON>GRN,0.6161300714963891,0.38386992850361085,IND>OTH>GRN>LNP,LNP,LNP-GRN,0.154830411279133,0.3492923647811958,Special priors: ON minus 5 pp,False,0.0
Melbourne,Northern Metro,GRN,GRN,ALP,0.6295972111492998,0.37040278885070027,0.12959721114929978,GRN-ALP,IND>OTH>LNP>ON,0.6930828544888147,0.3069171455111854,IND>OTH>ON>GRN,0.7670515307033926,0.23294846929660742,IND>OTH>LNP>GRN,GRN,GRN-ALP,0.12959721114929978,0.6930828544888147,Special priors: ON minus 5 pp,False,0.0
Melton,Western Victoria,ALP,ON,ALP,0.5688477366628089,0.43115226333719114,0.06884773666280886,ON-ALP,GRN>OTH>LNP>IND,0.40504191733514977,0.5949580826648503,GRN>OTH>IND>ON,0.43115226333719114,0.5688477366628089,GRN>OTH>LNP>IND,ON,ON-ALP,0.0817979031260031,0.40504191733514977,Special priors: ON minus 5 pp,False,0.0
Mildura,Northern Victoria,LNP,ON,IND,0.5243486550301008,0.4756513449698993,0.024348655030100752,ON-IND,OTH>ALP>GRN>LNP,0.25060242952196354,0.7493975704780365,OTH>GRN>ON>IND,0.33982543131157594,0.6601745686884241,OTH>GRN>LNP>IND,ON,ON-IND,0.024348655030100752,0.25060242952196354,Special priors: ON minus 5 pp,False,0.0
Mill Park,North-Eastern Metro,ALP,ALP,ON,0.5317884040013365,0.4682115959986634,0.031788404001336534,ALP-ON,IND>OTH>GRN>LNP,0.5429491291569318,0.4570508708430683,IND>OTH>GRN>ON,0.5317884040013365,0.4682115959986634,IND>OTH>GRN>LNP,ALP,ALP-ON,0.021162102709912367,0.5429491291569318,Special priors: ON minus 5 pp,False,0.0
Monbulk,Eastern Victoria,ALP,LNP,ALP,0.5501816368373839,0.4498183631626162,0.05018163683738386,LNP-ALP,OTH>IND>GRN>ON,0.4498183631626162,0.5501816368373839,OTH>IND>GRN>ON,0.45752759553104866,0.5424724044689513,OTH>IND>GRN>LNP,LNP,LNP-ALP,0.05018163683738386,0.4498183631626162,Special priors: ON minus 5 pp,False,0.0
Mordialloc,South-Eastern Metro,ALP,LNP,ALP,0.5052321221496482,0.49476787785035176,0.0052321221496481884,LNP-ALP,OTH>IND>GRN>ON,0.49476787785035176,0.5052321221496482,OTH>IND>GRN>ON,0.5709948135328601,0.42900518646714,OTH>IND>GRN>LNP,LNP,LNP-ALP,0.0052321221496481884,0.49476787785035176,Special priors: ON minus 5 pp,False,0.0
Mornington,Eastern Victoria,LNP,LNP,IND,0.6410737928842648,0.35892620711573514,0.1410737928842648,LNP-IND,OTH>GRN>ALP>ON,0.3065488304248025,0.6934511695751975,OTH>GRN>IND>ON,0.36426516754875266,0.6357348324512473,OTH>GRN>IND>LNP,LNP,LNP-IND,0.1410737928842648,0.3065488304248025,Special priors: ON minus 5 pp,False,0.0
Morwell,Eastern Victoria,LNP,ON,LNP,0.5308604772519782,0.46913952274802184,0.030860477251978158,ON-LNP,GRN>OTH>IND>ALP,0.3484608165998567,0.6515391834001433,GRN>OTH>IND>ON,0.3302364524442129,0.669763547555787,GRN>OTH>IND>LNP,ON,ON-LNP,0.042190970528307115,0.3484608165998567,Special priors: ON minus 5 pp,False,0.0
Mulgrave,South-Eastern Metro,ALP,ALP,ON,0.6055747162481716,0.3944252837518284,0.10557471624817161,ALP-ON,OTH>GRN>IND>LNP,0.596252604978061,0.403747395021939,OTH>GRN>IND>ON,0.6055747162481716,0.3944252837518284,OTH>GRN>IND>LNP,ALP,ALP-ON,0.09528242883446991,0.596252604978061,Special priors: ON minus 5 pp,False,0.0
Murray Plains,Northern Victoria,LNP,LNP,ON,0.582258011714409,0.41774198828559095,0.08225801171440905,LNP-ON,IND>ALP>OTH>GRN,0.1651270462838107,0.8348729537161893,IND>GRN>OTH>ON,0.21977187807236628,0.7802281219276337,IND>GRN>OTH>LNP,LNP,LNP-ON,0.07784590501787991,0.1651270462838107,Special priors: ON minus 5 pp,False,0.0
Narracan,Eastern Victoria,LNP,LNP,ON,0.613734717868041,0.386265282131959,0.11373471786804101,LNP-ON,OTH>IND>ALP>GRN,0.34906264247124946,0.6509373575287505,OTH>IND>GRN>ON,0.3863441337460341,0.6136558662539658,OTH>IND>GRN>LNP,LNP,LNP-ON,0.1018607605269275,0.34906264247124946,Special priors: ON minus 5 pp,False,0.0
Narre Warren North,South-Eastern Metro,ALP,ALP,ON,0.5015986159811576,0.4984013840188424,0.001598615981157625,ALP-ON,IND>OTH>GRN>LNP,0.5026677670760976,0.4973322329239024,IND>OTH>GRN>ON,0.5015986159811576,0.4984013840188424,IND>OTH>GRN>LNP,ON,ON-ALP,0.010497560135298012,0.5026677670760976,Special priors: ON minus 5 pp,True,0.0
Narre Warren South,South-Eastern Metro,ALP,ALP,ON,0.510654017004549,0.489345982995451,0.010654017004549043,ALP-ON,IND>OTH>GRN>LNP,0.5021650679194825,0.4978349320805176,IND>OTH>GRN>ON,0.510654017004549,0.489345982995451,IND>OTH>GRN>LNP,ON,ON-ALP,0.001953167930933919,0.5021650679194825,Special priors: ON minus 5 pp,True,0.0
Nepean,Eastern Victoria,LNP,LNP,ON,0.6411137425498696,0.3588862574501303,0.14111374254986964,LNP-ON,OTH>IND>GRN>ALP,0.32722822575464605,0.672771774245354,OTH>IND>GRN>ON,0.39620045300539325,0.6037995469946068,OTH>IND>GRN>LNP,LNP,LNP-ON,0.12796975782265807,0.32722822575464605,Special priors: ON minus 5 pp,False,0.0
Niddrie,Western Metro,ALP,ALP,ON,0.5146146685022668,0.4853853314977333,0.014614668502266781,ALP-ON,IND>OTH>GRN>LNP,0.465586711813811,0.534413288186189,IND>OTH>GRN>ON,0.5146146685022668,0.4853853314977333,IND>OTH>GRN>LNP,ON,ON-ALP,0.0001758746325596361,0.465586711813811,Special priors: ON minus 5 pp,True,0.0
Northcote,Northern Metro,ALP,GRN,ALP,0.5370931725447301,0.46290682745526984,0.0370931725447301,GRN-ALP,IND>OTH>LNP>ON,0.729943201885343,0.270056798114657,IND>OTH>ON>GRN,0.7304807637477666,0.2695192362522334,IND>OTH>LNP>GRN,GRN,GRN-ALP,0.0370931725447301,0.729943201885343,Special priors: ON minus 5 pp,False,0.0
Oakleigh,Southern Metro,ALP,ALP,LNP,0.5446783645930383,0.45532163540696174,0.04467836459303831,ALP-LNP,OTH>IND>GRN>ON,0.5446783645930383,0.45532163540696174,OTH>IND>GRN>ON,0.6066464954733234,0.3933535045266766,OTH>IND>GRN>LNP,ALP,ALP-LNP,0.04467836459303831,0.5446783645930383,Special priors: ON minus 5 pp,False,0.0
Ovens Valley,Northern Victoria,LNP,LNP,ON,0.5889415835369236,0.4110584164630764,0.08894158353692361,LNP-ON,IND>ALP>OTH>GRN,0.23938740688134305,0.7606125931186569,IND>OTH>GRN>ON,0.276920673405961,0.7230793265940391,IND>OTH>GRN>LNP,LNP,LNP-ON,0.08172524111584978,0.23938740688134305,Special priors: ON minus 5 pp,False,0.0
Pakenham,Eastern Victoria,ALP,LNP,ON,0.5250273773883648,0.47497262261163514,0.025027377388364802,LNP-ON,IND>OTH>GRN>ALP,0.3835567488442664,0.6164432511557336,IND>OTH>GRN>ON,0.3793581787644465,0.6206418212355536,IND>OTH>GRN>LNP,LNP,LNP-ON,0.010831837988326098,0.3835567488442664,Special priors: ON minus 5 pp,False,0.0
Pascoe Vale,Northern Metro,ALP,ALP,GRN,0.5157975094253062,0.4842024905746937,0.015797509425306222,ALP-GRN,OTH>IND>LNP>ON,0.6134692903098298,0.3865307096901703,OTH>IND>ON>GRN,0.6652574087801426,0.33474259121985733,OTH>IND>LNP>GRN,ALP,ALP-GRN,0.015797509425306222,0.6134692903098298,Special priors: ON minus 5 pp,False,0.0
Point Cook,Western Metro,ALP,ON,ALP,0.5050846142798927,0.49491538572010735,0.005084614279892707,ON-ALP,OTH>GRN>IND>LNP,0.5105676306263236,0.48943236937367646,OTH>GRN>IND>ON,0.49491538572010735,0.5050846142798927,OTH>GRN>IND>LNP,ON,ON-ALP,0.01712351466450146,0.5105676306263236,Special priors: ON minus 5 pp,False,0.0
Polwarth,Western Victoria,LNP,LNP,ON,0.6671641278371736,0.33283587216282645,0.1671641278371736,LNP-ON,IND>OTH>ALP>GRN,0.36813938578719646,0.6318606142128035,IND>OTH>GRN>ON,0.4191373802942082,0.5808626197057918,IND>OTH>GRN>LNP,LNP,LNP-ON,0.1533951179400923,0.36813938578719646,Special priors: ON minus 5 pp,False,0.0
Prahran,Southern Metro,GRN,GRN,LNP,0.5553820221324355,0.44461797786756446,0.05538202213243548,GRN-LNP,IND>OTH>ALP>ON,0.5622306111100892,0.43776938888991074,IND>OTH>ON>GRN,0.6913796614085289,0.30862033859147103,IND>OTH>LNP>GRN,GRN,GRN-LNP,0.05538202213243548,0.5622306111100892,Special priors: ON minus 5 pp,False,0.0
Preston,Northern Metro,ALP,ALP,ON,0.6102121493731266,0.38978785062687343,0.11021214937312662,ALP-ON,OTH>IND>LNP>GRN,0.5925007963571941,0.40749920364280595,OTH>IND>GRN>ON,0.6102121493731266,0.38978785062687343,OTH>IND>LNP>GRN,ALP,ALP-ON,0.09583824091259319,0.5925007963571941,Special priors: ON minus 5 pp,False,0.0
Richmond,Northern Metro,GRN,GRN,ALP,0.5936816873677317,0.40631831263226836,0.09368168736773175,GRN-ALP,IND>OTH>LNP>ON,0.7291448635762262,0.27085513642377385,IND>OTH>ON>GRN,0.779159835166192,0.22084016483380797,IND>OTH>LNP>GRN,GRN,GRN-ALP,0.09368168736773175,0.7291448635762262,Special priors: ON minus 5 pp,False,0.0
Ringwood,North-Eastern Metro,ALP,LNP,ALP,0.5190159437425228,0.48098405625747725,0.0190159437425228,LNP-ALP,IND>OTH>ON>GRN,0.48098405625747725,0.5190159437425228,IND>OTH>ON>GRN,0.5793469125769194,0.4206530874230807,IND>OTH>GRN>LNP,LNP,LNP-ALP,0.0190159437425228,0.48098405625747725,Special priors: ON minus 5 pp,False,0.0
Ripon,Western Victoria,ALP,ON,ALP,0.609406448825249,0.390593551174751,0.10940644882524897,ON-ALP,IND>GRN>OTH>LNP,0.4069761843514621,0.5930238156485379,IND>GRN>OTH>ON,0.390593551174751,0.609406448825249,IND>GRN>OTH>LNP,ON,ON-ALP,0.12383376164076232,0.4069761843514621,Special priors: ON minus 5 pp,False,0.0
Rowville,South-Eastern Metro,LNP,LNP,ALP,0.6122996096782161,0.387700390321784,0.11229960967821606,LNP-ALP,OTH>IND>GRN>ON,0.387700390321784,0.6122996096782161,OTH>IND>GRN>ON,0.5099424879275958,0.49005751207240417,OTH>IND>GRN>LNP,LNP,LNP-ALP,0.11229960967821606,0.387700390321784,Special priors: ON minus 5 pp,False,0.0
Sandringham,Southern Metro,LNP,LNP,GRN,0.6459278181117784,0.3540721818882216,0.14592781811177835,LNP-GRN,OTH>IND>ALP>ON,0.364047523061292,0.6359524769387079,OTH>IND>GRN>ON,0.5398743062240526,0.4601256937759473,OTH>IND>GRN>LNP,LNP,LNP-GRN,0.14592781811177835,0.364047523061292,Special priors: ON minus 5 pp,False,0.0
Shepparton,Northern Victoria,LNP,LNP,ON,0.5621814269467474,0.43781857305325267,0.06218142694674744,LNP-ON,ALP>OTH>GRN>IND,0.2419541110152772,0.7580458889847229,OTH>GRN>IND>ON,0.2788642370215461,0.7211357629784539,OTH>GRN>IND>LNP,LNP,LNP-ON,0.04650971181765662,0.2419541110152772,Special priors: ON minus 5 pp,False,0.0
South Barwon,Western Victoria,ALP,LNP,ALP,0.544242385247934,0.45575761475206594,0.044242385247934,LNP-ALP,IND>OTH>GRN>ON,0.45575761475206594,0.544242385247934,IND>OTH>GRN>ON,0.500250893324142,0.499749106675858,IND>OTH>GRN>LNP,LNP,LNP-ALP,0.044242385247934,0.45575761475206594,Special priors: ON minus 5 pp,False,0.0
South-West Coast,Western Victoria,LNP,LNP,IND,0.6137410245243304,0.3862589754756696,0.11374102452433044,LNP-IND,OTH>GRN>ALP>ON,0.3384272955618427,0.6615727044381574,OTH>GRN>ON>IND,0.35772111540439167,0.6422788845956084,OTH>GRN>IND>LNP,LNP,LNP-IND,0.11374102452433044,0.3384272955618427,Special priors: ON minus 5 pp,False,0.0
St Albans,Western Metro,ALP,ALP,ON,0.5496493974676117,0.4503506025323884,0.049649397467611656,ALP-ON,IND>GRN>OTH>LNP,0.537074308227758,0.46292569177224197,IND>GRN>OTH>ON,0.5496493974676117,0.4503506025323884,IND>GRN>OTH>LNP,ALP,ALP-ON,0.0376618658591823,0.537074308227758,Special priors: ON minus 5 pp,False,0.0
Sunbury,Western Metro,ALP,ON,ALP,0.5664943678968762,0.4335056321031237,0.06649436789687624,ON-ALP,IND>OTH>GRN>LNP,0.43904949706850516,0.5609505029314948,IND>OTH>GRN>ON,0.4335056321031237,0.5664943678968762,IND>OTH>GRN>LNP,ON,ON-ALP,0.08046238576994458,0.43904949706850516,Special priors: ON minus 5 pp,False,0.0
Sydenham,Western Metro,ALP,ALP,ON,0.502213251348021,0.497786748651979,0.0022132513480209726,ALP-ON,IND>GRN>OTH>LNP,0.503161655084245,0.49683834491575496,IND>GRN>OTH>ON,0.502213251348021,0.497786748651979,IND>GRN>OTH>LNP,ON,ON-ALP,0.010711235509049732,0.503161655084245,Special priors: ON minus 5 pp,True,0.0
Tarneit,Western Metro,ALP,ALP,ON,0.5391122441543442,0.4608877558456558,0.03911224415434422,ALP-ON,IND>OTH>GRN>LNP,0.5325214445132399,0.46747855548676004,IND>OTH>GRN>ON,0.5391122441543442,0.4608877558456558,IND>OTH>GRN>LNP,ALP,ALP-ON,0.026752078697936832,0.5325214445132399,Special priors: ON minus 5 pp,False,0.0
Thomastown,Northern Metro,ALP,ALP,ON,0.5645110750167558,0.4354889249832443,0.06451107501675579,ALP-ON,IND>OTH>GRN>LNP,0.5867917184742931,0.413208281525707,IND>OTH>GRN>ON,0.5645110750167558,0.4354889249832443,IND>OTH>GRN>LNP,ALP,ALP-ON,0.05500110801488278,0.5867917184742931,Special priors: ON minus 5 pp,False,0.0
Warrandyte,North-Eastern Metro,LNP,LNP,ALP,0.6369244026329121,0.3630755973670879,0.13692440263291206,LNP-ALP,IND>OTH>GRN>ON,0.3630755973670879,0.6369244026329121,IND>OTH>GRN>ON,0.5192539489666007,0.48074605103339924,IND>OTH>GRN>LNP,LNP,LNP-ALP,0.13692440263291206,0.3630755973670879,Special priors: ON minus 5 pp,False,0.0
Wendouree,Western Victoria,ALP,ON,ALP,0.5019511465654941,0.4980488534345059,0.0019511465654941107,ON-ALP,IND>OTH>GRN>LNP,0.47739356273948613,0.5226064372605138,IND>OTH>GRN>ON,0.4980488534345059,0.5019511465654941,IND>OTH>GRN>LNP,ON,ON-ALP,0.01569232826626099,0.47739356273948613,Special priors: ON minus 5 pp,False,0.0
Werribee,Western Metro,ALP,ON,ALP,0.5451744560793091,0.4548255439206909,0.045174456079309144,ON-ALP,OTH>GRN>IND>LNP,0.4876823192407744,0.5123176807592257,OTH>GRN>IND>ON,0.4548255439206909,0.5451744560793091,OTH>GRN>IND>LNP,ON,ON-ALP,0.056613667955947466,0.4876823192407744,Special priors: ON minus 5 pp,False,0.0
Williamstown,Western Metro,ALP,ALP,ON,0.6070119184986524,0.3929880815013476,0.10701191849865244,ALP-ON,IND>OTH>GRN>LNP,0.5642256906948101,0.43577430930518984,IND>OTH>GRN>ON,0.6070119184986524,0.3929880815013476,IND>OTH>GRN>LNP,ALP,ALP-ON,0.09457019069773154,0.5642256906948101,Special priors: ON minus 5 pp,False,0.0
Yan Yean,Northern Victoria,ALP,ON,ALP,0.5442842411626355,0.4557157588373645,0.04428424116263552,ON-ALP,IND>GRN>OTH>LNP,0.45815170999124105,0.541848290008759,IND>GRN>OTH>ON,0.4557157588373645,0.5442842411626355,IND>GRN>OTH>LNP,ON,ON-ALP,0.05894072964056307,0.45815170999124105,Special priors: ON minus 5 pp,False,0.0
Albert Park,Southern Metro,ALP,ALP,LNP,0.5514804434337367,0.44851955656626336,0.0514804434337367,ALP-LNP,OTH>IND>ON>GRN,0.5514804434337367,0.44851955656626336,OTH>IND>ON>GRN,0.6242828379034328,0.3757171620965673,OTH>IND>GRN>LNP,ALP,ALP-LNP,0.0514804434337367,0.5514804434337367,Special priors: ON plus 5 pp,False,0.0
Ashwood,Southern Metro,ALP,LNP,ALP,0.5250826457842138,0.4749173542157862,0.02508264578421382,LNP-ALP,OTH>IND>ON>GRN,0.4749173542157862,0.5250826457842138,OTH>IND>ON>GRN,0.581132077904665,0.4188679220953351,OTH>IND>GRN>LNP,LNP,LNP-ALP,0.02508264578421382,0.4749173542157862,Special priors: ON plus 5 pp,False,0.0
Bass,Eastern Victoria,ALP,LNP,ON,0.5274625201611408,0.47253747983885924,0.027462520161140813,LNP-ON,IND>OTH>GRN>ALP,0.3564136291868352,0.6435863708131648,IND>OTH>GRN>ON,0.33715904529686097,0.6628409547031391,IND>OTH>GRN>LNP,LNP,LNP-ON,0.04141818723661994,0.3564136291868352,Special priors: ON plus 5 pp,False,0.0
Bayswater,North-Eastern Metro,ALP,LNP,ALP,0.572481595302293,0.4275184046977069,0.07248159530229303,LNP-ALP,IND>OTH>GRN>ON,0.4275184046977069,0.572481595302293,IND>OTH>GRN>ON,0.47807215194748776,0.5219278480525124,IND>OTH>GRN>LNP,LNP,LNP-ALP,0.07248159530229303,0.4275184046977069,Special priors: ON plus 5 pp,False,0.0
Bellarine,Western Victoria,ALP,LNP,ALP,0.5194625228645812,0.48053747713541883,0.019462522864581167,LNP-ALP,OTH>IND>GRN>ON,0.48053747713541883,0.5194625228645812,OTH>IND>GRN>ON,0.48611093957946744,0.5138890604205325,OTH>IND>GRN>LNP,LNP,LNP-ALP,0.019462522864581167,0.48053747713541883,Special priors: ON plus 5 pp,False,0.0
Benambra,Northern Victoria,LNP,ON,LNP,0.5098861939207435,0.49011380607925653,0.009886193920743525,ON-LNP,ALP>OTH>GRN>IND,0.25014225985580724,0.7498577401441928,OTH>GRN>IND>ON,0.20521610816194974,0.7947838918380502,OTH>GRN>IND>LNP,LNP,LNP-ON,0.006312200270483959,0.25014225985580724,Special priors: ON plus 5 pp,True,0.0
Bendigo East,Northern Victoria,ALP,LNP,ALP,0.5074939209362723,0.4925060790637276,0.007493920936272325,LNP-ALP,OTH>IND>GRN>ON,0.4925060790637276,0.5074939209362723,OTH>IND>GRN>ON,0.5074404723435486,0.4925595276564514,OTH>IND>GRN>LNP,LNP,LNP-ALP,0.007493920936272325,0.4925060790637276,Special priors: ON plus 5 pp,False,0.0
Bendigo West,Northern Victoria,ALP,ALP,ON,0.5173961682097638,0.4826038317902363,0.01739616820976375,ALP-ON,IND>OTH>GRN>LNP,0.5314300024829983,0.46856999751700174,IND>OTH>GRN>ON,0.5173961682097638,0.4826038317902363,IND>OTH>GRN>LNP,ALP,ALP-ON,0.030132124125960558,0.5314300024829983,Special priors: ON plus 5 pp,False,0.0
Bentleigh,Southern Metro,ALP,LNP,ALP,0.5036829284366566,0.49631707156334337,0.0036829284366566295,LNP-ALP,OTH>IND>GRN>ON,0.49631707156334337,0.5036829284366566,OTH>IND>GRN>ON,0.5701257435122712,0.4298742564877288,OTH>IND>GRN>LNP,LNP,LNP-ALP,0.0036829284366566295,0.49631707156334337,Special priors: ON plus 5 pp,False,0.0
Berwick,South-Eastern Metro,LNP,LNP,ON,0.5891545212055336,0.4108454787944665,0.08915452120553358,LNP-ON,IND>OTH>GRN>ALP,0.34131758477210217,0.6586824152278978,IND>OTH>GRN>ON,0.356881941214516,0.643118058785484,IND>OTH>GRN>LNP,LNP,LNP-ON,0.10294788657243659,0.34131758477210217,Special priors: ON plus 5 pp,False,0.0
Box Hill,North-Eastern Metro,ALP,LNP,ALP,0.5130914398459073,0.4869085601540926,0.013091439845907327,LNP-ALP,IND>OTH>ON>GRN,0.4869085601540926,0.5130914398459073,IND>OTH>ON>GRN,0.594273199414593,0.40572680058540705,IND>OTH>GRN>LNP,LNP,LNP-ALP,0.013091439845907327,0.4869085601540926,Special priors: ON plus 5 pp,False,0.0
Brighton,Southern Metro,LNP,LNP,GRN,0.6091155867121948,0.3908844132878052,0.10911558671219479,LNP-GRN,OTH>IND>ON>ALP,0.38400455859206134,0.6159954414079386,OTH>IND>ON>GRN,0.5573834164090747,0.4426165835909253,OTH>IND>GRN>LNP,LNP,LNP-GRN,0.10911558671219479,0.38400455859206134,Special priors: ON plus 5 pp,False,0.0
Broadmeadows,Northern Metro,ALP,ALP,ON,0.5354976309288643,0.46450236907113573,0.035497630928864266,ALP-ON,IND>GRN>OTH>LNP,0.5829952981501101,0.41700470184988986,IND>GRN>OTH>ON,0.5354976309288643,0.46450236907113573,IND>GRN>OTH>LNP,ALP,ALP-ON,0.045334347877091896,0.5829952981501101,Special priors: ON plus 5 pp,False,0.0
Brunswick,Northern Metro,GRN,GRN,ALP,0.6574256610159002,0.3425743389840999,0.15742566101590016,GRN-ALP,IND>LNP>OTH>ON,0.7678455724816395,0.23215442751836046,IND>OTH>ON>GRN,0.7155121429549816,0.28448785704501856,IND>LNP>OTH>GRN,GRN,GRN-ALP,0.15742566101590016,0.7678455724816395,Special priors: ON plus 5 pp,False,0.0
Bulleen,North-Eastern Metro,LNP,LNP,ALP,0.6438366556457226,0.3561633443542775,0.14383665564572257,LNP-ALP,IND>OTH>GRN>ON,0.3561633443542775,0.6438366556457226,IND>OTH>GRN>ON,0.510611588327393,0.48938841167260716,IND>OTH>GRN>LNP,LNP,LNP-ALP,0.14383665564572257,0.3561633443542775,Special priors: ON plus 5 pp,False,0.0
Bundoora,North-Eastern Metro,ALP,ALP,ON,0.5532432094775713,0.4467567905224286,0.05324320947757133,ALP-ON,IND>OTH>GRN>LNP,0.5330571483415659,0.466942851658434,IND>OTH>GRN>ON,0.5532432094775713,0.4467567905224286,IND>OTH>GRN>LNP,ALP,ALP-ON,0.06650105638857207,0.5330571483415659,Special priors: ON plus 5 pp,False,0.0
Carrum,South-Eastern Metro,ALP,ON,ALP,0.551933539894981,0.44806646010501905,0.05193353989498095,ON-ALP,IND>OTH>GRN>LNP,0.467084037757774,0.5329159622422259,IND>OTH>GRN>ON,0.44806646010501905,0.551933539894981,IND>OTH>GRN>LNP,ON,ON-ALP,0.03782775260646998,0.467084037757774,Special priors: ON plus 5 pp,False,0.0
Caulfield,Southern Metro,LNP,LNP,GRN,0.5997182182730068,0.40028178172699336,0.09971821827300675,LNP-GRN,OTH>IND>ON>ALP,0.40759457040167296,0.5924054295983271,OTH>IND>ON>GRN,0.5676122968887767,0.4323877031112234,OTH>IND>GRN>LNP,LNP,LNP-GRN,0.09971821827300675,0.40759457040167296,Special priors: ON plus 5 pp,False,0.0
Clarinda,South-Eastern Metro,ALP,ALP,LNP,0.5274709970940945,0.4725290029059055,0.027470997094094507,ALP-LNP,OTH>IND>GRN>ON,0.5274709970940945,0.4725290029059055,OTH>IND>GRN>ON,0.5528996723931184,0.44710032760688156,OTH>IND>GRN>LNP,ALP,ALP-LNP,0.027470997094094507,0.5274709970940945,Special priors: ON plus 5 pp,False,0.0
Cranbourne,South-Eastern Metro,ALP,ON,ALP,0.5466939569988601,0.4533060430011399,0.04669395699886014,ON-ALP,IND>GRN>OTH>LNP,0.4885317133977712,0.5114682866022289,IND>GRN>OTH>ON,0.4533060430011399,0.5466939569988601,IND>GRN>OTH>LNP,ON,ON-ALP,0.03441111732370983,0.4885317133977712,Special priors: ON plus 5 pp,False,0.0
Croydon,North-Eastern Metro,LNP,LNP,ALP,0.6083934933050276,0.3916065066949724,0.10839349330502757,LNP-ALP,IND>OTH>GRN>ON,0.3916065066949724,0.6083934933050276,IND>OTH>GRN>ON,0.45762878798304857,0.5423712120169515,IND>OTH>GRN>LNP,LNP,LNP-ALP,0.10839349330502757,0.3916065066949724,Special priors: ON plus 5 pp,False,0.0
Dandenong,South-Eastern Metro,ALP,ALP,ON,0.5677406731278057,0.4322593268721943,0.06774067312780574,ALP-ON,IND>OTH>GRN>LNP,0.6017667425657133,0.3982332574342868,IND>OTH>GRN>ON,0.5677406731278057,0.4322593268721943,IND>OTH>GRN>LNP,ALP,ALP-ON,0.07690658365561631,0.6017667425657133,Special priors: ON plus 5 pp,False,0.0
Eildon,Northern Victoria,LNP,LNP,ON,0.5726440115552998,0.4273559884447003,0.07264401155529976,LNP-ON,IND>OTH>GRN>ALP,0.3249047940210597,0.6750952059789402,IND>OTH>GRN>ON,0.3248396938626526,0.6751603061373473,IND>OTH>GRN>LNP,LNP,LNP-ON,0.08552037264263435,0.3249047940210597,Special priors: ON plus 5 pp,False,0.0
Eltham,North-Eastern Metro,ALP,ALP,LNP,0.5001605105012256,0.4998394894987745,0.00016051050122556365,ALP-LNP,OTH>IND>GRN>ON,0.5001605105012256,0.4998394894987745,OTH>IND>GRN>ON,0.5403916355728533,0.4596083644271468,OTH>IND>GRN>LNP,ALP,ALP-LNP,0.00016051050122556365,0.5001605105012256,Special priors: ON plus 5 pp,False,0.0
Essendon,Northern Metro,ALP,ALP,ON,0.5291928544820982,0.4708071455179018,0.029192854482098185,ALP-ON,IND>OTH>GRN>LNP,0.5103546048923077,0.4896453951076923,IND>OTH>GRN>ON,0.5291928544820982,0.4708071455179018,IND>OTH>GRN>LNP,ALP,ALP-ON,0.04345095233597218,0.5103546048923077,Special priors: ON plus 5 pp,False,0.0
Eureka,Western Victoria,ALP,ON,ALP,0.6064755686008965,0.3935244313991035,0.10647556860089646,ON-ALP,IND>OTH>GRN>LNP,0.43726939556170064,0.5627306044382994,IND>OTH>GRN>ON,0.3935244313991035,0.6064755686008965,IND>OTH>GRN>LNP,ON,ON-ALP,0.09335043035271195,0.43726939556170064,Special priors: ON plus 5 pp,False,0.0
Euroa,Northern Victoria,LNP,LNP,ON,0.5616669564645248,0.43833304353547525,0.0616669564645248,LNP-ON,IND>OTH>GRN>ALP,0.28516991996768976,0.7148300800323102,IND>OTH>GRN>ON,0.28898013416402846,0.7110198658359715,IND>OTH>GRN>LNP,LNP,LNP-ON,0.07266040948626196,0.28516991996768976,Special priors: ON plus 5 pp,False,0.0
Evelyn,Eastern Victoria,LNP,LNP,ALP,0.6645914036399503,0.33540859636004966,0.16459140363995028,LNP-ALP,IND>OTH>GRN>ON,0.33540859636004966,0.6645914036399503,IND>OTH>GRN>ON,0.3605336659559505,0.6394663340440495,IND>OTH>GRN>LNP,LNP,LNP-ALP,0.16459140363995028,0.33540859636004966,Special priors: ON plus 5 pp,False,0.0
Footscray,Western Metro,ALP,ALP,GRN,0.5321501380045935,0.4678498619954064,0.03215013800459354,ALP-GRN,IND>OTH>LNP>ON,0.6761389582170139,0.3238610417829862,IND>OTH>ON>GRN,0.7026862068445334,0.2973137931554665,IND>OTH>LNP>GRN,ALP,ALP-GRN,0.03215013800459354,0.6761389582170139,Special priors: ON plus 5 pp,False,0.0
Frankston,South-Eastern Metro,ALP,ON,ALP,0.5221262196857822,0.47787378031421773,0.02212621968578221,ON-ALP,IND>OTH>GRN>LNP,0.4875807393849895,0.5124192606150105,IND>OTH>GRN>ON,0.47787378031421773,0.5221262196857822,IND>OTH>GRN>LNP,ON,ON-ALP,0.007894300504420082,0.4875807393849895,Special priors: ON plus 5 pp,False,0.0
Geelong,Western Victoria,ALP,ON,ALP,0.5435210278562396,0.45647897214376043,0.04352102785623957,ON-ALP,OTH>IND>GRN>LNP,0.49078396549619635,0.5092160345038036,OTH>IND>GRN>ON,0.45647897214376043,0.5435210278562396,OTH>IND>GRN>LNP,ON,ON-ALP,0.03202301215881842,0.49078396549619635,Special priors: ON plus 5 pp,False,0.0
Gippsland East,Eastern Victoria,LNP,LNP,ON,0.5737031981571791,0.4262968018428209,0.07370319815717907,LNP-ON,IND>OTH>ALP>GRN,0.18081029226216866,0.8191897077378313,IND>OTH>GRN>ON,0.18578236681753602,0.814217633182464,IND>OTH>GRN>LNP,LNP,LNP-ON,0.07898801106349607,0.18081029226216866,Special priors: ON plus 5 pp,False,0.0
Gippsland South,Eastern Victoria,LNP,LNP,ON,0.5603798869925964,0.4396201130074035,0.06037988699259644,LNP-ON,OTH>IND>GRN>ALP,0.24086941047336247,0.7591305895266376,OTH>IND>GRN>ON,0.24092064701600724,0.7590793529839929,OTH>IND>GRN>LNP,LNP,LNP-ON,0.0687312488022912,0.24086941047336247,Special priors: ON plus 5 pp,False,0.0
Glen Waverley,North-Eastern Metro,ALP,LNP,ALP,0.553773596868354,0.446226403131646,0.053773596868354034,LNP-ALP,IND>OTH>GRN>ON,0.446226403131646,0.553773596868354,IND>OTH>GRN>ON,0.5651760930099984,0.4348239069900017,IND>OTH>GRN>LNP,LNP,LNP-ALP,0.053773596868354034,0.446226403131646,Special priors: ON plus 5 pp,False,0.0
Greenvale,Northern Metro,ALP,ALP,ON,0.5329118637000494,0.46708813629995055,0.03291186370004939,ALP-ON,IND>GRN>OTH>LNP,0.5470222596033112,0.45297774039668876,IND>GRN>OTH>ON,0.5329118637000494,0.46708813629995055,IND>GRN>OTH>LNP,ALP,ALP-ON,0.046133766369603535,0.5470222596033112,Special priors: ON plus 5 pp,False,0.0
Hastings,Eastern Victoria,ALP,LNP,ON,0.5337481061913764,0.4662518938086237,0.03374810619137636,LNP-ON,IND>OTH>GRN>ALP,0.39069803706458317,0.6093019629354168,IND>OTH>GRN>ON,0.3751546744093139,0.6248453255906862,IND>OTH>GRN>LNP,LNP,LNP-ON,0.049746062100094024,0.39069803706458317,Special priors: ON plus 5 pp,False,0.0
Hawthorn,Southern Metro,LNP,LNP,GRN,0.6451609576510031,0.354839042348997,0.14516095765100312,LNP-GRN,OTH>ON>ALP>IND,0.4276945350736908,0.5723054649263093,OTH>ON>IND>GRN,0.6040799542330697,0.39592004576693024,OTH>IND>GRN>LNP,LNP,LNP-GRN,0.14516095765100312,0.4276945350736908,Special priors: ON plus 5 pp,False,0.0
Ivanhoe,North-Eastern Metro,ALP,ALP,LNP,0.5421517515316874,0.4578482484683127,0.042151751531687376,ALP-LNP,OTH>IND>ON>GRN,0.5421517515316874,0.4578482484683127,OTH>IND>ON>GRN,0.5976671533618845,0.40233284663811547,OTH>IND>GRN>LNP,ALP,ALP-LNP,0.042151751531687376,0.5421517515316874,Special priors: ON plus 5 pp,False,0.0
Kalkallo,Northern Metro,ALP,ALP,ON,0.5232919639144024,0.47670803608559775,0.023291963914402358,ALP-ON,IND>GRN>OTH>LNP,0.5598048968887227,0.44019510311127724,IND>GRN>OTH>ON,0.5232919639144024,0.47670803608559775,IND>GRN>OTH>LNP,ALP,ALP-ON,0.03452307360609819,0.5598048968887227,Special priors: ON plus 5 pp,False,0.0
Kew,Southern Metro,LNP,LNP,IND,0.6298350953598343,0.3701649046401657,0.12983509535983428,LNP-IND,OTH>ON>GRN>ALP,0.4058426869975182,0.5941573130024818,OTH>ON>GRN>IND,0.5928439299922339,0.40715607000776605,OTH>GRN>IND>LNP,LNP,LNP-IND,0.12983509535983428,0.4058426869975182,Special priors: ON plus 5 pp,False,0.0
Kororoit,Western Metro,ALP,ALP,ON,0.525959251924868,0.4740407480751319,0.025959251924868032,ALP-ON,IND>GRN>OTH>LNP,0.5772479987987813,0.42275200120121864,IND>GRN>OTH>ON,0.525959251924868,0.4740407480751319,IND>GRN>OTH>LNP,ALP,ALP-ON,0.03667568042941627,0.5772479987987813,Special priors: ON plus 5 pp,False,0.0
Lara,Western Victoria,ALP,ON,ALP,0.5614153949646148,0.43858460503538516,0.06141539496461479,ON-ALP,IND>OTH>GRN>LNP,0.5035367450131508,0.4964632549868492,IND>OTH>GRN>ON,0.43858460503538516,0.5614153949646148,IND>OTH>GRN>LNP,ON,ON-ALP,0.05265383782890942,0.5035367450131508,Special priors: ON plus 5 pp,False,0.0
Laverton,Western Metro,ALP,ALP,ON,0.5542791327715888,0.44572086722841125,0.0542791327715888,ALP-ON,IND>OTH>GRN>LNP,0.5732249387379217,0.4267750612620784,IND>OTH>GRN>ON,0.5542791327715888,0.44572086722841125,IND>OTH>GRN>LNP,ALP,ALP-ON,0.06500049098880967,0.5732249387379217,Special priors: ON plus 5 pp,False,0.0
Lowan,Western Victoria,LNP,LNP,ON,0.6052142964170371,0.39478570358296305,0.10521429641703706,LNP-ON,IND>OTH>ALP>GRN,0.196298640597478,0.8037013594025221,IND>OTH>GRN>ON,0.20856611695272934,0.7914338830472707,IND>OTH>GRN>LNP,LNP,LNP-ON,0.11087163502118313,0.196298640597478,Special priors: ON plus 5 pp,False,0.0
Macedon,Northern Victoria,ALP,ON,ALP,0.5569682035266426,0.4430317964733575,0.05696820352664256,ON-ALP,OTH>IND>GRN>LNP,0.47013668339363907,0.529863316606361,OTH>IND>GRN>ON,0.4430317964733575,0.5569682035266426,OTH>IND>GRN>LNP,ON,ON-ALP,0.043051314427521636,0.47013668339363907,Special priors: ON plus 5 pp,False,0.0
Malvern,Southern Metro,LNP,LNP,GRN,0.654830411279133,0.34516958872086706,0.154830411279133,LNP-GRN,IND>OTH>ON>ALP,0.3492923647811958,0.6507076352188043,IND>OTH>ON>GRN,0.5597267932968004,0.4402732067031995,IND>OTH>GRN>LNP,LNP,LNP-GRN,0.154830411279133,0.3492923647811958,Special priors: ON plus 5 pp,False,0.0
Melbourne,Northern Metro,GRN,GRN,ALP,0.6295972111492998,0.37040278885070027,0.12959721114929978,GRN-ALP,IND>OTH>LNP>ON,0.6930828544888147,0.3069171455111854,IND>OTH>ON>GRN,0.713632156845888,0.28636784315411207,IND>OTH>LNP>GRN,GRN,GRN-ALP,0.12959721114929978,0.6930828544888147,Special priors: ON plus 5 pp,False,0.0
Melton,Western Victoria,ALP,ON,ALP,0.5947480695891973,0.40525193041080265,0.09474806958919735,ON-ALP,GRN>OTH>LNP>IND,0.40504191733514977,0.5949580826648503,GRN>OTH>IND>ON,0.40525193041080265,0.5947480695891973,GRN>OTH>LNP>IND,ON,ON-ALP,0.0817979031260031,0.40504191733514977,Special priors: ON plus 5 pp,False,0.0
Mildura,Northern Victoria,LNP,ON,IND,0.5243486550301008,0.4756513449698993,0.024348655030100752,ON-IND,OTH>ALP>GRN>LNP,0.25060242952196354,0.7493975704780365,OTH>GRN>ON>IND,0.29583360237075707,0.7041663976292429,OTH>GRN>LNP>IND,ON,ON-IND,0.024348655030100752,0.25060242952196354,Special priors: ON plus 5 pp,False,0.0
Mill Park,North-Eastern Metro,ALP,ALP,ON,0.5105358014184881,0.48946419858151186,0.010535801418488089,ALP-ON,IND>OTH>GRN>LNP,0.5429491291569318,0.4570508708430683,IND>OTH>GRN>ON,0.5105358014184881,0.48946419858151186,IND>OTH>GRN>LNP,ALP,ALP-ON,0.021162102709912367,0.5429491291569318,Special priors: ON plus 5 pp,False,0.0
Monbulk,Eastern Victoria,ALP,LNP,ALP,0.5501816368373839,0.4498183631626162,0.05018163683738386,LNP-ALP,OTH>IND>GRN>ON,0.4498183631626162,0.5501816368373839,OTH>IND>GRN>ON,0.4252242944217535,0.5747757055782465,OTH>IND>GRN>LNP,LNP,LNP-ALP,0.05018163683738386,0.4498183631626162,Special priors: ON plus 5 pp,False,0.0
Mordialloc,South-Eastern Metro,ALP,LNP,ALP,0.5052321221496482,0.49476787785035176,0.0052321221496481884,LNP-ALP,OTH>IND>GRN>ON,0.49476787785035176,0.5052321221496482,OTH>IND>GRN>ON,0.5394108282851062,0.46058917171489383,OTH>IND>GRN>LNP,LNP,LNP-ALP,0.0052321221496481884,0.49476787785035176,Special priors: ON plus 5 pp,False,0.0
Mornington,Eastern Victoria,LNP,LNP,IND,0.6410737928842648,0.35892620711573514,0.1410737928842648,LNP-IND,OTH>GRN>ALP>ON,0.3065488304248025,0.6934511695751975,OTH>GRN>IND>ON,0.3153658409929183,0.6846341590070817,OTH>GRN>IND>LNP,LNP,LNP-IND,0.1410737928842648,0.3065488304248025,Special priors: ON plus 5 pp,False,0.0
Morwell,Eastern Victoria,LNP,ON,LNP,0.5535214638046362,0.4464785361953638,0.05352146380463618,ON-LNP,GRN>OTH>IND>ALP,0.3484608165998567,0.6515391834001433,GRN>OTH>IND>ON,0.3014512894115371,0.6985487105884629,GRN>OTH>IND>LNP,ON,ON-LNP,0.042190970528307115,0.3484608165998567,Special priors: ON plus 5 pp,False,0.0
Mulgrave,South-Eastern Metro,ALP,ALP,ON,0.5849901414207682,0.4150098585792317,0.08499014142076822,ALP-ON,OTH>GRN>IND>LNP,0.596252604978061,0.403747395021939,OTH>GRN>IND>ON,0.5849901414207682,0.4150098585792317,OTH>GRN>IND>LNP,ALP,ALP-ON,0.09528242883446991,0.596252604978061,Special priors: ON plus 5 pp,False,0.0
Murray Plains,Northern Victoria,LNP,LNP,ON,0.5734337983213507,0.42656620167864934,0.07343379832135066,LNP-ON,IND>ALP>OTH>GRN,0.1651270462838107,0.8348729537161893,IND>GRN>OTH>ON,0.16807604056040085,0.8319239594395992,IND>GRN>OTH>LNP,LNP,LNP-ON,0.07784590501787991,0.1651270462838107,Special priors: ON plus 5 pp,False,0.0
Narracan,Eastern Victoria,LNP,LNP,ON,0.5899868031858139,0.4100131968141862,0.08998680318581387,LNP-ON,OTH>IND>ALP>GRN,0.34906264247124946,0.6509373575287505,OTH>IND>GRN>ON,0.3462469805363581,0.653753019463642,OTH>IND>GRN>LNP,LNP,LNP-ON,0.1018607605269275,0.34906264247124946,Special priors: ON plus 5 pp,False,0.0
Narre Warren North,South-Eastern Metro,ALP,ON,ALP,0.5225937362517538,0.47740626374824624,0.02259373625175376,ON-ALP,IND>OTH>GRN>LNP,0.5026677670760976,0.4973322329239024,IND>OTH>GRN>ON,0.47740626374824624,0.5225937362517538,IND>OTH>GRN>LNP,ON,ON-ALP,0.010497560135298012,0.5026677670760976,Special priors: ON plus 5 pp,False,0.0
Narre Warren South,South-Eastern Metro,ALP,ON,ALP,0.5145603528664167,0.4854396471335834,0.01456035286641666,ON-ALP,IND>OTH>GRN>LNP,0.5021650679194825,0.4978349320805176,IND>OTH>GRN>ON,0.4854396471335834,0.5145603528664167,IND>OTH>GRN>LNP,ON,ON-ALP,0.001953167930933919,0.5021650679194825,Special priors: ON plus 5 pp,False,0.0
Nepean,Eastern Victoria,LNP,LNP,ON,0.6148257730954465,0.38517422690455355,0.1148257730954465,LNP-ON,OTH>IND>GRN>ALP,0.32722822575464605,0.672771774245354,OTH>IND>GRN>ON,0.35022777767395824,0.6497722223260418,OTH>IND>GRN>LNP,LNP,LNP-ON,0.12796975782265807,0.32722822575464605,Special priors: ON plus 5 pp,False,0.0
Niddrie,Western Metro,ALP,ON,ALP,0.5149664177673859,0.485033582232614,0.014966417767385942,ON-ALP,IND>OTH>GRN>LNP,0.465586711813811,0.534413288186189,IND>OTH>GRN>ON,0.485033582232614,0.5149664177673859,IND>OTH>GRN>LNP,ON,ON-ALP,0.0001758746325596361,0.465586711813811,Special priors: ON plus 5 pp,False,0.0
Northcote,Northern Metro,ALP,GRN,ALP,0.5370931725447301,0.46290682745526984,0.0370931725447301,GRN-ALP,IND>OTH>LNP>ON,0.729943201885343,0.270056798114657,IND>OTH>ON>GRN,0.6878786815255208,0.31212131847447927,IND>OTH>LNP>GRN,GRN,GRN-ALP,0.0370931725447301,0.729943201885343,Special priors: ON plus 5 pp,False,0.0
Oakleigh,Southern Metro,ALP,ALP,LNP,0.5446783645930383,0.45532163540696174,0.04467836459303831,ALP-LNP,OTH>IND>GRN>ON,0.5446783645930383,0.45532163540696174,OTH>IND>GRN>ON,0.5788626084593325,0.4211373915406676,OTH>IND>GRN>LNP,ALP,ALP-LNP,0.04467836459303831,0.5446783645930383,Special priors: ON plus 5 pp,False,0.0
Ovens Valley,Northern Victoria,LNP,LNP,ON,0.5745088986947761,0.42549110130522394,0.07450889869477606,LNP-ON,IND>ALP>OTH>GRN,0.23938740688134305,0.7606125931186569,IND>OTH>GRN>ON,0.22883809434459024,0.7711619056554097,IND>OTH>GRN>LNP,LNP,LNP-ON,0.08172524111584978,0.23938740688134305,Special priors: ON plus 5 pp,False,0.0
Pakenham,Eastern Victoria,ALP,ON,LNP,0.5033637014117127,0.4966362985882873,0.003363701411712716,ON-LNP,IND>OTH>GRN>ALP,0.3835567488442664,0.6164432511557336,IND>OTH>GRN>ON,0.3464452853976635,0.6535547146023365,IND>OTH>GRN>LNP,LNP,LNP-ON,0.010831837988326098,0.3835567488442664,Special priors: ON plus 5 pp,True,0.0
Pascoe Vale,Northern Metro,ALP,ALP,GRN,0.5157975094253062,0.4842024905746937,0.015797509425306222,ALP-GRN,OTH>IND>LNP>ON,0.6134692903098298,0.3865307096901703,OTH>IND>ON>GRN,0.631138926628056,0.368861073371944,OTH>IND>LNP>GRN,ALP,ALP-GRN,0.015797509425306222,0.6134692903098298,Special priors: ON plus 5 pp,False,0.0
Point Cook,Western Metro,ALP,ON,ALP,0.5291624150491103,0.4708375849508896,0.029162415049110324,ON-ALP,OTH>GRN>IND>LNP,0.5105676306263236,0.48943236937367646,OTH>GRN>IND>ON,0.4708375849508896,0.5291624150491103,OTH>GRN>IND>LNP,ON,ON-ALP,0.01712351466450146,0.5105676306263236,Special priors: ON plus 5 pp,False,0.0
Polwarth,Western Victoria,LNP,LNP,ON,0.6396261080430112,0.36037389195698877,0.13962610804301123,LNP-ON,IND>OTH>ALP>GRN,0.36813938578719646,0.6318606142128035,IND>OTH>GRN>ON,0.3756247195525964,0.6243752804474036,IND>OTH>GRN>LNP,LNP,LNP-ON,0.1533951179400923,0.36813938578719646,Special priors: ON plus 5 pp,False,0.0
Prahran,Southern Metro,GRN,GRN,LNP,0.5553820221324355,0.44461797786756446,0.05538202213243548,GRN-LNP,IND>OTH>ALP>ON,0.5622306111100892,0.43776938888991074,IND>OTH>ON>GRN,0.6444962075296842,0.35550379247031577,IND>OTH>LNP>GRN,GRN,GRN-LNP,0.05538202213243548,0.5622306111100892,Special priors: ON plus 5 pp,False,0.0
Preston,Northern Metro,ALP,ALP,ON,0.5814643324520596,0.4185356675479404,0.08146433245205964,ALP-ON,OTH>IND>LNP>GRN,0.5925007963571941,0.40749920364280595,OTH>IND>GRN>ON,0.5814643324520596,0.4185356675479404,OTH>IND>LNP>GRN,ALP,ALP-ON,0.09583824091259319,0.5925007963571941,Special priors: ON plus 5 pp,False,0.0
Richmond,Northern Metro,GRN,GRN,ALP,0.5936816873677317,0.40631831263226836,0.09368168736773175,GRN-ALP,IND>OTH>LNP>ON,0.7291448635762262,0.27085513642377385,IND>OTH>ON>GRN,0.728818813186978,0.27118118681302195,IND>OTH>LNP>GRN,GRN,GRN-ALP,0.09368168736773175,0.7291448635762262,Special priors: ON plus 5 pp,False,0.0
Ringwood,North-Eastern Metro,ALP,LNP,ALP,0.5190159437425228,0.48098405625747725,0.0190159437425228,LNP-ALP,IND>OTH>ON>GRN,0.48098405625747725,0.5190159437425228,IND>OTH>ON>GRN,0.5408127326943795,0.4591872673056206,IND>OTH>GRN>LNP,LNP,LNP-ALP,0.0190159437425228,0.48098405625747725,Special priors: ON plus 5 pp,False,0.0
Ripon,Western Victoria,ALP,ON,ALP,0.6382610744562757,0.3617389255437243,0.13826107445627567,ON-ALP,IND>GRN>OTH>LNP,0.4069761843514621,0.5930238156485379,IND>GRN>OTH>ON,0.3617389255437243,0.6382610744562757,IND>GRN>OTH>LNP,ON,ON-ALP,0.12383376164076232,0.4069761843514621,Special priors: ON plus 5 pp,False,0.0
Rowville,South-Eastern Metro,LNP,LNP,ALP,0.6122996096782161,0.387700390321784,0.11229960967821606,LNP-ALP,OTH>IND>GRN>ON,0.387700390321784,0.6122996096782161,OTH>IND>GRN>ON,0.46444837578000586,0.5355516242199941,OTH>IND>GRN>LNP,LNP,LNP-ALP,0.11229960967821606,0.387700390321784,Special priors: ON plus 5 pp,False,0.0
Sandringham,Southern Metro,LNP,LNP,GRN,0.6459278181117784,0.3540721818882216,0.14592781811177835,LNP-GRN,OTH>IND>ALP>ON,0.364047523061292,0.6359524769387079,OTH>IND>GRN>ON,0.4899586905016569,0.510041309498343,OTH>IND>GRN>LNP,LNP,LNP-GRN,0.14592781811177835,0.364047523061292,Special priors: ON plus 5 pp,False,0.0
Shepparton,Northern Victoria,LNP,LNP,ON,0.5308379966885658,0.46916200331143415,0.030837996688565794,LNP-ON,ALP>OTH>GRN>IND,0.2419541110152772,0.7580458889847229,OTH>GRN>IND>ON,0.23501482610437266,0.7649851738956274,OTH>GRN>IND>LNP,LNP,LNP-ON,0.04650971181765662,0.2419541110152772,Special priors: ON plus 5 pp,False,0.0
South Barwon,Western Victoria,ALP,LNP,ALP,0.544242385247934,0.45575761475206594,0.044242385247934,LNP-ALP,IND>OTH>GRN>ON,0.45575761475206594,0.544242385247934,IND>OTH>GRN>ON,0.4668861729079172,0.5331138270920828,IND>OTH>GRN>LNP,LNP,LNP-ALP,0.044242385247934,0.45575761475206594,Special priors: ON plus 5 pp,False,0.0
South-West Coast,Western Victoria,LNP,LNP,IND,0.6137410245243304,0.3862589754756696,0.11374102452433044,LNP-IND,OTH>GRN>ALP>ON,0.3384272955618427,0.6615727044381574,OTH>GRN>ON>IND,0.31339220384647204,0.6866077961535281,OTH>GRN>IND>LNP,LNP,LNP-IND,0.11374102452433044,0.3384272955618427,Special priors: ON plus 5 pp,False,0.0
St Albans,Western Metro,ALP,ALP,ON,0.525674334250753,0.4743256657492469,0.02567433425075305,ALP-ON,IND>GRN>OTH>LNP,0.537074308227758,0.46292569177224197,IND>GRN>OTH>ON,0.525674334250753,0.4743256657492469,IND>GRN>OTH>LNP,ALP,ALP-ON,0.0376618658591823,0.537074308227758,Special priors: ON plus 5 pp,False,0.0
Sunbury,Western Metro,ALP,ON,ALP,0.5944304036430129,0.405569596356987,0.09443040364301292,ON-ALP,IND>OTH>GRN>LNP,0.43904949706850516,0.5609505029314948,IND>OTH>GRN>ON,0.405569596356987,0.5944304036430129,IND>OTH>GRN>LNP,ON,ON-ALP,0.08046238576994458,0.43904949706850516,Special priors: ON plus 5 pp,False,0.0
Sydenham,Western Metro,ALP,ON,ALP,0.5236357223661203,0.4763642776338797,0.023635722366120326,ON-ALP,IND>GRN>OTH>LNP,0.503161655084245,0.49683834491575496,IND>GRN>OTH>ON,0.4763642776338797,0.5236357223661203,IND>GRN>OTH>LNP,ON,ON-ALP,0.010711235509049732,0.503161655084245,Special priors: ON plus 5 pp,False,0.0
Tarneit,Western Metro,ALP,ALP,ON,0.5143919132415294,0.4856080867584706,0.014391913241529442,ALP-ON,IND>OTH>GRN>LNP,0.5325214445132399,0.46747855548676004,IND>OTH>GRN>ON,0.5143919132415294,0.4856080867584706,IND>OTH>GRN>LNP,ALP,ALP-ON,0.026752078697936832,0.5325214445132399,Special priors: ON plus 5 pp,False,0.0
Thomastown,Northern Metro,ALP,ALP,ON,0.5454911410130099,0.4545088589869902,0.045491141013009884,ALP-ON,IND>OTH>GRN>LNP,0.5867917184742931,0.413208281525707,IND>OTH>GRN>ON,0.5454911410130099,0.4545088589869902,IND>OTH>GRN>LNP,ALP,ALP-ON,0.05500110801488278,0.5867917184742931,Special priors: ON plus 5 pp,False,0.0
Warrandyte,North-Eastern Metro,LNP,LNP,ALP,0.6369244026329121,0.3630755973670879,0.13692440263291206,LNP-ALP,IND>OTH>GRN>ON,0.3630755973670879,0.6369244026329121,IND>OTH>GRN>ON,0.46892899329527654,0.5310710067047234,IND>OTH>GRN>LNP,LNP,LNP-ALP,0.13692440263291206,0.3630755973670879,Special priors: ON plus 5 pp,False,0.0
Wendouree,Western Victoria,ALP,ON,ALP,0.5294335099670278,0.4705664900329722,0.02943350996702776,ON-ALP,IND>OTH>GRN>LNP,0.47739356273948613,0.5226064372605138,IND>OTH>GRN>ON,0.4705664900329722,0.5294335099670278,IND>OTH>GRN>LNP,ON,ON-ALP,0.01569232826626099,0.47739356273948613,Special priors: ON plus 5 pp,False,0.0
Werribee,Western Metro,ALP,ON,ALP,0.5680528798325858,0.4319471201674143,0.06805287983258579,ON-ALP,OTH>GRN>IND>LNP,0.4876823192407744,0.5123176807592257,OTH>GRN>IND>ON,0.4319471201674143,0.5680528798325858,OTH>GRN>IND>LNP,ON,ON-ALP,0.056613667955947466,0.4876823192407744,Special priors: ON plus 5 pp,False,0.0
Williamstown,Western Metro,ALP,ALP,ON,0.5821284628968105,0.4178715371031894,0.08212846289681053,ALP-ON,IND>OTH>GRN>LNP,0.5642256906948101,0.43577430930518984,IND>OTH>GRN>ON,0.5821284628968105,0.4178715371031894,IND>OTH>GRN>LNP,ALP,ALP-ON,0.09457019069773154,0.5642256906948101,Special priors: ON plus 5 pp,False,0.0
Yan Yean,Northern Victoria,ALP,ON,ALP,0.5735972181184907,0.4264027818815093,0.07359721811849074,ON-ALP,IND>GRN>OTH>LNP,0.45815170999124105,0.541848290008759,IND>GRN>OTH>ON,0.4264027818815093,0.5735972181184907,IND>GRN>OTH>LNP,ON,ON-ALP,0.05894072964056307,0.45815170999124105,Special priors: ON plus 5 pp,False,0.0
