district,region,held_by,winner,runner_up,winner_pct,runner_up_pct,margin,matchup,elimination_order,ALP_2PP,LNP_2PP,forced_2pp_elimination_order,ALP_ON_2CP,ON_ALP_2CP,forced_alp_on_2cp_elimination_order,winner_central,matchup_central,margin_central,ALP_2PP_central,Configuration,Winner changed,ALP 2PP change (pp)
Albert Park,Southern Metro,ALP,ALP,LNP,0.566634181720084,0.4333658182799161,0.06663418172008395,ALP-LNP,OTH>IND>ON>GRN,0.566634181720084,0.4333658182799161,OTH>IND>ON>GRN,0.6647892274358435,0.33521077256415666,OTH>IND>GRN>LNP,ALP,ALP-LNP,0.06663418172008395,0.566634181720084,Central model,False,0.0
Ashwood,Southern Metro,ALP,LNP,ALP,0.515102013567555,0.4848979864324449,0.015102013567555028,LNP-ALP,OTH>IND>ON>GRN,0.4848979864324449,0.515102013567555,OTH>IND>ON>GRN,0.6185409059319839,0.38145909406801615,OTH>IND>GRN>LNP,LNP,LNP-ALP,0.015102013567555028,0.4848979864324449,Central model,False,0.0
Bass,Eastern Victoria,ALP,LNP,ON,0.5785909144589039,0.4214090855410962,0.07859091445890387,LNP-ON,OTH>IND>GRN>ALP,0.36938713274582885,0.6306128672541711,OTH>IND>GRN>ON,0.3730430656940515,0.6269569343059486,OTH>IND>GRN>LNP,LNP,LNP-ON,0.07859091445890387,0.36938713274582885,Central model,False,0.0
Bayswater,North-Eastern Metro,ALP,LNP,ALP,0.5555802558221759,0.4444197441778241,0.05558025582217585,LNP-ALP,IND>OTH>GRN>ON,0.4444197441778241,0.5555802558221759,IND>OTH>GRN>ON,0.5158457759454574,0.48415422405454256,IND>OTH>GRN>LNP,LNP,LNP-ALP,0.05558025582217585,0.4444197441778241,Central model,False,0.0
Bellarine,Western Victoria,ALP,LNP,ALP,0.5067717606285286,0.4932282393714715,0.006771760628528578,LNP-ALP,OTH>IND>GRN>ON,0.4932282393714715,0.5067717606285286,OTH>IND>GRN>ON,0.5119141950193588,0.48808580498064136,OTH>IND>GRN>LNP,LNP,LNP-ALP,0.006771760628528578,0.4932282393714715,Central model,False,0.0
Benambra,Northern Victoria,LNP,LNP,IND,0.5639505636969426,0.4360494363030574,0.06395056369694263,LNP-IND,ALP>OTH>GRN>ON,0.25938961219529955,0.7406103878047005,OTH>GRN>ON>IND,0.3400300312477147,0.6599699687522853,OTH>GRN>LNP>IND,LNP,LNP-IND,0.06395056369694263,0.25938961219529955,Central model,False,0.0
Bendigo East,Northern Victoria,ALP,ALP,LNP,0.5090484687177323,0.49095153128226765,0.00904846871773235,ALP-LNP,OTH>IND>GRN>ON,0.5090484687177323,0.49095153128226765,OTH>IND>GRN>ON,0.5416702725456496,0.45832972745435036,OTH>IND>GRN>LNP,ALP,ALP-LNP,0.00904846871773235,0.5090484687177323,Central model,False,0.0
Bendigo West,Northern Victoria,ALP,ALP,ON,0.5436867638659443,0.4563132361340558,0.04368676386594428,ALP-ON,IND>OTH>GRN>LNP,0.5465088266702205,0.45349117332977956,IND>OTH>GRN>ON,0.5436867638659443,0.4563132361340558,IND>OTH>GRN>LNP,ALP,ALP-ON,0.04368676386594428,0.5465088266702205,Central model,False,0.0
Bentleigh,Southern Metro,ALP,ALP,LNP,0.5121723627611082,0.48782763723889183,0.012172362761108224,ALP-LNP,OTH>IND>GRN>ON,0.5121723627611082,0.48782763723889183,OTH>IND>GRN>ON,0.6065968896019548,0.3934031103980453,OTH>IND>GRN>LNP,ALP,ALP-LNP,0.012172362761108224,0.5121723627611082,Central model,False,0.0
Berwick,South-Eastern Metro,LNP,LNP,ALP,0.643499141401075,0.356500858598925,0.143499141401075,LNP-ALP,IND>OTH>GRN>ON,0.356500858598925,0.643499141401075,IND>OTH>GRN>ON,0.3996425522070203,0.6003574477929797,IND>OTH>GRN>LNP,LNP,LNP-ALP,0.143499141401075,0.356500858598925,Central model,False,0.0
Box Hill,North-Eastern Metro,ALP,LNP,ALP,0.5036079132165028,0.4963920867834973,0.0036079132165027783,LNP-ALP,IND>OTH>ON>GRN,0.4963920867834973,0.5036079132165028,IND>OTH>ON>GRN,0.621257713106255,0.37874228689374495,IND>OTH>GRN>LNP,LNP,LNP-ALP,0.0036079132165027783,0.4963920867834973,Central model,False,0.0
Brighton,Southern Metro,LNP,LNP,GRN,0.5890025855228651,0.4109974144771349,0.08900258552286511,LNP-GRN,OTH>ON>IND>ALP,0.40019537000892336,0.5998046299910766,OTH>ON>IND>GRN,0.6022576054747809,0.39774239452521915,OTH>IND>GRN>LNP,LNP,LNP-GRN,0.08900258552286511,0.40019537000892336,Central model,False,0.0
Broadmeadows,Northern Metro,ALP,ALP,ON,0.5644786026180603,0.4355213973819398,0.06447860261806027,ALP-ON,IND>GRN>OTH>LNP,0.6016611278416273,0.39833887215837277,IND>GRN>OTH>ON,0.5644786026180603,0.4355213973819398,IND>GRN>OTH>LNP,ALP,ALP-ON,0.06447860261806027,0.6016611278416273,Central model,False,0.0
Brunswick,Northern Metro,GRN,GRN,ALP,0.661220984788556,0.33877901521144405,0.16122098478855595,GRN-ALP,IND>LNP>OTH>ON,0.7812680524127104,0.2187319475872896,IND>OTH>ON>GRN,0.7756332438982412,0.22436675610175877,IND>LNP>OTH>GRN,GRN,GRN-ALP,0.16122098478855595,0.7812680524127104,Central model,False,0.0
Bulleen,North-Eastern Metro,LNP,LNP,ALP,0.6324420156357132,0.36755798436428677,0.13244201563571323,LNP-ALP,OTH>IND>ON>GRN,0.36755798436428677,0.6324420156357132,OTH>IND>ON>GRN,0.5509720581459583,0.44902794185404177,OTH>IND>GRN>LNP,LNP,LNP-ALP,0.13244201563571323,0.36755798436428677,Central model,False,0.0
Bundoora,North-Eastern Metro,ALP,ALP,LNP,0.5480084539478679,0.45199154605213215,0.0480084539478679,ALP-LNP,IND>OTH>GRN>ON,0.5480084539478679,0.45199154605213215,IND>OTH>GRN>ON,0.5923073410521793,0.4076926589478207,IND>OTH>GRN>LNP,ALP,ALP-LNP,0.0480084539478679,0.5480084539478679,Central model,False,0.0
Carrum,South-Eastern Metro,ALP,LNP,ALP,0.5144183779556085,0.4855816220443916,0.014418377955608519,LNP-ALP,IND>OTH>GRN>ON,0.4855816220443916,0.5144183779556085,IND>OTH>GRN>ON,0.48110002785919276,0.5188999721408073,IND>OTH>GRN>LNP,LNP,LNP-ALP,0.014418377955608519,0.4855816220443916,Central model,False,0.0
Caulfield,Southern Metro,LNP,LNP,GRN,0.5768837623689421,0.4231162376310579,0.07688376236894212,LNP-GRN,OTH>IND>ON>ALP,0.4248858869463901,0.5751141130536098,OTH>IND>ON>GRN,0.6155940446744054,0.38440595532559463,OTH>IND>GRN>LNP,LNP,LNP-GRN,0.07688376236894212,0.4248858869463901,Central model,False,0.0
Clarinda,South-Eastern Metro,ALP,ALP,LNP,0.5391675754983679,0.46083242450163214,0.03916757549836791,ALP-LNP,OTH>GRN>IND>ON,0.5391675754983679,0.46083242450163214,OTH>GRN>IND>ON,0.5900715573851216,0.40992844261487843,OTH>GRN>IND>LNP,ALP,ALP-LNP,0.03916757549836791,0.5391675754983679,Central model,False,0.0
Cranbourne,South-Eastern Metro,ALP,ON,ALP,0.5053059630624831,0.49469403693751696,0.005305963062483099,ON-ALP,IND>GRN>OTH>LNP,0.5054022533907976,0.4945977466092024,IND>GRN>OTH>ON,0.49469403693751696,0.5053059630624831,IND>GRN>OTH>LNP,ON,ON-ALP,0.005305963062483099,0.5054022533907976,Central model,False,0.0
Croydon,North-Eastern Metro,LNP,LNP,ALP,0.5941383617112581,0.405861638288742,0.09413836171125811,LNP-ALP,IND>OTH>GRN>ON,0.405861638288742,0.5941383617112581,IND>OTH>GRN>ON,0.49908809624105227,0.5009119037589478,IND>OTH>GRN>LNP,LNP,LNP-ALP,0.09413836171125811,0.405861638288742,Central model,False,0.0
Dandenong,South-Eastern Metro,ALP,ALP,ON,0.5994279934977703,0.4005720065022297,0.09942799349777032,ALP-ON,IND>GRN>OTH>LNP,0.6175602466127724,0.38243975338722763,IND>GRN>OTH>ON,0.5994279934977703,0.4005720065022297,IND>GRN>OTH>LNP,ALP,ALP-ON,0.09942799349777032,0.6175602466127724,Central model,False,0.0
Eildon,Northern Victoria,LNP,LNP,ON,0.6143097469041017,0.3856902530958984,0.11430974690410167,LNP-ON,IND>OTH>GRN>ALP,0.33888950766761966,0.6611104923323803,IND>OTH>GRN>ON,0.35995645443614827,0.6400435455638517,IND>OTH>GRN>LNP,LNP,LNP-ON,0.11430974690410167,0.33888950766761966,Central model,False,0.0
Eltham,North-Eastern Metro,ALP,ALP,LNP,0.5142924700793947,0.4857075299206053,0.014292470079394715,ALP-LNP,IND>OTH>GRN>ON,0.5142924700793947,0.4857075299206053,IND>OTH>GRN>ON,0.5793141193223985,0.42068588067760154,IND>OTH>GRN>LNP,ALP,ALP-LNP,0.014292470079394715,0.5142924700793947,Central model,False,0.0
Essendon,Northern Metro,ALP,ALP,LNP,0.5288679929442377,0.4711320070557624,0.028867992944237697,ALP-LNP,IND>OTH>GRN>ON,0.5288679929442377,0.4711320070557624,IND>OTH>GRN>ON,0.56906240674149,0.43093759325850994,IND>OTH>GRN>LNP,ALP,ALP-LNP,0.028867992944237697,0.5288679929442377,Central model,False,0.0
Eureka,Western Victoria,ALP,ON,ALP,0.5749130097183579,0.42508699028164215,0.0749130097183579,ON-ALP,IND>OTH>GRN>LNP,0.45395064730849055,0.5460493526915094,IND>OTH>GRN>ON,0.42508699028164215,0.5749130097183579,IND>OTH>GRN>LNP,ON,ON-ALP,0.0749130097183579,0.45395064730849055,Central model,False,0.0
Euroa,Northern Victoria,LNP,LNP,ON,0.614645655239387,0.3853543447606131,0.11464565523938697,LNP-ON,IND>OTH>GRN>ALP,0.2938038134531287,0.7061961865468713,IND>OTH>GRN>ON,0.3318191007941143,0.6681808992058857,IND>OTH>GRN>LNP,LNP,LNP-ON,0.11464565523938697,0.2938038134531287,Central model,False,0.0
Evelyn,Eastern Victoria,LNP,LNP,ALP,0.6490060458714699,0.35099395412853013,0.14900604587146993,LNP-ALP,IND>OTH>GRN>ON,0.35099395412853013,0.6490060458714699,IND>OTH>GRN>ON,0.3978583499551235,0.6021416500448766,IND>OTH>GRN>LNP,LNP,LNP-ALP,0.14900604587146993,0.35099395412853013,Central model,False,0.0
Footscray,Western Metro,ALP,ALP,GRN,0.5234790702366359,0.47652092976336413,0.02347907023663587,ALP-GRN,IND>OTH>LNP>ON,0.6931080572744553,0.3068919427255447,IND>OTH>ON>GRN,0.7576602745787433,0.24233972542125676,IND>OTH>LNP>GRN,ALP,ALP-GRN,0.02347907023663587,0.6931080572744553,Central model,False,0.0
Frankston,South-Eastern Metro,ALP,ALP,LNP,0.5061907970010248,0.49380920299897524,0.0061907970010247615,ALP-LNP,IND>OTH>GRN>ON,0.5061907970010248,0.49380920299897524,IND>OTH>GRN>ON,0.5162056377375345,0.48379436226246547,IND>OTH>GRN>LNP,ALP,ALP-LNP,0.0061907970010247615,0.5061907970010248,Central model,False,0.0
Geelong,Western Victoria,ALP,ON,ALP,0.5039776931558559,0.49602230684414417,0.003977693155855944,ON-ALP,OTH>IND>GRN>LNP,0.5121305615927,0.48786943840730007,OTH>IND>GRN>ON,0.49602230684414417,0.5039776931558559,OTH>IND>GRN>LNP,ON,ON-ALP,0.003977693155855944,0.5121305615927,Central model,False,0.0
Gippsland East,Eastern Victoria,LNP,LNP,ON,0.6203855104597308,0.37961448954026916,0.12038551045973078,LNP-ON,IND>ALP>OTH>GRN,0.19084642586774223,0.8091535741322576,IND>OTH>GRN>ON,0.2324819457569819,0.7675180542430182,IND>OTH>GRN>LNP,LNP,LNP-ON,0.12038551045973078,0.19084642586774223,Central model,False,0.0
Gippsland South,Eastern Victoria,LNP,LNP,ON,0.6097388402659996,0.39026115973400055,0.10973884026599956,LNP-ON,OTH>IND>GRN>ALP,0.24715485000488083,0.7528451499951192,OTH>IND>GRN>ON,0.2774489934626335,0.7225510065373665,OTH>IND>GRN>LNP,LNP,LNP-ON,0.10973884026599956,0.24715485000488083,Central model,False,0.0
Glen Waverley,North-Eastern Metro,ALP,LNP,ALP,0.5418874690931504,0.4581125309068496,0.04188746909315044,LNP-ALP,IND>OTH>GRN>ON,0.4581125309068496,0.5418874690931504,IND>OTH>GRN>ON,0.5994846592826456,0.40051534071735445,IND>OTH>GRN>LNP,LNP,LNP-ALP,0.04188746909315044,0.4581125309068496,Central model,False,0.0
Greenvale,Northern Metro,ALP,ALP,LNP,0.5526223801377793,0.44737761986222074,0.05262238013777931,ALP-LNP,IND>GRN>ON>OTH,0.5526223801377793,0.44737761986222074,IND>GRN>ON>OTH,0.5598285377686166,0.4401714622313834,IND>GRN>OTH>LNP,ALP,ALP-LNP,0.05262238013777931,0.5526223801377793,Central model,False,0.0
Hastings,Eastern Victoria,ALP,LNP,ALP,0.59612172437253,0.40387827562747003,0.09612172437252997,LNP-ALP,IND>OTH>GRN>ON,0.40387827562747003,0.59612172437253,IND>OTH>GRN>ON,0.4079839676579555,0.5920160323420445,IND>OTH>GRN>LNP,LNP,LNP-ALP,0.09612172437252997,0.40387827562747003,Central model,False,0.0
Hawthorn,Southern Metro,LNP,LNP,IND,0.5769646112848791,0.42303538871512086,0.07696461128487908,LNP-IND,OTH>ON>ALP>GRN,0.468956048335715,0.531043951664285,OTH>ON>GRN>IND,0.6593409664663232,0.34065903353367677,OTH>GRN>IND>LNP,LNP,LNP-IND,0.07696461128487908,0.468956048335715,Central model,False,0.0
Ivanhoe,North-Eastern Metro,ALP,ALP,LNP,0.555228910530637,0.44477108946936295,0.055228910530637054,ALP-LNP,OTH>IND>ON>GRN,0.555228910530637,0.44477108946936295,OTH>IND>ON>GRN,0.6312924620908927,0.3687075379091074,OTH>IND>GRN>LNP,ALP,ALP-LNP,0.055228910530637054,0.555228910530637,Central model,False,0.0
Kalkallo,Northern Metro,ALP,ALP,ON,0.5478064387894446,0.4521935612105555,0.04780643878944457,ALP-ON,IND>GRN>OTH>LNP,0.5765731412684397,0.42342685873156033,IND>GRN>OTH>ON,0.5478064387894446,0.4521935612105555,IND>GRN>OTH>LNP,ALP,ALP-ON,0.04780643878944457,0.5765731412684397,Central model,False,0.0
Kew,Southern Metro,LNP,LNP,IND,0.5972394455469963,0.4027605544530037,0.09723944554699626,LNP-IND,OTH>ON>GRN>ALP,0.4279654831966599,0.57203451680334,OTH>ON>GRN>IND,0.6420325620419456,0.35796743795805447,OTH>GRN>IND>LNP,LNP,LNP-IND,0.09723944554699626,0.4279654831966599,Central model,False,0.0
Kororoit,Western Metro,ALP,ALP,ON,0.591980979285117,0.4080190207148831,0.09198097928511695,ALP-ON,IND>GRN>LNP>OTH,0.5965191841775287,0.4034808158224713,IND>GRN>ON>OTH,0.591980979285117,0.4080190207148831,IND>GRN>LNP>OTH,ALP,ALP-ON,0.09198097928511695,0.5965191841775287,Central model,False,0.0
Lara,Western Victoria,ALP,ON,ALP,0.5241390176461417,0.4758609823538583,0.02413901764614168,ON-ALP,IND>OTH>GRN>LNP,0.5274916479533848,0.4725083520466152,IND>OTH>GRN>ON,0.4758609823538583,0.5241390176461417,IND>OTH>GRN>LNP,ON,ON-ALP,0.02413901764614168,0.5274916479533848,Central model,False,0.0
Laverton,Western Metro,ALP,ALP,ON,0.5894464214836646,0.41055357851633545,0.08944642148366455,ALP-ON,IND>GRN>OTH>LNP,0.6045664385937876,0.39543356140621244,IND>GRN>OTH>ON,0.5894464214836646,0.41055357851633545,IND>GRN>OTH>LNP,ALP,ALP-ON,0.08944642148366455,0.6045664385937876,Central model,False,0.0
Lowan,Western Victoria,LNP,LNP,ON,0.6498563917077107,0.3501436082922893,0.1498563917077107,LNP-ON,IND>OTH>ALP>GRN,0.20611309204266096,0.793886907957339,IND>OTH>GRN>ON,0.2522546384456347,0.7477453615543653,IND>OTH>GRN>LNP,LNP,LNP-ON,0.1498563917077107,0.20611309204266096,Central model,False,0.0
Macedon,Northern Victoria,ALP,LNP,ALP,0.5160881150006754,0.48391188499932464,0.016088115000675418,LNP-ALP,OTH>IND>GRN>ON,0.48391188499932464,0.5160881150006754,OTH>IND>GRN>ON,0.47232177238659717,0.5276782276134029,OTH>IND>GRN>LNP,LNP,LNP-ALP,0.016088115000675418,0.48391188499932464,Central model,False,0.0
Malvern,Southern Metro,LNP,LNP,GRN,0.6359534942591737,0.36404650574082636,0.1359534942591737,LNP-GRN,IND>OTH>ON>ALP,0.36402259055097586,0.6359774094490243,IND>OTH>ON>GRN,0.6031055203624595,0.39689447963754065,IND>OTH>GRN>LNP,LNP,LNP-GRN,0.1359534942591737,0.36402259055097586,Central model,False,0.0
Melbourne,Northern Metro,GRN,GRN,ALP,0.6394516329880113,0.36054836701198867,0.13945163298801133,GRN-ALP,IND>OTH>LNP>ON,0.7088886841849269,0.29111131581507305,IND>OTH>ON>GRN,0.7712642290783588,0.2287357709216412,IND>OTH>LNP>GRN,GRN,GRN-ALP,0.13945163298801133,0.7088886841849269,Central model,False,0.0
Melton,Western Victoria,ALP,ON,IND,0.5445089589102158,0.45549104108978433,0.04450895891021578,ON-IND,GRN>OTH>LNP>ALP,0.4198558388585376,0.5801441611414625,GRN>OTH>IND>ON,0.4510094465247246,0.5489905534752754,GRN>OTH>LNP>IND,ON,ON-IND,0.04450895891021578,0.4198558388585376,Central model,False,0.0
Mildura,Northern Victoria,LNP,LNP,IND,0.5258994605160016,0.47410053948399855,0.02589946051600156,LNP-IND,ALP>OTH>GRN>ON,0.2657951524222583,0.7342048475777417,OTH>GRN>ON>IND,0.35213113601561985,0.6478688639843802,OTH>GRN>LNP>IND,LNP,LNP-IND,0.02589946051600156,0.2657951524222583,Central model,False,0.0
Mill Park,North-Eastern Metro,ALP,ALP,ON,0.5465216359139479,0.45347836408605224,0.04652163591394787,ALP-ON,IND>GRN>OTH>LNP,0.5567730883143781,0.443226911685622,IND>GRN>OTH>ON,0.5465216359139479,0.45347836408605224,IND>GRN>OTH>LNP,ALP,ALP-ON,0.04652163591394787,0.5567730883143781,Central model,False,0.0
Monbulk,Eastern Victoria,ALP,LNP,ALP,0.5353949666349304,0.4646050333650697,0.03539496663493036,LNP-ALP,OTH>IND>GRN>ON,0.4646050333650697,0.5353949666349304,OTH>IND>GRN>ON,0.4550199958789395,0.5449800041210605,OTH>IND>GRN>LNP,LNP,LNP-ALP,0.03539496663493036,0.4646050333650697,Central model,False,0.0
Mordialloc,South-Eastern Metro,ALP,ALP,LNP,0.5069153988617182,0.4930846011382819,0.006915398861718214,ALP-LNP,OTH>IND>GRN>ON,0.5069153988617182,0.4930846011382819,OTH>IND>GRN>ON,0.5763733482042017,0.4236266517957984,OTH>IND>GRN>LNP,ALP,ALP-LNP,0.006915398861718214,0.5069153988617182,Central model,False,0.0
Mornington,Eastern Victoria,LNP,LNP,IND,0.6014160015534368,0.3985839984465632,0.10141600155343677,LNP-IND,OTH>GRN>ALP>ON,0.31724756526680886,0.6827524347331911,OTH>GRN>ON>IND,0.35693208252912545,0.6430679174708746,OTH>GRN>IND>LNP,LNP,LNP-IND,0.10141600155343677,0.31724756526680886,Central model,False,0.0
Morwell,Eastern Victoria,LNP,LNP,ON,0.5057270664681854,0.4942729335318146,0.005727066468185438,LNP-ON,GRN>OTH>IND>ALP,0.3713167708165247,0.6286832291834753,GRN>OTH>IND>ON,0.34957554703453886,0.6504244529654611,GRN>OTH>IND>LNP,LNP,LNP-ON,0.005727066468185438,0.3713167708165247,Central model,False,0.0
Mulgrave,South-Eastern Metro,ALP,ALP,IND,0.6005521886880122,0.39944781131198775,0.10055218868801219,ALP-IND,OTH>GRN>LNP>ON,0.6073149596352846,0.39268504036471535,OTH>GRN>ON>IND,0.6929027996365303,0.3070972003634696,OTH>GRN>LNP>IND,ALP,ALP-IND,0.10055218868801219,0.6073149596352846,Central model,False,0.0
Murray Plains,Northern Victoria,LNP,LNP,ON,0.6153940469683005,0.3846059530316996,0.11539404696830047,LNP-ON,IND>ALP>GRN>OTH,0.1735273781559351,0.826472621844065,IND>GRN>OTH>ON,0.20830881079756178,0.7916911892024383,IND>GRN>OTH>LNP,LNP,LNP-ON,0.11539404696830047,0.1735273781559351,Central model,False,0.0
Narracan,Eastern Victoria,LNP,LNP,ON,0.6453556851079386,0.3546443148920612,0.14535568510793861,LNP-ON,OTH>IND>ALP>GRN,0.36305273343468386,0.6369472665653162,OTH>IND>GRN>ON,0.3912903937666764,0.6087096062333236,OTH>IND>GRN>LNP,LNP,LNP-ON,0.14535568510793861,0.36305273343468386,Central model,False,0.0
Narre Warren North,South-Eastern Metro,ALP,ALP,ON,0.5135469497633041,0.486453050236696,0.013546949763304061,ALP-ON,IND>GRN>OTH>LNP,0.5150361227277542,0.4849638772722458,IND>GRN>OTH>ON,0.5135469497633041,0.486453050236696,IND>GRN>OTH>LNP,ALP,ALP-ON,0.013546949763304061,0.5150361227277542,Central model,False,0.0
Narre Warren South,South-Eastern Metro,ALP,ALP,ON,0.5210862956701808,0.47891370432981917,0.021086295670180832,ALP-ON,IND>GRN>OTH>LNP,0.5135354026617018,0.48646459733829817,IND>GRN>OTH>ON,0.5210862956701808,0.47891370432981917,IND>GRN>OTH>LNP,ALP,ALP-ON,0.021086295670180832,0.5135354026617018,Central model,False,0.0
Nepean,Eastern Victoria,LNP,LNP,ALP,0.6564602903062553,0.3435397096937447,0.1564602903062553,LNP-ALP,OTH>IND>GRN>ON,0.3435397096937447,0.6564602903062553,OTH>IND>GRN>ON,0.39220465366205204,0.607795346337948,OTH>IND>GRN>LNP,LNP,LNP-ALP,0.1564602903062553,0.3435397096937447,Central model,False,0.0
Niddrie,Western Metro,ALP,LNP,ALP,0.5169940375046088,0.48300596249539124,0.016994037504608817,LNP-ALP,IND>OTH>GRN>ON,0.48300596249539124,0.5169940375046088,IND>OTH>GRN>ON,0.5333090338453512,0.46669096615464883,IND>OTH>GRN>LNP,LNP,LNP-ALP,0.016994037504608817,0.48300596249539124,Central model,False,0.0
Northcote,Northern Metro,ALP,GRN,ALP,0.5474803208059461,0.4525196791940539,0.04748032080594611,GRN-ALP,IND>LNP>OTH>ON,0.7477727158439831,0.2522272841560169,IND>OTH>ON>GRN,0.7406994132470066,0.2593005867529934,IND>LNP>OTH>GRN,GRN,GRN-ALP,0.04748032080594611,0.7477727158439831,Central model,False,0.0
Oakleigh,Southern Metro,ALP,ALP,LNP,0.5567109590212425,0.4432890409787575,0.05671095902124246,ALP-LNP,OTH>IND>GRN>ON,0.5567109590212425,0.4432890409787575,OTH>IND>GRN>ON,0.6152275913631285,0.3847724086368714,OTH>IND>GRN>LNP,ALP,ALP-LNP,0.05671095902124246,0.5567109590212425,Central model,False,0.0
Ovens Valley,Northern Victoria,LNP,LNP,ON,0.6105369771357196,0.3894630228642805,0.11053697713571964,LNP-ON,IND>ALP>GRN>OTH,0.26342565918987837,0.7365743408101216,IND>GRN>OTH>ON,0.27343352009304944,0.7265664799069507,IND>GRN>OTH>LNP,LNP,LNP-ON,0.11053697713571964,0.26342565918987837,Central model,False,0.0
Pakenham,Eastern Victoria,ALP,LNP,ON,0.5387745470747104,0.46122545292528955,0.0387745470747104,LNP-ON,GRN>IND>OTH>ALP,0.4056826021105407,0.5943173978894593,GRN>IND>OTH>ON,0.3846600989018001,0.6153399010981999,GRN>IND>OTH>LNP,LNP,LNP-ON,0.0387745470747104,0.4056826021105407,Central model,False,0.0
Pascoe Vale,Northern Metro,ALP,ALP,GRN,0.5081428177660497,0.4918571822339502,0.008142817766049748,ALP-GRN,OTH>IND>LNP>ON,0.6292559157862876,0.37074408421371235,OTH>IND>ON>GRN,0.6782618803089817,0.32173811969101834,OTH>IND>LNP>GRN,ALP,ALP-GRN,0.008142817766049748,0.6292559157862876,Central model,False,0.0
Point Cook,Western Metro,ALP,ALP,ON,0.5139549211811382,0.48604507881886194,0.013954921181138169,ALP-ON,GRN>OTH>IND>LNP,0.5328170380506575,0.4671829619493426,GRN>OTH>IND>ON,0.5139549211811382,0.48604507881886194,GRN>OTH>IND>LNP,ALP,ALP-ON,0.013954921181138169,0.5328170380506575,Central model,False,0.0
Polwarth,Western Victoria,LNP,LNP,GRN,0.6496080441066312,0.3503919558933688,0.1496080441066312,LNP-GRN,IND>OTH>ALP>ON,0.3783204282414085,0.6216795717585916,IND>OTH>GRN>ON,0.4061581351490632,0.5938418648509369,IND>OTH>GRN>LNP,LNP,LNP-GRN,0.1496080441066312,0.3783204282414085,Central model,False,0.0
Prahran,Southern Metro,GRN,GRN,LNP,0.5728501305265629,0.4271498694734371,0.07285013052656286,GRN-LNP,IND>OTH>ON>ALP,0.5766792299759903,0.42332077002400964,IND>OTH>ON>GRN,0.6979575217837388,0.3020424782162611,IND>OTH>LNP>GRN,GRN,GRN-LNP,0.07285013052656286,0.5766792299759903,Central model,False,0.0
Preston,Northern Metro,ALP,ALP,ON,0.6244745946162208,0.37552540538377926,0.12447459461622079,ALP-ON,OTH>LNP>IND>GRN,0.6119746053249453,0.38802539467505476,OTH>IND>GRN>ON,0.6244745946162208,0.37552540538377926,OTH>LNP>IND>GRN,ALP,ALP-ON,0.12447459461622079,0.6119746053249453,Central model,False,0.0
Richmond,Northern Metro,GRN,GRN,ALP,0.5942431243056353,0.40575687569436464,0.0942431243056353,GRN-ALP,IND>LNP>OTH>ON,0.7429158829359531,0.2570841170640469,IND>OTH>ON>GRN,0.771048595101532,0.22895140489846805,IND>LNP>OTH>GRN,GRN,GRN-ALP,0.0942431243056353,0.7429158829359531,Central model,False,0.0
Ringwood,North-Eastern Metro,ALP,LNP,ALP,0.506817164439438,0.49318283556056197,0.006817164439438028,LNP-ALP,IND>OTH>ON>GRN,0.49318283556056197,0.506817164439438,IND>OTH>ON>GRN,0.5735051725485535,0.42649482745144657,IND>OTH>GRN>LNP,LNP,LNP-ALP,0.006817164439438028,0.49318283556056197,Central model,False,0.0
Ripon,Western Victoria,ALP,ON,ALP,0.6051360057905331,0.394863994209467,0.10513600579053306,ON-ALP,IND>GRN>OTH>LNP,0.4251129453226832,0.5748870546773169,IND>GRN>OTH>ON,0.394863994209467,0.6051360057905331,IND>GRN>OTH>LNP,ON,ON-ALP,0.10513600579053306,0.4251129453226832,Central model,False,0.0
Rowville,South-Eastern Metro,LNP,LNP,ALP,0.6041857856375953,0.39581421436240477,0.10418578563759529,LNP-ALP,OTH>GRN>IND>ON,0.39581421436240477,0.6041857856375953,OTH>GRN>IND>ON,0.5018561492038233,0.49814385079617673,OTH>GRN>IND>LNP,LNP,LNP-ALP,0.10418578563759529,0.39581421436240477,Central model,False,0.0
Sandringham,Southern Metro,LNP,LNP,GRN,0.624242100221629,0.37575789977837115,0.12424210022162896,LNP-GRN,OTH>IND>ON>ALP,0.3791408372798301,0.6208591627201699,OTH>IND>ON>GRN,0.5276892728224661,0.4723107271775338,OTH>IND>GRN>LNP,LNP,LNP-GRN,0.12424210022162896,0.3791408372798301,Central model,False,0.0
Shepparton,Northern Victoria,LNP,LNP,IND,0.5799958491833471,0.4200041508166528,0.07999584918334712,LNP-IND,ALP>OTH>GRN>ON,0.2503166108848676,0.7496833891151324,OTH>GRN>ON>IND,0.43311322371157573,0.5668867762884243,OTH>GRN>LNP>IND,LNP,LNP-IND,0.07999584918334712,0.2503166108848676,Central model,False,0.0
South Barwon,Western Victoria,ALP,LNP,ALP,0.5282575590781853,0.4717424409218147,0.02825755907818528,LNP-ALP,IND>OTH>GRN>ON,0.4717424409218147,0.5282575590781853,IND>OTH>GRN>ON,0.5035086979279759,0.4964913020720241,IND>OTH>GRN>LNP,LNP,LNP-ALP,0.02825755907818528,0.4717424409218147,Central model,False,0.0
South-West Coast,Western Victoria,LNP,LNP,IND,0.5694821354934922,0.43051786450650775,0.06948213549349225,LNP-IND,OTH>GRN>ALP>ON,0.35817345450533017,0.6418265454946699,OTH>GRN>ON>IND,0.34871685509773315,0.6512831449022668,OTH>GRN>IND>LNP,LNP,LNP-IND,0.06948213549349225,0.35817345450533017,Central model,False,0.0
St Albans,Western Metro,ALP,ALP,ON,0.5606152586120541,0.4393847413879459,0.06061525861205408,ALP-ON,IND>GRN>OTH>LNP,0.5530479300956488,0.4469520699043512,IND>GRN>OTH>ON,0.5606152586120541,0.4393847413879459,IND>GRN>OTH>LNP,ALP,ALP-ON,0.06061525861205408,0.5530479300956488,Central model,False,0.0
Sunbury,Western Metro,ALP,ON,ALP,0.5591749797967518,0.44082502020324826,0.05917497979675179,ON-ALP,IND>OTH>GRN>LNP,0.4557305461150699,0.5442694538849301,IND>OTH>GRN>ON,0.44082502020324826,0.5591749797967518,IND>OTH>GRN>LNP,ON,ON-ALP,0.05917497979675179,0.4557305461150699,Central model,False,0.0
Sydenham,Western Metro,ALP,ALP,ON,0.5185377799698908,0.4814622200301092,0.01853777996989081,ALP-ON,IND>GRN>OTH>LNP,0.5240483738233647,0.4759516261766353,IND>GRN>OTH>ON,0.5185377799698908,0.4814622200301092,IND>GRN>OTH>LNP,ALP,ALP-ON,0.01853777996989081,0.5240483738233647,Central model,False,0.0
Tarneit,Western Metro,ALP,ALP,ON,0.5551066985471056,0.44489330145289435,0.05510669854710559,ALP-ON,IND>GRN>OTH>LNP,0.5648048839691469,0.43519511603085326,IND>GRN>OTH>ON,0.5551066985471056,0.44489330145289435,IND>GRN>OTH>LNP,ALP,ALP-ON,0.05510669854710559,0.5648048839691469,Central model,False,0.0
Thomastown,Northern Metro,ALP,ALP,ON,0.5790111726131829,0.42098882738681714,0.07901117261318291,ALP-ON,IND>GRN>OTH>LNP,0.6090754235329631,0.39092457646703693,IND>GRN>OTH>ON,0.5790111726131829,0.42098882738681714,IND>GRN>OTH>LNP,ALP,ALP-ON,0.07901117261318291,0.6090754235329631,Central model,False,0.0
Warrandyte,North-Eastern Metro,LNP,LNP,ALP,0.6232032254942393,0.3767967745057606,0.12320322549423934,LNP-ALP,IND>OTH>GRN>ON,0.3767967745057606,0.6232032254942393,IND>OTH>GRN>ON,0.5079472860402336,0.49205271395976635,IND>OTH>GRN>LNP,LNP,LNP-ALP,0.12320322549423934,0.3767967745057606,Central model,False,0.0
Wendouree,Western Victoria,ALP,LNP,ALP,0.5041163235901485,0.49588367640985154,0.004116323590148463,LNP-ALP,IND>OTH>GRN>ON,0.49588367640985154,0.5041163235901485,IND>OTH>GRN>ON,0.5072413891373947,0.4927586108626053,IND>OTH>GRN>LNP,LNP,LNP-ALP,0.004116323590148463,0.49588367640985154,Central model,False,0.0
Werribee,Western Metro,ALP,ON,ALP,0.5371920706730248,0.4628079293269753,0.03719207067302477,ON-ALP,GRN>OTH>IND>LNP,0.5057048914300766,0.4942951085699235,GRN>OTH>IND>ON,0.4628079293269753,0.5371920706730248,GRN>OTH>IND>LNP,ON,ON-ALP,0.03719207067302477,0.5057048914300766,Central model,False,0.0
Williamstown,Western Metro,ALP,ALP,LNP,0.5830506665232947,0.4169493334767053,0.08305066652329474,ALP-LNP,IND>OTH>GRN>ON,0.5830506665232947,0.4169493334767053,IND>OTH>GRN>ON,0.6307572345884807,0.3692427654115194,IND>OTH>GRN>LNP,ALP,ALP-LNP,0.08305066652329474,0.5830506665232947,Central model,False,0.0
Yan Yean,Northern Victoria,ALP,LNP,ALP,0.52470872787341,0.47529127212659006,0.024708727873410052,LNP-ALP,IND>GRN>OTH>ON,0.47529127212659006,0.52470872787341,IND>GRN>OTH>ON,0.46216095681649644,0.5378390431835036,IND>GRN>OTH>LNP,LNP,LNP-ALP,0.024708727873410052,0.47529127212659006,Central model,False,0.0
Albert Park,Southern Metro,ALP,ALP,LNP,0.5670665456151732,0.4329334543848268,0.06706654561517322,ALP-LNP,OTH>IND>ON>GRN,0.5670665456151732,0.4329334543848268,OTH>IND>ON>GRN,0.6690567945602153,0.33094320543978484,OTH>IND>GRN>LNP,ALP,ALP-LNP,0.06663418172008395,0.566634181720084,Sparse federal evidence off,False,0.043236389508927164
Ashwood,Southern Metro,ALP,LNP,ALP,0.5149490392857723,0.48505096071422765,0.014949039285772292,LNP-ALP,OTH>IND>ON>GRN,0.48505096071422765,0.5149490392857723,OTH>IND>ON>GRN,0.6199784503696676,0.3800215496303324,OTH>IND>GRN>LNP,LNP,LNP-ALP,0.015102013567555028,0.4848979864324449,Sparse federal evidence off,False,0.01529742817827362
Bass,Eastern Victoria,ALP,LNP,ON,0.5787633549813643,0.4212366450186357,0.07876335498136433,LNP-ON,OTH>IND>GRN>ALP,0.3675085265762336,0.6324914734237663,OTH>IND>GRN>ON,0.37221980763356344,0.6277801923664366,OTH>IND>GRN>LNP,LNP,LNP-ON,0.07859091445890387,0.36938713274582885,Sparse federal evidence off,False,-0.18786061695952316
Bayswater,North-Eastern Metro,ALP,LNP,ALP,0.5538214484590397,0.44617855154096026,0.05382144845903969,LNP-ALP,IND>OTH>GRN>ON,0.44617855154096026,0.5538214484590397,IND>OTH>GRN>ON,0.5161115998795797,0.48388840012042034,IND>OTH>GRN>LNP,LNP,LNP-ALP,0.05558025582217585,0.4444197441778241,Sparse federal evidence off,False,0.17588073631361612
Bellarine,Western Victoria,ALP,LNP,ALP,0.5066620169768742,0.4933379830231259,0.0066620169768741855,LNP-ALP,OTH>IND>GRN>ON,0.4933379830231259,0.5066620169768742,OTH>IND>GRN>ON,0.5112364949731824,0.48876350502681776,OTH>IND>GRN>LNP,LNP,LNP-ALP,0.006771760628528578,0.4932282393714715,Sparse federal evidence off,False,0.01097436516544481
Benambra,Northern Victoria,LNP,LNP,IND,0.5639505636969426,0.4360494363030574,0.06395056369694263,LNP-IND,ALP>OTH>GRN>ON,0.2592521375662976,0.7407478624337024,OTH>GRN>ON>IND,0.3400300312477147,0.6599699687522853,OTH>GRN>LNP>IND,LNP,LNP-IND,0.06395056369694263,0.25938961219529955,Sparse federal evidence off,False,-0.013747462900193241
Bendigo East,Northern Victoria,ALP,ALP,LNP,0.5090679619189824,0.4909320380810176,0.009067961918982403,ALP-LNP,OTH>IND>GRN>ON,0.5090679619189824,0.4909320380810176,OTH>IND>GRN>ON,0.5410197848032243,0.4589802151967757,OTH>IND>GRN>LNP,ALP,ALP-LNP,0.00904846871773235,0.5090484687177323,Sparse federal evidence off,False,0.0019493201250053716
Bendigo West,Northern Victoria,ALP,ALP,ON,0.5436212270905587,0.45637877290944123,0.04362122709055871,ALP-ON,IND>OTH>GRN>LNP,0.5477466625233667,0.4522533374766334,IND>OTH>GRN>ON,0.5436212270905587,0.45637877290944123,IND>OTH>GRN>LNP,ALP,ALP-ON,0.04368676386594428,0.5465088266702205,Sparse federal evidence off,False,0.12378358531461853
Bentleigh,Southern Metro,ALP,ALP,LNP,0.514909450431177,0.4850905495688231,0.014909450431176974,ALP-LNP,OTH>IND>GRN>ON,0.514909450431177,0.4850905495688231,OTH>IND>GRN>ON,0.6074174147511309,0.39258258524886924,OTH>IND>GRN>LNP,ALP,ALP-LNP,0.012172362761108224,0.5121723627611082,Sparse federal evidence off,False,0.27370876700687496
Berwick,South-Eastern Metro,LNP,LNP,ALP,0.6453302776312015,0.3546697223687984,0.14533027763120154,LNP-ALP,IND>OTH>GRN>ON,0.3546697223687984,0.6453302776312015,IND>OTH>GRN>ON,0.3978331770612338,0.6021668229387662,IND>OTH>GRN>LNP,LNP,LNP-ALP,0.143499141401075,0.356500858598925,Sparse federal evidence off,False,-0.18311362301265954
Box Hill,North-Eastern Metro,ALP,LNP,ALP,0.5034700884018307,0.49652991159816934,0.0034700884018307177,LNP-ALP,IND>OTH>ON>GRN,0.49652991159816934,0.5034700884018307,IND>OTH>ON>GRN,0.6225137411815928,0.3774862588184072,IND>OTH>GRN>LNP,LNP,LNP-ALP,0.0036079132165027783,0.4963920867834973,Sparse federal evidence off,False,0.013782481467206065
Brighton,Southern Metro,LNP,LNP,GRN,0.5890025855228651,0.4109974144771349,0.08900258552286511,LNP-GRN,OTH>ON>IND>ALP,0.40047416678324876,0.5995258332167512,OTH>ON>IND>GRN,0.6047833778905342,0.39521662210946584,OTH>IND>GRN>LNP,LNP,LNP-GRN,0.08900258552286511,0.40019537000892336,Sparse federal evidence off,False,0.027879677432540717
Broadmeadows,Northern Metro,ALP,ALP,ON,0.5645016475933601,0.43549835240664,0.06450164759336008,ALP-ON,IND>GRN>OTH>LNP,0.6031650062702479,0.3968349937297521,IND>GRN>OTH>ON,0.5645016475933601,0.43549835240664,IND>GRN>OTH>LNP,ALP,ALP-ON,0.06447860261806027,0.6016611278416273,Sparse federal evidence off,False,0.1503878428620653
Brunswick,Northern Metro,GRN,GRN,ALP,0.661220984788556,0.33877901521144405,0.16122098478855595,GRN-ALP,IND>LNP>OTH>ON,0.7816535919437639,0.218346408056236,IND>OTH>ON>GRN,0.7756332438982412,0.22436675610175877,IND>LNP>OTH>GRN,GRN,GRN-ALP,0.16122098478855595,0.7812680524127104,Sparse federal evidence off,False,0.03855395310535803
Bulleen,North-Eastern Metro,LNP,LNP,ALP,0.6322850472624758,0.36771495273752414,0.1322850472624758,LNP-ALP,OTH>IND>ON>GRN,0.36771495273752414,0.6322850472624758,OTH>IND>ON>GRN,0.5510173285505778,0.4489826714494222,OTH>IND>GRN>LNP,LNP,LNP-ALP,0.13244201563571323,0.36755798436428677,Sparse federal evidence off,False,0.0156968373237365
Bundoora,North-Eastern Metro,ALP,ALP,LNP,0.5501597391256151,0.44984026087438495,0.05015973912561511,ALP-LNP,IND>OTH>GRN>ON,0.5501597391256151,0.44984026087438495,IND>OTH>GRN>ON,0.5925955559925862,0.4074044440074139,IND>OTH>GRN>LNP,ALP,ALP-LNP,0.0480084539478679,0.5480084539478679,Sparse federal evidence off,False,0.21512851777472086
Carrum,South-Eastern Metro,ALP,LNP,ALP,0.5161620246346362,0.4838379753653639,0.01616202463463623,LNP-ALP,IND>OTH>GRN>ON,0.4838379753653639,0.5161620246346362,IND>OTH>GRN>ON,0.479495146159445,0.5205048538405551,IND>OTH>GRN>LNP,LNP,LNP-ALP,0.014418377955608519,0.4855816220443916,Sparse federal evidence off,False,-0.17436466790277105
Caulfield,Southern Metro,LNP,LNP,GRN,0.5768837623689421,0.4231162376310579,0.07688376236894212,LNP-GRN,OTH>IND>ON>ALP,0.42525716690915527,0.5747428330908447,OTH>IND>ON>GRN,0.6190186462368439,0.38098135376315606,OTH>IND>GRN>LNP,LNP,LNP-GRN,0.07688376236894212,0.4248858869463901,Sparse federal evidence off,False,0.03712799627651475
Clarinda,South-Eastern Metro,ALP,ALP,LNP,0.5410063689899458,0.45899363101005425,0.04100636898994581,ALP-LNP,OTH>GRN>IND>ON,0.5410063689899458,0.45899363101005425,OTH>GRN>IND>ON,0.5902565421134318,0.40974345788656824,OTH>GRN>IND>LNP,ALP,ALP-LNP,0.03916757549836791,0.5391675754983679,Sparse federal evidence off,False,0.18387934915778947
Cranbourne,South-Eastern Metro,ALP,ON,ALP,0.5050901163333293,0.49490988366667077,0.005090116333329342,ON-ALP,IND>GRN>OTH>LNP,0.5077808969260837,0.49221910307391636,IND>GRN>OTH>ON,0.49490988366667077,0.5050901163333293,IND>GRN>OTH>LNP,ON,ON-ALP,0.005305963062483099,0.5054022533907976,Sparse federal evidence off,False,0.23786435352861623
Croydon,North-Eastern Metro,LNP,LNP,ALP,0.5919949313714177,0.40800506862858243,0.09199493137141768,LNP-ALP,IND>OTH>GRN>ON,0.40800506862858243,0.5919949313714177,IND>OTH>GRN>ON,0.49960157990677145,0.5003984200932285,IND>OTH>GRN>LNP,LNP,LNP-ALP,0.09413836171125811,0.405861638288742,Sparse federal evidence off,False,0.21434303398404353
Dandenong,South-Eastern Metro,ALP,ALP,ON,0.5996544704247133,0.4003455295752867,0.09965447042471332,ALP-ON,IND>GRN>OTH>LNP,0.6196334457712226,0.3803665542287774,IND>GRN>OTH>ON,0.5996544704247133,0.4003455295752867,IND>GRN>OTH>LNP,ALP,ALP-ON,0.09942799349777032,0.6175602466127724,Sparse federal evidence off,False,0.20731991584501674
Eildon,Northern Victoria,LNP,LNP,ON,0.6139693634024594,0.3860306365975406,0.11396936340245944,LNP-ON,IND>OTH>GRN>ALP,0.33838089540004207,0.661619104599958,IND>OTH>GRN>ON,0.3601028075952241,0.6398971924047759,IND>OTH>GRN>LNP,LNP,LNP-ON,0.11430974690410167,0.33888950766761966,Sparse federal evidence off,False,-0.05086122675775906
Eltham,North-Eastern Metro,ALP,ALP,LNP,0.5181449461488192,0.4818550538511809,0.01814494614881923,ALP-LNP,IND>OTH>GRN>ON,0.5181449461488192,0.4818550538511809,IND>OTH>GRN>ON,0.5808494309113091,0.41915056908869086,IND>OTH>GRN>LNP,ALP,ALP-LNP,0.014292470079394715,0.5142924700793947,Sparse federal evidence off,False,0.3852476069424515
Essendon,Northern Metro,ALP,ALP,LNP,0.5326275725821394,0.46737242741786067,0.03262757258213944,ALP-LNP,IND>OTH>GRN>ON,0.5326275725821394,0.46737242741786067,IND>OTH>GRN>ON,0.5702644628586847,0.4297355371413154,IND>OTH>GRN>LNP,ALP,ALP-LNP,0.028867992944237697,0.5288679929442377,Sparse federal evidence off,False,0.37595796379017443
Eureka,Western Victoria,ALP,ON,ALP,0.5749496546142024,0.42505034538579767,0.07494965461420244,ON-ALP,IND>OTH>GRN>LNP,0.4530612965009789,0.5469387034990212,IND>OTH>GRN>ON,0.42505034538579767,0.5749496546142024,IND>OTH>GRN>LNP,ON,ON-ALP,0.0749130097183579,0.45395064730849055,Sparse federal evidence off,False,-0.08893508075116241
Euroa,Northern Victoria,LNP,LNP,ON,0.614312794949936,0.3856872050500641,0.11431279494993596,LNP-ON,IND>OTH>GRN>ALP,0.29340154442081584,0.7065984555791842,IND>OTH>GRN>ON,0.3322561736617396,0.6677438263382605,IND>OTH>GRN>LNP,LNP,LNP-ON,0.11464565523938697,0.2938038134531287,Sparse federal evidence off,False,-0.040226903231288524
Evelyn,Eastern Victoria,LNP,LNP,ALP,0.6496221166751307,0.35037788332486935,0.1496221166751307,LNP-ALP,IND>OTH>GRN>ON,0.35037788332486935,0.6496221166751307,IND>OTH>GRN>ON,0.3968414485915669,0.6031585514084332,IND>OTH>GRN>LNP,LNP,LNP-ALP,0.14900604587146993,0.35099395412853013,Sparse federal evidence off,False,-0.061607080366077316
Footscray,Western Metro,ALP,ALP,GRN,0.5234790702366359,0.47652092976336413,0.02347907023663587,ALP-GRN,IND>OTH>LNP>ON,0.6936035922097038,0.30639640779029614,IND>OTH>ON>GRN,0.7576602745787433,0.24233972542125676,IND>OTH>LNP>GRN,ALP,ALP-GRN,0.02347907023663587,0.6931080572744553,Sparse federal evidence off,False,0.04955349352484539
Frankston,South-Eastern Metro,ALP,ALP,LNP,0.5091209032616767,0.49087909673832336,0.009120903261676694,ALP-LNP,IND>OTH>GRN>ON,0.5091209032616767,0.49087909673832336,IND>OTH>GRN>ON,0.5169518644574238,0.48304813554257625,IND>OTH>GRN>LNP,ALP,ALP-LNP,0.0061907970010247615,0.5061907970010248,Sparse federal evidence off,False,0.29301062606519324
Geelong,Western Victoria,ALP,ON,ALP,0.5042919100286026,0.4957080899713975,0.00429191002860263,ON-ALP,OTH>IND>GRN>LNP,0.5130035921295019,0.48699640787049825,OTH>IND>GRN>ON,0.4957080899713975,0.5042919100286026,OTH>IND>GRN>LNP,ON,ON-ALP,0.003977693155855944,0.5121305615927,Sparse federal evidence off,False,0.08730305368018776
Gippsland East,Eastern Victoria,LNP,LNP,ON,0.6203855104597308,0.37961448954026916,0.12038551045973078,LNP-ON,IND>ALP>OTH>GRN,0.19053114805254712,0.8094688519474528,IND>OTH>GRN>ON,0.23305492949617668,0.7669450705038234,IND>OTH>GRN>LNP,LNP,LNP-ON,0.12038551045973078,0.19084642586774223,Sparse federal evidence off,False,-0.031527781519510856
Gippsland South,Eastern Victoria,LNP,LNP,ON,0.6095829853249891,0.390417014675011,0.10958298532498911,LNP-ON,OTH>IND>GRN>ALP,0.24606378952999325,0.7539362104700068,OTH>IND>GRN>ON,0.2773273558819945,0.7226726441180056,OTH>IND>GRN>LNP,LNP,LNP-ON,0.10973884026599956,0.24715485000488083,Sparse federal evidence off,False,-0.10910604748875785
Glen Waverley,North-Eastern Metro,ALP,LNP,ALP,0.5396014081969963,0.46039859180300374,0.03960140819699631,LNP-ALP,IND>OTH>GRN>ON,0.46039859180300374,0.5396014081969963,IND>OTH>GRN>ON,0.6002337531486206,0.39976624685137946,IND>OTH>GRN>LNP,LNP,LNP-ALP,0.04188746909315044,0.4581125309068496,Sparse federal evidence off,False,0.22860608961541296
Greenvale,Northern Metro,ALP,ALP,LNP,0.5529086513805466,0.4470913486194535,0.05290865138054657,ALP-LNP,IND>GRN>ON>OTH,0.5529086513805466,0.4470913486194535,IND>GRN>ON>OTH,0.5602419910967525,0.4397580089032475,IND>GRN>OTH>LNP,ALP,ALP-LNP,0.05262238013777931,0.5526223801377793,Sparse federal evidence off,False,0.028627124276725535
Hastings,Eastern Victoria,ALP,LNP,ALP,0.5965408703657142,0.40345912963428576,0.09654087036571424,LNP-ALP,IND>OTH>GRN>ON,0.40345912963428576,0.5965408703657142,IND>OTH>GRN>ON,0.4082483537891811,0.5917516462108189,IND>OTH>GRN>LNP,LNP,LNP-ALP,0.09612172437252997,0.40387827562747003,Sparse federal evidence off,False,-0.04191459931842667
Hawthorn,Southern Metro,LNP,LNP,IND,0.5769646112848791,0.42303538871512086,0.07696461128487908,LNP-IND,OTH>ON>ALP>GRN,0.46921430661728714,0.5307856933827129,OTH>ON>GRN>IND,0.6614973116233325,0.33850268837666747,OTH>GRN>IND>LNP,LNP,LNP-IND,0.07696461128487908,0.468956048335715,Sparse federal evidence off,False,0.025825828157211017
Ivanhoe,North-Eastern Metro,ALP,ALP,LNP,0.5554196242853238,0.4445803757146763,0.055419624285323765,ALP-LNP,OTH>IND>ON>GRN,0.5554196242853238,0.4445803757146763,OTH>IND>ON>GRN,0.633210868777503,0.3667891312224971,OTH>IND>GRN>LNP,ALP,ALP-LNP,0.055228910530637054,0.555228910530637,Sparse federal evidence off,False,0.019071375468671103
Kalkallo,Northern Metro,ALP,ALP,ON,0.5478678450605238,0.4521321549394762,0.04786784506052377,ALP-ON,IND>GRN>OTH>LNP,0.5765833547379126,0.4234166452620875,IND>GRN>OTH>ON,0.5478678450605238,0.4521321549394762,IND>GRN>OTH>LNP,ALP,ALP-ON,0.04780643878944457,0.5765731412684397,Sparse federal evidence off,False,0.0010213469472830639
Kew,Southern Metro,LNP,LNP,IND,0.5972394455469963,0.4027605544530037,0.09723944554699626,LNP-IND,OTH>ON>GRN>ALP,0.4282311065657081,0.5717688934342918,OTH>ON>GRN>IND,0.643601462926672,0.356398537073328,OTH>GRN>IND>LNP,LNP,LNP-IND,0.09723944554699626,0.4279654831966599,Sparse federal evidence off,False,0.026562336904822903
Kororoit,Western Metro,ALP,ALP,ON,0.591980979285117,0.4080190207148831,0.09198097928511695,ALP-ON,IND>GRN>LNP>OTH,0.5968780320433487,0.40312196795665134,IND>GRN>ON>OTH,0.591980979285117,0.4080190207148831,IND>GRN>LNP>OTH,ALP,ALP-ON,0.09198097928511695,0.5965191841775287,Sparse federal evidence off,False,0.035884786581996675
Lara,Western Victoria,ALP,ON,ALP,0.525555059253958,0.47444494074604204,0.025555059253957957,ON-ALP,IND>OTH>GRN>LNP,0.5261529893102292,0.47384701068977075,IND>OTH>GRN>ON,0.47444494074604204,0.525555059253958,IND>OTH>GRN>LNP,ON,ON-ALP,0.02413901764614168,0.5274916479533848,Sparse federal evidence off,False,-0.13386586431555214
Laverton,Western Metro,ALP,ALP,ON,0.5895062040655765,0.41049379593442353,0.08950620406557652,ALP-ON,IND>GRN>OTH>LNP,0.6061444875734835,0.39385551242651656,IND>GRN>OTH>ON,0.5895062040655765,0.41049379593442353,IND>GRN>OTH>LNP,ALP,ALP-ON,0.08944642148366455,0.6045664385937876,Sparse federal evidence off,False,0.1578048979695934
Lowan,Western Victoria,LNP,LNP,ON,0.6498563917077107,0.3501436082922893,0.1498563917077107,LNP-ON,IND>OTH>ALP>GRN,0.20575545517924781,0.7942445448207521,IND>OTH>GRN>ON,0.25268294426907845,0.7473170557309216,IND>OTH>GRN>LNP,LNP,LNP-ON,0.1498563917077107,0.20611309204266096,Sparse federal evidence off,False,-0.035763686341314105
Macedon,Northern Victoria,ALP,LNP,ALP,0.5153801006333915,0.4846198993666085,0.015380100633391458,LNP-ALP,OTH>IND>GRN>ON,0.4846198993666085,0.5153801006333915,OTH>IND>GRN>ON,0.47336567621122816,0.526634323788772,OTH>IND>GRN>LNP,LNP,LNP-ALP,0.016088115000675418,0.48391188499932464,Sparse federal evidence off,False,0.0708014367283849
Malvern,Southern Metro,LNP,LNP,GRN,0.6359534942591737,0.36404650574082636,0.1359534942591737,LNP-GRN,IND>OTH>ON>ALP,0.3643127463406382,0.6356872536593619,IND>OTH>ON>GRN,0.6062857033465919,0.39371429665340807,IND>OTH>GRN>LNP,LNP,LNP-GRN,0.1359534942591737,0.36402259055097586,Sparse federal evidence off,False,0.029015578966234967
Melbourne,Northern Metro,GRN,GRN,ALP,0.6394516329880113,0.36054836701198867,0.13945163298801133,GRN-ALP,IND>OTH>LNP>ON,0.7093065148621798,0.29069348513782023,IND>OTH>ON>GRN,0.7712642290783588,0.2287357709216412,IND>OTH>LNP>GRN,GRN,GRN-ALP,0.13945163298801133,0.7088886841849269,Sparse federal evidence off,False,0.04178306772528728
Melton,Western Victoria,ALP,ON,IND,0.5445089589102158,0.45549104108978433,0.04450895891021578,ON-IND,GRN>OTH>LNP>ALP,0.4196779813995184,0.5803220186004817,GRN>OTH>IND>ON,0.4510094465247246,0.5489905534752754,GRN>OTH>LNP>IND,ON,ON-IND,0.04450895891021578,0.4198558388585376,Sparse federal evidence off,False,-0.0177857459019215
Mildura,Northern Victoria,LNP,LNP,IND,0.5258994605160016,0.47410053948399855,0.02589946051600156,LNP-IND,ALP>OTH>GRN>ON,0.26564561170271445,0.7343543882972856,OTH>GRN>ON>IND,0.35213113601561985,0.6478688639843802,OTH>GRN>LNP>IND,LNP,LNP-IND,0.02589946051600156,0.2657951524222583,Sparse federal evidence off,False,-0.014954071954387249
Mill Park,North-Eastern Metro,ALP,ALP,ON,0.5467028667664697,0.4532971332335304,0.04670286676646973,ALP-ON,IND>GRN>OTH>LNP,0.5589423385713055,0.44105766142869457,IND>GRN>OTH>ON,0.5467028667664697,0.4532971332335304,IND>GRN>OTH>LNP,ALP,ALP-ON,0.04652163591394787,0.5567730883143781,Sparse federal evidence off,False,0.21692502569273797
Monbulk,Eastern Victoria,ALP,LNP,ALP,0.5352220207788255,0.4647779792211746,0.035222020778825525,LNP-ALP,OTH>IND>GRN>ON,0.4647779792211746,0.5352220207788255,OTH>IND>GRN>ON,0.45419175193582,0.54580824806418,OTH>IND>GRN>LNP,LNP,LNP-ALP,0.03539496663493036,0.4646050333650697,Sparse federal evidence off,False,0.01729458561048891
Mordialloc,South-Eastern Metro,ALP,ALP,LNP,0.5092155675663502,0.4907844324336497,0.009215567566350225,ALP-LNP,OTH>IND>GRN>ON,0.5092155675663502,0.4907844324336497,OTH>IND>GRN>ON,0.5768284354354865,0.42317156456451366,OTH>IND>GRN>LNP,ALP,ALP-LNP,0.006915398861718214,0.5069153988617182,Sparse federal evidence off,False,0.23001687046320107
Mornington,Eastern Victoria,LNP,LNP,IND,0.6014160015534368,0.3985839984465632,0.10141600155343677,LNP-IND,OTH>GRN>ALP>ON,0.3172157000655893,0.6827842999344108,OTH>GRN>ON>IND,0.3573195712228015,0.6426804287771986,OTH>GRN>IND>LNP,LNP,LNP-IND,0.10141600155343677,0.31724756526680886,Sparse federal evidence off,False,-0.0031865201219560824
Morwell,Eastern Victoria,LNP,LNP,ON,0.5056734262159138,0.4943265737840862,0.005673426215913824,LNP-ON,GRN>OTH>IND>ALP,0.37108723365582524,0.6289127663441747,GRN>OTH>IND>ON,0.34957725546631363,0.6504227445336863,GRN>OTH>IND>LNP,LNP,LNP-ON,0.005727066468185438,0.3713167708165247,Sparse federal evidence off,False,-0.022953716069945562
Mulgrave,South-Eastern Metro,ALP,ALP,IND,0.6005521886880122,0.39944781131198775,0.10055218868801219,ALP-IND,OTH>GRN>LNP>ON,0.6075284074986755,0.3924715925013244,OTH>GRN>ON>IND,0.6929027996365303,0.3070972003634696,OTH>GRN>LNP>IND,ALP,ALP-IND,0.10055218868801219,0.6073149596352846,Sparse federal evidence off,False,0.021344786339094757
Murray Plains,Northern Victoria,LNP,LNP,ON,0.6153940469683005,0.3846059530316996,0.11539404696830047,LNP-ON,IND>ALP>GRN>OTH,0.17240863251942226,0.8275913674805778,IND>GRN>OTH>ON,0.2083166787580556,0.7916833212419445,IND>GRN>OTH>LNP,LNP,LNP-ON,0.11539404696830047,0.1735273781559351,Sparse federal evidence off,False,-0.11187456365128468
Narracan,Eastern Victoria,LNP,LNP,ON,0.6453556851079386,0.3546443148920612,0.14535568510793861,LNP-ON,OTH>IND>ALP>GRN,0.3655574564992227,0.6344425435007771,OTH>IND>GRN>ON,0.3943441279844761,0.605655872015524,OTH>IND>GRN>LNP,LNP,LNP-ON,0.14535568510793861,0.36305273343468386,Sparse federal evidence off,False,0.2504723064538861
Narre Warren North,South-Eastern Metro,ALP,ALP,ON,0.5137037417981635,0.4862962582018365,0.013703741798163471,ALP-ON,IND>GRN>OTH>LNP,0.5172616911711239,0.48273830882887614,IND>GRN>OTH>ON,0.5137037417981635,0.4862962582018365,IND>GRN>OTH>LNP,ALP,ALP-ON,0.013546949763304061,0.5150361227277542,Sparse federal evidence off,False,0.222556844336963
Narre Warren South,South-Eastern Metro,ALP,ALP,ON,0.5212968036104658,0.4787031963895342,0.02129680361046582,ALP-ON,IND>GRN>OTH>LNP,0.5157954624119879,0.484204537588012,IND>GRN>OTH>ON,0.5212968036104658,0.4787031963895342,IND>GRN>OTH>LNP,ALP,ALP-ON,0.021086295670180832,0.5135354026617018,Sparse federal evidence off,False,0.2260059750286092
Nepean,Eastern Victoria,LNP,LNP,ALP,0.6567486727928156,0.3432513272071845,0.15674867279281557,LNP-ALP,OTH>IND>GRN>ON,0.3432513272071845,0.6567486727928156,OTH>IND>GRN>ON,0.39144900202766625,0.6085509979723337,OTH>IND>GRN>LNP,LNP,LNP-ALP,0.1564602903062553,0.3435397096937447,Sparse federal evidence off,False,-0.028838248656021248
Niddrie,Western Metro,ALP,LNP,ALP,0.5149840987392946,0.48501590126070543,0.014984098739294627,LNP-ALP,IND>OTH>GRN>ON,0.48501590126070543,0.5149840987392946,IND>OTH>GRN>ON,0.5333558850792157,0.4666441149207843,IND>OTH>GRN>LNP,LNP,LNP-ALP,0.016994037504608817,0.48300596249539124,Sparse federal evidence off,False,0.20099387653141898
Northcote,Northern Metro,ALP,GRN,ALP,0.5474803208059461,0.4525196791940539,0.04748032080594611,GRN-ALP,IND>LNP>OTH>ON,0.748296198055402,0.2517038019445979,IND>OTH>ON>GRN,0.7406994132470066,0.2593005867529934,IND>LNP>OTH>GRN,GRN,GRN-ALP,0.04748032080594611,0.7477727158439831,Sparse federal evidence off,False,0.052348221141895745
Oakleigh,Southern Metro,ALP,ALP,LNP,0.5608836208483243,0.4391163791516758,0.06088362084832433,ALP-LNP,OTH>IND>GRN>ON,0.5608836208483243,0.4391163791516758,OTH>IND>GRN>ON,0.6167221509962574,0.38327784900374273,OTH>IND>GRN>LNP,ALP,ALP-LNP,0.05671095902124246,0.5567109590212425,Sparse federal evidence off,False,0.41726618270818694
Ovens Valley,Northern Victoria,LNP,LNP,ON,0.6105369771357196,0.3894630228642805,0.11053697713571964,LNP-ON,IND>ALP>GRN>OTH,0.2624725066915512,0.7375274933084489,IND>GRN>OTH>ON,0.273404425875612,0.7265955741243881,IND>GRN>OTH>LNP,LNP,LNP-ON,0.11053697713571964,0.26342565918987837,Sparse federal evidence off,False,-0.095315249832717
Pakenham,Eastern Victoria,ALP,LNP,ON,0.538715800032407,0.4612841999675929,0.038715800032407044,LNP-ON,GRN>IND>OTH>ALP,0.40542850879693376,0.5945714912030663,GRN>IND>OTH>ON,0.38466776160380534,0.6153322383961947,GRN>IND>OTH>LNP,LNP,LNP-ON,0.0387745470747104,0.4056826021105407,Sparse federal evidence off,False,-0.0254093313606929
Pascoe Vale,Northern Metro,ALP,ALP,GRN,0.5081428177660497,0.4918571822339502,0.008142817766049748,ALP-GRN,OTH>IND>LNP>ON,0.6294747414697092,0.37052525853029084,OTH>IND>ON>GRN,0.6782618803089817,0.32173811969101834,OTH>IND>LNP>GRN,ALP,ALP-GRN,0.008142817766049748,0.6292559157862876,Sparse federal evidence off,False,0.021882568342157516
Point Cook,Western Metro,ALP,ALP,ON,0.5138699811879891,0.48613001881201096,0.0138699811879891,ALP-ON,GRN>OTH>IND>LNP,0.5343866645379088,0.4656133354620911,GRN>OTH>IND>ON,0.5138699811879891,0.48613001881201096,GRN>OTH>IND>LNP,ALP,ALP-ON,0.013954921181138169,0.5328170380506575,Sparse federal evidence off,False,0.1569626487251341
Polwarth,Western Victoria,LNP,LNP,GRN,0.6496080441066312,0.3503919558933688,0.1496080441066312,LNP-GRN,IND>OTH>ALP>ON,0.37946535285489374,0.6205346471451063,IND>OTH>GRN>ON,0.40730953823329435,0.5926904617667057,IND>OTH>GRN>LNP,LNP,LNP-GRN,0.1496080441066312,0.3783204282414085,Sparse federal evidence off,False,0.11449246134852542
Prahran,Southern Metro,GRN,GRN,LNP,0.5728501305265629,0.4271498694734371,0.07285013052656286,GRN-LNP,IND>OTH>ON>ALP,0.5770684315810535,0.42293156841894647,IND>OTH>ON>GRN,0.6979575217837388,0.3020424782162611,IND>OTH>LNP>GRN,GRN,GRN-LNP,0.07285013052656286,0.5766792299759903,Sparse federal evidence off,False,0.03892016050631719
Preston,Northern Metro,ALP,ALP,ON,0.6244745946162208,0.37552540538377926,0.12447459461622079,ALP-ON,OTH>LNP>IND>GRN,0.6179159974452146,0.3820840025547854,OTH>IND>GRN>ON,0.6244745946162208,0.37552540538377926,OTH>LNP>IND>GRN,ALP,ALP-ON,0.12447459461622079,0.6119746053249453,Sparse federal evidence off,False,0.594139212026934
Richmond,Northern Metro,GRN,GRN,ALP,0.5942431243056353,0.40575687569436464,0.0942431243056353,GRN-ALP,IND>LNP>OTH>ON,0.7432995282602797,0.2567004717397203,IND>OTH>ON>GRN,0.771048595101532,0.22895140489846805,IND>LNP>OTH>GRN,GRN,GRN-ALP,0.0942431243056353,0.7429158829359531,Sparse federal evidence off,False,0.03836453243265536
Ringwood,North-Eastern Metro,ALP,LNP,ALP,0.5066534845649864,0.49334651543501357,0.006653484564986378,LNP-ALP,IND>OTH>ON>GRN,0.49334651543501357,0.5066534845649864,IND>OTH>ON>GRN,0.5747891911635311,0.42521080883646883,IND>OTH>GRN>LNP,LNP,LNP-ALP,0.006817164439438028,0.49318283556056197,Sparse federal evidence off,False,0.016367987445159438
Ripon,Western Victoria,ALP,ON,ALP,0.6050017488357732,0.39499825116422693,0.10500174883577318,ON-ALP,IND>GRN>OTH>LNP,0.42424232200316886,0.5757576779968312,IND>GRN>OTH>ON,0.39499825116422693,0.6050017488357732,IND>GRN>OTH>LNP,ON,ON-ALP,0.10513600579053306,0.4251129453226832,Sparse federal evidence off,False,-0.08706233195143187
Rowville,South-Eastern Metro,LNP,LNP,ALP,0.6026275773889085,0.3973724226110916,0.10262757738890849,LNP-ALP,OTH>GRN>IND>ON,0.3973724226110916,0.6026275773889085,OTH>GRN>IND>ON,0.5020862399486798,0.4979137600513202,OTH>GRN>IND>LNP,LNP,LNP-ALP,0.10418578563759529,0.39581421436240477,Sparse federal evidence off,False,0.15582082486868543
Sandringham,Southern Metro,LNP,LNP,GRN,0.624242100221629,0.37575789977837115,0.12424210022162896,LNP-GRN,OTH>IND>ON>ALP,0.3792976958283642,0.6207023041716359,OTH>IND>ON>GRN,0.5286604224663609,0.4713395775336392,OTH>IND>GRN>LNP,LNP,LNP-GRN,0.12424210022162896,0.3791408372798301,Sparse federal evidence off,False,0.015685854853408898
Shepparton,Northern Victoria,LNP,LNP,IND,0.5799958491833471,0.4200041508166528,0.07999584918334712,LNP-IND,ALP>OTH>GRN>ON,0.2502822881259426,0.7497177118740574,OTH>GRN>ON>IND,0.43311322371157573,0.5668867762884243,OTH>GRN>LNP>IND,LNP,LNP-IND,0.07999584918334712,0.2503166108848676,Sparse federal evidence off,False,-0.0034322758925009467
South Barwon,Western Victoria,ALP,LNP,ALP,0.5277853372054551,0.47221466279454494,0.027785337205455063,LNP-ALP,IND>OTH>GRN>ON,0.47221466279454494,0.5277853372054551,IND>OTH>GRN>ON,0.5029777124385957,0.4970222875614043,IND>OTH>GRN>LNP,LNP,LNP-ALP,0.02825755907818528,0.4717424409218147,Sparse federal evidence off,False,0.04722218727302163
South-West Coast,Western Victoria,LNP,LNP,IND,0.5694821354934922,0.43051786450650775,0.06948213549349225,LNP-IND,OTH>GRN>ALP>ON,0.3580806124671504,0.6419193875328496,OTH>GRN>ON>IND,0.3491857801716907,0.6508142198283092,OTH>GRN>IND>LNP,LNP,LNP-IND,0.06948213549349225,0.35817345450533017,Sparse federal evidence off,False,-0.009284203817977454
St Albans,Western Metro,ALP,ALP,ON,0.5606195231908875,0.4393804768091126,0.06061952319088748,ALP-ON,IND>GRN>OTH>LNP,0.5546087741993644,0.4453912258006356,IND>GRN>OTH>ON,0.5606195231908875,0.4393804768091126,IND>GRN>OTH>LNP,ALP,ALP-ON,0.06061525861205408,0.5530479300956488,Sparse federal evidence off,False,0.15608441037155973
Sunbury,Western Metro,ALP,ON,ALP,0.5599842978750744,0.4400157021249255,0.05998429787507442,ON-ALP,IND>OTH>GRN>LNP,0.4550317530954027,0.5449682469045972,IND>OTH>GRN>ON,0.4400157021249255,0.5599842978750744,IND>OTH>GRN>LNP,ON,ON-ALP,0.05917497979675179,0.4557305461150699,Sparse federal evidence off,False,-0.06987930196671877
Sydenham,Western Metro,ALP,ALP,ON,0.5186953727545602,0.4813046272454397,0.018695372754560236,ALP-ON,IND>GRN>OTH>LNP,0.5261201523064827,0.4738798476935173,IND>GRN>OTH>ON,0.5186953727545602,0.4813046272454397,IND>GRN>OTH>LNP,ALP,ALP-ON,0.01853777996989081,0.5240483738233647,Sparse federal evidence off,False,0.20717784831180142
Tarneit,Western Metro,ALP,ALP,ON,0.5551146744832981,0.444885325516702,0.0551146744832981,ALP-ON,IND>GRN>OTH>LNP,0.5664227133957389,0.4335772866042612,IND>GRN>OTH>ON,0.5551146744832981,0.444885325516702,IND>GRN>OTH>LNP,ALP,ALP-ON,0.05510669854710559,0.5648048839691469,Sparse federal evidence off,False,0.16178294265920545
Thomastown,Northern Metro,ALP,ALP,ON,0.5794405294089046,0.42055947059109544,0.07944052940890456,ALP-ON,IND>GRN>OTH>LNP,0.6115614540099485,0.38843854599005145,IND>GRN>OTH>ON,0.5794405294089046,0.42055947059109544,IND>GRN>OTH>LNP,ALP,ALP-ON,0.07901117261318291,0.6090754235329631,Sparse federal evidence off,False,0.2486030476985479
Warrandyte,North-Eastern Metro,LNP,LNP,ALP,0.6208065725928884,0.3791934274071116,0.1208065725928884,LNP-ALP,IND>OTH>GRN>ON,0.3791934274071116,0.6208065725928884,IND>OTH>GRN>ON,0.508755636687663,0.491244363312337,IND>OTH>GRN>LNP,LNP,LNP-ALP,0.12320322549423934,0.3767967745057606,Sparse federal evidence off,False,0.2396652901350993
Wendouree,Western Victoria,ALP,LNP,ALP,0.5039771196282625,0.49602288037173753,0.0039771196282625265,LNP-ALP,IND>OTH>GRN>ON,0.49602288037173753,0.5039771196282625,IND>OTH>GRN>ON,0.5066610296855477,0.49333897031445234,IND>OTH>GRN>LNP,LNP,LNP-ALP,0.004116323590148463,0.49588367640985154,Sparse federal evidence off,False,0.013920396188599193
Werribee,Western Metro,ALP,ON,ALP,0.5372809086083054,0.4627190913916947,0.03728090860830535,ON-ALP,GRN>OTH>IND>LNP,0.5053446274655686,0.4946553725344314,GRN>OTH>IND>ON,0.4627190913916947,0.5372809086083054,GRN>OTH>IND>LNP,ON,ON-ALP,0.03719207067302477,0.5057048914300766,Sparse federal evidence off,False,-0.03602639645079453
Williamstown,Western Metro,ALP,ALP,LNP,0.5897711348719358,0.41022886512806417,0.08977113487193578,ALP-LNP,IND>OTH>GRN>ON,0.5897711348719358,0.41022886512806417,IND>OTH>GRN>ON,0.634240040551034,0.365759959448966,IND>OTH>GRN>LNP,ALP,ALP-LNP,0.08305066652329474,0.5830506665232947,Sparse federal evidence off,False,0.672046834864104
Yan Yean,Northern Victoria,ALP,LNP,ALP,0.524737385681966,0.475262614318034,0.02473738568196604,LNP-ALP,IND>GRN>OTH>ON,0.475262614318034,0.524737385681966,IND>GRN>OTH>ON,0.4622272262983233,0.5377727737016768,IND>GRN>OTH>LNP,LNP,LNP-ALP,0.024708727873410052,0.47529127212659006,Sparse federal evidence off,False,-0.002865780855604294
Albert Park,Southern Metro,ALP,ALP,LNP,0.5747145395589899,0.4252854604410102,0.07471453955898988,ALP-LNP,OTH>IND>ON>GRN,0.5747145395589899,0.4252854604410102,OTH>IND>ON>GRN,0.667600435054966,0.33239956494503403,OTH>IND>GRN>LNP,ALP,ALP-LNP,0.06663418172008395,0.566634181720084,Generic fallback pass-through,False,0.8080357838905927
Ashwood,Southern Metro,ALP,LNP,ALP,0.5108062106572074,0.4891937893427926,0.010806210657207438,LNP-ALP,OTH>IND>ON>GRN,0.4891937893427926,0.5108062106572074,OTH>IND>ON>GRN,0.618466895807891,0.3815331041921089,OTH>IND>GRN>LNP,LNP,LNP-ALP,0.015102013567555028,0.4848979864324449,Generic fallback pass-through,False,0.42958029103477013
Bass,Eastern Victoria,ALP,LNP,ON,0.577866944723326,0.42213305527667405,0.077866944723326,LNP-ON,OTH>IND>GRN>ALP,0.39585563299675747,0.6041443670032426,OTH>IND>GRN>ON,0.3736915324735947,0.6263084675264052,OTH>IND>GRN>LNP,LNP,LNP-ON,0.07859091445890387,0.36938713274582885,Generic fallback pass-through,False,2.6468500250928617
Bayswater,North-Eastern Metro,ALP,LNP,ALP,0.5351136489901116,0.4648863510098884,0.0351136489901116,LNP-ALP,IND>OTH>GRN>ON,0.4648863510098884,0.5351136489901116,IND>OTH>GRN>ON,0.5172370904166843,0.4827629095833157,IND>OTH>GRN>LNP,LNP,LNP-ALP,0.05558025582217585,0.4444197441778241,Generic fallback pass-through,False,2.0466606832064302
Bellarine,Western Victoria,ALP,ALP,LNP,0.5099209649854518,0.49007903501454825,0.009920964985451808,ALP-LNP,OTH>IND>GRN>ON,0.5099209649854518,0.49007903501454825,OTH>IND>GRN>ON,0.5127236201367033,0.48727637986329686,OTH>IND>GRN>LNP,LNP,LNP-ALP,0.006771760628528578,0.4932282393714715,Generic fallback pass-through,True,1.669272561398033
Benambra,Northern Victoria,LNP,LNP,IND,0.5438443302828234,0.45615566971717664,0.04384433028282342,LNP-IND,ALP>OTH>GRN>ON,0.2916339789298243,0.7083660210701758,OTH>GRN>ON>IND,0.3662197791875347,0.6337802208124653,OTH>GRN>LNP>IND,LNP,LNP-IND,0.06395056369694263,0.25938961219529955,Generic fallback pass-through,False,3.224436673452474
Bendigo East,Northern Victoria,ALP,ALP,LNP,0.5293576001318879,0.470642399868112,0.02935760013188793,ALP-LNP,OTH>IND>GRN>ON,0.5293576001318879,0.470642399868112,OTH>IND>GRN>ON,0.5416176747784855,0.4583823252215144,OTH>IND>GRN>LNP,ALP,ALP-LNP,0.00904846871773235,0.5090484687177323,Generic fallback pass-through,False,2.030913141415558
Bendigo West,Northern Victoria,ALP,ALP,ON,0.5443419055937412,0.4556580944062589,0.04434190559374118,ALP-ON,IND>OTH>GRN>LNP,0.5676101052453356,0.43238989475466444,IND>OTH>GRN>ON,0.5443419055937412,0.4556580944062589,IND>OTH>GRN>LNP,ALP,ALP-ON,0.04368676386594428,0.5465088266702205,Generic fallback pass-through,False,2.1101278575115123
Bentleigh,Southern Metro,ALP,ALP,LNP,0.5299008962721089,0.4700991037278912,0.0299008962721089,ALP-LNP,OTH>IND>GRN>ON,0.5299008962721089,0.4700991037278912,OTH>IND>GRN>ON,0.607089936991135,0.39291006300886494,OTH>IND>GRN>LNP,ALP,ALP-LNP,0.012172362761108224,0.5121723627611082,Generic fallback pass-through,False,1.7728533511000677
Berwick,South-Eastern Metro,LNP,LNP,ALP,0.6220844794089793,0.3779155205910207,0.12208447940897926,LNP-ALP,IND>OTH>GRN>ON,0.3779155205910207,0.6220844794089793,IND>OTH>GRN>ON,0.4001096665463318,0.5998903334536683,IND>OTH>GRN>LNP,LNP,LNP-ALP,0.143499141401075,0.356500858598925,Generic fallback pass-through,False,2.1414661992095683
Box Hill,North-Eastern Metro,ALP,ALP,LNP,0.5006863280809999,0.49931367191900017,0.0006863280809998873,ALP-LNP,IND>OTH>ON>GRN,0.5006863280809999,0.49931367191900017,IND>OTH>ON>GRN,0.6217706486014004,0.37822935139859953,IND>OTH>GRN>LNP,LNP,LNP-ALP,0.0036079132165027783,0.4963920867834973,Generic fallback pass-through,True,0.429424129750261
Brighton,Southern Metro,LNP,LNP,GRN,0.597428205736007,0.402571794263993,0.09742820573600697,LNP-GRN,OTH>ON>IND>ALP,0.40734497008922566,0.5926550299107743,OTH>ON>IND>GRN,0.6066068954971239,0.39339310450287607,OTH>IND>GRN>LNP,LNP,LNP-GRN,0.08900258552286511,0.40019537000892336,Generic fallback pass-through,False,0.7149600080302299
Broadmeadows,Northern Metro,ALP,ALP,ON,0.5731003016949092,0.42689969830509084,0.07310030169490922,ALP-ON,IND>GRN>OTH>LNP,0.631543529773521,0.3684564702264789,IND>GRN>OTH>ON,0.5731003016949092,0.42689969830509084,IND>GRN>OTH>LNP,ALP,ALP-ON,0.06447860261806027,0.6016611278416273,Generic fallback pass-through,False,2.988240193189373
Brunswick,Northern Metro,GRN,GRN,ALP,0.6675786142541419,0.33242138574585817,0.1675786142541419,GRN-ALP,IND>LNP>OTH>ON,0.7387192379895802,0.2612807620104199,IND>OTH>ON>GRN,0.7772248211735053,0.22277517882649467,IND>LNP>OTH>GRN,GRN,GRN-ALP,0.16122098478855595,0.7812680524127104,Generic fallback pass-through,False,-4.254881442313019
Bulleen,North-Eastern Metro,LNP,LNP,ALP,0.6277562668751793,0.3722437331248208,0.12775626687517927,LNP-ALP,OTH>IND>ON>GRN,0.3722437331248208,0.6277562668751793,OTH>IND>ON>GRN,0.5511683515089478,0.4488316484910523,OTH>IND>GRN>LNP,LNP,LNP-ALP,0.13244201563571323,0.36755798436428677,Generic fallback pass-through,False,0.4685748760534014
Bundoora,North-Eastern Metro,ALP,ALP,LNP,0.5704201623869793,0.4295798376130207,0.07042016238697935,ALP-LNP,IND>OTH>GRN>ON,0.5704201623869793,0.4295798376130207,IND>OTH>GRN>ON,0.5932038379605489,0.4067961620394512,IND>OTH>GRN>LNP,ALP,ALP-LNP,0.0480084539478679,0.5480084539478679,Generic fallback pass-through,False,2.2411708439111444
Carrum,South-Eastern Metro,ALP,ALP,LNP,0.5094173349139502,0.4905826650860497,0.009417334913950248,ALP-LNP,IND>OTH>GRN>ON,0.5094173349139502,0.4905826650860497,IND>OTH>GRN>ON,0.4817322074422944,0.5182677925577057,IND>OTH>GRN>LNP,LNP,LNP-ALP,0.014418377955608519,0.4855816220443916,Generic fallback pass-through,True,2.3835712869558656
Caulfield,Southern Metro,LNP,LNP,GRN,0.5873986266998463,0.4126013733001537,0.08739862669984633,LNP-GRN,OTH>IND>ON>ALP,0.4323377923055141,0.5676622076944858,OTH>IND>ON>GRN,0.6178202699645532,0.3821797300354468,OTH>IND>GRN>LNP,LNP,LNP-GRN,0.07688376236894212,0.4248858869463901,Generic fallback pass-through,False,0.7451905359123989
Clarinda,South-Eastern Metro,ALP,ALP,LNP,0.5581227098515166,0.44187729014848337,0.058122709851516574,ALP-LNP,OTH>GRN>IND>ON,0.5581227098515166,0.44187729014848337,OTH>GRN>IND>ON,0.5908183313653982,0.4091816686346019,OTH>GRN>IND>LNP,ALP,ALP-LNP,0.03916757549836791,0.5391675754983679,Generic fallback pass-through,False,1.8955134353148662
Cranbourne,South-Eastern Metro,ALP,ON,ALP,0.5056775954331706,0.4943224045668294,0.00567759543317059,ON-ALP,IND>GRN>OTH>LNP,0.5301540961457698,0.4698459038542303,IND>GRN>OTH>ON,0.4943224045668294,0.5056775954331706,IND>GRN>OTH>LNP,ON,ON-ALP,0.005305963062483099,0.5054022533907976,Generic fallback pass-through,False,2.475184275497222
Croydon,North-Eastern Metro,LNP,LNP,ALP,0.575292962624317,0.42470703737568305,0.07529296262431695,LNP-ALP,IND>OTH>GRN>ON,0.42470703737568305,0.575292962624317,IND>OTH>GRN>ON,0.49996580589898504,0.500034194101015,IND>OTH>GRN>LNP,LNP,LNP-ALP,0.09413836171125811,0.405861638288742,Generic fallback pass-through,False,1.884539908694105
Dandenong,South-Eastern Metro,ALP,ALP,ON,0.5990158573317932,0.4009841426682068,0.09901585733179319,ALP-ON,IND>GRN>OTH>LNP,0.6379700657889601,0.36202993421103996,IND>GRN>OTH>ON,0.5990158573317932,0.4009841426682068,IND>GRN>OTH>LNP,ALP,ALP-ON,0.09942799349777032,0.6175602466127724,Generic fallback pass-through,False,2.040981917618767
Eildon,Northern Victoria,LNP,LNP,ON,0.614235571731712,0.3857644282682881,0.11423557173171195,LNP-ON,IND>OTH>GRN>ALP,0.36278486010049166,0.6372151398995083,IND>OTH>GRN>ON,0.3606447254176729,0.6393552745823271,IND>OTH>GRN>LNP,LNP,LNP-ON,0.11430974690410167,0.33888950766761966,Generic fallback pass-through,False,2.3895352432871997
Eltham,North-Eastern Metro,ALP,ALP,LNP,0.5324900984651162,0.4675099015348838,0.03249009846511619,ALP-LNP,IND>OTH>GRN>ON,0.5324900984651162,0.4675099015348838,IND>OTH>GRN>ON,0.5797549429169534,0.42024505708304666,IND>OTH>GRN>LNP,ALP,ALP-LNP,0.014292470079394715,0.5142924700793947,Generic fallback pass-through,False,1.8197628385721476
Essendon,Northern Metro,ALP,ALP,LNP,0.5526159606755071,0.447384039324493,0.05261596067550711,ALP-LNP,IND>OTH>GRN>ON,0.5526159606755071,0.447384039324493,IND>OTH>GRN>ON,0.5716778844942906,0.42832211550570953,IND>OTH>GRN>LNP,ALP,ALP-LNP,0.028867992944237697,0.5288679929442377,Generic fallback pass-through,False,2.3747967731269415
Eureka,Western Victoria,ALP,ON,ALP,0.5742979250843316,0.4257020749156684,0.07429792508433164,ON-ALP,IND>OTH>GRN>LNP,0.48178002107350854,0.5182199789264915,IND>OTH>GRN>ON,0.4257020749156684,0.5742979250843316,IND>OTH>GRN>LNP,ON,ON-ALP,0.0749130097183579,0.45395064730849055,Generic fallback pass-through,False,2.782937376501798
Euroa,Northern Victoria,LNP,LNP,ON,0.6149336815952968,0.3850663184047032,0.11493368159529682,LNP-ON,IND>OTH>GRN>ALP,0.3165732751557621,0.6834267248442379,IND>OTH>GRN>ON,0.3306564759293502,0.6693435240706498,IND>OTH>GRN>LNP,LNP,LNP-ON,0.11464565523938697,0.2938038134531287,Generic fallback pass-through,False,2.2769461702633387
Evelyn,Eastern Victoria,LNP,LNP,ALP,0.6295236168322585,0.3704763831677415,0.12952361683225855,LNP-ALP,IND>OTH>GRN>ON,0.3704763831677415,0.6295236168322585,IND>OTH>GRN>ON,0.39818872897671376,0.6018112710232864,IND>OTH>GRN>LNP,LNP,LNP-ALP,0.14900604587146993,0.35099395412853013,Generic fallback pass-through,False,1.948242903921138
Footscray,Western Metro,ALP,ALP,GRN,0.5144752338964249,0.48552476610357514,0.01447523389642491,ALP-GRN,IND>OTH>LNP>ON,0.6768255879536738,0.3231744120463263,IND>OTH>ON>GRN,0.7574453021225709,0.24255469787742912,IND>OTH>LNP>GRN,ALP,ALP-GRN,0.02347907023663587,0.6931080572744553,Generic fallback pass-through,False,-1.628246932078159
Frankston,South-Eastern Metro,ALP,ALP,LNP,0.5316660379305269,0.4683339620694731,0.031666037930526914,ALP-LNP,IND>OTH>GRN>ON,0.5316660379305269,0.4683339620694731,IND>OTH>GRN>ON,0.5162645595251446,0.48373544047485534,IND>OTH>GRN>LNP,ALP,ALP-LNP,0.0061907970010247615,0.5061907970010248,Generic fallback pass-through,False,2.547524092950215
Geelong,Western Victoria,ALP,ON,ALP,0.5035772202278553,0.4964227797721447,0.0035772202278553378,ON-ALP,OTH>IND>GRN>LNP,0.5406278915037521,0.4593721084962478,OTH>IND>GRN>ON,0.4964227797721447,0.5035772202278553,OTH>IND>GRN>LNP,ON,ON-ALP,0.003977693155855944,0.5121305615927,Generic fallback pass-through,False,2.849732991105214
Gippsland East,Eastern Victoria,LNP,LNP,ON,0.6235645760418445,0.37643542395815566,0.12356457604184445,LNP-ON,IND>ALP>OTH>GRN,0.21672347131801092,0.7832765286819889,IND>OTH>GRN>ON,0.2316628386689068,0.7683371613310933,IND>OTH>GRN>LNP,LNP,LNP-ON,0.12038551045973078,0.19084642586774223,Generic fallback pass-through,False,2.58770454502687
Gippsland South,Eastern Victoria,LNP,LNP,ON,0.6098163329147032,0.3901836670852969,0.10981633291470316,LNP-ON,OTH>IND>GRN>ALP,0.2740944560851602,0.7259055439148399,OTH>IND>GRN>ON,0.27767040951998306,0.722329590480017,OTH>IND>GRN>LNP,LNP,LNP-ON,0.10973884026599956,0.24715485000488083,Generic fallback pass-through,False,2.693960608027937
Glen Waverley,North-Eastern Metro,ALP,LNP,ALP,0.5284939812589362,0.47150601874106385,0.028493981258936207,LNP-ALP,IND>OTH>GRN>ON,0.47150601874106385,0.5284939812589362,IND>OTH>GRN>ON,0.600433141740961,0.39956685825903904,IND>OTH>GRN>LNP,LNP,LNP-ALP,0.04188746909315044,0.4581125309068496,Generic fallback pass-through,False,1.3393487834214235
Greenvale,Northern Metro,ALP,ALP,LNP,0.5579815026643249,0.44201849733567516,0.05798150266432489,ALP-LNP,IND>GRN>ON>OTH,0.5579815026643249,0.44201849733567516,IND>GRN>ON>OTH,0.5589720103563419,0.441027989643658,IND>GRN>OTH>LNP,ALP,ALP-LNP,0.05262238013777931,0.5526223801377793,Generic fallback pass-through,False,0.5359122526545579
Hastings,Eastern Victoria,ALP,LNP,ALP,0.5716956147301413,0.42830438526985876,0.0716956147301413,LNP-ALP,IND>OTH>GRN>ON,0.42830438526985876,0.5716956147301413,IND>OTH>GRN>ON,0.4084981646932192,0.5915018353067808,IND>OTH>GRN>LNP,LNP,LNP-ALP,0.09612172437252997,0.40387827562747003,Generic fallback pass-through,False,2.442610964238873
Hawthorn,Southern Metro,LNP,LNP,IND,0.6006231279410545,0.3993768720589454,0.10062312794105455,LNP-IND,OTH>ON>ALP>GRN,0.46331294517941707,0.5366870548205829,OTH>ON>GRN>IND,0.6582683782866231,0.34173162171337684,OTH>GRN>IND>LNP,LNP,LNP-IND,0.07696461128487908,0.468956048335715,Generic fallback pass-through,False,-0.5643103156297957
Ivanhoe,North-Eastern Metro,ALP,ALP,LNP,0.5608656536866918,0.4391343463133082,0.060865653686691834,ALP-LNP,OTH>IND>ON>GRN,0.5608656536866918,0.4391343463133082,OTH>IND>ON>GRN,0.631707612453826,0.36829238754617405,OTH>IND>GRN>LNP,ALP,ALP-LNP,0.055228910530637054,0.555228910530637,Generic fallback pass-through,False,0.563674315605478
Kalkallo,Northern Metro,ALP,ALP,ON,0.5477473738871662,0.4522526261128338,0.04774737388716621,ALP-ON,IND>GRN>OTH>LNP,0.5928714981096267,0.40712850189037336,IND>GRN>OTH>ON,0.5477473738871662,0.4522526261128338,IND>GRN>OTH>LNP,ALP,ALP-ON,0.04780643878944457,0.5765731412684397,Generic fallback pass-through,False,1.6298356841186967
Kew,Southern Metro,LNP,LNP,IND,0.6215251382127146,0.37847486178728534,0.1215251382127146,LNP-IND,OTH>ON>ALP>GRN,0.42486002464483325,0.5751399753551667,OTH>ON>GRN>IND,0.640922353101904,0.3590776468980959,OTH>GRN>IND>LNP,LNP,LNP-IND,0.09723944554699626,0.4279654831966599,Generic fallback pass-through,False,-0.31054585518266453
Kororoit,Western Metro,ALP,ALP,ON,0.6124444763408536,0.3875555236591464,0.11244447634085364,ALP-ON,IND>GRN>LNP>OTH,0.602803004768265,0.3971969952317351,IND>GRN>ON>OTH,0.6124444763408536,0.3875555236591464,IND>GRN>LNP>OTH,ALP,ALP-ON,0.09198097928511695,0.5965191841775287,Generic fallback pass-through,False,0.6283820590736289
Lara,Western Victoria,ALP,ON,ALP,0.5227909326847212,0.4772090673152788,0.02279093268472121,ON-ALP,IND>OTH>GRN>LNP,0.5584476348564367,0.4415523651435633,IND>OTH>GRN>ON,0.4772090673152788,0.5227909326847212,IND>OTH>GRN>LNP,ON,ON-ALP,0.02413901764614168,0.5274916479533848,Generic fallback pass-through,False,3.09559869030519
Laverton,Western Metro,ALP,ALP,ON,0.6003683770196053,0.3996316229803947,0.10036837701960533,ALP-ON,IND>GRN>OTH>LNP,0.6331807665455618,0.36681923345443823,IND>GRN>OTH>ON,0.6003683770196053,0.3996316229803947,IND>GRN>OTH>LNP,ALP,ALP-ON,0.08944642148366455,0.6045664385937876,Generic fallback pass-through,False,2.861432795177421
Lowan,Western Victoria,LNP,LNP,ON,0.6480742847383217,0.3519257152616783,0.14807428473832174,LNP-ON,IND>OTH>ALP>GRN,0.22869364044979135,0.7713063595502085,IND>OTH>GRN>ON,0.25065984414854614,0.7493401558514539,IND>OTH>GRN>LNP,LNP,LNP-ON,0.1498563917077107,0.20611309204266096,Generic fallback pass-through,False,2.258054840713039
Macedon,Northern Victoria,ALP,ALP,LNP,0.5072426266597053,0.4927573733402946,0.00724262665970532,ALP-LNP,OTH>IND>GRN>ON,0.5072426266597053,0.4927573733402946,OTH>IND>GRN>ON,0.47250999458558085,0.5274900054144193,OTH>IND>GRN>LNP,LNP,LNP-ALP,0.016088115000675418,0.48391188499932464,Generic fallback pass-through,True,2.3330741660380685
Malvern,Southern Metro,LNP,LNP,GRN,0.6462978229177122,0.3537021770822879,0.1462978229177122,LNP-GRN,IND>OTH>ON>ALP,0.3692235309157246,0.6307764690842755,IND>OTH>ON>GRN,0.6045594141382225,0.3954405858617776,IND>OTH>GRN>LNP,LNP,LNP-GRN,0.1359534942591737,0.36402259055097586,Generic fallback pass-through,False,0.5200940364748718
Melbourne,Northern Metro,GRN,GRN,ALP,0.6472883435543649,0.35271165644563507,0.14728834355436493,GRN-ALP,IND>OTH>LNP>ON,0.6732025871485416,0.3267974128514583,IND>OTH>ON>GRN,0.7709689531056663,0.22903104689433373,IND>OTH>LNP>GRN,GRN,GRN-ALP,0.13945163298801133,0.7088886841849269,Generic fallback pass-through,False,-3.5686097036385256
Melton,Western Victoria,ALP,ON,IND,0.5571229358252523,0.44287706417474765,0.0571229358252523,ON-IND,GRN>OTH>LNP>ALP,0.44464502510598203,0.5553549748940181,GRN>OTH>IND>ON,0.46382507666575046,0.5361749233342495,GRN>OTH>LNP>IND,ON,ON-IND,0.04450895891021578,0.4198558388585376,Generic fallback pass-through,False,2.4789186247444417
Mildura,Northern Victoria,LNP,LNP,IND,0.5040400877927352,0.4959599122072648,0.004040087792735236,LNP-IND,ALP>OTH>GRN>ON,0.30349157685774103,0.696508423142259,OTH>GRN>ON>IND,0.3746321576595621,0.625367842340438,OTH>GRN>LNP>IND,LNP,LNP-IND,0.02589946051600156,0.2657951524222583,Generic fallback pass-through,False,3.769642443548271
Mill Park,North-Eastern Metro,ALP,ALP,ON,0.5462295569442017,0.45377044305579833,0.04622955694420172,ALP-ON,IND>GRN>OTH>LNP,0.5794215216378477,0.4205784783621524,IND>GRN>OTH>ON,0.5462295569442017,0.45377044305579833,IND>GRN>OTH>LNP,ALP,ALP-ON,0.04652163591394787,0.5567730883143781,Generic fallback pass-through,False,2.2648433323469552
Monbulk,Eastern Victoria,ALP,LNP,ALP,0.512477686458198,0.4875223135418021,0.012477686458198023,LNP-ALP,OTH>IND>GRN>ON,0.4875223135418021,0.512477686458198,OTH>IND>GRN>ON,0.4567893427276972,0.5432106572723029,OTH>IND>GRN>LNP,LNP,LNP-ALP,0.03539496663493036,0.4646050333650697,Generic fallback pass-through,False,2.291728017673239
Mordialloc,South-Eastern Metro,ALP,ALP,LNP,0.527721940733005,0.4722780592669949,0.027721940733005046,ALP-LNP,OTH>IND>GRN>ON,0.527721940733005,0.4722780592669949,OTH>IND>GRN>ON,0.5775228416332326,0.4224771583667673,OTH>IND>GRN>LNP,ALP,ALP-LNP,0.006915398861718214,0.5069153988617182,Generic fallback pass-through,False,2.080654187128683
Mornington,Eastern Victoria,LNP,LNP,IND,0.5896134342511418,0.4103865657488582,0.08961343425114177,LNP-IND,OTH>GRN>ALP>ON,0.3347437139709073,0.6652562860290927,OTH>GRN>ON>IND,0.36684005847269896,0.6331599415273012,OTH>GRN>IND>LNP,LNP,LNP-IND,0.10141600155343677,0.31724756526680886,Generic fallback pass-through,False,1.7496148704098435
Morwell,Eastern Victoria,LNP,LNP,ON,0.5077434875479102,0.49225651245208973,0.0077434875479102105,LNP-ON,GRN>OTH>IND>ALP,0.41691944200970044,0.5830805579902996,GRN>OTH>IND>ON,0.36061019245695825,0.6393898075430418,GRN>OTH>IND>LNP,LNP,LNP-ON,0.005727066468185438,0.3713167708165247,Generic fallback pass-through,False,4.560267119317574
Mulgrave,South-Eastern Metro,ALP,ALP,IND,0.6023271222343661,0.3976728777656338,0.10232712223436613,ALP-IND,OTH>GRN>LNP>ON,0.6304765352021456,0.3695234647978543,OTH>GRN>ON>IND,0.6930471774640544,0.30695282253594564,OTH>GRN>LNP>IND,ALP,ALP-IND,0.10055218868801219,0.6073149596352846,Generic fallback pass-through,False,2.316157556686105
Murray Plains,Northern Victoria,LNP,LNP,ON,0.6175347779331026,0.3824652220668975,0.11753477793310263,LNP-ON,IND>ALP>GRN>OTH,0.19900697679352394,0.8009930232064761,IND>GRN>OTH>ON,0.2082079826571199,0.7917920173428802,IND>GRN>OTH>LNP,LNP,LNP-ON,0.11539404696830047,0.1735273781559351,Generic fallback pass-through,False,2.5479598637588836
Narracan,Eastern Victoria,LNP,LNP,ON,0.6389789799299898,0.36102102007001036,0.13897897992998975,LNP-ON,OTH>IND>ALP>GRN,0.3774916609469732,0.6225083390530268,OTH>IND>GRN>ON,0.37838480360295035,0.6216151963970497,OTH>IND>GRN>LNP,LNP,LNP-ON,0.14535568510793861,0.36305273343468386,Generic fallback pass-through,False,1.4438927512289312
Narre Warren North,South-Eastern Metro,ALP,ALP,ON,0.5135024276736992,0.4864975723263007,0.013502427673699247,ALP-ON,IND>GRN>OTH>LNP,0.5398353593741868,0.4601646406258132,IND>GRN>OTH>ON,0.5135024276736992,0.4864975723263007,IND>GRN>OTH>LNP,ALP,ALP-ON,0.013546949763304061,0.5150361227277542,Generic fallback pass-through,False,2.4799236646432576
Narre Warren South,South-Eastern Metro,ALP,ALP,ON,0.520854586700016,0.4791454132999839,0.020854586700016053,ALP-ON,IND>GRN>OTH>LNP,0.5370643637081222,0.4629356362918778,IND>GRN>OTH>ON,0.520854586700016,0.4791454132999839,IND>GRN>OTH>LNP,ALP,ALP-ON,0.021086295670180832,0.5135354026617018,Generic fallback pass-through,False,2.3528961046420327
Nepean,Eastern Victoria,LNP,LNP,ALP,0.6362330730187189,0.3637669269812811,0.1362330730187189,LNP-ALP,OTH>IND>GRN>ON,0.3637669269812811,0.6362330730187189,OTH>IND>GRN>ON,0.39228716314467027,0.6077128368553297,OTH>IND>GRN>LNP,LNP,LNP-ALP,0.1564602903062553,0.3435397096937447,Generic fallback pass-through,False,2.0227217287536403
Niddrie,Western Metro,ALP,ALP,LNP,0.5095043252519401,0.4904956747480599,0.009504325251940116,ALP-LNP,IND>OTH>GRN>ON,0.5095043252519401,0.4904956747480599,IND>OTH>GRN>ON,0.5343071297149014,0.4656928702850987,IND>OTH>GRN>LNP,LNP,LNP-ALP,0.016994037504608817,0.48300596249539124,Generic fallback pass-through,True,2.649836275654888
Northcote,Northern Metro,ALP,GRN,ALP,0.5563859818611036,0.44361401813889645,0.05638598186110355,GRN-ALP,IND>LNP>OTH>ON,0.7205184825906931,0.27948151740930693,IND>OTH>ON>GRN,0.7425810453131804,0.25741895468681963,IND>LNP>OTH>GRN,GRN,GRN-ALP,0.04748032080594611,0.7477727158439831,Generic fallback pass-through,False,-2.7254233253290017
Oakleigh,Southern Metro,ALP,ALP,LNP,0.5762213692655284,0.4237786307344716,0.07622136926552836,ALP-LNP,OTH>IND>GRN>ON,0.5762213692655284,0.4237786307344716,OTH>IND>GRN>ON,0.6159798421536536,0.3840201578463463,OTH>IND>GRN>LNP,ALP,ALP-LNP,0.05671095902124246,0.5567109590212425,Generic fallback pass-through,False,1.9510410244285903
Ovens Valley,Northern Victoria,LNP,LNP,ON,0.6136997595617574,0.38630024043824274,0.11369975956175737,LNP-ON,IND>ALP>GRN>OTH,0.29048127343685903,0.709518726563141,IND>GRN>OTH>ON,0.27663362446659323,0.7233663755334069,IND>GRN>OTH>LNP,LNP,LNP-ON,0.11053697713571964,0.26342565918987837,Generic fallback pass-through,False,2.7055614246980664
Pakenham,Eastern Victoria,ALP,LNP,ON,0.5428934232604223,0.45710657673957766,0.042893423260422336,LNP-ON,GRN>IND>OTH>ALP,0.4368879846149025,0.5631120153850975,GRN>IND>OTH>ON,0.3952525095388844,0.6047474904611155,GRN>IND>OTH>LNP,LNP,LNP-ON,0.0387745470747104,0.4056826021105407,Generic fallback pass-through,False,3.1205382504361836
Pascoe Vale,Northern Metro,ALP,GRN,ALP,0.5032166318271651,0.49678336817283486,0.0032166318271651395,GRN-ALP,OTH>IND>LNP>ON,0.612743129792931,0.387256870207069,OTH>IND>ON>GRN,0.6750627302545099,0.3249372697454901,OTH>IND>LNP>GRN,ALP,ALP-GRN,0.008142817766049748,0.6292559157862876,Generic fallback pass-through,True,-1.6512785993356593
Point Cook,Western Metro,ALP,ALP,ON,0.5262299683320513,0.47377003166794884,0.026229968332051268,ALP-ON,GRN>OTH>IND>LNP,0.570872055552721,0.4291279444472791,GRN>OTH>IND>ON,0.5262299683320513,0.47377003166794884,GRN>OTH>IND>LNP,ALP,ALP-ON,0.013954921181138169,0.5328170380506575,Generic fallback pass-through,False,3.8055017502063526
Polwarth,Western Victoria,LNP,LNP,GRN,0.6394935328762195,0.36050646712378054,0.13949353287621946,LNP-GRN,IND>OTH>ALP>ON,0.3964249493478118,0.6035750506521882,IND>OTH>GRN>ON,0.4071498606948069,0.5928501393051931,IND>OTH>GRN>LNP,LNP,LNP-GRN,0.1496080441066312,0.3783204282414085,Generic fallback pass-through,False,1.8104521106403315
Prahran,Southern Metro,GRN,GRN,LNP,0.5807890965621889,0.4192109034378111,0.08078909656218891,GRN-LNP,IND>OTH>ON>ALP,0.5452460588918238,0.45475394110817624,IND>OTH>ON>GRN,0.7132680857503108,0.28673191424968925,IND>OTH>LNP>GRN,GRN,GRN-LNP,0.07285013052656286,0.5766792299759903,Generic fallback pass-through,False,-3.1433171084166545
Preston,Northern Metro,ALP,ALP,ON,0.620987625983157,0.379012374016843,0.12098762598315704,ALP-ON,OTH>LNP>IND>GRN,0.635328954549642,0.36467104545035806,OTH>IND>GRN>ON,0.620987625983157,0.379012374016843,OTH>LNP>IND>GRN,ALP,ALP-ON,0.12447459461622079,0.6119746053249453,Generic fallback pass-through,False,2.33543492246967
Richmond,Northern Metro,GRN,GRN,ALP,0.6006738993372682,0.39932610066273183,0.10067389933726822,GRN-ALP,IND>LNP>OTH>ON,0.709253007448095,0.29074699255190506,IND>OTH>ON>GRN,0.7723395092860151,0.22766049071398492,IND>LNP>OTH>GRN,GRN,GRN-ALP,0.0942431243056353,0.7429158829359531,Generic fallback pass-through,False,-3.366287548785807
Ringwood,North-Eastern Metro,ALP,LNP,ALP,0.5016088656138658,0.49839113438613425,0.0016088656138657509,LNP-ALP,IND>OTH>ON>GRN,0.49839113438613425,0.5016088656138658,IND>OTH>ON>GRN,0.5742884689174833,0.42571153108251664,IND>OTH>GRN>LNP,LNP,LNP-ALP,0.006817164439438028,0.49318283556056197,Generic fallback pass-through,False,0.5208298825572277
Ripon,Western Victoria,ALP,ON,ALP,0.6049725459377329,0.3950274540622672,0.10497254593773286,ON-ALP,IND>GRN>OTH>LNP,0.44903847296280447,0.5509615270371956,IND>GRN>OTH>ON,0.3950274540622672,0.6049725459377329,IND>GRN>OTH>LNP,ON,ON-ALP,0.10513600579053306,0.4251129453226832,Generic fallback pass-through,False,2.3925527640121294
Rowville,South-Eastern Metro,LNP,LNP,ALP,0.5899256272071359,0.4100743727928642,0.08992562720713593,LNP-ALP,OTH>GRN>IND>ON,0.4100743727928642,0.5899256272071359,OTH>GRN>IND>ON,0.5017010544146523,0.49829894558534776,OTH>GRN>IND>LNP,LNP,LNP-ALP,0.10418578563759529,0.39581421436240477,Generic fallback pass-through,False,1.4260158430459413
Sandringham,Southern Metro,LNP,LNP,GRN,0.6353023991873009,0.36469760081269914,0.13530239918730091,LNP-GRN,OTH>IND>ON>ALP,0.38500103812629227,0.6149989618737078,OTH>IND>ON>GRN,0.5295522726451487,0.47044772735485124,OTH>IND>GRN>LNP,LNP,LNP-GRN,0.12424210022162896,0.3791408372798301,Generic fallback pass-through,False,0.586020084646216
Shepparton,Northern Victoria,LNP,LNP,IND,0.5574581852889523,0.44254181471104764,0.0574581852889523,LNP-IND,ALP>OTH>GRN>ON,0.2858370280013587,0.7141629719986413,OTH>GRN>ON>IND,0.45789073871650676,0.5421092612834932,OTH>GRN>LNP>IND,LNP,LNP-IND,0.07999584918334712,0.2503166108848676,Generic fallback pass-through,False,3.5520417116491068
South Barwon,Western Victoria,ALP,LNP,ALP,0.5079528623912016,0.4920471376087984,0.007952862391201632,LNP-ALP,IND>OTH>GRN>ON,0.4920471376087984,0.5079528623912016,IND>OTH>GRN>ON,0.504476003907756,0.495523996092244,IND>OTH>GRN>LNP,LNP,LNP-ALP,0.02825755907818528,0.4717424409218147,Generic fallback pass-through,False,2.0304696686983705
South-West Coast,Western Victoria,LNP,LNP,IND,0.5548506570619066,0.44514934293809344,0.054850657061906616,LNP-IND,OTH>GRN>ALP>ON,0.3650664742145365,0.6349335257854635,OTH>GRN>ON>IND,0.34720566716020357,0.6527943328397965,OTH>GRN>IND>LNP,LNP,LNP-IND,0.06948213549349225,0.35817345450533017,Generic fallback pass-through,False,0.6893019709206305
St Albans,Western Metro,ALP,ALP,ON,0.5671813560523337,0.43281864394766634,0.06718135605233366,ALP-ON,IND>GRN>OTH>LNP,0.5800133737217773,0.4199866262782227,IND>GRN>OTH>ON,0.5671813560523337,0.43281864394766634,IND>GRN>OTH>LNP,ALP,ALP-ON,0.06061525861205408,0.5530479300956488,Generic fallback pass-through,False,2.6965443626128516
Sunbury,Western Metro,ALP,ON,ALP,0.5584681049159393,0.4415318950840606,0.058468104915939345,ON-ALP,IND>OTH>GRN>LNP,0.48235920845380814,0.5176407915461918,IND>OTH>GRN>ON,0.4415318950840606,0.5584681049159393,IND>OTH>GRN>LNP,ON,ON-ALP,0.05917497979675179,0.4557305461150699,Generic fallback pass-through,False,2.6628662338738227
Sydenham,Western Metro,ALP,ALP,ON,0.5182995241406653,0.48170047585933473,0.01829952414066527,ALP-ON,IND>GRN>OTH>LNP,0.5462558970782592,0.45374410292174083,IND>GRN>OTH>ON,0.5182995241406653,0.48170047585933473,IND>GRN>OTH>LNP,ALP,ALP-ON,0.01853777996989081,0.5240483738233647,Generic fallback pass-through,False,2.22075232548945
Tarneit,Western Metro,ALP,ALP,ON,0.560006232724232,0.43999376727576806,0.060006232724232,ALP-ON,IND>GRN>OTH>LNP,0.5915761829906614,0.4084238170093387,IND>GRN>OTH>ON,0.560006232724232,0.43999376727576806,IND>GRN>OTH>LNP,ALP,ALP-ON,0.05510669854710559,0.5648048839691469,Generic fallback pass-through,False,2.677129902151454
Thomastown,Northern Metro,ALP,ALP,ON,0.5779077683327594,0.42209223166724064,0.07790776833275936,ALP-ON,IND>GRN>OTH>LNP,0.6293354768094815,0.37066452319051846,IND>GRN>OTH>ON,0.5779077683327594,0.42209223166724064,IND>GRN>OTH>LNP,ALP,ALP-ON,0.07901117261318291,0.6090754235329631,Generic fallback pass-through,False,2.0260053276518475
Warrandyte,North-Eastern Metro,LNP,LNP,ALP,0.6078473505727481,0.392152649427252,0.10784735057274808,LNP-ALP,IND>OTH>GRN>ON,0.392152649427252,0.6078473505727481,IND>OTH>GRN>ON,0.5085629712414704,0.49143702875852957,IND>OTH>GRN>LNP,LNP,LNP-ALP,0.12320322549423934,0.3767967745057606,Generic fallback pass-through,False,1.5355874921491375
Wendouree,Western Victoria,ALP,ALP,LNP,0.5199430675983685,0.48005693240163155,0.019943067598368502,ALP-LNP,IND>OTH>GRN>ON,0.5199430675983685,0.48005693240163155,IND>OTH>GRN>ON,0.5078209935205505,0.49217900647944957,IND>OTH>GRN>LNP,LNP,LNP-ALP,0.004116323590148463,0.49588367640985154,Generic fallback pass-through,True,2.4059391188516965
Werribee,Western Metro,ALP,ON,ALP,0.5306892118816566,0.4693107881183434,0.03068921188165663,ON-ALP,GRN>OTH>IND>LNP,0.5374862997230756,0.46251370027692446,GRN>OTH>IND>ON,0.4693107881183434,0.5306892118816566,GRN>OTH>IND>LNP,ON,ON-ALP,0.03719207067302477,0.5057048914300766,Generic fallback pass-through,False,3.1781408292999025
Williamstown,Western Metro,ALP,ALP,LNP,0.6101142509975367,0.3898857490024633,0.11011425099753669,ALP-LNP,IND>OTH>GRN>ON,0.6101142509975367,0.3898857490024633,IND>OTH>GRN>ON,0.6341335513554687,0.36586644864453133,IND>OTH>GRN>LNP,ALP,ALP-LNP,0.08305066652329474,0.5830506665232947,Generic fallback pass-through,False,2.7063584474241953
Yan Yean,Northern Victoria,ALP,LNP,ALP,0.5068007963196065,0.4931992036803936,0.006800796319606506,LNP-ALP,IND>GRN>OTH>ON,0.4931992036803936,0.5068007963196065,IND>GRN>OTH>ON,0.4617481446962742,0.5382518553037259,IND>GRN>OTH>LNP,LNP,LNP-ALP,0.024708727873410052,0.47529127212659006,Generic fallback pass-through,False,1.7907931553803547
Albert Park,Southern Metro,ALP,ALP,LNP,0.5757171548197969,0.42428284518020315,0.0757171548197969,ALP-LNP,OTH>IND>ON>GRN,0.5757171548197969,0.42428284518020315,OTH>IND>ON>GRN,0.6718680021793378,0.32813199782066227,OTH>IND>GRN>LNP,ALP,ALP-LNP,0.06663418172008395,0.566634181720084,Pass-through + sparse evidence off,False,0.9082973099712954
Ashwood,Southern Metro,ALP,LNP,ALP,0.5103198453565053,0.48968015464349474,0.01031984535650532,LNP-ALP,OTH>IND>ON>GRN,0.48968015464349474,0.5103198453565053,OTH>IND>ON>GRN,0.6199044402455748,0.38009555975442516,OTH>IND>GRN>LNP,LNP,LNP-ALP,0.015102013567555028,0.4848979864324449,Pass-through + sparse evidence off,False,0.478216821104982
Bass,Eastern Victoria,ALP,LNP,ON,0.5780393852457866,0.4219606147542135,0.07803938524578657,LNP-ON,OTH>IND>GRN>ALP,0.39716783998992394,0.602832160010076,OTH>IND>GRN>ON,0.37286827441310666,0.6271317255868933,OTH>IND>GRN>LNP,LNP,LNP-ON,0.07859091445890387,0.36938713274582885,Pass-through + sparse evidence off,False,2.7780707244095093
Bayswater,North-Eastern Metro,ALP,LNP,ALP,0.5309616897301995,0.46903831026980053,0.030961689730199526,LNP-ALP,IND>OTH>GRN>ON,0.46903831026980053,0.5309616897301995,IND>OTH>GRN>ON,0.5175029143508065,0.48249708564919347,IND>OTH>GRN>LNP,LNP,LNP-ALP,0.05558025582217585,0.4444197441778241,Pass-through + sparse evidence off,False,2.4618566091976435
Bellarine,Western Victoria,ALP,ALP,LNP,0.5119813681946147,0.4880186318053854,0.011981368194614705,ALP-LNP,OTH>IND>GRN>ON,0.5119813681946147,0.4880186318053854,OTH>IND>GRN>ON,0.5120459200905269,0.48795407990947326,OTH>IND>GRN>LNP,LNP,LNP-ALP,0.006771760628528578,0.4932282393714715,Pass-through + sparse evidence off,True,1.8753128823143228
Benambra,Northern Victoria,LNP,LNP,IND,0.5438443302828234,0.45615566971717664,0.04384433028282342,LNP-IND,ALP>OTH>GRN>ON,0.29197024035482916,0.7080297596451709,OTH>GRN>ON>IND,0.3662197791875347,0.6337802208124653,OTH>GRN>LNP>IND,LNP,LNP-IND,0.06395056369694263,0.25938961219529955,Pass-through + sparse evidence off,False,3.258062815952961
Bendigo East,Northern Victoria,ALP,ALP,LNP,0.531972156087105,0.468027843912895,0.03197215608710502,ALP-LNP,OTH>IND>GRN>ON,0.531972156087105,0.468027843912895,OTH>IND>GRN>ON,0.5409671870360603,0.4590328129639397,OTH>IND>GRN>LNP,ALP,ALP-LNP,0.00904846871773235,0.5090484687177323,Pass-through + sparse evidence off,False,2.292368736937267
Bendigo West,Northern Victoria,ALP,ALP,ON,0.5442763688183556,0.45572363118164433,0.044276368818355616,ALP-ON,IND>OTH>GRN>LNP,0.5713114729322973,0.42868852706770266,IND>OTH>GRN>ON,0.5442763688183556,0.45572363118164433,IND>OTH>GRN>LNP,ALP,ALP-ON,0.04368676386594428,0.5465088266702205,Pass-through + sparse evidence off,False,2.4802646262076844
Bentleigh,Southern Metro,ALP,ALP,LNP,0.5348775266585545,0.46512247334144563,0.03487752665855448,ALP-LNP,OTH>IND>GRN>ON,0.5348775266585545,0.46512247334144563,OTH>IND>GRN>ON,0.6079104621403111,0.39208953785968886,OTH>IND>GRN>LNP,ALP,ALP-LNP,0.012172362761108224,0.5121723627611082,Pass-through + sparse evidence off,False,2.2705163897446257
Berwick,South-Eastern Metro,LNP,LNP,ALP,0.6210363865096868,0.3789636134903132,0.12103638650968684,LNP-ALP,IND>OTH>GRN>ON,0.3789636134903132,0.6210363865096868,IND>OTH>GRN>ON,0.39830029140054524,0.6016997085994548,IND>OTH>GRN>LNP,LNP,LNP-ALP,0.143499141401075,0.356500858598925,Pass-through + sparse evidence off,False,2.2462754891388217
Box Hill,North-Eastern Metro,ALP,ALP,LNP,0.5011245272779561,0.49887547272204386,0.0011245272779560889,ALP-LNP,IND>OTH>ON>GRN,0.5011245272779561,0.49887547272204386,IND>OTH>ON>GRN,0.6230266766767382,0.3769733233232618,IND>OTH>GRN>LNP,LNP,LNP-ALP,0.0036079132165027783,0.4963920867834973,Pass-through + sparse evidence off,True,0.47324404944588117
Brighton,Southern Metro,LNP,LNP,GRN,0.597428205736007,0.402571794263993,0.09742820573600697,LNP-GRN,OTH>ON>IND>ALP,0.4079879174013535,0.5920120825986466,OTH>ON>IND>GRN,0.6091326679128771,0.3908673320871228,OTH>IND>GRN>LNP,LNP,LNP-GRN,0.08900258552286511,0.40019537000892336,Pass-through + sparse evidence off,False,0.7792547392430127
Broadmeadows,Northern Metro,ALP,ALP,ON,0.5731249310122609,0.426875068987739,0.07312493101226092,ALP-ON,IND>GRN>OTH>LNP,0.6357514152801788,0.3642485847198213,IND>GRN>OTH>ON,0.5731249310122609,0.426875068987739,IND>GRN>OTH>LNP,ALP,ALP-ON,0.06447860261806027,0.6016611278416273,Pass-through + sparse evidence off,False,3.409028743855147
Brunswick,Northern Metro,GRN,GRN,ALP,0.6675786142541419,0.33242138574585817,0.1675786142541419,GRN-ALP,IND>LNP>OTH>ON,0.7396132715152031,0.260386728484797,IND>OTH>ON>GRN,0.7772248211735053,0.22277517882649467,IND>LNP>OTH>GRN,GRN,GRN-ALP,0.16122098478855595,0.7812680524127104,Pass-through + sparse evidence off,False,-4.16547808975073
Bulleen,North-Eastern Metro,LNP,LNP,ALP,0.6272572027896309,0.3727427972103691,0.12725720278963093,LNP-ALP,OTH>IND>ON>GRN,0.3727427972103691,0.6272572027896309,OTH>IND>ON>GRN,0.5512136219135674,0.44878637808643274,OTH>IND>GRN>LNP,LNP,LNP-ALP,0.13244201563571323,0.36755798436428677,Pass-through + sparse evidence off,False,0.5184812846082354
Bundoora,North-Eastern Metro,ALP,ALP,LNP,0.575476452404424,0.4245235475955759,0.07547645240442402,ALP-LNP,IND>OTH>GRN>ON,0.575476452404424,0.4245235475955759,IND>OTH>GRN>ON,0.5934920529009556,0.40650794709904436,IND>OTH>GRN>LNP,ALP,ALP-LNP,0.0480084539478679,0.5480084539478679,Pass-through + sparse evidence off,False,2.746799845655612
Carrum,South-Eastern Metro,ALP,ALP,LNP,0.5106703992737904,0.4893296007262096,0.010670399273790432,ALP-LNP,IND>OTH>GRN>ON,0.5106703992737904,0.4893296007262096,IND>OTH>GRN>ON,0.4801273257425465,0.5198726742574534,IND>OTH>GRN>LNP,LNP,LNP-ALP,0.014418377955608519,0.4855816220443916,Pass-through + sparse evidence off,True,2.508877722939884
Caulfield,Southern Metro,LNP,LNP,GRN,0.5873986266998463,0.4126013733001537,0.08739862669984633,LNP-GRN,OTH>IND>ON>ALP,0.43319875909975425,0.5668012409002458,OTH>IND>ON>GRN,0.6212448715269917,0.3787551284730083,OTH>IND>GRN>LNP,LNP,LNP-GRN,0.07688376236894212,0.4248858869463901,Pass-through + sparse evidence off,False,0.8312872153364126
Clarinda,South-Eastern Metro,ALP,ALP,LNP,0.5625641442005089,0.4374358557994912,0.06256414420050893,ALP-LNP,OTH>GRN>IND>ON,0.5625641442005089,0.4374358557994912,OTH>GRN>IND>ON,0.5909133912392286,0.40908660876077135,OTH>GRN>IND>LNP,ALP,ALP-LNP,0.03916757549836791,0.5391675754983679,Pass-through + sparse evidence off,False,2.339656870214102
Cranbourne,South-Eastern Metro,ALP,ON,ALP,0.5055857844270681,0.4944142155729319,0.005585784427068141,ON-ALP,IND>GRN>OTH>LNP,0.536060365233282,0.463939634766718,IND>GRN>OTH>ON,0.4944142155729319,0.5055857844270681,IND>GRN>OTH>LNP,ON,ON-ALP,0.005305963062483099,0.5054022533907976,Pass-through + sparse evidence off,False,3.065811184248446
Croydon,North-Eastern Metro,LNP,LNP,ALP,0.5707914255678365,0.42920857443216365,0.07079142556783646,LNP-ALP,IND>OTH>GRN>ON,0.42920857443216365,0.5707914255678365,IND>OTH>GRN>ON,0.5004792895647042,0.49952071043529583,IND>OTH>GRN>LNP,LNP,LNP-ALP,0.09413836171125811,0.405861638288742,Pass-through + sparse evidence off,False,2.334693614342165
Dandenong,South-Eastern Metro,ALP,ALP,ON,0.5991307515997409,0.400869248400259,0.09913075159974094,ALP-ON,IND>GRN>OTH>LNP,0.6429960655059872,0.35700393449401285,IND>GRN>OTH>ON,0.5991307515997409,0.400869248400259,IND>GRN>OTH>LNP,ALP,ALP-ON,0.09942799349777032,0.6175602466127724,Pass-through + sparse evidence off,False,2.543581889321478
Eildon,Northern Victoria,LNP,LNP,ON,0.6138951882300697,0.38610481176993033,0.11389518823006972,LNP-ON,IND>OTH>GRN>ALP,0.3652920606128918,0.6347079393871082,IND>OTH>GRN>ON,0.3607910785767487,0.6392089214232513,IND>OTH>GRN>LNP,LNP,LNP-ON,0.11430974690410167,0.33888950766761966,Pass-through + sparse evidence off,False,2.640255294527216
Eltham,North-Eastern Metro,ALP,ALP,LNP,0.5388135363049578,0.4611864636950423,0.03881353630495776,ALP-LNP,IND>OTH>GRN>ON,0.5388135363049578,0.4611864636950423,IND>OTH>GRN>ON,0.581290254505864,0.418709745494136,IND>OTH>GRN>LNP,ALP,ALP-LNP,0.014292470079394715,0.5142924700793947,Pass-through + sparse evidence off,False,2.452106622556305
Essendon,Northern Metro,ALP,ALP,LNP,0.5591975404641124,0.4408024595358877,0.05919754046411241,ALP-LNP,IND>OTH>GRN>ON,0.5591975404641124,0.4408024595358877,IND>OTH>GRN>ON,0.5728799406114852,0.4271200593885149,IND>OTH>GRN>LNP,ALP,ALP-LNP,0.028867992944237697,0.5288679929442377,Pass-through + sparse evidence off,False,3.032954751987471
Eureka,Western Victoria,ALP,ON,ALP,0.5743345699801762,0.4256654300198239,0.07433456998017618,ON-ALP,IND>OTH>GRN>LNP,0.48430459398316056,0.5156954060168395,IND>OTH>GRN>ON,0.4256654300198239,0.5743345699801762,IND>OTH>GRN>LNP,ON,ON-ALP,0.0749130097183579,0.45395064730849055,Pass-through + sparse evidence off,False,3.035394667467001
Euroa,Northern Victoria,LNP,LNP,ON,0.6145523531797006,0.38544764682029947,0.11455235317970058,LNP-ON,IND>OTH>GRN>ALP,0.3194569803325649,0.6805430196674351,IND>OTH>GRN>ON,0.3308387142767128,0.6691612857232873,IND>OTH>GRN>LNP,LNP,LNP-ON,0.11464565523938697,0.2938038134531287,Pass-through + sparse evidence off,False,2.5653166879436196
Evelyn,Eastern Victoria,LNP,LNP,ALP,0.6276367524793836,0.37236324752061656,0.12763675247938355,LNP-ALP,IND>OTH>GRN>ON,0.37236324752061656,0.6276367524793836,IND>OTH>GRN>ON,0.3971718276131572,0.6028281723868428,IND>OTH>GRN>LNP,LNP,LNP-ALP,0.14900604587146993,0.35099395412853013,Pass-through + sparse evidence off,False,2.136929339208643
Footscray,Western Metro,ALP,ALP,GRN,0.5144752338964249,0.48552476610357514,0.01447523389642491,ALP-GRN,IND>OTH>LNP>ON,0.6779746915073841,0.32202530849261585,IND>OTH>ON>GRN,0.7574453021225709,0.24255469787742912,IND>OTH>LNP>GRN,ALP,ALP-GRN,0.02347907023663587,0.6931080572744553,Pass-through + sparse evidence off,False,-1.513336576707125
Frankston,South-Eastern Metro,ALP,ALP,LNP,0.5377186446594782,0.4622813553405218,0.03771864465947816,ALP-LNP,IND>OTH>GRN>ON,0.5377186446594782,0.4622813553405218,IND>OTH>GRN>ON,0.5170107862450339,0.48298921375496606,IND>OTH>GRN>LNP,ALP,ALP-LNP,0.0061907970010247615,0.5061907970010248,Pass-through + sparse evidence off,False,3.15278476584534
Geelong,Western Victoria,ALP,ON,ALP,0.503891437100602,0.4961085628993979,0.0038914371006020243,ON-ALP,OTH>IND>GRN>LNP,0.5449521350002324,0.4550478649997677,OTH>IND>GRN>ON,0.4961085628993979,0.503891437100602,OTH>IND>GRN>LNP,ON,ON-ALP,0.003977693155855944,0.5121305615927,Pass-through + sparse evidence off,False,3.2821573407532445
Gippsland East,Eastern Victoria,LNP,LNP,ON,0.6235645760418445,0.37643542395815566,0.12356457604184445,LNP-ON,IND>ALP>OTH>GRN,0.22003607682370624,0.7799639231762937,IND>OTH>GRN>ON,0.2319901680692805,0.7680098319307194,IND>OTH>GRN>LNP,LNP,LNP-ON,0.12038551045973078,0.19084642586774223,Pass-through + sparse evidence off,False,2.9189650955964015
Gippsland South,Eastern Victoria,LNP,LNP,ON,0.6096604779736927,0.39033952202630734,0.10966047797369272,LNP-ON,OTH>IND>GRN>ALP,0.2765875237965828,0.7234124762034172,OTH>IND>GRN>ON,0.277548771939344,0.722451228060656,OTH>IND>GRN>LNP,LNP,LNP-ON,0.10973884026599956,0.24715485000488083,Pass-through + sparse evidence off,False,2.9432673791701975
Glen Waverley,North-Eastern Metro,ALP,LNP,ALP,0.5245598983511381,0.4754401016488619,0.024559898351138143,LNP-ALP,IND>OTH>GRN>ON,0.4754401016488619,0.5245598983511381,IND>OTH>GRN>ON,0.601182235606936,0.39881776439306404,IND>OTH>GRN>LNP,LNP,LNP-ALP,0.04188746909315044,0.4581125309068496,Pass-through + sparse evidence off,False,1.73275707420123
Greenvale,Northern Metro,ALP,ALP,LNP,0.5587692765324582,0.44123072346754183,0.058769276532458226,ALP-LNP,IND>GRN>ON>OTH,0.5587692765324582,0.44123072346754183,IND>GRN>ON>OTH,0.5591018023324452,0.44089819766755484,IND>GRN>OTH>LNP,ALP,ALP-LNP,0.05262238013777931,0.5526223801377793,Pass-through + sparse evidence off,False,0.6146896394678913
Hastings,Eastern Victoria,ALP,LNP,ALP,0.5689817035203963,0.43101829647960366,0.06898170352039634,LNP-ALP,IND>OTH>GRN>ON,0.43101829647960366,0.5689817035203963,IND>OTH>GRN>ON,0.4087625508244448,0.5912374491755552,IND>OTH>GRN>LNP,LNP,LNP-ALP,0.09612172437252997,0.40387827562747003,Pass-through + sparse evidence off,False,2.714002085213363
Hawthorn,Southern Metro,LNP,LNP,IND,0.6006231279410545,0.3993768720589454,0.10062312794105455,LNP-IND,OTH>ON>ALP>GRN,0.46389520176145027,0.5361047982385497,OTH>ON>GRN>IND,0.6601732179337523,0.3398267820662477,OTH>GRN>IND>LNP,LNP,LNP-IND,0.07696461128487908,0.468956048335715,Pass-through + sparse evidence off,False,-0.5060846574264755
Ivanhoe,North-Eastern Metro,ALP,ALP,LNP,0.5614720075885716,0.4385279924114285,0.06147200758857163,ALP-LNP,OTH>IND>ON>GRN,0.5614720075885716,0.4385279924114285,OTH>IND>ON>GRN,0.6336260191404363,0.36637398085956385,OTH>IND>GRN>LNP,ALP,ALP-LNP,0.055228910530637054,0.555228910530637,Pass-through + sparse evidence off,False,0.6243097057934577
Kalkallo,Northern Metro,ALP,ALP,ON,0.5476962115857317,0.4523037884142683,0.047696211585731674,ALP-ON,IND>GRN>OTH>LNP,0.5951454844234535,0.40485451557654656,IND>GRN>OTH>ON,0.5476962115857317,0.4523037884142683,IND>GRN>OTH>LNP,ALP,ALP-ON,0.04780643878944457,0.5765731412684397,Pass-through + sparse evidence off,False,1.857234315501377
Kew,Southern Metro,LNP,LNP,IND,0.6215251382127146,0.37847486178728534,0.1215251382127146,LNP-IND,OTH>ON>ALP>GRN,0.42545888619548206,0.5745411138045179,OTH>ON>GRN>IND,0.6422745457827149,0.357725454217285,OTH>GRN>IND>LNP,LNP,LNP-IND,0.09723944554699626,0.4279654831966599,Pass-through + sparse evidence off,False,-0.2506597001177835
Kororoit,Western Metro,ALP,ALP,ON,0.6124444763408536,0.3875555236591464,0.11244447634085364,ALP-ON,IND>GRN>LNP>OTH,0.6037904981979079,0.39620950180209213,IND>GRN>ON>OTH,0.6124444763408536,0.3875555236591464,IND>GRN>LNP>OTH,ALP,ALP-ON,0.09198097928511695,0.5965191841775287,Pass-through + sparse evidence off,False,0.7271314020379172
Lara,Western Victoria,ALP,ON,ALP,0.5242069742925375,0.4757930257074625,0.024206974292537486,ON-ALP,IND>OTH>GRN>LNP,0.5609712654582386,0.43902873454176145,IND>OTH>GRN>ON,0.4757930257074625,0.5242069742925375,IND>OTH>GRN>LNP,ON,ON-ALP,0.02413901764614168,0.5274916479533848,Pass-through + sparse evidence off,False,3.3479617504853842
Laverton,Western Metro,ALP,ALP,ON,0.6004322696540236,0.3995677303459763,0.10043226965402363,ALP-ON,IND>GRN>OTH>LNP,0.6374727585871158,0.36252724141288417,IND>GRN>OTH>ON,0.6004322696540236,0.3995677303459763,IND>GRN>OTH>LNP,ALP,ALP-ON,0.08944642148366455,0.6045664385937876,Pass-through + sparse evidence off,False,3.290631999332827
Lowan,Western Victoria,LNP,LNP,ON,0.6480742847383217,0.3519257152616783,0.14807428473832174,LNP-ON,IND>OTH>ALP>GRN,0.23143947814863308,0.7685605218513668,IND>OTH>GRN>ON,0.25077448980156214,0.7492255101984379,IND>OTH>GRN>LNP,LNP,LNP-ON,0.1498563917077107,0.20611309204266096,Pass-through + sparse evidence off,False,2.5326386105972127
Macedon,Northern Victoria,ALP,ALP,LNP,0.5108682219789185,0.48913177802108165,0.010868221978918458,ALP-LNP,OTH>IND>GRN>ON,0.5108682219789185,0.48913177802108165,OTH>IND>GRN>ON,0.4735538984102117,0.5264461015897882,OTH>IND>GRN>LNP,LNP,LNP-ALP,0.016088115000675418,0.48391188499932464,Pass-through + sparse evidence off,True,2.695633697959382
Malvern,Southern Metro,LNP,LNP,GRN,0.6462978229177122,0.3537021770822879,0.1462978229177122,LNP-GRN,IND>OTH>ON>ALP,0.3698963776220087,0.6301036223779913,IND>OTH>ON>GRN,0.607739597122355,0.392260402877645,IND>OTH>GRN>LNP,LNP,LNP-GRN,0.1359534942591737,0.36402259055097586,Pass-through + sparse evidence off,False,0.5873787071032865
Melbourne,Northern Metro,GRN,GRN,ALP,0.6472883435543649,0.35271165644563507,0.14728834355436493,GRN-ALP,IND>OTH>LNP>ON,0.6741715011078363,0.3258284988921637,IND>OTH>ON>GRN,0.7709689531056663,0.22903104689433373,IND>OTH>LNP>GRN,GRN,GRN-ALP,0.13945163298801133,0.7088886841849269,Pass-through + sparse evidence off,False,-3.4717183077090596
Melton,Western Victoria,ALP,ON,IND,0.5571229358252523,0.44287706417474765,0.0571229358252523,ON-IND,GRN>OTH>LNP>ALP,0.4476502607129577,0.5523497392870422,GRN>OTH>IND>ON,0.46382507666575046,0.5361749233342495,GRN>OTH>LNP>IND,ON,ON-IND,0.04450895891021578,0.4198558388585376,Pass-through + sparse evidence off,False,2.7794421854420106
Mildura,Northern Victoria,LNP,LNP,IND,0.5040400877927352,0.4959599122072648,0.004040087792735236,LNP-IND,ALP>OTH>GRN>ON,0.30385735180701823,0.6961426481929818,OTH>GRN>ON>IND,0.3746321576595621,0.625367842340438,OTH>GRN>LNP>IND,LNP,LNP-IND,0.02589946051600156,0.2657951524222583,Pass-through + sparse evidence off,False,3.8062199384759907
Mill Park,North-Eastern Metro,ALP,ALP,ON,0.546330572126747,0.45366942787325315,0.04633057212674696,ALP-ON,IND>GRN>OTH>LNP,0.5849077850951915,0.41509221490480863,IND>GRN>OTH>ON,0.546330572126747,0.45366942787325315,IND>GRN>OTH>LNP,ALP,ALP-ON,0.04652163591394787,0.5567730883143781,Pass-through + sparse evidence off,False,2.8134696780813373
Monbulk,Eastern Victoria,ALP,LNP,ALP,0.5098094914728359,0.49019050852716417,0.00980949147283594,LNP-ALP,OTH>IND>GRN>ON,0.49019050852716417,0.5098094914728359,OTH>IND>GRN>ON,0.45596109878457775,0.5440389012154223,OTH>IND>GRN>LNP,LNP,LNP-ALP,0.03539496663493036,0.4646050333650697,Pass-through + sparse evidence off,False,2.5585475162094475
Mordialloc,South-Eastern Metro,ALP,ALP,LNP,0.5326684146817908,0.4673315853182093,0.032668414681790825,ALP-LNP,OTH>IND>GRN>ON,0.5326684146817908,0.4673315853182093,OTH>IND>GRN>ON,0.5779779288645174,0.42202207113548257,OTH>IND>GRN>LNP,ALP,ALP-LNP,0.006915398861718214,0.5069153988617182,Pass-through + sparse evidence off,False,2.575301582007261
Mornington,Eastern Victoria,LNP,LNP,IND,0.5896134342511418,0.4103865657488582,0.08961343425114177,LNP-IND,OTH>GRN>ALP>ON,0.3350612733769105,0.6649387266230895,OTH>GRN>ON>IND,0.36679048524336744,0.6332095147566327,OTH>GRN>IND>LNP,LNP,LNP-IND,0.10141600155343677,0.31724756526680886,Pass-through + sparse evidence off,False,1.7813708110101634
Morwell,Eastern Victoria,LNP,LNP,ON,0.5076810553327225,0.49231894466727755,0.007681055332722453,LNP-ON,GRN>OTH>IND>ALP,0.4210526667143803,0.5789473332856196,GRN>OTH>IND>ON,0.36058555450395047,0.6394144454960495,GRN>OTH>IND>LNP,LNP,LNP-ON,0.005727066468185438,0.3713167708165247,Pass-through + sparse evidence off,False,4.9735895897855595
Mulgrave,South-Eastern Metro,ALP,ALP,IND,0.6023271222343661,0.3976728777656338,0.10232712223436613,ALP-IND,OTH>GRN>LNP>ON,0.6311617975794658,0.3688382024205343,OTH>GRN>ON>IND,0.6930471774640544,0.30695282253594564,OTH>GRN>LNP>IND,ALP,ALP-IND,0.10055218868801219,0.6073149596352846,Pass-through + sparse evidence off,False,2.3846837944181187
Murray Plains,Northern Victoria,LNP,LNP,ON,0.6175347779331026,0.3824652220668975,0.11753477793310263,LNP-ON,IND>ALP>GRN>OTH,0.2014791161689145,0.7985208838310855,IND>GRN>OTH>ON,0.20814089746122919,0.7918591025387707,IND>GRN>OTH>LNP,LNP,LNP-ON,0.11539404696830047,0.1735273781559351,Pass-through + sparse evidence off,False,2.79517380129794
Narracan,Eastern Victoria,LNP,LNP,ON,0.6389789799299898,0.36102102007001036,0.13897897992998975,LNP-ON,OTH>IND>ALP>GRN,0.3819907290052273,0.6180092709947728,OTH>IND>GRN>ON,0.3796532346201234,0.6203467653798767,OTH>IND>GRN>LNP,LNP,LNP-ON,0.14535568510793861,0.36305273343468386,Pass-through + sparse evidence off,False,1.893799557054343
Narre Warren North,South-Eastern Metro,ALP,ALP,ON,0.5135716661787592,0.4864283338212409,0.013571666178759156,ALP-ON,IND>GRN>OTH>LNP,0.5455594805914112,0.4544405194085888,IND>GRN>OTH>ON,0.5135716661787592,0.4864283338212409,IND>GRN>OTH>LNP,ALP,ALP-ON,0.013546949763304061,0.5150361227277542,Pass-through + sparse evidence off,False,3.052335786365701
Narre Warren South,South-Eastern Metro,ALP,ALP,ON,0.5209514905171027,0.47904850948289734,0.020951490517102656,ALP-ON,IND>GRN>OTH>LNP,0.5426689313887173,0.45733106861128264,IND>GRN>OTH>ON,0.5209514905171027,0.47904850948289734,IND>GRN>OTH>LNP,ALP,ALP-ON,0.021086295670180832,0.5135354026617018,Pass-through + sparse evidence off,False,2.9133528727015467
Nepean,Eastern Victoria,LNP,LNP,ALP,0.6339390780565795,0.3660609219434206,0.13393907805657945,LNP-ALP,OTH>IND>GRN>ON,0.3660609219434206,0.6339390780565795,OTH>IND>GRN>ON,0.39153151151028454,0.6084684884897155,OTH>IND>GRN>LNP,LNP,LNP-ALP,0.1564602903062553,0.3435397096937447,Pass-through + sparse evidence off,False,2.25212122496759
Niddrie,Western Metro,ALP,ALP,LNP,0.5149956796501227,0.4850043203498773,0.014995679650122717,ALP-LNP,IND>OTH>GRN>ON,0.5149956796501227,0.4850043203498773,IND>OTH>GRN>ON,0.5343539809487658,0.4656460190512342,IND>OTH>GRN>LNP,LNP,LNP-ALP,0.016994037504608817,0.48300596249539124,Pass-through + sparse evidence off,True,3.1989717154731476
Northcote,Northern Metro,ALP,GRN,ALP,0.5563859818611036,0.44361401813889645,0.05638598186110355,GRN-ALP,IND>LNP>OTH>ON,0.7217323935113108,0.2782676064886892,IND>OTH>ON>GRN,0.7425810453131804,0.25741895468681963,IND>LNP>OTH>GRN,GRN,GRN-ALP,0.04748032080594611,0.7477727158439831,Pass-through + sparse evidence off,False,-2.6040322332672283
Oakleigh,Southern Metro,ALP,ALP,LNP,0.583014367910187,0.41698563208981293,0.08301436791018701,ALP-LNP,OTH>IND>GRN>ON,0.583014367910187,0.41698563208981293,OTH>IND>GRN>ON,0.6174744017867824,0.3825255982132176,OTH>IND>GRN>LNP,ALP,ALP-LNP,0.05671095902124246,0.5567109590212425,Pass-through + sparse evidence off,False,2.6303408888944557
Ovens Valley,Northern Victoria,LNP,LNP,ON,0.6136997595617574,0.38630024043824274,0.11369975956175737,LNP-ON,IND>ALP>GRN>OTH,0.2924763864768457,0.7075236135231544,IND>GRN>OTH>ON,0.27660253002170687,0.7233974699782931,IND>GRN>OTH>LNP,LNP,LNP-ON,0.11053697713571964,0.26342565918987837,Pass-through + sparse evidence off,False,2.9050727286967337
Pakenham,Eastern Victoria,ALP,LNP,ON,0.5428250057207956,0.45717499427920444,0.04282500572079562,LNP-ON,GRN>IND>OTH>ALP,0.43978594235419255,0.5602140576458075,GRN>IND>OTH>ON,0.3952134021085653,0.6047865978914346,GRN>IND>OTH>LNP,LNP,LNP-ON,0.0387745470747104,0.4056826021105407,Pass-through + sparse evidence off,False,3.410334024365186
Pascoe Vale,Northern Metro,ALP,GRN,ALP,0.5032166318271651,0.49678336817283486,0.0032166318271651395,GRN-ALP,OTH>IND>LNP>ON,0.6134388625532244,0.38656113744677556,OTH>IND>ON>GRN,0.6750627302545099,0.3249372697454901,OTH>IND>LNP>GRN,ALP,ALP-GRN,0.008142817766049748,0.6292559157862876,Pass-through + sparse evidence off,True,-1.581705323306315
Point Cook,Western Metro,ALP,ALP,ON,0.5261445274737477,0.4738554725262524,0.026144527473747736,ALP-ON,GRN>OTH>IND>LNP,0.5755802605920366,0.4244197394079635,GRN>OTH>IND>ON,0.5261445274737477,0.4738554725262524,GRN>OTH>IND>LNP,ALP,ALP-ON,0.013954921181138169,0.5328170380506575,Pass-through + sparse evidence off,False,4.276322254137909
Polwarth,Western Victoria,LNP,LNP,GRN,0.6394935328762195,0.36050646712378054,0.13949353287621946,LNP-GRN,IND>OTH>ALP>ON,0.39975315236594416,0.6002468476340558,IND>OTH>GRN>ON,0.4083012637790381,0.5916987362209619,IND>OTH>GRN>LNP,LNP,LNP-GRN,0.1496080441066312,0.3783204282414085,Pass-through + sparse evidence off,False,2.1432724124535674
Prahran,Southern Metro,GRN,GRN,LNP,0.5807890965621889,0.4192109034378111,0.08078909656218891,GRN-LNP,IND>OTH>ON>ALP,0.5461485844569761,0.45385141554302383,IND>OTH>ON>GRN,0.7132680857503108,0.28673191424968925,IND>OTH>LNP>GRN,GRN,GRN-LNP,0.07285013052656286,0.5766792299759903,Pass-through + sparse evidence off,False,-3.053064551901419
Preston,Northern Metro,ALP,ALP,ON,0.620987625983157,0.379012374016843,0.12098762598315704,ALP-ON,OTH>LNP>IND>GRN,0.6431572589920571,0.3568427410079429,OTH>IND>GRN>ON,0.620987625983157,0.379012374016843,OTH>LNP>IND>GRN,ALP,ALP-ON,0.12447459461622079,0.6119746053249453,Pass-through + sparse evidence off,False,3.1182653667111815
Richmond,Northern Metro,GRN,GRN,ALP,0.6006738993372682,0.39932610066273183,0.10067389933726822,GRN-ALP,IND>LNP>OTH>ON,0.7101426484687164,0.28985735153128367,IND>OTH>ON>GRN,0.7723395092860151,0.22766049071398492,IND>LNP>OTH>GRN,GRN,GRN-ALP,0.0942431243056353,0.7429158829359531,Pass-through + sparse evidence off,False,-3.277323446723668
Ringwood,North-Eastern Metro,ALP,LNP,ALP,0.5010884630309689,0.49891153696903107,0.001088463030968878,LNP-ALP,IND>OTH>ON>GRN,0.49891153696903107,0.5010884630309689,IND>OTH>ON>GRN,0.575572487532461,0.424427512467539,IND>OTH>GRN>LNP,LNP,LNP-ALP,0.006817164439438028,0.49318283556056197,Pass-through + sparse evidence off,False,0.5728701408469095
Ripon,Western Victoria,ALP,ON,ALP,0.604884887971655,0.39511511202834515,0.10488488797165496,ON-ALP,IND>GRN>OTH>LNP,0.45150904402718056,0.5484909559728195,IND>GRN>OTH>ON,0.39511511202834515,0.604884887971655,IND>GRN>OTH>LNP,ON,ON-ALP,0.10513600579053306,0.4251129453226832,Pass-through + sparse evidence off,False,2.639609870449738
Rowville,South-Eastern Metro,LNP,LNP,ALP,0.5863467035208163,0.41365329647918375,0.0863467035208163,LNP-ALP,OTH>GRN>IND>ON,0.41365329647918375,0.5863467035208163,OTH>GRN>IND>ON,0.5018345311453357,0.49816546885466434,OTH>GRN>IND>LNP,LNP,LNP-ALP,0.10418578563759529,0.39581421436240477,Pass-through + sparse evidence off,False,1.7839082116778981
Sandringham,Southern Metro,LNP,LNP,GRN,0.6353023991873009,0.36469760081269914,0.13530239918730091,LNP-GRN,OTH>IND>ON>ALP,0.3854997530359907,0.6145002469640094,OTH>IND>ON>GRN,0.5305234222890435,0.46947657771095663,OTH>IND>GRN>LNP,LNP,LNP-GRN,0.12424210022162896,0.3791408372798301,Pass-through + sparse evidence off,False,0.6358915756160599
Shepparton,Northern Victoria,LNP,LNP,IND,0.5574581852889523,0.44254181471104764,0.0574581852889523,LNP-IND,ALP>OTH>GRN>ON,0.2863736558213183,0.7136263441786816,OTH>GRN>ON>IND,0.45789073871650676,0.5421092612834932,OTH>GRN>LNP>IND,LNP,LNP-IND,0.07999584918334712,0.2503166108848676,Pass-through + sparse evidence off,False,3.6057044936450677
South Barwon,Western Victoria,ALP,LNP,ALP,0.5049790001285986,0.49502099987140136,0.004979000128598643,LNP-ALP,IND>OTH>GRN>ON,0.49502099987140136,0.5049790001285986,IND>OTH>GRN>ON,0.5039450184183758,0.4960549815816242,IND>OTH>GRN>LNP,LNP,LNP-ALP,0.02825755907818528,0.4717424409218147,Pass-through + sparse evidence off,False,2.3278558949586636
South-West Coast,Western Victoria,LNP,LNP,IND,0.5548506570619066,0.44514934293809344,0.054850657061906616,LNP-IND,OTH>GRN>ALP>ON,0.36529356481507375,0.6347064351849263,OTH>GRN>ON>IND,0.34737678973753444,0.6526232102624656,OTH>GRN>IND>LNP,LNP,LNP-IND,0.06948213549349225,0.35817345450533017,Pass-through + sparse evidence off,False,0.7120110309743577
St Albans,Western Metro,ALP,ALP,ON,0.5671859138209618,0.4328140861790382,0.06718591382096184,ALP-ON,IND>GRN>OTH>LNP,0.5844342540642815,0.41556574593571843,IND>GRN>OTH>ON,0.5671859138209618,0.4328140861790382,IND>GRN>OTH>LNP,ALP,ALP-ON,0.06061525861205408,0.5530479300956488,Pass-through + sparse evidence off,False,3.1386323968632723
Sunbury,Western Metro,ALP,ON,ALP,0.5592774229942621,0.44072257700573797,0.059277422994262086,ON-ALP,IND>OTH>GRN>LNP,0.48499180232271816,0.5150081976772818,IND>OTH>GRN>ON,0.44072257700573797,0.5592774229942621,IND>OTH>GRN>LNP,ON,ON-ALP,0.05917497979675179,0.4557305461150699,Pass-through + sparse evidence off,False,2.9261256207648243
Sydenham,Western Metro,ALP,ALP,ON,0.5183509254092467,0.48164907459075335,0.018350925409246654,ALP-ON,IND>GRN>OTH>LNP,0.5515121282403805,0.4484878717596194,IND>GRN>OTH>ON,0.5183509254092467,0.48164907459075335,IND>GRN>OTH>LNP,ALP,ALP-ON,0.01853777996989081,0.5240483738233647,Pass-through + sparse evidence off,False,2.7463754417015873
Tarneit,Western Metro,ALP,ALP,ON,0.5600147570060378,0.43998524299396236,0.060014757006037756,ALP-ON,IND>GRN>OTH>LNP,0.5961512609879708,0.4038487390120293,IND>GRN>OTH>ON,0.5600147570060378,0.43998524299396236,IND>GRN>OTH>LNP,ALP,ALP-ON,0.05510669854710559,0.5648048839691469,Pass-through + sparse evidence off,False,3.1346377018823923
Thomastown,Northern Metro,ALP,ALP,ON,0.5780453452505746,0.4219546547494254,0.0780453452505746,ALP-ON,IND>GRN>OTH>LNP,0.6346572083551587,0.36534279164484135,IND>GRN>OTH>ON,0.5780453452505746,0.4219546547494254,IND>GRN>OTH>LNP,ALP,ALP-ON,0.07901117261318291,0.6090754235329631,Pass-through + sparse evidence off,False,2.558178482219564
Warrandyte,North-Eastern Metro,LNP,LNP,ALP,0.6034984714011727,0.39650152859882726,0.10349847140117274,LNP-ALP,IND>OTH>GRN>ON,0.39650152859882726,0.6034984714011727,IND>OTH>GRN>ON,0.5093713218888998,0.4906286781111002,IND>OTH>GRN>LNP,LNP,LNP-ALP,0.12320322549423934,0.3767967745057606,Pass-through + sparse evidence off,False,1.9704754093066656
Wendouree,Western Victoria,ALP,ALP,LNP,0.5231890778005457,0.47681092219945437,0.023189077800545688,ALP-LNP,IND>OTH>GRN>ON,0.5231890778005457,0.47681092219945437,IND>OTH>GRN>ON,0.5072406340687035,0.49275936593129654,IND>OTH>GRN>LNP,LNP,LNP-ALP,0.004116323590148463,0.49588367640985154,Pass-through + sparse evidence off,True,2.730540139069415
Werribee,Western Metro,ALP,ON,ALP,0.5307785644597989,0.4692214355402012,0.030778564459798874,ON-ALP,GRN>OTH>IND>LNP,0.5401343138420204,0.4598656861579797,GRN>OTH>IND>ON,0.4692214355402012,0.5307785644597989,GRN>OTH>IND>LNP,ON,ON-ALP,0.03719207067302477,0.5057048914300766,Pass-through + sparse evidence off,False,3.44294224119438
Williamstown,Western Metro,ALP,ALP,LNP,0.6200921657522153,0.3799078342477847,0.12009216575221526,ALP-LNP,IND>OTH>GRN>ON,0.6200921657522153,0.3799078342477847,IND>OTH>GRN>ON,0.637616357318022,0.362383642681978,IND>OTH>GRN>LNP,ALP,ALP-LNP,0.08305066652329474,0.5830506665232947,Pass-through + sparse evidence off,False,3.7041499228920527
Yan Yean,Northern Victoria,ALP,LNP,ALP,0.5041448587641709,0.49585514123582913,0.004144858764170922,LNP-ALP,IND>GRN>OTH>ON,0.49585514123582913,0.5041448587641709,IND>GRN>OTH>ON,0.4617140914354625,0.5382859085645375,IND>GRN>OTH>LNP,LNP,LNP-ALP,0.024708727873410052,0.47529127212659006,Pass-through + sparse evidence off,False,2.0563869109239077
Albert Park,Southern Metro,ALP,ALP,LNP,0.566634181720084,0.4333658182799161,0.06663418172008395,ALP-LNP,OTH>IND>ON>GRN,0.566634181720084,0.4333658182799161,OTH>IND>ON>GRN,0.6646148304319637,0.3353851695680364,OTH>IND>GRN>LNP,ALP,ALP-LNP,0.06663418172008395,0.566634181720084,OTH preference depletion off,False,0.0
Ashwood,Southern Metro,ALP,LNP,ALP,0.515102013567555,0.4848979864324449,0.015102013567555028,LNP-ALP,OTH>IND>ON>GRN,0.4848979864324449,0.515102013567555,OTH>IND>ON>GRN,0.6185304425697508,0.3814695574302492,OTH>IND>GRN>LNP,LNP,LNP-ALP,0.015102013567555028,0.4848979864324449,OTH preference depletion off,False,0.0
Bass,Eastern Victoria,ALP,LNP,ON,0.5784710171533325,0.42152898284666757,0.07847101715333249,LNP-ON,OTH>IND>GRN>ALP,0.36943369091234884,0.6305663090876512,OTH>IND>GRN>ON,0.37301094751344366,0.6269890524865563,OTH>IND>GRN>LNP,LNP,LNP-ON,0.07859091445890387,0.36938713274582885,OTH preference depletion off,False,0.004655816651999434
Bayswater,North-Eastern Metro,ALP,LNP,ALP,0.5555047308248141,0.44449526917518584,0.05550473082481411,LNP-ALP,IND>OTH>GRN>ON,0.44449526917518584,0.5555047308248141,IND>OTH>GRN>ON,0.5157160587823532,0.4842839412176468,IND>OTH>GRN>LNP,LNP,LNP-ALP,0.05558025582217585,0.4444197441778241,OTH preference depletion off,False,0.007552499736174223
Bellarine,Western Victoria,ALP,LNP,ALP,0.506752197504101,0.49324780249589906,0.006752197504101054,LNP-ALP,OTH>IND>GRN>ON,0.49324780249589906,0.506752197504101,OTH>IND>GRN>ON,0.5118891483018522,0.4881108516981478,OTH>IND>GRN>LNP,LNP,LNP-ALP,0.006771760628528578,0.4932282393714715,OTH preference depletion off,False,0.001956312442757957
Benambra,Northern Victoria,LNP,LNP,IND,0.563719193609234,0.4362808063907661,0.06371919360923395,LNP-IND,ALP>OTH>GRN>ON,0.2593953543320519,0.7406046456679481,OTH>GRN>ON>IND,0.3399679603582103,0.6600320396417897,OTH>GRN>LNP>IND,LNP,LNP-IND,0.06395056369694263,0.25938961219529955,OTH preference depletion off,False,0.0005742136752362459
Bendigo East,Northern Victoria,ALP,ALP,LNP,0.509078726353212,0.4909212736467879,0.009078726353212052,ALP-LNP,OTH>IND>GRN>ON,0.509078726353212,0.4909212736467879,OTH>IND>GRN>ON,0.5416348125783275,0.45836518742167254,OTH>IND>GRN>LNP,ALP,ALP-LNP,0.00904846871773235,0.5090484687177323,OTH preference depletion off,False,0.0030257635479702394
Bendigo West,Northern Victoria,ALP,ALP,ON,0.5435722838546961,0.45642771614530386,0.04357228385469614,ALP-ON,IND>OTH>GRN>LNP,0.5465869570242432,0.4534130429757568,IND>OTH>GRN>ON,0.5435722838546961,0.45642771614530386,IND>OTH>GRN>LNP,ALP,ALP-ON,0.04368676386594428,0.5465088266702205,OTH preference depletion off,False,0.007813035402270962
Bentleigh,Southern Metro,ALP,ALP,LNP,0.5122086464678924,0.4877913535321077,0.012208646467892437,ALP-LNP,OTH>IND>GRN>ON,0.5122086464678924,0.4877913535321077,OTH>IND>GRN>ON,0.6065268392748238,0.39347316072517635,OTH>IND>GRN>LNP,ALP,ALP-LNP,0.012172362761108224,0.5121723627611082,OTH preference depletion off,False,0.0036283706784212555
Berwick,South-Eastern Metro,LNP,LNP,ALP,0.6434586371953335,0.35654136280466653,0.14345863719533347,LNP-ALP,IND>OTH>GRN>ON,0.35654136280466653,0.6434586371953335,IND>OTH>GRN>ON,0.3996047388341054,0.6003952611658946,IND>OTH>GRN>LNP,LNP,LNP-ALP,0.143499141401075,0.356500858598925,OTH preference depletion off,False,0.0040504205741531685
Box Hill,North-Eastern Metro,ALP,LNP,ALP,0.5036079132165028,0.4963920867834973,0.0036079132165027783,LNP-ALP,IND>OTH>ON>GRN,0.4963920867834973,0.5036079132165028,IND>OTH>ON>GRN,0.6211842153182405,0.3788157846817595,IND>OTH>GRN>LNP,LNP,LNP-ALP,0.0036079132165027783,0.4963920867834973,OTH preference depletion off,False,0.0
Brighton,Southern Metro,LNP,LNP,GRN,0.5890025855228651,0.4109974144771349,0.08900258552286511,LNP-GRN,OTH>ON>IND>ALP,0.40019537000892336,0.5998046299910766,OTH>ON>IND>GRN,0.6020781672771076,0.3979218327228924,OTH>IND>GRN>LNP,LNP,LNP-GRN,0.08900258552286511,0.40019537000892336,OTH preference depletion off,False,0.0
Broadmeadows,Northern Metro,ALP,ALP,ON,0.5635824377143455,0.4364175622856545,0.06358243771434546,ALP-ON,IND>GRN>OTH>LNP,0.6020221108215414,0.3979778891784585,IND>GRN>OTH>ON,0.5635824377143455,0.4364175622856545,IND>GRN>OTH>LNP,ALP,ALP-ON,0.06447860261806027,0.6016611278416273,OTH preference depletion off,False,0.03609829799141595
Brunswick,Northern Metro,GRN,GRN,ALP,0.6613545936105938,0.3386454063894062,0.1613545936105938,GRN-ALP,IND>LNP>OTH>ON,0.7812680524127104,0.2187319475872896,IND>OTH>ON>GRN,0.7748503975610773,0.22514960243892274,IND>LNP>OTH>GRN,GRN,GRN-ALP,0.16122098478855595,0.7812680524127104,OTH preference depletion off,False,0.0
Bulleen,North-Eastern Metro,LNP,LNP,ALP,0.6324420156357132,0.36755798436428677,0.13244201563571323,LNP-ALP,OTH>IND>ON>GRN,0.36755798436428677,0.6324420156357132,OTH>IND>ON>GRN,0.550916415361808,0.44908358463819203,OTH>IND>GRN>LNP,LNP,LNP-ALP,0.13244201563571323,0.36755798436428677,OTH preference depletion off,False,0.0
Bundoora,North-Eastern Metro,ALP,ALP,LNP,0.5480827040590163,0.4519172959409837,0.04808270405901627,ALP-LNP,IND>OTH>GRN>ON,0.5480827040590163,0.4519172959409837,IND>OTH>GRN>ON,0.5921682053215996,0.40783179467840036,IND>OTH>GRN>LNP,ALP,ALP-LNP,0.0480084539478679,0.5480084539478679,OTH preference depletion off,False,0.007425011114836622
Carrum,South-Eastern Metro,ALP,LNP,ALP,0.5143615634791326,0.48563843652086747,0.014361563479132644,LNP-ALP,IND>OTH>GRN>ON,0.48563843652086747,0.5143615634791326,IND>OTH>GRN>ON,0.4810374645491664,0.5189625354508337,IND>OTH>GRN>LNP,LNP,LNP-ALP,0.014418377955608519,0.4855816220443916,OTH preference depletion off,False,0.00568144764758749
Caulfield,Southern Metro,LNP,LNP,GRN,0.5768837623689421,0.4231162376310579,0.07688376236894212,LNP-GRN,OTH>IND>ON>ALP,0.4248858869463901,0.5751141130536098,OTH>IND>ON>GRN,0.6155162736132732,0.38448372638672673,OTH>IND>GRN>LNP,LNP,LNP-GRN,0.07688376236894212,0.4248858869463901,OTH preference depletion off,False,0.0
Clarinda,South-Eastern Metro,ALP,ALP,LNP,0.5392080947578104,0.4607919052421897,0.0392080947578104,ALP-LNP,OTH>GRN>IND>ON,0.5392080947578104,0.4607919052421897,OTH>GRN>IND>ON,0.5899431129585102,0.4100568870414899,OTH>GRN>IND>LNP,ALP,ALP-LNP,0.03916757549836791,0.5391675754983679,OTH preference depletion off,False,0.0040519259442484135
Cranbourne,South-Eastern Metro,ALP,ON,ALP,0.5065374409156777,0.4934625590843224,0.00653744091567765,ON-ALP,IND>GRN>OTH>LNP,0.5059153647402872,0.4940846352597128,IND>GRN>OTH>ON,0.4934625590843224,0.5065374409156777,IND>GRN>OTH>LNP,ON,ON-ALP,0.005305963062483099,0.5054022533907976,OTH preference depletion off,False,0.051311134948961445
Croydon,North-Eastern Metro,LNP,LNP,ALP,0.5940809614407383,0.40591903855926176,0.0940809614407383,LNP-ALP,IND>OTH>GRN>ON,0.40591903855926176,0.5940809614407383,IND>OTH>GRN>ON,0.49896922882299655,0.5010307711770035,IND>OTH>GRN>LNP,LNP,LNP-ALP,0.09413836171125811,0.405861638288742,OTH preference depletion off,False,0.005740027051975849
Dandenong,South-Eastern Metro,ALP,ALP,ON,0.5985686810373292,0.40143131896267076,0.09856868103732919,ALP-ON,IND>GRN>OTH>LNP,0.6179196238601299,0.38208037613987006,IND>GRN>OTH>ON,0.5985686810373292,0.40143131896267076,IND>GRN>OTH>LNP,ALP,ALP-ON,0.09942799349777032,0.6175602466127724,OTH preference depletion off,False,0.03593772473574619
Eildon,Northern Victoria,LNP,LNP,ON,0.6141932659188517,0.38580673408114835,0.1141932659188517,LNP-ON,IND>OTH>GRN>ALP,0.3389319963664042,0.6610680036335959,IND>OTH>GRN>ON,0.35992242492883736,0.6400775750711627,IND>OTH>GRN>LNP,LNP,LNP-ON,0.11430974690410167,0.33888950766761966,OTH preference depletion off,False,0.004248869878453743
Eltham,North-Eastern Metro,ALP,ALP,LNP,0.5143188183377188,0.4856811816622813,0.014318818337718753,ALP-LNP,IND>OTH>GRN>ON,0.5143188183377188,0.4856811816622813,IND>OTH>GRN>ON,0.579270676858706,0.420729323141294,IND>OTH>GRN>LNP,ALP,ALP-LNP,0.014292470079394715,0.5142924700793947,OTH preference depletion off,False,0.00263482583240382
Essendon,Northern Metro,ALP,ALP,LNP,0.5289552153422183,0.4710447846577817,0.028955215342218343,ALP-LNP,IND>OTH>GRN>ON,0.5289552153422183,0.4710447846577817,IND>OTH>GRN>ON,0.5688425997502199,0.43115740024978005,IND>OTH>GRN>LNP,ALP,ALP-LNP,0.028867992944237697,0.5288679929442377,OTH preference depletion off,False,0.008722239798064635
Eureka,Western Victoria,ALP,ON,ALP,0.5749707523836854,0.4250292476163146,0.07497075238368545,ON-ALP,IND>OTH>GRN>LNP,0.4540124326695762,0.5459875673304239,IND>OTH>GRN>ON,0.4250292476163146,0.5749707523836854,IND>OTH>GRN>LNP,ON,ON-ALP,0.0749130097183579,0.45395064730849055,OTH preference depletion off,False,0.006178536108564225
Euroa,Northern Victoria,LNP,LNP,ON,0.6144803513008774,0.38551964869912264,0.11448035130087741,LNP-ON,IND>OTH>GRN>ALP,0.29383177368327634,0.7061682263167237,IND>OTH>GRN>ON,0.33177589075228814,0.6682241092477119,IND>OTH>GRN>LNP,LNP,LNP-ON,0.11464565523938697,0.2938038134531287,OTH preference depletion off,False,0.0027960230147616727
Evelyn,Eastern Victoria,LNP,LNP,ALP,0.6489707236199155,0.3510292763800846,0.14897072361991548,LNP-ALP,IND>OTH>GRN>ON,0.3510292763800846,0.6489707236199155,IND>OTH>GRN>ON,0.3978199761409624,0.6021800238590377,IND>OTH>GRN>LNP,LNP,LNP-ALP,0.14900604587146993,0.35099395412853013,OTH preference depletion off,False,0.0035322251554448236
Footscray,Western Metro,ALP,ALP,GRN,0.5234577598776669,0.47654224012233315,0.02345775987766685,ALP-GRN,IND>OTH>LNP>ON,0.6931080572744553,0.3068919427255447,IND>OTH>ON>GRN,0.7575491514663217,0.2424508485336783,IND>OTH>LNP>GRN,ALP,ALP-GRN,0.02347907023663587,0.6931080572744553,OTH preference depletion off,False,0.0
Frankston,South-Eastern Metro,ALP,ALP,LNP,0.5063035262072213,0.4936964737927787,0.006303526207221299,ALP-LNP,IND>OTH>GRN>ON,0.5063035262072213,0.4936964737927787,IND>OTH>GRN>ON,0.5160197958680445,0.48398020413195547,IND>OTH>GRN>LNP,ALP,ALP-LNP,0.0061907970010247615,0.5061907970010248,OTH preference depletion off,False,0.011272920619653792
Geelong,Western Victoria,ALP,ON,ALP,0.5040226300479984,0.49597736995200165,0.00402263004799841,ON-ALP,OTH>IND>GRN>LNP,0.5121615384044056,0.4878384615955945,OTH>IND>GRN>ON,0.49597736995200165,0.5040226300479984,OTH>IND>GRN>LNP,ON,ON-ALP,0.003977693155855944,0.5121305615927,OTH preference depletion off,False,0.003097681170560751
Gippsland East,Eastern Victoria,LNP,LNP,ON,0.6192179586932307,0.3807820413067693,0.11921795869323071,LNP-ON,IND>ALP>OTH>GRN,0.1908827539033029,0.8091172460966972,IND>OTH>GRN>ON,0.2324270210541396,0.7675729789458605,IND>OTH>GRN>LNP,LNP,LNP-ON,0.12038551045973078,0.19084642586774223,OTH preference depletion off,False,0.003632803556066766
Gippsland South,Eastern Victoria,LNP,LNP,ON,0.6097081784540209,0.39029182154597913,0.10970817845402092,LNP-ON,OTH>IND>GRN>ALP,0.24716517607444644,0.7528348239255536,OTH>IND>GRN>ON,0.27743915112496625,0.7225608488750338,OTH>IND>GRN>LNP,LNP,LNP-ON,0.10973884026599956,0.24715485000488083,OTH preference depletion off,False,0.001032606956560822
Glen Waverley,North-Eastern Metro,ALP,LNP,ALP,0.541829806087051,0.458170193912949,0.041829806087051,LNP-ALP,IND>OTH>GRN>ON,0.458170193912949,0.541829806087051,IND>OTH>GRN>ON,0.5993685888170802,0.40063141118291984,IND>OTH>GRN>LNP,LNP,LNP-ALP,0.04188746909315044,0.4581125309068496,OTH preference depletion off,False,0.005766300609938435
Greenvale,Northern Metro,ALP,ALP,LNP,0.5526223801377793,0.44737761986222074,0.05262238013777931,ALP-LNP,IND>GRN>ON>OTH,0.5526223801377793,0.44737761986222074,IND>GRN>ON>OTH,0.5585336268307568,0.44146637316924314,IND>GRN>OTH>LNP,ALP,ALP-LNP,0.05262238013777931,0.5526223801377793,OTH preference depletion off,False,0.0
Hastings,Eastern Victoria,ALP,LNP,ALP,0.5960741076284085,0.4039258923715915,0.09607410762840851,LNP-ALP,IND>OTH>GRN>ON,0.4039258923715915,0.5960741076284085,IND>OTH>GRN>ON,0.40794015956973784,0.5920598404302622,IND>OTH>GRN>LNP,LNP,LNP-ALP,0.09612172437252997,0.40387827562747003,OTH preference depletion off,False,0.004761674412145922
Hawthorn,Southern Metro,LNP,LNP,IND,0.5769646112848791,0.42303538871512086,0.07696461128487908,LNP-IND,OTH>ON>ALP>GRN,0.468956048335715,0.531043951664285,OTH>ON>GRN>IND,0.6591950880702836,0.3408049119297164,OTH>GRN>IND>LNP,LNP,LNP-IND,0.07696461128487908,0.468956048335715,OTH preference depletion off,False,0.0
Ivanhoe,North-Eastern Metro,ALP,ALP,LNP,0.555228910530637,0.44477108946936295,0.055228910530637054,ALP-LNP,OTH>IND>ON>GRN,0.555228910530637,0.44477108946936295,OTH>IND>ON>GRN,0.6312329755188709,0.36876702448112914,OTH>IND>GRN>LNP,ALP,ALP-LNP,0.055228910530637054,0.555228910530637,OTH preference depletion off,False,0.0
Kalkallo,Northern Metro,ALP,ALP,ON,0.5470858915421755,0.4529141084578246,0.04708589154217546,ALP-ON,IND>GRN>OTH>LNP,0.5770440626734309,0.42295593732656905,IND>GRN>OTH>ON,0.5470858915421755,0.4529141084578246,IND>GRN>OTH>LNP,ALP,ALP-ON,0.04780643878944457,0.5765731412684397,OTH preference depletion off,False,0.047092140499116475
Kew,Southern Metro,LNP,LNP,IND,0.5972394455469963,0.4027605544530037,0.09723944554699626,LNP-IND,OTH>ON>GRN>ALP,0.4279654831966599,0.57203451680334,OTH>ON>GRN>IND,0.6419656321023657,0.3580343678976344,OTH>GRN>IND>LNP,LNP,LNP-IND,0.09723944554699626,0.4279654831966599,OTH preference depletion off,False,0.0
Kororoit,Western Metro,ALP,ALP,ON,0.591980979285117,0.4080190207148831,0.09198097928511695,ALP-ON,IND>GRN>LNP>OTH,0.5965191841775287,0.4034808158224713,IND>GRN>ON>OTH,0.591980979285117,0.4080190207148831,IND>GRN>LNP>OTH,ALP,ALP-ON,0.09198097928511695,0.5965191841775287,OTH preference depletion off,False,0.0
Lara,Western Victoria,ALP,ON,ALP,0.5242247520593692,0.4757752479406308,0.024224752059369248,ON-ALP,IND>OTH>GRN>LNP,0.527565009231652,0.47243499076834805,IND>OTH>GRN>ON,0.4757752479406308,0.5242247520593692,IND>OTH>GRN>LNP,ON,ON-ALP,0.02413901764614168,0.5274916479533848,OTH preference depletion off,False,0.0073361278267181085
Laverton,Western Metro,ALP,ALP,ON,0.5881139144233977,0.4118860855766024,0.08811391442339767,ALP-ON,IND>GRN>OTH>LNP,0.6050245303534169,0.39497546964658314,IND>GRN>OTH>ON,0.5881139144233977,0.4118860855766024,IND>GRN>OTH>LNP,ALP,ALP-ON,0.08944642148366455,0.6045664385937876,OTH preference depletion off,False,0.04580917596292977
Lowan,Western Victoria,LNP,LNP,ON,0.6497623752329037,0.3502376247670964,0.1497623752329037,LNP-ON,IND>OTH>ALP>GRN,0.20615321008337942,0.7938467899166205,IND>OTH>GRN>ON,0.25222154514822565,0.7477784548517744,IND>OTH>GRN>LNP,LNP,LNP-ON,0.1498563917077107,0.20611309204266096,OTH preference depletion off,False,0.004011804071846203
Macedon,Northern Victoria,ALP,LNP,ALP,0.5160586327424027,0.4839413672575974,0.016058632742402712,LNP-ALP,OTH>IND>GRN>ON,0.4839413672575974,0.5160586327424027,OTH>IND>GRN>ON,0.4722962446442237,0.5277037553557764,OTH>IND>GRN>LNP,LNP,LNP-ALP,0.016088115000675418,0.48391188499932464,OTH preference depletion off,False,0.002948225827276163
Malvern,Southern Metro,LNP,LNP,GRN,0.6359534942591737,0.36404650574082636,0.1359534942591737,LNP-GRN,IND>OTH>ON>ALP,0.36402259055097586,0.6359774094490243,IND>OTH>ON>GRN,0.6029647437391371,0.397035256260863,IND>OTH>GRN>LNP,LNP,LNP-GRN,0.1359534942591737,0.36402259055097586,OTH preference depletion off,False,0.0
Melbourne,Northern Metro,GRN,GRN,ALP,0.6394669344979284,0.3605330655020717,0.13946693449792835,GRN-ALP,IND>OTH>LNP>ON,0.7088886841849269,0.29111131581507305,IND>OTH>ON>GRN,0.7711802543165999,0.22881974568340016,IND>OTH>LNP>GRN,GRN,GRN-ALP,0.13945163298801133,0.7088886841849269,OTH preference depletion off,False,0.0
Melton,Western Victoria,ALP,ON,IND,0.5455188280562578,0.4544811719437421,0.04551882805625784,ON-IND,GRN>OTH>LNP>ALP,0.42021696730643665,0.5797830326935635,GRN>OTH>IND>ON,0.4501933716306993,0.5498066283693007,GRN>OTH>LNP>IND,ON,ON-IND,0.04450895891021578,0.4198558388585376,OTH preference depletion off,False,0.03611284478990395
Mildura,Northern Victoria,LNP,LNP,IND,0.5258077406351824,0.4741922593648176,0.02580774063518243,LNP-IND,ALP>OTH>GRN>ON,0.26579816287545455,0.7342018371245456,OTH>GRN>ON>IND,0.35210513182166775,0.6478948681783323,OTH>GRN>LNP>IND,LNP,LNP-IND,0.02589946051600156,0.2657951524222583,OTH preference depletion off,False,0.000301045319622828
Mill Park,North-Eastern Metro,ALP,ALP,ON,0.5454255432183277,0.45457445678167235,0.0454255432183277,ALP-ON,IND>GRN>OTH>LNP,0.5572168094552362,0.4427831905447639,IND>GRN>OTH>ON,0.5454255432183277,0.45457445678167235,IND>GRN>OTH>LNP,ALP,ALP-ON,0.04652163591394787,0.5567730883143781,OTH preference depletion off,False,0.0443721140858111
Monbulk,Eastern Victoria,ALP,LNP,ALP,0.5353743680912968,0.46462563190870326,0.03537436809129679,LNP-ALP,OTH>IND>GRN>ON,0.46462563190870326,0.5353743680912968,OTH>IND>GRN>ON,0.4549908593138696,0.5450091406861304,OTH>IND>GRN>LNP,LNP,LNP-ALP,0.03539496663493036,0.4646050333650697,OTH preference depletion off,False,0.002059854363356539
Mordialloc,South-Eastern Metro,ALP,ALP,LNP,0.5069408396408421,0.4930591603591578,0.0069408396408421336,ALP-LNP,OTH>IND>GRN>ON,0.5069408396408421,0.4930591603591578,OTH>IND>GRN>ON,0.5763053911713237,0.4236946088286764,OTH>IND>GRN>LNP,ALP,ALP-LNP,0.006915398861718214,0.5069153988617182,OTH preference depletion off,False,0.0025440779123919732
Mornington,Eastern Victoria,LNP,LNP,IND,0.6014044384921879,0.39859556150781217,0.10140443849218794,LNP-IND,OTH>GRN>ALP>ON,0.31725201990388197,0.682747980096118,OTH>GRN>ON>IND,0.3569073432111476,0.6430926567888525,OTH>GRN>IND>LNP,LNP,LNP-IND,0.10141600155343677,0.31724756526680886,OTH preference depletion off,False,0.00044546370731035623
Morwell,Eastern Victoria,LNP,LNP,ON,0.5038636007926552,0.49613639920734476,0.003863600792655242,LNP-ON,GRN>OTH>IND>ALP,0.37187328448877655,0.6281267155112235,GRN>OTH>IND>ON,0.34872528698897737,0.6512747130110226,GRN>OTH>IND>LNP,LNP,LNP-ON,0.005727066468185438,0.3713167708165247,OTH preference depletion off,False,0.0556513672251846
Mulgrave,South-Eastern Metro,ALP,ALP,IND,0.6005588239669315,0.39944117603306856,0.1005588239669315,ALP-IND,OTH>GRN>LNP>ON,0.6073292514089893,0.39267074859101064,OTH>GRN>ON>IND,0.6928091171728474,0.3071908828271525,OTH>GRN>LNP>IND,ALP,ALP-IND,0.10055218868801219,0.6073149596352846,OTH preference depletion off,False,0.001429177370471102
Murray Plains,Northern Victoria,LNP,LNP,ON,0.6153940469683005,0.3846059530316996,0.11539404696830047,LNP-ON,IND>ALP>GRN>OTH,0.17387154901117724,0.8261284509888228,IND>GRN>OTH>ON,0.20785671036736908,0.792143289632631,IND>GRN>OTH>LNP,LNP,LNP-ON,0.11539404696830047,0.1735273781559351,OTH preference depletion off,False,0.03441708552421319
Narracan,Eastern Victoria,LNP,LNP,ON,0.645355685105908,0.3546443148940921,0.14535568510590802,LNP-ON,OTH>IND>ALP>GRN,0.3630527334354061,0.636947266564594,OTH>IND>GRN>ON,0.3912903937656664,0.6087096062343337,OTH>IND>GRN>LNP,LNP,LNP-ON,0.14535568510793861,0.36305273343468386,OTH preference depletion off,False,7.222555886698956e-11
Narre Warren North,South-Eastern Metro,ALP,ALP,ON,0.5125766968746037,0.4874233031253962,0.012576696874603721,ALP-ON,IND>GRN>OTH>LNP,0.5154306464737775,0.4845693535262225,IND>GRN>OTH>ON,0.5125766968746037,0.4874233031253962,IND>GRN>OTH>LNP,ALP,ALP-ON,0.013546949763304061,0.5150361227277542,OTH preference depletion off,False,0.039452374602322315
Narre Warren South,South-Eastern Metro,ALP,ALP,ON,0.5201435396283768,0.47985646037162316,0.020143539628376783,ALP-ON,IND>GRN>OTH>LNP,0.51390496441638,0.48609503558361994,IND>GRN>OTH>ON,0.5201435396283768,0.47985646037162316,IND>GRN>OTH>LNP,ALP,ALP-ON,0.021086295670180832,0.5135354026617018,OTH preference depletion off,False,0.036956175467817154
Nepean,Eastern Victoria,LNP,LNP,ALP,0.656435996194655,0.343564003805345,0.15643599619465498,LNP-ALP,OTH>IND>GRN>ON,0.343564003805345,0.656435996194655,OTH>IND>GRN>ON,0.39218179450773916,0.6078182054922608,OTH>IND>GRN>LNP,LNP,LNP-ALP,0.1564602903062553,0.3435397096937447,OTH preference depletion off,False,0.0024294111600320356
Niddrie,Western Metro,ALP,LNP,ALP,0.5169177147287404,0.48308228527125957,0.016917714728740374,LNP-ALP,IND>OTH>GRN>ON,0.48308228527125957,0.5169177147287404,IND>OTH>GRN>ON,0.5331364417105792,0.4668635582894209,IND>OTH>GRN>LNP,LNP,LNP-ALP,0.016994037504608817,0.48300596249539124,OTH preference depletion off,False,0.007632277586833158
Northcote,Northern Metro,ALP,GRN,ALP,0.5476324007274878,0.45236759927251224,0.047632400727487756,GRN-ALP,IND>LNP>OTH>ON,0.7477727158439831,0.2522272841560169,IND>OTH>ON>GRN,0.7399203882159423,0.2600796117840577,IND>LNP>OTH>GRN,GRN,GRN-ALP,0.04748032080594611,0.7477727158439831,OTH preference depletion off,False,0.0
Oakleigh,Southern Metro,ALP,ALP,LNP,0.5567299575437612,0.44327004245623874,0.0567299575437612,ALP-LNP,OTH>IND>GRN>ON,0.5567299575437612,0.44327004245623874,OTH>IND>GRN>ON,0.615179953368511,0.384820046631489,OTH>IND>GRN>LNP,ALP,ALP-LNP,0.05671095902124246,0.5567109590212425,OTH preference depletion off,False,0.0018998522518742789
Ovens Valley,Northern Victoria,LNP,LNP,ON,0.6105369771357196,0.3894630228642805,0.11053697713571964,LNP-ON,IND>ALP>GRN>OTH,0.2642589374808403,0.7357410625191598,IND>GRN>OTH>ON,0.2728677756881388,0.7271322243118613,IND>GRN>OTH>LNP,LNP,LNP-ON,0.11053697713571964,0.26342565918987837,OTH preference depletion off,False,0.08332782909619141
Pakenham,Eastern Victoria,ALP,LNP,ON,0.5372071504121937,0.4627928495878063,0.03720715041219369,LNP-ON,GRN>IND>OTH>ALP,0.4061792579890838,0.5938207420109162,GRN>IND>OTH>ON,0.38404452346491463,0.6159554765350853,GRN>IND>OTH>LNP,LNP,LNP-ON,0.0387745470747104,0.4056826021105407,OTH preference depletion off,False,0.04966558785430841
Pascoe Vale,Northern Metro,ALP,ALP,GRN,0.5081285498814921,0.4918714501185079,0.008128549881492142,ALP-GRN,OTH>IND>LNP>ON,0.6292559157862876,0.37074408421371235,OTH>IND>ON>GRN,0.6781810615111208,0.32181893848887927,OTH>IND>LNP>GRN,ALP,ALP-GRN,0.008142817766049748,0.6292559157862876,OTH preference depletion off,False,0.0
Point Cook,Western Metro,ALP,ALP,ON,0.513038844657674,0.4869611553423261,0.01303884465767402,ALP-ON,GRN>OTH>IND>LNP,0.5330823901639191,0.46691760983608094,GRN>OTH>IND>ON,0.513038844657674,0.4869611553423261,GRN>OTH>IND>LNP,ALP,ALP-ON,0.013954921181138169,0.5328170380506575,OTH preference depletion off,False,0.02653521132616188
Polwarth,Western Victoria,LNP,LNP,GRN,0.6495735965086074,0.3504264034913926,0.14957359650860735,LNP-GRN,IND>OTH>ALP>ON,0.3783572799592846,0.6216427200407154,IND>OTH>GRN>ON,0.4061135548271859,0.5938864451728141,IND>OTH>GRN>LNP,LNP,LNP-GRN,0.1496080441066312,0.3783204282414085,OTH preference depletion off,False,0.0036851717876096313
Prahran,Southern Metro,GRN,GRN,LNP,0.5728501305265629,0.4271498694734371,0.07285013052656286,GRN-LNP,IND>OTH>ON>ALP,0.5766792299759903,0.42332077002400964,IND>OTH>ON>GRN,0.6978753113022582,0.30212468869774173,IND>OTH>LNP>GRN,GRN,GRN-LNP,0.07285013052656286,0.5766792299759903,OTH preference depletion off,False,0.0
Preston,Northern Metro,ALP,ALP,ON,0.6242579237579354,0.3757420762420646,0.12425792375793543,ALP-ON,OTH>LNP>IND>GRN,0.6120642724567099,0.38793572754329014,OTH>IND>GRN>ON,0.6242579237579354,0.3757420762420646,OTH>LNP>IND>GRN,ALP,ALP-ON,0.12447459461622079,0.6119746053249453,OTH preference depletion off,False,0.008966713176461472
Richmond,Northern Metro,GRN,GRN,ALP,0.5943809726367826,0.4056190273632175,0.09438097263678258,GRN-ALP,IND>LNP>OTH>ON,0.7429158829359531,0.2570841170640469,IND>OTH>ON>GRN,0.7703552607433415,0.22964473925665863,IND>LNP>OTH>GRN,GRN,GRN-ALP,0.0942431243056353,0.7429158829359531,OTH preference depletion off,False,0.0
Ringwood,North-Eastern Metro,ALP,LNP,ALP,0.506817164439438,0.49318283556056197,0.006817164439438028,LNP-ALP,IND>OTH>ON>GRN,0.49318283556056197,0.506817164439438,IND>OTH>ON>GRN,0.5734032410769706,0.42659675892302945,IND>OTH>GRN>LNP,LNP,LNP-ALP,0.006817164439438028,0.49318283556056197,OTH preference depletion off,False,0.0
Ripon,Western Victoria,ALP,ON,ALP,0.6057700321282584,0.3942299678717417,0.10577003212825842,ON-ALP,IND>GRN>OTH>LNP,0.4256250290255574,0.5743749709744427,IND>GRN>OTH>ON,0.3942299678717417,0.6057700321282584,IND>GRN>OTH>LNP,ON,ON-ALP,0.10513600579053306,0.4251129453226832,OTH preference depletion off,False,0.05120837028741998
Rowville,South-Eastern Metro,LNP,LNP,ALP,0.604158280544344,0.39584171945565605,0.10415828054434395,LNP-ALP,OTH>GRN>IND>ON,0.39584171945565605,0.604158280544344,OTH>GRN>IND>ON,0.5017950753810329,0.4982049246189672,OTH>GRN>IND>LNP,LNP,LNP-ALP,0.10418578563759529,0.39581421436240477,OTH preference depletion off,False,0.002750509325127881
Sandringham,Southern Metro,LNP,LNP,GRN,0.624242100221629,0.37575789977837115,0.12424210022162896,LNP-GRN,OTH>IND>ON>ALP,0.3791408372798301,0.6208591627201699,OTH>IND>ON>GRN,0.5275947640271131,0.47240523597288697,OTH>IND>GRN>LNP,LNP,LNP-GRN,0.12424210022162896,0.3791408372798301,OTH preference depletion off,False,0.0
Shepparton,Northern Victoria,LNP,LNP,IND,0.5799005328654101,0.42009946713458984,0.0799005328654101,LNP-IND,ALP>OTH>GRN>ON,0.25032539475956156,0.7496746052404385,OTH>GRN>ON>IND,0.4330090491587592,0.5669909508412407,OTH>GRN>LNP>IND,LNP,LNP-IND,0.07999584918334712,0.2503166108848676,OTH preference depletion off,False,0.0008783874693940597
South Barwon,Western Victoria,ALP,LNP,ALP,0.5281843577190578,0.4718156422809422,0.028184357719057807,LNP-ALP,IND>OTH>GRN>ON,0.4718156422809422,0.5281843577190578,IND>OTH>GRN>ON,0.5033930097914362,0.49660699020856375,IND>OTH>GRN>LNP,LNP,LNP-ALP,0.02825755907818528,0.4717424409218147,OTH preference depletion off,False,0.007320135912747272
South-West Coast,Western Victoria,LNP,LNP,IND,0.569474617613555,0.430525382386445,0.069474617613555,LNP-IND,OTH>GRN>ALP>ON,0.35817694707213116,0.6418230529278688,OTH>GRN>ON>IND,0.34868025222708043,0.6513197477729196,OTH>GRN>IND>LNP,LNP,LNP-IND,0.06948213549349225,0.35817345450533017,OTH preference depletion off,False,0.0003492566800988861
St Albans,Western Metro,ALP,ALP,ON,0.5591912949575455,0.44080870504245445,0.05919129495754549,ALP-ON,IND>GRN>OTH>LNP,0.5537147620928907,0.4462852379071092,IND>GRN>OTH>ON,0.5591912949575455,0.44080870504245445,IND>GRN>OTH>LNP,ALP,ALP-ON,0.06061525861205408,0.5530479300956488,OTH preference depletion off,False,0.06668319972419345
Sunbury,Western Metro,ALP,ON,ALP,0.5592467337665856,0.44075326623341443,0.059246733766585624,ON-ALP,IND>OTH>GRN>LNP,0.45579129914947986,0.5442087008505202,IND>OTH>GRN>ON,0.44075326623341443,0.5592467337665856,IND>OTH>GRN>LNP,ON,ON-ALP,0.05917497979675179,0.4557305461150699,OTH preference depletion off,False,0.006075303440994384
Sydenham,Western Metro,ALP,ALP,ON,0.5173659323337261,0.4826340676662739,0.017365932333726075,ALP-ON,IND>GRN>OTH>LNP,0.5245316400306546,0.4754683599693454,IND>GRN>OTH>ON,0.5173659323337261,0.4826340676662739,IND>GRN>OTH>LNP,ALP,ALP-ON,0.01853777996989081,0.5240483738233647,OTH preference depletion off,False,0.04832662072898897
Tarneit,Western Metro,ALP,ALP,ON,0.5543146296764281,0.44568537032357186,0.05431462967642808,ALP-ON,IND>GRN>OTH>LNP,0.5651592833949473,0.43484071660505286,IND>GRN>OTH>ON,0.5543146296764281,0.44568537032357186,IND>GRN>OTH>LNP,ALP,ALP-ON,0.05510669854710559,0.5648048839691469,OTH preference depletion off,False,0.03543994258004002
Thomastown,Northern Metro,ALP,ALP,ON,0.5779934313438557,0.4220065686561443,0.07799343134385572,ALP-ON,IND>GRN>OTH>LNP,0.6094939841144503,0.3905060158855497,IND>GRN>OTH>ON,0.5779934313438557,0.4220065686561443,IND>GRN>OTH>LNP,ALP,ALP-ON,0.07901117261318291,0.6090754235329631,OTH preference depletion off,False,0.04185605814872595
Warrandyte,North-Eastern Metro,LNP,LNP,ALP,0.6231705550136871,0.3768294449863129,0.12317055501368712,LNP-ALP,IND>OTH>GRN>ON,0.3768294449863129,0.6231705550136871,IND>OTH>GRN>ON,0.5078999836494292,0.49210001635057077,IND>OTH>GRN>LNP,LNP,LNP-ALP,0.12320322549423934,0.3767967745057606,OTH preference depletion off,False,0.003267048055227706
Wendouree,Western Victoria,ALP,LNP,ALP,0.5040660016119588,0.49593399838804125,0.004066001611958803,LNP-ALP,IND>OTH>GRN>ON,0.49593399838804125,0.5040660016119588,IND>OTH>GRN>ON,0.5071576930146036,0.49284230698539655,IND>OTH>GRN>LNP,LNP,LNP-ALP,0.004116323590148463,0.49588367640985154,OTH preference depletion off,False,0.005032197818971573
Werribee,Western Metro,ALP,ON,ALP,0.5376999615059624,0.4623000384940376,0.03769996150596244,ON-ALP,GRN>OTH>IND>LNP,0.505966380641987,0.4940336193580131,GRN>OTH>IND>ON,0.4623000384940376,0.5376999615059624,GRN>OTH>IND>LNP,ON,ON-ALP,0.03719207067302477,0.5057048914300766,OTH preference depletion off,False,0.026148921191038177
Williamstown,Western Metro,ALP,ALP,LNP,0.5831751849077986,0.41682481509220143,0.08317518490779863,ALP-LNP,IND>OTH>GRN>ON,0.5831751849077986,0.41682481509220143,IND>OTH>GRN>ON,0.6304126698973878,0.36958733010261224,IND>OTH>GRN>LNP,ALP,ALP-LNP,0.08305066652329474,0.5830506665232947,OTH preference depletion off,False,0.012451838450389108
Yan Yean,Northern Victoria,ALP,LNP,ALP,0.5241775547720768,0.4758224452279232,0.024177554772076837,LNP-ALP,IND>GRN>OTH>ON,0.4758224452279232,0.5241775547720768,IND>GRN>OTH>ON,0.46134419878026994,0.5386558012197301,IND>GRN>OTH>LNP,LNP,LNP-ALP,0.024708727873410052,0.47529127212659006,OTH preference depletion off,False,0.053117310133316
Albert Park,Southern Metro,ALP,ALP,LNP,0.5757171548197969,0.42428284518020315,0.0757171548197969,ALP-LNP,OTH>IND>ON>GRN,0.5757171548197969,0.42428284518020315,OTH>IND>ON>GRN,0.6716662248593729,0.32833377514062717,OTH>IND>GRN>LNP,ALP,ALP-LNP,0.06663418172008395,0.566634181720084,Joint architecture stress,False,0.9082973099712954
Ashwood,Southern Metro,ALP,LNP,ALP,0.5103198453565053,0.48968015464349474,0.01031984535650532,LNP-ALP,OTH>IND>ON>GRN,0.48968015464349474,0.5103198453565053,OTH>IND>ON>GRN,0.6198926744592919,0.38010732554070814,OTH>IND>GRN>LNP,LNP,LNP-ALP,0.015102013567555028,0.4848979864324449,Joint architecture stress,False,0.478216821104982
Bass,Eastern Victoria,ALP,LNP,ON,0.5779180158400943,0.4220819841599058,0.07791801584009428,LNP-ON,OTH>IND>GRN>ALP,0.39721654612565777,0.6027834538743423,OTH>IND>GRN>ON,0.3728315587505828,0.6271684412494172,OTH>IND>GRN>LNP,LNP,LNP-ON,0.07859091445890387,0.36938713274582885,Joint architecture stress,False,2.7829413379828916
Bayswater,North-Eastern Metro,ALP,LNP,ALP,0.5308841912852724,0.4691158087147276,0.030884191285272422,LNP-ALP,IND>OTH>GRN>ON,0.4691158087147276,0.5308841912852724,IND>OTH>GRN>ON,0.51736010272173,0.48263989727826995,IND>OTH>GRN>LNP,LNP,LNP-ALP,0.05558025582217585,0.4444197441778241,Joint architecture stress,False,2.469606453690348
Bellarine,Western Victoria,ALP,ALP,LNP,0.5119998214605531,0.488000178539447,0.011999821460553117,ALP-LNP,OTH>IND>GRN>ON,0.5119998214605531,0.488000178539447,OTH>IND>GRN>ON,0.5120152185284387,0.48798478147156144,OTH>IND>GRN>LNP,LNP,LNP-ALP,0.006771760628528578,0.4932282393714715,Joint architecture stress,True,1.877158208908164
Benambra,Northern Victoria,LNP,LNP,IND,0.543692581557403,0.4563074184425971,0.043692581557402965,LNP-IND,ALP>OTH>GRN>ON,0.291975988867326,0.708024011132674,OTH>GRN>ON>IND,0.36614669677315664,0.6338533032268434,OTH>GRN>LNP>IND,LNP,LNP-IND,0.06395056369694263,0.25938961219529955,Joint architecture stress,False,3.2586376672026462
Bendigo East,Northern Victoria,ALP,ALP,LNP,0.5320038319164578,0.4679961680835422,0.03200383191645784,ALP-LNP,OTH>IND>GRN>ON,0.5320038319164578,0.4679961680835422,OTH>IND>GRN>ON,0.5409279909562912,0.45907200904370876,OTH>IND>GRN>LNP,ALP,ALP-LNP,0.00904846871773235,0.5090484687177323,Joint architecture stress,False,2.2955363198725487
Bendigo West,Northern Victoria,ALP,ALP,ON,0.5441476321363874,0.4558523678636126,0.044147632136387394,ALP-ON,IND>OTH>GRN>LNP,0.5713917085782652,0.42860829142173484,IND>OTH>GRN>ON,0.5441476321363874,0.4558523678636126,IND>OTH>GRN>LNP,ALP,ALP-ON,0.04368676386594428,0.5465088266702205,Joint architecture stress,False,2.4882881908044663
Bentleigh,Southern Metro,ALP,ALP,LNP,0.5349133707354156,0.4650866292645844,0.03491337073541556,ALP-LNP,OTH>IND>GRN>ON,0.5349133707354156,0.4650866292645844,OTH>IND>GRN>ON,0.6078323311883167,0.3921676688116834,OTH>IND>GRN>LNP,ALP,ALP-LNP,0.012172362761108224,0.5121723627611082,Joint architecture stress,False,2.2741007974307337
Berwick,South-Eastern Metro,LNP,LNP,ALP,0.6209949187535575,0.37900508124644244,0.1209949187535575,LNP-ALP,IND>OTH>GRN>ON,0.37900508124644244,0.6209949187535575,IND>OTH>GRN>ON,0.3982566562748299,0.60174334372517,IND>OTH>GRN>LNP,LNP,LNP-ALP,0.143499141401075,0.356500858598925,Joint architecture stress,False,2.2504222647517444
Box Hill,North-Eastern Metro,ALP,ALP,LNP,0.5011245272779561,0.49887547272204386,0.0011245272779560889,ALP-LNP,IND>OTH>ON>GRN,0.5011245272779561,0.49887547272204386,IND>OTH>ON>GRN,0.6229464048665323,0.37705359513346764,IND>OTH>GRN>LNP,LNP,LNP-ALP,0.0036079132165027783,0.4963920867834973,Joint architecture stress,True,0.47324404944588117
Brighton,Southern Metro,LNP,LNP,GRN,0.597428205736007,0.402571794263993,0.09742820573600697,LNP-GRN,OTH>ON>IND>ALP,0.4079879174013535,0.5920120825986466,OTH>ON>IND>GRN,0.6089154279978506,0.39108457200214936,OTH>IND>GRN>LNP,LNP,LNP-GRN,0.08900258552286511,0.40019537000892336,Joint architecture stress,False,0.7792547392430127
Broadmeadows,Northern Metro,ALP,ALP,ON,0.5720910651865011,0.42790893481349884,0.0720910651865011,ALP-ON,IND>GRN>OTH>LNP,0.6360854778301807,0.36391452216981934,IND>GRN>OTH>ON,0.5720910651865011,0.42790893481349884,IND>GRN>OTH>LNP,ALP,ALP-ON,0.06447860261806027,0.6016611278416273,Joint architecture stress,False,3.442434998855337
Brunswick,Northern Metro,GRN,GRN,ALP,0.6676811134844319,0.33231888651556807,0.16768111348443193,GRN-ALP,IND>LNP>OTH>ON,0.7396132715152031,0.260386728484797,IND>OTH>ON>GRN,0.7764249492334702,0.2235750507665299,IND>LNP>OTH>GRN,GRN,GRN-ALP,0.16122098478855595,0.7812680524127104,Joint architecture stress,False,-4.16547808975073
Bulleen,North-Eastern Metro,LNP,LNP,ALP,0.6272572027896309,0.3727427972103691,0.12725720278963093,LNP-ALP,OTH>IND>ON>GRN,0.3727427972103691,0.6272572027896309,OTH>IND>ON>GRN,0.5511525804550519,0.44884741954494817,OTH>IND>GRN>LNP,LNP,LNP-ALP,0.13244201563571323,0.36755798436428677,Joint architecture stress,False,0.5184812846082354
Bundoora,North-Eastern Metro,ALP,ALP,LNP,0.575551657030654,0.424448342969346,0.07555165703065403,ALP-LNP,IND>OTH>GRN>ON,0.575551657030654,0.424448342969346,IND>OTH>GRN>ON,0.5933392328199598,0.4066607671800402,IND>OTH>GRN>LNP,ALP,ALP-LNP,0.0480084539478679,0.5480084539478679,Joint architecture stress,False,2.7543203082786127
Carrum,South-Eastern Metro,ALP,ALP,LNP,0.5107261985421638,0.4892738014578363,0.010726198542163834,ALP-LNP,IND>OTH>GRN>ON,0.5107261985421638,0.4892738014578363,IND>OTH>GRN>ON,0.48005233028133587,0.5199476697186642,IND>OTH>GRN>LNP,LNP,LNP-ALP,0.014418377955608519,0.4855816220443916,Joint architecture stress,True,2.514457649777224
Caulfield,Southern Metro,LNP,LNP,GRN,0.5873986266998463,0.4126013733001537,0.08739862669984633,LNP-GRN,OTH>IND>ON>ALP,0.43319875909975425,0.5668012409002458,OTH>IND>ON>GRN,0.6211563643955026,0.3788436356044974,OTH>IND>GRN>LNP,LNP,LNP-GRN,0.07688376236894212,0.4248858869463901,Joint architecture stress,False,0.8312872153364126
Clarinda,South-Eastern Metro,ALP,ALP,LNP,0.5625942198434993,0.4374057801565008,0.06259421984349933,ALP-LNP,OTH>GRN>IND>ON,0.5625942198434993,0.4374057801565008,OTH>GRN>IND>ON,0.5907590321368279,0.40924096786317216,OTH>GRN>IND>LNP,ALP,ALP-LNP,0.03916757549836791,0.5391675754983679,Joint architecture stress,False,2.342664434513142
Cranbourne,South-Eastern Metro,ALP,ON,ALP,0.5068172622802627,0.49318273771973736,0.0068172622802626925,ON-ALP,IND>GRN>OTH>LNP,0.5365734765827717,0.4634265234172284,IND>GRN>OTH>ON,0.49318273771973736,0.5068172622802627,IND>GRN>OTH>LNP,ON,ON-ALP,0.005305963062483099,0.5054022533907976,Joint architecture stress,False,3.1171223191974073
Croydon,North-Eastern Metro,LNP,LNP,ALP,0.5707330322979118,0.4292669677020883,0.07073303229791184,LNP-ALP,IND>OTH>GRN>ON,0.4292669677020883,0.5707330322979118,IND>OTH>GRN>ON,0.5003479556138043,0.4996520443861957,IND>OTH>GRN>LNP,LNP,LNP-ALP,0.09413836171125811,0.405861638288742,Joint architecture stress,False,2.3405329413346276
Dandenong,South-Eastern Metro,ALP,ALP,ON,0.5982714391392999,0.40172856086070013,0.09827143913929992,ALP-ON,IND>GRN>OTH>LNP,0.6433554427533447,0.3566445572466553,IND>GRN>OTH>ON,0.5982714391392999,0.40172856086070013,IND>GRN>OTH>LNP,ALP,ALP-ON,0.09942799349777032,0.6175602466127724,Joint architecture stress,False,2.579519614057224
Eildon,Northern Victoria,LNP,LNP,ON,0.6137767180873807,0.3862232819126194,0.11377671808738066,LNP-ON,IND>OTH>GRN>ALP,0.3653354125260812,0.6346645874739189,IND>OTH>GRN>ON,0.36075083677774317,0.6392491632222569,IND>OTH>GRN>LNP,LNP,LNP-ON,0.11430974690410167,0.33888950766761966,Joint architecture stress,False,2.6445904858461544
Eltham,North-Eastern Metro,ALP,ALP,LNP,0.5388401053553064,0.46115989464469365,0.038840105355306354,ALP-LNP,IND>OTH>GRN>ON,0.5388401053553064,0.46115989464469365,IND>OTH>GRN>ON,0.5812417565286974,0.41875824347130275,IND>OTH>GRN>LNP,ALP,ALP-LNP,0.014292470079394715,0.5142924700793947,Joint architecture stress,False,2.454763527591164
Essendon,Northern Metro,ALP,ALP,LNP,0.559272612515074,0.4407273874849261,0.059272612515073986,ALP-LNP,IND>OTH>GRN>ON,0.559272612515074,0.4407273874849261,IND>OTH>GRN>ON,0.5726214761378192,0.4273785238621807,IND>OTH>GRN>LNP,ALP,ALP-LNP,0.028867992944237697,0.5288679929442377,Joint architecture stress,False,3.040461957083629
Eureka,Western Victoria,ALP,ON,ALP,0.5744022335165265,0.4255977664834735,0.07440223351652653,ON-ALP,IND>OTH>GRN>LNP,0.4843676463097459,0.5156323536902542,IND>OTH>GRN>ON,0.4255977664834735,0.5744022335165265,IND>OTH>GRN>LNP,ON,ON-ALP,0.0749130097183579,0.45395064730849055,Joint architecture stress,False,3.0416999001255327
Euroa,Northern Victoria,LNP,LNP,ON,0.6143880966365278,0.3856119033634723,0.11438809663652783,LNP-ON,IND>OTH>GRN>ALP,0.3194847634016907,0.6805152365983094,IND>OTH>GRN>ON,0.33079577802144444,0.6692042219785557,IND>OTH>GRN>LNP,LNP,LNP-ON,0.11464565523938697,0.2938038134531287,Joint architecture stress,False,2.568094994856196
Evelyn,Eastern Victoria,LNP,LNP,ALP,0.6276008134515106,0.37239918654848947,0.12760081345151064,LNP-ALP,IND>OTH>GRN>ON,0.37239918654848947,0.6276008134515106,IND>OTH>GRN>ON,0.39712750479785086,0.6028724952021493,IND>OTH>GRN>LNP,LNP,LNP-ALP,0.14900604587146993,0.35099395412853013,Joint architecture stress,False,2.1405232419959344
Footscray,Western Metro,ALP,ALP,GRN,0.5144590869552248,0.48554091304477515,0.014459086955224798,ALP-GRN,IND>OTH>LNP>ON,0.6779746915073841,0.32202530849261585,IND>OTH>ON>GRN,0.757331225045181,0.24266877495481895,IND>OTH>LNP>GRN,ALP,ALP-GRN,0.02347907023663587,0.6931080572744553,Joint architecture stress,False,-1.513336576707125
Frankston,South-Eastern Metro,ALP,ALP,LNP,0.5378479021539535,0.46215209784604644,0.037847902153953505,ALP-LNP,IND>OTH>GRN>ON,0.5378479021539535,0.46215209784604644,IND>OTH>GRN>ON,0.5168249443755439,0.48317505562445606,IND>OTH>GRN>LNP,ALP,ALP-LNP,0.0061907970010247615,0.5061907970010248,Joint architecture stress,False,3.1657105152928744
Geelong,Western Victoria,ALP,ON,ALP,0.5039446702852377,0.49605532971476224,0.003944670285237706,ON-ALP,OTH>IND>GRN>LNP,0.5449820887059832,0.4550179112940169,OTH>IND>GRN>ON,0.49605532971476224,0.5039446702852377,OTH>IND>GRN>LNP,ON,ON-ALP,0.003977693155855944,0.5121305615927,Joint architecture stress,False,3.2851527113283208
Gippsland East,Eastern Victoria,LNP,LNP,ON,0.6223159008547252,0.37768409914527473,0.12231590085472521,LNP-ON,IND>ALP>OTH>GRN,0.22007217467833237,0.7799278253216675,IND>OTH>GRN>ON,0.2319355913791846,0.7680644086208153,IND>OTH>GRN>LNP,LNP,LNP-ON,0.12038551045973078,0.19084642586774223,Joint architecture stress,False,2.9225748810590146
Gippsland South,Eastern Victoria,LNP,LNP,ON,0.6096290819856491,0.3903709180143509,0.10962908198564913,LNP-ON,OTH>IND>GRN>ALP,0.2765975298173119,0.7234024701826882,OTH>IND>GRN>ON,0.27753654946542816,0.7224634505345718,OTH>IND>GRN>LNP,LNP,LNP-ON,0.10973884026599956,0.24715485000488083,Joint architecture stress,False,2.9442679812431067
Glen Waverley,North-Eastern Metro,ALP,LNP,ALP,0.5245031586228358,0.4754968413771642,0.024503158622835808,LNP-ALP,IND>OTH>GRN>ON,0.4754968413771642,0.5245031586228358,IND>OTH>GRN>ON,0.6010526269490137,0.3989473730509863,IND>OTH>GRN>LNP,LNP,LNP-ALP,0.04188746909315044,0.4581125309068496,Joint architecture stress,False,1.738431047031458
Greenvale,Northern Metro,ALP,ALP,LNP,0.5587692765324582,0.44123072346754183,0.058769276532458226,ALP-LNP,IND>GRN>ON>OTH,0.5587692765324582,0.44123072346754183,IND>GRN>ON>OTH,0.5578068913945854,0.44219310860541455,IND>GRN>OTH>LNP,ALP,ALP-LNP,0.05262238013777931,0.5526223801377793,Joint architecture stress,False,0.6146896394678913
Hastings,Eastern Victoria,ALP,LNP,ALP,0.5689335467840543,0.4310664532159458,0.06893354678405428,LNP-ALP,IND>OTH>GRN>ON,0.4310664532159458,0.5689335467840543,IND>OTH>GRN>ON,0.4087105757323747,0.5912894242676253,IND>OTH>GRN>LNP,LNP,LNP-ALP,0.09612172437252997,0.40387827562747003,Joint architecture stress,False,2.7188177588475746
Hawthorn,Southern Metro,LNP,LNP,IND,0.6006231279410545,0.3993768720589454,0.10062312794105455,LNP-IND,OTH>ON>ALP>GRN,0.46389520176145027,0.5361047982385497,OTH>ON>GRN>IND,0.6600150140134592,0.33998498598654076,OTH>GRN>IND>LNP,LNP,LNP-IND,0.07696461128487908,0.468956048335715,Joint architecture stress,False,-0.5060846574264755
Ivanhoe,North-Eastern Metro,ALP,ALP,LNP,0.5614720075885716,0.4385279924114285,0.06147200758857163,ALP-LNP,OTH>IND>ON>GRN,0.5614720075885716,0.4385279924114285,OTH>IND>ON>GRN,0.6335596489232816,0.3664403510767184,OTH>IND>GRN>LNP,ALP,ALP-LNP,0.055228910530637054,0.555228910530637,Joint architecture stress,False,0.6243097057934577
Kalkallo,Northern Metro,ALP,ALP,ON,0.5469756643384627,0.4530243356615374,0.046975664338462675,ALP-ON,IND>GRN>OTH>LNP,0.5956164058284448,0.4043835941715553,IND>GRN>OTH>ON,0.5469756643384627,0.4530243356615374,IND>GRN>OTH>LNP,ALP,ALP-ON,0.04780643878944457,0.5765731412684397,Joint architecture stress,False,1.9043264560005047
Kew,Southern Metro,LNP,LNP,IND,0.6215251382127146,0.37847486178728534,0.1215251382127146,LNP-IND,OTH>ON>ALP>GRN,0.42545888619548206,0.5745411138045179,OTH>ON>GRN>IND,0.6422001489647022,0.3577998510352978,OTH>GRN>IND>LNP,LNP,LNP-IND,0.09723944554699626,0.4279654831966599,Joint architecture stress,False,-0.2506597001177835
Kororoit,Western Metro,ALP,ALP,ON,0.6124444763408536,0.3875555236591464,0.11244447634085364,ALP-ON,IND>GRN>LNP>OTH,0.6037904981979079,0.39620950180209213,IND>GRN>ON>OTH,0.6124444763408536,0.3875555236591464,IND>GRN>LNP>OTH,ALP,ALP-ON,0.09198097928511695,0.5965191841775287,Joint architecture stress,False,0.7271314020379172
Lara,Western Victoria,ALP,ON,ALP,0.5243056081679816,0.47569439183201845,0.02430560816798155,ON-ALP,IND>OTH>GRN>LNP,0.5610459695900933,0.43895403040990666,IND>OTH>GRN>ON,0.47569439183201845,0.5243056081679816,IND>OTH>GRN>LNP,ON,ON-ALP,0.02413901764614168,0.5274916479533848,Joint architecture stress,False,3.3554321636708573
Laverton,Western Metro,ALP,ALP,ON,0.5988944744280518,0.4011055255719482,0.09889447442805177,ALP-ON,IND>GRN>OTH>LNP,0.6378762945972022,0.36212370540279787,IND>GRN>OTH>ON,0.5988944744280518,0.4011055255719482,IND>GRN>OTH>LNP,ALP,ALP-ON,0.08944642148366455,0.6045664385937876,Joint architecture stress,False,3.330985600341463
Lowan,Western Victoria,LNP,LNP,ON,0.6479734398266529,0.35202656017334716,0.1479734398266529,LNP-ON,IND>OTH>ALP>GRN,0.23147915052642573,0.7685208494735742,IND>OTH>GRN>ON,0.25073401279424,0.74926598720576,IND>OTH>GRN>LNP,LNP,LNP-ON,0.1498563917077107,0.20611309204266096,Joint architecture stress,False,2.5366058483764773
Macedon,Northern Victoria,ALP,ALP,LNP,0.5108987303704479,0.4891012696295521,0.010898730370447862,ALP-LNP,OTH>IND>GRN>ON,0.5108987303704479,0.4891012696295521,OTH>IND>GRN>ON,0.47352443488934415,0.526475565110656,OTH>IND>GRN>LNP,LNP,LNP-ALP,0.016088115000675418,0.48391188499932464,Joint architecture stress,True,2.6986845371123227
Malvern,Southern Metro,LNP,LNP,GRN,0.6462978229177122,0.3537021770822879,0.1462978229177122,LNP-GRN,IND>OTH>ON>ALP,0.3698963776220087,0.6301036223779913,IND>OTH>ON>GRN,0.6075805469484634,0.3924194530515367,IND>OTH>GRN>LNP,LNP,LNP-GRN,0.1359534942591737,0.36402259055097586,Joint architecture stress,False,0.5873787071032865
Melbourne,Northern Metro,GRN,GRN,ALP,0.6472998103809874,0.3527001896190126,0.14729981038098738,GRN-ALP,IND>OTH>LNP>ON,0.6741715011078363,0.3258284988921637,IND>OTH>ON>GRN,0.7708829061778033,0.22911709382219678,IND>OTH>LNP>GRN,GRN,GRN-ALP,0.13945163298801133,0.7088886841849269,Joint architecture stress,False,-3.4717183077090596
Melton,Western Victoria,ALP,ON,IND,0.5581634232009105,0.44183657679908955,0.0581634232009105,ON-IND,GRN>OTH>LNP>ALP,0.4480442670583076,0.5519557329416925,GRN>OTH>IND>ON,0.4629697712890076,0.5370302287109925,GRN>OTH>LNP>IND,ON,ON-IND,0.04450895891021578,0.4198558388585376,Joint architecture stress,False,2.8188428199769966
Mildura,Northern Victoria,LNP,LNP,IND,0.5039797040322304,0.4960202959677697,0.003979704032230358,LNP-IND,ALP>OTH>GRN>ON,0.30386049022864053,0.6961395097713595,OTH>GRN>ON>IND,0.3746015520294835,0.6253984479705166,OTH>GRN>LNP>IND,LNP,LNP-IND,0.02589946051600156,0.2657951524222583,Joint architecture stress,False,3.8065337806382216
Mill Park,North-Eastern Metro,ALP,ALP,ON,0.5452344794311268,0.45476552056887326,0.045234479431126795,ALP-ON,IND>GRN>OTH>LNP,0.5853515062360496,0.4146484937639505,IND>GRN>OTH>ON,0.5452344794311268,0.45476552056887326,IND>GRN>OTH>LNP,ALP,ALP-ON,0.04652163591394787,0.5567730883143781,Joint architecture stress,False,2.8578417921671484
Monbulk,Eastern Victoria,ALP,LNP,ALP,0.5097916855849518,0.4902083144150483,0.009791685584951804,LNP-ALP,OTH>IND>GRN>ON,0.4902083144150483,0.5097916855849518,OTH>IND>GRN>ON,0.4559234885703768,0.5440765114296232,OTH>IND>GRN>LNP,LNP,LNP-ALP,0.03539496663493036,0.4646050333650697,Joint architecture stress,False,2.5603281049978612
Mordialloc,South-Eastern Metro,ALP,ALP,LNP,0.532688494141534,0.46731150585846615,0.032688494141533964,ALP-LNP,OTH>IND>GRN>ON,0.532688494141534,0.46731150585846615,OTH>IND>GRN>ON,0.5778960205945658,0.42210397940543415,OTH>IND>GRN>LNP,ALP,ALP-LNP,0.006915398861718214,0.5069153988617182,Joint architecture stress,False,2.577309527981575
Mornington,Eastern Victoria,LNP,LNP,IND,0.5896057366353084,0.41039426336469176,0.08960573663530835,LNP-IND,OTH>GRN>ALP>ON,0.3350657611042133,0.6649342388957867,OTH>GRN>ON>IND,0.36676093693463596,0.6332390630653641,OTH>GRN>IND>LNP,LNP,LNP-IND,0.10141600155343677,0.31724756526680886,Joint architecture stress,False,1.781819583740446
Morwell,Eastern Victoria,LNP,LNP,ON,0.5058377003877834,0.4941622996122166,0.005837700387783418,LNP-ON,GRN>OTH>IND>ALP,0.42156305485211465,0.5784369451478854,GRN>OTH>IND>ON,0.3596328995504006,0.6403671004495993,GRN>OTH>IND>LNP,LNP,LNP-ON,0.005727066468185438,0.3713167708165247,Joint architecture stress,False,5.024628403558995
Mulgrave,South-Eastern Metro,ALP,ALP,IND,0.6023407423639306,0.3976592576360694,0.10234074236393065,ALP-IND,OTH>GRN>LNP>ON,0.6311761642115814,0.36882383578841865,OTH>GRN>ON>IND,0.6929436698619063,0.30705633013809375,OTH>GRN>LNP>IND,ALP,ALP-IND,0.10055218868801219,0.6073149596352846,Joint architecture stress,False,2.3861204576296813
Murray Plains,Northern Victoria,LNP,LNP,ON,0.6175347779331026,0.3824652220668975,0.11753477793310263,LNP-ON,IND>ALP>GRN>OTH,0.2018232870241566,0.7981767129758432,IND>GRN>OTH>ON,0.2076887970310365,0.7923112029689634,IND>GRN>OTH>LNP,LNP,LNP-ON,0.11539404696830047,0.1735273781559351,Joint architecture stress,False,2.8295908868221504
Narracan,Eastern Victoria,LNP,LNP,ON,0.6389789799277061,0.361021020072294,0.13897897992770614,LNP-ON,OTH>IND>ALP>GRN,0.3819907290057865,0.6180092709942134,OTH>IND>GRN>ON,0.3796532346187218,0.6203467653812782,OTH>IND>GRN>LNP,LNP,LNP-ON,0.14535568510793861,0.36305273343468386,Joint architecture stress,False,1.893799557110265
Narre Warren North,South-Eastern Metro,ALP,ALP,ON,0.5126014132900588,0.48739858670994113,0.012601413290058816,ALP-ON,IND>GRN>OTH>LNP,0.5459540043374345,0.4540459956625655,IND>GRN>OTH>ON,0.5126014132900588,0.48739858670994113,IND>GRN>OTH>LNP,ALP,ALP-ON,0.013546949763304061,0.5150361227277542,Joint architecture stress,False,3.091788160968023
Narre Warren South,South-Eastern Metro,ALP,ALP,ON,0.5200087344752986,0.47999126552470134,0.020008734475298606,ALP-ON,IND>GRN>OTH>LNP,0.5430384931433956,0.4569615068566044,IND>GRN>OTH>ON,0.5200087344752986,0.47999126552470134,IND>GRN>OTH>LNP,ALP,ALP-ON,0.021086295670180832,0.5135354026617018,Joint architecture stress,False,2.950309048169375
Nepean,Eastern Victoria,LNP,LNP,ALP,0.6339140795715166,0.3660859204284834,0.13391407957151658,LNP-ALP,OTH>IND>GRN>ON,0.3660859204284834,0.6339140795715166,OTH>IND>GRN>ON,0.39150531669866506,0.6084946833013349,OTH>IND>GRN>LNP,LNP,LNP-ALP,0.1564602903062553,0.3435397096937447,Joint architecture stress,False,2.2546210734738725
Niddrie,Western Metro,ALP,ALP,LNP,0.5150742716357793,0.48492572836422065,0.015074271635779346,ALP-LNP,IND>OTH>GRN>ON,0.5150742716357793,0.48492572836422065,IND>OTH>GRN>ON,0.5341666107998986,0.4658333892001015,IND>OTH>GRN>LNP,LNP,LNP-ALP,0.016994037504608817,0.48300596249539124,Joint architecture stress,True,3.206830914038811
Northcote,Northern Metro,ALP,GRN,ALP,0.5565013946868392,0.44349860531316077,0.056501394686839235,GRN-ALP,IND>LNP>OTH>ON,0.7217323935113108,0.2782676064886892,IND>OTH>ON>GRN,0.7417799523874224,0.25822004761257755,IND>LNP>OTH>GRN,GRN,GRN-ALP,0.04748032080594611,0.7477727158439831,Joint architecture stress,False,-2.6040322332672283
Oakleigh,Southern Metro,ALP,ALP,LNP,0.5830297574504063,0.41697024254959364,0.0830297574504063,ALP-LNP,OTH>IND>GRN>ON,0.5830297574504063,0.41697024254959364,OTH>IND>GRN>ON,0.6174171134364094,0.3825828865635906,OTH>IND>GRN>LNP,ALP,ALP-LNP,0.05671095902124246,0.5567109590212425,Joint architecture stress,False,2.6318798429163848
Ovens Valley,Northern Victoria,LNP,LNP,ON,0.6136997595617574,0.38630024043824274,0.11369975956175737,LNP-ON,IND>ALP>GRN>OTH,0.293348748751148,0.7066512512488521,IND>GRN>OTH>ON,0.2759563725547516,0.7240436274452485,IND>GRN>OTH>LNP,LNP,LNP-ON,0.11053697713571964,0.26342565918987837,Joint architecture stress,False,2.9923089561269656
Pakenham,Eastern Victoria,ALP,LNP,ON,0.5412169480535924,0.4587830519464076,0.04121694805359244,LNP-ON,GRN>IND>OTH>ALP,0.4402666799199975,0.5597333200800025,GRN>IND>OTH>ON,0.39447224672259057,0.6055277532774094,GRN>IND>OTH>LNP,LNP,LNP-ON,0.0387745470747104,0.4056826021105407,Joint architecture stress,False,3.4584077809456826
Pascoe Vale,Northern Metro,ALP,GRN,ALP,0.5032262560468808,0.49677374395311924,0.00322625604688076,GRN-ALP,OTH>IND>LNP>ON,0.6134388625532244,0.38656113744677556,OTH>IND>ON>GRN,0.6749787342157503,0.3250212657842498,OTH>IND>LNP>GRN,ALP,ALP-GRN,0.008142817766049748,0.6292559157862876,Joint architecture stress,True,-1.581705323306315
Point Cook,Western Metro,ALP,ALP,ON,0.5251030282086196,0.47489697179138046,0.02510302820861965,ALP-ON,GRN>OTH>IND>LNP,0.575767807153935,0.42423219284606506,GRN>OTH>IND>ON,0.5251030282086196,0.47489697179138046,GRN>OTH>IND>LNP,ALP,ALP-ON,0.013954921181138169,0.5328170380506575,Joint architecture stress,False,4.295076910327755
Polwarth,Western Victoria,LNP,LNP,GRN,0.6394634261751084,0.3605365738248916,0.13946342617510843,LNP-GRN,IND>OTH>ALP>ON,0.3997870105990524,0.6002129894009476,IND>OTH>GRN>ON,0.40824475395695226,0.5917552460430477,IND>OTH>GRN>LNP,LNP,LNP-GRN,0.1496080441066312,0.3783204282414085,Joint architecture stress,False,2.1466582357643924
Prahran,Southern Metro,GRN,GRN,LNP,0.5807890965621889,0.4192109034378111,0.08078909656218891,GRN-LNP,IND>OTH>ON>ALP,0.5461485844569761,0.45385141554302383,IND>OTH>ON>GRN,0.713181871960427,0.28681812803957296,IND>OTH>LNP>GRN,GRN,GRN-LNP,0.07285013052656286,0.5766792299759903,Joint architecture stress,False,-3.053064551901419
Preston,Northern Metro,ALP,ALP,ON,0.6207644488579246,0.37923555114207547,0.12076444885792459,ALP-ON,OTH>LNP>IND>GRN,0.6432383049027324,0.35676169509726763,OTH>IND>GRN>ON,0.6207644488579246,0.37923555114207547,OTH>LNP>IND>GRN,ALP,ALP-ON,0.12447459461622079,0.6119746053249453,Joint architecture stress,False,3.1263699577787074
Richmond,Northern Metro,GRN,GRN,ALP,0.6007802463718933,0.39921975362810674,0.10078024637189331,GRN-ALP,IND>LNP>OTH>ON,0.7101426484687164,0.28985735153128367,IND>OTH>ON>GRN,0.771630870346564,0.22836912965343614,IND>LNP>OTH>GRN,GRN,GRN-ALP,0.0942431243056353,0.7429158829359531,Joint architecture stress,False,-3.277323446723668
Ringwood,North-Eastern Metro,ALP,LNP,ALP,0.5010884630309689,0.49891153696903107,0.001088463030968878,LNP-ALP,IND>OTH>ON>GRN,0.49891153696903107,0.5010884630309689,IND>OTH>ON>GRN,0.5754598864627537,0.42454011353724624,IND>OTH>GRN>LNP,LNP,LNP-ALP,0.006817164439438028,0.49318283556056197,Joint architecture stress,False,0.5728701408469095
Ripon,Western Victoria,ALP,ON,ALP,0.6055189143093802,0.3944810856906198,0.10551891430938021,ON-ALP,IND>GRN>OTH>LNP,0.45202112773005476,0.5479788722699453,IND>GRN>OTH>ON,0.3944810856906198,0.6055189143093802,IND>GRN>OTH>LNP,ON,ON-ALP,0.10513600579053306,0.4251129453226832,Joint architecture stress,False,2.6908182407371584
Rowville,South-Eastern Metro,LNP,LNP,ALP,0.5863215219702649,0.4136784780297352,0.08632152197026488,LNP-ALP,OTH>GRN>IND>ON,0.4136784780297352,0.5863215219702649,OTH>GRN>IND>ON,0.5017638650368899,0.4982361349631102,OTH>GRN>IND>LNP,LNP,LNP-ALP,0.10418578563759529,0.39581421436240477,Joint architecture stress,False,1.7864263667330404
Sandringham,Southern Metro,LNP,LNP,GRN,0.6353023991873009,0.36469760081269914,0.13530239918730091,LNP-GRN,OTH>IND>ON>ALP,0.3854997530359907,0.6145002469640094,OTH>IND>ON>GRN,0.5304130829087758,0.46958691709122435,OTH>IND>GRN>LNP,LNP,LNP-GRN,0.12424210022162896,0.3791408372798301,Joint architecture stress,False,0.6358915756160599
Shepparton,Northern Victoria,LNP,LNP,IND,0.5574132630051608,0.4425867369948392,0.05741326300516081,LNP-IND,ALP>OTH>GRN>ON,0.2863826508493195,0.7136173491506804,OTH>GRN>ON>IND,0.4577727495490327,0.5422272504509673,OTH>GRN>LNP>IND,LNP,LNP-IND,0.07999584918334712,0.2503166108848676,Joint architecture stress,False,3.60660399644519
South Barwon,Western Victoria,ALP,LNP,ALP,0.5049059394258366,0.4950940605741634,0.004905939425836614,LNP-ALP,IND>OTH>GRN>ON,0.4950940605741634,0.5049059394258366,IND>OTH>GRN>ON,0.5038120466163756,0.49618795338362437,IND>OTH>GRN>LNP,LNP,LNP-ALP,0.02825755907818528,0.4717424409218147,Joint architecture stress,False,2.3351619652348665
South-West Coast,Western Victoria,LNP,LNP,IND,0.5548468511179322,0.44515314888206786,0.054846851117932194,LNP-IND,OTH>GRN>ALP>ON,0.3652971651888612,0.6347028348111389,OTH>GRN>ON>IND,0.3473299473433999,0.6526700526566,OTH>GRN>IND>LNP,LNP,LNP-IND,0.06948213549349225,0.35817345450533017,Joint architecture stress,False,0.7123710683531015
St Albans,Western Metro,ALP,ALP,ON,0.5656340532949832,0.4343659467050168,0.06563405329498317,ALP-ON,IND>GRN>OTH>LNP,0.5851166602353339,0.41488333976466607,IND>GRN>OTH>ON,0.5656340532949832,0.4343659467050168,IND>GRN>OTH>LNP,ALP,ALP-ON,0.06061525861205408,0.5530479300956488,Joint architecture stress,False,3.206873013968514
Sunbury,Western Metro,ALP,ON,ALP,0.5593605892476381,0.44063941075236185,0.059360589247638096,ON-ALP,IND>OTH>GRN>LNP,0.48505319656831153,0.5149468034316885,IND>OTH>GRN>ON,0.44063941075236185,0.5593605892476381,IND>OTH>GRN>LNP,ON,ON-ALP,0.05917497979675179,0.4557305461150699,Joint architecture stress,False,2.9322650453241614
Sydenham,Western Metro,ALP,ALP,ON,0.5171790777730819,0.4828209222269181,0.01717907777308192,ALP-ON,IND>GRN>OTH>LNP,0.5519953944476705,0.44800460555232946,IND>GRN>OTH>ON,0.5171790777730819,0.4828209222269181,IND>GRN>OTH>LNP,ALP,ALP-ON,0.01853777996989081,0.5240483738233647,Joint architecture stress,False,2.7947020624305874
Tarneit,Western Metro,ALP,ALP,ON,0.5591271122062954,0.4408728877937047,0.05912711220629541,ALP-ON,IND>GRN>OTH>LNP,0.5965021278115646,0.4034978721884353,IND>GRN>OTH>ON,0.5591271122062954,0.4408728877937047,IND>GRN>OTH>LNP,ALP,ALP-ON,0.05510669854710559,0.5648048839691469,Joint architecture stress,False,3.169724384241779
Thomastown,Northern Metro,ALP,ALP,ON,0.5770276039812475,0.42297239601875253,0.07702760398124753,ALP-ON,IND>GRN>OTH>LNP,0.635075768936646,0.3649242310633541,IND>GRN>OTH>ON,0.5770276039812475,0.42297239601875253,IND>GRN>OTH>LNP,ALP,ALP-ON,0.07901117261318291,0.6090754235329631,Joint architecture stress,False,2.60003454036829
Warrandyte,North-Eastern Metro,LNP,LNP,ALP,0.6034653893220463,0.39653461067795376,0.1034653893220463,LNP-ALP,IND>OTH>GRN>ON,0.39653461067795376,0.6034653893220463,IND>OTH>GRN>ON,0.5093185283936223,0.49068147160637765,IND>OTH>GRN>LNP,LNP,LNP-ALP,0.12320322549423934,0.3767967745057606,Joint architecture stress,False,1.9737836172193157
Wendouree,Western Victoria,ALP,ALP,LNP,0.5232396243057355,0.4767603756942646,0.02323962430573545,ALP-LNP,IND>OTH>GRN>ON,0.5232396243057355,0.4767603756942646,IND>OTH>GRN>ON,0.5071450933015682,0.49285490669843185,IND>OTH>GRN>LNP,LNP,LNP-ALP,0.004116323590148463,0.49588367640985154,Joint architecture stress,True,2.7355947895883914
Werribee,Western Metro,ALP,ON,ALP,0.5313688816216747,0.46863111837832533,0.03136888162167473,ON-ALP,GRN>OTH>IND>LNP,0.5403753189778729,0.4596246810221271,GRN>OTH>IND>ON,0.46863111837832533,0.5313688816216747,GRN>OTH>IND>LNP,ON,ON-ALP,0.03719207067302477,0.5057048914300766,Joint architecture stress,False,3.4670427547796367
Williamstown,Western Metro,ALP,ALP,LNP,0.6202091305046672,0.37979086949533286,0.1202091305046672,ALP-LNP,IND>OTH>GRN>ON,0.6202091305046672,0.37979086949533286,IND>OTH>GRN>ON,0.6372291068535865,0.3627708931464135,IND>OTH>GRN>LNP,ALP,ALP-LNP,0.08305066652329474,0.5830506665232947,Joint architecture stress,False,3.715846398137246
Yan Yean,Northern Victoria,ALP,LNP,ALP,0.5036136856628377,0.49638631433716235,0.0036136856628377068,LNP-ALP,IND>GRN>OTH>ON,0.49638631433716235,0.5036136856628377,IND>GRN>OTH>ON,0.460897333399236,0.5391026666007641,IND>GRN>OTH>LNP,LNP,LNP-ALP,0.024708727873410052,0.47529127212659006,Joint architecture stress,False,2.109504221057229
Albert Park,Southern Metro,ALP,ALP,LNP,0.566634181720084,0.4333658182799161,0.06663418172008395,ALP-LNP,OTH>IND>ON>GRN,0.566634181720084,0.4333658182799161,OTH>IND>ON>GRN,0.6810882035122895,0.3189117964877106,OTH>IND>GRN>LNP,ALP,ALP-LNP,0.06663418172008395,0.566634181720084,Special priors: ON minus 5 pp,False,0.0
Ashwood,Southern Metro,ALP,LNP,ALP,0.515102013567555,0.4848979864324449,0.015102013567555028,LNP-ALP,OTH>IND>ON>GRN,0.4848979864324449,0.515102013567555,OTH>IND>ON>GRN,0.639576397655944,0.36042360234405607,OTH>IND>GRN>LNP,LNP,LNP-ALP,0.015102013567555028,0.4848979864324449,Special priors: ON minus 5 pp,False,0.0
Bass,Eastern Victoria,ALP,LNP,ON,0.5931206610888531,0.40687933891114697,0.09312066108885309,LNP-ON,OTH>IND>GRN>ALP,0.36938713274582885,0.6306128672541711,OTH>IND>GRN>ON,0.3926735735738292,0.6073264264261709,OTH>IND>GRN>LNP,LNP,LNP-ON,0.07859091445890387,0.36938713274582885,Special priors: ON minus 5 pp,False,0.0
Bayswater,North-Eastern Metro,ALP,LNP,ALP,0.5555802558221759,0.4444197441778241,0.05558025582217585,LNP-ALP,IND>OTH>GRN>ON,0.4444197441778241,0.5555802558221759,IND>OTH>GRN>ON,0.5361185537030594,0.4638814462969406,IND>OTH>GRN>LNP,LNP,LNP-ALP,0.05558025582217585,0.4444197441778241,Special priors: ON minus 5 pp,False,0.0
Bellarine,Western Victoria,ALP,LNP,ALP,0.5067717606285286,0.4932282393714715,0.006771760628528578,LNP-ALP,OTH>IND>GRN>ON,0.4932282393714715,0.5067717606285286,OTH>IND>GRN>ON,0.5297892174432367,0.4702107825567634,OTH>IND>GRN>LNP,LNP,LNP-ALP,0.006771760628528578,0.4932282393714715,Special priors: ON minus 5 pp,False,0.0
Benambra,Northern Victoria,LNP,LNP,IND,0.5639505636969426,0.4360494363030574,0.06395056369694263,LNP-IND,ALP>OTH>GRN>ON,0.25938961219529955,0.7406103878047005,OTH>GRN>ON>IND,0.3632287391096482,0.6367712608903517,OTH>GRN>LNP>IND,LNP,LNP-IND,0.06395056369694263,0.25938961219529955,Special priors: ON minus 5 pp,False,0.0
Bendigo East,Northern Victoria,ALP,ALP,LNP,0.5090484687177323,0.49095153128226765,0.00904846871773235,ALP-LNP,OTH>IND>GRN>ON,0.5090484687177323,0.49095153128226765,OTH>IND>GRN>ON,0.5575486526232039,0.44245134737679614,OTH>IND>GRN>LNP,ALP,ALP-LNP,0.00904846871773235,0.5090484687177323,Special priors: ON minus 5 pp,False,0.0
Bendigo West,Northern Victoria,ALP,ALP,ON,0.5571013024231611,0.4428986975768389,0.05710130242316114,ALP-ON,IND>OTH>GRN>LNP,0.5465088266702205,0.45349117332977956,IND>OTH>GRN>ON,0.5571013024231611,0.4428986975768389,IND>OTH>GRN>LNP,ALP,ALP-ON,0.04368676386594428,0.5465088266702205,Special priors: ON minus 5 pp,False,0.0
Bentleigh,Southern Metro,ALP,ALP,LNP,0.5121723627611082,0.48782763723889183,0.012172362761108224,ALP-LNP,OTH>IND>GRN>ON,0.5121723627611082,0.48782763723889183,OTH>IND>GRN>ON,0.6245539781494374,0.37544602185056275,OTH>IND>GRN>LNP,ALP,ALP-LNP,0.012172362761108224,0.5121723627611082,Special priors: ON minus 5 pp,False,0.0
Berwick,South-Eastern Metro,LNP,LNP,ALP,0.643499141401075,0.356500858598925,0.143499141401075,LNP-ALP,IND>OTH>GRN>ON,0.356500858598925,0.643499141401075,IND>OTH>GRN>ON,0.42208470545085824,0.5779152945491417,IND>OTH>GRN>LNP,LNP,LNP-ALP,0.143499141401075,0.356500858598925,Special priors: ON minus 5 pp,False,0.0
Box Hill,North-Eastern Metro,ALP,LNP,ALP,0.5036079132165028,0.4963920867834973,0.0036079132165027783,LNP-ALP,IND>OTH>ON>GRN,0.4963920867834973,0.5036079132165028,IND>OTH>ON>GRN,0.6416872076425426,0.35831279235745744,IND>OTH>GRN>LNP,LNP,LNP-ALP,0.0036079132165027783,0.4963920867834973,Special priors: ON minus 5 pp,False,0.0
Brighton,Southern Metro,LNP,LNP,GRN,0.5890025855228651,0.4109974144771349,0.08900258552286511,LNP-GRN,OTH>ON>IND>ALP,0.40019537000892336,0.5998046299910766,OTH>ON>IND>GRN,0.6275729305215635,0.37242706947843657,OTH>IND>GRN>LNP,LNP,LNP-GRN,0.08900258552286511,0.40019537000892336,Special priors: ON minus 5 pp,False,0.0
Broadmeadows,Northern Metro,ALP,ALP,ON,0.5748180527662392,0.42518194723376074,0.07481805276623921,ALP-ON,IND>GRN>OTH>LNP,0.6016611278416273,0.39833887215837277,IND>GRN>OTH>ON,0.5748180527662392,0.42518194723376074,IND>GRN>OTH>LNP,ALP,ALP-ON,0.06447860261806027,0.6016611278416273,Special priors: ON minus 5 pp,False,0.0
Brunswick,Northern Metro,GRN,GRN,ALP,0.661220984788556,0.33877901521144405,0.16122098478855595,GRN-ALP,IND>LNP>OTH>ON,0.7812680524127104,0.2187319475872896,IND>OTH>ON>GRN,0.8046175352570996,0.19538246474290039,IND>LNP>OTH>GRN,GRN,GRN-ALP,0.16122098478855595,0.7812680524127104,Special priors: ON minus 5 pp,False,0.0
Bulleen,North-Eastern Metro,LNP,LNP,ALP,0.6324420156357132,0.36755798436428677,0.13244201563571323,LNP-ALP,OTH>IND>ON>GRN,0.36755798436428677,0.6324420156357132,OTH>IND>ON>GRN,0.5773565492530108,0.4226434507469891,OTH>IND>GRN>LNP,LNP,LNP-ALP,0.13244201563571323,0.36755798436428677,Special priors: ON minus 5 pp,False,0.0
Bundoora,North-Eastern Metro,ALP,ALP,LNP,0.5480084539478679,0.45199154605213215,0.0480084539478679,ALP-LNP,IND>OTH>GRN>ON,0.5480084539478679,0.45199154605213215,IND>OTH>GRN>ON,0.6064968320713499,0.3935031679286502,IND>OTH>GRN>LNP,ALP,ALP-LNP,0.0480084539478679,0.5480084539478679,Special priors: ON minus 5 pp,False,0.0
Carrum,South-Eastern Metro,ALP,LNP,ALP,0.5144183779556085,0.4855816220443916,0.014418377955608519,LNP-ALP,IND>OTH>GRN>ON,0.4855816220443916,0.5144183779556085,IND>OTH>GRN>ON,0.4961081937827354,0.5038918062172647,IND>OTH>GRN>LNP,LNP,LNP-ALP,0.014418377955608519,0.4855816220443916,Special priors: ON minus 5 pp,False,0.0
Caulfield,Southern Metro,LNP,LNP,GRN,0.5768837623689421,0.4231162376310579,0.07688376236894212,LNP-GRN,OTH>IND>ON>ALP,0.4248858869463901,0.5751141130536098,OTH>IND>ON>GRN,0.6398400143362618,0.3601599856637382,OTH>IND>GRN>LNP,LNP,LNP-GRN,0.07688376236894212,0.4248858869463901,Special priors: ON minus 5 pp,False,0.0
Clarinda,South-Eastern Metro,ALP,ALP,LNP,0.5391675754983679,0.46083242450163214,0.03916757549836791,ALP-LNP,OTH>GRN>IND>ON,0.5391675754983679,0.46083242450163214,OTH>GRN>IND>ON,0.6050204980329281,0.394979501967072,OTH>GRN>IND>LNP,ALP,ALP-LNP,0.03916757549836791,0.5391675754983679,Special priors: ON minus 5 pp,False,0.0
Cranbourne,South-Eastern Metro,ALP,ALP,ON,0.5080846403215314,0.49191535967846856,0.008084640321531444,ALP-ON,IND>GRN>OTH>LNP,0.5054022533907976,0.4945977466092024,IND>GRN>OTH>ON,0.5080846403215314,0.49191535967846856,IND>GRN>OTH>LNP,ON,ON-ALP,0.005305963062483099,0.5054022533907976,Special priors: ON minus 5 pp,True,0.0
Croydon,North-Eastern Metro,LNP,LNP,ALP,0.5941383617112581,0.405861638288742,0.09413836171125811,LNP-ALP,IND>OTH>GRN>ON,0.405861638288742,0.5941383617112581,IND>OTH>GRN>ON,0.5216370973549598,0.47836290264504033,IND>OTH>GRN>LNP,LNP,LNP-ALP,0.09413836171125811,0.405861638288742,Special priors: ON minus 5 pp,False,0.0
Dandenong,South-Eastern Metro,ALP,ALP,ON,0.6094267125413022,0.39057328745869774,0.1094267125413022,ALP-ON,IND>GRN>OTH>LNP,0.6175602466127724,0.38243975338722763,IND>GRN>OTH>ON,0.6094267125413022,0.39057328745869774,IND>GRN>OTH>LNP,ALP,ALP-ON,0.09942799349777032,0.6175602466127724,Special priors: ON minus 5 pp,False,0.0
Eildon,Northern Victoria,LNP,LNP,ON,0.6276502856972097,0.37234971430279035,0.1276502856972097,LNP-ON,IND>OTH>GRN>ALP,0.33888950766761966,0.6611104923323803,IND>OTH>GRN>ON,0.3821339969537642,0.6178660030462358,IND>OTH>GRN>LNP,LNP,LNP-ON,0.11430974690410167,0.33888950766761966,Special priors: ON minus 5 pp,False,0.0
Eltham,North-Eastern Metro,ALP,ALP,LNP,0.5142924700793947,0.4857075299206053,0.014292470079394715,ALP-LNP,IND>OTH>GRN>ON,0.5142924700793947,0.4857075299206053,IND>OTH>GRN>ON,0.5968287406816217,0.4031712593183783,IND>OTH>GRN>LNP,ALP,ALP-LNP,0.014292470079394715,0.5142924700793947,Special priors: ON minus 5 pp,False,0.0
Essendon,Northern Metro,ALP,ALP,LNP,0.5288679929442377,0.4711320070557624,0.028867992944237697,ALP-LNP,IND>OTH>GRN>ON,0.5288679929442377,0.4711320070557624,IND>OTH>GRN>ON,0.5840367228963751,0.41596327710362496,IND>OTH>GRN>LNP,ALP,ALP-LNP,0.028867992944237697,0.5288679929442377,Special priors: ON minus 5 pp,False,0.0
Eureka,Western Victoria,ALP,ON,ALP,0.5605147765254876,0.4394852234745124,0.060514776525487646,ON-ALP,IND>OTH>GRN>LNP,0.45395064730849055,0.5460493526915094,IND>OTH>GRN>ON,0.4394852234745124,0.5605147765254876,IND>OTH>GRN>LNP,ON,ON-ALP,0.0749130097183579,0.45395064730849055,Special priors: ON minus 5 pp,False,0.0
Euroa,Northern Victoria,LNP,LNP,ON,0.6263568101142624,0.3736431898857377,0.12635681011426236,LNP-ON,IND>OTH>GRN>ALP,0.2938038134531287,0.7061961865468713,IND>OTH>GRN>ON,0.3550562444361634,0.6449437555638367,IND>OTH>GRN>LNP,LNP,LNP-ON,0.11464565523938697,0.2938038134531287,Special priors: ON minus 5 pp,False,0.0
Evelyn,Eastern Victoria,LNP,LNP,ALP,0.6490060458714699,0.35099395412853013,0.14900604587146993,LNP-ALP,IND>OTH>GRN>ON,0.35099395412853013,0.6490060458714699,IND>OTH>GRN>ON,0.4214866416212464,0.5785133583787537,IND>OTH>GRN>LNP,LNP,LNP-ALP,0.14900604587146993,0.35099395412853013,Special priors: ON minus 5 pp,False,0.0
Footscray,Western Metro,ALP,ALP,GRN,0.5234790702366359,0.47652092976336413,0.02347907023663587,ALP-GRN,IND>OTH>LNP>ON,0.6931080572744553,0.3068919427255447,IND>OTH>ON>GRN,0.7766928660546389,0.22330713394536106,IND>OTH>LNP>GRN,ALP,ALP-GRN,0.02347907023663587,0.6931080572744553,Special priors: ON minus 5 pp,False,0.0
Frankston,South-Eastern Metro,ALP,ALP,LNP,0.5061907970010248,0.49380920299897524,0.0061907970010247615,ALP-LNP,IND>OTH>GRN>ON,0.5061907970010248,0.49380920299897524,IND>OTH>GRN>ON,0.5312189657068125,0.4687810342931875,IND>OTH>GRN>LNP,ALP,ALP-LNP,0.0061907970010247615,0.5061907970010248,Special priors: ON minus 5 pp,False,0.0
Geelong,Western Victoria,ALP,ALP,ON,0.5086359256407377,0.49136407435926244,0.008635925640737674,ALP-ON,OTH>IND>GRN>LNP,0.5121305615927,0.48786943840730007,OTH>IND>GRN>ON,0.5086359256407377,0.49136407435926244,OTH>IND>GRN>LNP,ON,ON-ALP,0.003977693155855944,0.5121305615927,Special priors: ON minus 5 pp,True,0.0
Gippsland East,Eastern Victoria,LNP,LNP,ON,0.6260820852620178,0.3739179147379822,0.1260820852620178,LNP-ON,IND>ALP>OTH>GRN,0.19084642586774223,0.8091535741322576,IND>OTH>GRN>ON,0.25929596812870803,0.7407040318712921,IND>OTH>GRN>LNP,LNP,LNP-ON,0.12038551045973078,0.19084642586774223,Special priors: ON minus 5 pp,False,0.0
Gippsland South,Eastern Victoria,LNP,LNP,ON,0.618368914030254,0.38163108596974604,0.11836891403025396,LNP-ON,OTH>IND>GRN>ALP,0.24715485000488083,0.7528451499951192,OTH>IND>GRN>ON,0.30241268826681067,0.6975873117331894,OTH>IND>GRN>LNP,LNP,LNP-ON,0.10973884026599956,0.24715485000488083,Special priors: ON minus 5 pp,False,0.0
Glen Waverley,North-Eastern Metro,ALP,LNP,ALP,0.5418874690931504,0.4581125309068496,0.04188746909315044,LNP-ALP,IND>OTH>GRN>ON,0.4581125309068496,0.5418874690931504,IND>OTH>GRN>ON,0.6216050333766185,0.3783949666233815,IND>OTH>GRN>LNP,LNP,LNP-ALP,0.04188746909315044,0.4581125309068496,Special priors: ON minus 5 pp,False,0.0
Greenvale,Northern Metro,ALP,ALP,LNP,0.5526223801377793,0.44737761986222074,0.05262238013777931,ALP-LNP,IND>GRN>ON>OTH,0.5526223801377793,0.44737761986222074,IND>GRN>ON>OTH,0.5736360758267213,0.4263639241732788,IND>GRN>OTH>LNP,ALP,ALP-LNP,0.05262238013777931,0.5526223801377793,Special priors: ON minus 5 pp,False,0.0
Hastings,Eastern Victoria,ALP,LNP,ALP,0.59612172437253,0.40387827562747003,0.09612172437252997,LNP-ALP,IND>OTH>GRN>ON,0.40387827562747003,0.59612172437253,IND>OTH>GRN>ON,0.42650532421550325,0.5734946757844968,IND>OTH>GRN>LNP,LNP,LNP-ALP,0.09612172437252997,0.40387827562747003,Special priors: ON minus 5 pp,False,0.0
Hawthorn,Southern Metro,LNP,LNP,IND,0.5769646112848791,0.42303538871512086,0.07696461128487908,LNP-IND,OTH>ON>ALP>GRN,0.468956048335715,0.531043951664285,OTH>ON>GRN>IND,0.682592120184459,0.317407879815541,OTH>GRN>IND>LNP,LNP,LNP-IND,0.07696461128487908,0.468956048335715,Special priors: ON minus 5 pp,False,0.0
Ivanhoe,North-Eastern Metro,ALP,ALP,LNP,0.555228910530637,0.44477108946936295,0.055228910530637054,ALP-LNP,OTH>IND>ON>GRN,0.555228910530637,0.44477108946936295,OTH>IND>ON>GRN,0.6475079391371074,0.3524920608628927,OTH>IND>GRN>LNP,ALP,ALP-LNP,0.055228910530637054,0.555228910530637,Special priors: ON minus 5 pp,False,0.0
Kalkallo,Northern Metro,ALP,ALP,ON,0.5596105725866689,0.4403894274133311,0.05961057258666891,ALP-ON,IND>GRN>OTH>LNP,0.5765731412684397,0.42342685873156033,IND>GRN>OTH>ON,0.5596105725866689,0.4403894274133311,IND>GRN>OTH>LNP,ALP,ALP-ON,0.04780643878944457,0.5765731412684397,Special priors: ON minus 5 pp,False,0.0
Kew,Southern Metro,LNP,LNP,IND,0.5972394455469963,0.4027605544530037,0.09723944554699626,LNP-IND,OTH>ON>GRN>ALP,0.4279654831966599,0.57203451680334,OTH>ON>GRN>IND,0.667279046036532,0.33272095396346807,OTH>GRN>IND>LNP,LNP,LNP-IND,0.09723944554699626,0.4279654831966599,Special priors: ON minus 5 pp,False,0.0
Kororoit,Western Metro,ALP,ALP,ON,0.6047661493890623,0.39523385061093774,0.10476614938906226,ALP-ON,IND>GRN>LNP>OTH,0.5965191841775287,0.4034808158224713,IND>GRN>ON>OTH,0.6047661493890623,0.39523385061093774,IND>GRN>LNP>OTH,ALP,ALP-ON,0.09198097928511695,0.5965191841775287,Special priors: ON minus 5 pp,False,0.0
Lara,Western Victoria,ALP,ON,ALP,0.5142508510407388,0.4857491489592613,0.014250851040738755,ON-ALP,IND>OTH>GRN>LNP,0.5274916479533848,0.4725083520466152,IND>OTH>GRN>ON,0.4857491489592613,0.5142508510407388,IND>OTH>GRN>LNP,ON,ON-ALP,0.02413901764614168,0.5274916479533848,Special priors: ON minus 5 pp,False,0.0
Laverton,Western Metro,ALP,ALP,ON,0.5999789478639852,0.4000210521360148,0.0999789478639852,ALP-ON,IND>GRN>OTH>LNP,0.6045664385937876,0.39543356140621244,IND>GRN>OTH>ON,0.5999789478639852,0.4000210521360148,IND>GRN>OTH>LNP,ALP,ALP-ON,0.08944642148366455,0.6045664385937876,Special priors: ON minus 5 pp,False,0.0
Lowan,Western Victoria,LNP,LNP,ON,0.655934006215696,0.3440659937843041,0.15593400621569597,LNP-ON,IND>OTH>ALP>GRN,0.20611309204266096,0.793886907957339,IND>OTH>GRN>ON,0.2798947599348165,0.7201052400651836,IND>OTH>GRN>LNP,LNP,LNP-ON,0.1498563917077107,0.20611309204266096,Special priors: ON minus 5 pp,False,0.0
Macedon,Northern Victoria,ALP,LNP,ALP,0.5160881150006754,0.48391188499932464,0.016088115000675418,LNP-ALP,OTH>IND>GRN>ON,0.48391188499932464,0.5160881150006754,OTH>IND>GRN>ON,0.48745927538077094,0.5125407246192292,OTH>IND>GRN>LNP,LNP,LNP-ALP,0.016088115000675418,0.48391188499932464,Special priors: ON minus 5 pp,False,0.0
Malvern,Southern Metro,LNP,LNP,GRN,0.6359534942591737,0.36404650574082636,0.1359534942591737,LNP-GRN,IND>OTH>ON>ALP,0.36402259055097586,0.6359774094490243,IND>OTH>ON>GRN,0.6313455596472388,0.3686544403527612,IND>OTH>GRN>LNP,LNP,LNP-GRN,0.1359534942591737,0.36402259055097586,Special priors: ON minus 5 pp,False,0.0
Melbourne,Northern Metro,GRN,GRN,ALP,0.6394516329880113,0.36054836701198867,0.13945163298801133,GRN-ALP,IND>OTH>LNP>ON,0.7088886841849269,0.29111131581507305,IND>OTH>ON>GRN,0.7990704032958765,0.20092959670412353,IND>OTH>LNP>GRN,GRN,GRN-ALP,0.13945163298801133,0.7088886841849269,Special priors: ON minus 5 pp,False,0.0
Melton,Western Victoria,ALP,ON,IND,0.5445089589102158,0.45549104108978433,0.04450895891021578,ON-IND,GRN>OTH>LNP>ALP,0.4198558388585376,0.5801441611414625,GRN>OTH>IND>ON,0.4663178642022055,0.5336821357977944,GRN>OTH>LNP>IND,ON,ON-IND,0.04450895891021578,0.4198558388585376,Special priors: ON minus 5 pp,False,0.0
Mildura,Northern Victoria,LNP,LNP,IND,0.5258994605160016,0.47410053948399855,0.02589946051600156,LNP-IND,ALP>OTH>GRN>ON,0.2657951524222583,0.7342048475777417,OTH>GRN>ON>IND,0.37688036919382256,0.6231196308061775,OTH>GRN>LNP>IND,LNP,LNP-IND,0.02589946051600156,0.2657951524222583,Special priors: ON minus 5 pp,False,0.0
Mill Park,North-Eastern Metro,ALP,ALP,ON,0.558124895681777,0.4418751043182231,0.058124895681777033,ALP-ON,IND>GRN>OTH>LNP,0.5567730883143781,0.443226911685622,IND>GRN>OTH>ON,0.558124895681777,0.4418751043182231,IND>GRN>OTH>LNP,ALP,ALP-ON,0.04652163591394787,0.5567730883143781,Special priors: ON minus 5 pp,False,0.0
Monbulk,Eastern Victoria,ALP,LNP,ALP,0.5353949666349304,0.4646050333650697,0.03539496663493036,LNP-ALP,OTH>IND>GRN>ON,0.4646050333650697,0.5353949666349304,OTH>IND>GRN>ON,0.47197801155234276,0.5280219884476574,OTH>IND>GRN>LNP,LNP,LNP-ALP,0.03539496663493036,0.4646050333650697,Special priors: ON minus 5 pp,False,0.0
Mordialloc,South-Eastern Metro,ALP,ALP,LNP,0.5069153988617182,0.4930846011382819,0.006915398861718214,ALP-LNP,OTH>IND>GRN>ON,0.5069153988617182,0.4930846011382819,OTH>IND>GRN>ON,0.5930756265258076,0.40692437347419247,OTH>IND>GRN>LNP,ALP,ALP-LNP,0.006915398861718214,0.5069153988617182,Special priors: ON minus 5 pp,False,0.0
Mornington,Eastern Victoria,LNP,LNP,IND,0.6014160015534368,0.3985839984465632,0.10141600155343677,LNP-IND,OTH>GRN>ALP>ON,0.31724756526680886,0.6827524347331911,OTH>GRN>ON>IND,0.38208361152343473,0.6179163884765653,OTH>GRN>IND>LNP,LNP,LNP-IND,0.10141600155343677,0.31724756526680886,Special priors: ON minus 5 pp,False,0.0
Morwell,Eastern Victoria,LNP,LNP,ON,0.5182873372453451,0.4817126627546549,0.018287337245345148,LNP-ON,GRN>OTH>IND>ALP,0.3713167708165247,0.6286832291834753,GRN>OTH>IND>ON,0.3654416972750784,0.6345583027249216,GRN>OTH>IND>LNP,LNP,LNP-ON,0.005727066468185438,0.3713167708165247,Special priors: ON minus 5 pp,False,0.0
Mulgrave,South-Eastern Metro,ALP,ALP,IND,0.6005521886880122,0.39944781131198775,0.10055218868801219,ALP-IND,OTH>GRN>LNP>ON,0.6073149596352846,0.39268504036471535,OTH>GRN>ON>IND,0.7068549040902005,0.2931450959097995,OTH>GRN>LNP>IND,ALP,ALP-IND,0.10055218868801219,0.6073149596352846,Special priors: ON minus 5 pp,False,0.0
Murray Plains,Northern Victoria,LNP,LNP,ON,0.6222784442251387,0.37772155577486133,0.12227844422513867,LNP-ON,IND>ALP>GRN>OTH,0.1735273781559351,0.826472621844065,IND>GRN>OTH>ON,0.2357952855725227,0.7642047144274772,IND>GRN>OTH>LNP,LNP,LNP-ON,0.11539404696830047,0.1735273781559351,Special priors: ON minus 5 pp,False,0.0
Narracan,Eastern Victoria,LNP,LNP,ON,0.6580063871331154,0.3419936128668846,0.15800638713311543,LNP-ON,OTH>IND>ALP>GRN,0.36305273343468386,0.6369472665653162,OTH>IND>GRN>ON,0.412843342218767,0.587156657781233,OTH>IND>GRN>LNP,LNP,LNP-ON,0.14535568510793861,0.36305273343468386,Special priors: ON minus 5 pp,False,0.0
Narre Warren North,South-Eastern Metro,ALP,ALP,ON,0.5268314925815442,0.4731685074184558,0.02683149258154416,ALP-ON,IND>GRN>OTH>LNP,0.5150361227277542,0.4849638772722458,IND>GRN>OTH>ON,0.5268314925815442,0.4731685074184558,IND>GRN>OTH>LNP,ALP,ALP-ON,0.013546949763304061,0.5150361227277542,Special priors: ON minus 5 pp,False,0.0
Narre Warren South,South-Eastern Metro,ALP,ALP,ON,0.5347861751367019,0.46521382486329804,0.0347861751367019,ALP-ON,IND>GRN>OTH>LNP,0.5135354026617018,0.48646459733829817,IND>GRN>OTH>ON,0.5347861751367019,0.46521382486329804,IND>GRN>OTH>LNP,ALP,ALP-ON,0.021086295670180832,0.5135354026617018,Special priors: ON minus 5 pp,False,0.0
Nepean,Eastern Victoria,LNP,LNP,ALP,0.6564602903062553,0.3435397096937447,0.1564602903062553,LNP-ALP,OTH>IND>GRN>ON,0.3435397096937447,0.6564602903062553,OTH>IND>GRN>ON,0.4160996778700891,0.5839003221299109,OTH>IND>GRN>LNP,LNP,LNP-ALP,0.1564602903062553,0.3435397096937447,Special priors: ON minus 5 pp,False,0.0
Niddrie,Western Metro,ALP,LNP,ALP,0.5169940375046088,0.48300596249539124,0.016994037504608817,LNP-ALP,IND>OTH>GRN>ON,0.48300596249539124,0.5169940375046088,IND>OTH>GRN>ON,0.5492118754843823,0.4507881245156177,IND>OTH>GRN>LNP,LNP,LNP-ALP,0.016994037504608817,0.48300596249539124,Special priors: ON minus 5 pp,False,0.0
Northcote,Northern Metro,ALP,GRN,ALP,0.5474803208059461,0.4525196791940539,0.04748032080594611,GRN-ALP,IND>LNP>OTH>ON,0.7477727158439831,0.2522272841560169,IND>OTH>ON>GRN,0.7630599118960993,0.23694008810390071,IND>LNP>OTH>GRN,GRN,GRN-ALP,0.04748032080594611,0.7477727158439831,Special priors: ON minus 5 pp,False,0.0
Oakleigh,Southern Metro,ALP,ALP,LNP,0.5567109590212425,0.4432890409787575,0.05671095902124246,ALP-LNP,OTH>IND>GRN>ON,0.5567109590212425,0.4432890409787575,OTH>IND>GRN>ON,0.6300364221263558,0.3699635778736442,OTH>IND>GRN>LNP,ALP,ALP-LNP,0.05671095902124246,0.5567109590212425,Special priors: ON minus 5 pp,False,0.0
Ovens Valley,Northern Victoria,LNP,LNP,ON,0.6198725996833966,0.3801274003166035,0.11987259968339659,LNP-ON,IND>ALP>GRN>OTH,0.26342565918987837,0.7365743408101216,IND>GRN>OTH>ON,0.2979998260307648,0.7020001739692353,IND>GRN>OTH>LNP,LNP,LNP-ON,0.11053697713571964,0.26342565918987837,Special priors: ON minus 5 pp,False,0.0
Pakenham,Eastern Victoria,ALP,LNP,ON,0.5538592710588709,0.44614072894112905,0.053859271058870894,LNP-ON,GRN>IND>OTH>ALP,0.4056826021105407,0.5943173978894593,GRN>IND>OTH>ON,0.4019446029056729,0.5980553970943271,GRN>IND>OTH>LNP,LNP,LNP-ON,0.0387745470747104,0.4056826021105407,Special priors: ON minus 5 pp,False,0.0
Pascoe Vale,Northern Metro,ALP,ALP,GRN,0.5081428177660497,0.4918571822339502,0.008142817766049748,ALP-GRN,OTH>IND>LNP>ON,0.6292559157862876,0.37074408421371235,OTH>IND>ON>GRN,0.696190412657368,0.30380958734263197,OTH>IND>LNP>GRN,ALP,ALP-GRN,0.008142817766049748,0.6292559157862876,Special priors: ON minus 5 pp,False,0.0
Point Cook,Western Metro,ALP,ALP,ON,0.5267763956783997,0.4732236043216003,0.026776395678399734,ALP-ON,GRN>OTH>IND>LNP,0.5328170380506575,0.4671829619493426,GRN>OTH>IND>ON,0.5267763956783997,0.4732236043216003,GRN>OTH>IND>LNP,ALP,ALP-ON,0.013954921181138169,0.5328170380506575,Special priors: ON minus 5 pp,False,0.0
Polwarth,Western Victoria,LNP,LNP,GRN,0.6496080441066312,0.3503919558933688,0.1496080441066312,LNP-GRN,IND>OTH>ALP>ON,0.3783204282414085,0.6216795717585916,IND>OTH>GRN>ON,0.42872100012520575,0.5712789998747942,IND>OTH>GRN>LNP,LNP,LNP-GRN,0.1496080441066312,0.3783204282414085,Special priors: ON minus 5 pp,False,0.0
Prahran,Southern Metro,GRN,GRN,LNP,0.5728501305265629,0.4271498694734371,0.07285013052656286,GRN-LNP,IND>OTH>ON>ALP,0.5766792299759903,0.42332077002400964,IND>OTH>ON>GRN,0.7223461680566514,0.27765383194334853,IND>OTH>LNP>GRN,GRN,GRN-LNP,0.07285013052656286,0.5766792299759903,Special priors: ON minus 5 pp,False,0.0
Preston,Northern Metro,ALP,ALP,ON,0.6391759135161591,0.3608240864838409,0.1391759135161591,ALP-ON,OTH>LNP>IND>GRN,0.6119746053249453,0.38802539467505476,OTH>IND>GRN>ON,0.6391759135161591,0.3608240864838409,OTH>LNP>IND>GRN,ALP,ALP-ON,0.12447459461622079,0.6119746053249453,Special priors: ON minus 5 pp,False,0.0
Richmond,Northern Metro,GRN,GRN,ALP,0.5942431243056353,0.40575687569436464,0.0942431243056353,GRN-ALP,IND>LNP>OTH>ON,0.7429158829359531,0.2570841170640469,IND>OTH>ON>GRN,0.7963640990578283,0.2036359009421717,IND>LNP>OTH>GRN,GRN,GRN-ALP,0.0942431243056353,0.7429158829359531,Special priors: ON minus 5 pp,False,0.0
Ringwood,North-Eastern Metro,ALP,LNP,ALP,0.506817164439438,0.49318283556056197,0.006817164439438028,LNP-ALP,IND>OTH>ON>GRN,0.49318283556056197,0.506817164439438,IND>OTH>ON>GRN,0.5931002398707209,0.40689976012927914,IND>OTH>GRN>LNP,LNP,LNP-ALP,0.006817164439438028,0.49318283556056197,Special priors: ON minus 5 pp,False,0.0
Ripon,Western Victoria,ALP,ON,ALP,0.5895665312461736,0.41043346875382647,0.08956653124617364,ON-ALP,IND>GRN>OTH>LNP,0.4251129453226832,0.5748870546773169,IND>GRN>OTH>ON,0.41043346875382647,0.5895665312461736,IND>GRN>OTH>LNP,ON,ON-ALP,0.10513600579053306,0.4251129453226832,Special priors: ON minus 5 pp,False,0.0
Rowville,South-Eastern Metro,LNP,LNP,ALP,0.6041857856375953,0.39581421436240477,0.10418578563759529,LNP-ALP,OTH>GRN>IND>ON,0.39581421436240477,0.6041857856375953,OTH>GRN>IND>ON,0.5254428964616283,0.47455710353837166,OTH>GRN>IND>LNP,LNP,LNP-ALP,0.10418578563759529,0.39581421436240477,Special priors: ON minus 5 pp,False,0.0
Sandringham,Southern Metro,LNP,LNP,GRN,0.624242100221629,0.37575789977837115,0.12424210022162896,LNP-GRN,OTH>IND>ON>ALP,0.3791408372798301,0.6208591627201699,OTH>IND>ON>GRN,0.5527805480943567,0.4472194519056434,OTH>IND>GRN>LNP,LNP,LNP-GRN,0.12424210022162896,0.3791408372798301,Special priors: ON minus 5 pp,False,0.0
Shepparton,Northern Victoria,LNP,LNP,IND,0.5799958491833471,0.4200041508166528,0.07999584918334712,LNP-IND,ALP>OTH>GRN>ON,0.2503166108848676,0.7496833891151324,OTH>GRN>ON>IND,0.4557849868602858,0.5442150131397142,OTH>GRN>LNP>IND,LNP,LNP-IND,0.07999584918334712,0.2503166108848676,Special priors: ON minus 5 pp,False,0.0
South Barwon,Western Victoria,ALP,LNP,ALP,0.5282575590781853,0.4717424409218147,0.02825755907818528,LNP-ALP,IND>OTH>GRN>ON,0.4717424409218147,0.5282575590781853,IND>OTH>GRN>ON,0.5209731373861444,0.4790268626138557,IND>OTH>GRN>LNP,LNP,LNP-ALP,0.02825755907818528,0.4717424409218147,Special priors: ON minus 5 pp,False,0.0
South-West Coast,Western Victoria,LNP,LNP,IND,0.5694821354934922,0.43051786450650775,0.06948213549349225,LNP-IND,OTH>GRN>ALP>ON,0.35817345450533017,0.6418265454946699,OTH>GRN>ON>IND,0.37128701777704426,0.6287129822229557,OTH>GRN>IND>LNP,LNP,LNP-IND,0.06948213549349225,0.35817345450533017,Special priors: ON minus 5 pp,False,0.0
St Albans,Western Metro,ALP,ALP,ON,0.5734302839993088,0.4265697160006911,0.07343028399930884,ALP-ON,IND>GRN>OTH>LNP,0.5530479300956488,0.4469520699043512,IND>GRN>OTH>ON,0.5734302839993088,0.4265697160006911,IND>GRN>OTH>LNP,ALP,ALP-ON,0.06061525861205408,0.5530479300956488,Special priors: ON minus 5 pp,False,0.0
Sunbury,Western Metro,ALP,ON,ALP,0.5439344857856775,0.4560655142143225,0.04393448578567749,ON-ALP,IND>OTH>GRN>LNP,0.4557305461150699,0.5442694538849301,IND>OTH>GRN>ON,0.4560655142143225,0.5439344857856775,IND>OTH>GRN>LNP,ON,ON-ALP,0.05917497979675179,0.4557305461150699,Special priors: ON minus 5 pp,False,0.0
Sydenham,Western Metro,ALP,ALP,ON,0.5323079492233183,0.46769205077668174,0.032307949223318255,ALP-ON,IND>GRN>OTH>LNP,0.5240483738233647,0.4759516261766353,IND>GRN>OTH>ON,0.5323079492233183,0.46769205077668174,IND>GRN>OTH>LNP,ALP,ALP-ON,0.01853777996989081,0.5240483738233647,Special priors: ON minus 5 pp,False,0.0
Tarneit,Western Metro,ALP,ALP,ON,0.5673804065399916,0.4326195934600084,0.06738040653999156,ALP-ON,IND>GRN>OTH>LNP,0.5648048839691469,0.43519511603085326,IND>GRN>OTH>ON,0.5673804065399916,0.4326195934600084,IND>GRN>OTH>LNP,ALP,ALP-ON,0.05510669854710559,0.5648048839691469,Special priors: ON minus 5 pp,False,0.0
Thomastown,Northern Metro,ALP,ALP,ON,0.5891359078818779,0.4108640921181222,0.08913590788187786,ALP-ON,IND>GRN>OTH>LNP,0.6090754235329631,0.39092457646703693,IND>GRN>OTH>ON,0.5891359078818779,0.4108640921181222,IND>GRN>OTH>LNP,ALP,ALP-ON,0.07901117261318291,0.6090754235329631,Special priors: ON minus 5 pp,False,0.0
Warrandyte,North-Eastern Metro,LNP,LNP,ALP,0.6232032254942393,0.3767967745057606,0.12320322549423934,LNP-ALP,IND>OTH>GRN>ON,0.3767967745057606,0.6232032254942393,IND>OTH>GRN>ON,0.5334515528946537,0.46654844710534626,IND>OTH>GRN>LNP,LNP,LNP-ALP,0.12320322549423934,0.3767967745057606,Special priors: ON minus 5 pp,False,0.0
Wendouree,Western Victoria,ALP,LNP,ALP,0.5041163235901485,0.49588367640985154,0.004116323590148463,LNP-ALP,IND>OTH>GRN>ON,0.49588367640985154,0.5041163235901485,IND>OTH>GRN>ON,0.5219379592496568,0.4780620407503433,IND>OTH>GRN>LNP,LNP,LNP-ALP,0.004116323590148463,0.49588367640985154,Special priors: ON minus 5 pp,False,0.0
Werribee,Western Metro,ALP,ON,ALP,0.5247892583033517,0.4752107416966484,0.024789258303351658,ON-ALP,GRN>OTH>IND>LNP,0.5057048914300766,0.4942951085699235,GRN>OTH>IND>ON,0.4752107416966484,0.5247892583033517,GRN>OTH>IND>LNP,ON,ON-ALP,0.03719207067302477,0.5057048914300766,Special priors: ON minus 5 pp,False,0.0
Williamstown,Western Metro,ALP,ALP,LNP,0.5830506665232947,0.4169493334767053,0.08305066652329474,ALP-LNP,IND>OTH>GRN>ON,0.5830506665232947,0.4169493334767053,IND>OTH>GRN>ON,0.6440439377746741,0.355956062225326,IND>OTH>GRN>LNP,ALP,ALP-LNP,0.08305066652329474,0.5830506665232947,Special priors: ON minus 5 pp,False,0.0
Yan Yean,Northern Victoria,ALP,LNP,ALP,0.52470872787341,0.47529127212659006,0.024708727873410052,LNP-ALP,IND>GRN>OTH>ON,0.47529127212659006,0.52470872787341,IND>GRN>OTH>ON,0.47768277943088205,0.522317220569118,IND>GRN>OTH>LNP,LNP,LNP-ALP,0.024708727873410052,0.47529127212659006,Special priors: ON minus 5 pp,False,0.0
Albert Park,Southern Metro,ALP,ALP,LNP,0.566634181720084,0.4333658182799161,0.06663418172008395,ALP-LNP,OTH>IND>ON>GRN,0.566634181720084,0.4333658182799161,OTH>IND>ON>GRN,0.6484902513593974,0.3515097486406027,OTH>IND>GRN>LNP,ALP,ALP-LNP,0.06663418172008395,0.566634181720084,Special priors: ON plus 5 pp,False,0.0
Ashwood,Southern Metro,ALP,LNP,ALP,0.515102013567555,0.4848979864324449,0.015102013567555028,LNP-ALP,OTH>IND>ON>GRN,0.4848979864324449,0.515102013567555,OTH>IND>ON>GRN,0.5975054142080237,0.40249458579197633,OTH>IND>GRN>LNP,LNP,LNP-ALP,0.015102013567555028,0.4848979864324449,Special priors: ON plus 5 pp,False,0.0
Bass,Eastern Victoria,ALP,LNP,ON,0.5640611678289547,0.4359388321710454,0.06406116782895466,LNP-ON,OTH>IND>GRN>ALP,0.36938713274582885,0.6306128672541711,OTH>IND>GRN>ON,0.3534125578142738,0.6465874421857262,OTH>IND>GRN>LNP,LNP,LNP-ON,0.07859091445890387,0.36938713274582885,Special priors: ON plus 5 pp,False,0.0
Bayswater,North-Eastern Metro,ALP,LNP,ALP,0.5555802558221759,0.4444197441778241,0.05558025582217585,LNP-ALP,IND>OTH>GRN>ON,0.4444197441778241,0.5555802558221759,IND>OTH>GRN>ON,0.49557299818785544,0.5044270018121445,IND>OTH>GRN>LNP,LNP,LNP-ALP,0.05558025582217585,0.4444197441778241,Special priors: ON plus 5 pp,False,0.0
Bellarine,Western Victoria,ALP,LNP,ALP,0.5067717606285286,0.4932282393714715,0.006771760628528578,LNP-ALP,OTH>IND>GRN>ON,0.4932282393714715,0.5067717606285286,OTH>IND>GRN>ON,0.4940391725954808,0.5059608274045193,OTH>IND>GRN>LNP,LNP,LNP-ALP,0.006771760628528578,0.4932282393714715,Special priors: ON plus 5 pp,False,0.0
Benambra,Northern Victoria,LNP,LNP,IND,0.5639505636969426,0.4360494363030574,0.06395056369694263,LNP-IND,ALP>OTH>GRN>ON,0.25938961219529955,0.7406103878047005,OTH>GRN>ON>IND,0.3168313233857811,0.6831686766142189,OTH>GRN>LNP>IND,LNP,LNP-IND,0.06395056369694263,0.25938961219529955,Special priors: ON plus 5 pp,False,0.0
Bendigo East,Northern Victoria,ALP,ALP,LNP,0.5090484687177323,0.49095153128226765,0.00904846871773235,ALP-LNP,OTH>IND>GRN>ON,0.5090484687177323,0.49095153128226765,OTH>IND>GRN>ON,0.5257918924680954,0.4742081075319045,OTH>IND>GRN>LNP,ALP,ALP-LNP,0.00904846871773235,0.5090484687177323,Special priors: ON plus 5 pp,False,0.0
Bendigo West,Northern Victoria,ALP,ALP,ON,0.5302722253087274,0.4697277746912727,0.03027222530872742,ALP-ON,IND>OTH>GRN>LNP,0.5465088266702205,0.45349117332977956,IND>OTH>GRN>ON,0.5302722253087274,0.4697277746912727,IND>OTH>GRN>LNP,ALP,ALP-ON,0.04368676386594428,0.5465088266702205,Special priors: ON plus 5 pp,False,0.0
Bentleigh,Southern Metro,ALP,ALP,LNP,0.5121723627611082,0.48782763723889183,0.012172362761108224,ALP-LNP,OTH>IND>GRN>ON,0.5121723627611082,0.48782763723889183,OTH>IND>GRN>ON,0.5886398010544722,0.41136019894552783,OTH>IND>GRN>LNP,ALP,ALP-LNP,0.012172362761108224,0.5121723627611082,Special priors: ON plus 5 pp,False,0.0
Berwick,South-Eastern Metro,LNP,LNP,ALP,0.643499141401075,0.356500858598925,0.143499141401075,LNP-ALP,IND>OTH>GRN>ON,0.356500858598925,0.643499141401075,IND>OTH>GRN>ON,0.3772003989631823,0.6227996010368176,IND>OTH>GRN>LNP,LNP,LNP-ALP,0.143499141401075,0.356500858598925,Special priors: ON plus 5 pp,False,0.0
Box Hill,North-Eastern Metro,ALP,LNP,ALP,0.5036079132165028,0.4963920867834973,0.0036079132165027783,LNP-ALP,IND>OTH>ON>GRN,0.4963920867834973,0.5036079132165028,IND>OTH>ON>GRN,0.6008282185699675,0.39917178143003257,IND>OTH>GRN>LNP,LNP,LNP-ALP,0.0036079132165027783,0.4963920867834973,Special priors: ON plus 5 pp,False,0.0
Brighton,Southern Metro,LNP,LNP,GRN,0.5890025855228651,0.4109974144771349,0.08900258552286511,LNP-GRN,OTH>ON>IND>ALP,0.40019537000892336,0.5998046299910766,OTH>ON>IND>GRN,0.5769422804279983,0.4230577195720017,OTH>IND>GRN>LNP,LNP,LNP-GRN,0.08900258552286511,0.40019537000892336,Special priors: ON plus 5 pp,False,0.0
Broadmeadows,Northern Metro,ALP,ALP,ON,0.5541391524698812,0.44586084753011884,0.05413915246988121,ALP-ON,IND>GRN>OTH>LNP,0.6016611278416273,0.39833887215837277,IND>GRN>OTH>ON,0.5541391524698812,0.44586084753011884,IND>GRN>OTH>LNP,ALP,ALP-ON,0.06447860261806027,0.6016611278416273,Special priors: ON plus 5 pp,False,0.0
Brunswick,Northern Metro,GRN,GRN,ALP,0.661220984788556,0.33877901521144405,0.16122098478855595,GRN-ALP,IND>LNP>OTH>ON,0.7812680524127104,0.2187319475872896,IND>OTH>ON>GRN,0.7466489525393828,0.25335104746061715,IND>LNP>OTH>GRN,GRN,GRN-ALP,0.16122098478855595,0.7812680524127104,Special priors: ON plus 5 pp,False,0.0
Bulleen,North-Eastern Metro,LNP,LNP,ALP,0.6324420156357132,0.36755798436428677,0.13244201563571323,LNP-ALP,OTH>IND>ON>GRN,0.36755798436428677,0.6324420156357132,OTH>IND>ON>GRN,0.5245875670389056,0.4754124329610944,OTH>IND>GRN>LNP,LNP,LNP-ALP,0.13244201563571323,0.36755798436428677,Special priors: ON plus 5 pp,False,0.0
Bundoora,North-Eastern Metro,ALP,ALP,LNP,0.5480084539478679,0.45199154605213215,0.0480084539478679,ALP-LNP,IND>OTH>GRN>ON,0.5480084539478679,0.45199154605213215,IND>OTH>GRN>ON,0.5781178500330089,0.4218821499669912,IND>OTH>GRN>LNP,ALP,ALP-LNP,0.0480084539478679,0.5480084539478679,Special priors: ON plus 5 pp,False,0.0
Carrum,South-Eastern Metro,ALP,LNP,ALP,0.5144183779556085,0.4855816220443916,0.014418377955608519,LNP-ALP,IND>OTH>GRN>ON,0.4855816220443916,0.5144183779556085,IND>OTH>GRN>ON,0.4660918619356501,0.53390813806435,IND>OTH>GRN>LNP,LNP,LNP-ALP,0.014418377955608519,0.4855816220443916,Special priors: ON plus 5 pp,False,0.0
Caulfield,Southern Metro,LNP,LNP,GRN,0.5768837623689421,0.4231162376310579,0.07688376236894212,LNP-GRN,OTH>IND>ON>ALP,0.4248858869463901,0.5751141130536098,OTH>IND>ON>GRN,0.5913480750125489,0.408651924987451,OTH>IND>GRN>LNP,LNP,LNP-GRN,0.07688376236894212,0.4248858869463901,Special priors: ON plus 5 pp,False,0.0
Clarinda,South-Eastern Metro,ALP,ALP,LNP,0.5391675754983679,0.46083242450163214,0.03916757549836791,ALP-LNP,OTH>GRN>IND>ON,0.5391675754983679,0.46083242450163214,OTH>GRN>IND>ON,0.5751226167373152,0.42487738326268487,OTH>GRN>IND>LNP,ALP,ALP-LNP,0.03916757549836791,0.5391675754983679,Special priors: ON plus 5 pp,False,0.0
Cranbourne,South-Eastern Metro,ALP,ON,ALP,0.5186965664464976,0.48130343355350247,0.018696566446497642,ON-ALP,IND>GRN>OTH>LNP,0.5054022533907976,0.4945977466092024,IND>GRN>OTH>ON,0.48130343355350247,0.5186965664464976,IND>GRN>OTH>LNP,ON,ON-ALP,0.005305963062483099,0.5054022533907976,Special priors: ON plus 5 pp,False,0.0
Croydon,North-Eastern Metro,LNP,LNP,ALP,0.5941383617112581,0.405861638288742,0.09413836171125811,LNP-ALP,IND>OTH>GRN>ON,0.405861638288742,0.5941383617112581,IND>OTH>GRN>ON,0.4765390951271449,0.5234609048728552,IND>OTH>GRN>LNP,LNP,LNP-ALP,0.09413836171125811,0.405861638288742,Special priors: ON plus 5 pp,False,0.0
Dandenong,South-Eastern Metro,ALP,ALP,ON,0.5894292744542384,0.4105707255457616,0.08942927445423843,ALP-ON,IND>GRN>OTH>LNP,0.6175602466127724,0.38243975338722763,IND>GRN>OTH>ON,0.5894292744542384,0.4105707255457616,IND>GRN>OTH>LNP,ALP,ALP-ON,0.09942799349777032,0.6175602466127724,Special priors: ON plus 5 pp,False,0.0
Eildon,Northern Victoria,LNP,LNP,ON,0.6009692081109935,0.3990307918890064,0.10096920811099352,LNP-ON,IND>OTH>GRN>ALP,0.33888950766761966,0.6611104923323803,IND>OTH>GRN>ON,0.3377789119185323,0.6622210880814677,IND>OTH>GRN>LNP,LNP,LNP-ON,0.11430974690410167,0.33888950766761966,Special priors: ON plus 5 pp,False,0.0
Eltham,North-Eastern Metro,ALP,ALP,LNP,0.5142924700793947,0.4857075299206053,0.014292470079394715,ALP-LNP,IND>OTH>GRN>ON,0.5142924700793947,0.4857075299206053,IND>OTH>GRN>ON,0.5617994979631752,0.4382005020368248,IND>OTH>GRN>LNP,ALP,ALP-LNP,0.014292470079394715,0.5142924700793947,Special priors: ON plus 5 pp,False,0.0
Essendon,Northern Metro,ALP,ALP,LNP,0.5288679929442377,0.4711320070557624,0.028867992944237697,ALP-LNP,IND>OTH>GRN>ON,0.5288679929442377,0.4711320070557624,IND>OTH>GRN>ON,0.554088090586605,0.4459119094133951,IND>OTH>GRN>LNP,ALP,ALP-LNP,0.028867992944237697,0.5288679929442377,Special priors: ON plus 5 pp,False,0.0
Eureka,Western Victoria,ALP,ON,ALP,0.5893112429112282,0.41068875708877195,0.08931124291122816,ON-ALP,IND>OTH>GRN>LNP,0.45395064730849055,0.5460493526915094,IND>OTH>GRN>ON,0.41068875708877195,0.5893112429112282,IND>OTH>GRN>LNP,ON,ON-ALP,0.0749130097183579,0.45395064730849055,Special priors: ON plus 5 pp,False,0.0
Euroa,Northern Victoria,LNP,LNP,ON,0.6029345003645116,0.3970654996354885,0.10293450036451157,LNP-ON,IND>OTH>GRN>ALP,0.2938038134531287,0.7061961865468713,IND>OTH>GRN>ON,0.3085819571520652,0.6914180428479348,IND>OTH>GRN>LNP,LNP,LNP-ON,0.11464565523938697,0.2938038134531287,Special priors: ON plus 5 pp,False,0.0
Evelyn,Eastern Victoria,LNP,LNP,ALP,0.6490060458714699,0.35099395412853013,0.14900604587146993,LNP-ALP,IND>OTH>GRN>ON,0.35099395412853013,0.6490060458714699,IND>OTH>GRN>ON,0.3742300582890006,0.6257699417109995,IND>OTH>GRN>LNP,LNP,LNP-ALP,0.14900604587146993,0.35099395412853013,Special priors: ON plus 5 pp,False,0.0
Footscray,Western Metro,ALP,ALP,GRN,0.5234790702366359,0.47652092976336413,0.02347907023663587,ALP-GRN,IND>OTH>LNP>ON,0.6931080572744553,0.3068919427255447,IND>OTH>ON>GRN,0.7386276831028475,0.26137231689715246,IND>OTH>LNP>GRN,ALP,ALP-GRN,0.02347907023663587,0.6931080572744553,Special priors: ON plus 5 pp,False,0.0
Frankston,South-Eastern Metro,ALP,ALP,LNP,0.5061907970010248,0.49380920299897524,0.0061907970010247615,ALP-LNP,IND>OTH>GRN>ON,0.5061907970010248,0.49380920299897524,IND>OTH>GRN>ON,0.5011923097682565,0.49880769023174354,IND>OTH>GRN>LNP,ALP,ALP-LNP,0.0061907970010247615,0.5061907970010248,Special priors: ON plus 5 pp,False,0.0
Geelong,Western Victoria,ALP,ON,ALP,0.5165913119524493,0.48340868804755077,0.01659131195244934,ON-ALP,OTH>IND>GRN>LNP,0.5121305615927,0.48786943840730007,OTH>IND>GRN>ON,0.48340868804755077,0.5165913119524493,OTH>IND>GRN>LNP,ON,ON-ALP,0.003977693155855944,0.5121305615927,Special priors: ON plus 5 pp,False,0.0
Gippsland East,Eastern Victoria,LNP,LNP,ON,0.6146889356574438,0.38531106434255624,0.11468893565744376,LNP-ON,IND>ALP>OTH>GRN,0.19084642586774223,0.8091535741322576,IND>OTH>GRN>ON,0.20566792338525572,0.7943320766147444,IND>OTH>GRN>LNP,LNP,LNP-ON,0.12038551045973078,0.19084642586774223,Special priors: ON plus 5 pp,False,0.0
Gippsland South,Eastern Victoria,LNP,LNP,ON,0.601108766501745,0.398891233498255,0.10110876650174505,LNP-ON,OTH>IND>GRN>ALP,0.24715485000488083,0.7528451499951192,OTH>IND>GRN>ON,0.25248529865845637,0.7475147013415436,OTH>IND>GRN>LNP,LNP,LNP-ON,0.10973884026599956,0.24715485000488083,Special priors: ON plus 5 pp,False,0.0
Glen Waverley,North-Eastern Metro,ALP,LNP,ALP,0.5418874690931504,0.4581125309068496,0.04188746909315044,LNP-ALP,IND>OTH>GRN>ON,0.4581125309068496,0.5418874690931504,IND>OTH>GRN>ON,0.5773642851886727,0.4226357148113274,IND>OTH>GRN>LNP,LNP,LNP-ALP,0.04188746909315044,0.4581125309068496,Special priors: ON plus 5 pp,False,0.0
Greenvale,Northern Metro,ALP,ALP,LNP,0.5526223801377793,0.44737761986222074,0.05262238013777931,ALP-LNP,IND>GRN>ON>OTH,0.5526223801377793,0.44737761986222074,IND>GRN>ON>OTH,0.546020999710512,0.45397900028948807,IND>GRN>OTH>LNP,ALP,ALP-LNP,0.05262238013777931,0.5526223801377793,Special priors: ON plus 5 pp,False,0.0
Hastings,Eastern Victoria,ALP,LNP,ALP,0.59612172437253,0.40387827562747003,0.09612172437252997,LNP-ALP,IND>OTH>GRN>ON,0.40387827562747003,0.59612172437253,IND>OTH>GRN>ON,0.38946261110040775,0.6105373888995923,IND>OTH>GRN>LNP,LNP,LNP-ALP,0.09612172437252997,0.40387827562747003,Special priors: ON plus 5 pp,False,0.0
Hawthorn,Southern Metro,LNP,LNP,IND,0.5769646112848791,0.42303538871512086,0.07696461128487908,LNP-IND,OTH>ON>ALP>GRN,0.468956048335715,0.531043951664285,OTH>ON>GRN>IND,0.6360898127481874,0.3639101872518126,OTH>GRN>IND>LNP,LNP,LNP-IND,0.07696461128487908,0.468956048335715,Special priors: ON plus 5 pp,False,0.0
Ivanhoe,North-Eastern Metro,ALP,ALP,LNP,0.555228910530637,0.44477108946936295,0.055228910530637054,ALP-LNP,OTH>IND>ON>GRN,0.555228910530637,0.44477108946936295,OTH>IND>ON>GRN,0.615076985044678,0.384923014955322,OTH>IND>GRN>LNP,ALP,ALP-LNP,0.055228910530637054,0.555228910530637,Special priors: ON plus 5 pp,False,0.0
Kalkallo,Northern Metro,ALP,ALP,ON,0.5360023049922201,0.4639976950077799,0.036002304992220124,ALP-ON,IND>GRN>OTH>LNP,0.5765731412684397,0.42342685873156033,IND>GRN>OTH>ON,0.5360023049922201,0.4639976950077799,IND>GRN>OTH>LNP,ALP,ALP-ON,0.04780643878944457,0.5765731412684397,Special priors: ON plus 5 pp,False,0.0
Kew,Southern Metro,LNP,LNP,IND,0.5972394455469963,0.4027605544530037,0.09723944554699626,LNP-IND,OTH>ON>GRN>ALP,0.4279654831966599,0.57203451680334,OTH>ON>GRN>IND,0.6167860780473592,0.38321392195264087,OTH>GRN>IND>LNP,LNP,LNP-IND,0.09723944554699626,0.4279654831966599,Special priors: ON plus 5 pp,False,0.0
Kororoit,Western Metro,ALP,ALP,ON,0.5791958091811716,0.4208041908188284,0.07919580918117164,ALP-ON,IND>GRN>LNP>OTH,0.5965191841775287,0.4034808158224713,IND>GRN>ON>OTH,0.5791958091811716,0.4208041908188284,IND>GRN>LNP>OTH,ALP,ALP-ON,0.09198097928511695,0.5965191841775287,Special priors: ON plus 5 pp,False,0.0
Lara,Western Victoria,ALP,ON,ALP,0.5340271842515447,0.4659728157484553,0.03402718425154472,ON-ALP,IND>OTH>GRN>LNP,0.5274916479533848,0.4725083520466152,IND>OTH>GRN>ON,0.4659728157484553,0.5340271842515447,IND>OTH>GRN>LNP,ON,ON-ALP,0.02413901764614168,0.5274916479533848,Special priors: ON plus 5 pp,False,0.0
Laverton,Western Metro,ALP,ALP,ON,0.5789138951033439,0.4210861048966561,0.0789138951033439,ALP-ON,IND>GRN>OTH>LNP,0.6045664385937876,0.39543356140621244,IND>GRN>OTH>ON,0.5789138951033439,0.4210861048966561,IND>GRN>OTH>LNP,ALP,ALP-ON,0.08944642148366455,0.6045664385937876,Special priors: ON plus 5 pp,False,0.0
Lowan,Western Victoria,LNP,LNP,ON,0.6437787771997254,0.3562212228002746,0.14377877719972543,LNP-ON,IND>OTH>ALP>GRN,0.20611309204266096,0.793886907957339,IND>OTH>GRN>ON,0.2246145169564529,0.775385483043547,IND>OTH>GRN>LNP,LNP,LNP-ON,0.1498563917077107,0.20611309204266096,Special priors: ON plus 5 pp,False,0.0
Macedon,Northern Victoria,ALP,LNP,ALP,0.5160881150006754,0.48391188499932464,0.016088115000675418,LNP-ALP,OTH>IND>GRN>ON,0.48391188499932464,0.5160881150006754,OTH>IND>GRN>ON,0.45718426939242335,0.5428157306075766,OTH>IND>GRN>LNP,LNP,LNP-ALP,0.016088115000675418,0.48391188499932464,Special priors: ON plus 5 pp,False,0.0
Malvern,Southern Metro,LNP,LNP,GRN,0.6359534942591737,0.36404650574082636,0.1359534942591737,LNP-GRN,IND>OTH>ON>ALP,0.36402259055097586,0.6359774094490243,IND>OTH>ON>GRN,0.57486548107768,0.4251345189223201,IND>OTH>GRN>LNP,LNP,LNP-GRN,0.1359534942591737,0.36402259055097586,Special priors: ON plus 5 pp,False,0.0
Melbourne,Northern Metro,GRN,GRN,ALP,0.6394516329880113,0.36054836701198867,0.13945163298801133,GRN-ALP,IND>OTH>LNP>ON,0.7088886841849269,0.29111131581507305,IND>OTH>ON>GRN,0.7434580548608412,0.2565419451391589,IND>OTH>LNP>GRN,GRN,GRN-ALP,0.13945163298801133,0.7088886841849269,Special priors: ON plus 5 pp,False,0.0
Melton,Western Victoria,ALP,ON,IND,0.5445089589102158,0.45549104108978433,0.04450895891021578,ON-IND,GRN>OTH>LNP>ALP,0.4198558388585376,0.5801441611414625,GRN>OTH>IND>ON,0.4357010288472437,0.5642989711527564,GRN>OTH>LNP>IND,ON,ON-IND,0.04450895891021578,0.4198558388585376,Special priors: ON plus 5 pp,False,0.0
Mildura,Northern Victoria,LNP,LNP,IND,0.5258994605160016,0.47410053948399855,0.02589946051600156,LNP-IND,ALP>OTH>GRN>ON,0.2657951524222583,0.7342048475777417,OTH>GRN>ON>IND,0.3273819028374171,0.6726180971625829,OTH>GRN>LNP>IND,LNP,LNP-IND,0.02589946051600156,0.2657951524222583,Special priors: ON plus 5 pp,False,0.0
Mill Park,North-Eastern Metro,ALP,ALP,ON,0.5349183761461186,0.46508162385388147,0.03491837614611859,ALP-ON,IND>GRN>OTH>LNP,0.5567730883143781,0.443226911685622,IND>GRN>OTH>ON,0.5349183761461186,0.46508162385388147,IND>GRN>OTH>LNP,ALP,ALP-ON,0.04652163591394787,0.5567730883143781,Special priors: ON plus 5 pp,False,0.0
Monbulk,Eastern Victoria,ALP,LNP,ALP,0.5353949666349304,0.4646050333650697,0.03539496663493036,LNP-ALP,OTH>IND>GRN>ON,0.4646050333650697,0.5353949666349304,OTH>IND>GRN>ON,0.43806198020553627,0.5619380197944638,OTH>IND>GRN>LNP,LNP,LNP-ALP,0.03539496663493036,0.4646050333650697,Special priors: ON plus 5 pp,False,0.0
Mordialloc,South-Eastern Metro,ALP,ALP,LNP,0.5069153988617182,0.4930846011382819,0.006915398861718214,ALP-LNP,OTH>IND>GRN>ON,0.5069153988617182,0.4930846011382819,OTH>IND>GRN>ON,0.5596710698825957,0.4403289301174042,OTH>IND>GRN>LNP,ALP,ALP-LNP,0.006915398861718214,0.5069153988617182,Special priors: ON plus 5 pp,False,0.0
Mornington,Eastern Victoria,LNP,LNP,IND,0.6014160015534368,0.3985839984465632,0.10141600155343677,LNP-IND,OTH>GRN>ALP>ON,0.31724756526680886,0.6827524347331911,OTH>GRN>ON>IND,0.33178055353481617,0.6682194464651839,OTH>GRN>IND>LNP,LNP,LNP-IND,0.10141600155343677,0.31724756526680886,Special priors: ON plus 5 pp,False,0.0
Morwell,Eastern Victoria,LNP,ON,LNP,0.5068332043089743,0.4931667956910257,0.006833204308974272,ON-LNP,GRN>OTH>IND>ALP,0.3713167708165247,0.6286832291834753,GRN>OTH>IND>ON,0.3337093967939994,0.6662906032060005,GRN>OTH>IND>LNP,LNP,LNP-ON,0.005727066468185438,0.3713167708165247,Special priors: ON plus 5 pp,True,0.0
Mulgrave,South-Eastern Metro,ALP,ALP,IND,0.6005521886880122,0.39944781131198775,0.10055218868801219,ALP-IND,OTH>GRN>LNP>ON,0.6073149596352846,0.39268504036471535,OTH>GRN>ON>IND,0.6789506951828602,0.3210493048171397,OTH>GRN>LNP>IND,ALP,ALP-IND,0.10055218868801219,0.6073149596352846,Special priors: ON plus 5 pp,False,0.0
Murray Plains,Northern Victoria,LNP,LNP,ON,0.6085096497114623,0.39149035028853785,0.10850964971146226,LNP-ON,IND>ALP>GRN>OTH,0.1735273781559351,0.826472621844065,IND>GRN>OTH>ON,0.18082233602260078,0.8191776639773993,IND>GRN>OTH>LNP,LNP,LNP-ON,0.11539404696830047,0.1735273781559351,Special priors: ON plus 5 pp,False,0.0
Narracan,Eastern Victoria,LNP,LNP,ON,0.6327049830827621,0.367295016917238,0.13270498308276213,LNP-ON,OTH>IND>ALP>GRN,0.36305273343468386,0.6369472665653162,OTH>IND>GRN>ON,0.3697374453145858,0.6302625546854143,OTH>IND>GRN>LNP,LNP,LNP-ON,0.14535568510793861,0.36305273343468386,Special priors: ON plus 5 pp,False,0.0
Narre Warren North,South-Eastern Metro,ALP,ALP,ON,0.5002624069450639,0.4997375930549361,0.0002624069450638533,ALP-ON,IND>GRN>OTH>LNP,0.5150361227277542,0.4849638772722458,IND>GRN>OTH>ON,0.5002624069450639,0.4997375930549361,IND>GRN>OTH>LNP,ALP,ALP-ON,0.013546949763304061,0.5150361227277542,Special priors: ON plus 5 pp,False,0.0
Narre Warren South,South-Eastern Metro,ALP,ALP,ON,0.5073864162036597,0.4926135837963403,0.0073864162036596515,ALP-ON,IND>GRN>OTH>LNP,0.5135354026617018,0.48646459733829817,IND>GRN>OTH>ON,0.5073864162036597,0.4926135837963403,IND>GRN>OTH>LNP,ALP,ALP-ON,0.021086295670180832,0.5135354026617018,Special priors: ON plus 5 pp,False,0.0
Nepean,Eastern Victoria,LNP,LNP,ALP,0.6564602903062553,0.3435397096937447,0.1564602903062553,LNP-ALP,OTH>IND>GRN>ON,0.3435397096937447,0.6564602903062553,OTH>IND>GRN>ON,0.3683096294540149,0.6316903705459851,OTH>IND>GRN>LNP,LNP,LNP-ALP,0.1564602903062553,0.3435397096937447,Special priors: ON plus 5 pp,False,0.0
Niddrie,Western Metro,ALP,LNP,ALP,0.5169940375046088,0.48300596249539124,0.016994037504608817,LNP-ALP,IND>OTH>GRN>ON,0.48300596249539124,0.5169940375046088,IND>OTH>GRN>ON,0.5174061922063201,0.48259380779367994,IND>OTH>GRN>LNP,LNP,LNP-ALP,0.016994037504608817,0.48300596249539124,Special priors: ON plus 5 pp,False,0.0
Northcote,Northern Metro,ALP,GRN,ALP,0.5474803208059461,0.4525196791940539,0.04748032080594611,GRN-ALP,IND>LNP>OTH>ON,0.7477727158439831,0.2522272841560169,IND>OTH>ON>GRN,0.7183389145979139,0.2816610854020861,IND>LNP>OTH>GRN,GRN,GRN-ALP,0.04748032080594611,0.7477727158439831,Special priors: ON plus 5 pp,False,0.0
Oakleigh,Southern Metro,ALP,ALP,LNP,0.5567109590212425,0.4432890409787575,0.05671095902124246,ALP-LNP,OTH>IND>GRN>ON,0.5567109590212425,0.4432890409787575,OTH>IND>GRN>ON,0.6004187605999014,0.3995812394000987,OTH>IND>GRN>LNP,ALP,ALP-LNP,0.05671095902124246,0.5567109590212425,Special priors: ON plus 5 pp,False,0.0
Ovens Valley,Northern Victoria,LNP,LNP,ON,0.6012013545880427,0.39879864541195725,0.10120135458804269,LNP-ON,IND>ALP>GRN>OTH,0.26342565918987837,0.7365743408101216,IND>GRN>OTH>ON,0.24886721415533408,0.751132785844666,IND>GRN>OTH>LNP,LNP,LNP-ON,0.11053697713571964,0.26342565918987837,Special priors: ON plus 5 pp,False,0.0
Pakenham,Eastern Victoria,ALP,LNP,ON,0.5236898230905499,0.4763101769094501,0.0236898230905499,LNP-ON,GRN>IND>OTH>ALP,0.4056826021105407,0.5943173978894593,GRN>IND>OTH>ON,0.3673755948979273,0.6326244051020726,GRN>IND>OTH>LNP,LNP,LNP-ON,0.0387745470747104,0.4056826021105407,Special priors: ON plus 5 pp,False,0.0
Pascoe Vale,Northern Metro,ALP,ALP,GRN,0.5081428177660497,0.4918571822339502,0.008142817766049748,ALP-GRN,OTH>IND>LNP>ON,0.6292559157862876,0.37074408421371235,OTH>IND>ON>GRN,0.6603333479605953,0.3396666520394047,OTH>IND>LNP>GRN,ALP,ALP-GRN,0.008142817766049748,0.6292559157862876,Special priors: ON plus 5 pp,False,0.0
Point Cook,Western Metro,ALP,ALP,ON,0.5011334466838766,0.4988665533161235,0.0011334466838766044,ALP-ON,GRN>OTH>IND>LNP,0.5328170380506575,0.4671829619493426,GRN>OTH>IND>ON,0.5011334466838766,0.4988665533161235,GRN>OTH>IND>LNP,ALP,ALP-ON,0.013954921181138169,0.5328170380506575,Special priors: ON plus 5 pp,False,0.0
Polwarth,Western Victoria,LNP,LNP,GRN,0.6496080441066312,0.3503919558933688,0.1496080441066312,LNP-GRN,IND>OTH>ALP>ON,0.3783204282414085,0.6216795717585916,IND>OTH>GRN>ON,0.38359527017292055,0.6164047298270794,IND>OTH>GRN>LNP,LNP,LNP-GRN,0.1496080441066312,0.3783204282414085,Special priors: ON plus 5 pp,False,0.0
Prahran,Southern Metro,GRN,GRN,LNP,0.5728501305265629,0.4271498694734371,0.07285013052656286,GRN-LNP,IND>OTH>ON>ALP,0.5766792299759903,0.42332077002400964,IND>OTH>ON>GRN,0.6735688755108262,0.3264311244891737,IND>OTH>LNP>GRN,GRN,GRN-LNP,0.07285013052656286,0.5766792299759903,Special priors: ON plus 5 pp,False,0.0
Preston,Northern Metro,ALP,ALP,ON,0.6097732757162824,0.3902267242837177,0.10977327571628237,ALP-ON,OTH>LNP>IND>GRN,0.6119746053249453,0.38802539467505476,OTH>IND>GRN>ON,0.6097732757162824,0.3902267242837177,OTH>LNP>IND>GRN,ALP,ALP-ON,0.12447459461622079,0.6119746053249453,Special priors: ON plus 5 pp,False,0.0
Richmond,Northern Metro,GRN,GRN,ALP,0.5942431243056353,0.40575687569436464,0.0942431243056353,GRN-ALP,IND>LNP>OTH>ON,0.7429158829359531,0.2570841170640469,IND>OTH>ON>GRN,0.7457330911452357,0.25426690885476444,IND>LNP>OTH>GRN,GRN,GRN-ALP,0.0942431243056353,0.7429158829359531,Special priors: ON plus 5 pp,False,0.0
Ringwood,North-Eastern Metro,ALP,LNP,ALP,0.506817164439438,0.49318283556056197,0.006817164439438028,LNP-ALP,IND>OTH>ON>GRN,0.49318283556056197,0.506817164439438,IND>OTH>ON>GRN,0.5539101052263861,0.446089894773614,IND>OTH>GRN>LNP,LNP,LNP-ALP,0.006817164439438028,0.49318283556056197,Special priors: ON plus 5 pp,False,0.0
Ripon,Western Victoria,ALP,ON,ALP,0.6207054803348926,0.3792945196651075,0.12070548033489259,ON-ALP,IND>GRN>OTH>LNP,0.4251129453226832,0.5748870546773169,IND>GRN>OTH>ON,0.3792945196651075,0.6207054803348926,IND>GRN>OTH>LNP,ON,ON-ALP,0.10513600579053306,0.4251129453226832,Special priors: ON plus 5 pp,False,0.0
Rowville,South-Eastern Metro,LNP,LNP,ALP,0.6041857856375953,0.39581421436240477,0.10418578563759529,LNP-ALP,OTH>GRN>IND>ON,0.39581421436240477,0.6041857856375953,OTH>GRN>IND>ON,0.47826940194601825,0.5217305980539818,OTH>GRN>IND>LNP,LNP,LNP-ALP,0.10418578563759529,0.39581421436240477,Special priors: ON plus 5 pp,False,0.0
Sandringham,Southern Metro,LNP,LNP,GRN,0.624242100221629,0.37575789977837115,0.12424210022162896,LNP-GRN,OTH>IND>ON>ALP,0.3791408372798301,0.6208591627201699,OTH>IND>ON>GRN,0.5025979975505757,0.49740200244942445,OTH>IND>GRN>LNP,LNP,LNP-GRN,0.12424210022162896,0.3791408372798301,Special priors: ON plus 5 pp,False,0.0
Shepparton,Northern Victoria,LNP,LNP,IND,0.5799958491833471,0.4200041508166528,0.07999584918334712,LNP-IND,ALP>OTH>GRN>ON,0.2503166108848676,0.7496833891151324,OTH>GRN>ON>IND,0.4104414605628656,0.5895585394371344,OTH>GRN>LNP>IND,LNP,LNP-IND,0.07999584918334712,0.2503166108848676,Special priors: ON plus 5 pp,False,0.0
South Barwon,Western Victoria,ALP,LNP,ALP,0.5282575590781853,0.4717424409218147,0.02825755907818528,LNP-ALP,IND>OTH>GRN>ON,0.4717424409218147,0.5282575590781853,IND>OTH>GRN>ON,0.4860442584698076,0.5139557415301924,IND>OTH>GRN>LNP,LNP,LNP-ALP,0.02825755907818528,0.4717424409218147,Special priors: ON plus 5 pp,False,0.0
South-West Coast,Western Victoria,LNP,LNP,IND,0.5694821354934922,0.43051786450650775,0.06948213549349225,LNP-IND,OTH>GRN>ALP>ON,0.35817345450533017,0.6418265454946699,OTH>GRN>ON>IND,0.32614669241842204,0.673853307581578,OTH>GRN>IND>LNP,LNP,LNP-IND,0.06948213549349225,0.35817345450533017,Special priors: ON plus 5 pp,False,0.0
St Albans,Western Metro,ALP,ALP,ON,0.5478002332247992,0.45219976677520074,0.047800233224799205,ALP-ON,IND>GRN>OTH>LNP,0.5530479300956488,0.4469520699043512,IND>GRN>OTH>ON,0.5478002332247992,0.45219976677520074,IND>GRN>OTH>LNP,ALP,ALP-ON,0.06061525861205408,0.5530479300956488,Special priors: ON plus 5 pp,False,0.0
Sunbury,Western Metro,ALP,ON,ALP,0.574415473807826,0.42558452619217396,0.07441547380782598,ON-ALP,IND>OTH>GRN>LNP,0.4557305461150699,0.5442694538849301,IND>OTH>GRN>ON,0.42558452619217396,0.574415473807826,IND>OTH>GRN>LNP,ON,ON-ALP,0.05917497979675179,0.4557305461150699,Special priors: ON plus 5 pp,False,0.0
Sydenham,Western Metro,ALP,ALP,ON,0.5047676107164633,0.49523238928353674,0.004767610716463255,ALP-ON,IND>GRN>OTH>LNP,0.5240483738233647,0.4759516261766353,IND>GRN>OTH>ON,0.5047676107164633,0.49523238928353674,IND>GRN>OTH>LNP,ALP,ALP-ON,0.01853777996989081,0.5240483738233647,Special priors: ON plus 5 pp,False,0.0
Tarneit,Western Metro,ALP,ALP,ON,0.5428329905542196,0.4571670094457805,0.04283299055421963,ALP-ON,IND>GRN>OTH>LNP,0.5648048839691469,0.43519511603085326,IND>GRN>OTH>ON,0.5428329905542196,0.4571670094457805,IND>GRN>OTH>LNP,ALP,ALP-ON,0.05510669854710559,0.5648048839691469,Special priors: ON plus 5 pp,False,0.0
Thomastown,Northern Metro,ALP,ALP,ON,0.5688864373444878,0.43111356265551215,0.06888643734448785,ALP-ON,IND>GRN>OTH>LNP,0.6090754235329631,0.39092457646703693,IND>GRN>OTH>ON,0.5688864373444878,0.43111356265551215,IND>GRN>OTH>LNP,ALP,ALP-ON,0.07901117261318291,0.6090754235329631,Special priors: ON plus 5 pp,False,0.0
Warrandyte,North-Eastern Metro,LNP,LNP,ALP,0.6232032254942393,0.3767967745057606,0.12320322549423934,LNP-ALP,IND>OTH>GRN>ON,0.3767967745057606,0.6232032254942393,IND>OTH>GRN>ON,0.48244301918581345,0.5175569808141866,IND>OTH>GRN>LNP,LNP,LNP-ALP,0.12320322549423934,0.3767967745057606,Special priors: ON plus 5 pp,False,0.0
Wendouree,Western Victoria,ALP,LNP,ALP,0.5041163235901485,0.49588367640985154,0.004116323590148463,LNP-ALP,IND>OTH>GRN>ON,0.49588367640985154,0.5041163235901485,IND>OTH>GRN>ON,0.49254481902513275,0.5074551809748673,IND>OTH>GRN>LNP,LNP,LNP-ALP,0.004116323590148463,0.49588367640985154,Special priors: ON plus 5 pp,False,0.0
Werribee,Western Metro,ALP,ON,ALP,0.549594883042698,0.45040511695730207,0.04959488304269799,ON-ALP,GRN>OTH>IND>LNP,0.5057048914300766,0.4942951085699235,GRN>OTH>IND>ON,0.45040511695730207,0.549594883042698,GRN>OTH>IND>LNP,ON,ON-ALP,0.03719207067302477,0.5057048914300766,Special priors: ON plus 5 pp,False,0.0
Williamstown,Western Metro,ALP,ALP,LNP,0.5830506665232947,0.4169493334767053,0.08305066652329474,ALP-LNP,IND>OTH>GRN>ON,0.5830506665232947,0.4169493334767053,IND>OTH>GRN>ON,0.6174705314022871,0.38252946859771286,IND>OTH>GRN>LNP,ALP,ALP-LNP,0.08305066652329474,0.5830506665232947,Special priors: ON plus 5 pp,False,0.0
Yan Yean,Northern Victoria,ALP,LNP,ALP,0.52470872787341,0.47529127212659006,0.024708727873410052,LNP-ALP,IND>GRN>OTH>ON,0.47529127212659006,0.52470872787341,IND>GRN>OTH>ON,0.4466391342021108,0.5533608657978892,IND>GRN>OTH>LNP,LNP,LNP-ALP,0.024708727873410052,0.47529127212659006,Special priors: ON plus 5 pp,False,0.0
