ElectionYear,Region,GroupKey,GroupName,PartyKey,CandidateID,CandidateName,BallotOrder,FirstPreferenceVotes,FirstPreferencePct,Source
2022,Eastern Victoria,VS,Victorian Socialists,VS,2022_EASTERN_VICTORIA_MANN_RICHARD,"MANN, Richard",1,2144,0.45,https://vec.vic.gov.au/results/state-election-results/2022-state-election-results/results-by-region/eastern-victoria-region-results
2022,Eastern Victoria,VS,Victorian Socialists,VS,2022_EASTERN_VICTORIA_ACREMAN_NATALIE,"ACREMAN, Natalie",2,156,0.03,https://vec.vic.gov.au/results/state-election-results/2022-state-election-results/results-by-region/eastern-victoria-region-results
2022,Eastern Victoria,DHJP,Derryn Hinch's Justice Party,DHJP,2022_EASTERN_VICTORIA_STANFIELD_RUTH,"STANFIELD, Ruth",1,9292,1.96,https://vec.vic.gov.au/results/state-election-results/2022-state-election-results/results-by-region/eastern-victoria-region-results
2022,Eastern Victoria,DHJP,Derryn Hinch's Justice Party,DHJP,2022_EASTERN_VICTORIA_O_CONNELL_LACHLAN,"O'CONNELL, Lachlan",2,208,0.04,https://vec.vic.gov.au/results/state-election-results/2022-state-election-results/results-by-region/eastern-victoria-region-results
2022,Eastern Victoria,LNP,Liberal / The Nationals,LIB,2022_EASTERN_VICTORIA_HEATH_RENEE,"HEATH, Renee",1,167133,35.31,https://vec.vic.gov.au/results/state-election-results/2022-state-election-results/results-by-region/eastern-victoria-region-results
2022,Eastern Victoria,LNP,Liberal / The Nationals,NAT,2022_EASTERN_VICTORIA_BATH_MELINA,"BATH, Melina",2,2457,0.52,https://vec.vic.gov.au/results/state-election-results/2022-state-election-results/results-by-region/eastern-victoria-region-results
2022,Eastern Victoria,LNP,Liberal / The Nationals,LIB,2022_EASTERN_VICTORIA_BURGESS_DAVID,"BURGESS, David",3,1346,0.28,https://vec.vic.gov.au/results/state-election-results/2022-state-election-results/results-by-region/eastern-victoria-region-results
2022,Eastern Victoria,LNP,Liberal / The Nationals,LIB,2022_EASTERN_VICTORIA_COOMBES_SHARN,"COOMBES, Sharn",4,457,0.1,https://vec.vic.gov.au/results/state-election-results/2022-state-election-results/results-by-region/eastern-victoria-region-results
2022,Eastern Victoria,LNP,Liberal / The Nationals,NAT,2022_EASTERN_VICTORIA_HARRINGTON_MICK,"HARRINGTON, Mick",5,815,0.17,https://vec.vic.gov.au/results/state-election-results/2022-state-election-results/results-by-region/eastern-victoria-region-results
2022,Eastern Victoria,AVP,Angry Victorians Party,AVP,2022_EASTERN_VICTORIA_CASEY_SHANE,"CASEY, Shane",1,2116,0.45,https://vec.vic.gov.au/results/state-election-results/2022-state-election-results/results-by-region/eastern-victoria-region-results
2022,Eastern Victoria,AVP,Angry Victorians Party,AVP,2022_EASTERN_VICTORIA_RIZZO_VIRGINIA,"RIZZO, Virginia",2,97,0.02,https://vec.vic.gov.au/results/state-election-results/2022-state-election-results/results-by-region/eastern-victoria-region-results
2022,Eastern Victoria,AVP,Angry Victorians Party,AVP,2022_EASTERN_VICTORIA_MARSHALL_BEN,"MARSHALL, Ben",3,67,0.01,https://vec.vic.gov.au/results/state-election-results/2022-state-election-results/results-by-region/eastern-victoria-region-results
2022,Eastern Victoria,FREEDOM,Freedom Party of Victoria,FREEDOM,2022_EASTERN_VICTORIA_HANSFORD_GREG,"HANSFORD, Greg",1,7962,1.68,https://vec.vic.gov.au/results/state-election-results/2022-state-election-results/results-by-region/eastern-victoria-region-results
2022,Eastern Victoria,FREEDOM,Freedom Party of Victoria,FREEDOM,2022_EASTERN_VICTORIA_AKERS_RAY,"AKERS, Ray",2,423,0.09,https://vec.vic.gov.au/results/state-election-results/2022-state-election-results/results-by-region/eastern-victoria-region-results
2022,Eastern Victoria,REASON,Fiona Patten's Reason Party,REASON,2022_EASTERN_VICTORIA_BARNES_DEAN,"BARNES, Dean",1,3147,0.66,https://vec.vic.gov.au/results/state-election-results/2022-state-election-results/results-by-region/eastern-victoria-region-results
2022,Eastern Victoria,REASON,Fiona Patten's Reason Party,REASON,2022_EASTERN_VICTORIA_CASH_EVE,"CASH, Eve",2,351,0.07,https://vec.vic.gov.au/results/state-election-results/2022-state-election-results/results-by-region/eastern-victoria-region-results
2022,Eastern Victoria,DLP,Labour DLP,DLP,2022_EASTERN_VICTORIA_SEMMEL_PHILIP,"SEMMEL, Philip",1,17832,3.77,https://vec.vic.gov.au/results/state-election-results/2022-state-election-results/results-by-region/eastern-victoria-region-results
2022,Eastern Victoria,DLP,Labour DLP,DLP,2022_EASTERN_VICTORIA_KENNEDY_CATHERINE,"KENNEDY, Catherine",2,285,0.06,https://vec.vic.gov.au/results/state-election-results/2022-state-election-results/results-by-region/eastern-victoria-region-results
2022,Eastern Victoria,HAP,Health Australia Party,HAP,2022_EASTERN_VICTORIA_WALLACE_KRISTY_MICHELLE,"WALLACE, Kristy Michelle",1,1801,0.38,https://vec.vic.gov.au/results/state-election-results/2022-state-election-results/results-by-region/eastern-victoria-region-results
2022,Eastern Victoria,HAP,Health Australia Party,HAP,2022_EASTERN_VICTORIA_WHITE_TANIA,"WHITE, Tania",2,120,0.03,https://vec.vic.gov.au/results/state-election-results/2022-state-election-results/results-by-region/eastern-victoria-region-results
2022,Eastern Victoria,NDP,New Democrats,NDP,2022_EASTERN_VICTORIA_AJJAMPURA_SRILAKSHMI,"AJJAMPURA, Srilakshmi",1,496,0.1,https://vec.vic.gov.au/results/state-election-results/2022-state-election-results/results-by-region/eastern-victoria-region-results
2022,Eastern Victoria,NDP,New Democrats,NDP,2022_EASTERN_VICTORIA_DARJI_KOMALBEN_RASIKLAL,"DARJI, Komalben Rasiklal",2,9,0.0,https://vec.vic.gov.au/results/state-election-results/2022-state-election-results/results-by-region/eastern-victoria-region-results
2022,Eastern Victoria,NDP,New Democrats,NDP,2022_EASTERN_VICTORIA_SHAH_NAMRATA_RAJAN,"SHAH, Namrata Rajan",3,28,0.01,https://vec.vic.gov.au/results/state-election-results/2022-state-election-results/results-by-region/eastern-victoria-region-results
2022,Eastern Victoria,ON,Pauline Hanson's One Nation,ON,2022_EASTERN_VICTORIA_PICKERING_WARREN,"PICKERING, Warren",1,16620,3.51,https://vec.vic.gov.au/results/state-election-results/2022-state-election-results/results-by-region/eastern-victoria-region-results
2022,Eastern Victoria,ON,Pauline Hanson's One Nation,ON,2022_EASTERN_VICTORIA_WADDELL_JEFF,"WADDELL, Jeff",2,344,0.07,https://vec.vic.gov.au/results/state-election-results/2022-state-election-results/results-by-region/eastern-victoria-region-results
2022,Eastern Victoria,FFV,Family First Victoria,FFV,2022_EASTERN_VICTORIA_WILDE_MILTON,"WILDE, Milton",1,7413,1.57,https://vec.vic.gov.au/results/state-election-results/2022-state-election-results/results-by-region/eastern-victoria-region-results
2022,Eastern Victoria,FFV,Family First Victoria,FFV,2022_EASTERN_VICTORIA_SAWTELL_NATASHA,"SAWTELL, Natasha",2,221,0.05,https://vec.vic.gov.au/results/state-election-results/2022-state-election-results/results-by-region/eastern-victoria-region-results
2022,Eastern Victoria,LDP,Liberal Democrats,LDP,2022_EASTERN_VICTORIA_MCCATHIE_ROB,"McCATHIE, Rob",1,12020,2.54,https://vec.vic.gov.au/results/state-election-results/2022-state-election-results/results-by-region/eastern-victoria-region-results
2022,Eastern Victoria,LDP,Liberal Democrats,LDP,2022_EASTERN_VICTORIA_WARD_ANGUS,"WARD, Angus",2,110,0.02,https://vec.vic.gov.au/results/state-election-results/2022-state-election-results/results-by-region/eastern-victoria-region-results
2022,Eastern Victoria,GRN,Australian Greens,GRN,2022_EASTERN_VICTORIA_MORGAN_MAT,"MORGAN, Mat",1,36040,7.61,https://vec.vic.gov.au/results/state-election-results/2022-state-election-results/results-by-region/eastern-victoria-region-results
2022,Eastern Victoria,GRN,Australian Greens,GRN,2022_EASTERN_VICTORIA_FROGLEY_ADAM,"FROGLEY, Adam",2,426,0.09,https://vec.vic.gov.au/results/state-election-results/2022-state-election-results/results-by-region/eastern-victoria-region-results
2022,Eastern Victoria,GRN,Australian Greens,GRN,2022_EASTERN_VICTORIA_WHEELOCK_JESSICA,"WHEELOCK, Jessica",3,790,0.17,https://vec.vic.gov.au/results/state-election-results/2022-state-election-results/results-by-region/eastern-victoria-region-results
2022,Eastern Victoria,GRN,Australian Greens,GRN,2022_EASTERN_VICTORIA_WHEELOCK_LYNDA,"WHEELOCK, Lynda",4,228,0.05,https://vec.vic.gov.au/results/state-election-results/2022-state-election-results/results-by-region/eastern-victoria-region-results
2022,Eastern Victoria,GRN,Australian Greens,GRN,2022_EASTERN_VICTORIA_BARDALES_RODRIGO,"BARDALES, Rodrigo",5,311,0.07,https://vec.vic.gov.au/results/state-election-results/2022-state-election-results/results-by-region/eastern-victoria-region-results
2022,Eastern Victoria,LCV,Legalise Cannabis Victoria,LCV,2022_EASTERN_VICTORIA_FORREST_THOMAS,"FORREST, Thomas",1,19434,4.11,https://vec.vic.gov.au/results/state-election-results/2022-state-election-results/results-by-region/eastern-victoria-region-results
2022,Eastern Victoria,LCV,Legalise Cannabis Victoria,LCV,2022_EASTERN_VICTORIA_SMITH_MARK,"SMITH, Mark",2,220,0.05,https://vec.vic.gov.au/results/state-election-results/2022-state-election-results/results-by-region/eastern-victoria-region-results
2022,Eastern Victoria,SFF,"Shooters, Fishers & Farmers Vic",SFF,2022_EASTERN_VICTORIA_BOURMAN_JEFF,"BOURMAN, Jeff",1,13860,2.93,https://vec.vic.gov.au/results/state-election-results/2022-state-election-results/results-by-region/eastern-victoria-region-results
2022,Eastern Victoria,SFF,"Shooters, Fishers & Farmers Vic",SFF,2022_EASTERN_VICTORIA_MUIR_KERRIE_ANNE,"MUIR, Kerrie-Anne",2,357,0.08,https://vec.vic.gov.au/results/state-election-results/2022-state-election-results/results-by-region/eastern-victoria-region-results
2022,Eastern Victoria,UAP,United Australia Party,UAP,2022_EASTERN_VICTORIA_UNKLES_JAMES_WILLIAM,"UNKLES, James William",1,3317,0.7,https://vec.vic.gov.au/results/state-election-results/2022-state-election-results/results-by-region/eastern-victoria-region-results
2022,Eastern Victoria,UAP,United Australia Party,UAP,2022_EASTERN_VICTORIA_WILSON_PAUL,"WILSON, Paul",2,65,0.01,https://vec.vic.gov.au/results/state-election-results/2022-state-election-results/results-by-region/eastern-victoria-region-results
2022,Eastern Victoria,AJP,Animal Justice Party,AJP,2022_EASTERN_VICTORIA_CRAM_AUSTIN,"CRAM, Austin",1,8153,1.72,https://vec.vic.gov.au/results/state-election-results/2022-state-election-results/results-by-region/eastern-victoria-region-results
2022,Eastern Victoria,AJP,Animal Justice Party,AJP,2022_EASTERN_VICTORIA_MCADAM_JENNIFER,"McADAM, Jennifer",2,260,0.05,https://vec.vic.gov.au/results/state-election-results/2022-state-election-results/results-by-region/eastern-victoria-region-results
2022,Eastern Victoria,SAP,Sustainable Australia Party – Stop Overdevelopment / Corruption,SAP,2022_EASTERN_VICTORIA_PATERSON_SOPHIE,"PATERSON, Sophie",1,1723,0.36,https://vec.vic.gov.au/results/state-election-results/2022-state-election-results/results-by-region/eastern-victoria-region-results
2022,Eastern Victoria,SAP,Sustainable Australia Party – Stop Overdevelopment / Corruption,SAP,2022_EASTERN_VICTORIA_CRESSWELL_ANTHONY,"CRESSWELL, Anthony",2,49,0.01,https://vec.vic.gov.au/results/state-election-results/2022-state-election-results/results-by-region/eastern-victoria-region-results
2022,Eastern Victoria,CPP,Companions and Pets Party,CPP,2022_EASTERN_VICTORIA_HUTCHISON_JOHN,"HUTCHISON, John",1,2227,0.47,https://vec.vic.gov.au/results/state-election-results/2022-state-election-results/results-by-region/eastern-victoria-region-results
2022,Eastern Victoria,CPP,Companions and Pets Party,CPP,2022_EASTERN_VICTORIA_EDDY_SEAN,"EDDY, Sean",2,24,0.01,https://vec.vic.gov.au/results/state-election-results/2022-state-election-results/results-by-region/eastern-victoria-region-results
2022,Eastern Victoria,ALP,Australian Labor Party - Victorian Branch,ALP,2022_EASTERN_VICTORIA_MCINTOSH_TOM,"McINTOSH, Tom",1,122413,25.86,https://vec.vic.gov.au/results/state-election-results/2022-state-election-results/results-by-region/eastern-victoria-region-results
2022,Eastern Victoria,ALP,Australian Labor Party - Victorian Branch,ALP,2022_EASTERN_VICTORIA_SHING_HARRIET,"SHING, Harriet",2,1169,0.25,https://vec.vic.gov.au/results/state-election-results/2022-state-election-results/results-by-region/eastern-victoria-region-results
2022,Eastern Victoria,ALP,Australian Labor Party - Victorian Branch,ALP,2022_EASTERN_VICTORIA_TEMPLAR_KANSHLO_AMIE,"TEMPLAR-KANSHLO, Amie",3,401,0.08,https://vec.vic.gov.au/results/state-election-results/2022-state-election-results/results-by-region/eastern-victoria-region-results
2022,Eastern Victoria,ALP,Australian Labor Party - Victorian Branch,ALP,2022_EASTERN_VICTORIA_LANGLEY_JANNETTE,"LANGLEY, Jannette",4,765,0.16,https://vec.vic.gov.au/results/state-election-results/2022-state-election-results/results-by-region/eastern-victoria-region-results
2022,Eastern Victoria,ALP,Australian Labor Party - Victorian Branch,ALP,2022_EASTERN_VICTORIA_D_ARCY_MARG,"D'ARCY, Marg",5,733,0.15,https://vec.vic.gov.au/results/state-election-results/2022-state-election-results/results-by-region/eastern-victoria-region-results
2022,Eastern Victoria,TMP,Transport Matters,TMP,2022_EASTERN_VICTORIA_TROSHEN_RALF,"TROSHEN, Ralf",1,691,0.15,https://vec.vic.gov.au/results/state-election-results/2022-state-election-results/results-by-region/eastern-victoria-region-results
2022,Eastern Victoria,TMP,Transport Matters,TMP,2022_EASTERN_VICTORIA_DUNN_MARK,"DUNN, Mark",2,38,0.01,https://vec.vic.gov.au/results/state-election-results/2022-state-election-results/results-by-region/eastern-victoria-region-results
2022,Eastern Victoria,SDA,Sack Dan Andrews Restore Democracy,SDA,2022_EASTERN_VICTORIA_COSKUN_CENGIZ,"COSKUN, Cengiz",1,3913,0.83,https://vec.vic.gov.au/results/state-election-results/2022-state-election-results/results-by-region/eastern-victoria-region-results
2022,Eastern Victoria,SDA,Sack Dan Andrews Restore Democracy,SDA,2022_EASTERN_VICTORIA_COSKUN_CONNIE,"COSKUN, Connie",2,71,0.02,https://vec.vic.gov.au/results/state-election-results/2022-state-election-results/results-by-region/eastern-victoria-region-results
2022,Eastern Victoria,2022_EASTERN_VICTORIA_O_BRIEN_JOHN,Ungrouped,IND,2022_EASTERN_VICTORIA_O_BRIEN_JOHN,"O'BRIEN, John",1,170,0.04,https://vec.vic.gov.au/results/state-election-results/2022-state-election-results/results-by-region/eastern-victoria-region-results
2022,North-Eastern Metropolitan,HAP,Health Australia Party,HAP,2022_NORTH_EASTERN_METROPOLITAN_MUNRO_LEESA_MICHELLE,"MUNRO, Leesa Michelle",1,2994,0.62,https://vec.vic.gov.au/results/state-election-results/2022-state-election-results/results-by-region/north-eastern-metropolitan-region-results
2022,North-Eastern Metropolitan,HAP,Health Australia Party,HAP,2022_NORTH_EASTERN_METROPOLITAN_HICKS_ANDREW,"HICKS, Andrew",2,177,0.04,https://vec.vic.gov.au/results/state-election-results/2022-state-election-results/results-by-region/north-eastern-metropolitan-region-results
2022,North-Eastern Metropolitan,DLP,Labour DLP,DLP,2022_NORTH_EASTERN_METROPOLITAN_DOLAN_HUGH,"DOLAN, Hugh",1,24580,5.11,https://vec.vic.gov.au/results/state-election-results/2022-state-election-results/results-by-region/north-eastern-metropolitan-region-results
2022,North-Eastern Metropolitan,DLP,Labour DLP,DLP,2022_NORTH_EASTERN_METROPOLITAN_VAN_DER_ENDE_BRENTON,"VAN DER ENDE, Brenton",2,250,0.05,https://vec.vic.gov.au/results/state-election-results/2022-state-election-results/results-by-region/north-eastern-metropolitan-region-results
2022,North-Eastern Metropolitan,DLP,Labour DLP,DLP,2022_NORTH_EASTERN_METROPOLITAN_TSINGOPOULOS_GEORGE,"TSINGOPOULOS, George",3,104,0.02,https://vec.vic.gov.au/results/state-election-results/2022-state-election-results/results-by-region/north-eastern-metropolitan-region-results
2022,North-Eastern Metropolitan,DLP,Labour DLP,DLP,2022_NORTH_EASTERN_METROPOLITAN_TRA_JAMES,"TRA, James",4,121,0.03,https://vec.vic.gov.au/results/state-election-results/2022-state-election-results/results-by-region/north-eastern-metropolitan-region-results
2022,North-Eastern Metropolitan,NDP,New Democrats,NDP,2022_NORTH_EASTERN_METROPOLITAN_JAISINGHANI_DARSHAN_LAL,"JAISINGHANI, Darshan Lal",1,802,0.17,https://vec.vic.gov.au/results/state-election-results/2022-state-election-results/results-by-region/north-eastern-metropolitan-region-results
2022,North-Eastern Metropolitan,NDP,New Democrats,NDP,2022_NORTH_EASTERN_METROPOLITAN_GARG_RAJAT,"GARG, Rajat",2,54,0.01,https://vec.vic.gov.au/results/state-election-results/2022-state-election-results/results-by-region/north-eastern-metropolitan-region-results
2022,North-Eastern Metropolitan,NDP,New Democrats,NDP,2022_NORTH_EASTERN_METROPOLITAN_NARANG_PUSHPDEEP,"NARANG, Pushpdeep",3,23,0.0,https://vec.vic.gov.au/results/state-election-results/2022-state-election-results/results-by-region/north-eastern-metropolitan-region-results
2022,North-Eastern Metropolitan,LDP,Liberal Democrats,LDP,2022_NORTH_EASTERN_METROPOLITAN_TESA_MAYA,"TESA, Maya",1,19991,4.16,https://vec.vic.gov.au/results/state-election-results/2022-state-election-results/results-by-region/north-eastern-metropolitan-region-results
2022,North-Eastern Metropolitan,LDP,Liberal Democrats,LDP,2022_NORTH_EASTERN_METROPOLITAN_LAY_JOSH,"LAY, Josh",2,388,0.08,https://vec.vic.gov.au/results/state-election-results/2022-state-election-results/results-by-region/north-eastern-metropolitan-region-results
2022,North-Eastern Metropolitan,AVP,Angry Victorians Party,AVP,2022_NORTH_EASTERN_METROPOLITAN_EDWARDS_WALLY,"EDWARDS, Wally",1,1608,0.33,https://vec.vic.gov.au/results/state-election-results/2022-state-election-results/results-by-region/north-eastern-metropolitan-region-results
2022,North-Eastern Metropolitan,AVP,Angry Victorians Party,AVP,2022_NORTH_EASTERN_METROPOLITAN_GIANFRIDDO_JOE,"GIANFRIDDO, Joe",2,65,0.01,https://vec.vic.gov.au/results/state-election-results/2022-state-election-results/results-by-region/north-eastern-metropolitan-region-results
2022,North-Eastern Metropolitan,SFF,"Shooters, Fishers & Farmers Vic",SFF,2022_NORTH_EASTERN_METROPOLITAN_BANHIDY_CHRIS,"BANHIDY, Chris",1,4292,0.89,https://vec.vic.gov.au/results/state-election-results/2022-state-election-results/results-by-region/north-eastern-metropolitan-region-results
2022,North-Eastern Metropolitan,SFF,"Shooters, Fishers & Farmers Vic",SFF,2022_NORTH_EASTERN_METROPOLITAN_HANSON_HUGH,"HANSON, Hugh",2,109,0.02,https://vec.vic.gov.au/results/state-election-results/2022-state-election-results/results-by-region/north-eastern-metropolitan-region-results
2022,North-Eastern Metropolitan,DHJP,Derryn Hinch's Justice Party,DHJP,2022_NORTH_EASTERN_METROPOLITAN_THOMPSON_JUDITH,"THOMPSON, Judith",1,6580,1.37,https://vec.vic.gov.au/results/state-election-results/2022-state-election-results/results-by-region/north-eastern-metropolitan-region-results
2022,North-Eastern Metropolitan,DHJP,Derryn Hinch's Justice Party,DHJP,2022_NORTH_EASTERN_METROPOLITAN_PHILPOTT_ANNETTE,"PHILPOTT, Annette",2,179,0.04,https://vec.vic.gov.au/results/state-election-results/2022-state-election-results/results-by-region/north-eastern-metropolitan-region-results
2022,North-Eastern Metropolitan,SDA,Sack Dan Andrews Restore Democracy,SDA,2022_NORTH_EASTERN_METROPOLITAN_COBANKARA_SERIFE,"COBANKARA, Serife",1,3178,0.66,https://vec.vic.gov.au/results/state-election-results/2022-state-election-results/results-by-region/north-eastern-metropolitan-region-results
2022,North-Eastern Metropolitan,SDA,Sack Dan Andrews Restore Democracy,SDA,2022_NORTH_EASTERN_METROPOLITAN_COBANKARA_HUSYIN,"COBANKARA, Husyin",2,58,0.01,https://vec.vic.gov.au/results/state-election-results/2022-state-election-results/results-by-region/north-eastern-metropolitan-region-results
2022,North-Eastern Metropolitan,VS,Victorian Socialists,VS,2022_NORTH_EASTERN_METROPOLITAN_MOORE_LUCAS,"MOORE, Lucas",1,2349,0.49,https://vec.vic.gov.au/results/state-election-results/2022-state-election-results/results-by-region/north-eastern-metropolitan-region-results
2022,North-Eastern Metropolitan,VS,Victorian Socialists,VS,2022_NORTH_EASTERN_METROPOLITAN_KOPSCHEWA_LILLIAN,"KOPSCHEWA, Lillian",2,236,0.05,https://vec.vic.gov.au/results/state-election-results/2022-state-election-results/results-by-region/north-eastern-metropolitan-region-results
2022,North-Eastern Metropolitan,REASON,Fiona Patten's Reason Party,REASON,2022_NORTH_EASTERN_METROPOLITAN_SPRINGLE_NINA,"SPRINGLE, Nina",1,4579,0.95,https://vec.vic.gov.au/results/state-election-results/2022-state-election-results/results-by-region/north-eastern-metropolitan-region-results
2022,North-Eastern Metropolitan,REASON,Fiona Patten's Reason Party,REASON,2022_NORTH_EASTERN_METROPOLITAN_CAIRNS_FRANCIS,"CAIRNS, Francis",2,195,0.04,https://vec.vic.gov.au/results/state-election-results/2022-state-election-results/results-by-region/north-eastern-metropolitan-region-results
2022,North-Eastern Metropolitan,CPP,Companions and Pets Party,CPP,2022_NORTH_EASTERN_METROPOLITAN_REID_CRAIG,"REID, Craig",1,1677,0.35,https://vec.vic.gov.au/results/state-election-results/2022-state-election-results/results-by-region/north-eastern-metropolitan-region-results
2022,North-Eastern Metropolitan,CPP,Companions and Pets Party,CPP,2022_NORTH_EASTERN_METROPOLITAN_JONES_JULIA,"JONES, Julia",2,61,0.01,https://vec.vic.gov.au/results/state-election-results/2022-state-election-results/results-by-region/north-eastern-metropolitan-region-results
2022,North-Eastern Metropolitan,ON,Pauline Hanson's One Nation,ON,2022_NORTH_EASTERN_METROPOLITAN_RICHARDSON_PETER,"RICHARDSON, Peter",1,5926,1.23,https://vec.vic.gov.au/results/state-election-results/2022-state-election-results/results-by-region/north-eastern-metropolitan-region-results
2022,North-Eastern Metropolitan,ON,Pauline Hanson's One Nation,ON,2022_NORTH_EASTERN_METROPOLITAN_TURNER_WILLIAM,"TURNER, William",2,160,0.03,https://vec.vic.gov.au/results/state-election-results/2022-state-election-results/results-by-region/north-eastern-metropolitan-region-results
2022,North-Eastern Metropolitan,AJP,Animal Justice Party,AJP,2022_NORTH_EASTERN_METROPOLITAN_DELFORCE_CHRIS,"DELFORCE, Chris",1,6665,1.39,https://vec.vic.gov.au/results/state-election-results/2022-state-election-results/results-by-region/north-eastern-metropolitan-region-results
2022,North-Eastern Metropolitan,AJP,Animal Justice Party,AJP,2022_NORTH_EASTERN_METROPOLITAN_ALEKSOV_ANGEL,"ALEKSOV, Angel",2,134,0.03,https://vec.vic.gov.au/results/state-election-results/2022-state-election-results/results-by-region/north-eastern-metropolitan-region-results
2022,North-Eastern Metropolitan,LCV,Legalise Cannabis Victoria,LCV,2022_NORTH_EASTERN_METROPOLITAN_WALLIS_NICHOLAS,"WALLIS, Nicholas",1,15158,3.15,https://vec.vic.gov.au/results/state-election-results/2022-state-election-results/results-by-region/north-eastern-metropolitan-region-results
2022,North-Eastern Metropolitan,LCV,Legalise Cannabis Victoria,LCV,2022_NORTH_EASTERN_METROPOLITAN_NEGRI_ANNA,"NEGRI, Anna",2,199,0.04,https://vec.vic.gov.au/results/state-election-results/2022-state-election-results/results-by-region/north-eastern-metropolitan-region-results
2022,North-Eastern Metropolitan,ALP,Australian Labor Party - Victorian Branch,ALP,2022_NORTH_EASTERN_METROPOLITAN_LEANE_SHAUN,"LEANE, Shaun",1,159126,33.09,https://vec.vic.gov.au/results/state-election-results/2022-state-election-results/results-by-region/north-eastern-metropolitan-region-results
2022,North-Eastern Metropolitan,ALP,Australian Labor Party - Victorian Branch,ALP,2022_NORTH_EASTERN_METROPOLITAN_TERPSTRA_SONJA,"TERPSTRA, Sonja",2,1225,0.25,https://vec.vic.gov.au/results/state-election-results/2022-state-election-results/results-by-region/north-eastern-metropolitan-region-results
2022,North-Eastern Metropolitan,ALP,Australian Labor Party - Victorian Branch,ALP,2022_NORTH_EASTERN_METROPOLITAN_GADANI_NILDHARA,"GADANI, Nildhara",3,671,0.14,https://vec.vic.gov.au/results/state-election-results/2022-state-election-results/results-by-region/north-eastern-metropolitan-region-results
2022,North-Eastern Metropolitan,ALP,Australian Labor Party - Victorian Branch,ALP,2022_NORTH_EASTERN_METROPOLITAN_JAVED_RANA_SHAHID,"JAVED, Rana Shahid",4,269,0.06,https://vec.vic.gov.au/results/state-election-results/2022-state-election-results/results-by-region/north-eastern-metropolitan-region-results
2022,North-Eastern Metropolitan,ALP,Australian Labor Party - Victorian Branch,ALP,2022_NORTH_EASTERN_METROPOLITAN_SIMPSON_KIERAN,"SIMPSON, Kieran",5,892,0.19,https://vec.vic.gov.au/results/state-election-results/2022-state-election-results/results-by-region/north-eastern-metropolitan-region-results
2022,North-Eastern Metropolitan,SAP,Sustainable Australia Party – Stop Overdevelopment / Corruption,SAP,2022_NORTH_EASTERN_METROPOLITAN_CORCORAN_JACK,"CORCORAN, Jack",1,1802,0.37,https://vec.vic.gov.au/results/state-election-results/2022-state-election-results/results-by-region/north-eastern-metropolitan-region-results
2022,North-Eastern Metropolitan,SAP,Sustainable Australia Party – Stop Overdevelopment / Corruption,SAP,2022_NORTH_EASTERN_METROPOLITAN_CLOW_WILLIAM,"CLOW, William",2,73,0.02,https://vec.vic.gov.au/results/state-election-results/2022-state-election-results/results-by-region/north-eastern-metropolitan-region-results
2022,North-Eastern Metropolitan,LIB,Liberal,LIB,2022_NORTH_EASTERN_METROPOLITAN_BACH_MATTHEW,"BACH, Matthew",1,142882,29.71,https://vec.vic.gov.au/results/state-election-results/2022-state-election-results/results-by-region/north-eastern-metropolitan-region-results
2022,North-Eastern Metropolitan,LIB,Liberal,LIB,2022_NORTH_EASTERN_METROPOLITAN_MCGOWAN_NICK,"McGOWAN, Nick",2,1516,0.32,https://vec.vic.gov.au/results/state-election-results/2022-state-election-results/results-by-region/north-eastern-metropolitan-region-results
2022,North-Eastern Metropolitan,LIB,Liberal,LIB,2022_NORTH_EASTERN_METROPOLITAN_LANGFORD_KIRSTEN,"LANGFORD, Kirsten",3,451,0.09,https://vec.vic.gov.au/results/state-election-results/2022-state-election-results/results-by-region/north-eastern-metropolitan-region-results
2022,North-Eastern Metropolitan,LIB,Liberal,LIB,2022_NORTH_EASTERN_METROPOLITAN_LING_IRENE,"LING, Irene",4,647,0.13,https://vec.vic.gov.au/results/state-election-results/2022-state-election-results/results-by-region/north-eastern-metropolitan-region-results
2022,North-Eastern Metropolitan,LIB,Liberal,LIB,2022_NORTH_EASTERN_METROPOLITAN_HOUGUET_SALLY,"HOUGUET, Sally",5,292,0.06,https://vec.vic.gov.au/results/state-election-results/2022-state-election-results/results-by-region/north-eastern-metropolitan-region-results
2022,North-Eastern Metropolitan,GRN,Australian Greens,GRN,2022_NORTH_EASTERN_METROPOLITAN_PUGLIELLI_AIV,"PUGLIELLI, Aiv",1,46952,9.76,https://vec.vic.gov.au/results/state-election-results/2022-state-election-results/results-by-region/north-eastern-metropolitan-region-results
2022,North-Eastern Metropolitan,GRN,Australian Greens,GRN,2022_NORTH_EASTERN_METROPOLITAN_SUN_SOPHIA,"SUN, Sophia",2,932,0.19,https://vec.vic.gov.au/results/state-election-results/2022-state-election-results/results-by-region/north-eastern-metropolitan-region-results
2022,North-Eastern Metropolitan,GRN,Australian Greens,GRN,2022_NORTH_EASTERN_METROPOLITAN_CHASE_LIZ,"CHASE, Liz",3,766,0.16,https://vec.vic.gov.au/results/state-election-results/2022-state-election-results/results-by-region/north-eastern-metropolitan-region-results
2022,North-Eastern Metropolitan,GRN,Australian Greens,GRN,2022_NORTH_EASTERN_METROPOLITAN_COOKSON_ASHER,"COOKSON, Asher",4,296,0.06,https://vec.vic.gov.au/results/state-election-results/2022-state-election-results/results-by-region/north-eastern-metropolitan-region-results
2022,North-Eastern Metropolitan,GRN,Australian Greens,GRN,2022_NORTH_EASTERN_METROPOLITAN_NEWMAN_SARAH,"NEWMAN, Sarah",5,988,0.21,https://vec.vic.gov.au/results/state-election-results/2022-state-election-results/results-by-region/north-eastern-metropolitan-region-results
2022,North-Eastern Metropolitan,FFV,Family First Victoria,FFV,2022_NORTH_EASTERN_METROPOLITAN_CAMERON_ALISTER,"CAMERON, Alister",1,9939,2.07,https://vec.vic.gov.au/results/state-election-results/2022-state-election-results/results-by-region/north-eastern-metropolitan-region-results
2022,North-Eastern Metropolitan,FFV,Family First Victoria,FFV,2022_NORTH_EASTERN_METROPOLITAN_VAN_STRIJP_NINA,"van STRIJP, Nina",2,124,0.03,https://vec.vic.gov.au/results/state-election-results/2022-state-election-results/results-by-region/north-eastern-metropolitan-region-results
2022,North-Eastern Metropolitan,TMP,Transport Matters,TMP,2022_NORTH_EASTERN_METROPOLITAN_BARTON_ROD,"BARTON, Rod",1,969,0.2,https://vec.vic.gov.au/results/state-election-results/2022-state-election-results/results-by-region/north-eastern-metropolitan-region-results
2022,North-Eastern Metropolitan,TMP,Transport Matters,TMP,2022_NORTH_EASTERN_METROPOLITAN_GUEST_KIM,"GUEST, Kim",2,54,0.01,https://vec.vic.gov.au/results/state-election-results/2022-state-election-results/results-by-region/north-eastern-metropolitan-region-results
2022,North-Eastern Metropolitan,FREEDOM,Freedom Party of Victoria,FREEDOM,2022_NORTH_EASTERN_METROPOLITAN_CHEESMAN_GREG,"CHEESMAN, Greg",1,4472,0.93,https://vec.vic.gov.au/results/state-election-results/2022-state-election-results/results-by-region/north-eastern-metropolitan-region-results
2022,North-Eastern Metropolitan,FREEDOM,Freedom Party of Victoria,FREEDOM,2022_NORTH_EASTERN_METROPOLITAN_HEATHERICH_DANIELLA,"HEATHERICH, Daniella",2,212,0.04,https://vec.vic.gov.au/results/state-election-results/2022-state-election-results/results-by-region/north-eastern-metropolitan-region-results
2022,North-Eastern Metropolitan,UAP,United Australia Party,UAP,2022_NORTH_EASTERN_METROPOLITAN_SCAGLIONE_NATHAN,"SCAGLIONE, Nathan",1,2389,0.5,https://vec.vic.gov.au/results/state-election-results/2022-state-election-results/results-by-region/north-eastern-metropolitan-region-results
2022,North-Eastern Metropolitan,UAP,United Australia Party,UAP,2022_NORTH_EASTERN_METROPOLITAN_ZIVKOVIC_IRENE,"ZIVKOVIC, Irene",2,47,0.01,https://vec.vic.gov.au/results/state-election-results/2022-state-election-results/results-by-region/north-eastern-metropolitan-region-results
2022,Northern Metropolitan,FFV,Family First Victoria,FFV,2022_NORTHERN_METROPOLITAN_HIRMIZ_IMAD,"HIRMIZ, Imad",1,11326,2.5,https://vec.vic.gov.au/results/state-election-results/2022-state-election-results/results-by-region/northern-metropolitan-region-results
2022,Northern Metropolitan,FFV,Family First Victoria,FFV,2022_NORTHERN_METROPOLITAN_LOWRY_DENISE,"LOWRY, Denise",2,320,0.07,https://vec.vic.gov.au/results/state-election-results/2022-state-election-results/results-by-region/northern-metropolitan-region-results
2022,Northern Metropolitan,LIB,Liberal,LIB,2022_NORTHERN_METROPOLITAN_MULHOLLAND_EVAN,"MULHOLLAND, Evan",1,83448,18.44,https://vec.vic.gov.au/results/state-election-results/2022-state-election-results/results-by-region/northern-metropolitan-region-results
2022,Northern Metropolitan,LIB,Liberal,LIB,2022_NORTHERN_METROPOLITAN_GUEST_OWEN,"GUEST, Owen",2,692,0.15,https://vec.vic.gov.au/results/state-election-results/2022-state-election-results/results-by-region/northern-metropolitan-region-results
2022,Northern Metropolitan,LIB,Liberal,LIB,2022_NORTHERN_METROPOLITAN_STAKER_GUNN_TIM,"STAKER-GUNN, Tim",3,209,0.05,https://vec.vic.gov.au/results/state-election-results/2022-state-election-results/results-by-region/northern-metropolitan-region-results
2022,Northern Metropolitan,LIB,Liberal,LIB,2022_NORTHERN_METROPOLITAN_TEMPANY_MELINDA,"TEMPANY, Melinda",4,598,0.13,https://vec.vic.gov.au/results/state-election-results/2022-state-election-results/results-by-region/northern-metropolitan-region-results
2022,Northern Metropolitan,LIB,Liberal,LIB,2022_NORTHERN_METROPOLITAN_QADEER_HAFIZ,"QADEER, Hafiz",5,412,0.09,https://vec.vic.gov.au/results/state-election-results/2022-state-election-results/results-by-region/northern-metropolitan-region-results
2022,Northern Metropolitan,TMP,Transport Matters,TMP,2022_NORTHERN_METROPOLITAN_DIAMANTOPOULOS_GEORGIA,"DIAMANTOPOULOS, Georgia",1,1835,0.41,https://vec.vic.gov.au/results/state-election-results/2022-state-election-results/results-by-region/northern-metropolitan-region-results
2022,Northern Metropolitan,TMP,Transport Matters,TMP,2022_NORTHERN_METROPOLITAN_RACO_FRANCESCO,"RACO, Francesco",2,129,0.03,https://vec.vic.gov.au/results/state-election-results/2022-state-election-results/results-by-region/northern-metropolitan-region-results
2022,Northern Metropolitan,NDP,New Democrats,NDP,2022_NORTHERN_METROPOLITAN_ROS_AMITA,"ROS, Amita",1,1250,0.28,https://vec.vic.gov.au/results/state-election-results/2022-state-election-results/results-by-region/northern-metropolitan-region-results
2022,Northern Metropolitan,NDP,New Democrats,NDP,2022_NORTHERN_METROPOLITAN_SINGH_PUSHPINDER,"SINGH, Pushpinder",2,109,0.02,https://vec.vic.gov.au/results/state-election-results/2022-state-election-results/results-by-region/northern-metropolitan-region-results
2022,Northern Metropolitan,NDP,New Democrats,NDP,2022_NORTHERN_METROPOLITAN_BHINDER_VIKRAM,"BHINDER, Vikram",3,97,0.02,https://vec.vic.gov.au/results/state-election-results/2022-state-election-results/results-by-region/northern-metropolitan-region-results
2022,Northern Metropolitan,UAP,United Australia Party,UAP,2022_NORTHERN_METROPOLITAN_MORAN_KELLY,"MORAN, Kelly",1,5510,1.22,https://vec.vic.gov.au/results/state-election-results/2022-state-election-results/results-by-region/northern-metropolitan-region-results
2022,Northern Metropolitan,UAP,United Australia Party,UAP,2022_NORTHERN_METROPOLITAN_MCCAMISH_SCOTT,"MCCAMISH, Scott",2,91,0.02,https://vec.vic.gov.au/results/state-election-results/2022-state-election-results/results-by-region/northern-metropolitan-region-results
2022,Northern Metropolitan,FREEDOM,Freedom Party of Victoria,FREEDOM,2022_NORTHERN_METROPOLITAN_RICHARDSON_DAMIEN,"RICHARDSON, Damien",1,4829,1.07,https://vec.vic.gov.au/results/state-election-results/2022-state-election-results/results-by-region/northern-metropolitan-region-results
2022,Northern Metropolitan,FREEDOM,Freedom Party of Victoria,FREEDOM,2022_NORTHERN_METROPOLITAN_STODDART_CAMERON,"STODDART, Cameron",2,108,0.02,https://vec.vic.gov.au/results/state-election-results/2022-state-election-results/results-by-region/northern-metropolitan-region-results
2022,Northern Metropolitan,LDP,Liberal Democrats,LDP,2022_NORTHERN_METROPOLITAN_SILVERBERG_PAUL,"SILVERBERG, Paul",1,5424,1.2,https://vec.vic.gov.au/results/state-election-results/2022-state-election-results/results-by-region/northern-metropolitan-region-results
2022,Northern Metropolitan,LDP,Liberal Democrats,LDP,2022_NORTHERN_METROPOLITAN_VERSTEEGEN_RACHEL,"VERSTEEGEN, Rachel",2,188,0.04,https://vec.vic.gov.au/results/state-election-results/2022-state-election-results/results-by-region/northern-metropolitan-region-results
2022,Northern Metropolitan,DHJP,Derryn Hinch's Justice Party,DHJP,2022_NORTHERN_METROPOLITAN_PHILPOTT_SMART_SIMONE,"PHILPOTT-SMART, Simone",1,4671,1.03,https://vec.vic.gov.au/results/state-election-results/2022-state-election-results/results-by-region/northern-metropolitan-region-results
2022,Northern Metropolitan,DHJP,Derryn Hinch's Justice Party,DHJP,2022_NORTHERN_METROPOLITAN_STANFIELD_THOMAS,"STANFIELD, Thomas",2,102,0.02,https://vec.vic.gov.au/results/state-election-results/2022-state-election-results/results-by-region/northern-metropolitan-region-results
2022,Northern Metropolitan,SAP,Sustainable Australia Party – Stop Overdevelopment / Corruption,SAP,2022_NORTHERN_METROPOLITAN_PRIDHAM_ALISON,"PRIDHAM, Alison",1,1431,0.32,https://vec.vic.gov.au/results/state-election-results/2022-state-election-results/results-by-region/northern-metropolitan-region-results
2022,Northern Metropolitan,SAP,Sustainable Australia Party – Stop Overdevelopment / Corruption,SAP,2022_NORTHERN_METROPOLITAN_BUDGEON_DARYL,"BUDGEON, Daryl",2,49,0.01,https://vec.vic.gov.au/results/state-election-results/2022-state-election-results/results-by-region/northern-metropolitan-region-results
2022,Northern Metropolitan,HAP,Health Australia Party,HAP,2022_NORTHERN_METROPOLITAN_TAGGART_LISA,"TAGGART, Lisa",1,1584,0.35,https://vec.vic.gov.au/results/state-election-results/2022-state-election-results/results-by-region/northern-metropolitan-region-results
2022,Northern Metropolitan,HAP,Health Australia Party,HAP,2022_NORTHERN_METROPOLITAN_BRODIE_GABRIELLE,"BRODIE, Gabrielle",2,58,0.01,https://vec.vic.gov.au/results/state-election-results/2022-state-election-results/results-by-region/northern-metropolitan-region-results
2022,Northern Metropolitan,CPP,Companions and Pets Party,CPP,2022_NORTHERN_METROPOLITAN_GRUTZNER_PAULINE,"GRUTZNER, Pauline",1,1543,0.34,https://vec.vic.gov.au/results/state-election-results/2022-state-election-results/results-by-region/northern-metropolitan-region-results
2022,Northern Metropolitan,CPP,Companions and Pets Party,CPP,2022_NORTHERN_METROPOLITAN_PULLEN_LINDA,"PULLEN, Linda",2,39,0.01,https://vec.vic.gov.au/results/state-election-results/2022-state-election-results/results-by-region/northern-metropolitan-region-results
2022,Northern Metropolitan,DLP,Labour DLP,DLP,2022_NORTHERN_METROPOLITAN_SOMYUREK_ADEM,"SOMYUREK, Adem",1,21510,4.75,https://vec.vic.gov.au/results/state-election-results/2022-state-election-results/results-by-region/northern-metropolitan-region-results
2022,Northern Metropolitan,DLP,Labour DLP,DLP,2022_NORTHERN_METROPOLITAN_DE_WIT_CARY,"de WIT, Cary",2,174,0.04,https://vec.vic.gov.au/results/state-election-results/2022-state-election-results/results-by-region/northern-metropolitan-region-results
2022,Northern Metropolitan,AJP,Animal Justice Party,AJP,2022_NORTHERN_METROPOLITAN_HORSFALL_LEAH,"HORSFALL, Leah",1,6166,1.36,https://vec.vic.gov.au/results/state-election-results/2022-state-election-results/results-by-region/northern-metropolitan-region-results
2022,Northern Metropolitan,AJP,Animal Justice Party,AJP,2022_NORTHERN_METROPOLITAN_POON_BRUCE,"POON, Bruce",2,154,0.03,https://vec.vic.gov.au/results/state-election-results/2022-state-election-results/results-by-region/northern-metropolitan-region-results
2022,Northern Metropolitan,GRN,Australian Greens,GRN,2022_NORTHERN_METROPOLITAN_RATNAM_SAMANTHA,"RATNAM, Samantha",1,81014,17.91,https://vec.vic.gov.au/results/state-election-results/2022-state-election-results/results-by-region/northern-metropolitan-region-results
2022,Northern Metropolitan,GRN,Australian Greens,GRN,2022_NORTHERN_METROPOLITAN_KENNEDY_ESTHER,"KENNEDY, Esther",2,850,0.19,https://vec.vic.gov.au/results/state-election-results/2022-state-election-results/results-by-region/northern-metropolitan-region-results
2022,Northern Metropolitan,GRN,Australian Greens,GRN,2022_NORTHERN_METROPOLITAN_JEFFORD_SARAH,"JEFFORD, Sarah",3,863,0.19,https://vec.vic.gov.au/results/state-election-results/2022-state-election-results/results-by-region/northern-metropolitan-region-results
2022,Northern Metropolitan,GRN,Australian Greens,GRN,2022_NORTHERN_METROPOLITAN_LEACH_MICHAEL,"LEACH, Michael",4,685,0.15,https://vec.vic.gov.au/results/state-election-results/2022-state-election-results/results-by-region/northern-metropolitan-region-results
2022,Northern Metropolitan,GRN,Australian Greens,GRN,2022_NORTHERN_METROPOLITAN_MORRISON_KENNA,"MORRISON, Kenna",5,715,0.16,https://vec.vic.gov.au/results/state-election-results/2022-state-election-results/results-by-region/northern-metropolitan-region-results
2022,Northern Metropolitan,SFF,"Shooters, Fishers & Farmers Vic",SFF,2022_NORTHERN_METROPOLITAN_CONSTANTINOU_ETHAN,"CONSTANTINOU, Ethan",1,3413,0.75,https://vec.vic.gov.au/results/state-election-results/2022-state-election-results/results-by-region/northern-metropolitan-region-results
2022,Northern Metropolitan,SFF,"Shooters, Fishers & Farmers Vic",SFF,2022_NORTHERN_METROPOLITAN_PODGER_BEN,"PODGER, Ben",2,57,0.01,https://vec.vic.gov.au/results/state-election-results/2022-state-election-results/results-by-region/northern-metropolitan-region-results
2022,Northern Metropolitan,ALP,Australian Labor Party - Victorian Branch,ALP,2022_NORTHERN_METROPOLITAN_WATT_SHEENA,"WATT, Sheena",1,148830,32.9,https://vec.vic.gov.au/results/state-election-results/2022-state-election-results/results-by-region/northern-metropolitan-region-results
2022,Northern Metropolitan,ALP,Australian Labor Party - Victorian Branch,ALP,2022_NORTHERN_METROPOLITAN_ERDOGAN_ENVER,"ERDOGAN, Enver",2,445,0.1,https://vec.vic.gov.au/results/state-election-results/2022-state-election-results/results-by-region/northern-metropolitan-region-results
2022,Northern Metropolitan,ALP,Australian Labor Party - Victorian Branch,ALP,2022_NORTHERN_METROPOLITAN_BYERS_SUSIE,"BYERS, Susie",3,734,0.16,https://vec.vic.gov.au/results/state-election-results/2022-state-election-results/results-by-region/northern-metropolitan-region-results
2022,Northern Metropolitan,ALP,Australian Labor Party - Victorian Branch,ALP,2022_NORTHERN_METROPOLITAN_GAUL_CHLOE,"GAUL, Chloe",4,709,0.16,https://vec.vic.gov.au/results/state-election-results/2022-state-election-results/results-by-region/northern-metropolitan-region-results
2022,Northern Metropolitan,ALP,Australian Labor Party - Victorian Branch,ALP,2022_NORTHERN_METROPOLITAN_ALJALIL_RAMY,"ALJALIL, Ramy",5,344,0.08,https://vec.vic.gov.au/results/state-election-results/2022-state-election-results/results-by-region/northern-metropolitan-region-results
2022,Northern Metropolitan,AVP,Angry Victorians Party,AVP,2022_NORTHERN_METROPOLITAN_FREEMAN_NICKEE,"FREEMAN, Nickee",1,1146,0.25,https://vec.vic.gov.au/results/state-election-results/2022-state-election-results/results-by-region/northern-metropolitan-region-results
2022,Northern Metropolitan,AVP,Angry Victorians Party,AVP,2022_NORTHERN_METROPOLITAN_CASHION_JAKE,"CASHION, Jake",2,40,0.01,https://vec.vic.gov.au/results/state-election-results/2022-state-election-results/results-by-region/northern-metropolitan-region-results
2022,Northern Metropolitan,REASON,Fiona Patten's Reason Party,REASON,2022_NORTHERN_METROPOLITAN_PATTEN_FIONA,"PATTEN, Fiona",1,16117,3.56,https://vec.vic.gov.au/results/state-election-results/2022-state-election-results/results-by-region/northern-metropolitan-region-results
2022,Northern Metropolitan,REASON,Fiona Patten's Reason Party,REASON,2022_NORTHERN_METROPOLITAN_RYAN_JUDY,"RYAN, Judy",2,74,0.02,https://vec.vic.gov.au/results/state-election-results/2022-state-election-results/results-by-region/northern-metropolitan-region-results
2022,Northern Metropolitan,REASON,Fiona Patten's Reason Party,REASON,2022_NORTHERN_METROPOLITAN_CLARK_JENN,"CLARK, Jenn",3,53,0.01,https://vec.vic.gov.au/results/state-election-results/2022-state-election-results/results-by-region/northern-metropolitan-region-results
2022,Northern Metropolitan,REASON,Fiona Patten's Reason Party,REASON,2022_NORTHERN_METROPOLITAN_BRASSETT_MARCELLA,"BRASSETT, Marcella",4,17,0.0,https://vec.vic.gov.au/results/state-election-results/2022-state-election-results/results-by-region/northern-metropolitan-region-results
2022,Northern Metropolitan,REASON,Fiona Patten's Reason Party,REASON,2022_NORTHERN_METROPOLITAN_JAGIELSKI_TALI_SIANI,"JAGIELSKI, Tali Siani",5,61,0.01,https://vec.vic.gov.au/results/state-election-results/2022-state-election-results/results-by-region/northern-metropolitan-region-results
2022,Northern Metropolitan,SDA,Sack Dan Andrews Restore Democracy,SDA,2022_NORTHERN_METROPOLITAN_YESILAGAC_HATICE,"YESILAGAC, Hatice",1,2678,0.59,https://vec.vic.gov.au/results/state-election-results/2022-state-election-results/results-by-region/northern-metropolitan-region-results
2022,Northern Metropolitan,SDA,Sack Dan Andrews Restore Democracy,SDA,2022_NORTHERN_METROPOLITAN_YOLCU_BERKE,"YOLCU, Berke",2,33,0.01,https://vec.vic.gov.au/results/state-election-results/2022-state-election-results/results-by-region/northern-metropolitan-region-results
2022,Northern Metropolitan,LCV,Legalise Cannabis Victoria,LCV,2022_NORTHERN_METROPOLITAN_HALE_ANDREW,"HALE, Andrew",1,13508,2.99,https://vec.vic.gov.au/results/state-election-results/2022-state-election-results/results-by-region/northern-metropolitan-region-results
2022,Northern Metropolitan,LCV,Legalise Cannabis Victoria,LCV,2022_NORTHERN_METROPOLITAN_THOMPSON_RENEE,"THOMPSON, Renee",2,314,0.07,https://vec.vic.gov.au/results/state-election-results/2022-state-election-results/results-by-region/northern-metropolitan-region-results
2022,Northern Metropolitan,ON,Pauline Hanson's One Nation,ON,2022_NORTHERN_METROPOLITAN_DAVIS_JESSICA,"DAVIS, Jessica",1,4175,0.92,https://vec.vic.gov.au/results/state-election-results/2022-state-election-results/results-by-region/northern-metropolitan-region-results
2022,Northern Metropolitan,ON,Pauline Hanson's One Nation,ON,2022_NORTHERN_METROPOLITAN_CONSIDINE_MATTHEW,"CONSIDINE, Matthew",2,76,0.02,https://vec.vic.gov.au/results/state-election-results/2022-state-election-results/results-by-region/northern-metropolitan-region-results
2022,Northern Metropolitan,VS,Victorian Socialists,VS,2022_NORTHERN_METROPOLITAN_SMALL_JEROME,"SMALL, Jerome",1,20298,4.49,https://vec.vic.gov.au/results/state-election-results/2022-state-election-results/results-by-region/northern-metropolitan-region-results
2022,Northern Metropolitan,VS,Victorian Socialists,VS,2022_NORTHERN_METROPOLITAN_LEWIS_CATHY,"LEWIS, Cathy",2,1007,0.22,https://vec.vic.gov.au/results/state-election-results/2022-state-election-results/results-by-region/northern-metropolitan-region-results
2022,Northern Metropolitan,2022_NORTHERN_METROPOLITAN_MANCELL_COLIN_JOHN,Ungrouped,IND,2022_NORTHERN_METROPOLITAN_MANCELL_COLIN_JOHN,"MANCELL, Colin John",1,118,0.03,https://vec.vic.gov.au/results/state-election-results/2022-state-election-results/results-by-region/northern-metropolitan-region-results
2022,Northern Victoria,HAP,Health Australia Party,HAP,2022_NORTHERN_VICTORIA_WARNER_KIM,"WARNER, Kim",1,4701,1.01,https://vec.vic.gov.au/results/state-election-results/2022-state-election-results/results-by-region/northern-victoria-region-results
2022,Northern Victoria,HAP,Health Australia Party,HAP,2022_NORTHERN_VICTORIA_MORAN_SHAUN,"MORAN, Shaun",2,134,0.03,https://vec.vic.gov.au/results/state-election-results/2022-state-election-results/results-by-region/northern-victoria-region-results
2022,Northern Victoria,REASON,Fiona Patten's Reason Party,REASON,2022_NORTHERN_VICTORIA_SHARP_MELANIE,"SHARP, Melanie",1,3637,0.78,https://vec.vic.gov.au/results/state-election-results/2022-state-election-results/results-by-region/northern-victoria-region-results
2022,Northern Victoria,REASON,Fiona Patten's Reason Party,REASON,2022_NORTHERN_VICTORIA_CHAPMAN_CALLUM,"CHAPMAN, Callum",2,118,0.03,https://vec.vic.gov.au/results/state-election-results/2022-state-election-results/results-by-region/northern-victoria-region-results
2022,Northern Victoria,SFF,"Shooters, Fishers & Farmers Vic",SFF,2022_NORTHERN_VICTORIA_KNIGHT_JOSH,"KNIGHT, Josh",1,23374,5.03,https://vec.vic.gov.au/results/state-election-results/2022-state-election-results/results-by-region/northern-victoria-region-results
2022,Northern Victoria,SFF,"Shooters, Fishers & Farmers Vic",SFF,2022_NORTHERN_VICTORIA_WATKINS_PETER,"WATKINS, Peter",2,341,0.07,https://vec.vic.gov.au/results/state-election-results/2022-state-election-results/results-by-region/northern-victoria-region-results
2022,Northern Victoria,CPP,Companions and Pets Party,CPP,2022_NORTHERN_VICTORIA_BARNES_LAURA,"BARNES, Laura",1,2794,0.6,https://vec.vic.gov.au/results/state-election-results/2022-state-election-results/results-by-region/northern-victoria-region-results
2022,Northern Victoria,CPP,Companions and Pets Party,CPP,2022_NORTHERN_VICTORIA_BRITTON_ROBERT,"BRITTON, Robert",2,67,0.01,https://vec.vic.gov.au/results/state-election-results/2022-state-election-results/results-by-region/northern-victoria-region-results
2022,Northern Victoria,VS,Victorian Socialists,VS,2022_NORTHERN_VICTORIA_HOCKING_KAREN,"HOCKING, Karen",1,1761,0.38,https://vec.vic.gov.au/results/state-election-results/2022-state-election-results/results-by-region/northern-victoria-region-results
2022,Northern Victoria,VS,Victorian Socialists,VS,2022_NORTHERN_VICTORIA_DYNES_EMMA,"DYNES, Emma",2,132,0.03,https://vec.vic.gov.au/results/state-election-results/2022-state-election-results/results-by-region/northern-victoria-region-results
2022,Northern Victoria,LCV,Legalise Cannabis Victoria,LCV,2022_NORTHERN_VICTORIA_MILLER_ADAM,"MILLER, Adam",1,21691,4.67,https://vec.vic.gov.au/results/state-election-results/2022-state-election-results/results-by-region/northern-victoria-region-results
2022,Northern Victoria,LCV,Legalise Cannabis Victoria,LCV,2022_NORTHERN_VICTORIA_MCINALLY_CHRISTOPHER,"McINALLY, Christopher",2,412,0.09,https://vec.vic.gov.au/results/state-election-results/2022-state-election-results/results-by-region/northern-victoria-region-results
2022,Northern Victoria,UAP,United Australia Party,UAP,2022_NORTHERN_VICTORIA_SHAW_GEOFF,"SHAW, Geoff",1,3484,0.75,https://vec.vic.gov.au/results/state-election-results/2022-state-election-results/results-by-region/northern-victoria-region-results
2022,Northern Victoria,UAP,United Australia Party,UAP,2022_NORTHERN_VICTORIA_SUARES_ELIJAH,"SUARES, Elijah",2,136,0.03,https://vec.vic.gov.au/results/state-election-results/2022-state-election-results/results-by-region/northern-victoria-region-results
2022,Northern Victoria,ALP,Australian Labor Party - Victorian Branch,ALP,2022_NORTHERN_VICTORIA_SYMES_JACLYN,"SYMES, Jaclyn",1,132001,28.4,https://vec.vic.gov.au/results/state-election-results/2022-state-election-results/results-by-region/northern-victoria-region-results
2022,Northern Victoria,ALP,Australian Labor Party - Victorian Branch,ALP,2022_NORTHERN_VICTORIA_MCWHINNEY_JAMES,"McWHINNEY, James",2,1094,0.24,https://vec.vic.gov.au/results/state-election-results/2022-state-election-results/results-by-region/northern-victoria-region-results
2022,Northern Victoria,ALP,Australian Labor Party - Victorian Branch,ALP,2022_NORTHERN_VICTORIA_MILLS_GARETH,"MILLS, Gareth",3,322,0.07,https://vec.vic.gov.au/results/state-election-results/2022-state-election-results/results-by-region/northern-victoria-region-results
2022,Northern Victoria,ALP,Australian Labor Party - Victorian Branch,ALP,2022_NORTHERN_VICTORIA_KRAMMAER_RAHN,"KRAMMAER, Rahn",4,201,0.04,https://vec.vic.gov.au/results/state-election-results/2022-state-election-results/results-by-region/northern-victoria-region-results
2022,Northern Victoria,ALP,Australian Labor Party - Victorian Branch,ALP,2022_NORTHERN_VICTORIA_BRIDGES_MITCH,"BRIDGES, Mitch",5,439,0.09,https://vec.vic.gov.au/results/state-election-results/2022-state-election-results/results-by-region/northern-victoria-region-results
2022,Northern Victoria,LNP,Liberal / The Nationals,LIB,2022_NORTHERN_VICTORIA_LOVELL_WENDY,"LOVELL, Wendy",1,159945,34.41,https://vec.vic.gov.au/results/state-election-results/2022-state-election-results/results-by-region/northern-victoria-region-results
2022,Northern Victoria,LNP,Liberal / The Nationals,NAT,2022_NORTHERN_VICTORIA_BROAD_GAELLE,"BROAD, Gaelle",2,1210,0.26,https://vec.vic.gov.au/results/state-election-results/2022-state-election-results/results-by-region/northern-victoria-region-results
2022,Northern Victoria,LNP,Liberal / The Nationals,LIB,2022_NORTHERN_VICTORIA_MILLAR_AMANDA,"MILLAR, Amanda",3,713,0.15,https://vec.vic.gov.au/results/state-election-results/2022-state-election-results/results-by-region/northern-victoria-region-results
2022,Northern Victoria,LNP,Liberal / The Nationals,NAT,2022_NORTHERN_VICTORIA_FISHER_LIZ,"FISHER, Liz",4,486,0.1,https://vec.vic.gov.au/results/state-election-results/2022-state-election-results/results-by-region/northern-victoria-region-results
2022,Northern Victoria,LNP,Liberal / The Nationals,LIB,2022_NORTHERN_VICTORIA_MERKEL_JILLIAN,"MERKEL, Jillian",5,506,0.11,https://vec.vic.gov.au/results/state-election-results/2022-state-election-results/results-by-region/northern-victoria-region-results
2022,Northern Victoria,LDP,Liberal Democrats,LDP,2022_NORTHERN_VICTORIA_QUILTY_TIM,"QUILTY, Tim",1,9039,1.94,https://vec.vic.gov.au/results/state-election-results/2022-state-election-results/results-by-region/northern-victoria-region-results
2022,Northern Victoria,LDP,Liberal Democrats,LDP,2022_NORTHERN_VICTORIA_MOLESWORTH_TIM,"MOLESWORTH, Tim",2,210,0.05,https://vec.vic.gov.au/results/state-election-results/2022-state-election-results/results-by-region/northern-victoria-region-results
2022,Northern Victoria,AVP,Angry Victorians Party,AVP,2022_NORTHERN_VICTORIA_JONES_MARK,"JONES, Mark",1,2143,0.46,https://vec.vic.gov.au/results/state-election-results/2022-state-election-results/results-by-region/northern-victoria-region-results
2022,Northern Victoria,AVP,Angry Victorians Party,AVP,2022_NORTHERN_VICTORIA_TOMLIN_MELANIE,"TOMLIN, Melanie",2,86,0.02,https://vec.vic.gov.au/results/state-election-results/2022-state-election-results/results-by-region/northern-victoria-region-results
2022,Northern Victoria,DHJP,Derryn Hinch's Justice Party,DHJP,2022_NORTHERN_VICTORIA_MAXWELL_TANIA,"MAXWELL, Tania",1,8926,1.92,https://vec.vic.gov.au/results/state-election-results/2022-state-election-results/results-by-region/northern-victoria-region-results
2022,Northern Victoria,DHJP,Derryn Hinch's Justice Party,DHJP,2022_NORTHERN_VICTORIA_HERRON_JOHN,"HERRON, John",2,214,0.05,https://vec.vic.gov.au/results/state-election-results/2022-state-election-results/results-by-region/northern-victoria-region-results
2022,Northern Victoria,SDA,Sack Dan Andrews Restore Democracy,SDA,2022_NORTHERN_VICTORIA_CEYLAN_YASEMIN,"CEYLAN, Yasemin",1,4533,0.98,https://vec.vic.gov.au/results/state-election-results/2022-state-election-results/results-by-region/northern-victoria-region-results
2022,Northern Victoria,SDA,Sack Dan Andrews Restore Democracy,SDA,2022_NORTHERN_VICTORIA_ORHAN_MUKADDER,"ORHAN, Mukadder",2,37,0.01,https://vec.vic.gov.au/results/state-election-results/2022-state-election-results/results-by-region/northern-victoria-region-results
2022,Northern Victoria,GRN,Australian Greens,GRN,2022_NORTHERN_VICTORIA_SINCLAIR_CATE,"SINCLAIR, Cate",1,30966,6.66,https://vec.vic.gov.au/results/state-election-results/2022-state-election-results/results-by-region/northern-victoria-region-results
2022,Northern Victoria,GRN,Australian Greens,GRN,2022_NORTHERN_VICTORIA_THOMPSON_LENKA,"THOMPSON, Lenka",2,797,0.17,https://vec.vic.gov.au/results/state-election-results/2022-state-election-results/results-by-region/northern-victoria-region-results
2022,Northern Victoria,GRN,Australian Greens,GRN,2022_NORTHERN_VICTORIA_THESING_RALF,"THESING, Ralf",3,98,0.02,https://vec.vic.gov.au/results/state-election-results/2022-state-election-results/results-by-region/northern-victoria-region-results
2022,Northern Victoria,GRN,Australian Greens,GRN,2022_NORTHERN_VICTORIA_STOREY_ROSEMARY,"STOREY, Rosemary",4,371,0.08,https://vec.vic.gov.au/results/state-election-results/2022-state-election-results/results-by-region/northern-victoria-region-results
2022,Northern Victoria,GRN,Australian Greens,GRN,2022_NORTHERN_VICTORIA_CHAPMAN_ROBIN_DAVID,"CHAPMAN, Robin David",5,167,0.04,https://vec.vic.gov.au/results/state-election-results/2022-state-election-results/results-by-region/northern-victoria-region-results
2022,Northern Victoria,SAP,Sustainable Australia Party – Stop Overdevelopment / Corruption,SAP,2022_NORTHERN_VICTORIA_CHIVERS_IAN,"CHIVERS, Ian",1,1550,0.33,https://vec.vic.gov.au/results/state-election-results/2022-state-election-results/results-by-region/northern-victoria-region-results
2022,Northern Victoria,SAP,Sustainable Australia Party – Stop Overdevelopment / Corruption,SAP,2022_NORTHERN_VICTORIA_DOENSEN_ALLAN,"DOENSEN, Allan",2,49,0.01,https://vec.vic.gov.au/results/state-election-results/2022-state-election-results/results-by-region/northern-victoria-region-results
2022,Northern Victoria,NDP,New Democrats,NDP,2022_NORTHERN_VICTORIA_SHARMA_ERIN,"SHARMA, Erin",1,544,0.12,https://vec.vic.gov.au/results/state-election-results/2022-state-election-results/results-by-region/northern-victoria-region-results
2022,Northern Victoria,NDP,New Democrats,NDP,2022_NORTHERN_VICTORIA_CHOPRA_BRIJESH,"CHOPRA, Brijesh",2,9,0.0,https://vec.vic.gov.au/results/state-election-results/2022-state-election-results/results-by-region/northern-victoria-region-results
2022,Northern Victoria,NDP,New Democrats,NDP,2022_NORTHERN_VICTORIA_DER_KULDEEP_JITENDRAKUMAR,"DER, Kuldeep Jitendrakumar",3,2,0.0,https://vec.vic.gov.au/results/state-election-results/2022-state-election-results/results-by-region/northern-victoria-region-results
2022,Northern Victoria,NDP,New Democrats,NDP,2022_NORTHERN_VICTORIA_RANA_RAVINDER_SINGH,"RANA, Ravinder Singh",4,21,0.0,https://vec.vic.gov.au/results/state-election-results/2022-state-election-results/results-by-region/northern-victoria-region-results
2022,Northern Victoria,TMP,Transport Matters,TMP,2022_NORTHERN_VICTORIA_COWIE_SCOTT,"COWIE, Scott",1,1329,0.29,https://vec.vic.gov.au/results/state-election-results/2022-state-election-results/results-by-region/northern-victoria-region-results
2022,Northern Victoria,TMP,Transport Matters,TMP,2022_NORTHERN_VICTORIA_CULLEN_NEIL,"CULLEN, Neil",2,39,0.01,https://vec.vic.gov.au/results/state-election-results/2022-state-election-results/results-by-region/northern-victoria-region-results
2022,Northern Victoria,ON,Pauline Hanson's One Nation,ON,2022_NORTHERN_VICTORIA_TYRRELL_RIKKIE_LEE,"TYRRELL, Rikkie-Lee",1,17091,3.68,https://vec.vic.gov.au/results/state-election-results/2022-state-election-results/results-by-region/northern-victoria-region-results
2022,Northern Victoria,ON,Pauline Hanson's One Nation,ON,2022_NORTHERN_VICTORIA_EDWARDS_SCOTT_NADINE,"EDWARDS-SCOTT, Nadine",2,215,0.05,https://vec.vic.gov.au/results/state-election-results/2022-state-election-results/results-by-region/northern-victoria-region-results
2022,Northern Victoria,AJP,Animal Justice Party,AJP,2022_NORTHERN_VICTORIA_PURCELL_GEORGIE,"PURCELL, Georgie",1,7123,1.53,https://vec.vic.gov.au/results/state-election-results/2022-state-election-results/results-by-region/northern-victoria-region-results
2022,Northern Victoria,AJP,Animal Justice Party,AJP,2022_NORTHERN_VICTORIA_MCGOLDRICK_MICHELLE,"McGOLDRICK, Michelle",2,116,0.02,https://vec.vic.gov.au/results/state-election-results/2022-state-election-results/results-by-region/northern-victoria-region-results
2022,Northern Victoria,DLP,Labour DLP,DLP,2022_NORTHERN_VICTORIA_ROYAL_MARK,"ROYAL, Mark",1,6807,1.46,https://vec.vic.gov.au/results/state-election-results/2022-state-election-results/results-by-region/northern-victoria-region-results
2022,Northern Victoria,DLP,Labour DLP,DLP,2022_NORTHERN_VICTORIA_MCPHEE_ROSS,"McPHEE, Ross",2,35,0.01,https://vec.vic.gov.au/results/state-election-results/2022-state-election-results/results-by-region/northern-victoria-region-results
2022,Northern Victoria,FREEDOM,Freedom Party of Victoria,FREEDOM,2022_NORTHERN_VICTORIA_NEIL_CHRISTOPHER_JAMES_ALAN,"NEIL, Christopher James Alan",1,4847,1.04,https://vec.vic.gov.au/results/state-election-results/2022-state-election-results/results-by-region/northern-victoria-region-results
2022,Northern Victoria,FREEDOM,Freedom Party of Victoria,FREEDOM,2022_NORTHERN_VICTORIA_WALLENBORN_HENK_N,"WALLENBORN, Henk N.",2,121,0.03,https://vec.vic.gov.au/results/state-election-results/2022-state-election-results/results-by-region/northern-victoria-region-results
2022,Northern Victoria,FFV,Family First Victoria,FFV,2022_NORTHERN_VICTORIA_WHITE_MICHAEL,"WHITE, Michael",1,7476,1.61,https://vec.vic.gov.au/results/state-election-results/2022-state-election-results/results-by-region/northern-victoria-region-results
2022,Northern Victoria,FFV,Family First Victoria,FFV,2022_NORTHERN_VICTORIA_NORTON_SMITH_CAROL,"NORTON-SMITH, Carol",2,124,0.03,https://vec.vic.gov.au/results/state-election-results/2022-state-election-results/results-by-region/northern-victoria-region-results
2022,South-Eastern Metropolitan,LCV,Legalise Cannabis Victoria,LCV,2022_SOUTH_EASTERN_METROPOLITAN_PAYNE_RACHEL,"PAYNE, Rachel",1,24205,5.15,https://vec.vic.gov.au/results/state-election-results/2022-state-election-results/results-by-region/south-eastern-metropolitan-region-results
2022,South-Eastern Metropolitan,LCV,Legalise Cannabis Victoria,LCV,2022_SOUTH_EASTERN_METROPOLITAN_KNIPE_JEFFREY,"KNIPE, Jeffrey",2,467,0.1,https://vec.vic.gov.au/results/state-election-results/2022-state-election-results/results-by-region/south-eastern-metropolitan-region-results
2022,South-Eastern Metropolitan,HAP,Health Australia Party,HAP,2022_SOUTH_EASTERN_METROPOLITAN_GONSALVEZ_GERALDINE,"GONSALVEZ, Geraldine",1,3345,0.71,https://vec.vic.gov.au/results/state-election-results/2022-state-election-results/results-by-region/south-eastern-metropolitan-region-results
2022,South-Eastern Metropolitan,HAP,Health Australia Party,HAP,2022_SOUTH_EASTERN_METROPOLITAN_LUKIS_KATE,"LUKIS, Kate",2,116,0.02,https://vec.vic.gov.au/results/state-election-results/2022-state-election-results/results-by-region/south-eastern-metropolitan-region-results
2022,South-Eastern Metropolitan,LDP,Liberal Democrats,LDP,2022_SOUTH_EASTERN_METROPOLITAN_LIMBRICK_DAVID,"LIMBRICK, David",1,16731,3.56,https://vec.vic.gov.au/results/state-election-results/2022-state-election-results/results-by-region/south-eastern-metropolitan-region-results
2022,South-Eastern Metropolitan,LDP,Liberal Democrats,LDP,2022_SOUTH_EASTERN_METROPOLITAN_KING_ETHELYN,"KING, Ethelyn",2,240,0.05,https://vec.vic.gov.au/results/state-election-results/2022-state-election-results/results-by-region/south-eastern-metropolitan-region-results
2022,South-Eastern Metropolitan,ON,Pauline Hanson's One Nation,ON,2022_SOUTH_EASTERN_METROPOLITAN_STEVENS_BETH,"STEVENS, Beth",1,8038,1.71,https://vec.vic.gov.au/results/state-election-results/2022-state-election-results/results-by-region/south-eastern-metropolitan-region-results
2022,South-Eastern Metropolitan,ON,Pauline Hanson's One Nation,ON,2022_SOUTH_EASTERN_METROPOLITAN_MARR_CYNDI,"MARR, Cyndi",2,261,0.06,https://vec.vic.gov.au/results/state-election-results/2022-state-election-results/results-by-region/south-eastern-metropolitan-region-results
2022,South-Eastern Metropolitan,DHJP,Derryn Hinch's Justice Party,DHJP,2022_SOUTH_EASTERN_METROPOLITAN_HINCH_DERRYN,"HINCH, Derryn",1,9238,1.97,https://vec.vic.gov.au/results/state-election-results/2022-state-election-results/results-by-region/south-eastern-metropolitan-region-results
2022,South-Eastern Metropolitan,DHJP,Derryn Hinch's Justice Party,DHJP,2022_SOUTH_EASTERN_METROPOLITAN_DWIVEDI_MOHIT,"DWIVEDI, Mohit",2,96,0.02,https://vec.vic.gov.au/results/state-election-results/2022-state-election-results/results-by-region/south-eastern-metropolitan-region-results
2022,South-Eastern Metropolitan,VS,Victorian Socialists,VS,2022_SOUTH_EASTERN_METROPOLITAN_THAVARAJA_LAVANYA,"THAVARAJA, Lavanya",1,1770,0.38,https://vec.vic.gov.au/results/state-election-results/2022-state-election-results/results-by-region/south-eastern-metropolitan-region-results
2022,South-Eastern Metropolitan,VS,Victorian Socialists,VS,2022_SOUTH_EASTERN_METROPOLITAN_TRAVIS_JAYNAYA,"TRAVIS, Jaynaya",2,125,0.03,https://vec.vic.gov.au/results/state-election-results/2022-state-election-results/results-by-region/south-eastern-metropolitan-region-results
2022,South-Eastern Metropolitan,SDA,Sack Dan Andrews Restore Democracy,SDA,2022_SOUTH_EASTERN_METROPOLITAN_PUSCASU_DANIEL_COSTIN,"PUSCASU, Daniel Costin",1,4505,0.96,https://vec.vic.gov.au/results/state-election-results/2022-state-election-results/results-by-region/south-eastern-metropolitan-region-results
2022,South-Eastern Metropolitan,SDA,Sack Dan Andrews Restore Democracy,SDA,2022_SOUTH_EASTERN_METROPOLITAN_PUSCASU_IANCULESCU_RODICA_MARIOARA,"PUSCASU IANCULESCU, Rodica Marioara",2,49,0.01,https://vec.vic.gov.au/results/state-election-results/2022-state-election-results/results-by-region/south-eastern-metropolitan-region-results
2022,South-Eastern Metropolitan,GRN,Australian Greens,GRN,2022_SOUTH_EASTERN_METROPOLITAN_BRESKIN_ALEX,"BRESKIN, Alex",1,30140,6.42,https://vec.vic.gov.au/results/state-election-results/2022-state-election-results/results-by-region/south-eastern-metropolitan-region-results
2022,South-Eastern Metropolitan,GRN,Australian Greens,GRN,2022_SOUTH_EASTERN_METROPOLITAN_WILLOUGHBY_LOUISA,"WILLOUGHBY, Louisa",2,794,0.17,https://vec.vic.gov.au/results/state-election-results/2022-state-election-results/results-by-region/south-eastern-metropolitan-region-results
2022,South-Eastern Metropolitan,GRN,Australian Greens,GRN,2022_SOUTH_EASTERN_METROPOLITAN_HARAHAP_DEWANI,"HARAHAP, Dewani",3,254,0.05,https://vec.vic.gov.au/results/state-election-results/2022-state-election-results/results-by-region/south-eastern-metropolitan-region-results
2022,South-Eastern Metropolitan,GRN,Australian Greens,GRN,2022_SOUTH_EASTERN_METROPOLITAN_WONG_JANET,"WONG, Janet",4,232,0.05,https://vec.vic.gov.au/results/state-election-results/2022-state-election-results/results-by-region/south-eastern-metropolitan-region-results
2022,South-Eastern Metropolitan,GRN,Australian Greens,GRN,2022_SOUTH_EASTERN_METROPOLITAN_JONES_KAREN,"JONES, Karen",5,157,0.03,https://vec.vic.gov.au/results/state-election-results/2022-state-election-results/results-by-region/south-eastern-metropolitan-region-results
2022,South-Eastern Metropolitan,AVP,Angry Victorians Party,AVP,2022_SOUTH_EASTERN_METROPOLITAN_MINSTER_BARRY_EDWARD,"MINSTER, Barry Edward",1,1295,0.28,https://vec.vic.gov.au/results/state-election-results/2022-state-election-results/results-by-region/south-eastern-metropolitan-region-results
2022,South-Eastern Metropolitan,AVP,Angry Victorians Party,AVP,2022_SOUTH_EASTERN_METROPOLITAN_MOLIVIATIS_GEORGE,"MOLIVIATIS, George",2,50,0.01,https://vec.vic.gov.au/results/state-election-results/2022-state-election-results/results-by-region/south-eastern-metropolitan-region-results
2022,South-Eastern Metropolitan,NDP,New Democrats,NDP,2022_SOUTH_EASTERN_METROPOLITAN_LAKHATARIYA_BHAVESHKUMAR_VASANTLAL,"LAKHATARIYA, Bhaveshkumar Vasantlal",1,405,0.09,https://vec.vic.gov.au/results/state-election-results/2022-state-election-results/results-by-region/south-eastern-metropolitan-region-results
2022,South-Eastern Metropolitan,NDP,New Democrats,NDP,2022_SOUTH_EASTERN_METROPOLITAN_SINGH_SATINDER,"SINGH, Satinder",2,140,0.03,https://vec.vic.gov.au/results/state-election-results/2022-state-election-results/results-by-region/south-eastern-metropolitan-region-results
2022,South-Eastern Metropolitan,NDP,New Democrats,NDP,2022_SOUTH_EASTERN_METROPOLITAN_PANCHAL_NILAM_DHAVAL,"PANCHAL, Nilam Dhaval",3,22,0.0,https://vec.vic.gov.au/results/state-election-results/2022-state-election-results/results-by-region/south-eastern-metropolitan-region-results
2022,South-Eastern Metropolitan,NDP,New Democrats,NDP,2022_SOUTH_EASTERN_METROPOLITAN_PATEL_BHAVIKA_AMRUTLAL,"PATEL, Bhavika Amrutlal",4,33,0.01,https://vec.vic.gov.au/results/state-election-results/2022-state-election-results/results-by-region/south-eastern-metropolitan-region-results
2022,South-Eastern Metropolitan,TMP,Transport Matters,TMP,2022_SOUTH_EASTERN_METROPOLITAN_DUNN_NORM,"DUNN, Norm",1,1319,0.28,https://vec.vic.gov.au/results/state-election-results/2022-state-election-results/results-by-region/south-eastern-metropolitan-region-results
2022,South-Eastern Metropolitan,TMP,Transport Matters,TMP,2022_SOUTH_EASTERN_METROPOLITAN_PETERS_TONI,"PETERS, Toni",2,61,0.01,https://vec.vic.gov.au/results/state-election-results/2022-state-election-results/results-by-region/south-eastern-metropolitan-region-results
2022,South-Eastern Metropolitan,CPP,Companions and Pets Party,CPP,2022_SOUTH_EASTERN_METROPOLITAN_SARIF_MARISSA,"SARIF, Marissa",1,2359,0.5,https://vec.vic.gov.au/results/state-election-results/2022-state-election-results/results-by-region/south-eastern-metropolitan-region-results
2022,South-Eastern Metropolitan,CPP,Companions and Pets Party,CPP,2022_SOUTH_EASTERN_METROPOLITAN_HUTCHISON_WENDY,"HUTCHISON, Wendy",2,66,0.01,https://vec.vic.gov.au/results/state-election-results/2022-state-election-results/results-by-region/south-eastern-metropolitan-region-results
2022,South-Eastern Metropolitan,REASON,Fiona Patten's Reason Party,REASON,2022_SOUTH_EASTERN_METROPOLITAN_LEAHY_MARTIN,"LEAHY, Martin",1,2052,0.44,https://vec.vic.gov.au/results/state-election-results/2022-state-election-results/results-by-region/south-eastern-metropolitan-region-results
2022,South-Eastern Metropolitan,REASON,Fiona Patten's Reason Party,REASON,2022_SOUTH_EASTERN_METROPOLITAN_MILEIKOWSKI_ETHAN,"MILEIKOWSKI, Ethan",2,66,0.01,https://vec.vic.gov.au/results/state-election-results/2022-state-election-results/results-by-region/south-eastern-metropolitan-region-results
2022,South-Eastern Metropolitan,ALP,Australian Labor Party - Victorian Branch,ALP,2022_SOUTH_EASTERN_METROPOLITAN_TARLAMIS_LEE,"TARLAMIS, Lee",1,182732,38.9,https://vec.vic.gov.au/results/state-election-results/2022-state-election-results/results-by-region/south-eastern-metropolitan-region-results
2022,South-Eastern Metropolitan,ALP,Australian Labor Party - Victorian Branch,ALP,2022_SOUTH_EASTERN_METROPOLITAN_GALEA_MICHAEL,"GALEA, Michael",2,409,0.09,https://vec.vic.gov.au/results/state-election-results/2022-state-election-results/results-by-region/south-eastern-metropolitan-region-results
2022,South-Eastern Metropolitan,ALP,Australian Labor Party - Victorian Branch,ALP,2022_SOUTH_EASTERN_METROPOLITAN_KIEU_TIEN,"KIEU, Tien",3,322,0.07,https://vec.vic.gov.au/results/state-election-results/2022-state-election-results/results-by-region/south-eastern-metropolitan-region-results
2022,South-Eastern Metropolitan,ALP,Australian Labor Party - Victorian Branch,ALP,2022_SOUTH_EASTERN_METROPOLITAN_KHAN_IMRAN,"KHAN, Imran",4,236,0.05,https://vec.vic.gov.au/results/state-election-results/2022-state-election-results/results-by-region/south-eastern-metropolitan-region-results
2022,South-Eastern Metropolitan,ALP,Australian Labor Party - Victorian Branch,ALP,2022_SOUTH_EASTERN_METROPOLITAN_SULLIVAN_KATRINA,"SULLIVAN, Katrina",5,1111,0.24,https://vec.vic.gov.au/results/state-election-results/2022-state-election-results/results-by-region/south-eastern-metropolitan-region-results
2022,South-Eastern Metropolitan,DLP,Labour DLP,DLP,2022_SOUTH_EASTERN_METROPOLITAN_BOWDEN_JENNIFER,"BOWDEN, Jennifer",1,15340,3.27,https://vec.vic.gov.au/results/state-election-results/2022-state-election-results/results-by-region/south-eastern-metropolitan-region-results
2022,South-Eastern Metropolitan,DLP,Labour DLP,DLP,2022_SOUTH_EASTERN_METROPOLITAN_WHITE_KHALIF,"WHITE, Khalif",2,59,0.01,https://vec.vic.gov.au/results/state-election-results/2022-state-election-results/results-by-region/south-eastern-metropolitan-region-results
2022,South-Eastern Metropolitan,LIB,Liberal,LIB,2022_SOUTH_EASTERN_METROPOLITAN_HERMANS_ANN_MARIE,"HERMANS, Ann-Marie",1,124128,26.42,https://vec.vic.gov.au/results/state-election-results/2022-state-election-results/results-by-region/south-eastern-metropolitan-region-results
2022,South-Eastern Metropolitan,LIB,Liberal,LIB,2022_SOUTH_EASTERN_METROPOLITAN_HANUMANTHARAYAPPA_MANJU,"HANUMANTHARAYAPPA, Manju",2,427,0.09,https://vec.vic.gov.au/results/state-election-results/2022-state-election-results/results-by-region/south-eastern-metropolitan-region-results
2022,South-Eastern Metropolitan,LIB,Liberal,LIB,2022_SOUTH_EASTERN_METROPOLITAN_MORICCA_ANTONIETTA,"MORICCA, Antonietta",3,239,0.05,https://vec.vic.gov.au/results/state-election-results/2022-state-election-results/results-by-region/south-eastern-metropolitan-region-results
2022,South-Eastern Metropolitan,LIB,Liberal,LIB,2022_SOUTH_EASTERN_METROPOLITAN_SAMUEL_LYNDON,"SAMUEL, Lyndon",4,404,0.09,https://vec.vic.gov.au/results/state-election-results/2022-state-election-results/results-by-region/south-eastern-metropolitan-region-results
2022,South-Eastern Metropolitan,LIB,Liberal,LIB,2022_SOUTH_EASTERN_METROPOLITAN_KEANE_MICHAEL,"KEANE, Michael",5,564,0.12,https://vec.vic.gov.au/results/state-election-results/2022-state-election-results/results-by-region/south-eastern-metropolitan-region-results
2022,South-Eastern Metropolitan,FREEDOM,Freedom Party of Victoria,FREEDOM,2022_SOUTH_EASTERN_METROPOLITAN_JONAS_MORGAN_C,"JONAS, Morgan C.",1,8225,1.75,https://vec.vic.gov.au/results/state-election-results/2022-state-election-results/results-by-region/south-eastern-metropolitan-region-results
2022,South-Eastern Metropolitan,FREEDOM,Freedom Party of Victoria,FREEDOM,2022_SOUTH_EASTERN_METROPOLITAN_SPELMAN_REBEKAH,"SPELMAN, Rebekah",2,81,0.02,https://vec.vic.gov.au/results/state-election-results/2022-state-election-results/results-by-region/south-eastern-metropolitan-region-results
2022,South-Eastern Metropolitan,SAP,Sustainable Australia Party – Stop Overdevelopment / Corruption,SAP,2022_SOUTH_EASTERN_METROPOLITAN_HOULT_BRANDON,"HOULT, Brandon",1,1475,0.31,https://vec.vic.gov.au/results/state-election-results/2022-state-election-results/results-by-region/south-eastern-metropolitan-region-results
2022,South-Eastern Metropolitan,SAP,Sustainable Australia Party – Stop Overdevelopment / Corruption,SAP,2022_SOUTH_EASTERN_METROPOLITAN_ARMSTRONG_STEVEN,"ARMSTRONG, Steven",2,37,0.01,https://vec.vic.gov.au/results/state-election-results/2022-state-election-results/results-by-region/south-eastern-metropolitan-region-results
2022,South-Eastern Metropolitan,SFF,"Shooters, Fishers & Farmers Vic",SFF,2022_SOUTH_EASTERN_METROPOLITAN_POULTON_GRANT,"POULTON, Grant",1,4064,0.87,https://vec.vic.gov.au/results/state-election-results/2022-state-election-results/results-by-region/south-eastern-metropolitan-region-results
2022,South-Eastern Metropolitan,SFF,"Shooters, Fishers & Farmers Vic",SFF,2022_SOUTH_EASTERN_METROPOLITAN_HEILY_WILL,"HEILY, Will",2,48,0.01,https://vec.vic.gov.au/results/state-election-results/2022-state-election-results/results-by-region/south-eastern-metropolitan-region-results
2022,South-Eastern Metropolitan,AJP,Animal Justice Party,AJP,2022_SOUTH_EASTERN_METROPOLITAN_CURRIE_BRONWYN,"CURRIE, Bronwyn",1,6427,1.37,https://vec.vic.gov.au/results/state-election-results/2022-state-election-results/results-by-region/south-eastern-metropolitan-region-results
2022,South-Eastern Metropolitan,AJP,Animal Justice Party,AJP,2022_SOUTH_EASTERN_METROPOLITAN_HINKLEY_DAVINA,"HINKLEY, Davina",2,54,0.01,https://vec.vic.gov.au/results/state-election-results/2022-state-election-results/results-by-region/south-eastern-metropolitan-region-results
2022,South-Eastern Metropolitan,UAP,United Australia Party,UAP,2022_SOUTH_EASTERN_METROPOLITAN_BABET_MATT,"BABET, Matt",1,5431,1.16,https://vec.vic.gov.au/results/state-election-results/2022-state-election-results/results-by-region/south-eastern-metropolitan-region-results
2022,South-Eastern Metropolitan,UAP,United Australia Party,UAP,2022_SOUTH_EASTERN_METROPOLITAN_SINGH_BOBBY,"SINGH, Bobby",2,64,0.01,https://vec.vic.gov.au/results/state-election-results/2022-state-election-results/results-by-region/south-eastern-metropolitan-region-results
2022,South-Eastern Metropolitan,FFV,Family First Victoria,FFV,2022_SOUTH_EASTERN_METROPOLITAN_JONES_LEE,"JONES, Lee",1,8751,1.86,https://vec.vic.gov.au/results/state-election-results/2022-state-election-results/results-by-region/south-eastern-metropolitan-region-results
2022,South-Eastern Metropolitan,FFV,Family First Victoria,FFV,2022_SOUTH_EASTERN_METROPOLITAN_HAYWARD_COLLEEN,"HAYWARD, Colleen",2,274,0.06,https://vec.vic.gov.au/results/state-election-results/2022-state-election-results/results-by-region/south-eastern-metropolitan-region-results
2022,South-Eastern Metropolitan,2022_SOUTH_EASTERN_METROPOLITAN_SAYED_MEHDI,Ungrouped,IND,2022_SOUTH_EASTERN_METROPOLITAN_SAYED_MEHDI,"SAYED, Mehdi",1,242,0.05,https://vec.vic.gov.au/results/state-election-results/2022-state-election-results/results-by-region/south-eastern-metropolitan-region-results
2022,Southern Metropolitan,SAP,Sustainable Australia Party – Stop Overdevelopment / Corruption,SAP,2022_SOUTHERN_METROPOLITAN_HAYES_CLIFFORD,"HAYES, Clifford",1,4956,1.05,https://vec.vic.gov.au/results/state-election-results/2022-state-election-results/results-by-region/southern-metropolitan-region-results
2022,Southern Metropolitan,SAP,Sustainable Australia Party – Stop Overdevelopment / Corruption,SAP,2022_SOUTHERN_METROPOLITAN_TERRY_BETTINA,"TERRY, Bettina",2,214,0.05,https://vec.vic.gov.au/results/state-election-results/2022-state-election-results/results-by-region/southern-metropolitan-region-results
2022,Southern Metropolitan,NDP,New Democrats,NDP,2022_SOUTHERN_METROPOLITAN_BRAHMBHATT_KRISHNA_DHARMESHKUMAR,"BRAHMBHATT, Krishna Dharmeshkumar",1,617,0.13,https://vec.vic.gov.au/results/state-election-results/2022-state-election-results/results-by-region/southern-metropolitan-region-results
2022,Southern Metropolitan,NDP,New Democrats,NDP,2022_SOUTHERN_METROPOLITAN_CHAUDHARY_JIGARKUMAR_ABHAYSINH,"CHAUDHARY, Jigarkumar Abhaysinh",2,36,0.01,https://vec.vic.gov.au/results/state-election-results/2022-state-election-results/results-by-region/southern-metropolitan-region-results
2022,Southern Metropolitan,NDP,New Democrats,NDP,2022_SOUTHERN_METROPOLITAN_MARWAHA_RAVINDER_SINGH,"MARWAHA, Ravinder Singh",3,35,0.01,https://vec.vic.gov.au/results/state-election-results/2022-state-election-results/results-by-region/southern-metropolitan-region-results
2022,Southern Metropolitan,FREEDOM,Freedom Party of Victoria,FREEDOM,2022_SOUTHERN_METROPOLITAN_KONS_NATASHA,"KONS, Natasha",1,2673,0.57,https://vec.vic.gov.au/results/state-election-results/2022-state-election-results/results-by-region/southern-metropolitan-region-results
2022,Southern Metropolitan,FREEDOM,Freedom Party of Victoria,FREEDOM,2022_SOUTHERN_METROPOLITAN_KONS_MADELEINE,"KONS, Madeleine",2,137,0.03,https://vec.vic.gov.au/results/state-election-results/2022-state-election-results/results-by-region/southern-metropolitan-region-results
2022,Southern Metropolitan,TMP,Transport Matters,TMP,2022_SOUTHERN_METROPOLITAN_TAMMESILD_PAUL,"TAMMESILD, Paul",1,1385,0.29,https://vec.vic.gov.au/results/state-election-results/2022-state-election-results/results-by-region/southern-metropolitan-region-results
2022,Southern Metropolitan,TMP,Transport Matters,TMP,2022_SOUTHERN_METROPOLITAN_PETERS_MARC,"PETERS, Marc",2,95,0.02,https://vec.vic.gov.au/results/state-election-results/2022-state-election-results/results-by-region/southern-metropolitan-region-results
2022,Southern Metropolitan,HAP,Health Australia Party,HAP,2022_SOUTHERN_METROPOLITAN_THOMAS_KELLIE,"THOMAS, Kellie",1,1863,0.4,https://vec.vic.gov.au/results/state-election-results/2022-state-election-results/results-by-region/southern-metropolitan-region-results
2022,Southern Metropolitan,HAP,Health Australia Party,HAP,2022_SOUTHERN_METROPOLITAN_LAMBRICK_MARK,"LAMBRICK, Mark",2,72,0.02,https://vec.vic.gov.au/results/state-election-results/2022-state-election-results/results-by-region/southern-metropolitan-region-results
2022,Southern Metropolitan,SDA,Sack Dan Andrews Restore Democracy,SDA,2022_SOUTHERN_METROPOLITAN_AKDOGAN_NURSIN,"AKDOGAN, Nursin",1,3462,0.74,https://vec.vic.gov.au/results/state-election-results/2022-state-election-results/results-by-region/southern-metropolitan-region-results
2022,Southern Metropolitan,SDA,Sack Dan Andrews Restore Democracy,SDA,2022_SOUTHERN_METROPOLITAN_ADANIR_REYHAN,"ADANIR, Reyhan",2,80,0.02,https://vec.vic.gov.au/results/state-election-results/2022-state-election-results/results-by-region/southern-metropolitan-region-results
2022,Southern Metropolitan,LCV,Legalise Cannabis Victoria,LCV,2022_SOUTHERN_METROPOLITAN_SELAN_MARC,"SELAN, Marc",1,13387,2.85,https://vec.vic.gov.au/results/state-election-results/2022-state-election-results/results-by-region/southern-metropolitan-region-results
2022,Southern Metropolitan,LCV,Legalise Cannabis Victoria,LCV,2022_SOUTHERN_METROPOLITAN_HOWMAN_BEN,"HOWMAN, Ben",2,294,0.06,https://vec.vic.gov.au/results/state-election-results/2022-state-election-results/results-by-region/southern-metropolitan-region-results
2022,Southern Metropolitan,CPP,Companions and Pets Party,CPP,2022_SOUTHERN_METROPOLITAN_MOLYNEUX_JOAN,"MOLYNEUX, Joan",1,1222,0.26,https://vec.vic.gov.au/results/state-election-results/2022-state-election-results/results-by-region/southern-metropolitan-region-results
2022,Southern Metropolitan,CPP,Companions and Pets Party,CPP,2022_SOUTHERN_METROPOLITAN_WINCH_MAX,"WINCH, Max",2,35,0.01,https://vec.vic.gov.au/results/state-election-results/2022-state-election-results/results-by-region/southern-metropolitan-region-results
2022,Southern Metropolitan,ON,Pauline Hanson's One Nation,ON,2022_SOUTHERN_METROPOLITAN_BRADBURY_CHRIS,"BRADBURY, Chris",1,2979,0.63,https://vec.vic.gov.au/results/state-election-results/2022-state-election-results/results-by-region/southern-metropolitan-region-results
2022,Southern Metropolitan,ON,Pauline Hanson's One Nation,ON,2022_SOUTHERN_METROPOLITAN_PICKERING_CRAIG,"PICKERING, Craig",2,93,0.02,https://vec.vic.gov.au/results/state-election-results/2022-state-election-results/results-by-region/southern-metropolitan-region-results
2022,Southern Metropolitan,DLP,Labour DLP,DLP,2022_SOUTHERN_METROPOLITAN_TSIONGAS_THEODORE,"TSIONGAS, Theodore",1,10254,2.18,https://vec.vic.gov.au/results/state-election-results/2022-state-election-results/results-by-region/southern-metropolitan-region-results
2022,Southern Metropolitan,DLP,Labour DLP,DLP,2022_SOUTHERN_METROPOLITAN_CHAMBERS_DEAN,"CHAMBERS, Dean",2,131,0.03,https://vec.vic.gov.au/results/state-election-results/2022-state-election-results/results-by-region/southern-metropolitan-region-results
2022,Southern Metropolitan,LDP,Liberal Democrats,LDP,2022_SOUTHERN_METROPOLITAN_FORD_MATTHEW,"FORD, Matthew",1,11219,2.39,https://vec.vic.gov.au/results/state-election-results/2022-state-election-results/results-by-region/southern-metropolitan-region-results
2022,Southern Metropolitan,LDP,Liberal Democrats,LDP,2022_SOUTHERN_METROPOLITAN_SEGAL_DAVID,"SEGAL, David",2,477,0.1,https://vec.vic.gov.au/results/state-election-results/2022-state-election-results/results-by-region/southern-metropolitan-region-results
2022,Southern Metropolitan,REASON,Fiona Patten's Reason Party,REASON,2022_SOUTHERN_METROPOLITAN_JOHNSON_ANDREW,"JOHNSON, Andrew",1,9206,1.96,https://vec.vic.gov.au/results/state-election-results/2022-state-election-results/results-by-region/southern-metropolitan-region-results
2022,Southern Metropolitan,REASON,Fiona Patten's Reason Party,REASON,2022_SOUTHERN_METROPOLITAN_JASPER_STEPHEN,"JASPER, Stephen",2,305,0.06,https://vec.vic.gov.au/results/state-election-results/2022-state-election-results/results-by-region/southern-metropolitan-region-results
2022,Southern Metropolitan,AVP,Angry Victorians Party,AVP,2022_SOUTHERN_METROPOLITAN_HURLSTON_DEAN,"HURLSTON, Dean",1,893,0.19,https://vec.vic.gov.au/results/state-election-results/2022-state-election-results/results-by-region/southern-metropolitan-region-results
2022,Southern Metropolitan,AVP,Angry Victorians Party,AVP,2022_SOUTHERN_METROPOLITAN_KAMP_ROBERT_JOHN,"KAMP, Robert John",2,22,0.0,https://vec.vic.gov.au/results/state-election-results/2022-state-election-results/results-by-region/southern-metropolitan-region-results
2022,Southern Metropolitan,SFF,"Shooters, Fishers & Farmers Vic",SFF,2022_SOUTHERN_METROPOLITAN_BOURMAN_NICOLE,"BOURMAN, Nicole",1,1927,0.41,https://vec.vic.gov.au/results/state-election-results/2022-state-election-results/results-by-region/southern-metropolitan-region-results
2022,Southern Metropolitan,SFF,"Shooters, Fishers & Farmers Vic",SFF,2022_SOUTHERN_METROPOLITAN_COLLYER_MICHELLE,"COLLYER, Michelle",2,39,0.01,https://vec.vic.gov.au/results/state-election-results/2022-state-election-results/results-by-region/southern-metropolitan-region-results
2022,Southern Metropolitan,GRN,Australian Greens,GRN,2022_SOUTHERN_METROPOLITAN_COPSEY_KATHERINE,"COPSEY, Katherine",1,69409,14.77,https://vec.vic.gov.au/results/state-election-results/2022-state-election-results/results-by-region/southern-metropolitan-region-results
2022,Southern Metropolitan,GRN,Australian Greens,GRN,2022_SOUTHERN_METROPOLITAN_FRIEND_PEREIRA_JOHN,"FRIEND-PEREIRA, John",2,616,0.13,https://vec.vic.gov.au/results/state-election-results/2022-state-election-results/results-by-region/southern-metropolitan-region-results
2022,Southern Metropolitan,GRN,Australian Greens,GRN,2022_SOUTHERN_METROPOLITAN_PARKER_ANNA,"PARKER, Anna",3,977,0.21,https://vec.vic.gov.au/results/state-election-results/2022-state-election-results/results-by-region/southern-metropolitan-region-results
2022,Southern Metropolitan,GRN,Australian Greens,GRN,2022_SOUTHERN_METROPOLITAN_ROCHA_KYLIE,"ROCHA, Kylie",4,906,0.19,https://vec.vic.gov.au/results/state-election-results/2022-state-election-results/results-by-region/southern-metropolitan-region-results
2022,Southern Metropolitan,GRN,Australian Greens,GRN,2022_SOUTHERN_METROPOLITAN_ROWICK_SHANAE,"ROWICK, Shanae",5,502,0.11,https://vec.vic.gov.au/results/state-election-results/2022-state-election-results/results-by-region/southern-metropolitan-region-results
2022,Southern Metropolitan,LIB,Liberal,LIB,2022_SOUTHERN_METROPOLITAN_DAVIS_DAVID,"DAVIS, David",1,165623,35.25,https://vec.vic.gov.au/results/state-election-results/2022-state-election-results/results-by-region/southern-metropolitan-region-results
2022,Southern Metropolitan,LIB,Liberal,LIB,2022_SOUTHERN_METROPOLITAN_CROZIER_GEORGIE,"CROZIER, Georgie",2,2507,0.53,https://vec.vic.gov.au/results/state-election-results/2022-state-election-results/results-by-region/southern-metropolitan-region-results
2022,Southern Metropolitan,LIB,Liberal,LIB,2022_SOUTHERN_METROPOLITAN_STAVROU_NICK,"STAVROU, Nick",3,366,0.08,https://vec.vic.gov.au/results/state-election-results/2022-state-election-results/results-by-region/southern-metropolitan-region-results
2022,Southern Metropolitan,LIB,Liberal,LIB,2022_SOUTHERN_METROPOLITAN_LITWINOW_ANDREW,"LITWINOW, Andrew",4,627,0.13,https://vec.vic.gov.au/results/state-election-results/2022-state-election-results/results-by-region/southern-metropolitan-region-results
2022,Southern Metropolitan,LIB,Liberal,LIB,2022_SOUTHERN_METROPOLITAN_CLARK_MONICA,"CLARK, Monica",5,558,0.12,https://vec.vic.gov.au/results/state-election-results/2022-state-election-results/results-by-region/southern-metropolitan-region-results
2022,Southern Metropolitan,ALP,Australian Labor Party - Victorian Branch,ALP,2022_SOUTHERN_METROPOLITAN_BERGER_JOHN,"BERGER, John",1,135856,28.91,https://vec.vic.gov.au/results/state-election-results/2022-state-election-results/results-by-region/southern-metropolitan-region-results
2022,Southern Metropolitan,ALP,Australian Labor Party - Victorian Branch,ALP,2022_SOUTHERN_METROPOLITAN_BATCHELOR_RYAN,"BATCHELOR, Ryan",2,779,0.17,https://vec.vic.gov.au/results/state-election-results/2022-state-election-results/results-by-region/southern-metropolitan-region-results
2022,Southern Metropolitan,ALP,Australian Labor Party - Victorian Branch,ALP,2022_SOUTHERN_METROPOLITAN_CROSBY_CLIVE,"CROSBY, Clive",3,1659,0.35,https://vec.vic.gov.au/results/state-election-results/2022-state-election-results/results-by-region/southern-metropolitan-region-results
2022,Southern Metropolitan,ALP,Australian Labor Party - Victorian Branch,ALP,2022_SOUTHERN_METROPOLITAN_PSAILA_LYNN,"PSAILA, Lynn",4,987,0.21,https://vec.vic.gov.au/results/state-election-results/2022-state-election-results/results-by-region/southern-metropolitan-region-results
2022,Southern Metropolitan,ALP,Australian Labor Party - Victorian Branch,ALP,2022_SOUTHERN_METROPOLITAN_SHAHBAZ_MUHAMMAD,"SHAHBAZ, Muhammad",5,441,0.09,https://vec.vic.gov.au/results/state-election-results/2022-state-election-results/results-by-region/southern-metropolitan-region-results
2022,Southern Metropolitan,VS,Victorian Socialists,VS,2022_SOUTHERN_METROPOLITAN_TODARO_JACK,"TODARO, Jack",1,2369,0.5,https://vec.vic.gov.au/results/state-election-results/2022-state-election-results/results-by-region/southern-metropolitan-region-results
2022,Southern Metropolitan,VS,Victorian Socialists,VS,2022_SOUTHERN_METROPOLITAN_KRUGER_LIAM,"KRUGER, Liam",2,147,0.03,https://vec.vic.gov.au/results/state-election-results/2022-state-election-results/results-by-region/southern-metropolitan-region-results
2022,Southern Metropolitan,UAP,United Australia Party,UAP,2022_SOUTHERN_METROPOLITAN_KOFMANSKY_LEON,"KOFMANSKY, Leon",1,2143,0.46,https://vec.vic.gov.au/results/state-election-results/2022-state-election-results/results-by-region/southern-metropolitan-region-results
2022,Southern Metropolitan,UAP,United Australia Party,UAP,2022_SOUTHERN_METROPOLITAN_MCCAMISH_JULIE,"MCCAMISH, Julie",2,34,0.01,https://vec.vic.gov.au/results/state-election-results/2022-state-election-results/results-by-region/southern-metropolitan-region-results
2022,Southern Metropolitan,AJP,Animal Justice Party,AJP,2022_SOUTHERN_METROPOLITAN_SCHULTZ_BEN,"SCHULTZ, Ben",1,6428,1.37,https://vec.vic.gov.au/results/state-election-results/2022-state-election-results/results-by-region/southern-metropolitan-region-results
2022,Southern Metropolitan,AJP,Animal Justice Party,AJP,2022_SOUTHERN_METROPOLITAN_DAVIES_MIA,"DAVIES, Mia",2,270,0.06,https://vec.vic.gov.au/results/state-election-results/2022-state-election-results/results-by-region/southern-metropolitan-region-results
2022,Southern Metropolitan,DHJP,Derryn Hinch's Justice Party,DHJP,2022_SOUTHERN_METROPOLITAN_SULLIVAN_ELLIE_JEAN,"SULLIVAN, Ellie Jean",1,3697,0.79,https://vec.vic.gov.au/results/state-election-results/2022-state-election-results/results-by-region/southern-metropolitan-region-results
2022,Southern Metropolitan,DHJP,Derryn Hinch's Justice Party,DHJP,2022_SOUTHERN_METROPOLITAN_DALE_MICHELE,"DALE, Michele",2,110,0.02,https://vec.vic.gov.au/results/state-election-results/2022-state-election-results/results-by-region/southern-metropolitan-region-results
2022,Southern Metropolitan,FFV,Family First Victoria,FFV,2022_SOUTHERN_METROPOLITAN_JANSON_VICKIE,"JANSON, Vickie",1,4563,0.97,https://vec.vic.gov.au/results/state-election-results/2022-state-election-results/results-by-region/southern-metropolitan-region-results
2022,Southern Metropolitan,FFV,Family First Victoria,FFV,2022_SOUTHERN_METROPOLITAN_VAN_DER_END_ALEX,"VAN DER END, Alex",2,171,0.04,https://vec.vic.gov.au/results/state-election-results/2022-state-election-results/results-by-region/southern-metropolitan-region-results
2022,Western Metropolitan,FFV,Family First Victoria,FFV,2022_WESTERN_METROPOLITAN_BULLER_DARREN,"BULLER, Darren",1,13712,3.05,https://vec.vic.gov.au/results/state-election-results/2022-state-election-results/results-by-region/western-metropolitan-region-results
2022,Western Metropolitan,FFV,Family First Victoria,FFV,2022_WESTERN_METROPOLITAN_FILMER_MARY,"FILMER, Mary",2,549,0.12,https://vec.vic.gov.au/results/state-election-results/2022-state-election-results/results-by-region/western-metropolitan-region-results
2022,Western Metropolitan,REASON,Fiona Patten's Reason Party,REASON,2022_WESTERN_METROPOLITAN_THIRKETTLE_WATTS_DAVID,"THIRKETTLE-WATTS, David",1,3414,0.76,https://vec.vic.gov.au/results/state-election-results/2022-state-election-results/results-by-region/western-metropolitan-region-results
2022,Western Metropolitan,REASON,Fiona Patten's Reason Party,REASON,2022_WESTERN_METROPOLITAN_MILLWARD_HARRY,"MILLWARD, Harry",2,203,0.05,https://vec.vic.gov.au/results/state-election-results/2022-state-election-results/results-by-region/western-metropolitan-region-results
2022,Western Metropolitan,SAP,Sustainable Australia Party – Stop Overdevelopment / Corruption,SAP,2022_WESTERN_METROPOLITAN_JESSUP_BERT,"JESSUP, Bert",1,1914,0.43,https://vec.vic.gov.au/results/state-election-results/2022-state-election-results/results-by-region/western-metropolitan-region-results
2022,Western Metropolitan,SAP,Sustainable Australia Party – Stop Overdevelopment / Corruption,SAP,2022_WESTERN_METROPOLITAN_BILIC_DENNIS,"BILIC, Dennis",2,132,0.03,https://vec.vic.gov.au/results/state-election-results/2022-state-election-results/results-by-region/western-metropolitan-region-results
2022,Western Metropolitan,SFF,"Shooters, Fishers & Farmers Vic",SFF,2022_WESTERN_METROPOLITAN_VICKERS_KEN,"VICKERS, Ken",1,6251,1.39,https://vec.vic.gov.au/results/state-election-results/2022-state-election-results/results-by-region/western-metropolitan-region-results
2022,Western Metropolitan,SFF,"Shooters, Fishers & Farmers Vic",SFF,2022_WESTERN_METROPOLITAN_ASHBY_GEOFF,"ASHBY, Geoff",2,150,0.03,https://vec.vic.gov.au/results/state-election-results/2022-state-election-results/results-by-region/western-metropolitan-region-results
2022,Western Metropolitan,2022_WESTERN_METROPOLITAN_ACKERMAN_FRED,Ungrouped,IND,2022_WESTERN_METROPOLITAN_ACKERMAN_FRED,"ACKERMAN, Fred",1,1770,0.39,https://vec.vic.gov.au/results/state-election-results/2022-state-election-results/results-by-region/western-metropolitan-region-results
2022,Western Metropolitan,2022_WESTERN_METROPOLITAN_BARROW_MARK,Ungrouped,IND,2022_WESTERN_METROPOLITAN_BARROW_MARK,"BARROW, Mark",2,75,0.02,https://vec.vic.gov.au/results/state-election-results/2022-state-election-results/results-by-region/western-metropolitan-region-results
2022,Western Metropolitan,LIB,Liberal,LIB,2022_WESTERN_METROPOLITAN_DEEMING_MOIRA,"DEEMING, Moira",1,108264,24.1,https://vec.vic.gov.au/results/state-election-results/2022-state-election-results/results-by-region/western-metropolitan-region-results
2022,Western Metropolitan,LIB,Liberal,LIB,2022_WESTERN_METROPOLITAN_LUU_TRUNG,"LUU, Trung",2,862,0.19,https://vec.vic.gov.au/results/state-election-results/2022-state-election-results/results-by-region/western-metropolitan-region-results
2022,Western Metropolitan,LIB,Liberal,LIB,2022_WESTERN_METROPOLITAN_HAQUE_GOLAM,"HAQUE, Golam",3,265,0.06,https://vec.vic.gov.au/results/state-election-results/2022-state-election-results/results-by-region/western-metropolitan-region-results
2022,Western Metropolitan,LIB,Liberal,LIB,2022_WESTERN_METROPOLITAN_PATEL_MANISH,"PATEL, Manish",4,187,0.04,https://vec.vic.gov.au/results/state-election-results/2022-state-election-results/results-by-region/western-metropolitan-region-results
2022,Western Metropolitan,LIB,Liberal,LIB,2022_WESTERN_METROPOLITAN_WALKER_LUAN,"WALKER, Luan",5,317,0.07,https://vec.vic.gov.au/results/state-election-results/2022-state-election-results/results-by-region/western-metropolitan-region-results
2022,Western Metropolitan,LCV,Legalise Cannabis Victoria,LCV,2022_WESTERN_METROPOLITAN_ETTERSHANK_DAVID,"ETTERSHANK, David",1,18973,4.22,https://vec.vic.gov.au/results/state-election-results/2022-state-election-results/results-by-region/western-metropolitan-region-results
2022,Western Metropolitan,LCV,Legalise Cannabis Victoria,LCV,2022_WESTERN_METROPOLITAN_MENTA_RAFFAELA,"MENTA, Raffaela",2,322,0.07,https://vec.vic.gov.au/results/state-election-results/2022-state-election-results/results-by-region/western-metropolitan-region-results
2022,Western Metropolitan,CPP,Companions and Pets Party,CPP,2022_WESTERN_METROPOLITAN_TREHERNE_CRAIG,"TREHERNE, Craig",1,1715,0.38,https://vec.vic.gov.au/results/state-election-results/2022-state-election-results/results-by-region/western-metropolitan-region-results
2022,Western Metropolitan,CPP,Companions and Pets Party,CPP,2022_WESTERN_METROPOLITAN_BRITTON_MARY,"BRITTON, Mary",2,91,0.02,https://vec.vic.gov.au/results/state-election-results/2022-state-election-results/results-by-region/western-metropolitan-region-results
2022,Western Metropolitan,GRN,Australian Greens,GRN,2022_WESTERN_METROPOLITAN_THOMAS_BERNADETTE,"THOMAS, Bernadette",1,34548,7.69,https://vec.vic.gov.au/results/state-election-results/2022-state-election-results/results-by-region/western-metropolitan-region-results
2022,Western Metropolitan,GRN,Australian Greens,GRN,2022_WESTERN_METROPOLITAN_BRAY_SARAH,"BRAY, Sarah",2,922,0.21,https://vec.vic.gov.au/results/state-election-results/2022-state-election-results/results-by-region/western-metropolitan-region-results
2022,Western Metropolitan,GRN,Australian Greens,GRN,2022_WESTERN_METROPOLITAN_MCRAE_MCLEOD_ISABELLA,"McRAE McLEOD, Isabella",3,400,0.09,https://vec.vic.gov.au/results/state-election-results/2022-state-election-results/results-by-region/western-metropolitan-region-results
2022,Western Metropolitan,GRN,Australian Greens,GRN,2022_WESTERN_METROPOLITAN_DAVIES_LLOYD,"DAVIES, Lloyd",4,103,0.02,https://vec.vic.gov.au/results/state-election-results/2022-state-election-results/results-by-region/western-metropolitan-region-results
2022,Western Metropolitan,GRN,Australian Greens,GRN,2022_WESTERN_METROPOLITAN_VAIRO_PIERRE,"VAIRO, Pierre",5,266,0.06,https://vec.vic.gov.au/results/state-election-results/2022-state-election-results/results-by-region/western-metropolitan-region-results
2022,Western Metropolitan,ON,Pauline Hanson's One Nation,ON,2022_WESTERN_METROPOLITAN_VAN_BREE_URSULA,"VAN BREE, Ursula",1,7544,1.68,https://vec.vic.gov.au/results/state-election-results/2022-state-election-results/results-by-region/western-metropolitan-region-results
2022,Western Metropolitan,ON,Pauline Hanson's One Nation,ON,2022_WESTERN_METROPOLITAN_VRIONIS_FRANK,"VRIONIS, Frank",2,147,0.03,https://vec.vic.gov.au/results/state-election-results/2022-state-election-results/results-by-region/western-metropolitan-region-results
2022,Western Metropolitan,AVP,Angry Victorians Party,AVP,2022_WESTERN_METROPOLITAN_CUMMING_CATHERINE,"CUMMING, Catherine",1,2451,0.55,https://vec.vic.gov.au/results/state-election-results/2022-state-election-results/results-by-region/western-metropolitan-region-results
2022,Western Metropolitan,AVP,Angry Victorians Party,AVP,2022_WESTERN_METROPOLITAN_ROBINSON_ADAM,"ROBINSON, Adam",2,93,0.02,https://vec.vic.gov.au/results/state-election-results/2022-state-election-results/results-by-region/western-metropolitan-region-results
2022,Western Metropolitan,AVP,Angry Victorians Party,AVP,2022_WESTERN_METROPOLITAN_ZALME_JENNIFER,"ZALME, Jennifer",3,25,0.01,https://vec.vic.gov.au/results/state-election-results/2022-state-election-results/results-by-region/western-metropolitan-region-results
2022,Western Metropolitan,UAP,United Australia Party,UAP,2022_WESTERN_METROPOLITAN_CUTHBERTSON_ANDREW,"CUTHBERTSON, Andrew",1,4527,1.01,https://vec.vic.gov.au/results/state-election-results/2022-state-election-results/results-by-region/western-metropolitan-region-results
2022,Western Metropolitan,UAP,United Australia Party,UAP,2022_WESTERN_METROPOLITAN_BANSAL_DEEPAK,"BANSAL, Deepak",2,220,0.05,https://vec.vic.gov.au/results/state-election-results/2022-state-election-results/results-by-region/western-metropolitan-region-results
2022,Western Metropolitan,NDP,New Democrats,NDP,2022_WESTERN_METROPOLITAN_VAGHELA_KAUSHALIYA_VIRJIBHAI,"VAGHELA, Kaushaliya Virjibhai",1,2237,0.5,https://vec.vic.gov.au/results/state-election-results/2022-state-election-results/results-by-region/western-metropolitan-region-results
2022,Western Metropolitan,NDP,New Democrats,NDP,2022_WESTERN_METROPOLITAN_SHAIK_MOHAMMED_QUASIM,"SHAIK, Mohammed Quasim",2,97,0.02,https://vec.vic.gov.au/results/state-election-results/2022-state-election-results/results-by-region/western-metropolitan-region-results
2022,Western Metropolitan,NDP,New Democrats,NDP,2022_WESTERN_METROPOLITAN_BISHNOI_ARIX_MAHESHKUMAR,"BISHNOI, Arix Maheshkumar",3,22,0.0,https://vec.vic.gov.au/results/state-election-results/2022-state-election-results/results-by-region/western-metropolitan-region-results
2022,Western Metropolitan,NDP,New Democrats,NDP,2022_WESTERN_METROPOLITAN_PALKURI_ANITHA_JYOTHI,"PALKURI, Anitha Jyothi",4,47,0.01,https://vec.vic.gov.au/results/state-election-results/2022-state-election-results/results-by-region/western-metropolitan-region-results
2022,Western Metropolitan,NDP,New Democrats,NDP,2022_WESTERN_METROPOLITAN_MALHOTRA_YOGESH_KUMAR,"MALHOTRA, Yogesh Kumar",5,67,0.01,https://vec.vic.gov.au/results/state-election-results/2022-state-election-results/results-by-region/western-metropolitan-region-results
2022,Western Metropolitan,AJP,Animal Justice Party,AJP,2022_WESTERN_METROPOLITAN_WATKINS_MEG,"WATKINS, Meg",1,6058,1.35,https://vec.vic.gov.au/results/state-election-results/2022-state-election-results/results-by-region/western-metropolitan-region-results
2022,Western Metropolitan,AJP,Animal Justice Party,AJP,2022_WESTERN_METROPOLITAN_KOPAS_NAT,"KOPAS, Nat",2,151,0.03,https://vec.vic.gov.au/results/state-election-results/2022-state-election-results/results-by-region/western-metropolitan-region-results
2022,Western Metropolitan,LDP,Liberal Democrats,LDP,2022_WESTERN_METROPOLITAN_CURSIO_ANTHONY,"CURSIO, Anthony",1,6416,1.43,https://vec.vic.gov.au/results/state-election-results/2022-state-election-results/results-by-region/western-metropolitan-region-results
2022,Western Metropolitan,LDP,Liberal Democrats,LDP,2022_WESTERN_METROPOLITAN_ROCHE_LIAM,"ROCHE, Liam",2,130,0.03,https://vec.vic.gov.au/results/state-election-results/2022-state-election-results/results-by-region/western-metropolitan-region-results
2022,Western Metropolitan,HAP,Health Australia Party,HAP,2022_WESTERN_METROPOLITAN_GOLDEN_ISAAC,"GOLDEN, Isaac",1,2070,0.46,https://vec.vic.gov.au/results/state-election-results/2022-state-election-results/results-by-region/western-metropolitan-region-results
2022,Western Metropolitan,HAP,Health Australia Party,HAP,2022_WESTERN_METROPOLITAN_GOLDEN_LEIAH,"GOLDEN, Leiah",2,52,0.01,https://vec.vic.gov.au/results/state-election-results/2022-state-election-results/results-by-region/western-metropolitan-region-results
2022,Western Metropolitan,DLP,Labour DLP,DLP,2022_WESTERN_METROPOLITAN_FINN_BERNIE,"FINN, Bernie",1,23197,5.16,https://vec.vic.gov.au/results/state-election-results/2022-state-election-results/results-by-region/western-metropolitan-region-results
2022,Western Metropolitan,DLP,Labour DLP,DLP,2022_WESTERN_METROPOLITAN_LE_THI_KIM_LIEN,"LE, Thi Kim-Lien",2,225,0.05,https://vec.vic.gov.au/results/state-election-results/2022-state-election-results/results-by-region/western-metropolitan-region-results
2022,Western Metropolitan,SDA,Sack Dan Andrews Restore Democracy,SDA,2022_WESTERN_METROPOLITAN_PALKURI_SAMSON,"PALKURI, Samson",1,3630,0.81,https://vec.vic.gov.au/results/state-election-results/2022-state-election-results/results-by-region/western-metropolitan-region-results
2022,Western Metropolitan,SDA,Sack Dan Andrews Restore Democracy,SDA,2022_WESTERN_METROPOLITAN_YALAZ_BURCIN,"YALAZ, Burcin",2,23,0.01,https://vec.vic.gov.au/results/state-election-results/2022-state-election-results/results-by-region/western-metropolitan-region-results
2022,Western Metropolitan,DHJP,Derryn Hinch's Justice Party,DHJP,2022_WESTERN_METROPOLITAN_SULLIVAN_PETER,"SULLIVAN, Peter",1,5261,1.17,https://vec.vic.gov.au/results/state-election-results/2022-state-election-results/results-by-region/western-metropolitan-region-results
2022,Western Metropolitan,DHJP,Derryn Hinch's Justice Party,DHJP,2022_WESTERN_METROPOLITAN_D_ARGENT_JEAN_MARIE,"D'ARGENT, Jean-Marie",2,110,0.02,https://vec.vic.gov.au/results/state-election-results/2022-state-election-results/results-by-region/western-metropolitan-region-results
2022,Western Metropolitan,VS,Victorian Socialists,VS,2022_WESTERN_METROPOLITAN_WALSH_LIZ,"WALSH, Liz",1,15999,3.56,https://vec.vic.gov.au/results/state-election-results/2022-state-election-results/results-by-region/western-metropolitan-region-results
2022,Western Metropolitan,VS,Victorian Socialists,VS,2022_WESTERN_METROPOLITAN_MYLVAGANAM_ARAN,"MYLVAGANAM, Aran",2,96,0.02,https://vec.vic.gov.au/results/state-election-results/2022-state-election-results/results-by-region/western-metropolitan-region-results
2022,Western Metropolitan,2022_WESTERN_METROPOLITAN_VILLAGONZALO_WALTER,Ungrouped,IND,2022_WESTERN_METROPOLITAN_VILLAGONZALO_WALTER,"VILLAGONZALO, Walter",3,1616,0.36,https://vec.vic.gov.au/results/state-election-results/2022-state-election-results/results-by-region/western-metropolitan-region-results
2022,Western Metropolitan,2022_WESTERN_METROPOLITAN_ALCORDO_SAM,Ungrouped,IND,2022_WESTERN_METROPOLITAN_ALCORDO_SAM,"ALCORDO, Sam",4,7,0.0,https://vec.vic.gov.au/results/state-election-results/2022-state-election-results/results-by-region/western-metropolitan-region-results
2022,Western Metropolitan,TMP,Transport Matters,TMP,2022_WESTERN_METROPOLITAN_LOWINGER_DANIEL,"LOWINGER, Daniel",1,1173,0.26,https://vec.vic.gov.au/results/state-election-results/2022-state-election-results/results-by-region/western-metropolitan-region-results
2022,Western Metropolitan,TMP,Transport Matters,TMP,2022_WESTERN_METROPOLITAN_COLLINS_GREG,"COLLINS, Greg",2,31,0.01,https://vec.vic.gov.au/results/state-election-results/2022-state-election-results/results-by-region/western-metropolitan-region-results
2022,Western Metropolitan,FREEDOM,Freedom Party of Victoria,FREEDOM,2022_WESTERN_METROPOLITAN_MCBRIDE_JOHN,"McBRIDE, John",1,3443,0.77,https://vec.vic.gov.au/results/state-election-results/2022-state-election-results/results-by-region/western-metropolitan-region-results
2022,Western Metropolitan,FREEDOM,Freedom Party of Victoria,FREEDOM,2022_WESTERN_METROPOLITAN_MCBRIDE_DAN,"McBRIDE, Dan",2,70,0.02,https://vec.vic.gov.au/results/state-election-results/2022-state-election-results/results-by-region/western-metropolitan-region-results
2022,Western Metropolitan,ALP,Australian Labor Party - Victorian Branch,ALP,2022_WESTERN_METROPOLITAN_BLANDTHORN_LIZZIE,"BLANDTHORN, Lizzie",1,163978,36.51,https://vec.vic.gov.au/results/state-election-results/2022-state-election-results/results-by-region/western-metropolitan-region-results
2022,Western Metropolitan,ALP,Australian Labor Party - Victorian Branch,ALP,2022_WESTERN_METROPOLITAN_STITT_INGRID,"STITT, Ingrid",2,491,0.11,https://vec.vic.gov.au/results/state-election-results/2022-state-election-results/results-by-region/western-metropolitan-region-results
2022,Western Metropolitan,ALP,Australian Labor Party - Victorian Branch,ALP,2022_WESTERN_METROPOLITAN_MELHEM_CESAR,"MELHEM, Cesar",3,411,0.09,https://vec.vic.gov.au/results/state-election-results/2022-state-election-results/results-by-region/western-metropolitan-region-results
2022,Western Metropolitan,ALP,Australian Labor Party - Victorian Branch,ALP,2022_WESTERN_METROPOLITAN_LAM_CUC,"LAM, Cuc",4,853,0.19,https://vec.vic.gov.au/results/state-election-results/2022-state-election-results/results-by-region/western-metropolitan-region-results
2022,Western Metropolitan,ALP,Australian Labor Party - Victorian Branch,ALP,2022_WESTERN_METROPOLITAN_KHAN_NURUL,"KHAN, Nurul",5,638,0.14,https://vec.vic.gov.au/results/state-election-results/2022-state-election-results/results-by-region/western-metropolitan-region-results
2022,Western Metropolitan,2022_WESTERN_METROPOLITAN_DEMIAN_ESTHER,Ungrouped,IND,2022_WESTERN_METROPOLITAN_DEMIAN_ESTHER,"DEMIAN, Esther",5,144,0.03,https://vec.vic.gov.au/results/state-election-results/2022-state-election-results/results-by-region/western-metropolitan-region-results
2022,Western Victoria,VS,Victorian Socialists,VS,2022_WESTERN_VICTORIA_GORMAN_MADILYN,"GORMAN, Madilyn",1,3385,0.69,https://vec.vic.gov.au/results/state-election-results/2022-state-election-results/results-by-region/western-victoria-region-results
2022,Western Victoria,VS,Victorian Socialists,VS,2022_WESTERN_VICTORIA_RANDALL_ABBEY,"RANDALL, Abbey",2,271,0.06,https://vec.vic.gov.au/results/state-election-results/2022-state-election-results/results-by-region/western-victoria-region-results
2022,Western Victoria,SFF,"Shooters, Fishers & Farmers Vic",SFF,2022_WESTERN_VICTORIA_COLLYER_BEN,"COLLYER, Ben",1,18046,3.67,https://vec.vic.gov.au/results/state-election-results/2022-state-election-results/results-by-region/western-victoria-region-results
2022,Western Victoria,SFF,"Shooters, Fishers & Farmers Vic",SFF,2022_WESTERN_VICTORIA_STANDEN_GRAEME,"STANDEN, Graeme",2,414,0.08,https://vec.vic.gov.au/results/state-election-results/2022-state-election-results/results-by-region/western-victoria-region-results
2022,Western Victoria,ON,Pauline Hanson's One Nation,ON,2022_WESTERN_VICTORIA_PRYSE_SMITH_TERRI_ELIZABETH,"PRYSE-SMITH, Terri Elizabeth",1,12779,2.6,https://vec.vic.gov.au/results/state-election-results/2022-state-election-results/results-by-region/western-victoria-region-results
2022,Western Victoria,ON,Pauline Hanson's One Nation,ON,2022_WESTERN_VICTORIA_DE_PYLE_SABINE,"DE PYLE, Sabine",2,286,0.06,https://vec.vic.gov.au/results/state-election-results/2022-state-election-results/results-by-region/western-victoria-region-results
2022,Western Victoria,HAP,Health Australia Party,HAP,2022_WESTERN_VICTORIA_LAZOS_CONSTANTINE,"LAZOS, Constantine",1,2463,0.5,https://vec.vic.gov.au/results/state-election-results/2022-state-election-results/results-by-region/western-victoria-region-results
2022,Western Victoria,HAP,Health Australia Party,HAP,2022_WESTERN_VICTORIA_BRENNFLECK_ANGELICA,"BRENNFLECK, Angelica",2,144,0.03,https://vec.vic.gov.au/results/state-election-results/2022-state-election-results/results-by-region/western-victoria-region-results
2022,Western Victoria,LCV,Legalise Cannabis Victoria,LCV,2022_WESTERN_VICTORIA_DOWLING_ANDREW,"DOWLING, Andrew",1,24201,4.92,https://vec.vic.gov.au/results/state-election-results/2022-state-election-results/results-by-region/western-victoria-region-results
2022,Western Victoria,LCV,Legalise Cannabis Victoria,LCV,2022_WESTERN_VICTORIA_HUMPHREY_MELANIE,"HUMPHREY, Melanie",2,562,0.11,https://vec.vic.gov.au/results/state-election-results/2022-state-election-results/results-by-region/western-victoria-region-results
2022,Western Victoria,REASON,Fiona Patten's Reason Party,REASON,2022_WESTERN_VICTORIA_SINCLAIR_EMMA,"SINCLAIR, Emma",1,3351,0.68,https://vec.vic.gov.au/results/state-election-results/2022-state-election-results/results-by-region/western-victoria-region-results
2022,Western Victoria,REASON,Fiona Patten's Reason Party,REASON,2022_WESTERN_VICTORIA_HURLEY_OLIVIA,"HURLEY, Olivia",2,124,0.03,https://vec.vic.gov.au/results/state-election-results/2022-state-election-results/results-by-region/western-victoria-region-results
2022,Western Victoria,SAP,Sustainable Australia Party – Stop Overdevelopment / Corruption,SAP,2022_WESTERN_VICTORIA_WEARNE_MADELEINE,"WEARNE, Madeleine",1,2007,0.41,https://vec.vic.gov.au/results/state-election-results/2022-state-election-results/results-by-region/western-victoria-region-results
2022,Western Victoria,SAP,Sustainable Australia Party – Stop Overdevelopment / Corruption,SAP,2022_WESTERN_VICTORIA_PASCOE_ROBERT,"PASCOE, Robert",2,76,0.02,https://vec.vic.gov.au/results/state-election-results/2022-state-election-results/results-by-region/western-victoria-region-results
2022,Western Victoria,ALP,Australian Labor Party - Victorian Branch,ALP,2022_WESTERN_VICTORIA_ERMACORA_JACINTA,"ERMACORA, Jacinta",1,171778,34.9,https://vec.vic.gov.au/results/state-election-results/2022-state-election-results/results-by-region/western-victoria-region-results
2022,Western Victoria,ALP,Australian Labor Party - Victorian Branch,ALP,2022_WESTERN_VICTORIA_TIERNEY_GAYLE,"TIERNEY, Gayle",2,1547,0.31,https://vec.vic.gov.au/results/state-election-results/2022-state-election-results/results-by-region/western-victoria-region-results
2022,Western Victoria,ALP,Australian Labor Party - Victorian Branch,ALP,2022_WESTERN_VICTORIA_BRIDGER_DARLING_MEGAN,"BRIDGER-DARLING, Megan",3,186,0.04,https://vec.vic.gov.au/results/state-election-results/2022-state-election-results/results-by-region/western-victoria-region-results
2022,Western Victoria,ALP,Australian Labor Party - Victorian Branch,ALP,2022_WESTERN_VICTORIA_PAVLOVICH_SUE,"PAVLOVICH, Sue",4,245,0.05,https://vec.vic.gov.au/results/state-election-results/2022-state-election-results/results-by-region/western-victoria-region-results
2022,Western Victoria,ALP,Australian Labor Party - Victorian Branch,ALP,2022_WESTERN_VICTORIA_STOKES_HEATHER,"STOKES, Heather",5,1268,0.26,https://vec.vic.gov.au/results/state-election-results/2022-state-election-results/results-by-region/western-victoria-region-results
2022,Western Victoria,FFV,Family First Victoria,FFV,2022_WESTERN_VICTORIA_CRONKWRIGHT_DEAN,"CRONKWRIGHT, Dean",1,10183,2.07,https://vec.vic.gov.au/results/state-election-results/2022-state-election-results/results-by-region/western-victoria-region-results
2022,Western Victoria,FFV,Family First Victoria,FFV,2022_WESTERN_VICTORIA_IKEH_CHIOMA,"IKEH, Chioma",2,137,0.03,https://vec.vic.gov.au/results/state-election-results/2022-state-election-results/results-by-region/western-victoria-region-results
2022,Western Victoria,FREEDOM,Freedom Party of Victoria,FREEDOM,2022_WESTERN_VICTORIA_KOVAC_ANTUN,"KOVAC, Antun",1,2216,0.45,https://vec.vic.gov.au/results/state-election-results/2022-state-election-results/results-by-region/western-victoria-region-results
2022,Western Victoria,FREEDOM,Freedom Party of Victoria,FREEDOM,2022_WESTERN_VICTORIA_BECERRA_KOVAC_FLOR_VANESSA,"BECERRA-KOVAC, Flor Vanessa",2,91,0.02,https://vec.vic.gov.au/results/state-election-results/2022-state-election-results/results-by-region/western-victoria-region-results
2022,Western Victoria,SDA,Sack Dan Andrews Restore Democracy,SDA,2022_WESTERN_VICTORIA_FINNIGAN_TOSH_JAKE,"FINNIGAN, Tosh-Jake",1,4958,1.01,https://vec.vic.gov.au/results/state-election-results/2022-state-election-results/results-by-region/western-victoria-region-results
2022,Western Victoria,SDA,Sack Dan Andrews Restore Democracy,SDA,2022_WESTERN_VICTORIA_CELIKDOGEN_ISMAIL_EFE,"CELIKDOGEN, Ismail Efe",2,29,0.01,https://vec.vic.gov.au/results/state-election-results/2022-state-election-results/results-by-region/western-victoria-region-results
2022,Western Victoria,SDA,Sack Dan Andrews Restore Democracy,SDA,2022_WESTERN_VICTORIA_ORHAN_SINAN,"ORHAN, Sinan",3,25,0.01,https://vec.vic.gov.au/results/state-election-results/2022-state-election-results/results-by-region/western-victoria-region-results
2022,Western Victoria,LDP,Liberal Democrats,LDP,2022_WESTERN_VICTORIA_MCGRATH_JULIA,"McGRATH, Julia",1,16025,3.26,https://vec.vic.gov.au/results/state-election-results/2022-state-election-results/results-by-region/western-victoria-region-results
2022,Western Victoria,LDP,Liberal Democrats,LDP,2022_WESTERN_VICTORIA_BARKER_PAUL,"BARKER, Paul",2,446,0.09,https://vec.vic.gov.au/results/state-election-results/2022-state-election-results/results-by-region/western-victoria-region-results
2022,Western Victoria,CPP,Companions and Pets Party,CPP,2022_WESTERN_VICTORIA_COLLINS_GEOFF,"COLLINS, Geoff",1,2428,0.49,https://vec.vic.gov.au/results/state-election-results/2022-state-election-results/results-by-region/western-victoria-region-results
2022,Western Victoria,CPP,Companions and Pets Party,CPP,2022_WESTERN_VICTORIA_FISHER_SIMONE,"FISHER, Simone",2,116,0.02,https://vec.vic.gov.au/results/state-election-results/2022-state-election-results/results-by-region/western-victoria-region-results
2022,Western Victoria,NDP,New Democrats,NDP,2022_WESTERN_VICTORIA_GOMEZ_BENITEZ_CECILIA,"GOMEZ BENITEZ, Cecilia",1,511,0.1,https://vec.vic.gov.au/results/state-election-results/2022-state-election-results/results-by-region/western-victoria-region-results
2022,Western Victoria,NDP,New Democrats,NDP,2022_WESTERN_VICTORIA_KACHHIA_VIJAYKUMAR,"KACHHIA, Vijaykumar",2,14,0.0,https://vec.vic.gov.au/results/state-election-results/2022-state-election-results/results-by-region/western-victoria-region-results
2022,Western Victoria,NDP,New Democrats,NDP,2022_WESTERN_VICTORIA_DAVE_HARDIK_BIPINCHANDRA,"DAVE, Hardik Bipinchandra",3,9,0.0,https://vec.vic.gov.au/results/state-election-results/2022-state-election-results/results-by-region/western-victoria-region-results
2022,Western Victoria,NDP,New Democrats,NDP,2022_WESTERN_VICTORIA_PATEL_JAYMIK_MAHENDRAKUMAR,"PATEL, Jaymik Mahendrakumar",4,7,0.0,https://vec.vic.gov.au/results/state-election-results/2022-state-election-results/results-by-region/western-victoria-region-results
2022,Western Victoria,TMP,Transport Matters,TMP,2022_WESTERN_VICTORIA_KEARNS_ANTONELA,"KEARNS, Antonela",1,1414,0.29,https://vec.vic.gov.au/results/state-election-results/2022-state-election-results/results-by-region/western-victoria-region-results
2022,Western Victoria,TMP,Transport Matters,TMP,2022_WESTERN_VICTORIA_DUNN_EDDIE,"DUNN, Eddie",2,43,0.01,https://vec.vic.gov.au/results/state-election-results/2022-state-election-results/results-by-region/western-victoria-region-results
2022,Western Victoria,DHJP,Derryn Hinch's Justice Party,DHJP,2022_WESTERN_VICTORIA_GRIMLEY_STUART,"GRIMLEY, Stuart",1,8472,1.72,https://vec.vic.gov.au/results/state-election-results/2022-state-election-results/results-by-region/western-victoria-region-results
2022,Western Victoria,DHJP,Derryn Hinch's Justice Party,DHJP,2022_WESTERN_VICTORIA_O_BRIEN_SIMONE,"O'BRIEN, Simone",2,225,0.05,https://vec.vic.gov.au/results/state-election-results/2022-state-election-results/results-by-region/western-victoria-region-results
2022,Western Victoria,UAP,United Australia Party,UAP,2022_WESTERN_VICTORIA_FAILLA_NATALIE_VALERIE,"FAILLA, Natalie Valerie",1,3493,0.71,https://vec.vic.gov.au/results/state-election-results/2022-state-election-results/results-by-region/western-victoria-region-results
2022,Western Victoria,UAP,United Australia Party,UAP,2022_WESTERN_VICTORIA_RAYMOND_KEITH,"RAYMOND, Keith",2,92,0.02,https://vec.vic.gov.au/results/state-election-results/2022-state-election-results/results-by-region/western-victoria-region-results
2022,Western Victoria,DLP,Labour DLP,DLP,2022_WESTERN_VICTORIA_DI_BIASE_COSTA,"Di BIASE, Costa",1,10643,2.16,https://vec.vic.gov.au/results/state-election-results/2022-state-election-results/results-by-region/western-victoria-region-results
2022,Western Victoria,DLP,Labour DLP,DLP,2022_WESTERN_VICTORIA_SKRUZNY_RON,"SKRUZNY, Ron",2,53,0.01,https://vec.vic.gov.au/results/state-election-results/2022-state-election-results/results-by-region/western-victoria-region-results
2022,Western Victoria,AVP,Angry Victorians Party,AVP,2022_WESTERN_VICTORIA_BURSON_CHRIS,"BURSON, Chris",1,2627,0.53,https://vec.vic.gov.au/results/state-election-results/2022-state-election-results/results-by-region/western-victoria-region-results
2022,Western Victoria,AVP,Angry Victorians Party,AVP,2022_WESTERN_VICTORIA_BEECK_RICHARD,"BEECK, Richard",2,72,0.01,https://vec.vic.gov.au/results/state-election-results/2022-state-election-results/results-by-region/western-victoria-region-results
2022,Western Victoria,AJP,Animal Justice Party,AJP,2022_WESTERN_VICTORIA_MEDDICK_ANDY,"MEDDICK, Andy",1,8532,1.73,https://vec.vic.gov.au/results/state-election-results/2022-state-election-results/results-by-region/western-victoria-region-results
2022,Western Victoria,AJP,Animal Justice Party,AJP,2022_WESTERN_VICTORIA_WILSHIER_HANNAH,"WILSHIER, Hannah",2,128,0.03,https://vec.vic.gov.au/results/state-election-results/2022-state-election-results/results-by-region/western-victoria-region-results
2022,Western Victoria,GRN,Australian Greens,GRN,2022_WESTERN_VICTORIA_MANSFIELD_SARAH,"MANSFIELD, Sarah",1,41430,8.42,https://vec.vic.gov.au/results/state-election-results/2022-state-election-results/results-by-region/western-victoria-region-results
2022,Western Victoria,GRN,Australian Greens,GRN,2022_WESTERN_VICTORIA_BARNES_JOHN,"BARNES, John",2,510,0.1,https://vec.vic.gov.au/results/state-election-results/2022-state-election-results/results-by-region/western-victoria-region-results
2022,Western Victoria,GRN,Australian Greens,GRN,2022_WESTERN_VICTORIA_BALDACCHINO_JUDITH,"BALDACCHINO, Judith",3,185,0.04,https://vec.vic.gov.au/results/state-election-results/2022-state-election-results/results-by-region/western-victoria-region-results
2022,Western Victoria,GRN,Australian Greens,GRN,2022_WESTERN_VICTORIA_VAN_DER_VLIES_EVA,"van der VLIES, Eva",4,149,0.03,https://vec.vic.gov.au/results/state-election-results/2022-state-election-results/results-by-region/western-victoria-region-results
2022,Western Victoria,GRN,Australian Greens,GRN,2022_WESTERN_VICTORIA_ZIBELL_LINDA,"ZIBELL, Linda",5,435,0.09,https://vec.vic.gov.au/results/state-election-results/2022-state-election-results/results-by-region/western-victoria-region-results
2022,Western Victoria,LNP,Liberal / The Nationals,LIB,2022_WESTERN_VICTORIA_MCARTHUR_BEV,"McARTHUR, Bev",1,130863,26.59,https://vec.vic.gov.au/results/state-election-results/2022-state-election-results/results-by-region/western-victoria-region-results
2022,Western Victoria,LNP,Liberal / The Nationals,LIB,2022_WESTERN_VICTORIA_MCCRACKEN_JOE,"McCRACKEN, Joe",2,584,0.12,https://vec.vic.gov.au/results/state-election-results/2022-state-election-results/results-by-region/western-victoria-region-results
2022,Western Victoria,LNP,Liberal / The Nationals,NAT,2022_WESTERN_VICTORIA_RANK_ANITA,"RANK, Anita",3,440,0.09,https://vec.vic.gov.au/results/state-election-results/2022-state-election-results/results-by-region/western-victoria-region-results
2022,Western Victoria,LNP,Liberal / The Nationals,LIB,2022_WESTERN_VICTORIA_SHEARMAN_ANGELA,"SHEARMAN, Angela",4,714,0.15,https://vec.vic.gov.au/results/state-election-results/2022-state-election-results/results-by-region/western-victoria-region-results
2022,Western Victoria,LNP,Liberal / The Nationals,NAT,2022_WESTERN_VICTORIA_LETTS_ROBERT,"LETTS, Robert",5,620,0.13,https://vec.vic.gov.au/results/state-election-results/2022-state-election-results/results-by-region/western-victoria-region-results
2022,Western Victoria,2022_WESTERN_VICTORIA_HELLMUTH_STORM,Ungrouped,IND,2022_WESTERN_VICTORIA_HELLMUTH_STORM,"HELLMUTH, Storm",1,161,0.03,https://vec.vic.gov.au/results/state-election-results/2022-state-election-results/results-by-region/western-victoria-region-results
