Scenario,Variant,District,Round,Eliminated,AliveSet,Basis,SpecialAvailable,SpecialSelected,EliminatedVote,SurvivalGap,ONInField,ONTransfer,Coverage
2022,reference,Albert Park,1,ON,ALP+GRN+IND+LNP+OTH,full AEC row,False,False,0.001879361927681205,0.044025850562384915,True,0.0,1.0
2022,reference,Albert Park,2,IND,ALP+GRN+LNP+OTH,posterior scenario,False,False,0.046145307185672974,0.04486398860102131,False,0.0,0.84998499849985
2022,reference,Albert Park,3,OTH,ALP+GRN+LNP,posterior scenario,False,False,0.09610684195423871,0.11491790634919571,False,0.0,0.5441
2022,reference,Albert Park,4,GRN,ALP+LNP,posterior scenario,False,False,0.2530614671790641,0.07855646830403279,False,0.0,0.9500000000000001
2022,reference,Ashwood,1,ON,ALP+GRN+IND+LNP+OTH,full AEC row,False,False,0.0015288314637249487,0.018208511179862948,True,0.0,1.0
2022,reference,Ashwood,2,IND,ALP+GRN+LNP+OTH,posterior scenario,False,False,0.019848665322985345,0.02702519169681832,False,0.0,0.8500000000000001
2022,reference,Ashwood,3,OTH,ALP+GRN+LNP,posterior scenario,False,False,0.051966907711432433,0.09705300652223171,False,0.0,0.6
2022,reference,Ashwood,4,GRN,ALP+LNP,posterior scenario,False,False,0.1693035206123396,0.23841212548614454,False,0.0,0.95
2022,reference,Bass,1,ON,ALP+GRN+IND+LNP+OTH,full AEC row,False,False,0.0036566563773449147,0.04947193996301614,True,0.0,1.0
2022,reference,Bass,2,IND,ALP+GRN+LNP+OTH,posterior scenario,False,False,0.053368698029405595,0.026742438258693033,False,0.0,0.75
2022,reference,Bass,3,GRN,ALP+LNP+OTH,posterior scenario,False,False,0.0918255816050146,0.034350102542113056,False,0.0,0.9
2022,reference,Bass,4,OTH,ALP+LNP,posterior scenario,False,False,0.13700221163610088,0.28220016434178125,False,0.0,0.31643164316431643
2022,reference,Bayswater,1,ON,ALP+GRN+IND+LNP+OTH,full AEC row,False,False,0.0022738950122957492,0.013246327068472471,True,0.0,1.0
2022,reference,Bayswater,2,IND,ALP+GRN+LNP+OTH,posterior scenario,False,False,0.015685796960304317,0.06595393837499591,False,0.0,0.85001499850015
2022,reference,Bayswater,3,GRN,ALP+LNP+OTH,posterior scenario,False,False,0.08690206835640508,0.04097840605303717,False,0.0,0.95
2022,reference,Bayswater,4,OTH,ALP+LNP,posterior scenario,False,False,0.1369072102751042,0.2751461011962376,False,0.0,0.35696430356964304
2022,reference,Bellarine,1,ON,ALP+GRN+IND+LNP+OTH,full AEC row,False,False,0.001994058485474365,0.032373835663584594,True,0.0,1.0
2022,reference,Bellarine,2,IND,ALP+GRN+LNP+OTH,posterior scenario,False,False,0.034518970631025346,0.0511505916910169,False,0.0,0.75
2022,reference,Bellarine,3,OTH,ALP+GRN+LNP,posterior scenario,False,False,0.08998035608477198,0.029083821401539284,False,0.0,0.3176
2022,reference,Bellarine,4,GRN,ALP+LNP,posterior scenario,False,False,0.15182631094185542,0.22949906867428085,False,0.0,0.8999999999999999
2022,reference,Benambra,1,ON,ALP+GRN+IND+LNP+OTH,full AEC row,False,False,0.003519643372885041,0.0361852863430925,True,0.0,1.0
2022,reference,Benambra,2,GRN,ALP+IND+LNP+OTH,posterior scenario,False,False,0.039722440379524236,0.06000108173945851,False,0.0,0.9
2022,reference,Benambra,3,OTH,ALP+IND+LNP,posterior scenario,False,False,0.10144948308597614,0.044825603122723864,False,0.0,0.3197
2022,reference,Benambra,4,ALP,IND+LNP,posterior scenario,False,False,0.16392176206376022,0.20917516562073288,False,0.0,0.75
2022,reference,Bendigo East,1,ON,ALP+GRN+IND+LNP+OTH,full AEC row,False,False,0.002670017018965396,0.025734440746554586,True,0.0,1.0
2022,reference,Bendigo East,2,IND,ALP+GRN+LNP+OTH,posterior scenario,False,False,0.028606747107058385,0.05068970676599489,False,0.0,0.75002499750025
2022,reference,Bendigo East,3,OTH,ALP+GRN+LNP,posterior scenario,False,False,0.08990314805179499,0.007214100925370878,False,0.0,0.5
2022,reference,Bendigo East,4,GRN,ALP+LNP,posterior scenario,False,False,0.1291933949870623,0.23255008382099765,False,0.0,0.8999999999999999
2022,reference,Bendigo West,1,ON,ALP+GRN+IND+LNP+OTH,full AEC row,False,False,0.0025290177158896372,0.02239240964283155,True,0.0,1.0
2022,reference,Bendigo West,2,IND,ALP+GRN+LNP+OTH,posterior scenario,False,False,0.025113034125589104,0.09667438645614901,False,0.0,0.7499749974997499
2022,reference,Bendigo West,3,GRN,ALP+LNP+OTH,posterior scenario,False,False,0.12629675659046227,0.015336612532239696,False,0.0,0.9
2022,reference,Bendigo West,4,OTH,ALP+LNP,posterior scenario,False,False,0.15426892381139223,0.13035438514544367,False,0.0,0.3674
2022,reference,Bentleigh,1,ON,ALP+GRN+IND+LNP+OTH,full AEC row,False,False,0.0021026935370825365,0.017604116535669838,True,0.0,1.0
2022,reference,Bentleigh,2,IND,ALP+GRN+LNP+OTH,posterior scenario,False,False,0.01985991882545256,0.05530543656243739,False,0.0,0.8500000000000001
2022,reference,Bentleigh,3,OTH,ALP+GRN+LNP,posterior scenario,False,False,0.08054022678810764,0.027187893978149552,False,0.0,0.5999599959995999
2022,reference,Bentleigh,4,GRN,ALP+LNP,posterior scenario,False,False,0.13916268664501394,0.24804528415322105,False,0.0,0.95
2022,reference,Berwick,1,IND,ALP+GRN+LNP+ON+OTH,ideology prior,False,False,1.0059024844665148e-12,0.003204272317153752,True,0.2717267726161369,0.0
2022,reference,Berwick,2,ON,ALP+GRN+LNP+OTH,federal ON evidence trial,False,False,0.003204272318432985,0.08463055139968864,True,0.0,0.94
2022,reference,Berwick,3,OTH,ALP+GRN+LNP,posterior scenario,False,False,0.08856063380639746,0.004689787950279772,False,0.0,0.44999999999999996
2022,reference,Berwick,4,GRN,ALP+LNP,posterior scenario,False,False,0.1256235124909026,0.25246683024373295,False,0.0,0.9
2022,reference,Box Hill,1,ON,ALP+GRN+IND+LNP+OTH,full AEC row,False,False,0.0013640752841659728,0.013414709870467705,True,0.0,1.0
2022,reference,Box Hill,2,IND,ALP+GRN+LNP+OTH,posterior scenario,False,False,0.014878111024839939,0.05808187638001465,False,0.0,0.8500000000000001
2022,reference,Box Hill,3,OTH,ALP+GRN+LNP,posterior scenario,False,False,0.07899616420384893,0.06585106628241559,False,0.0,0.5999599959995999
2022,reference,Box Hill,4,GRN,ALP+LNP,posterior scenario,False,False,0.17466888511204334,0.23237323216718145,False,0.0,0.9500000000000001
2022,reference,Brighton,1,ON,ALP+GRN+IND+LNP+OTH,full AEC row,False,False,0.0013695321985602146,0.08038937477787861,True,0.0,1.0
2022,reference,Brighton,2,OTH,ALP+GRN+IND+LNP,posterior scenario,False,False,0.08200023423609701,0.014845154672978852,False,0.0,0.7
2022,reference,Brighton,3,IND,ALP+GRN+LNP,posterior scenario,False,False,0.11432766029419353,0.053186547532293654,False,0.0,0.85
2022,reference,Brighton,4,GRN,ALP+LNP,posterior scenario,False,False,0.21670733946601037,0.08115296145057757,False,0.0,0.95
2022,reference,Broadmeadows,1,ON,ALP+GRN+IND+LNP+OTH,full AEC row,False,False,0.002626057424493797,0.07261774540270334,True,0.0,1.0
2022,reference,Broadmeadows,2,IND,ALP+GRN+LNP+OTH,posterior scenario,False,False,0.07543502060082533,0.00796664574323458,False,0.0,0.8500000000000001
2022,reference,Broadmeadows,3,GRN,ALP+LNP+OTH,posterior scenario,False,False,0.09220540136647953,0.10574500938177361,False,0.0,0.95
2022,reference,Broadmeadows,4,OTH,ALP+LNP,posterior scenario,False,False,0.21046921909074048,0.02227923856345357,False,0.0,0.27849999999999997
2022,reference,Brunswick,1,ON,ALP+GRN+IND+LNP+OTH,full AEC row,False,False,0.0016348796498045076,0.018165781743925958,True,0.0,1.0
2022,reference,Brunswick,2,IND,ALP+GRN+LNP+OTH,posterior scenario,False,False,0.020009522670577738,0.08249976757596804,False,0.0,0.85
2022,reference,Brunswick,3,LNP,ALP+GRN+OTH,ideology prior,False,False,0.10680089770654408,0.04677336084120301,False,0.0,0.8
2022,reference,Brunswick,4,OTH,ALP+GRN,ideology prior,False,False,0.17936940184210898,0.15373499927175555,False,0.0,0.633036696330367
2022,reference,Bulleen,1,ON,ALP+GRN+IND+LNP+OTH,full AEC row,False,False,0.001583003184080514,0.008752511458791265,True,0.0,1.0
2022,reference,Bulleen,2,IND,ALP+GRN+LNP+OTH,posterior scenario,False,False,0.010450781865013564,0.056497441956094005,False,0.0,0.85001499850015
2022,reference,Bulleen,3,OTH,ALP+GRN+LNP,posterior scenario,False,False,0.07091933810776906,0.041459144125692196,False,0.0,0.6
2022,reference,Bulleen,4,GRN,ALP+LNP,posterior scenario,False,False,0.13940803921147635,0.20103828990306052,False,0.0,0.95
2022,reference,Bundoora,1,ON,ALP+GRN+IND+LNP+OTH,full AEC row,False,False,0.0019752186548963545,0.004720917636255902,True,0.0,1.0
2022,reference,Bundoora,2,IND,ALP+GRN+LNP+OTH,posterior scenario,False,False,0.006839962892236942,0.10171667369332812,False,0.0,0.85
2022,reference,Bundoora,3,OTH,ALP+GRN+LNP,posterior scenario,False,False,0.11082318816336749,0.012556339315724682,False,0.0,0.6
2022,reference,Bundoora,4,GRN,ALP+LNP,posterior scenario,False,False,0.1659447193931952,0.15694900362786238,False,0.0,0.95
2022,reference,Carrum,1,ON,ALP+GRN+IND+LNP+OTH,full AEC row,False,False,0.003365599735142259,0.016788703238255338,True,0.0,1.0
2022,reference,Carrum,2,IND,ALP+GRN+LNP+OTH,posterior scenario,False,False,0.020409291967650362,0.052647066212808735,False,0.0,0.7499749974997499
2022,reference,Carrum,3,GRN,ALP+LNP+OTH,posterior scenario,False,False,0.0749902649663882,0.04169550856878182,False,0.0,0.9
2022,reference,Carrum,4,OTH,ALP+LNP,posterior scenario,False,False,0.12424683021507857,0.21122042452571435,False,0.0,0.25680000000000003
2022,reference,Caulfield,1,ON,ALP+GRN+IND+LNP+OTH,full AEC row,False,False,0.0015808938889874896,0.04862555050057317,True,0.0,1.0
2022,reference,Caulfield,2,IND,ALP+GRN+LNP+OTH,posterior scenario,False,False,0.0504084088070965,0.014400088433634398,False,0.0,0.85
2022,reference,Caulfield,3,OTH,ALP+GRN+LNP,posterior scenario,False,False,0.07037016494878404,0.1051521815141292,False,0.0,0.5652999999999999
2022,reference,Caulfield,4,GRN,ALP+LNP,posterior scenario,False,False,0.20615641805212842,0.1075396045764106,False,0.0,0.95
2022,reference,Clarinda,1,ON,ALP+GRN+IND+LNP+OTH,full AEC row,False,False,0.002590224887284164,0.07693558056060337,True,0.0,1.0
2022,reference,Clarinda,2,GRN,ALP+IND+LNP+OTH,posterior scenario,False,False,0.07968926624174527,0.0024202423444676935,False,0.0,0.9500000000000001
2022,reference,Clarinda,3,OTH,ALP+IND+LNP,posterior scenario,False,False,0.08554335763723946,0.020973243289287916,False,0.0,0.47025297470252975
2022,reference,Clarinda,4,IND,ALP+LNP,posterior scenario,False,False,0.13678063783516847,0.1908498146613079,False,0.0,0.8500000000000001
2022,reference,Cranbourne,1,ON,ALP+GRN+IND+LNP+OTH,full AEC row,False,False,0.0038023994739229713,0.00878459521192177,True,0.0,1.0
2022,reference,Cranbourne,2,IND,ALP+GRN+LNP+OTH,posterior scenario,False,False,0.012863868433945928,0.0416254836388352,False,0.0,0.85
2022,reference,Cranbourne,3,GRN,ALP+LNP+OTH,posterior scenario,False,False,0.05655736454852488,0.13623604591711685,False,0.0,0.95
2022,reference,Cranbourne,4,OTH,ALP+LNP,posterior scenario,False,False,0.2081991993662306,0.09763723511463229,False,0.0,0.5
2022,reference,Croydon,1,IND,ALP+GRN+LNP+ON+OTH,ideology prior,False,False,1.0057095120887805e-12,0.002232462947043084,True,0.2409774881516588,0.0
2022,reference,Croydon,2,ON,ALP+GRN+LNP+OTH,federal ON evidence trial,False,False,0.0022324629482911467,0.1039261543889022,True,0.0,0.94
2022,reference,Croydon,3,GRN,ALP+LNP+OTH,posterior scenario,False,False,0.10633988963972076,0.010477130207291435,False,0.0,0.9500000000000001
2022,reference,Croydon,4,OTH,ALP+LNP,posterior scenario,False,False,0.12645470844773646,0.29184008373934434,False,0.0,0.3517
2022,reference,Dandenong,1,ON,ALP+GRN+IND+LNP+OTH,full AEC row,False,False,0.0030221194209274676,0.00010791418994765154,True,0.0,1.0
2022,reference,Dandenong,2,IND,ALP+GRN+LNP+OTH,posterior scenario,False,False,0.0033500908502630414,0.07825939854207463,False,0.0,0.85
2022,reference,Dandenong,3,GRN,ALP+LNP+OTH,posterior scenario,False,False,0.08200341023746568,0.06042450119687559,False,0.0,0.95
2022,reference,Dandenong,4,OTH,ALP+LNP,posterior scenario,False,False,0.16014509953329636,0.07016754350257959,False,0.0,0.5
2022,reference,Eildon,1,ON,ALP+GRN+IND+LNP+OTH,full AEC row,False,False,0.003404794833323676,0.014677813266000896,True,0.0,1.0
2022,reference,Eildon,2,IND,ALP+GRN+LNP+OTH,posterior scenario,False,False,0.01830617217151796,0.08351328016075173,False,0.0,0.75002499750025
2022,reference,Eildon,3,OTH,ALP+GRN+LNP,posterior scenario,False,False,0.10771071852587397,0.008715206519273974,False,0.0,0.4
2022,reference,Eildon,4,GRN,ALP+LNP,posterior scenario,False,False,0.1526052739104289,0.16730939961268013,False,0.0,0.8999999999999999
2022,reference,Eltham,1,IND,ALP+GRN+LNP+ON+OTH,ideology prior,False,False,1.0058474911149543e-12,0.0023547605365616085,True,0.24097748815165876,0.0
2022,reference,Eltham,2,ON,ALP+GRN+LNP+OTH,federal ON evidence trial,False,False,0.0023547605378098422,0.06717398534186399,True,0.0,0.94
2022,reference,Eltham,3,OTH,ALP+GRN+LNP,posterior scenario,False,False,0.07005555755544599,0.059614600906445436,False,0.0,0.5
2022,reference,Eltham,4,GRN,ALP+LNP,posterior scenario,False,False,0.15758257314972618,0.226331873865941,False,0.0,0.95
2022,reference,Essendon,1,ON,ALP+GRN+IND+LNP+OTH,full AEC row,False,False,0.002768517208548225,0.0157774615992125,True,0.0,1.0
2022,reference,Essendon,2,IND,ALP+GRN+LNP+OTH,posterior scenario,False,False,0.018747569866635595,0.10962875914427311,False,0.0,0.0
2022,reference,Essendon,3,OTH,ALP+GRN+LNP,posterior scenario,False,False,0.13154772018984814,0.03379957396671532,False,0.0,0.6
2022,reference,Essendon,4,GRN,ALP+LNP,posterior scenario,False,False,0.22130887089783313,0.11999326028164009,False,0.0,0.95
2022,reference,Eureka,1,ON,ALP+GRN+IND+LNP+OTH,full AEC row,False,False,0.00399429759460021,0.02920533843336405,True,0.0,1.0
2022,reference,Eureka,2,IND,ALP+GRN+LNP+OTH,posterior scenario,False,False,0.03346190775930655,0.07277304275601702,False,0.0,0.75002499750025
2022,reference,Eureka,3,GRN,ALP+LNP+OTH,posterior scenario,False,False,0.10978190649950699,0.044259679403421,False,0.0,0.9
2022,reference,Eureka,4,OTH,ALP+LNP,posterior scenario,False,False,0.16488784267455128,0.1834415190986519,False,0.0,0.2703
2022,reference,Euroa,1,IND,ALP+GRN+LNP+ON+OTH,ideology prior,False,False,9.834174744381516e-10,0.004082017067229611,True,0.31139634146341466,0.0
2022,reference,Euroa,2,ON,ALP+GRN+LNP+OTH,federal ON evidence trial,False,False,0.004082018356879689,0.04960972805390479,True,0.0,0.95
2022,reference,Euroa,3,GRN,ALP+LNP+OTH,posterior scenario,False,False,0.05378041474610696,0.05418640387853659,False,0.0,0.9
2022,reference,Euroa,4,OTH,ALP+LNP,posterior scenario,False,False,0.11553709733323501,0.22314794083846407,False,0.0,0.4
2022,reference,Evelyn,1,ON,ALP+GRN+IND+LNP+OTH,full AEC row,False,False,0.002694038245806304,0.011974482622554163,True,0.0,1.0
2022,reference,Evelyn,2,IND,ALP+GRN+LNP+OTH,posterior scenario,False,False,0.014872630137684377,0.07096016792424188,False,0.0,0.75002499750025
2022,reference,Evelyn,3,OTH,ALP+GRN+LNP,posterior scenario,False,False,0.09102927809552683,0.006714303504246524,False,0.0,0.44999999999999996
2022,reference,Evelyn,4,GRN,ALP+LNP,posterior scenario,False,False,0.13066366364092513,0.2237625359202297,False,0.0,0.8999999999999999
2022,reference,Footscray,1,ON,ALP+GRN+IND+LNP+OTH,full AEC row,False,False,0.0021958701873601738,0.0011964480959725074,True,0.0,1.0
2022,reference,Footscray,2,IND,ALP+GRN+LNP+OTH,posterior scenario,False,False,0.0036728479548456547,0.1532952441856353,False,0.0,0.0
2022,reference,Footscray,3,OTH,ALP+GRN+LNP,posterior scenario,False,False,0.15756309543873556,0.02125189847924025,False,0.0,0.7000299970002999
2022,reference,Footscray,4,LNP,ALP+GRN,posterior scenario,False,False,0.20863341776816893,0.0952825215710982,False,0.0,0.8
2022,reference,Frankston,1,ON,ALP+GRN+IND+LNP+OTH,full AEC row,False,False,0.0031452819259243344,0.024761204974116397,True,0.0,1.0
2022,reference,Frankston,2,IND,ALP+GRN+LNP+OTH,posterior scenario,False,False,0.028135512282996385,0.08892889398335,False,0.0,0.85
2022,reference,Frankston,3,GRN,ALP+LNP+OTH,posterior scenario,False,False,0.12165633513901891,0.03468102634450862,False,0.0,0.9500000000000001
2022,reference,Frankston,4,OTH,ALP+LNP,posterior scenario,False,False,0.16935259794542173,0.15408558936837985,False,0.0,0.5
2022,reference,Geelong,1,ON,ALP+GRN+IND+LNP+OTH,full AEC row,False,False,0.0038787373552689624,0.07775959576988682,True,0.0,1.0
2022,reference,Geelong,2,IND,ALP+GRN+LNP+OTH,posterior scenario,False,False,0.08193219912676719,0.004071828438228398,False,0.0,0.75
2022,reference,Geelong,3,OTH,ALP+GRN+LNP,posterior scenario,False,False,0.11134503981146278,0.04470646882712838,False,0.0,0.5000499950005
2022,reference,Geelong,4,GRN,ALP+LNP,posterior scenario,False,False,0.1947910098440005,0.13158671783453918,False,0.0,0.9
2022,reference,Gippsland East,1,ON,ALP+GRN+IND+LNP+OTH,full AEC row,False,False,0.004637766176699005,0.017683433422642038,True,0.0,1.0
2022,reference,Gippsland East,2,IND,ALP+GRN+LNP+OTH,posterior scenario,False,False,0.022625722468735628,0.04253912715410176,False,0.0,0.0
2022,reference,Gippsland East,3,GRN,ALP+LNP+OTH,posterior scenario,False,False,0.06798580321520274,0.06409670979857059,False,0.0,0.9
2022,reference,Gippsland East,4,OTH,ALP+LNP,posterior scenario,False,False,0.14076386675690652,0.07698293418528651,False,0.0,0.4
2022,reference,Gippsland South,1,ON,ALP+GRN+IND+LNP+OTH,full AEC row,False,False,0.004288006884195903,0.045128138306573556,True,0.0,1.0
2022,reference,Gippsland South,2,IND,ALP+GRN+LNP+OTH,posterior scenario,False,False,0.0496977023263835,0.0375337277260404,False,0.0,0.75002499750025
2022,reference,Gippsland South,3,GRN,ALP+LNP+OTH,posterior scenario,False,False,0.09366033508419805,3.5198211005907365e-05,False,0.0,0.9
2022,reference,Gippsland South,4,OTH,ALP+LNP,posterior scenario,False,False,0.10291018110461679,0.20164900254453055,False,0.0,0.2073
2022,reference,Glen Waverley,1,IND,ALP+GRN+LNP+ON+OTH,ideology prior,False,False,9.894388520464058e-10,0.0014749504886148893,True,0.24097748815165881,0.0
2022,reference,Glen Waverley,2,ON,ALP+GRN+LNP+OTH,federal ON evidence trial,False,False,0.0014749517164862305,0.08599851100030766,True,0.0,0.94
2022,reference,Glen Waverley,3,OTH,ALP+GRN+LNP,posterior scenario,False,False,0.08780344181319163,0.006049465680090391,False,0.0,0.6000399960004
2022,reference,Glen Waverley,4,GRN,ALP+LNP,posterior scenario,False,False,0.128586618743918,0.2963409390065356,False,0.0,0.9500000000000001
2022,reference,Greenvale,1,ON,ALP+GRN+IND+LNP+OTH,full AEC row,False,False,0.002054967141202229,0.05662705869894046,True,0.0,1.0
2022,reference,Greenvale,2,IND,ALP+GRN+LNP+OTH,posterior scenario,False,False,0.05883165936984188,0.0035095877153915184,False,0.0,0.8500000000000001
2022,reference,Greenvale,3,GRN,ALP+LNP+OTH,posterior scenario,False,False,0.06978752249203608,0.12813779379478696,False,0.0,0.95000499950005
2022,reference,Greenvale,4,OTH,ALP+LNP,posterior scenario,False,False,0.22345247485084513,0.051963238829844605,False,0.0,0.5
2022,reference,Hastings,1,ON,ALP+GRN+IND+LNP+OTH,full AEC row,False,False,0.0035765564197238822,0.005680671719816894,True,0.0,1.0
2022,reference,Hastings,2,IND,ALP+GRN+LNP+OTH,posterior scenario,False,False,0.009492070342012732,0.09171671094360975,False,0.0,0.75
2022,reference,Hastings,3,GRN,ALP+LNP+OTH,posterior scenario,False,False,0.10230963357906478,0.015505355272274757,False,0.0,0.9
2022,reference,Hastings,4,OTH,ALP+LNP,posterior scenario,False,False,0.127356821171071,0.300224130754785,False,0.0,0.258
2022,reference,Hawthorn,1,ON,ALP+GRN+IND+LNP+OTH,full AEC row,False,False,0.0010046559612420112,0.06378696080791106,True,0.0,1.0
2022,reference,Hawthorn,2,OTH,ALP+GRN+IND+LNP,posterior scenario,False,False,0.0649686486565966,0.06316314400889356,False,0.0,0.7
2022,reference,Hawthorn,3,GRN,ALP+IND+LNP,posterior scenario,False,False,0.1460323681845199,0.021917884130533666,False,0.0,0.95000499950005
2022,reference,Hawthorn,4,IND,ALP+LNP,posterior scenario,False,False,0.23342433117919004,0.0824388979831912,False,0.0,0.85
2022,reference,Ivanhoe,1,ON,ALP+GRN+IND+LNP+OTH,full AEC row,False,False,0.0019710914208744975,0.011144735810823932,True,0.0,1.0
2022,reference,Ivanhoe,2,IND,ALP+GRN+LNP+OTH,posterior scenario,False,False,0.013259353306033951,0.05666617283791149,False,0.0,0.84998499849985
2022,reference,Ivanhoe,3,OTH,ALP+GRN+LNP,posterior scenario,False,False,0.07327688042670841,0.11401433149420087,False,0.0,0.6
2022,reference,Ivanhoe,4,GRN,ALP+LNP,posterior scenario,False,False,0.21601346102875868,0.1271607614106266,False,0.0,0.95
2022,reference,Kalkallo,1,ON,ALP+GRN+IND+LNP+OTH,full AEC row,False,False,0.002482927388392318,0.01431688813716557,True,0.0,1.0
2022,reference,Kalkallo,2,IND,ALP+GRN+LNP+OTH,posterior scenario,False,False,0.016987930336406613,0.039984190542108985,False,0.0,0.7499749974997499
2022,reference,Kalkallo,3,GRN,ALP+LNP+OTH,posterior scenario,False,False,0.05904598667494221,0.1014455323608395,False,0.0,0.9
2022,reference,Kalkallo,4,OTH,ALP+LNP,posterior scenario,False,False,0.17515136755219238,0.07764052704241195,False,0.0,0.45
2022,reference,Kew,1,ON,ALP+GRN+IND+LNP+OTH,full AEC row,False,False,0.0010392323903291405,0.04930202103519169,True,0.0,1.0
2022,reference,Kew,2,OTH,ALP+GRN+IND+LNP,posterior scenario,False,False,0.05052437807579909,0.04858108644351964,False,0.0,0.7
2022,reference,Kew,3,GRN,ALP+IND+LNP,posterior scenario,False,False,0.11337871477518943,0.06353225586916492,False,0.0,0.9500000000000001
2022,reference,Kew,4,IND,ALP+LNP,posterior scenario,False,False,0.22379647465405306,0.06910073453273269,False,0.0,0.85
2022,reference,Kororoit,1,ON,ALP+GRN+IND+LNP+OTH,full AEC row,False,False,0.0026911867366402197,0.014918163286687849,True,0.0,1.0
2022,reference,Kororoit,2,IND,ALP+GRN+LNP+OTH,posterior scenario,False,False,0.017805310222597986,0.0535179721867281,False,0.0,0.84998499849985
2022,reference,Kororoit,3,GRN,ALP+LNP+OTH,posterior scenario,False,False,0.0734657026821714,0.13893333726911622,False,0.0,0.95
2022,reference,Kororoit,4,OTH,ALP+LNP,posterior scenario,False,False,0.2375723734948403,0.007320576881282459,False,0.0,0.5
2022,reference,Lara,1,ON,ALP+GRN+IND+LNP+OTH,full AEC row,False,False,0.004720877007826687,0.014662652493201494,True,0.0,1.0
2022,reference,Lara,2,IND,ALP+GRN+LNP+OTH,posterior scenario,False,False,0.019741198794749424,0.08463253091570484,False,0.0,0.7499749974997499
2022,reference,Lara,3,GRN,ALP+LNP+OTH,posterior scenario,False,False,0.1098482221238972,0.043935905996862645,False,0.0,0.8999999999999999
2022,reference,Lara,4,OTH,ALP+LNP,posterior scenario,False,False,0.16489434817992907,0.08327493877651496,False,0.0,0.3065
2022,reference,Laverton,1,ON,ALP+GRN+IND+LNP+OTH,full AEC row,False,False,0.002628872656348682,0.020512024807477613,True,0.0,1.0
2022,reference,Laverton,2,IND,ALP+GRN+LNP+OTH,posterior scenario,False,False,0.023332320230065276,0.08011256168375404,False,0.0,0.84998499849985
2022,reference,Laverton,3,GRN,ALP+LNP+OTH,posterior scenario,False,False,0.106441520771296,0.09059102652998345,False,0.0,0.95
2022,reference,Laverton,4,OTH,ALP+LNP,posterior scenario,False,False,0.20802485902411944,0.026869495544830924,False,0.0,0.31489999999999996
2022,reference,Lowan,1,ON,ALP+GRN+IND+LNP+OTH,full AEC row,False,False,0.0038674576035303636,0.03799869762105378,True,0.0,1.0
2022,reference,Lowan,2,IND,ALP+GRN+LNP+OTH,posterior scenario,False,False,0.042120098446777214,0.017837595682414602,False,0.0,0.75
2022,reference,Lowan,3,GRN,ALP+LNP+OTH,posterior scenario,False,False,0.06263989131883049,0.05030064339171329,False,0.0,0.7507
2022,reference,Lowan,4,OTH,ALP+LNP,posterior scenario,False,False,0.11893656618037073,0.12189502186675084,False,0.0,0.22657734226577342
2022,reference,Macedon,1,ON,ALP+GRN+IND+LNP+OTH,full AEC row,False,False,0.0032345996956772293,0.04637222685575896,True,0.0,1.0
2022,reference,Macedon,2,IND,ALP+GRN+LNP+OTH,posterior scenario,False,False,0.04981921534878853,0.04538272507217012,False,0.0,0.75
2022,reference,Macedon,3,OTH,ALP+GRN+LNP,posterior scenario,False,False,0.10415504753071698,0.02890220142773374,False,0.0,0.39999999999999997
2022,reference,Macedon,4,GRN,ALP+LNP,posterior scenario,False,False,0.1676412343968643,0.216830012567919,False,0.0,0.9
2022,reference,Malvern,1,ON,ALP+GRN+IND+LNP+OTH,full AEC row,False,False,0.0012061519796098283,0.009757229341057879,True,0.0,1.0
2022,reference,Malvern,2,IND,ALP+GRN+LNP+OTH,posterior scenario,False,False,0.011117471221146496,0.06222415023847018,False,0.0,0.85
2022,reference,Malvern,3,OTH,ALP+GRN+LNP,posterior scenario,False,False,0.07549344352608632,0.07784262163321744,False,0.0,0.7000000000000001
2022,reference,Malvern,4,GRN,ALP+LNP,posterior scenario,False,False,0.18703726716677033,0.08638736725896118,False,0.0,0.95
2022,reference,Melbourne,1,ON,ALP+GRN+IND+LNP+OTH,full AEC row,False,False,0.0017955196572406445,0.007247815233924884,True,0.0,1.0
2022,reference,Melbourne,2,IND,ALP+GRN+LNP+OTH,posterior scenario,False,False,0.00927271845971169,0.12295415105895298,False,0.0,0.84998499849985
2022,reference,Melbourne,3,OTH,ALP+GRN+LNP,posterior scenario,False,False,0.13567942380418851,0.042532532804722856,False,0.0,0.7
2022,reference,Melbourne,4,LNP,ALP+GRN,posterior scenario,False,False,0.20326193960491076,0.139172783771593,False,0.0,0.8
2022,reference,Melton,1,ON,ALP+GRN+IND+LNP+OTH,full AEC row,False,False,0.0037311857901750492,0.044065447521356015,True,0.0,1.0
2022,reference,Melton,2,GRN,ALP+IND+LNP+OTH,posterior scenario,False,False,0.04781519642491502,0.11910678811079864,False,0.0,0.8999999999999999
2022,reference,Melton,3,OTH,ALP+IND+LNP,posterior scenario,False,False,0.1715991011971215,0.061820386178230435,False,0.0,0.3978
2022,reference,Melton,4,IND,ALP+LNP,posterior scenario,False,False,0.2954387839191791,0.012751530579868331,False,0.0,0.75
2022,reference,Mildura,1,ON,ALP+GRN+IND+LNP+OTH,full AEC row,False,False,0.003994039429955762,0.022557634281370104,True,0.0,1.0
2022,reference,Mildura,2,GRN,ALP+IND+LNP+OTH,posterior scenario,False,False,0.02657154455426097,0.03679327227087821,False,0.0,0.9000099990001
2022,reference,Mildura,3,OTH,ALP+IND+LNP,posterior scenario,False,False,0.06816091217963059,0.05606149604185613,False,0.0,0.39999999999999997
2022,reference,Mildura,4,ALP,IND+LNP,posterior scenario,False,False,0.13796814215386005,0.27858709779896734,False,0.0,0.75
2022,reference,Mill Park,1,IND,ALP+GRN+LNP+ON+OTH,ideology prior,False,False,1.0261886015669724e-09,0.0034602475878400176,True,0.24097748815165881,0.0
2022,reference,Mill Park,2,ON,ALP+GRN+LNP+OTH,federal ON evidence trial,False,False,0.003460248861316971,0.06859288541757405,True,0.0,0.94
2022,reference,Mill Park,3,GRN,ALP+LNP+OTH,posterior scenario,False,False,0.0723341007990051,0.09819212718311737,False,0.0,0.9500000000000001
2022,reference,Mill Park,4,OTH,ALP+LNP,posterior scenario,False,False,0.1847000370710688,0.07888829889189336,False,0.0,0.5
2022,reference,Monbulk,1,ON,ALP+GRN+IND+LNP+OTH,full AEC row,False,False,0.0026842980467687424,0.08205520190407568,True,0.0,1.0
2022,reference,Monbulk,2,IND,ALP+GRN+LNP+OTH,posterior scenario,False,False,0.08494287127039657,0.006094584617288151,False,0.0,0.7499749974997499
2022,reference,Monbulk,3,OTH,ALP+GRN+LNP,posterior scenario,False,False,0.10162809180020742,0.06887771438513017,False,0.0,0.25229999999999997
2022,reference,Monbulk,4,GRN,ALP+LNP,posterior scenario,False,False,0.20731948023430677,0.17529950972652827,False,0.0,0.9
2022,reference,Mordialloc,1,ON,ALP+GRN+IND+LNP+OTH,full AEC row,False,False,0.0025644404620145003,0.06464602445192445,True,0.0,1.0
2022,reference,Mordialloc,2,IND,ALP+GRN+LNP+OTH,posterior scenario,False,False,0.06739719601554195,0.015083276496409087,False,0.0,0.8500000000000001
2022,reference,Mordialloc,3,OTH,ALP+GRN+LNP,posterior scenario,False,False,0.09045300378891587,0.021688755841183502,False,0.0,0.3657
2022,reference,Mordialloc,4,GRN,ALP+LNP,posterior scenario,False,False,0.14697357866210806,0.22085165680085608,False,0.0,0.9500000000000001
2022,reference,Mornington,1,ON,ALP+GRN+IND+LNP+OTH,full AEC row,False,False,0.0022765986615822546,0.06093266515948177,True,0.0,1.0
2022,reference,Mornington,2,OTH,ALP+GRN+IND+LNP,posterior scenario,False,False,0.0636232222109267,0.008687001895078678,False,0.0,0.45
2022,reference,Mornington,3,GRN,ALP+IND+LNP,posterior scenario,False,False,0.08608608759422001,0.10955153008722604,False,0.0,0.8999899989999001
2022,reference,Mornington,4,IND,ALP+LNP,posterior scenario,False,False,0.23107885959008428,0.043468098052773296,False,0.0,0.0
2022,reference,Morwell,1,ON,ALP+GRN+IND+LNP+OTH,full AEC row,False,False,0.0054528348553121,0.036752476940536696,True,0.0,1.0
2022,reference,Morwell,2,GRN,ALP+IND+LNP+OTH,posterior scenario,False,False,0.042232440327467265,0.09610032066997415,False,0.0,0.9
2022,reference,Morwell,3,IND,ALP+LNP+OTH,posterior scenario,False,False,0.14275400505072924,0.015922234040398248,False,0.0,0.75
2022,reference,Morwell,4,OTH,ALP+LNP,posterior scenario,False,False,0.20879445421506912,0.1820423432927529,False,0.0,0.5
2022,reference,Mulgrave,1,ON,ALP+GRN+IND+LNP+OTH,full AEC row,False,False,0.0025157690937321086,0.052228525936191275,True,0.0,1.0
2022,reference,Mulgrave,2,GRN,ALP+IND+LNP+OTH,posterior scenario,False,False,0.05490305715719774,0.01750524706356727,False,0.0,0.9500000000000001
2022,reference,Mulgrave,3,OTH,ALP+IND+LNP,posterior scenario,False,False,0.07478210788614864,0.09356390015429383,False,0.0,0.5064
2022,reference,Mulgrave,4,IND,ALP+LNP,posterior scenario,False,False,0.19483830620718787,0.03721243871581295,False,0.0,0.0
2022,reference,Murray Plains,1,ON,ALP+GRN+IND+LNP+OTH,full AEC row,False,False,0.004391404121111984,0.014346975848599085,True,0.0,1.0
2022,reference,Murray Plains,2,IND,ALP+GRN+LNP+OTH,posterior scenario,False,False,0.019026726327134386,0.022763487130609213,False,0.0,0.75
2022,reference,Murray Plains,3,GRN,ALP+LNP+OTH,posterior scenario,False,False,0.04412969998686682,0.11105121727710489,False,0.0,0.9
2022,reference,Murray Plains,4,OTH,ALP+LNP,posterior scenario,False,False,0.16515881997194182,0.031530449097707636,False,0.0,0.4
2022,reference,Narracan,1,ON,ALP+GRN+IND+LNP+OTH,full AEC row,False,False,0.00368229290512895,0.009049665414349966,True,0.0,1.0
2022,reference,Narracan,2,OTH,ALP+GRN+IND+LNP,posterior scenario,False,False,0.013438714540378984,0.04853716826418834,False,0.0,0.0
2022,reference,Narracan,3,IND,ALP+GRN+LNP,posterior scenario,False,False,0.0646009988268162,0.089932657246156,False,0.0,0.0
2022,reference,Narracan,4,GRN,ALP+LNP,posterior scenario,False,False,0.17148484065215425,0.11964173476742446,False,0.0,0.0
2022,reference,Narre Warren North,1,ON,ALP+GRN+IND+LNP+OTH,full AEC row,False,False,0.003727889048727635,0.011998934899297427,True,0.0,1.0
2022,reference,Narre Warren North,2,IND,ALP+GRN+LNP+OTH,posterior scenario,False,False,0.01599827217972853,0.05175870382342436,False,0.0,0.8500149985001499
2022,reference,Narre Warren North,3,GRN,ALP+LNP+OTH,posterior scenario,False,False,0.06993630062643576,0.09274501817946755,False,0.0,0.9500000000000001
2022,reference,Narre Warren North,4,OTH,ALP+LNP,posterior scenario,False,False,0.17739664016334128,0.1274881102965416,False,0.0,0.5
2022,reference,Narre Warren South,1,ON,ALP+GRN+IND+LNP+OTH,full AEC row,False,False,0.0035392292666361525,0.003851605187594785,True,0.0,1.0
2022,reference,Narre Warren South,2,IND,ALP+GRN+LNP+OTH,posterior scenario,False,False,0.007648545323160755,0.0590666737848516,False,0.0,0.8499849984998501
2022,reference,Narre Warren South,3,GRN,ALP+LNP+OTH,posterior scenario,False,False,0.06768769709627086,0.08869188070689112,False,0.0,0.9499949994999499
2022,reference,Narre Warren South,4,OTH,ALP+LNP,posterior scenario,False,False,0.17262703882327557,0.13803536850557802,False,0.0,0.5
2022,reference,Nepean,1,ON,ALP+GRN+IND+LNP+OTH,full AEC row,False,False,0.002808026745550097,0.03382669811716441,True,0.0,1.0
2022,reference,Nepean,2,IND,ALP+GRN+LNP+OTH,posterior scenario,False,False,0.03684747027869679,0.03481456482586497,False,0.0,0.75
2022,reference,Nepean,3,OTH,ALP+GRN+LNP,posterior scenario,False,False,0.08232319853149664,0.016491130730617698,False,0.0,0.44999999999999996
2022,reference,Nepean,4,GRN,ALP+LNP,posterior scenario,False,False,0.12810023628716238,0.21585107900004613,False,0.0,0.8999999999999999
2022,reference,Niddrie,1,IND,ALP+GRN+LNP+ON+OTH,ideology prior,False,False,1.0057816847465528e-12,0.0036146667464100565,True,0.24097748815165881,0.0
2022,reference,Niddrie,2,ON,ALP+GRN+LNP+OTH,federal ON evidence trial,False,False,0.003614666747658209,0.07140160251019881,True,0.0,0.94
2022,reference,Niddrie,3,GRN,ALP+LNP+OTH,posterior scenario,False,False,0.07530977422495079,0.05811299353585382,False,0.0,0.95
2022,reference,Niddrie,4,OTH,ALP+LNP,posterior scenario,False,False,0.14027288922013406,0.2147246200509321,False,0.0,0.43879999999999997
2022,reference,Northcote,1,ON,ALP+GRN+IND+LNP+OTH,full AEC row,False,False,0.0023373221277564224,0.007470348820300747,True,0.0,1.0
2022,reference,Northcote,2,IND,ALP+GRN+LNP+OTH,posterior scenario,False,False,0.010106271572307991,0.10912928809498065,False,0.0,0.8500149985001499
2022,reference,Northcote,3,LNP,ALP+GRN+OTH,ideology prior,False,False,0.12016841406420883,0.036114372832468655,False,0.0,0.8
2022,reference,Northcote,4,OTH,ALP+GRN,ideology prior,False,False,0.18549023230140366,0.19592640304440312,False,0.0,0.5543
2022,reference,Oakleigh,1,ON,ALP+GRN+IND+LNP+OTH,full AEC row,False,False,0.002525756270731484,0.020093828908273482,True,0.0,1.0
2022,reference,Oakleigh,2,IND,ALP+GRN+LNP+OTH,posterior scenario,False,False,0.022803499470563083,0.046645050714909694,False,0.0,0.85
2022,reference,Oakleigh,3,OTH,ALP+GRN+LNP,posterior scenario,False,False,0.07215878017170523,0.08925281155488081,False,0.0,0.40259999999999996
2022,reference,Oakleigh,4,GRN,ALP+LNP,posterior scenario,False,False,0.1897991877738961,0.13892317432319445,False,0.0,0.9500000000000001
2022,reference,Ovens Valley,1,ON,ALP+GRN+IND+LNP+OTH,full AEC row,False,False,0.0033177208164220907,0.04539713521209315,True,0.0,1.0
2022,reference,Ovens Valley,2,IND,ALP+GRN+LNP+OTH,posterior scenario,False,False,0.04893270268666352,0.03206577442594521,False,0.0,0.0
2022,reference,Ovens Valley,3,GRN,ALP+LNP+OTH,posterior scenario,False,False,0.08714535711291582,0.09918874967565408,False,0.0,0.9
2022,reference,Ovens Valley,4,OTH,ALP+LNP,posterior scenario,False,False,0.19553714417797435,0.06873250580765022,False,0.0,0.3241
2022,reference,Pakenham,1,ON,ALP+GRN+IND+LNP+OTH,full AEC row,False,False,0.003653403774982029,0.06752493401554943,True,0.0,1.0
2022,reference,Pakenham,2,GRN,ALP+IND+LNP+OTH,posterior scenario,False,False,0.07119651392871544,0.0018088394665749241,False,0.0,0.8999899989999
2022,reference,Pakenham,3,IND,ALP+LNP+OTH,posterior scenario,False,False,0.08410790689630092,0.0827190031440856,False,0.0,0.75
2022,reference,Pakenham,4,OTH,ALP+LNP,posterior scenario,False,False,0.18346988129387354,0.2193518988248339,False,0.0,0.2484
2022,reference,Pascoe Vale,1,ON,ALP+GRN+IND+LNP+OTH,full AEC row,False,False,0.002318246320926535,0.08914454925811897,True,0.0,1.0
2022,reference,Pascoe Vale,2,IND,ALP+GRN+LNP+OTH,posterior scenario,False,False,0.09163159992280229,0.03760317114092773,False,0.0,0.85
2022,reference,Pascoe Vale,3,OTH,ALP+GRN+LNP,posterior scenario,False,False,0.16193473604515965,0.03543002792448216,False,0.0,0.6000000000000001
2022,reference,Pascoe Vale,4,LNP,ALP+GRN,posterior scenario,False,False,0.24529229000697514,0.06449867656743782,False,0.0,0.7
2022,reference,Point Cook,1,ON,ALP+GRN+IND+LNP+OTH,full AEC row,False,False,0.0031752468782149817,0.06834925391553305,True,0.0,1.0
2022,reference,Point Cook,2,GRN,ALP+IND+LNP+OTH,posterior scenario,False,False,0.07172488045111111,0.05392108606633636,False,0.0,0.95
2022,reference,Point Cook,3,IND,ALP+LNP+OTH,posterior scenario,False,False,0.12996380786245815,0.020235989221091294,False,0.0,0.5315
2022,reference,Point Cook,4,OTH,ALP+LNP,posterior scenario,False,False,0.17750895139014347,0.12975097682909217,False,0.0,0.2788
2022,reference,Polwarth,1,ON,ALP+GRN+IND+LNP+OTH,full AEC row,False,False,0.0022828710331007297,0.031127936959639668,True,0.0,1.0
2022,reference,Polwarth,2,IND,ALP+GRN+LNP+OTH,posterior scenario,False,False,0.03356070482043093,0.06575007109745629,False,0.0,0.7499749974997499
2022,reference,Polwarth,3,OTH,ALP+GRN+LNP,posterior scenario,False,False,0.1036717839127226,0.05464236486460512,False,0.0,0.3267
2022,reference,Polwarth,4,GRN,ALP+LNP,posterior scenario,False,False,0.19306068982769084,0.1169456863560959,False,0.0,0.9
2022,reference,Prahran,1,ON,ALP+GRN+IND+LNP+OTH,full AEC row,False,False,0.0016712047152887505,0.006705889739156819,True,0.0,1.0
2022,reference,Prahran,2,IND,ALP+GRN+LNP+OTH,posterior scenario,False,False,0.00859059637842519,0.08895116943768071,False,0.0,0.85001499850015
2022,reference,Prahran,3,OTH,ALP+GRN+LNP,posterior scenario,False,False,0.09996187760729187,0.1515158530528412,False,0.0,0.7
2022,reference,Prahran,4,ALP,GRN+LNP,posterior scenario,False,False,0.2795455700349569,0.06480912816415474,False,0.0,0.9
2022,reference,Preston,1,ON,ALP+GRN+IND+LNP+OTH,full AEC row,False,False,0.003094279891956797,0.12564540006007394,True,0.0,1.0
2022,reference,Preston,2,IND,ALP+GRN+LNP+OTH,posterior scenario,False,False,0.12896499159464894,0.020805376399399972,False,0.0,0.85
2022,reference,Preston,3,OTH,ALP+GRN+LNP,posterior scenario,False,False,0.1660204390768376,0.02515716202062321,False,0.0,0.6000000000000001
2022,reference,Preston,4,LNP,ALP+GRN,posterior scenario,False,False,0.24956530086596257,0.012106942006615717,False,0.0,0.7000000000000001
2022,reference,Richmond,1,ON,ALP+GRN+IND+LNP+OTH,full AEC row,False,False,0.0016337250375932034,0.035661824555791824,True,0.0,1.0
2022,reference,Richmond,2,IND,ALP+GRN+LNP+OTH,posterior scenario,False,False,0.0375042633647075,0.09511568653830771,False,0.0,0.8500149985001499
2022,reference,Richmond,3,OTH,ALP+GRN+LNP,posterior scenario,False,False,0.14528692283600422,0.0008691633563799595,False,0.0,0.7000299970003
2022,reference,Richmond,4,LNP,ALP+GRN,posterior scenario,False,False,0.17300761059988873,0.2152092545280626,False,0.0,0.8
2022,reference,Ringwood,1,IND,ALP+GRN+LNP+ON+OTH,ideology prior,False,False,1.0055779263577865e-12,0.0016525445555308513,True,0.24097748815165876,0.0
2022,reference,Ringwood,2,ON,ALP+GRN+LNP+OTH,federal ON evidence trial,False,False,0.0016525445567787509,0.10080068233132465,True,0.0,0.94
2022,reference,Ringwood,3,OTH,ALP+GRN+LNP,posterior scenario,False,False,0.10282293741843407,0.05043482469282776,False,0.0,0.5
2022,reference,Ringwood,4,GRN,ALP+LNP,posterior scenario,False,False,0.19432044796936473,0.20266766939115213,False,0.0,0.95
2022,reference,Ripon,1,ON,ALP+GRN+IND+LNP+OTH,full AEC row,False,False,0.0039395461229839515,0.016566612452687687,True,0.0,1.0
2022,reference,Ripon,2,IND,ALP+GRN+LNP+OTH,posterior scenario,False,False,0.02076483524106948,0.03694820019853716,False,0.0,0.75
2022,reference,Ripon,3,GRN,ALP+LNP+OTH,posterior scenario,False,False,0.05917879380591011,0.12612358299481174,False,0.0,0.9
2022,reference,Ripon,4,OTH,ALP+LNP,posterior scenario,False,False,0.19506111817998065,0.18040815639894517,False,0.0,0.4
2022,reference,Rowville,1,ON,ALP+GRN+IND+LNP+OTH,full AEC row,False,False,0.0019421694667378776,0.06638047418845536,True,0.0,1.0
2022,reference,Rowville,2,OTH,ALP+GRN+IND+LNP,posterior scenario,False,False,0.06868090792575653,0.009806888450710344,False,0.0,0.5000499950005
2022,reference,Rowville,3,GRN,ALP+IND+LNP,posterior scenario,False,False,0.09611548266015671,0.020780793767147338,False,0.0,0.95
2022,reference,Rowville,4,IND,ALP+LNP,posterior scenario,False,False,0.1379667176686056,0.2551031987654938,False,0.0,0.85
2022,reference,Sandringham,1,ON,ALP+GRN+IND+LNP+OTH,full AEC row,False,False,0.0015875836957654473,0.07516563125047432,True,0.0,1.0
2022,reference,Sandringham,2,IND,ALP+GRN+LNP+OTH,posterior scenario,False,False,0.0768688157007858,0.011331665726959803,False,0.0,0.8500000000000001
2022,reference,Sandringham,3,OTH,ALP+GRN+LNP,posterior scenario,False,False,0.0972831325086485,0.05312165015154266,False,0.0,0.48295170482951705
2022,reference,Sandringham,4,GRN,ALP+LNP,posterior scenario,False,False,0.1888069561859483,0.11894134327913106,False,0.0,0.95
2022,reference,Shepparton,1,ON,ALP+GRN+IND+LNP+OTH,full AEC row,False,False,0.004003199555529636,0.02146720623391221,True,0.0,1.0
2022,reference,Shepparton,2,GRN,ALP+IND+LNP+OTH,posterior scenario,False,False,0.025490322205141,0.05788585009767104,False,0.0,0.9000099990001
2022,reference,Shepparton,3,OTH,ALP+IND+LNP,posterior scenario,False,False,0.08569699773089297,0.04115229892988613,False,0.0,0.5
2022,reference,Shepparton,4,ALP,IND+LNP,posterior scenario,False,False,0.14399692598595662,0.2362151093655541,False,0.0,0.85
2022,reference,South Barwon,1,IND,ALP+GRN+LNP+ON+OTH,ideology prior,False,False,1.0055915931874106e-12,0.0025760971269689157,True,0.27837820904645477,0.0
2022,reference,South Barwon,2,ON,ALP+GRN+LNP+OTH,federal ON evidence trial,False,False,0.002576097128254442,0.11618484406886771,True,0.0,0.94
2022,reference,South Barwon,3,GRN,ALP+LNP+OTH,posterior scenario,False,False,0.1188365179831246,0.013249025510214632,False,0.0,0.8999999999999999
2022,reference,South Barwon,4,OTH,ALP+LNP,posterior scenario,False,False,0.14283639363404252,0.21799431338208433,False,0.0,0.336966303369663
2022,reference,South-West Coast,1,ON,ALP+GRN+IND+LNP+OTH,full AEC row,False,False,0.002169702789485165,0.05517912261880494,True,0.0,1.0
2022,reference,South-West Coast,2,GRN,ALP+IND+LNP+OTH,posterior scenario,False,False,0.05735961994953133,0.01709801223734124,False,0.0,0.9
2022,reference,South-West Coast,3,OTH,ALP+IND+LNP,posterior scenario,False,False,0.07694747763100315,0.1588159508486048,False,0.0,0.36366363363663634
2022,reference,South-West Coast,4,ALP,IND+LNP,posterior scenario,False,False,0.24986874457237299,0.05169251957390028,False,0.0,0.0
2022,reference,St Albans,1,ON,ALP+GRN+IND+LNP+OTH,full AEC row,False,False,0.0028162228906404552,0.029786021335590652,True,0.0,1.0
2022,reference,St Albans,2,IND,ALP+GRN+LNP+OTH,posterior scenario,False,False,0.03280730899982143,0.04883035968909308,False,0.0,0.84998499849985
2022,reference,St Albans,3,GRN,ALP+LNP+OTH,posterior scenario,False,False,0.0902489487546395,0.1008446296132776,False,0.0,0.95
2022,reference,St Albans,4,OTH,ALP+LNP,posterior scenario,False,False,0.20123664818452844,0.07576009950806187,False,0.0,0.4298
2022,reference,Sunbury,1,ON,ALP+GRN+IND+LNP+OTH,full AEC row,False,False,0.003875612708721239,0.034634873946066305,True,0.0,1.0
2022,reference,Sunbury,2,IND,ALP+GRN+LNP+OTH,posterior scenario,False,False,0.03880411592281704,0.031101698049107514,False,0.0,0.75
2022,reference,Sunbury,3,GRN,ALP+LNP+OTH,posterior scenario,False,False,0.07457778045089722,0.05996319623647636,False,0.0,0.8999999999999999
2022,reference,Sunbury,4,OTH,ALP+LNP,posterior scenario,False,False,0.1423484705822309,0.21111961209572302,False,0.0,0.29712971297129714
2022,reference,Sydenham,1,ON,ALP+GRN+IND+LNP+OTH,full AEC row,False,False,0.0033205066169507604,0.006623404661278675,True,0.0,1.0
2022,reference,Sydenham,2,IND,ALP+GRN+LNP+OTH,posterior scenario,False,False,0.010185695740628763,0.05348493112466712,False,0.0,0.0
2022,reference,Sydenham,3,GRN,ALP+LNP+OTH,posterior scenario,False,False,0.06571457908205179,0.11570137226753154,False,0.0,0.95
2022,reference,Sydenham,4,OTH,ALP+LNP,posterior scenario,False,False,0.19633824109918416,0.11326979489671005,False,0.0,0.5
2022,reference,Tarneit,1,ON,ALP+GRN+IND+LNP+OTH,full AEC row,False,False,0.0029359070391430982,0.032097959717960985,True,0.0,1.0
2022,reference,Tarneit,2,IND,ALP+GRN+LNP+OTH,posterior scenario,False,False,0.03524764639587664,0.04068688023299672,False,0.0,0.8500149985001499
2022,reference,Tarneit,3,GRN,ALP+LNP+OTH,posterior scenario,False,False,0.08039783117086924,0.08023285311018988,False,0.0,0.95
2022,reference,Tarneit,4,OTH,ALP+LNP,posterior scenario,False,False,0.16969787055200464,0.11129139486440215,False,0.0,0.3278672132786722
2022,reference,Thomastown,1,ON,ALP+GRN+IND+LNP+OTH,full AEC row,False,False,0.003049564824040014,0.02717888012738757,True,0.0,1.0
2022,reference,Thomastown,2,IND,ALP+GRN+LNP+OTH,posterior scenario,False,False,0.030450500642498463,0.033918149143174495,False,0.0,0.0
2022,reference,Thomastown,3,GRN,ALP+LNP+OTH,posterior scenario,False,False,0.0705403994806926,0.09402090529870041,False,0.0,0.9500000000000001
2022,reference,Thomastown,4,OTH,ALP+LNP,posterior scenario,False,False,0.19050927424776837,0.0465395360294551,False,0.0,0.5
2022,reference,Warrandyte,1,ON,ALP+GRN+IND+LNP+OTH,full AEC row,False,False,0.001797855415053965,0.008249579762420892,True,0.0,1.0
2022,reference,Warrandyte,2,IND,ALP+GRN+LNP+OTH,posterior scenario,False,False,0.010178346979541893,0.058830827105048666,False,0.0,0.85
2022,reference,Warrandyte,3,OTH,ALP+GRN+LNP,posterior scenario,False,False,0.07200591592988222,0.044802868614988375,False,0.0,0.5
2022,reference,Warrandyte,4,GRN,ALP+LNP,posterior scenario,False,False,0.14532908715118587,0.1907050571167503,False,0.0,0.9500000000000001
2022,reference,Wendouree,1,ON,ALP+GRN+IND+LNP+OTH,full AEC row,False,False,0.0033796737056254796,0.00456639628236453,True,0.0,1.0
2022,reference,Wendouree,2,IND,ALP+GRN+LNP+OTH,posterior scenario,False,False,0.008202125272907463,0.09504092613914876,False,0.0,0.7499749974997499
2022,reference,Wendouree,3,GRN,ALP+LNP+OTH,posterior scenario,False,False,0.10433412483852417,0.011718271042572392,False,0.0,0.8999999999999999
2022,reference,Wendouree,4,OTH,ALP+LNP,posterior scenario,False,False,0.1258108243291907,0.2066341057415685,False,0.0,0.34550000000000003
2022,reference,Werribee,1,ON,ALP+GRN+IND+LNP+OTH,full AEC row,False,False,0.0033899962667088587,0.06442731149248229,True,0.0,1.0
2022,reference,Werribee,2,GRN,ALP+IND+LNP+OTH,posterior scenario,False,False,0.06783417341225935,0.0539864599481685,False,0.0,0.8999999999999999
2022,reference,Werribee,3,IND,ALP+LNP+OTH,posterior scenario,False,False,0.12589928384363244,0.015082284715022015,False,0.0,0.5837583758375837
2022,reference,Werribee,4,OTH,ALP+LNP,posterior scenario,False,False,0.16744451779888236,0.1379136746275646,False,0.0,0.2038
2022,reference,Williamstown,1,ON,ALP+GRN+IND+LNP+OTH,full AEC row,False,False,0.002782089552682049,0.03401224478777744,True,0.0,1.0
2022,reference,Williamstown,2,IND,ALP+GRN+LNP+OTH,posterior scenario,False,False,0.03714975547274045,0.09463528297724595,False,0.0,0.0
2022,reference,Williamstown,3,OTH,ALP+GRN+LNP,posterior scenario,False,False,0.1376398738566974,0.024148504046044683,False,0.0,0.6999699969997
2022,reference,Williamstown,4,GRN,ALP+LNP,posterior scenario,False,False,0.22235056854234217,0.0843708211668581,False,0.0,0.95
2022,reference,Yan Yean,1,IND,ALP+GRN+LNP+ON+OTH,ideology prior,False,False,9.879793170826182e-10,0.003030975505731898,True,0.2717267726161369,0.0
2022,reference,Yan Yean,2,ON,ALP+GRN+LNP+OTH,federal ON evidence trial,False,False,0.003030976762171647,0.059865914635863104,True,0.0,0.94
2022,reference,Yan Yean,3,GRN,ALP+LNP+OTH,posterior scenario,False,False,0.06298581334510134,0.1117772962284054,False,0.0,0.8999999999999999
2022,reference,Yan Yean,4,OTH,ALP+LNP,posterior scenario,False,False,0.18897344066766192,0.14207351033634397,False,0.0,0.45
2022,no_geography,Albert Park,1,ON,ALP+GRN+IND+LNP+OTH,full AEC row,False,False,0.001879361927681205,0.044025850562384915,True,0.0,1.0
2022,no_geography,Albert Park,2,IND,ALP+GRN+LNP+OTH,posterior scenario,False,False,0.04609314868283424,0.044960854392007525,False,0.0,0.84998499849985
2022,no_geography,Albert Park,3,OTH,ALP+GRN+LNP,posterior scenario,False,False,0.09659674104840459,0.11145856573004982,False,0.0,0.5441
2022,no_geography,Albert Park,4,GRN,ALP+LNP,posterior scenario,False,False,0.2454161689453865,0.10030702713086678,False,0.0,0.9500000000000001
2022,no_geography,Ashwood,1,ON,ALP+GRN+IND+LNP+OTH,full AEC row,False,False,0.0015288314637249487,0.018208511179862948,True,0.0,1.0
2022,no_geography,Ashwood,2,IND,ALP+GRN+LNP+OTH,posterior scenario,False,False,0.019829072531411394,0.02705324501202647,False,0.0,0.8500000000000001
2022,no_geography,Ashwood,3,OTH,ALP+GRN+LNP,posterior scenario,False,False,0.05204724012107198,0.0966983093495973,False,0.0,0.6
2022,no_geography,Ashwood,4,GRN,ALP+LNP,posterior scenario,False,False,0.1685782423419273,0.2372564969276671,False,0.0,0.95
2022,no_geography,Bass,1,ON,ALP+GRN+IND+LNP+OTH,full AEC row,False,False,0.0036566563773449147,0.04947193996301614,True,0.0,1.0
2022,no_geography,Bass,2,IND,ALP+GRN+LNP+OTH,posterior scenario,False,False,0.0533114291592283,0.026891214499905385,False,0.0,0.75
2022,no_geography,Bass,3,GRN,ALP+LNP+OTH,posterior scenario,False,False,0.09502890767690828,0.030246213688410656,False,0.0,0.9
2022,no_geography,Bass,4,OTH,ALP+LNP,posterior scenario,False,False,0.1370746870557601,0.285604562518003,False,0.0,0.31643164316431643
2022,no_geography,Bayswater,1,ON,ALP+GRN+IND+LNP+OTH,full AEC row,False,False,0.0022738950122957492,0.013246327068472471,True,0.0,1.0
2022,no_geography,Bayswater,2,IND,ALP+GRN+LNP+OTH,posterior scenario,False,False,0.015656655781505966,0.06595327607547777,False,0.0,0.85001499850015
2022,no_geography,Bayswater,3,GRN,ALP+LNP+OTH,posterior scenario,False,False,0.08671436666612935,0.04122974330482847,False,0.0,0.95
2022,no_geography,Bayswater,4,OTH,ALP+LNP,posterior scenario,False,False,0.13691510874105126,0.2782717833126692,False,0.0,0.35696430356964304
2022,no_geography,Bellarine,1,ON,ALP+GRN+IND+LNP+OTH,full AEC row,False,False,0.001994058485474365,0.032373835663584594,True,0.0,1.0
2022,no_geography,Bellarine,2,IND,ALP+GRN+LNP+OTH,posterior scenario,False,False,0.03448753765818742,0.05117837163452087,False,0.0,0.75
2022,no_geography,Bellarine,3,OTH,ALP+GRN+LNP,posterior scenario,False,False,0.08980843916423295,0.030316510195749338,False,0.0,0.3176
2022,no_geography,Bellarine,4,GRN,ALP+LNP,posterior scenario,False,False,0.15497046153909472,0.22168722783452527,False,0.0,0.8999999999999999
2022,no_geography,Benambra,1,ON,ALP+GRN+IND+LNP+OTH,full AEC row,False,False,0.003519643372885041,0.0361852863430925,True,0.0,1.0
2022,no_geography,Benambra,2,GRN,ALP+IND+LNP+OTH,posterior scenario,False,False,0.03981051901716409,0.05990619705355586,False,0.0,0.9
2022,no_geography,Benambra,3,OTH,ALP+IND+LNP,posterior scenario,False,False,0.10146178898437047,0.04498099827731519,False,0.0,0.3197
2022,no_geography,Benambra,4,ALP,IND+LNP,posterior scenario,False,False,0.16883449811102538,0.20325855220962122,False,0.0,0.75
2022,no_geography,Bendigo East,1,ON,ALP+GRN+IND+LNP+OTH,full AEC row,False,False,0.002670017018965396,0.025734440746554586,True,0.0,1.0
2022,no_geography,Bendigo East,2,IND,ALP+GRN+LNP+OTH,posterior scenario,False,False,0.028564658786657905,0.050726631988101505,False,0.0,0.75002499750025
2022,no_geography,Bendigo East,3,OTH,ALP+GRN+LNP,posterior scenario,False,False,0.08949112322282068,0.008624136885051287,False,0.0,0.5
2022,no_geography,Bendigo East,4,GRN,ALP+LNP,posterior scenario,False,False,0.13222489857781378,0.22503395224340855,False,0.0,0.8999999999999999
2022,no_geography,Bendigo West,1,ON,ALP+GRN+IND+LNP+OTH,full AEC row,False,False,0.0025290177158896372,0.02239240964283155,True,0.0,1.0
2022,no_geography,Bendigo West,2,IND,ALP+GRN+LNP+OTH,posterior scenario,False,False,0.025073168421674567,0.09677754051384924,False,0.0,0.7499749974997499
2022,no_geography,Bendigo West,3,GRN,ALP+LNP+OTH,posterior scenario,False,False,0.1271288997644898,0.014157108572340538,False,0.0,0.9
2022,no_geography,Bendigo West,4,OTH,ALP+LNP,posterior scenario,False,False,0.15421356260698438,0.126953809327283,False,0.0,0.3674
2022,no_geography,Bentleigh,1,ON,ALP+GRN+IND+LNP+OTH,full AEC row,False,False,0.0021026935370825365,0.017604116535669838,True,0.0,1.0
2022,no_geography,Bentleigh,2,IND,ALP+GRN+LNP+OTH,posterior scenario,False,False,0.019832971684977326,0.05534401996811783,False,0.0,0.8500000000000001
2022,no_geography,Bentleigh,3,OTH,ALP+GRN+LNP,posterior scenario,False,False,0.08062626416877416,0.02684230582961819,False,0.0,0.5999599959995999
2022,no_geography,Bentleigh,4,GRN,ALP+LNP,posterior scenario,False,False,0.1381953327043953,0.25257565129991477,False,0.0,0.95
2022,no_geography,Berwick,1,IND,ALP+GRN+LNP+ON+OTH,ideology prior,False,False,1.0059024844665148e-12,0.003204272317153752,True,0.2165,0.0
2022,no_geography,Berwick,2,ON,ALP+GRN+LNP+OTH,federal ON evidence trial,False,False,0.0032042723183774323,0.08463055139974703,True,0.0,0.94
2022,no_geography,Berwick,3,OTH,ALP+GRN+LNP,posterior scenario,False,False,0.08853994694134605,0.004802547145359798,False,0.0,0.44999999999999996
2022,no_geography,Berwick,4,GRN,ALP+LNP,posterior scenario,False,False,0.1278095906706599,0.25143733665136214,False,0.0,0.9
2022,no_geography,Box Hill,1,ON,ALP+GRN+IND+LNP+OTH,full AEC row,False,False,0.0013640752841659728,0.013414709870467705,True,0.0,1.0
2022,no_geography,Box Hill,2,IND,ALP+GRN+LNP+OTH,posterior scenario,False,False,0.014860629671683636,0.058106906499306624,False,0.0,0.8500000000000001
2022,no_geography,Box Hill,3,OTH,ALP+GRN+LNP,posterior scenario,False,False,0.07909021926782457,0.06555060681173912,False,0.0,0.5999599959995999
2022,no_geography,Box Hill,4,GRN,ALP+LNP,posterior scenario,False,False,0.17375543192664583,0.23663036514460506,False,0.0,0.9500000000000001
2022,no_geography,Brighton,1,ON,ALP+GRN+IND+LNP+OTH,full AEC row,False,False,0.0013695321985602146,0.08038937477787861,True,0.0,1.0
2022,no_geography,Brighton,2,OTH,ALP+GRN+IND+LNP,posterior scenario,False,False,0.08203281341615087,0.01477456644952882,False,0.0,0.7
2022,no_geography,Brighton,3,IND,ALP+GRN+LNP,posterior scenario,False,False,0.11296567324165645,0.05094466601555876,False,0.0,0.85
2022,no_geography,Brighton,4,GRN,ALP+LNP,posterior scenario,False,False,0.206713347994305,0.08217288423556376,False,0.0,0.95
2022,no_geography,Broadmeadows,1,ON,ALP+GRN+IND+LNP+OTH,full AEC row,False,False,0.002626057424493797,0.07261774540270334,True,0.0,1.0
2022,no_geography,Broadmeadows,2,IND,ALP+GRN+LNP+OTH,posterior scenario,False,False,0.07540136627266678,0.00796588087214005,False,0.0,0.8500000000000001
2022,no_geography,Broadmeadows,3,GRN,ALP+LNP+OTH,posterior scenario,False,False,0.09116972715957863,0.10737769560896152,False,0.0,0.95
2022,no_geography,Broadmeadows,4,OTH,ALP+LNP,posterior scenario,False,False,0.21049511909463428,0.02731449112561049,False,0.0,0.27849999999999997
2022,no_geography,Brunswick,1,ON,ALP+GRN+IND+LNP+OTH,full AEC row,False,False,0.0016348796498045076,0.018165781743925958,True,0.0,1.0
2022,no_geography,Brunswick,2,IND,ALP+GRN+LNP+OTH,posterior scenario,False,False,0.019964149358710916,0.0827562348197105,False,0.0,0.85
2022,no_geography,Brunswick,3,LNP,ALP+GRN+OTH,ideology prior,False,False,0.10886858838203073,0.04512618290393319,False,0.0,0.8
2022,no_geography,Brunswick,4,OTH,ALP+GRN,ideology prior,False,False,0.18466215110195883,0.14626127071498074,False,0.0,0.633036696330367
2022,no_geography,Bulleen,1,ON,ALP+GRN+IND+LNP+OTH,full AEC row,False,False,0.001583003184080514,0.008752511458791265,True,0.0,1.0
2022,no_geography,Bulleen,2,IND,ALP+GRN+LNP+OTH,posterior scenario,False,False,0.01043049483391661,0.05652648929607374,False,0.0,0.85001499850015
2022,no_geography,Bulleen,3,OTH,ALP+GRN+LNP,posterior scenario,False,False,0.07098298096026286,0.041250148619003654,False,0.0,0.6
2022,no_geography,Bulleen,4,GRN,ALP+LNP,posterior scenario,False,False,0.1386254561687403,0.19970090030612317,False,0.0,0.95
2022,no_geography,Bundoora,1,ON,ALP+GRN+IND+LNP+OTH,full AEC row,False,False,0.0019752186548963545,0.004720917636255902,True,0.0,1.0
2022,no_geography,Bundoora,2,IND,ALP+GRN+LNP+OTH,posterior scenario,False,False,0.006814649410446037,0.10175291799680147,False,0.0,0.85
2022,no_geography,Bundoora,3,OTH,ALP+GRN+LNP,posterior scenario,False,False,0.11086227250652665,0.012403241778093765,False,0.0,0.6
2022,no_geography,Bundoora,4,GRN,ALP+LNP,posterior scenario,False,False,0.16482046038309997,0.16225460656603038,False,0.0,0.95
2022,no_geography,Carrum,1,ON,ALP+GRN+IND+LNP+OTH,full AEC row,False,False,0.003365599735142259,0.016788703238255338,True,0.0,1.0
2022,no_geography,Carrum,2,IND,ALP+GRN+LNP+OTH,posterior scenario,False,False,0.020356238957506132,0.05278434293771797,False,0.0,0.7499749974997499
2022,no_geography,Carrum,3,GRN,ALP+LNP+OTH,posterior scenario,False,False,0.07576228009122002,0.04055646043785471,False,0.0,0.9
2022,no_geography,Carrum,4,OTH,ALP+LNP,posterior scenario,False,False,0.1242385356809145,0.20898862822869033,False,0.0,0.25680000000000003
2022,no_geography,Caulfield,1,ON,ALP+GRN+IND+LNP+OTH,full AEC row,False,False,0.0015808938889874896,0.04862555050057317,True,0.0,1.0
2022,no_geography,Caulfield,2,IND,ALP+GRN+LNP+OTH,posterior scenario,False,False,0.050364533778459404,0.014481570629674721,False,0.0,0.85
2022,no_geography,Caulfield,3,OTH,ALP+GRN+LNP,posterior scenario,False,False,0.07089689271526226,0.101503421945075,False,0.0,0.5652999999999999
2022,no_geography,Caulfield,4,GRN,ALP+LNP,posterior scenario,False,False,0.19968436828416164,0.1085888990860765,False,0.0,0.95
2022,no_geography,Clarinda,1,ON,ALP+GRN+IND+LNP+OTH,full AEC row,False,False,0.002590224887284164,0.07693558056060337,True,0.0,1.0
2022,no_geography,Clarinda,2,GRN,ALP+IND+LNP+OTH,posterior scenario,False,False,0.07965531669225175,0.0024685261481918186,False,0.0,0.9500000000000001
2022,no_geography,Clarinda,3,OTH,ALP+IND+LNP,posterior scenario,False,False,0.0856017495872077,0.019820203169327283,False,0.0,0.47025297470252975
2022,no_geography,Clarinda,4,IND,ALP+LNP,posterior scenario,False,False,0.134866865757619,0.1984637882878564,False,0.0,0.8500000000000001
2022,no_geography,Cranbourne,1,ON,ALP+GRN+IND+LNP+OTH,full AEC row,False,False,0.0038023994739229713,0.00878459521192177,True,0.0,1.0
2022,no_geography,Cranbourne,2,IND,ALP+GRN+LNP+OTH,posterior scenario,False,False,0.01281513865428012,0.04162437614384279,False,0.0,0.85
2022,no_geography,Cranbourne,3,GRN,ALP+LNP+OTH,posterior scenario,False,False,0.05634300379572298,0.1365255348230024,False,0.0,0.95
2022,no_geography,Cranbourne,4,OTH,ALP+LNP,posterior scenario,False,False,0.20819840655036492,0.09983221839516776,False,0.0,0.5
2022,no_geography,Croydon,1,IND,ALP+GRN+LNP+ON+OTH,ideology prior,False,False,1.0057095120887805e-12,0.002232462947043084,True,0.2165,0.0
2022,no_geography,Croydon,2,ON,ALP+GRN+LNP+OTH,federal ON evidence trial,False,False,0.0022324629482665293,0.10392615438892307,True,0.0,0.94
2022,no_geography,Croydon,3,GRN,ALP+LNP+OTH,posterior scenario,False,False,0.10631596704354213,0.010506724468111225,False,0.0,0.9500000000000001
2022,no_geography,Croydon,4,OTH,ALP+LNP,posterior scenario,False,False,0.1264546364423507,0.28859860280520966,False,0.0,0.3517
2022,no_geography,Dandenong,1,ON,ALP+GRN+IND+LNP+OTH,full AEC row,False,False,0.0030221194209274676,0.00010791418994765154,True,0.0,1.0
2022,no_geography,Dandenong,2,IND,ALP+GRN+LNP+OTH,posterior scenario,False,False,0.003311360776130767,0.07825851831311707,False,0.0,0.85
2022,no_geography,Dandenong,3,GRN,ALP+LNP+OTH,posterior scenario,False,False,0.08191740233742703,0.06053727788515259,False,0.0,0.95
2022,no_geography,Dandenong,4,OTH,ALP+LNP,posterior scenario,False,False,0.16014298639911337,0.07281970505956017,False,0.0,0.5
2022,no_geography,Eildon,1,ON,ALP+GRN+IND+LNP+OTH,full AEC row,False,False,0.003404794833323676,0.014677813266000896,True,0.0,1.0
2022,no_geography,Eildon,2,IND,ALP+GRN+LNP+OTH,posterior scenario,False,False,0.018252847840990755,0.08356002052935285,False,0.0,0.75002499750025
2022,no_geography,Eildon,3,OTH,ALP+GRN+LNP,posterior scenario,False,False,0.10725233377299756,0.010390385975575053,False,0.0,0.4
2022,no_geography,Eildon,4,GRN,ALP+LNP,posterior scenario,False,False,0.15902614978976934,0.1642795359762839,False,0.0,0.8999999999999999
2022,no_geography,Eltham,1,IND,ALP+GRN+LNP+ON+OTH,ideology prior,False,False,1.0058474911149543e-12,0.0023547605365616085,True,0.2165,0.0
2022,no_geography,Eltham,2,ON,ALP+GRN+LNP+OTH,federal ON evidence trial,False,False,0.0023547605377852217,0.0671739853418953,True,0.0,0.94
2022,no_geography,Eltham,3,OTH,ALP+GRN+LNP,posterior scenario,False,False,0.07006153992218161,0.05958338542868083,False,0.0,0.5
2022,no_geography,Eltham,4,GRN,ALP+LNP,posterior scenario,False,False,0.15692901940465573,0.2294668736234389,False,0.0,0.95
2022,no_geography,Essendon,1,ON,ALP+GRN+IND+LNP+OTH,full AEC row,False,False,0.002768517208548225,0.0157774615992125,True,0.0,1.0
2022,no_geography,Essendon,2,IND,ALP+GRN+LNP+OTH,posterior scenario,False,False,0.01871208984027362,0.10967956009110957,False,0.0,0.0
2022,no_geography,Essendon,3,OTH,ALP+GRN+LNP,posterior scenario,False,False,0.1316024198231896,0.03348236945904978,False,0.0,0.6
2022,no_geography,Essendon,4,GRN,ALP+LNP,posterior scenario,False,False,0.21993164393124898,0.1266497367493778,False,0.0,0.95
2022,no_geography,Eureka,1,ON,ALP+GRN+IND+LNP+OTH,full AEC row,False,False,0.00399429759460021,0.02920533843336405,True,0.0,1.0
2022,no_geography,Eureka,2,IND,ALP+GRN+LNP+OTH,posterior scenario,False,False,0.03339935090769427,0.07293555640813099,False,0.0,0.75002499750025
2022,no_geography,Eureka,3,GRN,ALP+LNP+OTH,posterior scenario,False,False,0.11211210329059285,0.04114619723358631,False,0.0,0.9
2022,no_geography,Eureka,4,OTH,ALP+LNP,posterior scenario,False,False,0.16490874533982688,0.18143016847214125,False,0.0,0.2703
2022,no_geography,Euroa,1,IND,ALP+GRN+LNP+ON+OTH,ideology prior,False,False,9.834174744381516e-10,0.004082017067229611,True,0.2165,0.0
2022,no_geography,Euroa,2,ON,ALP+GRN+LNP+OTH,federal ON evidence trial,False,False,0.0040820182635569685,0.049609728222926676,True,0.0,0.95
2022,no_geography,Euroa,3,GRN,ALP+LNP+OTH,posterior scenario,False,False,0.05392799736829128,0.054004677990275335,False,0.0,0.9
2022,no_geography,Euroa,4,OTH,ALP+LNP,posterior scenario,False,False,0.11553734323004722,0.2233017316179422,False,0.0,0.4
2022,no_geography,Evelyn,1,ON,ALP+GRN+IND+LNP+OTH,full AEC row,False,False,0.002694038245806304,0.011974482622554163,True,0.0,1.0
2022,no_geography,Evelyn,2,IND,ALP+GRN+LNP+OTH,posterior scenario,False,False,0.014830163163108845,0.07099769953668517,False,0.0,0.75002499750025
2022,no_geography,Evelyn,3,OTH,ALP+GRN+LNP,posterior scenario,False,False,0.09082054558791548,0.0074857839090302775,False,0.0,0.44999999999999996
2022,no_geography,Evelyn,4,GRN,ALP+LNP,posterior scenario,False,False,0.13333489817690858,0.22243262507427491,False,0.0,0.8999999999999999
2022,no_geography,Footscray,1,ON,ALP+GRN+IND+LNP+OTH,full AEC row,False,False,0.0021958701873601738,0.0011964480959725074,True,0.0,1.0
2022,no_geography,Footscray,2,IND,ALP+GRN+LNP+OTH,posterior scenario,False,False,0.0036119053020686985,0.15340842339793537,False,0.0,0.0
2022,no_geography,Footscray,3,OTH,ALP+GRN+LNP,posterior scenario,False,False,0.15765300666503376,0.021762832103682545,False,0.0,0.7000299970002999
2022,no_geography,Footscray,4,LNP,ALP+GRN,posterior scenario,False,False,0.22375313699381189,0.07290009170303552,False,0.0,0.8
2022,no_geography,Frankston,1,ON,ALP+GRN+IND+LNP+OTH,full AEC row,False,False,0.0031452819259243344,0.024761204974116397,True,0.0,1.0
2022,no_geography,Frankston,2,IND,ALP+GRN+LNP+OTH,posterior scenario,False,False,0.02809520381559619,0.08892797788181818,False,0.0,0.85
2022,no_geography,Frankston,3,GRN,ALP+LNP+OTH,posterior scenario,False,False,0.12125981802132592,0.0352976347220436,False,0.0,0.9500000000000001
2022,no_geography,Frankston,4,OTH,ALP+LNP,posterior scenario,False,False,0.16937775087026216,0.15862115890271364,False,0.0,0.5
2022,no_geography,Geelong,1,ON,ALP+GRN+IND+LNP+OTH,full AEC row,False,False,0.0038787373552689624,0.07775959576988682,True,0.0,1.0
2022,no_geography,Geelong,2,IND,ALP+GRN+LNP+OTH,posterior scenario,False,False,0.08187105736647192,0.00412546975860921,False,0.0,0.75
2022,no_geography,Geelong,3,OTH,ALP+GRN+LNP,posterior scenario,False,False,0.11037401628750843,0.04822485678351646,False,0.0,0.5000499950005
2022,no_geography,Geelong,4,GRN,ALP+LNP,posterior scenario,False,False,0.19974741380443747,0.11936365792421869,False,0.0,0.9
2022,no_geography,Gippsland East,1,ON,ALP+GRN+IND+LNP+OTH,full AEC row,False,False,0.004637766176699005,0.017683433422642038,True,0.0,1.0
2022,no_geography,Gippsland East,2,IND,ALP+GRN+LNP+OTH,posterior scenario,False,False,0.022553087908175992,0.04272782123639669,False,0.0,0.0
2022,no_geography,Gippsland East,3,GRN,ALP+LNP+OTH,posterior scenario,False,False,0.06957168331052484,0.06217331175051592,False,0.0,0.9
2022,no_geography,Gippsland East,4,OTH,ALP+LNP,posterior scenario,False,False,0.14090260941679578,0.07822581584088853,False,0.0,0.4
2022,no_geography,Gippsland South,1,ON,ALP+GRN+IND+LNP+OTH,full AEC row,False,False,0.004288006884195903,0.045128138306573556,True,0.0,1.0
2022,no_geography,Gippsland South,2,IND,ALP+GRN+LNP+OTH,posterior scenario,False,False,0.049630545534979253,0.037592592659800805,False,0.0,0.75002499750025
2022,no_geography,Gippsland South,3,OTH,ALP+GRN+LNP,posterior scenario,False,False,0.09318989530236048,0.0038382446855869667,False,0.0,0.2871
2022,no_geography,Gippsland South,4,GRN,ALP+LNP,posterior scenario,False,False,0.13244936145570177,0.1318788205550153,False,0.0,0.9
2022,no_geography,Glen Waverley,1,IND,ALP+GRN+LNP+ON+OTH,ideology prior,False,False,9.894388520464058e-10,0.0014749504886148893,True,0.2165,0.0
2022,no_geography,Glen Waverley,2,ON,ALP+GRN+LNP+OTH,federal ON evidence trial,False,False,0.0014749516922672528,0.08599851103110334,True,0.0,0.94
2022,no_geography,Glen Waverley,3,OTH,ALP+GRN+LNP,posterior scenario,False,False,0.0878071889915829,0.006029913225474387,False,0.0,0.6000399960004
2022,no_geography,Glen Waverley,4,GRN,ALP+LNP,posterior scenario,False,False,0.1277771643208326,0.2948718678694865,False,0.0,0.9500000000000001
2022,no_geography,Greenvale,1,ON,ALP+GRN+IND+LNP+OTH,full AEC row,False,False,0.002054967141202229,0.05662705869894046,True,0.0,1.0
2022,no_geography,Greenvale,2,IND,ALP+GRN+LNP+OTH,posterior scenario,False,False,0.058805323868614826,0.003508989181272716,False,0.0,0.8500000000000001
2022,no_geography,Greenvale,3,GRN,ALP+LNP+OTH,posterior scenario,False,False,0.06898841031573617,0.12922617175346046,False,0.0,0.95000499950005
2022,no_geography,Greenvale,4,OTH,ALP+LNP,posterior scenario,False,False,0.22344335818525227,0.055885219325191,False,0.0,0.5
2022,no_geography,Hastings,1,ON,ALP+GRN+IND+LNP+OTH,full AEC row,False,False,0.0035765564197238822,0.005680671719816894,True,0.0,1.0
2022,no_geography,Hastings,2,IND,ALP+GRN+LNP+OTH,posterior scenario,False,False,0.00943605596052697,0.09186222820465378,False,0.0,0.75
2022,no_geography,Hastings,3,GRN,ALP+LNP+OTH,posterior scenario,False,False,0.10301649590448447,0.01455298934970832,False,0.0,0.9
2022,no_geography,Hastings,4,OTH,ALP+LNP,posterior scenario,False,False,0.12735197641544427,0.29954514966147894,False,0.0,0.258
2022,no_geography,Hawthorn,1,ON,ALP+GRN+IND+LNP+OTH,full AEC row,False,False,0.0010046559612420112,0.06378696080791106,True,0.0,1.0
2022,no_geography,Hawthorn,2,OTH,ALP+GRN+IND+LNP,posterior scenario,False,False,0.06499254796140147,0.06306555518094031,False,0.0,0.7
2022,no_geography,Hawthorn,3,GRN,ALP+IND+LNP,posterior scenario,False,False,0.14253387577169707,0.02417572436468951,False,0.0,0.95000499950005
2022,no_geography,Hawthorn,4,IND,ALP+LNP,posterior scenario,False,False,0.22740234741476195,0.07736407048378174,False,0.0,0.85
2022,no_geography,Ivanhoe,1,ON,ALP+GRN+IND+LNP+OTH,full AEC row,False,False,0.0019710914208744975,0.011144735810823932,True,0.0,1.0
2022,no_geography,Ivanhoe,2,IND,ALP+GRN+LNP+OTH,posterior scenario,False,False,0.013234092716950899,0.056702341408644046,False,0.0,0.84998499849985
2022,no_geography,Ivanhoe,3,OTH,ALP+GRN+LNP,posterior scenario,False,False,0.07333222618306207,0.1137766531874225,False,0.0,0.6
2022,no_geography,Ivanhoe,4,GRN,ALP+LNP,posterior scenario,False,False,0.21518154759286023,0.13108213895886844,False,0.0,0.95
2022,no_geography,Kalkallo,1,ON,ALP+GRN+IND+LNP+OTH,full AEC row,False,False,0.002482927388392318,0.01431688813716557,True,0.0,1.0
2022,no_geography,Kalkallo,2,IND,ALP+GRN+LNP+OTH,posterior scenario,False,False,0.016948791168861426,0.04008546465872688,False,0.0,0.7499749974997499
2022,no_geography,Kalkallo,3,GRN,ALP+LNP+OTH,posterior scenario,False,False,0.05966368414442971,0.1005896642274603,False,0.0,0.9
2022,no_geography,Kalkallo,4,OTH,ALP+LNP,posterior scenario,False,False,0.17514766593117084,0.07586501736543647,False,0.0,0.45
2022,no_geography,Kew,1,ON,ALP+GRN+IND+LNP+OTH,full AEC row,False,False,0.0010392323903291405,0.04930202103519169,True,0.0,1.0
2022,no_geography,Kew,2,OTH,ALP+GRN+IND+LNP,posterior scenario,False,False,0.05054909990358666,0.048480138980053746,False,0.0,0.7
2022,no_geography,Kew,3,GRN,ALP+IND+LNP,posterior scenario,False,False,0.11068818122956603,0.06539782486467355,False,0.0,0.9500000000000001
2022,no_geography,Kew,4,IND,ALP+LNP,posterior scenario,False,False,0.2190586736697124,0.06516651564127299,False,0.0,0.85
2022,no_geography,Kororoit,1,ON,ALP+GRN+IND+LNP+OTH,full AEC row,False,False,0.0026911867366402197,0.014918163286687849,True,0.0,1.0
2022,no_geography,Kororoit,2,IND,ALP+GRN+LNP+OTH,posterior scenario,False,False,0.01777082122752648,0.05351718834593103,False,0.0,0.84998499849985
2022,no_geography,Kororoit,3,GRN,ALP+LNP+OTH,posterior scenario,False,False,0.07319365648503043,0.13932800088448571,False,0.0,0.95
2022,no_geography,Kororoit,4,OTH,ALP+LNP,posterior scenario,False,False,0.23757344135631442,0.010127303313064467,False,0.0,0.5
2022,no_geography,Lara,1,ON,ALP+GRN+IND+LNP+OTH,full AEC row,False,False,0.004720877007826687,0.014662652493201494,True,0.0,1.0
2022,no_geography,Lara,2,IND,ALP+GRN+LNP+OTH,posterior scenario,False,False,0.01966678212149778,0.08482508694890359,False,0.0,0.7499749974997499
2022,no_geography,Lara,3,GRN,ALP+LNP+OTH,posterior scenario,False,False,0.11049429970367484,0.04307513167233888,False,0.0,0.8999999999999999
2022,no_geography,Lara,4,OTH,ALP+LNP,posterior scenario,False,False,0.16486746432886484,0.08028029859691838,False,0.0,0.3065
2022,no_geography,Laverton,1,ON,ALP+GRN+IND+LNP+OTH,full AEC row,False,False,0.002628872656348682,0.020512024807477613,True,0.0,1.0
2022,no_geography,Laverton,2,IND,ALP+GRN+LNP+OTH,posterior scenario,False,False,0.023298629823207215,0.08011179599268908,False,0.0,0.84998499849985
2022,no_geography,Laverton,3,GRN,ALP+LNP+OTH,posterior scenario,False,False,0.10610024181444948,0.0911128238033027,False,0.0,0.95
2022,no_geography,Laverton,4,OTH,ALP+LNP,posterior scenario,False,False,0.2080197711406719,0.030812824200546873,False,0.0,0.31489999999999996
2022,no_geography,Lowan,1,ON,ALP+GRN+IND+LNP+OTH,full AEC row,False,False,0.0038674576035303636,0.03799869762105378,True,0.0,1.0
2022,no_geography,Lowan,2,IND,ALP+GRN+LNP+OTH,posterior scenario,False,False,0.042059528104760664,0.017994948669932433,False,0.0,0.75
2022,no_geography,Lowan,3,GRN,ALP+LNP+OTH,posterior scenario,False,False,0.06568156009577536,0.0468291807457015,False,0.0,0.7507
2022,no_geography,Lowan,4,OTH,ALP+LNP,posterior scenario,False,False,0.11916015320179646,0.12394904619562358,False,0.0,0.22657734226577342
2022,no_geography,Macedon,1,ON,ALP+GRN+IND+LNP+OTH,full AEC row,False,False,0.0032345996956772293,0.04637222685575896,True,0.0,1.0
2022,no_geography,Macedon,2,IND,ALP+GRN+LNP+OTH,posterior scenario,False,False,0.04976855653622005,0.04542712903465657,False,0.0,0.75
2022,no_geography,Macedon,3,OTH,ALP+GRN+LNP,posterior scenario,False,False,0.10346785148186974,0.032881056744982734,False,0.0,0.39999999999999997
2022,no_geography,Macedon,4,GRN,ALP+LNP,posterior scenario,False,False,0.17592808949555547,0.19632975365435254,False,0.0,0.9
2022,no_geography,Malvern,1,ON,ALP+GRN+IND+LNP+OTH,full AEC row,False,False,0.0012061519796098283,0.009757229341057879,True,0.0,1.0
2022,no_geography,Malvern,2,IND,ALP+GRN+LNP+OTH,posterior scenario,False,False,0.01108399651862869,0.062286317543146105,False,0.0,0.85
2022,no_geography,Malvern,3,OTH,ALP+GRN+LNP,posterior scenario,False,False,0.07570707991630969,0.07680847084487775,False,0.0,0.7000000000000001
2022,no_geography,Malvern,4,GRN,ALP+LNP,posterior scenario,False,False,0.18252517930175244,0.0867583048936642,False,0.0,0.95
2022,no_geography,Melbourne,1,ON,ALP+GRN+IND+LNP+OTH,full AEC row,False,False,0.0017955196572406445,0.007247815233924884,True,0.0,1.0
2022,no_geography,Melbourne,2,IND,ALP+GRN+LNP+OTH,posterior scenario,False,False,0.009222886856889594,0.12304669546419403,False,0.0,0.84998499849985
2022,no_geography,Melbourne,3,OTH,ALP+GRN+LNP,posterior scenario,False,False,0.13601988530333362,0.04316162151842837,False,0.0,0.7
2022,no_geography,Melbourne,4,LNP,ALP+GRN,posterior scenario,False,False,0.2167770373310503,0.11857566319829521,False,0.0,0.8
2022,no_geography,Melton,1,ON,ALP+GRN+IND+LNP+OTH,full AEC row,False,False,0.0037311857901750492,0.044065447521356015,True,0.0,1.0
2022,no_geography,Melton,2,GRN,ALP+IND+LNP+OTH,posterior scenario,False,False,0.04790856888523631,0.11900658027867597,False,0.0,0.8999999999999999
2022,no_geography,Melton,3,OTH,ALP+IND+LNP,posterior scenario,False,False,0.17168190191010493,0.060704145025471695,False,0.0,0.3978
2022,no_geography,Melton,4,IND,ALP+LNP,posterior scenario,False,False,0.29319141224904266,0.011243243126760727,False,0.0,0.75
2022,no_geography,Mildura,1,ON,ALP+GRN+IND+LNP+OTH,full AEC row,False,False,0.003994039429955762,0.022557634281370104,True,0.0,1.0
2022,no_geography,Mildura,2,GRN,ALP+IND+LNP+OTH,posterior scenario,False,False,0.026671494894224542,0.03668559852764794,False,0.0,0.9000099990001
2022,no_geography,Mildura,3,OTH,ALP+IND+LNP,posterior scenario,False,False,0.06817487673177433,0.05623783617320105,False,0.0,0.39999999999999997
2022,no_geography,Mildura,4,ALP,IND+LNP,posterior scenario,False,False,0.14117325111434842,0.27283960455062456,False,0.0,0.75
2022,no_geography,Mill Park,1,IND,ALP+GRN+LNP+ON+OTH,ideology prior,False,False,1.0261886015669724e-09,0.0034602475878400176,True,0.2165,0.0
2022,no_geography,Mill Park,2,ON,ALP+GRN+LNP+OTH,federal ON evidence trial,False,False,0.0034602488361984516,0.06859288543885529,True,0.0,0.94
2022,no_geography,Mill Park,3,GRN,ALP+LNP+OTH,posterior scenario,False,False,0.07229702150225283,0.09823799738802301,False,0.0,0.9500000000000001
2022,no_geography,Mill Park,4,OTH,ALP+LNP,posterior scenario,False,False,0.18469992546454342,0.0811381457636772,False,0.0,0.5
2022,no_geography,Monbulk,1,ON,ALP+GRN+IND+LNP+OTH,full AEC row,False,False,0.0026842980467687424,0.08205520190407568,True,0.0,1.0
2022,no_geography,Monbulk,2,IND,ALP+GRN+LNP+OTH,posterior scenario,False,False,0.08490055783365055,0.006131980535527395,False,0.0,0.7499749974997499
2022,no_geography,Monbulk,3,OTH,ALP+GRN+LNP,posterior scenario,False,False,0.10121712857376393,0.07182391940699302,False,0.0,0.25229999999999997
2022,no_geography,Monbulk,4,GRN,ALP+LNP,posterior scenario,False,False,0.2121356169062246,0.16332531835605787,False,0.0,0.9
2022,no_geography,Mordialloc,1,ON,ALP+GRN+IND+LNP+OTH,full AEC row,False,False,0.0025644404620145003,0.06464602445192445,True,0.0,1.0
2022,no_geography,Mordialloc,2,IND,ALP+GRN+LNP+OTH,posterior scenario,False,False,0.06736433134165982,0.015130332734013041,False,0.0,0.8500000000000001
2022,no_geography,Mordialloc,3,OTH,ALP+GRN+LNP,posterior scenario,False,False,0.0905791950383532,0.020720562004902326,False,0.0,0.3657
2022,no_geography,Mordialloc,4,GRN,ALP+LNP,posterior scenario,False,False,0.14532877823049656,0.22816531022141517,False,0.0,0.9500000000000001
2022,no_geography,Mornington,1,ON,ALP+GRN+IND+LNP+OTH,full AEC row,False,False,0.0022765986615822546,0.06093266515948177,True,0.0,1.0
2022,no_geography,Mornington,2,OTH,ALP+GRN+IND+LNP,posterior scenario,False,False,0.06361905158014883,0.008748144124203619,False,0.0,0.45
2022,no_geography,Mornington,3,GRN,ALP+IND+LNP,posterior scenario,False,False,0.08821478948115156,0.1061627370722658,False,0.0,0.8999899989999001
2022,no_geography,Mornington,4,IND,ALP+LNP,posterior scenario,False,False,0.22979482915691105,0.0488417761051865,False,0.0,0.0
2022,no_geography,Morwell,1,ON,ALP+GRN+IND+LNP+OTH,full AEC row,False,False,0.0054528348553121,0.036752476940536696,True,0.0,1.0
2022,no_geography,Morwell,2,GRN,ALP+IND+LNP+OTH,posterior scenario,False,False,0.042368896841508165,0.09587790940027022,False,0.0,0.9
2022,no_geography,Morwell,3,IND,ALP+LNP+OTH,posterior scenario,False,False,0.14211100326651385,0.016641262192339162,False,0.0,0.75
2022,no_geography,Morwell,4,OTH,ALP+LNP,posterior scenario,False,False,0.20878495087197158,0.18632343667543194,False,0.0,0.5
2022,no_geography,Mulgrave,1,ON,ALP+GRN+IND+LNP+OTH,full AEC row,False,False,0.0025157690937321086,0.052228525936191275,True,0.0,1.0
2022,no_geography,Mulgrave,2,GRN,ALP+IND+LNP+OTH,posterior scenario,False,False,0.054870083484609984,0.01755214295346986,False,0.0,0.9500000000000001
2022,no_geography,Mulgrave,3,OTH,ALP+IND+LNP,posterior scenario,False,False,0.07482440126918191,0.09275602191444829,False,0.0,0.5064
2022,no_geography,Mulgrave,4,IND,ALP+LNP,posterior scenario,False,False,0.19335554641054192,0.04323987066184756,False,0.0,0.0
2022,no_geography,Murray Plains,1,ON,ALP+GRN+IND+LNP+OTH,full AEC row,False,False,0.004391404121111984,0.014346975848599085,True,0.0,1.0
2022,no_geography,Murray Plains,2,IND,ALP+GRN+LNP+OTH,posterior scenario,False,False,0.018957950175766666,0.022942157623913217,False,0.0,0.75
2022,no_geography,Murray Plains,3,GRN,ALP+LNP+OTH,posterior scenario,False,False,0.04547642556496752,0.10928979683085839,False,0.0,0.9
2022,no_geography,Murray Plains,4,OTH,ALP+LNP,posterior scenario,False,False,0.16517950625699857,0.03276517797416292,False,0.0,0.4
2022,no_geography,Narracan,1,ON,ALP+GRN+IND+LNP+OTH,full AEC row,False,False,0.00368229290512895,0.009049665414349966,True,0.0,1.0
2022,no_geography,Narracan,2,OTH,ALP+GRN+IND+LNP,posterior scenario,False,False,0.013431593971453416,0.048486618455430855,False,0.0,0.0
2022,no_geography,Narracan,3,IND,ALP+GRN+LNP,posterior scenario,False,False,0.0641892334006699,0.09128636673195847,False,0.0,0.0
2022,no_geography,Narracan,4,GRN,ALP+LNP,posterior scenario,False,False,0.17584651814491312,0.11730128685637789,False,0.0,0.0
2022,no_geography,Narre Warren North,1,ON,ALP+GRN+IND+LNP+OTH,full AEC row,False,False,0.003727889048727635,0.011998934899297427,True,0.0,1.0
2022,no_geography,Narre Warren North,2,IND,ALP+GRN+LNP+OTH,posterior scenario,False,False,0.01595049729094872,0.051757618030497554,False,0.0,0.8500149985001499
2022,no_geography,Narre Warren North,3,GRN,ALP+LNP+OTH,posterior scenario,False,False,0.06967762075984062,0.09310126154200764,False,0.0,0.9500000000000001
2022,no_geography,Narre Warren North,4,OTH,ALP+LNP,posterior scenario,False,False,0.17739542589109306,0.13017429296255936,False,0.0,0.5
2022,no_geography,Narre Warren South,1,ON,ALP+GRN+IND+LNP+OTH,full AEC row,False,False,0.0035392292666361525,0.003851605187594785,True,0.0,1.0
2022,no_geography,Narre Warren South,2,IND,ALP+GRN+LNP+OTH,posterior scenario,False,False,0.007603188210229106,0.05906564294137588,False,0.0,0.8499849984998501
2022,no_geography,Narre Warren South,3,GRN,ALP+LNP+OTH,posterior scenario,False,False,0.06753876144730363,0.08890368695327401,False,0.0,0.9499949994999499
2022,no_geography,Narre Warren South,4,OTH,ALP+LNP,posterior scenario,False,False,0.17262733592286666,0.140396189843362,False,0.0,0.5
2022,no_geography,Nepean,1,ON,ALP+GRN+IND+LNP+OTH,full AEC row,False,False,0.002808026745550097,0.03382669811716441,True,0.0,1.0
2022,no_geography,Nepean,2,IND,ALP+GRN+LNP+OTH,posterior scenario,False,False,0.036803206467447516,0.034853684452955794,False,0.0,0.75
2022,no_geography,Nepean,3,OTH,ALP+GRN+LNP,posterior scenario,False,False,0.08190895377011607,0.018156926655877925,False,0.0,0.44999999999999996
2022,no_geography,Nepean,4,GRN,ALP+LNP,posterior scenario,False,False,0.13120503292279126,0.2141946654612377,False,0.0,0.8999999999999999
2022,no_geography,Niddrie,1,IND,ALP+GRN+LNP+ON+OTH,ideology prior,False,False,1.0057816847465528e-12,0.0036146667464100565,True,0.2165,0.0
2022,no_geography,Niddrie,2,ON,ALP+GRN+LNP+OTH,federal ON evidence trial,False,False,0.00361466674763359,0.07140160251021967,True,0.0,0.94
2022,no_geography,Niddrie,3,GRN,ALP+LNP+OTH,posterior scenario,False,False,0.0752710402280535,0.05816091074342636,False,0.0,0.95
2022,no_geography,Niddrie,4,OTH,ALP+LNP,posterior scenario,False,False,0.1402727726334408,0.2170672993340535,False,0.0,0.43879999999999997
2022,no_geography,Northcote,1,ON,ALP+GRN+IND+LNP+OTH,full AEC row,False,False,0.0023373221277564224,0.007470348820300747,True,0.0,1.0
2022,no_geography,Northcote,2,IND,ALP+GRN+LNP+OTH,posterior scenario,False,False,0.010041403160832813,0.10949594906841416,False,0.0,0.8500149985001499
2022,no_geography,Northcote,3,LNP,ALP+GRN+OTH,ideology prior,False,False,0.12126872636815196,0.035422088888382205,False,0.0,0.8
2022,no_geography,Northcote,4,OTH,ALP+GRN,ideology prior,False,False,0.19123537684719785,0.18704026565778778,False,0.0,0.5543
2022,no_geography,Oakleigh,1,ON,ALP+GRN+IND+LNP+OTH,full AEC row,False,False,0.002525756270731484,0.020093828908273482,True,0.0,1.0
2022,no_geography,Oakleigh,2,IND,ALP+GRN+LNP+OTH,posterior scenario,False,False,0.022771130555248854,0.04669139711638234,False,0.0,0.85
2022,no_geography,Oakleigh,3,OTH,ALP+GRN+LNP,posterior scenario,False,False,0.07220593729231069,0.08890049575719584,False,0.0,0.40259999999999996
2022,no_geography,Oakleigh,4,GRN,ALP+LNP,posterior scenario,False,False,0.18885137172367603,0.14328460876157825,False,0.0,0.9500000000000001
2022,no_geography,Ovens Valley,1,ON,ALP+GRN+IND+LNP+OTH,full AEC row,False,False,0.0033177208164220907,0.04539713521209315,True,0.0,1.0
2022,no_geography,Ovens Valley,2,IND,ALP+GRN+LNP+OTH,posterior scenario,False,False,0.04888074206933635,0.0322007605940515,False,0.0,0.0
2022,no_geography,Ovens Valley,3,GRN,ALP+LNP+OTH,posterior scenario,False,False,0.09042620458877744,0.09521215911368656,False,0.0,0.9
2022,no_geography,Ovens Valley,4,OTH,ALP+LNP,posterior scenario,False,False,0.19583881313340734,0.07111808036421896,False,0.0,0.3241
2022,no_geography,Pakenham,1,ON,ALP+GRN+IND+LNP+OTH,full AEC row,False,False,0.003653403774982029,0.06752493401554943,True,0.0,1.0
2022,no_geography,Pakenham,2,GRN,ALP+IND+LNP+OTH,posterior scenario,False,False,0.07128793990378092,0.0016598237355110457,False,0.0,0.8999899989999
2022,no_geography,Pakenham,3,IND,ALP+LNP+OTH,posterior scenario,False,False,0.08315568875551982,0.08372928443950506,False,0.0,0.75
2022,no_geography,Pakenham,4,OTH,ALP+LNP,posterior scenario,False,False,0.18343493804530075,0.2158505766884638,False,0.0,0.2484
2022,no_geography,Pascoe Vale,1,ON,ALP+GRN+IND+LNP+OTH,full AEC row,False,False,0.002318246320926535,0.08914454925811897,True,0.0,1.0
2022,no_geography,Pascoe Vale,2,IND,ALP+GRN+LNP+OTH,posterior scenario,False,False,0.0916018903583011,0.03764570983555443,False,0.0,0.85
2022,no_geography,Pascoe Vale,3,OTH,ALP+GRN+LNP,posterior scenario,False,False,0.16243120486502619,0.03795965689031397,False,0.0,0.6000000000000001
2022,no_geography,Pascoe Vale,4,LNP,ALP+GRN,posterior scenario,False,False,0.2540754378024062,0.05340299370401125,False,0.0,0.7
2022,no_geography,Point Cook,1,ON,ALP+GRN+IND+LNP+OTH,full AEC row,False,False,0.0031752468782149817,0.06834925391553305,True,0.0,1.0
2022,no_geography,Point Cook,2,GRN,ALP+IND+LNP+OTH,posterior scenario,False,False,0.07168326313765878,0.05392201089552416,False,0.0,0.95
2022,no_geography,Point Cook,3,IND,ALP+LNP+OTH,posterior scenario,False,False,0.12890888240869067,0.02134585220960658,False,0.0,0.5315
2022,no_geography,Point Cook,4,OTH,ALP+LNP,posterior scenario,False,False,0.1774615785601964,0.13594709916197018,False,0.0,0.2788
2022,no_geography,Polwarth,1,ON,ALP+GRN+IND+LNP+OTH,full AEC row,False,False,0.0022828710331007297,0.031127936959639668,True,0.0,1.0
2022,no_geography,Polwarth,2,IND,ALP+GRN+LNP+OTH,posterior scenario,False,False,0.033524951544395436,0.06578140991191628,False,0.0,0.7499749974997499
2022,no_geography,Polwarth,3,OTH,ALP+GRN+LNP,posterior scenario,False,False,0.10333361859828713,0.057215273367305475,False,0.0,0.3267
2022,no_geography,Polwarth,4,GRN,ALP+LNP,posterior scenario,False,False,0.200363226335848,0.11335285593002623,False,0.0,0.9
2022,no_geography,Prahran,1,ON,ALP+GRN+IND+LNP+OTH,full AEC row,False,False,0.0016712047152887505,0.006705889739156819,True,0.0,1.0
2022,no_geography,Prahran,2,IND,ALP+GRN+LNP+OTH,posterior scenario,False,False,0.008544214925974444,0.08903730642080353,False,0.0,0.85001499850015
2022,no_geography,Prahran,3,OTH,ALP+GRN+LNP,posterior scenario,False,False,0.10020736077827883,0.15075951945127372,False,0.0,0.7
2022,no_geography,Prahran,4,ALP,GRN+LNP,posterior scenario,False,False,0.2741453880319649,0.08101237097856312,False,0.0,0.9
2022,no_geography,Preston,1,ON,ALP+GRN+IND+LNP+OTH,full AEC row,False,False,0.003094279891956797,0.12564540006007394,True,0.0,1.0
2022,no_geography,Preston,2,IND,ALP+GRN+LNP+OTH,posterior scenario,False,False,0.12892533674554812,0.020804475152829516,False,0.0,0.85
2022,no_geography,Preston,3,OTH,ALP+GRN+LNP,posterior scenario,False,False,0.1662570297205615,0.023564544787732095,False,0.0,0.6000000000000001
2022,no_geography,Preston,4,GRN,ALP+LNP,posterior scenario,False,False,0.2590011359016615,0.0007867132001658783,False,0.0,0.0
2022,no_geography,Richmond,1,ON,ALP+GRN+IND+LNP+OTH,full AEC row,False,False,0.0016337250375932034,0.035661824555791824,True,0.0,1.0
2022,no_geography,Richmond,2,IND,ALP+GRN+LNP+OTH,posterior scenario,False,False,0.03745892209714435,0.09519989174949642,False,0.0,0.8500149985001499
2022,no_geography,Richmond,3,OTH,ALP+GRN+LNP,posterior scenario,False,False,0.14645400289204819,0.0033107664330485342,False,0.0,0.7000299970003
2022,no_geography,Richmond,4,LNP,ALP+GRN,posterior scenario,False,False,0.1903565683751775,0.18942697369804612,False,0.0,0.8
2022,no_geography,Ringwood,1,IND,ALP+GRN+LNP+ON+OTH,ideology prior,False,False,1.0055779263577865e-12,0.0016525445555308513,True,0.2165,0.0
2022,no_geography,Ringwood,2,ON,ALP+GRN+LNP+OTH,federal ON evidence trial,False,False,0.0016525445567541369,0.10080068233135596,True,0.0,0.94
2022,no_geography,Ringwood,3,OTH,ALP+GRN+LNP,posterior scenario,False,False,0.1028271357763684,0.050412918020345865,False,0.0,0.5
2022,no_geography,Ringwood,4,GRN,ALP+LNP,posterior scenario,False,False,0.1933790212825276,0.20720013979066781,False,0.0,0.95
2022,no_geography,Ripon,1,ON,ALP+GRN+IND+LNP+OTH,full AEC row,False,False,0.0039395461229839515,0.016566612452687687,True,0.0,1.0
2022,no_geography,Ripon,2,IND,ALP+GRN+LNP+OTH,posterior scenario,False,False,0.020703135881820836,0.037108486209520175,False,0.0,0.75
2022,no_geography,Ripon,3,GRN,ALP+LNP+OTH,posterior scenario,False,False,0.060711613254925294,0.12404810510799469,False,0.0,0.9
2022,no_geography,Ripon,4,OTH,ALP+LNP,posterior scenario,False,False,0.19508476476197456,0.1791238760243919,False,0.0,0.4
2022,no_geography,Rowville,1,ON,ALP+GRN+IND+LNP+OTH,full AEC row,False,False,0.0019421694667378776,0.06638047418845536,True,0.0,1.0
2022,no_geography,Rowville,2,OTH,ALP+GRN+IND+LNP,posterior scenario,False,False,0.06869165585387343,0.0097706849033692,False,0.0,0.5000499950005
2022,no_geography,Rowville,3,GRN,ALP+IND+LNP,posterior scenario,False,False,0.0955907712664937,0.020623671454809617,False,0.0,0.95
2022,no_geography,Rowville,4,IND,ALP+LNP,posterior scenario,False,False,0.13598020983215997,0.25342409296938523,False,0.0,0.85
2022,no_geography,Sandringham,1,ON,ALP+GRN+IND+LNP+OTH,full AEC row,False,False,0.0015875836957654473,0.07516563125047432,True,0.0,1.0
2022,no_geography,Sandringham,2,IND,ALP+GRN+LNP+OTH,posterior scenario,False,False,0.0768484699679857,0.0113607971171054,False,0.0,0.8500000000000001
2022,no_geography,Sandringham,3,OTH,ALP+GRN+LNP,posterior scenario,False,False,0.09742346020759862,0.052095850187691695,False,0.0,0.48295170482951705
2022,no_geography,Sandringham,4,GRN,ALP+LNP,posterior scenario,False,False,0.18708693111655833,0.11625741156486247,False,0.0,0.95
2022,no_geography,Shepparton,1,ON,ALP+GRN+IND+LNP+OTH,full AEC row,False,False,0.004003199555529636,0.02146720623391221,True,0.0,1.0
2022,no_geography,Shepparton,2,GRN,ALP+IND+LNP+OTH,posterior scenario,False,False,0.025590501776107735,0.057777929410206416,False,0.0,0.9000099990001
2022,no_geography,Shepparton,3,OTH,ALP+IND+LNP,posterior scenario,False,False,0.08574574301238713,0.041935760956802653,False,0.0,0.5
2022,no_geography,Shepparton,4,ALP,IND+LNP,posterior scenario,False,False,0.1470347233254971,0.23187257009974555,False,0.0,0.85
2022,no_geography,South Barwon,1,IND,ALP+GRN+LNP+ON+OTH,ideology prior,False,False,1.0055915931874106e-12,0.0025760971269689157,True,0.2231,0.0
2022,no_geography,South Barwon,2,ON,ALP+GRN+LNP+OTH,federal ON evidence trial,False,False,0.0025760971281988546,0.11618484406896395,True,0.0,0.94
2022,no_geography,South Barwon,3,GRN,ALP+LNP+OTH,posterior scenario,False,False,0.11891054017644227,0.013157749156535462,False,0.0,0.8999999999999999
2022,no_geography,South Barwon,4,OTH,ALP+LNP,posterior scenario,False,False,0.14283651384495186,0.21527332598927149,False,0.0,0.336966303369663
2022,no_geography,South-West Coast,1,ON,ALP+GRN+IND+LNP+OTH,full AEC row,False,False,0.002169702789485165,0.05517912261880494,True,0.0,1.0
2022,no_geography,South-West Coast,2,GRN,ALP+IND+LNP+OTH,posterior scenario,False,False,0.057413916491974665,0.017039520070416495,False,0.0,0.9
2022,no_geography,South-West Coast,3,OTH,ALP+IND+LNP,posterior scenario,False,False,0.07695506366721325,0.15891174501428268,False,0.0,0.36366363363663634
2022,no_geography,South-West Coast,4,ALP,IND+LNP,posterior scenario,False,False,0.25351501650551417,0.047303191842914816,False,0.0,0.0
2022,no_geography,St Albans,1,ON,ALP+GRN+IND+LNP+OTH,full AEC row,False,False,0.0028162228906404552,0.029786021335590652,True,0.0,1.0
2022,no_geography,St Albans,2,IND,ALP+GRN+LNP+OTH,posterior scenario,False,False,0.032771217599669535,0.0488295394299987,False,0.0,0.84998499849985
2022,no_geography,St Albans,3,GRN,ALP+LNP+OTH,posterior scenario,False,False,0.08984718162453656,0.10136548591110683,False,0.0,0.95
2022,no_geography,St Albans,4,OTH,ALP+LNP,posterior scenario,False,False,0.20123116574409453,0.07954923752822915,False,0.0,0.4298
2022,no_geography,Sunbury,1,ON,ALP+GRN+IND+LNP+OTH,full AEC row,False,False,0.003875612708721239,0.034634873946066305,True,0.0,1.0
2022,no_geography,Sunbury,2,IND,ALP+GRN+LNP+OTH,posterior scenario,False,False,0.03874302341731082,0.0312597772806081,False,0.0,0.75
2022,no_geography,Sunbury,3,GRN,ALP+LNP+OTH,posterior scenario,False,False,0.07594892417690527,0.058216985560721884,False,0.0,0.8999999999999999
2022,no_geography,Sunbury,4,OTH,ALP+LNP,posterior scenario,False,False,0.14240069700037025,0.20832130501738974,False,0.0,0.29712971297129714
2022,no_geography,Sydenham,1,ON,ALP+GRN+IND+LNP+OTH,full AEC row,False,False,0.0033205066169507604,0.006623404661278675,True,0.0,1.0
2022,no_geography,Sydenham,2,IND,ALP+GRN+LNP+OTH,posterior scenario,False,False,0.010143141675246482,0.05348396398681754,False,0.0,0.0
2022,no_geography,Sydenham,3,GRN,ALP+LNP+OTH,posterior scenario,False,False,0.06554667377523732,0.11590378270517065,False,0.0,0.95
2022,no_geography,Sydenham,4,OTH,ALP+LNP,posterior scenario,False,False,0.1963246081308633,0.11566162275272915,False,0.0,0.5
2022,no_geography,Tarneit,1,ON,ALP+GRN+IND+LNP+OTH,full AEC row,False,False,0.0029359070391430982,0.032097959717960985,True,0.0,1.0
2022,no_geography,Tarneit,2,IND,ALP+GRN+LNP+OTH,posterior scenario,False,False,0.03521002117945267,0.040686025114441624,False,0.0,0.8500149985001499
2022,no_geography,Tarneit,3,GRN,ALP+LNP+OTH,posterior scenario,False,False,0.07989558928579138,0.08097678698615357,False,0.0,0.95
2022,no_geography,Tarneit,4,OTH,ALP+LNP,posterior scenario,False,False,0.16970492200465834,0.11482041124373535,False,0.0,0.3278672132786722
2022,no_geography,Thomastown,1,ON,ALP+GRN+IND+LNP+OTH,full AEC row,False,False,0.003049564824040014,0.02717888012738757,True,0.0,1.0
2022,no_geography,Thomastown,2,IND,ALP+GRN+LNP+OTH,posterior scenario,False,False,0.030411418840869987,0.03391726092041022,False,0.0,0.0
2022,no_geography,Thomastown,3,GRN,ALP+LNP+OTH,posterior scenario,False,False,0.07013417448229027,0.09451216194124583,False,0.0,0.9500000000000001
2022,no_geography,Thomastown,4,OTH,ALP+LNP,posterior scenario,False,False,0.1904729863930518,0.04970349947561961,False,0.0,0.5
2022,no_geography,Warrandyte,1,ON,ALP+GRN+IND+LNP+OTH,full AEC row,False,False,0.001797855415053965,0.008249579762420892,True,0.0,1.0
2022,no_geography,Warrandyte,2,IND,ALP+GRN+LNP+OTH,posterior scenario,False,False,0.010155306502378095,0.05886381687916956,False,0.0,0.85
2022,no_geography,Warrandyte,3,OTH,ALP+GRN+LNP,posterior scenario,False,False,0.07205549642735572,0.04461032549447996,False,0.0,0.5
2022,no_geography,Warrandyte,4,GRN,ALP+LNP,posterior scenario,False,False,0.14455080769344703,0.1893533521773399,False,0.0,0.9500000000000001
2022,no_geography,Wendouree,1,ON,ALP+GRN+IND+LNP+OTH,full AEC row,False,False,0.0033796737056254796,0.00456639628236453,True,0.0,1.0
2022,no_geography,Wendouree,2,IND,ALP+GRN+LNP+OTH,posterior scenario,False,False,0.008148850410327538,0.09517877691585455,False,0.0,0.7499749974997499
2022,no_geography,Wendouree,3,GRN,ALP+LNP+OTH,posterior scenario,False,False,0.10468030860548724,0.011246143962592423,False,0.0,0.8999999999999999
2022,no_geography,Wendouree,4,OTH,ALP+LNP,posterior scenario,False,False,0.12580633015934908,0.2040218515108204,False,0.0,0.34550000000000003
2022,no_geography,Werribee,1,ON,ALP+GRN+IND+LNP+OTH,full AEC row,False,False,0.0033899962667088587,0.06442731149248229,True,0.0,1.0
2022,no_geography,Werribee,2,GRN,ALP+IND+LNP+OTH,posterior scenario,False,False,0.06791900764719241,0.05384818813286939,False,0.0,0.8999999999999999
2022,no_geography,Werribee,3,IND,ALP+LNP+OTH,posterior scenario,False,False,0.1248958055346936,0.016140775035316246,False,0.0,0.5837583758375837
2022,no_geography,Werribee,4,OTH,ALP+LNP,posterior scenario,False,False,0.1674023917446642,0.13357150060677686,False,0.0,0.2038
2022,no_geography,Williamstown,1,ON,ALP+GRN+IND+LNP+OTH,full AEC row,False,False,0.002782089552682049,0.03401224478777744,True,0.0,1.0
2022,no_geography,Williamstown,2,IND,ALP+GRN+LNP+OTH,posterior scenario,False,False,0.03707254329572769,0.09477867702026964,False,0.0,0.0
2022,no_geography,Williamstown,3,OTH,ALP+GRN+LNP,posterior scenario,False,False,0.13821287704975532,0.02088876470031023,False,0.0,0.6999699969997
2022,no_geography,Williamstown,4,GRN,ALP+LNP,posterior scenario,False,False,0.2129182356804615,0.11130240378072917,False,0.0,0.95
2022,no_geography,Yan Yean,1,IND,ALP+GRN+LNP+ON+OTH,ideology prior,False,False,9.879793170826182e-10,0.003030975505731898,True,0.2165,0.0
2022,no_geography,Yan Yean,2,ON,ALP+GRN+LNP+OTH,federal ON evidence trial,False,False,0.0030309767076087376,0.05986591473045004,True,0.0,0.94
2022,no_geography,Yan Yean,3,GRN,ALP+LNP+OTH,posterior scenario,False,False,0.06307290618929456,0.11167063531314511,False,0.0,0.8999999999999999
2022,no_geography,Yan Yean,4,OTH,ALP+LNP,posterior scenario,False,False,0.18897359709506556,0.1406008054104645,False,0.0,0.45
2022,no_synthetic_priority,Albert Park,1,ON,ALP+GRN+IND+LNP+OTH,ideology prior,False,False,0.001879361927681205,0.044025850562384915,True,0.0,1.0
2022,no_synthetic_priority,Albert Park,2,IND,ALP+GRN+LNP+OTH,posterior scenario,False,False,0.046145307185672974,0.044884686419608105,False,0.0,0.84998499849985
2022,no_synthetic_priority,Albert Park,3,OTH,ALP+GRN+LNP,posterior scenario,False,False,0.09612753977282551,0.11491790634919571,False,0.0,0.5441
2022,no_synthetic_priority,Albert Park,4,GRN,ALP+LNP,posterior scenario,False,False,0.2530863630116258,0.0784896179605124,False,0.0,0.9500000000000001
2022,no_synthetic_priority,Ashwood,1,ON,ALP+GRN+IND+LNP+OTH,ideology prior,False,False,0.0015288314637249487,0.018208511179862948,True,0.0,1.0
2022,no_synthetic_priority,Ashwood,2,IND,ALP+GRN+LNP+OTH,posterior scenario,False,False,0.019863508346905003,0.027032613208778148,False,0.0,0.8500000000000001
2022,no_synthetic_priority,Ashwood,3,OTH,ALP+GRN+LNP,posterior scenario,False,False,0.051992492957923166,0.09704718028465636,False,0.0,0.6
2022,no_synthetic_priority,Ashwood,4,GRN,ALP+LNP,posterior scenario,False,False,0.16932751537622276,0.23840693059526435,False,0.0,0.95
2022,no_synthetic_priority,Bass,1,ON,ALP+GRN+IND+LNP+OTH,ideology prior,False,False,0.0036566563773449147,0.04947193996301614,True,0.0,1.0
2022,no_synthetic_priority,Bass,2,IND,ALP+GRN+LNP+OTH,posterior scenario,False,False,0.05342004953356221,0.026691086754536415,False,0.0,0.75
2022,no_synthetic_priority,Bass,3,GRN,ALP+LNP+OTH,posterior scenario,False,False,0.09182669704604172,0.034430076809087315,False,0.0,0.9
2022,no_synthetic_priority,Bass,4,OTH,ALP+LNP,posterior scenario,False,False,0.13708356126004811,0.28217456417318615,False,0.0,0.31643164316431643
2022,no_synthetic_priority,Bayswater,1,ON,ALP+GRN+IND+LNP+OTH,ideology prior,False,False,0.0022738950122957492,0.013246327068472471,True,0.0,1.0
2022,no_synthetic_priority,Bayswater,2,IND,ALP+GRN+LNP+OTH,posterior scenario,False,False,0.015707873610909133,0.06595945753764712,False,0.0,0.85001499850015
2022,no_synthetic_priority,Bayswater,3,GRN,ALP+LNP+OTH,posterior scenario,False,False,0.08693145675721094,0.04098707165999087,False,0.0,0.95
2022,no_synthetic_priority,Bayswater,4,OTH,ALP+LNP,posterior scenario,False,False,0.1369523202593792,0.2750304556116207,False,0.0,0.35696430356964304
2022,no_synthetic_priority,Bellarine,1,ON,ALP+GRN+IND+LNP+OTH,ideology prior,False,False,0.001994058485474365,0.032373835663584594,True,0.0,1.0
2022,no_synthetic_priority,Bellarine,2,IND,ALP+GRN+LNP+OTH,posterior scenario,False,False,0.034541290539100204,0.051168579838377366,False,0.0,0.75
2022,no_synthetic_priority,Bellarine,3,OTH,ALP+GRN+LNP,posterior scenario,False,False,0.09002571989478761,0.029049591292791374,False,0.0,0.3176
2022,no_synthetic_priority,Bellarine,4,GRN,ALP+LNP,posterior scenario,False,False,0.15184341373789667,0.22942693384747231,False,0.0,0.8999999999999999
2022,no_synthetic_priority,Benambra,1,ON,ALP+GRN+IND+LNP+OTH,ideology prior,False,False,0.003519643372885041,0.0361852863430925,True,0.0,1.0
2022,no_synthetic_priority,Benambra,2,GRN,ALP+IND+LNP+OTH,posterior scenario,False,False,0.039722440379524236,0.060067597409432176,False,0.0,0.9
2022,no_synthetic_priority,Benambra,3,OTH,ALP+IND+LNP,posterior scenario,False,False,0.1015159987559498,0.04480787173556239,False,0.0,0.3197
2022,no_synthetic_priority,Benambra,4,ALP,IND+LNP,posterior scenario,False,False,0.16397926082616127,0.2091765026068953,False,0.0,0.75
2022,no_synthetic_priority,Bendigo East,1,ON,ALP+GRN+IND+LNP+OTH,ideology prior,False,False,0.002670017018965396,0.025734440746554586,True,0.0,1.0
2022,no_synthetic_priority,Bendigo East,2,IND,ALP+GRN+LNP+OTH,posterior scenario,False,False,0.028636633158473493,0.050707306800982135,False,0.0,0.75002499750025
2022,no_synthetic_priority,Bendigo East,3,OTH,ALP+GRN+LNP,posterior scenario,False,False,0.08995759640189523,0.007174560448878875,False,0.0,0.5
2022,no_synthetic_priority,Bendigo East,4,GRN,ALP+LNP,posterior scenario,False,False,0.1292155401053105,0.2324560178493894,False,0.0,0.8999999999999999
2022,no_synthetic_priority,Bendigo West,1,ON,ALP+GRN+IND+LNP+OTH,ideology prior,False,False,0.0025290177158896372,0.02239240964283155,True,0.0,1.0
2022,no_synthetic_priority,Bendigo West,2,IND,ALP+GRN+LNP+OTH,posterior scenario,False,False,0.02514134194271159,0.0966593687653344,False,0.0,0.7499749974997499
2022,no_synthetic_priority,Bendigo West,3,GRN,ALP+LNP+OTH,posterior scenario,False,False,0.12631087720325002,0.01537406493978341,False,0.0,0.9
2022,no_synthetic_priority,Bendigo West,4,OTH,ALP+LNP,posterior scenario,False,False,0.15432381119945737,0.1302049867411364,False,0.0,0.3674
2022,no_synthetic_priority,Bentleigh,1,ON,ALP+GRN+IND+LNP+OTH,ideology prior,False,False,0.0021026935370825365,0.017604116535669838,True,0.0,1.0
2022,no_synthetic_priority,Bentleigh,2,IND,ALP+GRN+LNP+OTH,posterior scenario,False,False,0.019880333325812585,0.0553156438126174,False,0.0,0.8500000000000001
2022,no_synthetic_priority,Bentleigh,3,OTH,ALP+GRN+LNP,posterior scenario,False,False,0.08057541571096619,0.02717988080443752,False,0.0,0.5999599959995999
2022,no_synthetic_priority,Bentleigh,4,GRN,ALP+LNP,posterior scenario,False,False,0.1391956880818224,0.2479534246875603,False,0.0,0.95
2022,no_synthetic_priority,Berwick,1,IND,ALP+GRN+LNP+ON+OTH,ideology prior,False,False,1.0059024844665148e-12,0.003204272317153752,True,0.2717267726161369,0.0
2022,no_synthetic_priority,Berwick,2,ON,ALP+GRN+LNP+OTH,federal ON evidence trial,False,False,0.003204272318432985,0.08463055139968864,True,0.0,0.94
2022,no_synthetic_priority,Berwick,3,OTH,ALP+GRN+LNP,posterior scenario,False,False,0.08856063380639746,0.004689787950279772,False,0.0,0.44999999999999996
2022,no_synthetic_priority,Berwick,4,GRN,ALP+LNP,posterior scenario,False,False,0.1256235124909026,0.25246683024373295,False,0.0,0.9
2022,no_synthetic_priority,Box Hill,1,ON,ALP+GRN+IND+LNP+OTH,ideology prior,False,False,0.0013640752841659728,0.013414709870467705,True,0.0,1.0
2022,no_synthetic_priority,Box Hill,2,IND,ALP+GRN+LNP+OTH,posterior scenario,False,False,0.014891354474200773,0.05808849810469506,False,0.0,0.8500000000000001
2022,no_synthetic_priority,Box Hill,3,OTH,ALP+GRN+LNP,posterior scenario,False,False,0.07901899222852359,0.06584586791564671,False,0.0,0.5999599959995999
2022,no_synthetic_priority,Box Hill,4,GRN,ALP+LNP,posterior scenario,False,False,0.1746902940541923,0.23231364039856908,False,0.0,0.9500000000000001
2022,no_synthetic_priority,Brighton,1,ON,ALP+GRN+IND+LNP+OTH,ideology prior,False,False,0.0013695321985602146,0.08038937477787861,True,0.0,1.0
2022,no_synthetic_priority,Brighton,2,OTH,ALP+GRN+IND+LNP,posterior scenario,False,False,0.08201531718982565,0.014830071719250215,False,0.0,0.7
2022,no_synthetic_priority,Brighton,3,IND,ALP+GRN+LNP,posterior scenario,False,False,0.11433047023967434,0.05320087935745489,False,0.0,0.85
2022,no_synthetic_priority,Brighton,4,GRN,ALP+LNP,posterior scenario,False,False,0.21672505116098273,0.0811476759352377,False,0.0,0.95
2022,no_synthetic_priority,Broadmeadows,1,ON,ALP+GRN+IND+LNP+OTH,ideology prior,False,False,0.002626057424493797,0.07261774540270334,True,0.0,1.0
2022,no_synthetic_priority,Broadmeadows,2,IND,ALP+GRN+LNP+OTH,posterior scenario,False,False,0.07546051630397575,0.007973019669022183,False,0.0,0.8500000000000001
2022,no_synthetic_priority,Broadmeadows,3,GRN,ALP+LNP+OTH,posterior scenario,False,False,0.0922393412043845,0.10575501704763128,False,0.0,0.95
2022,no_synthetic_priority,Broadmeadows,4,OTH,ALP+LNP,posterior scenario,False,False,0.21052131534341867,0.0221456827288829,False,0.0,0.27849999999999997
2022,no_synthetic_priority,Brunswick,1,ON,ALP+GRN+IND+LNP+OTH,ideology prior,False,False,0.0016348796498045076,0.018165781743925958,True,0.0,1.0
2022,no_synthetic_priority,Brunswick,2,IND,ALP+GRN+LNP+OTH,posterior scenario,False,False,0.020009522670577738,0.08245295384150228,False,0.0,0.85
2022,no_synthetic_priority,Brunswick,3,LNP,ALP+GRN+OTH,ideology prior,False,False,0.1067540839720783,0.04683817985815564,False,0.0,0.8
2022,no_synthetic_priority,Brunswick,4,OTH,ALP+GRN,ideology prior,False,False,0.1793673153930654,0.15373282009164344,False,0.0,0.633036696330367
2022,no_synthetic_priority,Bulleen,1,ON,ALP+GRN+IND+LNP+OTH,ideology prior,False,False,0.001583003184080514,0.008752511458791265,True,0.0,1.0
2022,no_synthetic_priority,Bulleen,2,IND,ALP+GRN+LNP+OTH,posterior scenario,False,False,0.010466150827965802,0.056505126437570136,False,0.0,0.85001499850015
2022,no_synthetic_priority,Bulleen,3,OTH,ALP+GRN+LNP,posterior scenario,False,False,0.07094582992692722,0.04145311144462051,False,0.0,0.6
2022,no_synthetic_priority,Bulleen,4,GRN,ALP+LNP,posterior scenario,False,False,0.13943288419179597,0.20103291093945377,False,0.0,0.95
2022,no_synthetic_priority,Bundoora,1,ON,ALP+GRN+IND+LNP+OTH,ideology prior,False,False,0.0019752186548963545,0.004720917636255902,True,0.0,1.0
2022,no_synthetic_priority,Bundoora,2,IND,ALP+GRN+LNP+OTH,posterior scenario,False,False,0.006859139772381567,0.10172626213340044,False,0.0,0.85
2022,no_synthetic_priority,Bundoora,3,OTH,ALP+GRN+LNP,posterior scenario,False,False,0.11085624377306529,0.012548811937187682,False,0.0,0.6
2022,no_synthetic_priority,Bundoora,4,GRN,ALP+LNP,posterior scenario,False,False,0.16597572013223438,0.15686271310239963,False,0.0,0.95
2022,no_synthetic_priority,Carrum,1,ON,ALP+GRN+IND+LNP+OTH,ideology prior,False,False,0.003365599735142259,0.016788703238255338,True,0.0,1.0
2022,no_synthetic_priority,Carrum,2,IND,ALP+GRN+LNP+OTH,posterior scenario,False,False,0.020446963819931708,0.052627080771065676,False,0.0,0.7499749974997499
2022,no_synthetic_priority,Carrum,3,GRN,ALP+LNP+OTH,posterior scenario,False,False,0.07500905658273786,0.041753282623943705,False,0.0,0.9
2022,no_synthetic_priority,Carrum,4,OTH,ALP+LNP,posterior scenario,False,False,0.12432765174887808,0.21100605060073144,False,0.0,0.25680000000000003
2022,no_synthetic_priority,Caulfield,1,ON,ALP+GRN+IND+LNP+OTH,ideology prior,False,False,0.0015808938889874896,0.04862555050057317,True,0.0,1.0
2022,no_synthetic_priority,Caulfield,2,IND,ALP+GRN+LNP+OTH,posterior scenario,False,False,0.0504084088070965,0.014417499159284045,False,0.0,0.85
2022,no_synthetic_priority,Caulfield,3,OTH,ALP+GRN+LNP,posterior scenario,False,False,0.07038757567443368,0.1051521815141292,False,0.0,0.5652999999999999
2022,no_synthetic_priority,Caulfield,4,GRN,ALP+LNP,posterior scenario,False,False,0.20617736009047577,0.1075330120681004,False,0.0,0.95
2022,no_synthetic_priority,Clarinda,1,ON,ALP+GRN+IND+LNP+OTH,ideology prior,False,False,0.002590224887284164,0.07693558056060337,True,0.0,1.0
2022,no_synthetic_priority,Clarinda,2,GRN,ALP+IND+LNP+OTH,posterior scenario,False,False,0.07972070100979484,0.002426529298077615,False,0.0,0.9500000000000001
2022,no_synthetic_priority,Clarinda,3,OTH,ALP+IND+LNP,posterior scenario,False,False,0.085587875600486,0.02095666498762465,False,0.0,0.47025297470252975
2022,no_synthetic_priority,Clarinda,4,IND,ALP+LNP,posterior scenario,False,False,0.13681530552604487,0.19074683742454762,False,0.0,0.8500000000000001
2022,no_synthetic_priority,Cranbourne,1,ON,ALP+GRN+IND+LNP+OTH,ideology prior,False,False,0.0038023994739229713,0.00878459521192177,True,0.0,1.0
2022,no_synthetic_priority,Cranbourne,2,IND,ALP+GRN+LNP+OTH,posterior scenario,False,False,0.012900784933692754,0.041634712763771904,False,0.0,0.85
2022,no_synthetic_priority,Cranbourne,3,GRN,ALP+LNP+OTH,posterior scenario,False,False,0.05660650773198733,0.1362505365154707,False,0.0,0.95
2022,no_synthetic_priority,Cranbourne,4,OTH,ALP+LNP,posterior scenario,False,False,0.208274632127879,0.09744385296298014,False,0.0,0.5
2022,no_synthetic_priority,Croydon,1,IND,ALP+GRN+LNP+ON+OTH,ideology prior,False,False,1.0057095120887805e-12,0.002232462947043084,True,0.2409774881516588,0.0
2022,no_synthetic_priority,Croydon,2,ON,ALP+GRN+LNP+OTH,federal ON evidence trial,False,False,0.0022324629482911467,0.1039261543889022,True,0.0,0.94
2022,no_synthetic_priority,Croydon,3,GRN,ALP+LNP+OTH,posterior scenario,False,False,0.10633988963972076,0.010477130207291435,False,0.0,0.9500000000000001
2022,no_synthetic_priority,Croydon,4,OTH,ALP+LNP,posterior scenario,False,False,0.12645470844773646,0.29184008373934434,False,0.0,0.3517
2022,no_synthetic_priority,Dandenong,1,ON,ALP+GRN+IND+LNP+OTH,ideology prior,False,False,0.0030221194209274676,0.00010791418994765154,True,0.0,1.0
2022,no_synthetic_priority,Dandenong,2,IND,ALP+GRN+LNP+OTH,posterior scenario,False,False,0.0033794318155147647,0.07826673378338755,False,0.0,0.85
2022,no_synthetic_priority,Dandenong,3,GRN,ALP+LNP+OTH,posterior scenario,False,False,0.08204246888192601,0.060436018218957666,False,0.0,0.95
2022,no_synthetic_priority,Dandenong,4,OTH,ALP+LNP,posterior scenario,False,False,0.16020505294311435,0.07001384477624198,False,0.0,0.5
2022,no_synthetic_priority,Eildon,1,ON,ALP+GRN+IND+LNP+OTH,ideology prior,False,False,0.003404794833323676,0.014677813266000896,True,0.0,1.0
2022,no_synthetic_priority,Eildon,2,IND,ALP+GRN+LNP+OTH,posterior scenario,False,False,0.018353986709717142,0.08352981083752692,False,0.0,0.75002499750025
2022,no_synthetic_priority,Eildon,3,OTH,ALP+GRN+LNP,posterior scenario,False,False,0.10778622297320169,0.008640740684124737,False,0.0,0.4
2022,no_synthetic_priority,Eildon,4,GRN,ALP+LNP,posterior scenario,False,False,0.15261473191141273,0.16736432338342877,False,0.0,0.8999999999999999
2022,no_synthetic_priority,Eltham,1,IND,ALP+GRN+LNP+ON+OTH,ideology prior,False,False,1.0058474911149543e-12,0.0023547605365616085,True,0.24097748815165876,0.0
2022,no_synthetic_priority,Eltham,2,ON,ALP+GRN+LNP+OTH,federal ON evidence trial,False,False,0.0023547605378098422,0.06717398534186399,True,0.0,0.94
2022,no_synthetic_priority,Eltham,3,OTH,ALP+GRN+LNP,posterior scenario,False,False,0.07005555755544599,0.059614600906445436,False,0.0,0.5
2022,no_synthetic_priority,Eltham,4,GRN,ALP+LNP,posterior scenario,False,False,0.15758257314972618,0.226331873865941,False,0.0,0.95
2022,no_synthetic_priority,Essendon,1,ON,ALP+GRN+IND+LNP+OTH,ideology prior,False,False,0.002768517208548225,0.0157774615992125,True,0.0,1.0
2022,no_synthetic_priority,Essendon,2,IND,ALP+GRN+LNP+OTH,posterior scenario,False,False,0.018774448674485578,0.1096421985481981,False,0.0,0.0
2022,no_synthetic_priority,Essendon,3,OTH,ALP+GRN+LNP,posterior scenario,False,False,0.1315940517815737,0.03378902339958531,False,0.0,0.6
2022,no_synthetic_priority,Essendon,4,GRN,ALP+LNP,posterior scenario,False,False,0.22135232233005553,0.11987231326441439,False,0.0,0.95
2022,no_synthetic_priority,Eureka,1,ON,ALP+GRN+IND+LNP+OTH,ideology prior,False,False,0.00399429759460021,0.02920533843336405,True,0.0,1.0
2022,no_synthetic_priority,Eureka,2,IND,ALP+GRN+LNP+OTH,posterior scenario,False,False,0.033518000858675324,0.07271694965664824,False,0.0,0.75002499750025
2022,no_synthetic_priority,Eureka,3,GRN,ALP+LNP+OTH,posterior scenario,False,False,0.10978312493595596,0.04434703817855348,False,0.0,0.9
2022,no_synthetic_priority,Eureka,4,OTH,ALP+LNP,posterior scenario,False,False,0.16497670380169116,0.18320289970435294,False,0.0,0.2703
2022,no_synthetic_priority,Euroa,1,IND,ALP+GRN+LNP+ON+OTH,ideology prior,False,False,9.834174744381516e-10,0.004082017067229611,True,0.31139634146341466,0.0
2022,no_synthetic_priority,Euroa,2,ON,ALP+GRN+LNP+OTH,federal ON evidence trial,False,False,0.004082018356879689,0.04960972805390479,True,0.0,0.95
2022,no_synthetic_priority,Euroa,3,GRN,ALP+LNP+OTH,posterior scenario,False,False,0.05378041474610696,0.05418640387853659,False,0.0,0.9
2022,no_synthetic_priority,Euroa,4,OTH,ALP+LNP,posterior scenario,False,False,0.11553709733323501,0.22314794083846407,False,0.0,0.4
2022,no_synthetic_priority,Evelyn,1,ON,ALP+GRN+IND+LNP+OTH,ideology prior,False,False,0.002694038245806304,0.011974482622554163,True,0.0,1.0
2022,no_synthetic_priority,Evelyn,2,IND,ALP+GRN+LNP+OTH,posterior scenario,False,False,0.01490278506364797,0.0709844704997748,False,0.0,0.75002499750025
2022,no_synthetic_priority,Evelyn,3,OTH,ALP+GRN+LNP,posterior scenario,False,False,0.09109056608685097,0.006668057507553504,False,0.0,0.44999999999999996
2022,no_synthetic_priority,Evelyn,4,GRN,ALP+LNP,posterior scenario,False,False,0.13068677007786317,0.2237906731201913,False,0.0,0.8999999999999999
2022,no_synthetic_priority,Footscray,1,ON,ALP+GRN+IND+LNP+OTH,ideology prior,False,False,0.0021958701873601738,0.0011964480959725074,True,0.0,1.0
2022,no_synthetic_priority,Footscray,2,IND,ALP+GRN+LNP+OTH,posterior scenario,False,False,0.0036728479548456547,0.1533194277780071,False,0.0,0.0
2022,no_synthetic_priority,Footscray,3,OTH,ALP+GRN+LNP,posterior scenario,False,False,0.15758727903110736,0.02116483754670176,False,0.0,0.7000299970002999
2022,no_synthetic_priority,Footscray,4,LNP,ALP+GRN,posterior scenario,False,False,0.20858439758824376,0.09536063035588793,False,0.0,0.8
2022,no_synthetic_priority,Frankston,1,ON,ALP+GRN+IND+LNP+OTH,ideology prior,False,False,0.0031452819259243344,0.024761204974116397,True,0.0,1.0
2022,no_synthetic_priority,Frankston,2,IND,ALP+GRN+LNP+OTH,posterior scenario,False,False,0.02816604900072381,0.08893652816278186,False,0.0,0.85
2022,no_synthetic_priority,Frankston,3,GRN,ALP+LNP+OTH,posterior scenario,False,False,0.12169698556719903,0.034693012727688696,False,0.0,0.9500000000000001
2022,no_synthetic_priority,Frankston,4,OTH,ALP+LNP,posterior scenario,False,False,0.16941499467765947,0.1539256268524582,False,0.0,0.5
2022,no_synthetic_priority,Geelong,1,ON,ALP+GRN+IND+LNP+OTH,ideology prior,False,False,0.0038787373552689624,0.07775959576988682,True,0.0,1.0
2022,no_synthetic_priority,Geelong,2,IND,ALP+GRN+LNP+OTH,posterior scenario,False,False,0.08197561463430961,0.0040973960329943465,False,0.0,0.75
2022,no_synthetic_priority,Geelong,3,OTH,ALP+GRN+LNP,posterior scenario,False,False,0.11142413700371528,0.0446490283231446,False,0.0,0.5000499950005
2022,no_synthetic_priority,Geelong,4,GRN,ALP+LNP,posterior scenario,False,False,0.1948231800874019,0.13145006806963327,False,0.0,0.9
2022,no_synthetic_priority,Gippsland East,1,ON,ALP+GRN+IND+LNP+OTH,ideology prior,False,False,0.004637766176699005,0.017683433422642038,True,0.0,1.0
2022,no_synthetic_priority,Gippsland East,2,IND,ALP+GRN+LNP+OTH,posterior scenario,False,False,0.022690851987214773,0.042473997635622616,False,0.0,0.0
2022,no_synthetic_priority,Gippsland East,3,GRN,ALP+LNP+OTH,posterior scenario,False,False,0.06798721793787117,0.06419814179329601,False,0.0,0.9
2022,no_synthetic_priority,Gippsland East,4,OTH,ALP+LNP,posterior scenario,False,False,0.14086704312774823,0.0769504652891759,False,0.0,0.4
2022,no_synthetic_priority,Gippsland South,1,ON,ALP+GRN+IND+LNP+OTH,ideology prior,False,False,0.004288006884195903,0.045128138306573556,True,0.0,1.0
2022,no_synthetic_priority,Gippsland South,2,IND,ALP+GRN+LNP+OTH,posterior scenario,False,False,0.04975792007194516,0.03755454650052826,False,0.0,0.75002499750025
2022,no_synthetic_priority,Gippsland South,3,GRN,ALP+LNP+OTH,posterior scenario,False,False,0.09366164311489868,0.00012898066468923497,False,0.0,0.9
2022,no_synthetic_priority,Gippsland South,4,OTH,ALP+LNP,posterior scenario,False,False,0.10300557638148057,0.20161898230531622,False,0.0,0.2073
2022,no_synthetic_priority,Glen Waverley,1,IND,ALP+GRN+LNP+ON+OTH,ideology prior,False,False,9.894388520464058e-10,0.0014749504886148893,True,0.24097748815165881,0.0
2022,no_synthetic_priority,Glen Waverley,2,ON,ALP+GRN+LNP+OTH,federal ON evidence trial,False,False,0.0014749517164862305,0.08599851100030766,True,0.0,0.94
2022,no_synthetic_priority,Glen Waverley,3,OTH,ALP+GRN+LNP,posterior scenario,False,False,0.08780344181319163,0.006049465680090391,False,0.0,0.6000399960004
2022,no_synthetic_priority,Glen Waverley,4,GRN,ALP+LNP,posterior scenario,False,False,0.128586618743918,0.2963409390065356,False,0.0,0.9500000000000001
2022,no_synthetic_priority,Greenvale,1,ON,ALP+GRN+IND+LNP+OTH,ideology prior,False,False,0.002054967141202229,0.05662705869894046,True,0.0,1.0
2022,no_synthetic_priority,Greenvale,2,IND,ALP+GRN+LNP+OTH,posterior scenario,False,False,0.05885161050713511,0.003514575499714817,False,0.0,0.8500000000000001
2022,no_synthetic_priority,Greenvale,3,GRN,ALP+LNP+OTH,posterior scenario,False,False,0.06981408141303373,0.12814562508754768,False,0.0,0.95000499950005
2022,no_synthetic_priority,Greenvale,4,OTH,ALP+LNP,posterior scenario,False,False,0.22349324170020451,0.05185872746272879,False,0.0,0.5
2022,no_synthetic_priority,Hastings,1,ON,ALP+GRN+IND+LNP+OTH,ideology prior,False,False,0.0035765564197238822,0.005680671719816894,True,0.0,1.0
2022,no_synthetic_priority,Hastings,2,IND,ALP+GRN+LNP+OTH,posterior scenario,False,False,0.009542296978836391,0.09166648430678609,False,0.0,0.75
2022,no_synthetic_priority,Hastings,3,GRN,ALP+LNP+OTH,posterior scenario,False,False,0.10231072458608176,0.01558357768325426,False,0.0,0.9
2022,no_synthetic_priority,Hastings,4,OTH,ALP+LNP,posterior scenario,False,False,0.12743638881149058,0.3000104672241296,False,0.0,0.258
2022,no_synthetic_priority,Hawthorn,1,ON,ALP+GRN+IND+LNP+OTH,ideology prior,False,False,0.0010046559612420112,0.06378696080791106,True,0.0,1.0
2022,no_synthetic_priority,Hawthorn,2,OTH,ALP+GRN+IND+LNP,posterior scenario,False,False,0.06497971314956182,0.06316314400889354,False,0.0,0.7
2022,no_synthetic_priority,Hawthorn,3,GRN,ALP+IND+LNP,posterior scenario,False,False,0.14604494297617496,0.021907370647463426,False,0.0,0.95000499950005
2022,no_synthetic_priority,Hawthorn,4,IND,ALP+LNP,posterior scenario,False,False,0.23342888409695728,0.08244617197950838,False,0.0,0.85
2022,no_synthetic_priority,Ivanhoe,1,ON,ALP+GRN+IND+LNP+OTH,ideology prior,False,False,0.0019710914208744975,0.011144735810823932,True,0.0,1.0
2022,no_synthetic_priority,Ivanhoe,2,IND,ALP+GRN+LNP+OTH,posterior scenario,False,False,0.013278490115945354,0.0566757412428672,False,0.0,0.84998499849985
2022,no_synthetic_priority,Ivanhoe,3,OTH,ALP+GRN+LNP,posterior scenario,False,False,0.0733098669664647,0.11400681984417714,False,0.0,0.6
2022,no_synthetic_priority,Ivanhoe,4,GRN,ALP+LNP,posterior scenario,False,False,0.21604439699152383,0.12707465118985645,False,0.0,0.95
2022,no_synthetic_priority,Kalkallo,1,ON,ALP+GRN+IND+LNP+OTH,ideology prior,False,False,0.002482927388392318,0.01431688813716557,True,0.0,1.0
2022,no_synthetic_priority,Kalkallo,2,IND,ALP+GRN+LNP+OTH,posterior scenario,False,False,0.017015722254983306,0.03996944654265033,False,0.0,0.7499749974997499
2022,no_synthetic_priority,Kalkallo,3,GRN,ALP+LNP+OTH,posterior scenario,False,False,0.05905984994525909,0.10148815441788395,False,0.0,0.9
2022,no_synthetic_priority,Kalkallo,4,OTH,ALP+LNP,posterior scenario,False,False,0.17521099258655026,0.0774823754701559,False,0.0,0.45
2022,no_synthetic_priority,Kew,1,ON,ALP+GRN+IND+LNP+OTH,ideology prior,False,False,0.0010392323903291405,0.04930202103519169,True,0.0,1.0
2022,no_synthetic_priority,Kew,2,OTH,ALP+GRN+IND+LNP,posterior scenario,False,False,0.05053582336644148,0.04858108644351965,False,0.0,0.7
2022,no_synthetic_priority,Kew,3,GRN,ALP+IND+LNP,posterior scenario,False,False,0.11339172234324628,0.063521380552078,False,0.0,0.9500000000000001
2022,no_synthetic_priority,Kew,4,IND,ALP+LNP,posterior scenario,False,False,0.22380118426589704,0.06910825887227925,False,0.0,0.85
2022,no_synthetic_priority,Kororoit,1,ON,ALP+GRN+IND+LNP+OTH,ideology prior,False,False,0.0026911867366402197,0.014918163286687849,True,0.0,1.0
2022,no_synthetic_priority,Kororoit,2,IND,ALP+GRN+LNP+OTH,posterior scenario,False,False,0.01783143824916731,0.053524504193370424,False,0.0,0.84998499849985
2022,no_synthetic_priority,Kororoit,3,GRN,ALP+LNP+OTH,posterior scenario,False,False,0.07350048426796675,0.13894359313685534,False,0.0,0.95
2022,no_synthetic_priority,Kororoit,4,OTH,ALP+LNP,posterior scenario,False,False,0.23762576179584563,0.007183708704964237,False,0.0,0.5
2022,no_synthetic_priority,Lara,1,ON,ALP+GRN+IND+LNP+OTH,ideology prior,False,False,0.004720877007826687,0.014662652493201494,True,0.0,1.0
2022,no_synthetic_priority,Lara,2,IND,ALP+GRN+LNP+OTH,posterior scenario,False,False,0.019794040545187023,0.0846044976319394,False,0.0,0.7499749974997499
2022,no_synthetic_priority,Lara,3,GRN,ALP+LNP+OTH,posterior scenario,False,False,0.109874580846427,0.04401694481018757,False,0.0,0.8999999999999999
2022,no_synthetic_priority,Lara,4,OTH,ALP+LNP,posterior scenario,False,False,0.16500771535091718,0.08297423964020287,False,0.0,0.3065
2022,no_synthetic_priority,Laverton,1,ON,ALP+GRN+IND+LNP+OTH,ideology prior,False,False,0.002628872656348682,0.020512024807477613,True,0.0,1.0
2022,no_synthetic_priority,Laverton,2,IND,ALP+GRN+LNP+OTH,posterior scenario,False,False,0.023357843265563807,0.08011894244262867,False,0.0,0.84998499849985
2022,no_synthetic_priority,Laverton,3,GRN,ALP+LNP+OTH,posterior scenario,False,False,0.10647549699397758,0.09060104492443354,False,0.0,0.95
2022,no_synthetic_priority,Laverton,4,OTH,ALP+LNP,posterior scenario,False,False,0.2080770111259305,0.026735796533406492,False,0.0,0.31489999999999996
2022,no_synthetic_priority,Lowan,1,ON,ALP+GRN+IND+LNP+OTH,ideology prior,False,False,0.0038674576035303636,0.03799869762105378,True,0.0,1.0
2022,no_synthetic_priority,Lowan,2,IND,ALP+GRN+LNP+OTH,posterior scenario,False,False,0.04217441029473582,0.017783283834455994,False,0.0,0.75
2022,no_synthetic_priority,Lowan,3,GRN,ALP+LNP+OTH,posterior scenario,False,False,0.06264107106350335,0.05038522806551876,False,0.0,0.7507
2022,no_synthetic_priority,Lowan,4,OTH,ALP+LNP,posterior scenario,False,False,0.11902260549859278,0.12186794588353889,False,0.0,0.22657734226577342
2022,no_synthetic_priority,Macedon,1,ON,ALP+GRN+IND+LNP+OTH,ideology prior,False,False,0.0032345996956772293,0.04637222685575896,True,0.0,1.0
2022,no_synthetic_priority,Macedon,2,IND,ALP+GRN+LNP+OTH,posterior scenario,False,False,0.04986463978646516,0.04539842943166428,False,0.0,0.75
2022,no_synthetic_priority,Macedon,3,OTH,ALP+GRN+LNP,posterior scenario,False,False,0.10422677774481336,0.0288314579088131,False,0.0,0.39999999999999997
2022,no_synthetic_priority,Macedon,4,GRN,ALP+LNP,posterior scenario,False,False,0.16765021962170207,0.21675087859167358,False,0.0,0.9
2022,no_synthetic_priority,Malvern,1,ON,ALP+GRN+IND+LNP+OTH,ideology prior,False,False,0.0012061519796098283,0.009757229341057879,True,0.0,1.0
2022,no_synthetic_priority,Malvern,2,IND,ALP+GRN+LNP+OTH,posterior scenario,False,False,0.011117471221146496,0.06223743385058042,False,0.0,0.85
2022,no_synthetic_priority,Malvern,3,OTH,ALP+GRN+LNP,posterior scenario,False,False,0.07550672713819656,0.07784262163321745,False,0.0,0.7000000000000001
2022,no_synthetic_priority,Malvern,4,GRN,ALP+LNP,posterior scenario,False,False,0.18705324501397796,0.08638233746726909,False,0.0,0.95
2022,no_synthetic_priority,Melbourne,1,ON,ALP+GRN+IND+LNP+OTH,ideology prior,False,False,0.0017955196572406445,0.007247815233924884,True,0.0,1.0
2022,no_synthetic_priority,Melbourne,2,IND,ALP+GRN+LNP+OTH,posterior scenario,False,False,0.00927271845971169,0.12297392550451731,False,0.0,0.84998499849985
2022,no_synthetic_priority,Melbourne,3,OTH,ALP+GRN+LNP,posterior scenario,False,False,0.13569919824975285,0.042461344800691275,False,0.0,0.7
2022,no_synthetic_priority,Melbourne,4,LNP,ALP+GRN,posterior scenario,False,False,0.20322185677252672,0.13922916425901474,False,0.0,0.8
2022,no_synthetic_priority,Melton,1,ON,ALP+GRN+IND+LNP+OTH,ideology prior,False,False,0.0037311857901750492,0.044065447521356015,True,0.0,1.0
2022,no_synthetic_priority,Melton,2,GRN,ALP+IND+LNP+OTH,posterior scenario,False,False,0.04783480401015178,0.11916260300928813,False,0.0,0.8999999999999999
2022,no_synthetic_priority,Melton,3,OTH,ALP+IND+LNP,posterior scenario,False,False,0.17167855375827878,0.06156470427728983,False,0.0,0.3978
2022,no_synthetic_priority,Melton,4,IND,ALP+LNP,posterior scenario,False,False,0.29549385403963174,0.012576261267717381,False,0.0,0.75
2022,no_synthetic_priority,Mildura,1,ON,ALP+GRN+IND+LNP+OTH,ideology prior,False,False,0.003994039429955762,0.022557634281370104,True,0.0,1.0
2022,no_synthetic_priority,Mildura,2,GRN,ALP+IND+LNP+OTH,posterior scenario,False,False,0.02657154455426097,0.036868753272911364,False,0.0,0.9000099990001
2022,no_synthetic_priority,Mildura,3,OTH,ALP+IND+LNP,posterior scenario,False,False,0.06823639318166375,0.0560413747250158,False,0.0,0.39999999999999997
2022,no_synthetic_priority,Mildura,4,ALP,IND+LNP,posterior scenario,False,False,0.13803339090206354,0.27838983436216314,False,0.0,0.75
2022,no_synthetic_priority,Mill Park,1,IND,ALP+GRN+LNP+ON+OTH,ideology prior,False,False,1.0261886015669724e-09,0.0034602475878400176,True,0.24097748815165881,0.0
2022,no_synthetic_priority,Mill Park,2,ON,ALP+GRN+LNP+OTH,federal ON evidence trial,False,False,0.003460248861316971,0.06859288541757405,True,0.0,0.94
2022,no_synthetic_priority,Mill Park,3,GRN,ALP+LNP+OTH,posterior scenario,False,False,0.0723341007990051,0.09819212718311737,False,0.0,0.9500000000000001
2022,no_synthetic_priority,Mill Park,4,OTH,ALP+LNP,posterior scenario,False,False,0.1847000370710688,0.07888829889189336,False,0.0,0.5
2022,no_synthetic_priority,Monbulk,1,ON,ALP+GRN+IND+LNP+OTH,ideology prior,False,False,0.0026842980467687424,0.08205520190407568,True,0.0,1.0
2022,no_synthetic_priority,Monbulk,2,IND,ALP+GRN+LNP+OTH,posterior scenario,False,False,0.08497291717230258,0.006118799327727395,False,0.0,0.7499749974997499
2022,no_synthetic_priority,Monbulk,3,OTH,ALP+GRN+LNP,posterior scenario,False,False,0.10168915820698834,0.06883163558918612,False,0.0,0.25229999999999997
2022,no_synthetic_priority,Monbulk,4,GRN,ALP+LNP,posterior scenario,False,False,0.2073425031307475,0.17520240556628583,False,0.0,0.9
2022,no_synthetic_priority,Mordialloc,1,ON,ALP+GRN+IND+LNP+OTH,ideology prior,False,False,0.0025644404620145003,0.06464602445192445,True,0.0,1.0
2022,no_synthetic_priority,Mordialloc,2,IND,ALP+GRN+LNP+OTH,posterior scenario,False,False,0.06742209349575568,0.015095725236515964,False,0.0,0.8500000000000001
2022,no_synthetic_priority,Mordialloc,3,OTH,ALP+GRN+LNP,posterior scenario,False,False,0.09049592012265718,0.021678982991962317,False,0.0,0.3657
2022,no_synthetic_priority,Mordialloc,4,GRN,ALP+LNP,posterior scenario,False,False,0.14701382714262304,0.22073962519643767,False,0.0,0.9500000000000001
2022,no_synthetic_priority,Mornington,1,ON,ALP+GRN+IND+LNP+OTH,ideology prior,False,False,0.0022765986615822546,0.06093266515948177,True,0.0,1.0
2022,no_synthetic_priority,Mornington,2,OTH,ALP+GRN+IND+LNP,posterior scenario,False,False,0.06366924155575711,0.008652946200631062,False,0.0,0.45
2022,no_synthetic_priority,Mornington,3,GRN,ALP+IND+LNP,posterior scenario,False,False,0.08610014458592781,0.10957022920126476,False,0.0,0.8999899989999001
2022,no_synthetic_priority,Mornington,4,IND,ALP+LNP,posterior scenario,False,False,0.23111366510682624,0.043472290512422906,False,0.0,0.0
2022,no_synthetic_priority,Morwell,1,ON,ALP+GRN+IND+LNP+OTH,ideology prior,False,False,0.0054528348553121,0.036752476940536696,True,0.0,1.0
2022,no_synthetic_priority,Morwell,2,GRN,ALP+IND+LNP+OTH,posterior scenario,False,False,0.04226109527262949,0.096132700430466,False,0.0,0.9
2022,no_synthetic_priority,Morwell,3,IND,ALP+LNP+OTH,posterior scenario,False,False,0.14281755714357788,0.015961768201955245,False,0.0,0.75
2022,no_synthetic_priority,Morwell,4,OTH,ALP+LNP,posterior scenario,False,False,0.20891245731544383,0.18200900664939262,False,0.0,0.5
2022,no_synthetic_priority,Mulgrave,1,ON,ALP+GRN+IND+LNP+OTH,ideology prior,False,False,0.0025157690937321086,0.052228525936191275,True,0.0,1.0
2022,no_synthetic_priority,Mulgrave,2,GRN,ALP+IND+LNP+OTH,posterior scenario,False,False,0.05493358833551973,0.017511353299231674,False,0.0,0.9500000000000001
2022,no_synthetic_priority,Mulgrave,3,OTH,ALP+IND+LNP,posterior scenario,False,False,0.0748253461843371,0.09354779839449846,False,0.0,0.5064
2022,no_synthetic_priority,Mulgrave,4,IND,ALP+LNP,posterior scenario,False,False,0.19487197737824566,0.03711242155094385,False,0.0,0.0
2022,no_synthetic_priority,Murray Plains,1,ON,ALP+GRN+IND+LNP+OTH,ideology prior,False,False,0.004391404121111984,0.014346975848599085,True,0.0,1.0
2022,no_synthetic_priority,Murray Plains,2,IND,ALP+GRN+LNP+OTH,posterior scenario,False,False,0.019088396110594433,0.022701817347149166,False,0.0,0.75
2022,no_synthetic_priority,Murray Plains,3,GRN,ALP+LNP+OTH,posterior scenario,False,False,0.04413103955827246,0.111147261118618,False,0.0,0.9
2022,no_synthetic_priority,Murray Plains,4,OTH,ALP+LNP,posterior scenario,False,False,0.16525651552683895,0.03149970497677618,False,0.0,0.4
2022,no_synthetic_priority,Narracan,1,ON,ALP+GRN+IND+LNP+OTH,ideology prior,False,False,0.00368229290512895,0.009049665414349966,True,0.0,1.0
2022,no_synthetic_priority,Narracan,2,OTH,ALP+GRN+IND+LNP,posterior scenario,False,False,0.013508304028197787,0.04851929030184815,False,0.0,0.0
2022,no_synthetic_priority,Narracan,3,IND,ALP+GRN+LNP,posterior scenario,False,False,0.06466362826789589,0.08987145991952074,False,0.0,0.0
2022,no_synthetic_priority,Narracan,4,GRN,ALP+LNP,posterior scenario,False,False,0.1714932564825753,0.11970228556272378,False,0.0,0.0
2022,no_synthetic_priority,Narre Warren North,1,ON,ALP+GRN+IND+LNP+OTH,ideology prior,False,False,0.003727889048727635,0.011998934899297427,True,0.0,1.0
2022,no_synthetic_priority,Narre Warren North,2,IND,ALP+GRN+LNP+OTH,posterior scenario,False,False,0.01603446527728899,0.05176775209781448,False,0.0,0.8500149985001499
2022,no_synthetic_priority,Narre Warren North,3,GRN,ALP+LNP+OTH,posterior scenario,False,False,0.06998448081810307,0.09275922482537186,False,0.0,0.9500000000000001
2022,no_synthetic_priority,Narre Warren North,4,OTH,ALP+LNP,posterior scenario,False,False,0.17747059477226465,0.12729851759059171,False,0.0,0.5
2022,no_synthetic_priority,Narre Warren South,1,ON,ALP+GRN+IND+LNP+OTH,ideology prior,False,False,0.0035392292666361525,0.003851605187594785,True,0.0,1.0
2022,no_synthetic_priority,Narre Warren South,2,IND,ALP+GRN+LNP+OTH,posterior scenario,False,False,0.007682906772351397,0.05907526414714927,False,0.0,0.8499849984998501
2022,no_synthetic_priority,Narre Warren South,3,GRN,ALP+LNP+OTH,posterior scenario,False,False,0.06773343900065486,0.08870536838753508,False,0.0,0.9499949994999499
2022,no_synthetic_priority,Narre Warren South,4,OTH,ALP+LNP,posterior scenario,False,False,0.17269725076168974,0.13785537064489395,False,0.0,0.5
2022,no_synthetic_priority,Nepean,1,ON,ALP+GRN+IND+LNP+OTH,ideology prior,False,False,0.002808026745550097,0.03382669811716441,True,0.0,1.0
2022,no_synthetic_priority,Nepean,2,IND,ALP+GRN+LNP+OTH,posterior scenario,False,False,0.036878901101458,0.034839895677120855,False,0.0,0.75
2022,no_synthetic_priority,Nepean,3,OTH,ALP+GRN+LNP,posterior scenario,False,False,0.08238707970285236,0.01644292800157672,False,0.0,0.44999999999999996
2022,no_synthetic_priority,Nepean,4,GRN,ALP+LNP,posterior scenario,False,False,0.12812432038953822,0.21588040672401584,False,0.0,0.8999999999999999
2022,no_synthetic_priority,Niddrie,1,IND,ALP+GRN+LNP+ON+OTH,ideology prior,False,False,1.0057816847465528e-12,0.0036146667464100565,True,0.24097748815165881,0.0
2022,no_synthetic_priority,Niddrie,2,ON,ALP+GRN+LNP+OTH,federal ON evidence trial,False,False,0.003614666747658209,0.07140160251019881,True,0.0,0.94
2022,no_synthetic_priority,Niddrie,3,GRN,ALP+LNP+OTH,posterior scenario,False,False,0.07530977422495079,0.05811299353585382,False,0.0,0.95
2022,no_synthetic_priority,Niddrie,4,OTH,ALP+LNP,posterior scenario,False,False,0.14027288922013406,0.2147246200509321,False,0.0,0.43879999999999997
2022,no_synthetic_priority,Northcote,1,ON,ALP+GRN+IND+LNP+OTH,ideology prior,False,False,0.0023373221277564224,0.007470348820300747,True,0.0,1.0
2022,no_synthetic_priority,Northcote,2,IND,ALP+GRN+LNP+OTH,posterior scenario,False,False,0.010106271572307991,0.10906236036885547,False,0.0,0.8500149985001499
2022,no_synthetic_priority,Northcote,3,LNP,ALP+GRN+OTH,ideology prior,False,False,0.12010148633808365,0.0362070419917189,False,0.0,0.8
2022,no_synthetic_priority,Northcote,4,OTH,ALP+GRN,ideology prior,False,False,0.18548724938855224,0.19593846726971323,False,0.0,0.5543
2022,no_synthetic_priority,Oakleigh,1,ON,ALP+GRN+IND+LNP+OTH,ideology prior,False,False,0.002525756270731484,0.020093828908273482,True,0.0,1.0
2022,no_synthetic_priority,Oakleigh,2,IND,ALP+GRN+LNP+OTH,posterior scenario,False,False,0.022828021376104166,0.046657311667680224,False,0.0,0.85
2022,no_synthetic_priority,Oakleigh,3,OTH,ALP+GRN+LNP,posterior scenario,False,False,0.07220104911913042,0.0892431861275921,False,0.0,0.40259999999999996
2022,no_synthetic_priority,Oakleigh,4,GRN,ALP+LNP,posterior scenario,False,False,0.18983882911225194,0.13881283269835612,False,0.0,0.9500000000000001
2022,no_synthetic_priority,Ovens Valley,1,ON,ALP+GRN+IND+LNP+OTH,ideology prior,False,False,0.0033177208164220907,0.04539713521209315,True,0.0,1.0
2022,no_synthetic_priority,Ovens Valley,2,IND,ALP+GRN+LNP+OTH,posterior scenario,False,False,0.04897929441875804,0.032019182693850685,False,0.0,0.0
2022,no_synthetic_priority,Ovens Valley,3,GRN,ALP+LNP+OTH,posterior scenario,False,False,0.08714636916368934,0.09926131112604425,False,0.0,0.9
2022,no_synthetic_priority,Ovens Valley,4,OTH,ALP+LNP,posterior scenario,False,False,0.19561095350346908,0.0687092785192514,False,0.0,0.3241
2022,no_synthetic_priority,Pakenham,1,ON,ALP+GRN+IND+LNP+OTH,ideology prior,False,False,0.003653403774982029,0.06752493401554943,True,0.0,1.0
2022,no_synthetic_priority,Pakenham,2,GRN,ALP+IND+LNP+OTH,posterior scenario,False,False,0.07121571276521158,0.0018305339323625158,False,0.0,0.8999899989999
2022,no_synthetic_priority,Pakenham,3,IND,ALP+LNP+OTH,posterior scenario,False,False,0.08415048685004645,0.08275421944686215,False,0.0,0.75
2022,no_synthetic_priority,Pakenham,4,OTH,ALP+LNP,posterior scenario,False,False,0.18355732091560686,0.21912029298650812,False,0.0,0.2484
2022,no_synthetic_priority,Pascoe Vale,1,ON,ALP+GRN+IND+LNP+OTH,ideology prior,False,False,0.002318246320926535,0.08914454925811897,True,0.0,1.0
2022,no_synthetic_priority,Pascoe Vale,2,IND,ALP+GRN+LNP+OTH,posterior scenario,False,False,0.09165410716863653,0.037614424763844856,False,0.0,0.85
2022,no_synthetic_priority,Pascoe Vale,3,OTH,ALP+GRN+LNP,posterior scenario,False,False,0.16197353227937805,0.03530191502857277,False,0.0,0.6000000000000001
2022,no_synthetic_priority,Pascoe Vale,4,LNP,ALP+GRN,posterior scenario,False,False,0.24522739828289006,0.06459995279459826,False,0.0,0.7
2022,no_synthetic_priority,Point Cook,1,ON,ALP+GRN+IND+LNP+OTH,ideology prior,False,False,0.0031752468782149817,0.06834925391553305,True,0.0,1.0
2022,no_synthetic_priority,Point Cook,2,GRN,ALP+IND+LNP+OTH,posterior scenario,False,False,0.07176341500060401,0.05391337915643776,False,0.0,0.95
2022,no_synthetic_priority,Point Cook,3,IND,ALP+LNP+OTH,posterior scenario,False,False,0.12999805790910707,0.020256311858272646,False,0.0,0.5315
2022,no_synthetic_priority,Point Cook,4,OTH,ALP+LNP,posterior scenario,False,False,0.17757174730212436,0.12958981647068826,False,0.0,0.2788
2022,no_synthetic_priority,Polwarth,1,ON,ALP+GRN+IND+LNP+OTH,ideology prior,False,False,0.0022828710331007297,0.031127936959639668,True,0.0,1.0
2022,no_synthetic_priority,Polwarth,2,IND,ALP+GRN+LNP+OTH,posterior scenario,False,False,0.03359276385175571,0.06576115470308158,False,0.0,0.7499749974997499
2022,no_synthetic_priority,Polwarth,3,OTH,ALP+GRN+LNP,posterior scenario,False,False,0.10372240867107448,0.05459243648232666,False,0.0,0.3267
2022,no_synthetic_priority,Polwarth,4,GRN,ALP+LNP,posterior scenario,False,False,0.19306703129539562,0.11698251203617607,False,0.0,0.9
2022,no_synthetic_priority,Prahran,1,ON,ALP+GRN+IND+LNP+OTH,ideology prior,False,False,0.0016712047152887505,0.006705889739156819,True,0.0,1.0
2022,no_synthetic_priority,Prahran,2,IND,ALP+GRN+LNP+OTH,posterior scenario,False,False,0.00859059637842519,0.08896957477595482,False,0.0,0.85001499850015
2022,no_synthetic_priority,Prahran,3,OTH,ALP+GRN+LNP,posterior scenario,False,False,0.09998028294556598,0.15150849091753155,False,0.0,0.7
2022,no_synthetic_priority,Prahran,4,ALP,GRN+LNP,posterior scenario,False,False,0.27956073930243736,0.06475665124692942,False,0.0,0.9
2022,no_synthetic_priority,Preston,1,ON,ALP+GRN+IND+LNP+OTH,ideology prior,False,False,0.003094279891956797,0.12564540006007394,True,0.0,1.0
2022,no_synthetic_priority,Preston,2,IND,ALP+GRN+LNP+OTH,posterior scenario,False,False,0.12899503314699803,0.020812886787487245,False,0.0,0.85
2022,no_synthetic_priority,Preston,3,OTH,ALP+GRN+LNP,posterior scenario,False,False,0.16607222236075445,0.02514537000155309,False,0.0,0.6000000000000001
2022,no_synthetic_priority,Preston,4,LNP,ALP+GRN,posterior scenario,False,False,0.2494786866200223,0.012242120477689772,False,0.0,0.7000000000000001
2022,no_synthetic_priority,Richmond,1,ON,ALP+GRN+IND+LNP+OTH,ideology prior,False,False,0.0016337250375932034,0.035661824555791824,True,0.0,1.0
2022,no_synthetic_priority,Richmond,2,IND,ALP+GRN+LNP+OTH,posterior scenario,False,False,0.0375042633647075,0.09513367910480103,False,0.0,0.8500149985001499
2022,no_synthetic_priority,Richmond,3,OTH,ALP+GRN+LNP,posterior scenario,False,False,0.14530491540249754,0.0008043901170040058,False,0.0,0.7000299970003
2022,no_synthetic_priority,Richmond,4,LNP,ALP+GRN,posterior scenario,False,False,0.1729711396391953,0.21526055455898185,False,0.0,0.8
2022,no_synthetic_priority,Ringwood,1,IND,ALP+GRN+LNP+ON+OTH,ideology prior,False,False,1.0055779263577865e-12,0.0016525445555308513,True,0.24097748815165876,0.0
2022,no_synthetic_priority,Ringwood,2,ON,ALP+GRN+LNP+OTH,federal ON evidence trial,False,False,0.0016525445567787509,0.10080068233132465,True,0.0,0.94
2022,no_synthetic_priority,Ringwood,3,OTH,ALP+GRN+LNP,posterior scenario,False,False,0.10282293741843407,0.05043482469282776,False,0.0,0.5
2022,no_synthetic_priority,Ringwood,4,GRN,ALP+LNP,posterior scenario,False,False,0.19432044796936473,0.20266766939115213,False,0.0,0.95
2022,no_synthetic_priority,Ripon,1,ON,ALP+GRN+IND+LNP+OTH,ideology prior,False,False,0.0039395461229839515,0.016566612452687687,True,0.0,1.0
2022,no_synthetic_priority,Ripon,2,IND,ALP+GRN+LNP+OTH,posterior scenario,False,False,0.02082015944937162,0.03689287599023502,False,0.0,0.75
2022,no_synthetic_priority,Ripon,3,GRN,ALP+LNP+OTH,posterior scenario,False,False,0.059179995540752095,0.12620974430746584,False,0.0,0.9
2022,no_synthetic_priority,Ripon,4,OTH,ALP+LNP,posterior scenario,False,False,0.19514876125128838,0.18017280785832818,False,0.0,0.4
2022,no_synthetic_priority,Rowville,1,ON,ALP+GRN+IND+LNP+OTH,ideology prior,False,False,0.0019421694667378776,0.06638047418845536,True,0.0,1.0
2022,no_synthetic_priority,Rowville,2,OTH,ALP+GRN+IND+LNP,posterior scenario,False,False,0.06870919194711679,0.0098021744471503,False,0.0,0.5000499950005
2022,no_synthetic_priority,Rowville,3,GRN,ALP+IND+LNP,posterior scenario,False,False,0.09614169844935927,0.020777815588012893,False,0.0,0.95
2022,no_synthetic_priority,Rowville,4,IND,ALP+LNP,posterior scenario,False,False,0.1379939172882724,0.25510046969566247,False,0.0,0.85
2022,no_synthetic_priority,Sandringham,1,ON,ALP+GRN+IND+LNP+OTH,ideology prior,False,False,0.0015875836957654473,0.07516563125047432,True,0.0,1.0
2022,no_synthetic_priority,Sandringham,2,IND,ALP+GRN+LNP+OTH,posterior scenario,False,False,0.07688422913472527,0.011339372443929532,False,0.0,0.8500000000000001
2022,no_synthetic_priority,Sandringham,3,OTH,ALP+GRN+LNP,posterior scenario,False,False,0.09730970098342458,0.05311560001455777,False,0.0,0.48295170482951705
2022,no_synthetic_priority,Sandringham,4,GRN,ALP+LNP,posterior scenario,False,False,0.188831873056662,0.11893594875118058,False,0.0,0.95
2022,no_synthetic_priority,Shepparton,1,ON,ALP+GRN+IND+LNP+OTH,ideology prior,False,False,0.004003199555529636,0.02146720623391221,True,0.0,1.0
2022,no_synthetic_priority,Shepparton,2,GRN,ALP+IND+LNP+OTH,posterior scenario,False,False,0.02551135923758026,0.05793600972002068,False,0.0,0.9000099990001
2022,no_synthetic_priority,Shepparton,3,OTH,ALP+IND+LNP,posterior scenario,False,False,0.08577267852056804,0.04113379343487329,False,0.0,0.5
2022,no_synthetic_priority,Shepparton,4,ALP,IND+LNP,posterior scenario,False,False,0.1440655720080055,0.23620429016530356,False,0.0,0.85
2022,no_synthetic_priority,South Barwon,1,IND,ALP+GRN+LNP+ON+OTH,ideology prior,False,False,1.0055915931874106e-12,0.0025760971269689157,True,0.27837820904645477,0.0
2022,no_synthetic_priority,South Barwon,2,ON,ALP+GRN+LNP+OTH,federal ON evidence trial,False,False,0.002576097128254442,0.11618484406886771,True,0.0,0.94
2022,no_synthetic_priority,South Barwon,3,GRN,ALP+LNP+OTH,posterior scenario,False,False,0.1188365179831246,0.013249025510214632,False,0.0,0.8999999999999999
2022,no_synthetic_priority,South Barwon,4,OTH,ALP+LNP,posterior scenario,False,False,0.14283639363404252,0.21799431338208433,False,0.0,0.336966303369663
2022,no_synthetic_priority,South-West Coast,1,ON,ALP+GRN+IND+LNP+OTH,ideology prior,False,False,0.002169702789485165,0.05517912261880494,True,0.0,1.0
2022,no_synthetic_priority,South-West Coast,2,GRN,ALP+IND+LNP+OTH,posterior scenario,False,False,0.05735961994953133,0.01713901617421683,False,0.0,0.9
2022,no_synthetic_priority,South-West Coast,3,OTH,ALP+IND+LNP,posterior scenario,False,False,0.07698848156787873,0.15880502024112275,False,0.0,0.36366363363663634
2022,no_synthetic_priority,South-West Coast,4,ALP,IND+LNP,posterior scenario,False,False,0.24990418998884176,0.05169334376609788,False,0.0,0.0
2022,no_synthetic_priority,St Albans,1,ON,ALP+GRN+IND+LNP+OTH,ideology prior,False,False,0.0028162228906404552,0.029786021335590652,True,0.0,1.0
2022,no_synthetic_priority,St Albans,2,IND,ALP+GRN+LNP+OTH,posterior scenario,False,False,0.03283465096963347,0.04883719518154609,False,0.0,0.84998499849985
2022,no_synthetic_priority,St Albans,3,GRN,ALP+LNP+OTH,posterior scenario,False,False,0.09028534633967364,0.10085536198242057,False,0.0,0.95
2022,no_synthetic_priority,St Albans,4,OTH,ALP+LNP,posterior scenario,False,False,0.20129251697777736,0.07561687225225697,False,0.0,0.4298
2022,no_synthetic_priority,Sunbury,1,ON,ALP+GRN+IND+LNP+OTH,ideology prior,False,False,0.003875612708721239,0.034634873946066305,True,0.0,1.0
2022,no_synthetic_priority,Sunbury,2,IND,ALP+GRN+LNP+OTH,posterior scenario,False,False,0.038847496455545916,0.031078684072965296,False,0.0,0.75
2022,no_synthetic_priority,Sunbury,3,GRN,ALP+LNP+OTH,posterior scenario,False,False,0.07459941969289668,0.060029725200120454,False,0.0,0.8999999999999999
2022,no_synthetic_priority,Sunbury,4,OTH,ALP+LNP,posterior scenario,False,False,0.14244153957087538,0.21087275258375934,False,0.0,0.29712971297129714
2022,no_synthetic_priority,Sydenham,1,ON,ALP+GRN+IND+LNP+OTH,ideology prior,False,False,0.0033205066169507604,0.006623404661278675,True,0.0,1.0
2022,no_synthetic_priority,Sydenham,2,IND,ALP+GRN+LNP+OTH,posterior scenario,False,False,0.010217933668948673,0.0534929906067471,False,0.0,0.0
2022,no_synthetic_priority,Sydenham,3,GRN,ALP+LNP+OTH,posterior scenario,False,False,0.06575749415896157,0.1157140264160626,False,0.0,0.95
2022,no_synthetic_priority,Sydenham,4,OTH,ALP+LNP,posterior scenario,False,False,0.19640411397390606,0.11310092081639184,False,0.0,0.5
2022,no_synthetic_priority,Tarneit,1,ON,ALP+GRN+IND+LNP+OTH,ideology prior,False,False,0.0029359070391430982,0.032097959717960985,True,0.0,1.0
2022,no_synthetic_priority,Tarneit,2,IND,ALP+GRN+LNP+OTH,posterior scenario,False,False,0.03527615034771298,0.04069400622095581,False,0.0,0.8500149985001499
2022,no_synthetic_priority,Tarneit,3,GRN,ALP+LNP+OTH,posterior scenario,False,False,0.08043577558445407,0.08024404158473082,False,0.0,0.95
2022,no_synthetic_priority,Tarneit,4,OTH,ALP+LNP,posterior scenario,False,False,0.16975611366334112,0.11114208072101087,False,0.0,0.3278672132786722
2022,no_synthetic_priority,Thomastown,1,ON,ALP+GRN+IND+LNP+OTH,ideology prior,False,False,0.003049564824040014,0.02717888012738757,True,0.0,1.0
2022,no_synthetic_priority,Thomastown,2,IND,ALP+GRN+LNP+OTH,posterior scenario,False,False,0.030480108067974576,0.03392555099954353,False,0.0,0.0
2022,no_synthetic_priority,Thomastown,3,GRN,ALP+LNP+OTH,posterior scenario,False,False,0.07057981283656334,0.09403252691271605,False,0.0,0.9500000000000001
2022,no_synthetic_priority,Thomastown,4,OTH,ALP+LNP,posterior scenario,False,False,0.19056977212498533,0.04638444148683271,False,0.0,0.5
2022,no_synthetic_priority,Warrandyte,1,ON,ALP+GRN+IND+LNP+OTH,ideology prior,False,False,0.001797855415053965,0.008249579762420892,True,0.0,1.0
2022,no_synthetic_priority,Warrandyte,2,IND,ALP+GRN+LNP+OTH,posterior scenario,False,False,0.010195801886484165,0.0588395545585198,False,0.0,0.85
2022,no_synthetic_priority,Warrandyte,3,OTH,ALP+GRN+LNP,posterior scenario,False,False,0.07203600333653251,0.04479601715161728,False,0.0,0.5
2022,no_synthetic_priority,Warrandyte,4,GRN,ALP+LNP,posterior scenario,False,False,0.1453573042027078,0.1906989480962852,False,0.0,0.9500000000000001
2022,no_synthetic_priority,Wendouree,1,ON,ALP+GRN+IND+LNP+OTH,ideology prior,False,False,0.0033796737056254796,0.00456639628236453,True,0.0,1.0
2022,no_synthetic_priority,Wendouree,2,IND,ALP+GRN+LNP+OTH,posterior scenario,False,False,0.0082399546580444,0.09502085712403413,False,0.0,0.7499749974997499
2022,no_synthetic_priority,Wendouree,3,GRN,ALP+LNP+OTH,posterior scenario,False,False,0.1043529950360108,0.011768320876621649,False,0.0,0.8999999999999999
2022,no_synthetic_priority,Wendouree,4,OTH,ALP+LNP,posterior scenario,False,False,0.12588417354341278,0.20643445595045504,False,0.0,0.34550000000000003
2022,no_synthetic_priority,Werribee,1,ON,ALP+GRN+IND+LNP+OTH,ideology prior,False,False,0.0033899962667088587,0.06442731149248229,True,0.0,1.0
2022,no_synthetic_priority,Werribee,2,GRN,ALP+IND+LNP+OTH,posterior scenario,False,False,0.06785198802790428,0.05400659026021663,False,0.0,0.8999999999999999
2022,no_synthetic_priority,Werribee,3,IND,ALP+LNP+OTH,posterior scenario,False,False,0.12593879381655754,0.015114961950360023,False,0.0,0.5837583758375837
2022,no_synthetic_priority,Werribee,4,OTH,ALP+LNP,posterior scenario,False,False,0.16752565309339001,0.1376987673860905,False,0.0,0.2038
2022,no_synthetic_priority,Williamstown,1,ON,ALP+GRN+IND+LNP+OTH,ideology prior,False,False,0.002782089552682049,0.03401224478777744,True,0.0,1.0
2022,no_synthetic_priority,Williamstown,2,IND,ALP+GRN+LNP+OTH,posterior scenario,False,False,0.03714975547274045,0.09466592273002879,False,0.0,0.0
2022,no_synthetic_priority,Williamstown,3,OTH,ALP+GRN+LNP,posterior scenario,False,False,0.13767051360948024,0.024148504046044683,False,0.0,0.6999699969997
2022,no_synthetic_priority,Williamstown,4,GRN,ALP+LNP,posterior scenario,False,False,0.22238742277177775,0.08427186011014953,False,0.0,0.95
2022,no_synthetic_priority,Yan Yean,1,IND,ALP+GRN+LNP+ON+OTH,ideology prior,False,False,9.879793170826182e-10,0.003030975505731898,True,0.2717267726161369,0.0
2022,no_synthetic_priority,Yan Yean,2,ON,ALP+GRN+LNP+OTH,federal ON evidence trial,False,False,0.003030976762171647,0.059865914635863104,True,0.0,0.94
2022,no_synthetic_priority,Yan Yean,3,GRN,ALP+LNP+OTH,posterior scenario,False,False,0.06298581334510134,0.1117772962284054,False,0.0,0.8999999999999999
2022,no_synthetic_priority,Yan Yean,4,OTH,ALP+LNP,posterior scenario,False,False,0.18897344066766192,0.14207351033634397,False,0.0,0.45
2022,simplified,Albert Park,1,ON,ALP+GRN+IND+LNP+OTH,ideology prior,False,False,0.001879361927681205,0.044025850562384915,True,0.0,1.0
2022,simplified,Albert Park,2,IND,ALP+GRN+LNP+OTH,posterior scenario,False,False,0.04609314868283424,0.04498434641610354,False,0.0,0.84998499849985
2022,simplified,Albert Park,3,OTH,ALP+GRN+LNP,posterior scenario,False,False,0.0966202330725006,0.11145856573004982,False,0.0,0.5441
2022,simplified,Albert Park,4,GRN,ALP+LNP,posterior scenario,False,False,0.24544351036817355,0.1002336347775851,False,0.0,0.9500000000000001
2022,simplified,Ashwood,1,ON,ALP+GRN+IND+LNP+OTH,ideology prior,False,False,0.0015288314637249487,0.018208511179862948,True,0.0,1.0
2022,simplified,Ashwood,2,IND,ALP+GRN+LNP+OTH,posterior scenario,False,False,0.019844360846048643,0.027060889169345095,False,0.0,0.8500000000000001
2022,simplified,Ashwood,3,OTH,ALP+GRN+LNP,posterior scenario,False,False,0.05207363176555436,0.0966921056579832,False,0.0,0.6
2022,simplified,Ashwood,4,GRN,ALP+LNP,posterior scenario,False,False,0.16860261341056546,0.23725079215988207,False,0.0,0.95
2022,simplified,Bass,1,ON,ALP+GRN+IND+LNP+OTH,ideology prior,False,False,0.0036566563773449147,0.04947193996301614,True,0.0,1.0
2022,simplified,Bass,2,IND,ALP+GRN+LNP+OTH,posterior scenario,False,False,0.05335713736394511,0.026909497781792108,False,0.0,0.75
2022,simplified,Bass,3,GRN,ALP+LNP+OTH,posterior scenario,False,False,0.09509554457116835,0.030244711966502344,False,0.0,0.9
2022,simplified,Bass,4,OTH,ALP+LNP,posterior scenario,False,False,0.13715534971094556,0.28558405853605234,False,0.0,0.31643164316431643
2022,simplified,Bayswater,1,ON,ALP+GRN+IND+LNP+OTH,ideology prior,False,False,0.0022738950122957492,0.013246327068472471,True,0.0,1.0
2022,simplified,Bayswater,2,IND,ALP+GRN+LNP+OTH,posterior scenario,False,False,0.015679394731628923,0.0659589608130085,False,0.0,0.85001499850015
2022,simplified,Bayswater,3,GRN,ALP+LNP+OTH,posterior scenario,False,False,0.08674439305322619,0.04123897031496908,False,0.0,0.95
2022,simplified,Bayswater,4,OTH,ALP+LNP,posterior scenario,False,False,0.13696157129143724,0.2781541010225931,False,0.0,0.35696430356964304
2022,simplified,Bellarine,1,ON,ALP+GRN+IND+LNP+OTH,ideology prior,False,False,0.001994058485474365,0.032373835663584594,True,0.0,1.0
2022,simplified,Bellarine,2,IND,ALP+GRN+LNP+OTH,posterior scenario,False,False,0.034507478243042164,0.05119332707316193,False,0.0,0.75
2022,simplified,Bellarine,3,OTH,ALP+GRN+LNP,posterior scenario,False,False,0.08984772325717755,0.03031328011491334,False,0.0,0.3176
2022,simplified,Bellarine,4,GRN,ALP+LNP,posterior scenario,False,False,0.15501242738936713,0.2215686214051721,False,0.0,0.8999999999999999
2022,simplified,Benambra,1,ON,ALP+GRN+IND+LNP+OTH,ideology prior,False,False,0.003519643372885041,0.0361852863430925,True,0.0,1.0
2022,simplified,Benambra,2,GRN,ALP+IND+LNP+OTH,posterior scenario,False,False,0.03987211277618958,0.05989739794512366,False,0.0,0.9
2022,simplified,Benambra,3,OTH,ALP+IND+LNP,posterior scenario,False,False,0.1015279095470324,0.044966202067488734,False,0.0,0.3197
2022,simplified,Benambra,4,ALP,IND+LNP,posterior scenario,False,False,0.16889736346117287,0.2032523177145015,False,0.0,0.75
2022,simplified,Bendigo East,1,ON,ALP+GRN+IND+LNP+OTH,ideology prior,False,False,0.002670017018965396,0.025734440746554586,True,0.0,1.0
2022,simplified,Bendigo East,2,IND,ALP+GRN+LNP+OTH,posterior scenario,False,False,0.02859135895684756,0.05073998207319633,False,0.0,0.75002499750025
2022,simplified,Bendigo East,3,OTH,ALP+GRN+LNP,posterior scenario,False,False,0.08953721472577467,0.008626321210832108,False,0.0,0.5
2022,simplified,Bendigo East,4,GRN,ALP+LNP,posterior scenario,False,False,0.1322801699876412,0.22487810106573197,False,0.0,0.8999999999999999
2022,simplified,Bendigo West,1,ON,ALP+GRN+IND+LNP+OTH,ideology prior,False,False,0.0025290177158896372,0.02239240964283155,True,0.0,1.0
2022,simplified,Bendigo West,2,IND,ALP+GRN+LNP+OTH,posterior scenario,False,False,0.025098458598833463,0.0967965081467184,False,0.0,0.7499749974997499
2022,simplified,Bendigo West,3,GRN,ALP+LNP+OTH,posterior scenario,False,False,0.12717462622437836,0.01415503959728992,False,0.0,0.9
2022,simplified,Bendigo West,4,OTH,ALP+LNP,posterior scenario,False,False,0.15426795293362655,0.12680422593181606,False,0.0,0.3674
2022,simplified,Bentleigh,1,ON,ALP+GRN+IND+LNP+OTH,ideology prior,False,False,0.0021026935370825365,0.017604116535669838,True,0.0,1.0
2022,simplified,Bentleigh,2,IND,ALP+GRN+LNP+OTH,posterior scenario,False,False,0.019853998620348152,0.055354533435803245,False,0.0,0.8500000000000001
2022,simplified,Bentleigh,3,OTH,ALP+GRN+LNP,posterior scenario,False,False,0.08066256217911917,0.026833773520745355,False,0.0,0.5999599959995999
2022,simplified,Bentleigh,4,GRN,ALP+LNP,posterior scenario,False,False,0.13822885169568577,0.25248294043507286,False,0.0,0.95
2022,simplified,Berwick,1,IND,ALP+GRN+LNP+ON+OTH,ideology prior,False,False,1.0059024844665148e-12,0.003204272317153752,True,0.15,0.0
2022,simplified,Berwick,2,ON,ALP+GRN+LNP+OTH,federal ON evidence trial,False,False,0.0032042723183105396,0.08463055139983654,True,0.0,0.94
2022,simplified,Berwick,3,OTH,ALP+GRN+LNP,posterior scenario,False,False,0.08853994694135724,0.004802547145338565,False,0.0,0.44999999999999996
2022,simplified,Berwick,4,GRN,ALP+LNP,posterior scenario,False,False,0.12780959067065337,0.2514373366513618,False,0.0,0.9
2022,simplified,Box Hill,1,ON,ALP+GRN+IND+LNP+OTH,ideology prior,False,False,0.0013640752841659728,0.013414709870467705,True,0.0,1.0
2022,simplified,Box Hill,2,IND,ALP+GRN+LNP+OTH,posterior scenario,False,False,0.014874270424525297,0.05811372687572745,False,0.0,0.8500000000000001
2022,simplified,Box Hill,3,OTH,ALP+GRN+LNP,posterior scenario,False,False,0.07911376678813736,0.06554507166767506,False,0.0,0.5999599959995999
2022,simplified,Box Hill,4,GRN,ALP+LNP,posterior scenario,False,False,0.17377717662066006,0.23657022104986453,False,0.0,0.9500000000000001
2022,simplified,Brighton,1,ON,ALP+GRN+IND+LNP+OTH,ideology prior,False,False,0.0013695321985602146,0.08038937477787861,True,0.0,1.0
2022,simplified,Brighton,2,OTH,ALP+GRN+IND+LNP,posterior scenario,False,False,0.08204993256863287,0.014757447297046825,False,0.0,0.7
2022,simplified,Brighton,3,IND,ALP+GRN+LNP,posterior scenario,False,False,0.11296855416526518,0.050960377502530865,False,0.0,0.85
2022,simplified,Brighton,4,GRN,ALP+LNP,posterior scenario,False,False,0.20673241247249155,0.08216719635409228,False,0.0,0.95
2022,simplified,Broadmeadows,1,ON,ALP+GRN+IND+LNP+OTH,ideology prior,False,False,0.002626057424493797,0.07261774540270334,True,0.0,1.0
2022,simplified,Broadmeadows,2,IND,ALP+GRN+LNP+OTH,posterior scenario,False,False,0.0754276268469117,0.007972446015701296,False,0.0,0.8500000000000001
2022,simplified,Broadmeadows,3,GRN,ALP+LNP+OTH,posterior scenario,False,False,0.09120440378991557,0.10738835162357727,False,0.0,0.95
2022,simplified,Broadmeadows,4,OTH,ALP+LNP,posterior scenario,False,False,0.21054877738788982,0.02717858315716215,False,0.0,0.27849999999999997
2022,simplified,Brunswick,1,ON,ALP+GRN+IND+LNP+OTH,ideology prior,False,False,0.0016348796498045076,0.018165781743925958,True,0.0,1.0
2022,simplified,Brunswick,2,IND,ALP+GRN+LNP+OTH,posterior scenario,False,False,0.019964149358710916,0.08270310123109184,False,0.0,0.85
2022,simplified,Brunswick,3,LNP,ALP+GRN+OTH,ideology prior,False,False,0.10881545479341209,0.0451997524881744,False,0.0,0.8
2022,simplified,Brunswick,4,OTH,ALP+GRN,ideology prior,False,False,0.18465602030327205,0.14626372303445545,False,0.0,0.633036696330367
2022,simplified,Bulleen,1,ON,ALP+GRN+IND+LNP+OTH,ideology prior,False,False,0.001583003184080514,0.008752511458791265,True,0.0,1.0
2022,simplified,Bulleen,2,IND,ALP+GRN+LNP+OTH,posterior scenario,False,False,0.010446324865757415,0.056534404311994135,False,0.0,0.85001499850015
2022,simplified,Bulleen,3,OTH,ALP+GRN+LNP,posterior scenario,False,False,0.07101030775084768,0.04124372510940748,False,0.0,0.6
2022,simplified,Bulleen,4,GRN,ALP+LNP,posterior scenario,False,False,0.13865069078757764,0.19969499339893138,False,0.0,0.95
2022,simplified,Bundoora,1,ON,ALP+GRN+IND+LNP+OTH,ideology prior,False,False,0.0019752186548963545,0.004720917636255902,True,0.0,1.0
2022,simplified,Bundoora,2,IND,ALP+GRN+LNP+OTH,posterior scenario,False,False,0.006834401596995001,0.10176279409007595,False,0.0,0.85
2022,simplified,Bundoora,3,OTH,ALP+GRN+LNP,posterior scenario,False,False,0.1108963699657639,0.01239522673673954,False,0.0,0.6
2022,simplified,Bundoora,4,GRN,ALP+LNP,posterior scenario,False,False,0.16485194730010552,0.162167516257092,False,0.0,0.95
2022,simplified,Carrum,1,ON,ALP+GRN+IND+LNP+OTH,ideology prior,False,False,0.003365599735142259,0.016788703238255338,True,0.0,1.0
2022,simplified,Carrum,2,IND,ALP+GRN+LNP+OTH,posterior scenario,False,False,0.020389894954857556,0.05280958493573153,False,0.0,0.7499749974997499
2022,simplified,Carrum,3,GRN,ALP+LNP+OTH,posterior scenario,False,False,0.07582313255592325,0.04056191221335946,False,0.0,0.9
2022,simplified,Carrum,4,OTH,ALP+LNP,posterior scenario,False,False,0.12431862158337241,0.20877415640941716,False,0.0,0.25680000000000003
2022,simplified,Caulfield,1,ON,ALP+GRN+IND+LNP+OTH,ideology prior,False,False,0.0015808938889874896,0.04862555050057317,True,0.0,1.0
2022,simplified,Caulfield,2,IND,ALP+GRN+LNP+OTH,posterior scenario,False,False,0.050364533778459404,0.014501331803287075,False,0.0,0.85
2022,simplified,Caulfield,3,OTH,ALP+GRN+LNP,posterior scenario,False,False,0.0709166538888746,0.10150342194507501,False,0.0,0.5652999999999999
2022,simplified,Caulfield,4,GRN,ALP+LNP,posterior scenario,False,False,0.1997073675199999,0.10858163803561127,False,0.0,0.95
2022,simplified,Clarinda,1,ON,ALP+GRN+IND+LNP+OTH,ideology prior,False,False,0.002590224887284164,0.07693558056060337,True,0.0,1.0
2022,simplified,Clarinda,2,GRN,ALP+IND+LNP+OTH,posterior scenario,False,False,0.0796876945033428,0.002475001710410027,False,0.0,0.9500000000000001
2022,simplified,Clarinda,3,OTH,ALP+IND+LNP,posterior scenario,False,False,0.08564770809128416,0.0198025799835536,False,0.0,0.47025297470252975
2022,simplified,Clarinda,4,IND,ALP+LNP,posterior scenario,False,False,0.1349015909711064,0.19836169226847059,False,0.0,0.8500000000000001
2022,simplified,Cranbourne,1,ON,ALP+GRN+IND+LNP+OTH,ideology prior,False,False,0.0038023994739229713,0.00878459521192177,True,0.0,1.0
2022,simplified,Cranbourne,2,IND,ALP+GRN+LNP+OTH,posterior scenario,False,False,0.012853162649019348,0.041633882142527605,False,0.0,0.85
2022,simplified,Cranbourne,3,GRN,ALP+LNP+OTH,posterior scenario,False,False,0.05639321381768242,0.13654096419784817,False,0.0,0.95
2022,simplified,Cranbourne,4,OTH,ALP+LNP,posterior scenario,False,False,0.20827610106844494,0.09963543047160225,False,0.0,0.5
2022,simplified,Croydon,1,IND,ALP+GRN+LNP+ON+OTH,ideology prior,False,False,1.0057095120887805e-12,0.002232462947043084,True,0.15,0.0
2022,simplified,Croydon,2,ON,ALP+GRN+LNP+OTH,federal ON evidence trial,False,False,0.0022324629481996496,0.1039261543889927,True,0.0,0.94
2022,simplified,Croydon,3,GRN,ALP+LNP+OTH,posterior scenario,False,False,0.10631596704353208,0.010506724468132458,False,0.0,0.9500000000000001
2022,simplified,Croydon,4,OTH,ALP+LNP,posterior scenario,False,False,0.1264546364423588,0.2885986028051879,False,0.0,0.3517
2022,simplified,Dandenong,1,ON,ALP+GRN+IND+LNP+OTH,ideology prior,False,False,0.0030221194209274676,0.00010791418994765154,True,0.0,1.0
2022,simplified,Dandenong,2,IND,ALP+GRN+LNP+OTH,posterior scenario,False,False,0.003341581970340042,0.0782660736116694,False,0.0,0.85
2022,simplified,Dandenong,3,GRN,ALP+LNP+OTH,posterior scenario,False,False,0.0819573088973583,0.0605495410399563,False,0.0,0.95
2022,simplified,Dandenong,4,OTH,ALP+LNP,posterior scenario,False,False,0.16020473743647792,0.07266329945049943,False,0.0,0.5
2022,simplified,Eildon,1,ON,ALP+GRN+IND+LNP+OTH,ideology prior,False,False,0.003404794833323676,0.014677813266000896,True,0.0,1.0
2022,simplified,Eildon,2,IND,ALP+GRN+LNP+OTH,posterior scenario,False,False,0.018295407776407303,0.08356853251643616,False,0.0,0.75002499750025
2022,simplified,Eildon,3,OTH,ALP+GRN+LNP,posterior scenario,False,False,0.10731298259405303,0.010391784262552786,False,0.0,0.4
2022,simplified,Eildon,4,GRN,ALP+LNP,posterior scenario,False,False,0.1590973239003125,0.16426747115127432,False,0.0,0.8999999999999999
2022,simplified,Eltham,1,IND,ALP+GRN+LNP+ON+OTH,ideology prior,False,False,1.0058474911149543e-12,0.0023547605365616085,True,0.15,0.0
2022,simplified,Eltham,2,ON,ALP+GRN+LNP+OTH,federal ON evidence trial,False,False,0.002354760537718333,0.06717398534198481,True,0.0,0.94
2022,simplified,Eltham,3,OTH,ALP+GRN+LNP,posterior scenario,False,False,0.0700615399221928,0.059583385428659597,False,0.0,0.5
2022,simplified,Eltham,4,GRN,ALP+LNP,posterior scenario,False,False,0.1569290194046492,0.22946687362345874,False,0.0,0.95
2022,simplified,Essendon,1,ON,ALP+GRN+IND+LNP+OTH,ideology prior,False,False,0.002768517208548225,0.0157774615992125,True,0.0,1.0
2022,simplified,Essendon,2,IND,ALP+GRN+LNP+OTH,posterior scenario,False,False,0.0187397750123591,0.1096934026771523,False,0.0,0.0
2022,simplified,Essendon,3,OTH,ALP+GRN+LNP,posterior scenario,False,False,0.13165021169799399,0.033471135371187455,False,0.0,0.6
2022,simplified,Essendon,4,GRN,ALP+LNP,posterior scenario,False,False,0.2199757768029986,0.12652766873508678,False,0.0,0.95
2022,simplified,Eureka,1,ON,ALP+GRN+IND+LNP+OTH,ideology prior,False,False,0.00399429759460021,0.02920533843336405,True,0.0,1.0
2022,simplified,Eureka,2,IND,ALP+GRN+LNP+OTH,posterior scenario,False,False,0.033449279627626775,0.07295552789610399,False,0.0,0.75002499750025
2022,simplified,Eureka,3,GRN,ALP+LNP+OTH,posterior scenario,False,False,0.11218489317265662,0.041144556848604213,False,0.0,0.9
2022,simplified,Eureka,4,OTH,ALP+LNP,posterior scenario,False,False,0.16499685606622097,0.18118823353167476,False,0.0,0.2703
2022,simplified,Euroa,1,IND,ALP+GRN+LNP+ON+OTH,ideology prior,False,False,9.834174744381516e-10,0.004082017067229611,True,0.15,0.0
2022,simplified,Euroa,2,ON,ALP+GRN+LNP+OTH,federal ON evidence trial,False,False,0.004082018198159706,0.04960972829102834,True,0.0,0.95
2022,simplified,Euroa,3,GRN,ALP+LNP+OTH,posterior scenario,False,False,0.05392799735846377,0.054004678011040384,False,0.0,0.9
2022,simplified,Euroa,4,OTH,ALP+LNP,posterior scenario,False,False,0.11553734323797787,0.22330173159660582,False,0.0,0.4
2022,simplified,Evelyn,1,ON,ALP+GRN+IND+LNP+OTH,ideology prior,False,False,0.002694038245806304,0.011974482622554163,True,0.0,1.0
2022,simplified,Evelyn,2,IND,ALP+GRN+LNP+OTH,posterior scenario,False,False,0.014857103545566908,0.07101790482352871,False,0.0,0.75002499750025
2022,simplified,Evelyn,3,OTH,ALP+GRN+LNP,posterior scenario,False,False,0.09087361968258999,0.0074814199641547174,False,0.0,0.44999999999999996
2022,simplified,Evelyn,4,GRN,ALP+LNP,posterior scenario,False,False,0.1333915954134617,0.22242277453066142,False,0.0,0.8999999999999999
2022,simplified,Footscray,1,ON,ALP+GRN+IND+LNP+OTH,ideology prior,False,False,0.0021958701873601738,0.0011964480959725074,True,0.0,1.0
2022,simplified,Footscray,2,IND,ALP+GRN+LNP+OTH,posterior scenario,False,False,0.0036119053020686985,0.15343587177527737,False,0.0,0.0
2022,simplified,Footscray,3,OTH,ALP+GRN+LNP,posterior scenario,False,False,0.15768045504237577,0.021664017945251357,False,0.0,0.7000299970002999
2022,simplified,Footscray,4,LNP,ALP+GRN,posterior scenario,False,False,0.22369933050561827,0.0729858442545678,False,0.0,0.8
2022,simplified,Frankston,1,ON,ALP+GRN+IND+LNP+OTH,ideology prior,False,False,0.0031452819259243344,0.024761204974116397,True,0.0,1.0
2022,simplified,Frankston,2,IND,ALP+GRN+LNP+OTH,posterior scenario,False,False,0.028126656634855435,0.088935841086633,False,0.0,0.85
2022,simplified,Frankston,3,GRN,ALP+LNP+OTH,posterior scenario,False,False,0.1213013509206576,0.035310397645603744,False,0.0,0.9500000000000001
2022,simplified,Frankston,4,OTH,ALP+LNP,posterior scenario,False,False,0.16944201848999446,0.15845837918862116,False,0.0,0.5
2022,simplified,Geelong,1,ON,ALP+GRN+IND+LNP+OTH,ideology prior,False,False,0.0038787373552689624,0.07775959576988682,True,0.0,1.0
2022,simplified,Geelong,2,IND,ALP+GRN+LNP+OTH,posterior scenario,False,False,0.0819098447400246,0.00414486344538556,False,0.0,0.75
2022,simplified,Geelong,3,OTH,ALP+GRN+LNP,posterior scenario,False,False,0.11044097347654439,0.04822802995654943,False,0.0,0.5000499950005
2022,simplified,Geelong,4,GRN,ALP+LNP,posterior scenario,False,False,0.1998277066566752,0.11913725270641556,False,0.0,0.9
2022,simplified,Gippsland East,1,ON,ALP+GRN+IND+LNP+OTH,ideology prior,False,False,0.004637766176699005,0.017683433422642038,True,0.0,1.0
2022,simplified,Gippsland East,2,IND,ALP+GRN+LNP+OTH,posterior scenario,False,False,0.02261105998538473,0.04275101006728019,False,0.0,0.0
2022,simplified,Gippsland East,3,GRN,ALP+LNP+OTH,posterior scenario,False,False,0.06965619941005073,0.06217140710475365,False,0.0,0.9
2022,simplified,Gippsland East,4,OTH,ALP+LNP,posterior scenario,False,False,0.1410049144997288,0.07819981047856703,False,0.0,0.4
2022,simplified,Gippsland South,1,ON,ALP+GRN+IND+LNP+OTH,ideology prior,False,False,0.004288006884195903,0.045128138306573556,True,0.0,1.0
2022,simplified,Gippsland South,2,IND,ALP+GRN+LNP+OTH,posterior scenario,False,False,0.049684145621031704,0.0376033126770113,False,0.0,0.75002499750025
2022,simplified,Gippsland South,3,OTH,ALP+GRN+LNP,posterior scenario,False,False,0.09326627657492907,0.003840005691603518,False,0.0,0.2871
2022,simplified,Gippsland South,4,GRN,ALP+LNP,posterior scenario,False,False,0.13253899830341978,0.13186362608508975,False,0.0,0.9
2022,simplified,Glen Waverley,1,IND,ALP+GRN+LNP+ON+OTH,ideology prior,False,False,9.894388520464058e-10,0.0014749504886148893,True,0.15,0.0
2022,simplified,Glen Waverley,2,ON,ALP+GRN+LNP+OTH,federal ON evidence trial,False,False,0.001474951626469569,0.0859985111191634,True,0.0,0.94
2022,simplified,Glen Waverley,3,OTH,ALP+GRN+LNP,posterior scenario,False,False,0.0878071890025874,0.00602991320458221,False,0.0,0.6000399960004
2022,simplified,Glen Waverley,4,GRN,ALP+LNP,posterior scenario,False,False,0.1277771643144171,0.29487186786921105,False,0.0,0.9500000000000001
2022,simplified,Greenvale,1,ON,ALP+GRN+IND+LNP+OTH,ideology prior,False,False,0.002054967141202229,0.05662705869894046,True,0.0,1.0
2022,simplified,Greenvale,2,IND,ALP+GRN+LNP+OTH,posterior scenario,False,False,0.05882587354002684,0.0035141265991257276,False,0.0,0.8500000000000001
2022,simplified,Greenvale,3,GRN,ALP+LNP+OTH,posterior scenario,False,False,0.06901554579847366,0.12923451039818593,False,0.0,0.95000499950005
2022,simplified,Greenvale,4,OTH,ALP+LNP,posterior scenario,False,False,0.22348534737728767,0.05577886734416279,False,0.0,0.5
2022,simplified,Hastings,1,ON,ALP+GRN+IND+LNP+OTH,ideology prior,False,False,0.0035765564197238822,0.005680671719816894,True,0.0,1.0
2022,simplified,Hastings,2,IND,ALP+GRN+LNP+OTH,posterior scenario,False,False,0.009480762915773518,0.0918801109867524,False,0.0,0.75
2022,simplified,Hastings,3,GRN,ALP+LNP+OTH,posterior scenario,False,False,0.1030816731011806,0.014551520523387873,False,0.0,0.9
2022,simplified,Hastings,4,OTH,ALP+LNP,posterior scenario,False,False,0.12743087213532187,0.29932851733902743,False,0.0,0.258
2022,simplified,Hawthorn,1,ON,ALP+GRN+IND+LNP+OTH,ideology prior,False,False,0.0010046559612420112,0.06378696080791106,True,0.0,1.0
2022,simplified,Hawthorn,2,OTH,ALP+GRN+IND+LNP,posterior scenario,False,False,0.065005106160917,0.06306555518094033,False,0.0,0.7
2022,simplified,Hawthorn,3,GRN,ALP+IND+LNP,posterior scenario,False,False,0.14254751471800556,0.02416419879481746,False,0.0,0.95000499950005
2022,simplified,Hawthorn,4,IND,ALP+LNP,posterior scenario,False,False,0.227406697241715,0.07737176033252105,False,0.0,0.85
2022,simplified,Ivanhoe,1,ON,ALP+GRN+IND+LNP+OTH,ideology prior,False,False,0.0019710914208744975,0.011144735810823932,True,0.0,1.0
2022,simplified,Ivanhoe,2,IND,ALP+GRN+LNP+OTH,posterior scenario,False,False,0.013253803631159645,0.056712196865748424,False,0.0,0.84998499849985
2022,simplified,Ivanhoe,3,OTH,ALP+GRN+LNP,posterior scenario,False,False,0.07336625239540547,0.1137686548935566,False,0.0,0.6
2022,simplified,Ivanhoe,4,GRN,ALP+LNP,posterior scenario,False,False,0.2152129687177193,0.13099523062577614,False,0.0,0.95
2022,simplified,Kalkallo,1,ON,ALP+GRN+IND+LNP+OTH,ideology prior,False,False,0.002482927388392318,0.01431688813716557,True,0.0,1.0
2022,simplified,Kalkallo,2,IND,ALP+GRN+LNP+OTH,posterior scenario,False,False,0.01697362044274535,0.04010408661413981,False,0.0,0.7499749974997499
2022,simplified,Kalkallo,3,GRN,ALP+LNP+OTH,posterior scenario,False,False,0.05970857725803594,0.10059368620386311,False,0.0,0.9
2022,simplified,Kalkallo,4,OTH,ALP+LNP,posterior scenario,False,False,0.1752067482630835,0.07570679357294227,False,0.0,0.45
2022,simplified,Kew,1,ON,ALP+GRN+IND+LNP+OTH,ideology prior,False,False,0.0010392323903291405,0.04930202103519169,True,0.0,1.0
2022,simplified,Kew,2,OTH,ALP+GRN+IND+LNP,posterior scenario,False,False,0.05056209030846577,0.04848013898005375,False,0.0,0.7
2022,simplified,Kew,3,GRN,ALP+IND+LNP,posterior scenario,False,False,0.11070228957642363,0.0653859026286145,False,0.0,0.9500000000000001
2022,simplified,Kew,4,IND,ALP+LNP,posterior scenario,False,False,0.21906317320113042,0.06517447014529718,False,0.0,0.85
2022,simplified,Kororoit,1,ON,ALP+GRN+IND+LNP+OTH,ideology prior,False,False,0.0026911867366402197,0.014918163286687849,True,0.0,1.0
2022,simplified,Kororoit,2,IND,ALP+GRN+LNP+OTH,posterior scenario,False,False,0.017797733094892885,0.05352391631277262,False,0.0,0.84998499849985
2022,simplified,Kororoit,3,GRN,ALP+LNP+OTH,posterior scenario,False,False,0.07322919313657647,0.13933892118079452,False,0.0,0.95
2022,simplified,Kororoit,4,OTH,ALP+LNP,posterior scenario,False,False,0.23762843043834025,0.009988024667182488,False,0.0,0.5
2022,simplified,Lara,1,ON,ALP+GRN+IND+LNP+OTH,ideology prior,False,False,0.004720877007826687,0.014662652493201494,True,0.0,1.0
2022,simplified,Lara,2,IND,ALP+GRN+LNP+OTH,posterior scenario,False,False,0.01971399089157605,0.08486049352646229,False,0.0,0.7499749974997499
2022,simplified,Lara,3,GRN,ALP+LNP+OTH,posterior scenario,False,False,0.1105796565565672,0.043082778797266866,False,0.0,0.8999999999999999
2022,simplified,Lara,4,OTH,ALP+LNP,posterior scenario,False,False,0.1649797996406421,0.07997946214573212,False,0.0,0.3065
2022,simplified,Laverton,1,ON,ALP+GRN+IND+LNP+OTH,ideology prior,False,False,0.002628872656348682,0.020512024807477613,True,0.0,1.0
2022,simplified,Laverton,2,IND,ALP+GRN+LNP+OTH,posterior scenario,False,False,0.0233249185497707,0.08011836817432995,False,0.0,0.84998499849985
2022,simplified,Laverton,3,GRN,ALP+LNP+OTH,posterior scenario,False,False,0.1061349556194321,0.091123491241565,False,0.0,0.95
2022,simplified,Laverton,4,OTH,ALP+LNP,posterior scenario,False,False,0.20807348695762629,0.03067677053366924,False,0.0,0.31489999999999996
2022,simplified,Lowan,1,ON,ALP+GRN+IND+LNP+OTH,ideology prior,False,False,0.0038674576035303636,0.03799869762105378,True,0.0,1.0
2022,simplified,Lowan,2,IND,ALP+GRN+LNP+OTH,posterior scenario,False,False,0.04210787132480479,0.018014285957950085,False,0.0,0.75
2022,simplified,Lowan,3,GRN,ALP+LNP+OTH,posterior scenario,False,False,0.06575203851561773,0.04682759245158431,False,0.0,0.7507
2022,simplified,Lowan,4,OTH,ALP+LNP,posterior scenario,False,False,0.11924546594844959,0.12392736018722836,False,0.0,0.22657734226577342
2022,simplified,Macedon,1,ON,ALP+GRN+IND+LNP+OTH,ideology prior,False,False,0.0032345996956772293,0.04637222685575896,True,0.0,1.0
2022,simplified,Macedon,2,IND,ALP+GRN+LNP+OTH,posterior scenario,False,False,0.04980898903241601,0.045435215533895776,False,0.0,0.75
2022,simplified,Macedon,3,OTH,ALP+GRN+LNP,posterior scenario,False,False,0.1035254686563935,0.03288238513592964,False,0.0,0.39999999999999997
2022,simplified,Macedon,4,GRN,ALP+LNP,posterior scenario,False,False,0.17599570583297758,0.19613836638389875,False,0.0,0.9
2022,simplified,Malvern,1,ON,ALP+GRN+IND+LNP+OTH,ideology prior,False,False,0.0012061519796098283,0.009757229341057879,True,0.0,1.0
2022,simplified,Malvern,2,IND,ALP+GRN+LNP+OTH,posterior scenario,False,False,0.01108399651862869,0.06230139444289122,False,0.0,0.85
2022,simplified,Malvern,3,OTH,ALP+GRN+LNP,posterior scenario,False,False,0.0757221568160548,0.07680847084487778,False,0.0,0.7000000000000001
2022,simplified,Malvern,4,GRN,ALP+LNP,posterior scenario,False,False,0.18254272669948046,0.08675276503393442,False,0.0,0.95
2022,simplified,Melbourne,1,ON,ALP+GRN+IND+LNP+OTH,ideology prior,False,False,0.0017955196572406445,0.007247815233924884,True,0.0,1.0
2022,simplified,Melbourne,2,IND,ALP+GRN+LNP+OTH,posterior scenario,False,False,0.009222886856889594,0.12306913945990952,False,0.0,0.84998499849985
2022,simplified,Melbourne,3,OTH,ALP+GRN+LNP,posterior scenario,False,False,0.1360423292990491,0.04308082313385256,False,0.0,0.7
2022,simplified,Melbourne,4,LNP,ALP+GRN,posterior scenario,False,False,0.21673304082898256,0.1186375345377593,False,0.0,0.8
2022,simplified,Melton,1,ON,ALP+GRN+IND+LNP+OTH,ideology prior,False,False,0.0037311857901750492,0.044065447521356015,True,0.0,1.0
2022,simplified,Melton,2,GRN,ALP+IND+LNP+OTH,posterior scenario,False,False,0.047973864636564376,0.11900658027867596,False,0.0,0.8999999999999999
2022,simplified,Melton,3,OTH,ALP+IND+LNP,posterior scenario,False,False,0.17176081964162845,0.060449745630063584,False,0.0,0.3978
2022,simplified,Melton,4,IND,ALP+LNP,posterior scenario,False,False,0.29324411192789634,0.011069865255405875,False,0.0,0.75
2022,simplified,Mildura,1,ON,ALP+GRN+IND+LNP+OTH,ideology prior,False,False,0.003994039429955762,0.022557634281370104,True,0.0,1.0
2022,simplified,Mildura,2,GRN,ALP+IND+LNP+OTH,posterior scenario,False,False,0.026741390584248768,0.03667561342907305,False,0.0,0.9000099990001
2022,simplified,Mildura,3,OTH,ALP+IND+LNP,posterior scenario,False,False,0.06824990937185291,0.0562210456523443,False,0.0,0.39999999999999997
2022,simplified,Mildura,4,ALP,IND+LNP,posterior scenario,False,False,0.14124458978723822,0.27263266334513814,False,0.0,0.75
2022,simplified,Mill Park,1,IND,ALP+GRN+LNP+ON+OTH,ideology prior,False,False,1.0261886015669724e-09,0.0034602475878400176,True,0.15,0.0
2022,simplified,Mill Park,2,ON,ALP+GRN+LNP+OTH,federal ON evidence trial,False,False,0.0034602487679569094,0.06859288550991886,True,0.0,0.94
2022,simplified,Mill Park,3,GRN,ALP+LNP+OTH,posterior scenario,False,False,0.0722970214919979,0.09823799740969116,False,0.0,0.9500000000000001
2022,simplified,Mill Park,4,OTH,ALP+LNP,posterior scenario,False,False,0.184699925472819,0.08113814576111478,False,0.0,0.5
2022,simplified,Monbulk,1,ON,ALP+GRN+IND+LNP+OTH,ideology prior,False,False,0.0026842980467687424,0.08205520190407568,True,0.0,1.0
2022,simplified,Monbulk,2,IND,ALP+GRN+LNP+OTH,posterior scenario,False,False,0.08492740081411825,0.006152112770878154,False,0.0,0.7499749974997499
2022,simplified,Monbulk,3,OTH,ALP+GRN+LNP,posterior scenario,False,False,0.10127001078094512,0.07181957123980427,False,0.0,0.25229999999999997
2022,simplified,Monbulk,4,GRN,ALP+LNP,posterior scenario,False,False,0.2121921091559444,0.1631656565362235,False,0.0,0.9
2022,simplified,Mordialloc,1,ON,ALP+GRN+IND+LNP+OTH,ideology prior,False,False,0.0025644404620145003,0.06464602445192445,True,0.0,1.0
2022,simplified,Mordialloc,2,IND,ALP+GRN+LNP+OTH,posterior scenario,False,False,0.06738997574627996,0.015143154936323122,False,0.0,0.8500000000000001
2022,simplified,Mordialloc,3,OTH,ALP+GRN+LNP,posterior scenario,False,False,0.09062346401277946,0.02071015601956873,False,0.0,0.3657
2022,simplified,Mordialloc,4,GRN,ALP+LNP,posterior scenario,False,False,0.14536965791933149,0.22805224025240828,False,0.0,0.9500000000000001
2022,simplified,Mornington,1,ON,ALP+GRN+IND+LNP+OTH,ideology prior,False,False,0.0022765986615822546,0.06093266515948177,True,0.0,1.0
2022,simplified,Mornington,2,OTH,ALP+GRN+IND+LNP,posterior scenario,False,False,0.06365889205672652,0.008748144124203605,False,0.0,0.45
2022,simplified,Mornington,3,GRN,ALP+IND+LNP,posterior scenario,False,False,0.08825752196907591,0.10614854932658352,False,0.0,0.8999899989999001
2022,simplified,Mornington,4,IND,ALP+LNP,posterior scenario,False,False,0.2298290837483755,0.048848684659269864,False,0.0,0.0
2022,simplified,Morwell,1,ON,ALP+GRN+IND+LNP+OTH,ideology prior,False,False,0.0054528348553121,0.036752476940536696,True,0.0,1.0
2022,simplified,Morwell,2,GRN,ALP+IND+LNP+OTH,posterior scenario,False,False,0.04246432145147613,0.09583701313885537,False,0.0,0.9
2022,simplified,Morwell,3,IND,ALP+LNP+OTH,posterior scenario,False,False,0.1421726092135726,0.016682094040971124,False,0.0,0.75
2022,simplified,Morwell,4,OTH,ALP+LNP,posterior scenario,False,False,0.20890184871739262,0.18629401867459747,False,0.0,0.5
2022,simplified,Mulgrave,1,ON,ALP+GRN+IND+LNP+OTH,ideology prior,False,False,0.0025157690937321086,0.052228525936191275,True,0.0,1.0
2022,simplified,Mulgrave,2,GRN,ALP+IND+LNP+OTH,posterior scenario,False,False,0.054901530598281637,0.017558432376204178,False,0.0,0.9500000000000001
2022,simplified,Mulgrave,3,OTH,ALP+IND+LNP,posterior scenario,False,False,0.07486903869997695,0.09273890530564717,False,0.0,0.5064
2022,simplified,Mulgrave,4,IND,ALP+LNP,posterior scenario,False,False,0.19338927345072818,0.04314070938383466,False,0.0,0.0
2022,simplified,Murray Plains,1,ON,ALP+GRN+IND+LNP+OTH,ideology prior,False,False,0.004391404121111984,0.014346975848599085,True,0.0,1.0
2022,simplified,Murray Plains,2,IND,ALP+GRN+LNP+OTH,posterior scenario,False,False,0.019012842727280568,0.022964114644518776,False,0.0,0.75
2022,simplified,Murray Plains,3,GRN,ALP+LNP+OTH,posterior scenario,False,False,0.04555645209791844,0.10928799336148734,False,0.0,0.9
2022,simplified,Murray Plains,4,OTH,ALP+LNP,posterior scenario,False,False,0.16527637680753643,0.03274055403864773,False,0.0,0.4
2022,simplified,Narracan,1,ON,ALP+GRN+IND+LNP+OTH,ideology prior,False,False,0.00368229290512895,0.009049665414349966,True,0.0,1.0
2022,simplified,Narracan,2,OTH,ALP+GRN+IND+LNP,posterior scenario,False,False,0.01348682836503035,0.04847741272316804,False,0.0,0.0
2022,simplified,Narracan,3,IND,ALP+GRN+LNP,posterior scenario,False,False,0.06424304796918942,0.0913010866023424,False,0.0,0.0
2022,simplified,Narracan,4,GRN,ALP+LNP,posterior scenario,False,False,0.17592315110400877,0.11728802095968568,False,0.0,0.0
2022,simplified,Narre Warren North,1,ON,ALP+GRN+IND+LNP+OTH,ideology prior,False,False,0.003727889048727635,0.011998934899297427,True,0.0,1.0
2022,simplified,Narre Warren North,2,IND,ALP+GRN+LNP+OTH,posterior scenario,False,False,0.015987776181435997,0.05176693775311936,False,0.0,0.8500149985001499
2022,simplified,Narre Warren North,3,GRN,ALP+LNP+OTH,posterior scenario,False,False,0.06972684688462909,0.09311638856848416,False,0.0,0.9500000000000001
2022,simplified,Narre Warren North,4,OTH,ALP+LNP,posterior scenario,False,False,0.1774715979358987,0.1299813612229532,False,0.0,0.5
2022,simplified,Narre Warren South,1,ON,ALP+GRN+IND+LNP+OTH,ideology prior,False,False,0.0035392292666361525,0.003851605187594785,True,0.0,1.0
2022,simplified,Narre Warren South,2,IND,ALP+GRN+LNP+OTH,posterior scenario,False,False,0.007638580502895468,0.05907449101454247,False,0.0,0.8499849984998501
2022,simplified,Narre Warren South,3,GRN,ALP+LNP+OTH,posterior scenario,False,False,0.06758549635256962,0.08891804843617306,False,0.0,0.9499949994999499
2022,simplified,Narre Warren South,4,OTH,ALP+LNP,posterior scenario,False,False,0.17269965307789778,0.14021302192973797,False,0.0,0.5
2022,simplified,Nepean,1,ON,ALP+GRN+IND+LNP+OTH,ideology prior,False,False,0.002808026745550097,0.03382669811716441,True,0.0,1.0
2022,simplified,Nepean,2,IND,ALP+GRN+LNP+OTH,posterior scenario,False,False,0.03683128673490302,0.03487474465354741,False,0.0,0.75
2022,simplified,Nepean,3,OTH,ALP+GRN+LNP,posterior scenario,False,False,0.0819642735034472,0.018152378066433897,False,0.0,0.44999999999999996
2022,simplified,Nepean,4,GRN,ALP+LNP,posterior scenario,False,False,0.13126412909816584,0.21418439812744308,False,0.0,0.8999999999999999
2022,simplified,Niddrie,1,IND,ALP+GRN+LNP+ON+OTH,ideology prior,False,False,1.0057816847465528e-12,0.0036146667464100565,True,0.15,0.0
2022,simplified,Niddrie,2,ON,ALP+GRN+LNP+OTH,federal ON evidence trial,False,False,0.0036146667475667055,0.07140160251028932,True,0.0,0.94
2022,simplified,Niddrie,3,GRN,ALP+LNP+OTH,posterior scenario,False,False,0.07527104022804346,0.05816091074344759,False,0.0,0.95
2022,simplified,Niddrie,4,OTH,ALP+LNP,posterior scenario,False,False,0.14027277263344892,0.21706729933405097,False,0.0,0.43879999999999997
2022,simplified,Northcote,1,ON,ALP+GRN+IND+LNP+OTH,ideology prior,False,False,0.0023373221277564224,0.007470348820300747,True,0.0,1.0
2022,simplified,Northcote,2,IND,ALP+GRN+LNP+OTH,posterior scenario,False,False,0.010041403160832813,0.10941998609926208,False,0.0,0.8500149985001499
2022,simplified,Northcote,3,LNP,ALP+GRN+OTH,ideology prior,False,False,0.12119276339899988,0.035527268384131214,False,0.0,0.8
2022,simplified,Northcote,4,OTH,ALP+GRN,ideology prior,False,False,0.19122661188921877,0.18706305454853342,False,0.0,0.5543
2022,simplified,Oakleigh,1,ON,ALP+GRN+IND+LNP+OTH,ideology prior,False,False,0.002525756270731484,0.020093828908273482,True,0.0,1.0
2022,simplified,Oakleigh,2,IND,ALP+GRN+LNP+OTH,posterior scenario,False,False,0.02279638811795617,0.04670402589773599,False,0.0,0.85
2022,simplified,Oakleigh,3,OTH,ALP+GRN+LNP,posterior scenario,False,False,0.07224953847604343,0.08889024674455595,False,0.0,0.40259999999999996
2022,simplified,Oakleigh,4,GRN,ALP+LNP,posterior scenario,False,False,0.1888916347486711,0.143173244435722,False,0.0,0.9500000000000001
2022,simplified,Ovens Valley,1,ON,ALP+GRN+IND+LNP+OTH,ideology prior,False,False,0.0033177208164220907,0.04539713521209315,True,0.0,1.0
2022,simplified,Ovens Valley,2,IND,ALP+GRN+LNP+OTH,posterior scenario,False,False,0.04892221357954162,0.032217349198133606,False,0.0,0.0
2022,simplified,Ovens Valley,3,GRN,ALP+LNP+OTH,posterior scenario,False,False,0.09048666490782686,0.09521079658641535,False,0.0,0.9
2022,simplified,Ovens Valley,4,OTH,ALP+LNP,posterior scenario,False,False,0.19591199916529012,0.07109947689681129,False,0.0,0.3241
2022,simplified,Pakenham,1,ON,ALP+GRN+IND+LNP+OTH,ideology prior,False,False,0.003653403774982029,0.06752493401554943,True,0.0,1.0
2022,simplified,Pakenham,2,GRN,ALP+IND+LNP+OTH,posterior scenario,False,False,0.0713518744698431,0.0016324232071986827,False,0.0,0.8999899989999
2022,simplified,Pakenham,3,IND,ALP+LNP+OTH,posterior scenario,False,False,0.08319696479000793,0.0837652809812098,False,0.0,0.75
2022,simplified,Pakenham,4,OTH,ALP+LNP,posterior scenario,False,False,0.18352155867944173,0.21561872385336792,False,0.0,0.2484
2022,simplified,Pascoe Vale,1,ON,ALP+GRN+IND+LNP+OTH,ideology prior,False,False,0.002318246320926535,0.08914454925811897,True,0.0,1.0
2022,simplified,Pascoe Vale,2,IND,ALP+GRN+LNP+OTH,posterior scenario,False,False,0.09162507282151036,0.03765730106715909,False,0.0,0.85
2022,simplified,Pascoe Vale,3,OTH,ALP+GRN+LNP,posterior scenario,False,False,0.16247122388227966,0.0378283275193185,False,0.0,0.6000000000000001
2022,simplified,Pascoe Vale,4,LNP,ALP+GRN,posterior scenario,False,False,0.2540101780103018,0.053505208609578414,False,0.0,0.7
2022,simplified,Point Cook,1,ON,ALP+GRN+IND+LNP+OTH,ideology prior,False,False,0.0031752468782149817,0.06834925391553305,True,0.0,1.0
2022,simplified,Point Cook,2,GRN,ALP+IND+LNP+OTH,posterior scenario,False,False,0.07172295372363646,0.05391407277832863,False,0.0,0.95
2022,simplified,Point Cook,3,IND,ALP+LNP+OTH,posterior scenario,False,False,0.12894361747413838,0.021367455725921636,False,0.0,0.5315
2022,simplified,Point Cook,4,OTH,ALP+LNP,posterior scenario,False,False,0.17752625682017717,0.1357833393122316,False,0.0,0.2788
2022,simplified,Polwarth,1,ON,ALP+GRN+IND+LNP+OTH,ideology prior,False,False,0.0022828710331007297,0.031127936959639668,True,0.0,1.0
2022,simplified,Polwarth,2,IND,ALP+GRN+LNP+OTH,posterior scenario,False,False,0.033553487432309195,0.06578711708949904,False,0.0,0.7499749974997499
2022,simplified,Polwarth,3,OTH,ALP+GRN+LNP,posterior scenario,False,False,0.10337428285077722,0.05721621090069405,False,0.0,0.3267
2022,simplified,Polwarth,4,GRN,ALP+LNP,posterior scenario,False,False,0.20041094765922274,0.11334476662042553,False,0.0,0.9
2022,simplified,Prahran,1,ON,ALP+GRN+IND+LNP+OTH,ideology prior,False,False,0.0016712047152887505,0.006705889739156819,True,0.0,1.0
2022,simplified,Prahran,2,IND,ALP+GRN+LNP+OTH,posterior scenario,False,False,0.008544214925974444,0.08905819647974463,False,0.0,0.85001499850015
2022,simplified,Prahran,3,OTH,ALP+GRN+LNP,posterior scenario,False,False,0.10022825083721994,0.1507511634276973,False,0.0,0.7
2022,simplified,Prahran,4,ALP,GRN+LNP,posterior scenario,False,False,0.27416202528370504,0.08095478337497625,False,0.0,0.9
2022,simplified,Preston,1,ON,ALP+GRN+IND+LNP+OTH,ideology prior,False,False,0.003094279891956797,0.12564540006007394,True,0.0,1.0
2022,simplified,Preston,2,IND,ALP+GRN+LNP+OTH,posterior scenario,False,False,0.1289562795444677,0.020812210852559382,False,0.0,0.85
2022,simplified,Preston,3,OTH,ALP+GRN+LNP,posterior scenario,False,False,0.1663104451144588,0.02355198882020207,False,0.0,0.6000000000000001
2022,simplified,Preston,4,GRN,ALP+LNP,posterior scenario,False,False,0.25905046174916124,0.0006502818278393829,False,0.0,0.0
2022,simplified,Richmond,1,ON,ALP+GRN+IND+LNP+OTH,ideology prior,False,False,0.0016337250375932034,0.035661824555791824,True,0.0,1.0
2022,simplified,Richmond,2,IND,ALP+GRN+LNP+OTH,posterior scenario,False,False,0.03745892209714435,0.09522031331246633,False,0.0,0.8500149985001499
2022,simplified,Richmond,3,OTH,ALP+GRN+LNP,posterior scenario,False,False,0.14647442445501813,0.0032372488063568128,False,0.0,0.7000299970003
2022,simplified,Richmond,4,LNP,ALP+GRN,posterior scenario,False,False,0.19031653640632393,0.18948326979928035,False,0.0,0.8
2022,simplified,Ringwood,1,IND,ALP+GRN+LNP+ON+OTH,ideology prior,False,False,1.0055779263577865e-12,0.0016525445555308513,True,0.15,0.0
2022,simplified,Ringwood,2,ON,ALP+GRN+LNP+OTH,federal ON evidence trial,False,False,0.0016525445566872659,0.10080068233144544,True,0.0,0.94
2022,simplified,Ringwood,3,OTH,ALP+GRN+LNP,posterior scenario,False,False,0.10282713577637959,0.05041291802032463,False,0.0,0.5
2022,simplified,Ringwood,4,GRN,ALP+LNP,posterior scenario,False,False,0.19337902128252107,0.20720013979068766,False,0.0,0.95
2022,simplified,Ripon,1,ON,ALP+GRN+IND+LNP+OTH,ideology prior,False,False,0.0039395461229839515,0.016566612452687687,True,0.0,1.0
2022,simplified,Ripon,2,IND,ALP+GRN+LNP+OTH,posterior scenario,False,False,0.020752380208358137,0.0371281839401351,False,0.0,0.75
2022,simplified,Ripon,3,GRN,ALP+LNP+OTH,posterior scenario,False,False,0.06078340537628962,0.12404648720844078,False,0.0,0.9
2022,simplified,Ripon,4,OTH,ALP+LNP,posterior scenario,False,False,0.1951716677185866,0.17888525738515546,False,0.0,0.4
2022,simplified,Rowville,1,ON,ALP+GRN+IND+LNP+OTH,ideology prior,False,False,0.0019421694667378776,0.06638047418845536,True,0.0,1.0
2022,simplified,Rowville,2,OTH,ALP+GRN+IND+LNP,posterior scenario,False,False,0.0687207883958745,0.009765829479702351,False,0.0,0.5000499950005
2022,simplified,Rowville,3,GRN,ALP+IND+LNP,posterior scenario,False,False,0.0956175172103101,0.020620608435285237,False,0.0,0.95
2022,simplified,Rowville,4,IND,ALP+LNP,posterior scenario,False,False,0.13600761141050818,0.25342065806786696,False,0.0,0.85
2022,simplified,Sandringham,1,ON,ALP+GRN+IND+LNP+OTH,ideology prior,False,False,0.0015875836957654473,0.07516563125047432,True,0.0,1.0
2022,simplified,Sandringham,2,IND,ALP+GRN+LNP+OTH,posterior scenario,False,False,0.07686434580494335,0.011368735035584221,False,0.0,0.8500000000000001
2022,simplified,Sandringham,3,OTH,ALP+GRN+LNP,posterior scenario,False,False,0.09745086606983969,0.05208940809129728,False,0.0,0.48295170482951705
2022,simplified,Sandringham,4,GRN,ALP+LNP,posterior scenario,False,False,0.18711223875323138,0.11625148756569151,False,0.0,0.95
2022,simplified,Shepparton,1,ON,ALP+GRN+IND+LNP+OTH,ideology prior,False,False,0.004003199555529636,0.02146720623391221,True,0.0,1.0
2022,simplified,Shepparton,2,GRN,ALP+IND+LNP+OTH,posterior scenario,False,False,0.025660557768329505,0.057767921411317584,False,0.0,0.9000099990001
2022,simplified,Shepparton,3,OTH,ALP+IND+LNP,posterior scenario,False,False,0.08582094773599601,0.04191893192774333,False,0.0,0.5
2022,simplified,Shepparton,4,ALP,IND+LNP,posterior scenario,False,False,0.147106225609992,0.23185648205813877,False,0.0,0.85
2022,simplified,South Barwon,1,IND,ALP+GRN+LNP+ON+OTH,ideology prior,False,False,1.0055915931874106e-12,0.0025760971269689157,True,0.15,0.0
2022,simplified,South Barwon,2,ON,ALP+GRN+LNP+OTH,federal ON evidence trial,False,False,0.0025760971281253457,0.11618484406904064,True,0.0,0.94
2022,simplified,South Barwon,3,GRN,ALP+LNP+OTH,posterior scenario,False,False,0.11891054017643138,0.013157749156556403,False,0.0,0.8999999999999999
2022,simplified,South Barwon,4,OTH,ALP+LNP,posterior scenario,False,False,0.14283651384495857,0.21527332598927254,False,0.0,0.336966303369663
2022,simplified,South-West Coast,1,ON,ALP+GRN+IND+LNP+OTH,ideology prior,False,False,0.002169702789485165,0.05517912261880494,True,0.0,1.0
2022,simplified,South-West Coast,2,GRN,ALP+IND+LNP+OTH,posterior scenario,False,False,0.057451886290790656,0.017034095813442778,False,0.0,0.9
2022,simplified,South-West Coast,3,OTH,ALP+IND+LNP,posterior scenario,False,False,0.07699582403809489,0.1589026238124071,False,0.0,0.36366363363663634
2022,simplified,South-West Coast,4,ALP,IND+LNP,posterior scenario,False,False,0.25355377018340886,0.04729934855539414,False,0.0,0.0
2022,simplified,St Albans,1,ON,ALP+GRN+IND+LNP+OTH,ideology prior,False,False,0.0028162228906404552,0.029786021335590652,True,0.0,1.0
2022,simplified,St Albans,2,IND,ALP+GRN+LNP+OTH,posterior scenario,False,False,0.03279937982857594,0.04883657998722531,False,0.0,0.84998499849985
2022,simplified,St Albans,3,GRN,ALP+LNP+OTH,posterior scenario,False,False,0.08988436935669135,0.1013769135790641,False,0.0,0.95
2022,simplified,St Albans,4,OTH,ALP+LNP,posterior scenario,False,False,0.20128870969280238,0.07940348780920375,False,0.0,0.4298
2022,simplified,Sunbury,1,ON,ALP+GRN+IND+LNP+OTH,ideology prior,False,False,0.003875612708721239,0.034634873946066305,True,0.0,1.0
2022,simplified,Sunbury,2,IND,ALP+GRN+LNP+OTH,posterior scenario,False,False,0.038781779544398036,0.031288844375923504,False,0.0,0.75
2022,simplified,Sunbury,3,GRN,ALP+LNP+OTH,posterior scenario,False,False,0.07601899804311647,0.05822326348207145,False,0.0,0.8999999999999999
2022,simplified,Sunbury,4,OTH,ALP+LNP,posterior scenario,False,False,0.14249291888228757,0.20807433277652623,False,0.0,0.29712971297129714
2022,simplified,Sydenham,1,ON,ALP+GRN+IND+LNP+OTH,ideology prior,False,False,0.0033205066169507604,0.006623404661278675,True,0.0,1.0
2022,simplified,Sydenham,2,IND,ALP+GRN+LNP+OTH,posterior scenario,False,False,0.010176346741415989,0.053492265253359914,False,0.0,0.0
2022,simplified,Sydenham,3,GRN,ALP+LNP+OTH,posterior scenario,False,False,0.06559052048605687,0.11591725665540187,False,0.0,0.95
2022,simplified,Sydenham,4,OTH,ALP+LNP,posterior scenario,False,False,0.19639245612083772,0.11548977452720299,False,0.0,0.5
2022,simplified,Tarneit,1,ON,ALP+GRN+IND+LNP+OTH,ideology prior,False,False,0.0029359070391430982,0.032097959717960985,True,0.0,1.0
2022,simplified,Tarneit,2,IND,ALP+GRN+LNP+OTH,posterior scenario,False,False,0.035239380249844104,0.04069336488203948,False,0.0,0.8500149985001499
2022,simplified,Tarneit,3,GRN,ALP+LNP+OTH,posterior scenario,False,False,0.07993435742625563,0.08098870030839389,False,0.0,0.95
2022,simplified,Tarneit,4,OTH,ALP+LNP,posterior scenario,False,False,0.1697649114623937,0.11466846743720571,False,0.0,0.3278672132786722
2022,simplified,Thomastown,1,ON,ALP+GRN+IND+LNP+OTH,ideology prior,False,False,0.003049564824040014,0.02717888012738757,True,0.0,1.0
2022,simplified,Thomastown,2,IND,ALP+GRN+LNP+OTH,posterior scenario,False,False,0.030441914489110388,0.03392488483247032,False,0.0,0.0
2022,simplified,Thomastown,3,GRN,ALP+LNP+OTH,posterior scenario,False,False,0.0701744434539835,0.09452453646399374,False,0.0,0.9500000000000001
2022,simplified,Thomastown,4,OTH,ALP+LNP,posterior scenario,False,False,0.1905352982229851,0.0495456734676957,False,0.0,0.5
2022,simplified,Warrandyte,1,ON,ALP+GRN+IND+LNP+OTH,ideology prior,False,False,0.001797855415053965,0.008249579762420892,True,0.0,1.0
2022,simplified,Warrandyte,2,IND,ALP+GRN+LNP+OTH,posterior scenario,False,False,0.010173285056528633,0.058872806156244836,False,0.0,0.85
2022,simplified,Warrandyte,3,OTH,ALP+GRN+LNP,posterior scenario,False,False,0.07208653213146742,0.04460303015759923,False,0.0,0.5
2022,simplified,Warrandyte,4,GRN,ALP+LNP,posterior scenario,False,False,0.14457946726695878,0.18934664355843897,False,0.0,0.9500000000000001
2022,simplified,Wendouree,1,ON,ALP+GRN+IND+LNP+OTH,ideology prior,False,False,0.0033796737056254796,0.00456639628236453,True,0.0,1.0
2022,simplified,Wendouree,2,IND,ALP+GRN+LNP+OTH,posterior scenario,False,False,0.008182647147383792,0.09520412446864673,False,0.0,0.7499749974997499
2022,simplified,Wendouree,3,GRN,ALP+LNP+OTH,posterior scenario,False,False,0.1047414155377028,0.011243379070700901,False,0.0,0.8999999999999999
2022,simplified,Wendouree,4,OTH,ALP+LNP,posterior scenario,False,False,0.12587901512143457,0.20382195450524326,False,0.0,0.34550000000000003
2022,simplified,Werribee,1,ON,ALP+GRN+IND+LNP+OTH,ideology prior,False,False,0.0033899962667088587,0.06442731149248229,True,0.0,1.0
2022,simplified,Werribee,2,GRN,ALP+IND+LNP+OTH,posterior scenario,False,False,0.06797833258185981,0.05382276316086908,False,0.0,0.8999999999999999
2022,simplified,Werribee,3,IND,ALP+LNP+OTH,posterior scenario,False,False,0.12493410559990331,0.01617417625497586,False,0.0,0.5837583758375837
2022,simplified,Werribee,4,OTH,ALP+LNP,posterior scenario,False,False,0.1674827670999339,0.13335636417680344,False,0.0,0.2038
2022,simplified,Williamstown,1,ON,ALP+GRN+IND+LNP+OTH,ideology prior,False,False,0.002782089552682049,0.03401224478777744,True,0.0,1.0
2022,simplified,Williamstown,2,IND,ALP+GRN+LNP+OTH,posterior scenario,False,False,0.03707254329572769,0.09481345313967816,False,0.0,0.0
2022,simplified,Williamstown,3,OTH,ALP+GRN+LNP,posterior scenario,False,False,0.13824765316916385,0.02088876470031023,False,0.0,0.6999699969997
2022,simplified,Williamstown,4,GRN,ALP+LNP,posterior scenario,False,False,0.21295871020831633,0.11119375834298559,False,0.0,0.95
2022,simplified,Yan Yean,1,IND,ALP+GRN+LNP+ON+OTH,ideology prior,False,False,9.879793170826182e-10,0.003030975505731898,True,0.15,0.0
2022,simplified,Yan Yean,2,ON,ALP+GRN+LNP+OTH,federal ON evidence trial,False,False,0.003030976641908113,0.05986591479886762,True,0.0,0.94
2022,simplified,Yan Yean,3,GRN,ALP+LNP+OTH,posterior scenario,False,False,0.06307290617942146,0.11167063533400648,False,0.0,0.8999999999999999
2022,simplified,Yan Yean,4,OTH,ALP+LNP,posterior scenario,False,False,0.18897359710303302,0.14060080540799752,False,0.0,0.45
ON18,reference,Albert Park,1,OTH,ALP+GRN+IND+LNP+ON,federal ON evidence trial,False,False,0.023867829114284485,0.012141781393744139,True,0.2382375140659608,1.0
ON18,reference,Albert Park,2,IND,ALP+GRN+LNP+ON,full AEC row,False,False,0.04082548666458819,0.09573451166922164,True,0.0996476912333912,1.0
ON18,reference,Albert Park,3,ON,ALP+GRN+LNP,federal ON evidence trial,False,False,0.14062816382341564,0.08919116538372968,True,0.0,0.7000000000000001
ON18,reference,Albert Park,4,GRN,ALP+LNP,posterior scenario,False,False,0.26062084802293994,0.09492777720984819,False,0.0,0.9500000000000001
ON18,reference,Ashwood,1,OTH,ALP+GRN+IND+LNP+ON,federal ON evidence trial,False,False,1.0039228796561272e-12,0.00911200098605379,True,0.3499180153342636,1.0
ON18,reference,Ashwood,2,IND,ALP+GRN+LNP+ON,ideology prior,False,False,0.009112000987224953,0.09736796486143005,True,0.27158187448443555,0.7386
ON18,reference,Ashwood,3,ON,ALP+GRN+LNP,federal ON evidence trial,False,False,0.10895462015706958,0.048385772092576884,True,0.0,0.75
ON18,reference,Ashwood,4,GRN,ALP+LNP,posterior scenario,False,False,0.17570999343420948,0.17522463885951647,False,0.0,0.95
ON18,reference,Bass,1,OTH,ALP+GRN+IND+LNP+ON,federal ON evidence trial,False,False,0.038670877966507276,0.0011749306161309425,True,0.43303921713976085,1.0
ON18,reference,Bass,2,IND,ALP+GRN+LNP+ON,ideology prior,False,False,0.04639504342815449,0.03823380864387966,True,0.410457152004078,0.8191
ON18,reference,Bass,3,GRN,ALP+LNP+ON,federal ON evidence trial,False,False,0.09409161719480738,0.1689692422698135,True,0.1508106984737373,1.0
ON18,reference,Bass,4,ON,ALP+LNP,federal ON evidence trial,False,False,0.2772508819742933,0.04467449149741237,True,0.0,0.73
ON18,reference,Bayswater,1,IND,ALP+GRN+LNP+ON+OTH,full AEC row,False,False,0.004179372170832924,0.04915145143109718,True,0.2378512367957517,1.0
ON18,reference,Bayswater,2,OTH,ALP+GRN+LNP+ON,federal ON evidence trial,False,False,0.05416245530820627,0.03489094624119984,True,0.43070962057929163,1.0
ON18,reference,Bayswater,3,GRN,ALP+LNP+ON,federal ON evidence trial,False,False,0.09963653084694558,0.07899177328924352,True,0.14320353500004424,1.0
ON18,reference,Bayswater,4,ON,ALP+LNP,federal ON evidence trial,False,False,0.19289660756861265,0.19379610141284137,True,0.0,0.7
ON18,reference,Bellarine,1,OTH,ALP+GRN+IND+LNP+ON,federal ON evidence trial,False,False,0.018269046865956356,0.006605610344700422,True,0.5104614433681437,1.0
ON18,reference,Bellarine,2,IND,ALP+GRN+LNP+ON,full AEC row,False,False,0.027884298990772206,0.09289335557370364,True,0.36215677440116545,1.0
ON18,reference,Bellarine,3,GRN,ALP+LNP+ON,federal ON evidence trial,False,False,0.12716718066447097,0.029974936218206433,True,0.16088982813961122,1.0
ON18,reference,Bellarine,4,ON,ALP+LNP,federal ON evidence trial,False,False,0.17760202272478304,0.19126817494536574,True,0.0,0.73
ON18,reference,Benambra,1,OTH,ALP+GRN+IND+LNP+ON,federal ON evidence trial,False,False,0.026514379362593325,0.01621193977156379,True,0.5632724793465815,1.0
ON18,reference,Benambra,2,GRN,ALP+IND+LNP+ON,federal ON evidence trial,False,False,0.043777903597331615,0.008743199810745193,True,0.11122180255682457,1.0
ON18,reference,Benambra,3,ALP,IND+LNP+ON,full AEC row,False,False,0.05814076149953958,0.18255158834896718,True,0.32900990983559103,1.0
ON18,reference,Benambra,4,ON,IND+LNP,ideology prior,False,False,0.2598212365472429,0.09642004481901373,True,0.0,0.68
ON18,reference,Bendigo East,1,OTH,ALP+GRN+IND+LNP+ON,federal ON evidence trial,False,False,0.005394767195506742,0.011836848042048119,True,0.3890498227253916,1.0
ON18,reference,Bendigo East,2,IND,ALP+GRN+LNP+ON,ideology prior,False,False,0.018146548387003095,0.08116580833113538,True,0.32969206939937384,0.5729427057294271
ON18,reference,Bendigo East,3,GRN,ALP+LNP+ON,federal ON evidence trial,False,False,0.1025755363821563,0.083425501708981,True,0.15232039572563458,1.0
ON18,reference,Bendigo East,4,ON,ALP+LNP,federal ON evidence trial,False,False,0.2016253843846366,0.1275803135136527,True,0.0,0.72
ON18,reference,Bendigo West,1,IND,ALP+GRN+LNP+ON+OTH,full AEC row,False,False,0.01448859577308423,0.04779784596586423,True,0.3812167056100475,1.0
ON18,reference,Bendigo West,2,OTH,ALP+GRN+LNP+ON,federal ON evidence trial,False,False,0.06712753381394782,0.06179100562835274,True,0.4433555233963422,1.0
ON18,reference,Bendigo West,3,GRN,ALP+LNP+ON,federal ON evidence trial,False,False,0.14007682765431187,0.0642731747561435,True,0.18082842250665787,1.0
ON18,reference,Bendigo West,4,ON,ALP+LNP,federal ON evidence trial,False,False,0.22967987418492158,0.05234917664318267,True,0.0,0.72
ON18,reference,Bentleigh,1,OTH,ALP+GRN+IND+LNP+ON,federal ON evidence trial,False,False,0.0068563308455323446,0.0019395550758207012,True,0.34992545127056257,1.0
ON18,reference,Bentleigh,2,IND,ALP+GRN+LNP+ON,ideology prior,False,False,0.009938068321265429,0.10134108344583442,True,0.275297894464656,0.7199
ON18,reference,Bentleigh,3,GRN,ALP+LNP+ON,federal ON evidence trial,False,False,0.11371757372095512,0.03536309514997493,True,0.09673304411410417,1.0
ON18,reference,Bentleigh,4,ON,ALP+LNP,federal ON evidence trial,False,False,0.16008091594622811,0.21253243189009793,True,0.0,0.7
ON18,reference,Berwick,1,IND,ALP+GRN+LNP+ON+OTH,ideology prior,False,False,1.005771988570459e-12,0.014905139737539954,True,0.2717267726161369,0.0
ON18,reference,Berwick,2,OTH,ALP+GRN+LNP+ON,federal ON evidence trial,False,False,0.01490513973867114,0.0793494687737283,True,0.4778298932281203,1.0
ON18,reference,Berwick,3,GRN,ALP+LNP+ON,federal ON evidence trial,False,False,0.09677016632440094,0.11232546157104181,True,0.1556159505070005,1.0
ON18,reference,Berwick,4,ON,ALP+LNP,federal ON evidence trial,False,False,0.22415460930873493,0.09385080832417508,True,0.0,0.73
ON18,reference,Box Hill,1,IND,ALP+GRN+LNP+ON+OTH,full AEC row,False,False,0.0046658029599707706,0.0022149659302318596,True,0.2722222748815166,1.0
ON18,reference,Box Hill,2,OTH,ALP+GRN+LNP+ON,federal ON evidence trial,False,False,0.00860547963743429,0.09108489404470928,True,0.3590214209870345,1.0
ON18,reference,Box Hill,3,ON,ALP+GRN+LNP,federal ON evidence trial,False,False,0.10277992520985021,0.05524855637931769,True,0.0,0.75
ON18,reference,Box Hill,4,GRN,ALP+LNP,posterior scenario,False,False,0.17589253471661534,0.1883913671168357,False,0.0,0.9500000000000001
ON18,reference,Brighton,1,OTH,ALP+GRN+IND+LNP+ON,federal ON evidence trial,False,False,0.01761374487994314,0.07254734963712692,True,0.23823751406596083,1.0
ON18,reference,Brighton,2,IND,ALP+GRN+LNP+ON,full AEC row,False,False,0.09386347963564531,0.008589461230162493,True,0.08186536657640521,1.0
ON18,reference,Brighton,3,ON,ALP+GRN+LNP,federal ON evidence trial,False,False,0.11013710903431685,0.08703289558800877,True,0.0,0.7000000000000001
ON18,reference,Brighton,4,GRN,ALP+LNP,posterior scenario,False,False,0.22229093723370608,0.017325683337021225,False,0.0,0.95
ON18,reference,Broadmeadows,1,IND,ALP+GRN+LNP+ON+OTH,full AEC row,False,False,0.06322008861923664,0.024421884904213806,True,0.2794791469194313,1.0
ON18,reference,Broadmeadows,2,GRN,ALP+LNP+ON+OTH,ideology prior,False,False,0.09181399011344424,0.026929270797939872,True,0.09867443434008501,1.0
ON18,reference,Broadmeadows,3,OTH,ALP+LNP+ON,ideology prior,False,False,0.12695584559607756,0.07220672032317957,True,0.5102668131091949,0.7785
ON18,reference,Broadmeadows,4,LNP,ALP+ON,ON special prior,True,True,0.22477146109777651,0.04126909768683579,True,0.63,0.0
ON18,reference,Brunswick,1,IND,ALP+GRN+LNP+ON+OTH,full AEC row,False,False,0.009550922352704907,0.07379065145955072,True,0.10649742268041237,1.0
ON18,reference,Brunswick,2,OTH,ALP+GRN+LNP+ON,federal ON evidence trial,False,False,0.08528494035323848,0.012050847859802205,True,0.25815034280997823,1.0
ON18,reference,Brunswick,3,LNP,ALP+GRN+ON,full AEC row,False,False,0.10654640110275436,0.033398179985529255,True,0.11003200404825579,1.0
ON18,reference,Brunswick,4,ON,ALP+GRN,ideology prior,False,False,0.15166809512574894,0.13283886484982546,True,0.0,0.16999999999999998
ON18,reference,Bulleen,1,IND,ALP+GRN+LNP+ON+OTH,full AEC row,False,False,0.00038456274864068256,0.0018638994474253078,True,0.2641098668569162,1.0
ON18,reference,Bulleen,2,OTH,ALP+GRN+LNP+ON,federal ON evidence trial,False,False,0.002380346740106267,0.10945193898280849,True,0.3771501890782472,1.0
ON18,reference,Bulleen,3,ON,ALP+GRN+LNP,federal ON evidence trial,False,False,0.11273003394601763,0.00762374364114865,True,0.0,0.75
ON18,reference,Bulleen,4,GRN,ALP+LNP,posterior scenario,False,False,0.13922834415504254,0.14127595915759034,False,0.0,0.95
ON18,reference,Bundoora,1,IND,ALP+GRN+LNP+ON+OTH,full AEC row,False,False,1.005924258598563e-12,0.04005028964497543,True,0.2663020142180095,1.0
ON18,reference,Bundoora,2,OTH,ALP+GRN+LNP+ON,federal ON evidence trial,False,False,0.04005028964627515,0.0901829585578005,True,0.3838646995090355,1.0
ON18,reference,Bundoora,3,GRN,ALP+LNP+ON,federal ON evidence trial,False,False,0.1388853503888863,0.012730227868783195,True,0.11485214963776968,1.0
ON18,reference,Bundoora,4,ON,ALP+LNP,federal ON evidence trial,False,False,0.16756685930302795,0.15010477330211253,True,0.0,0.7
ON18,reference,Carrum,1,IND,ALP+GRN+LNP+ON+OTH,full AEC row,False,False,0.009023899723575937,0.023498935285054076,True,0.39996737173717367,1.0
ON18,reference,Carrum,2,OTH,ALP+GRN+LNP+ON,federal ON evidence trial,False,False,0.03674436828008699,0.03847428471035146,True,0.45546944922905785,1.0
ON18,reference,Carrum,3,GRN,ALP+LNP+ON,federal ON evidence trial,False,False,0.08235207560842284,0.15076878754217216,True,0.18376390867024395,1.0
ON18,reference,Carrum,4,ON,ALP+LNP,federal ON evidence trial,False,False,0.24825420245150623,0.06467240299648638,True,0.0,0.73
ON18,reference,Caulfield,1,OTH,ALP+GRN+IND+LNP+ON,federal ON evidence trial,False,False,0.0007303589387811091,0.040138565399698026,True,0.2382375140659608,1.0
ON18,reference,Caulfield,2,IND,ALP+GRN+LNP+ON,full AEC row,False,False,0.04100617734123684,0.07081988733396805,True,0.0665019379701322,1.0
ON18,reference,Caulfield,3,ON,ALP+GRN+LNP,federal ON evidence trial,False,False,0.11455305493714406,0.0762747037972938,True,0.0,0.7000000000000001
ON18,reference,Caulfield,4,GRN,ALP+LNP,posterior scenario,False,False,0.21483405063498393,0.03735453653262591,False,0.0,0.95
ON18,reference,Clarinda,1,OTH,ALP+GRN+IND+LNP+ON,federal ON evidence trial,False,False,0.011829900973460938,0.07251129267594576,True,0.39326519128473597,1.0
ON18,reference,Clarinda,2,GRN,ALP+IND+LNP+ON,federal ON evidence trial,False,False,0.08583199422971403,0.0019589282675635394,True,0.0922207023777586,1.0
ON18,reference,Clarinda,3,IND,ALP+LNP+ON,full AEC row,False,False,0.1073468240893181,0.07733370192807275,True,0.2347363095569917,1.0
ON18,reference,Clarinda,4,ON,ALP+LNP,federal ON evidence trial,False,False,0.20987872334678095,0.10207428286048756,True,0.0,0.7
ON18,reference,Cranbourne,1,IND,ALP+GRN+LNP+ON+OTH,full AEC row,False,False,0.0008838772416822993,0.05509422711099129,True,0.26869111374407584,1.0
ON18,reference,Cranbourne,2,GRN,ALP+LNP+ON+OTH,full AEC row,False,False,0.05608048027198977,0.050855685343328356,True,0.08692423082789258,1.0
ON18,reference,Cranbourne,3,OTH,ALP+LNP+ON,full AEC row,False,False,0.12303277736469558,0.11662644499576984,True,0.48925502760728057,1.0
ON18,reference,Cranbourne,4,LNP,ALP+ON,ON special prior,True,True,0.28198554822592764,0.01786807902070231,True,0.6299999999999999,0.0
ON18,reference,Croydon,1,IND,ALP+GRN+LNP+ON+OTH,ideology prior,False,False,1.0057908915721718e-12,0.04665509678111308,True,0.2409774881516588,0.0
ON18,reference,Croydon,2,OTH,ALP+GRN+LNP+ON,federal ON evidence trial,False,False,0.046655096782240425,0.06493908147900743,True,0.43347968044334767,1.0
ON18,reference,Croydon,3,GRN,ALP+LNP+ON,federal ON evidence trial,False,False,0.1207333177715383,0.04944873290156755,True,0.12508691003103184,1.0
ON18,reference,Croydon,4,ON,ALP+LNP,federal ON evidence trial,False,False,0.18528420833094222,0.16704223336546903,True,0.0,0.7
ON18,reference,Dandenong,1,IND,ALP+GRN+LNP+ON+OTH,full AEC row,False,False,1.0057533211241715e-12,0.06593164860672665,True,0.2782042654028436,1.0
ON18,reference,Dandenong,2,OTH,ALP+GRN+LNP+ON,federal ON evidence trial,False,False,0.06593164860808473,0.01824848617767799,True,0.3900665721259529,1.0
ON18,reference,Dandenong,3,GRN,ALP+LNP+ON,federal ON evidence trial,False,False,0.09796871512531086,0.10500866207173148,True,0.16233805136631058,0.7686
ON18,reference,Dandenong,4,LNP,ALP+ON,ON special prior,True,True,0.21441241688958004,0.02139249191562584,True,0.6299999999999998,0.0
ON18,reference,Eildon,1,IND,ALP+GRN+LNP+ON+OTH,full AEC row,False,False,0.00702216588602499,0.021709661173508584,True,0.4150872894417875,1.0
ON18,reference,Eildon,2,OTH,ALP+GRN+LNP+ON,federal ON evidence trial,False,False,0.030667867244332472,0.0838970982903614,True,0.5138853387271799,1.0
ON18,reference,Eildon,3,GRN,ALP+LNP+ON,federal ON evidence trial,False,False,0.11908272903538406,0.09601824609345902,True,0.12155001931236362,1.0
ON18,reference,Eildon,4,ON,ALP+LNP,federal ON evidence trial,False,False,0.24745803802038605,0.04639226094817481,True,0.0,0.73
ON18,reference,Eltham,1,IND,ALP+GRN+LNP+ON+OTH,ideology prior,False,False,1.00596313376115e-12,0.00035647889266163246,True,0.24097748815165881,0.0
ON18,reference,Eltham,2,OTH,ALP+GRN+LNP+ON,federal ON evidence trial,False,False,0.00035647889378916933,0.1337946356300137,True,0.4334796803819628,1.0
ON18,reference,Eltham,3,GRN,ALP+LNP+ON,federal ON evidence trial,False,False,0.13422428698596936,0.0227580093991257,True,0.08695041585370573,1.0
ON18,reference,Eltham,4,ON,ALP+LNP,federal ON evidence trial,False,False,0.16865315395619226,0.1941757586598866,True,0.0,0.7
ON18,reference,Essendon,1,IND,ALP+GRN+LNP+ON+OTH,ideology prior,False,False,0.0065962249362261915,0.048375227478196586,True,0.2409774881516588,0.0
ON18,reference,Essendon,2,OTH,ALP+GRN+LNP+ON,federal ON evidence trial,False,False,0.05576862651808993,0.1104404153131214,True,0.3819812280343642,1.0
ON18,reference,Essendon,3,GRN,ALP+LNP+ON,federal ON evidence trial,False,False,0.18207038131649383,0.023136365224844413,True,0.1302135837594833,1.0
ON18,reference,Essendon,4,ON,ALP+LNP,federal ON evidence trial,False,False,0.22891478338901458,0.08585047045034003,True,0.0,0.7
ON18,reference,Eureka,1,IND,ALP+GRN+LNP+ON+OTH,full AEC row,False,False,0.02070603602805132,0.04474352365402849,True,0.4171183058523416,1.0
ON18,reference,Eureka,2,OTH,ALP+GRN+LNP+ON,federal ON evidence trial,False,False,0.0707016002905397,0.03457589106251455,True,0.5127398757972179,1.0
ON18,reference,Eureka,3,GRN,ALP+LNP+ON,federal ON evidence trial,False,False,0.11530562364102927,0.16105458367053538,True,0.14962798169200378,1.0
ON18,reference,Eureka,4,LNP,ALP+ON,ON special prior,True,True,0.3027220435637362,0.002752223290166722,True,0.79,0.0
ON18,reference,Euroa,1,IND,ALP+GRN+LNP+ON+OTH,ideology prior,False,False,9.865163633022265e-10,0.03262339817243877,True,0.31139634146341466,0.0
ON18,reference,Euroa,2,OTH,ALP+GRN+LNP+ON,federal ON evidence trial,False,False,0.032623399281668145,0.02132783466011766,True,0.44259794539183994,1.0
ON18,reference,Euroa,3,GRN,ALP+LNP+ON,federal ON evidence trial,False,False,0.05936453676648864,0.1589161851810865,True,0.14886299103864636,0.87
ON18,reference,Euroa,4,ALP,LNP+ON,ON special prior,True,True,0.2581947957331639,0.0083207251127001,True,0.36000000000000004,0.0
ON18,reference,Evelyn,1,IND,ALP+GRN+LNP+ON+OTH,full AEC row,False,False,0.004237016084503682,0.010453862794395252,True,0.3897209389696727,1.0
ON18,reference,Evelyn,2,OTH,ALP+GRN+LNP+ON,federal ON evidence trial,False,False,0.016083070798556514,0.08424996278121731,True,0.46482699743636563,1.0
ON18,reference,Evelyn,3,GRN,ALP+LNP+ON,federal ON evidence trial,False,False,0.10307368963947058,0.08335504812828903,True,0.15544033997130963,1.0
ON18,reference,Evelyn,4,ON,ALP+LNP,federal ON evidence trial,False,False,0.20245054712741617,0.11009929126205714,True,0.0,0.73
ON18,reference,Footscray,1,IND,ALP+GRN+LNP+ON+OTH,ideology prior,False,False,1.0051587995789873e-12,0.08597113726474094,True,0.09438144329896908,0.0
ON18,reference,Footscray,2,OTH,ALP+GRN+LNP+ON,federal ON evidence trial,False,False,0.08597113726587821,0.06326150234696543,True,0.2626754300211739,1.0
ON18,reference,Footscray,3,ON,ALP+GRN+LNP,federal ON evidence trial,False,False,0.17181514506356757,0.002507617505056736,True,0.0,0.7000000000000001
ON18,reference,Footscray,4,LNP,ALP+GRN,posterior scenario,False,False,0.264074959598829,0.04110675660309504,False,0.0,0.8
ON18,reference,Frankston,1,IND,ALP+GRN+LNP+ON+OTH,full AEC row,False,False,0.015350037737564406,0.051913785424748574,True,0.2737018957345972,1.0
ON18,reference,Frankston,2,OTH,ALP+GRN+LNP+ON,federal ON evidence trial,False,False,0.0745259187410553,0.045994578019149926,True,0.3766226688082439,1.0
ON18,reference,Frankston,3,GRN,ALP+LNP+ON,federal ON evidence trial,False,False,0.13628689112838427,0.09794677944413563,True,0.14001799017191283,1.0
ON18,reference,Frankston,4,ON,ALP+LNP,federal ON evidence trial,False,False,0.2533162871550946,0.061765175313466814,True,0.0,0.7
ON18,reference,Geelong,1,OTH,ALP+GRN+IND+LNP+ON,federal ON evidence trial,False,False,0.012354157941332126,0.05395329430228914,True,0.3890402385558631,1.0
ON18,reference,Geelong,2,IND,ALP+GRN+LNP+ON,ideology prior,False,False,0.06840267307974154,0.06988558058020175,True,0.3473206520334006,0.6687
ON18,reference,Geelong,3,GRN,ALP+LNP+ON,federal ON evidence trial,False,False,0.1528288777778014,0.08250405353078222,True,0.16810344954195477,1.0
ON18,reference,Geelong,4,LNP,ALP+ON,ON special prior,True,True,0.2650391096672875,0.02708420908933401,True,0.69,0.0
ON18,reference,Gippsland East,1,IND,ALP+GRN+LNP+ON+OTH,ideology prior,False,False,0.01002865184416847,0.038124953202811944,True,0.31139634146341466,0.0
ON18,reference,Gippsland East,2,OTH,ALP+GRN+LNP+ON,federal ON evidence trial,False,False,0.049401071495889175,0.015568724492789655,True,0.4395739775863469,1.0
ON18,reference,Gippsland East,3,GRN,ALP+LNP+ON,federal ON evidence trial,False,False,0.0731524765136437,0.019790035478556664,True,0.16422393360340795,0.8948
ON18,reference,Gippsland East,4,ALP,LNP+ON,ON special prior,True,True,0.14120289839753256,0.1663898031683149,True,0.36,0.0
ON18,reference,Gippsland South,1,OTH,ALP+GRN+IND+LNP+ON,federal ON evidence trial,False,False,0.012540422289169321,0.02272617337585204,True,0.566725395090153,1.0
ON18,reference,Gippsland South,2,IND,ALP+GRN+LNP+ON,full AEC row,False,False,0.03717338528111868,0.048892306094998235,True,0.41887976054380954,1.0
ON18,reference,Gippsland South,3,GRN,ALP+LNP+ON,federal ON evidence trial,False,False,0.08835040860417144,0.0576114596882414,True,0.11030338002087173,1.0
ON18,reference,Gippsland South,4,ALP,LNP+ON,ON special prior,True,True,0.20323520674195888,0.08467759511514311,True,0.36,0.0
ON18,reference,Glen Waverley,1,IND,ALP+GRN+LNP+ON+OTH,ideology prior,False,False,9.911776980164595e-10,0.022321595245306233,True,0.2409774881516588,0.0
ON18,reference,Glen Waverley,2,OTH,ALP+GRN+LNP+ON,federal ON evidence trial,False,False,0.02232159635627081,0.08043994206805996,True,0.3838448547949157,1.0
ON18,reference,Glen Waverley,3,GRN,ALP+LNP+ON,federal ON evidence trial,False,False,0.10795667026495205,0.00481544651025155,True,0.10881334121531153,1.0
ON18,reference,Glen Waverley,4,ON,ALP+LNP,federal ON evidence trial,False,False,0.1245192427732127,0.29914155510694695,True,0.0,0.7
ON18,reference,Greenvale,1,IND,ALP+GRN+LNP+ON+OTH,full AEC row,False,False,0.048564450181931916,0.020404917605386354,True,0.26988862559241705,1.0
ON18,reference,Greenvale,2,GRN,ALP+LNP+ON+OTH,full AEC row,False,False,0.07245606514710998,0.05318050609038913,True,0.09630145451353736,1.0
ON18,reference,Greenvale,3,OTH,ALP+LNP+ON,full AEC row,False,False,0.15447100246360418,0.007501984230185721,True,0.4447664660657806,1.0
ON18,reference,Greenvale,4,ON,ALP+LNP,federal ON evidence trial,False,False,0.23067650856916563,0.05428146903326628,True,0.0,0.7
ON18,reference,Hastings,1,IND,ALP+GRN+LNP+ON+OTH,full AEC row,False,False,9.916872389720414e-10,0.040988542938246636,True,0.4210069512195122,1.0
ON18,reference,Hastings,2,OTH,ALP+GRN+LNP+ON,federal ON evidence trial,False,False,0.04098854420304454,0.06009332474713633,True,0.5230286694762089,1.0
ON18,reference,Hastings,3,GRN,ALP+LNP+ON,federal ON evidence trial,False,False,0.10719248130318475,0.13650507627897934,True,0.13182620153758337,1.0
ON18,reference,Hastings,4,ON,ALP+LNP,federal ON evidence trial,False,False,0.2578283352257514,0.10057382157493389,True,0.0,0.73
ON18,reference,Hawthorn,1,OTH,ALP+GRN+IND+LNP+ON,federal ON evidence trial,False,False,0.0032905136649697343,0.07067146057761883,True,0.2382375140659608,1.0
ON18,reference,Hawthorn,2,ON,ALP+GRN+IND+LNP,federal ON evidence trial,False,False,0.07474589803813103,0.06840744347538905,True,0.0,0.8
ON18,reference,Hawthorn,3,GRN,ALP+IND+LNP,posterior scenario,False,False,0.15346540970812295,0.015021717793543443,False,0.0,0.95000499950005
ON18,reference,Hawthorn,4,IND,ALP+LNP,posterior scenario,False,False,0.23643749247337287,0.02597252846486331,False,0.0,0.85
ON18,reference,Ivanhoe,1,OTH,ALP+GRN+IND+LNP+ON,federal ON evidence trial,False,False,0.001900565198176645,0.00033437790524227314,True,0.3499180153342636,1.0
ON18,reference,Ivanhoe,2,IND,ALP+GRN+LNP+ON,ideology prior,False,False,0.002551554446737898,0.13454926753012939,True,0.2772872287636641,0.7434743474347435
ON18,reference,Ivanhoe,3,ON,ALP+GRN+LNP,federal ON evidence trial,False,False,0.13780833543844287,0.05714840037793603,True,0.0,0.75
ON18,reference,Ivanhoe,4,GRN,ALP+LNP,posterior scenario,False,False,0.21804679011427067,0.1642566561518565,False,0.0,0.95
ON18,reference,Kalkallo,1,IND,ALP+GRN+LNP+ON+OTH,full AEC row,False,False,0.00646711274376144,0.05584570130517281,True,0.3842006361394086,1.0
ON18,reference,Kalkallo,2,GRN,ALP+LNP+ON+OTH,full AEC row,False,False,0.06261976979432218,0.02231809624554855,True,0.1520528319482795,1.0
ON18,reference,Kalkallo,3,OTH,ALP+LNP+ON,full AEC row,False,False,0.09988572914706287,0.07864491791407871,True,0.5275926943081573,1.0
ON18,reference,Kalkallo,4,ON,ALP+LNP,federal ON evidence trial,False,False,0.2312296280247753,0.0205031719914881,True,0.0,0.73
ON18,reference,Kew,1,OTH,ALP+GRN+IND+LNP+ON,federal ON evidence trial,False,False,9.838783601466118e-10,0.07494697141730748,True,0.23823751406596083,1.0
ON18,reference,Kew,2,ON,ALP+GRN+IND+LNP,federal ON evidence trial,False,False,0.07494697263558257,0.034921032989958384,True,0.0,0.8
ON18,reference,Kew,3,GRN,ALP+IND+LNP,posterior scenario,False,False,0.12009823626633633,0.056894797380193526,False,0.0,0.9500000000000001
ON18,reference,Kew,4,IND,ALP+LNP,posterior scenario,False,False,0.2250829944800952,0.016788495139090948,False,0.0,0.85
ON18,reference,Kororoit,1,IND,ALP+GRN+LNP+ON+OTH,full AEC row,False,False,0.00607160915408721,0.06972201169738629,True,0.26919964686042064,1.0
ON18,reference,Kororoit,2,GRN,ALP+LNP+ON+OTH,full AEC row,False,False,0.07618529187664264,0.05832934846643187,True,0.08757152971201257,1.0
ON18,reference,Kororoit,3,OTH,ALP+LNP+ON,full AEC row,False,False,0.16294704238324798,0.023563727294294207,True,0.4621290784305428,1.0
ON18,reference,Kororoit,4,LNP,ALP+ON,ON special prior,True,True,0.24160928540800322,0.02020405079909196,True,0.63,0.0
ON18,reference,Lara,1,IND,ALP+GRN+LNP+ON+OTH,full AEC row,False,False,0.00744779657452358,0.058221811108555434,True,0.35818862173503413,1.0
ON18,reference,Lara,2,OTH,ALP+GRN+LNP+ON,federal ON evidence trial,False,False,0.06722688097785962,0.034724717948875536,True,0.47468016881783487,1.0
ON18,reference,Lara,3,GRN,ALP+LNP+ON,federal ON evidence trial,False,False,0.11350039994164617,0.06601608456904824,True,0.19593857058472622,1.0
ON18,reference,Lara,4,LNP,ALP+ON,ON special prior,True,True,0.21104148290115401,0.1212452498872145,True,0.76,0.0
ON18,reference,Laverton,1,IND,ALP+GRN+LNP+ON+OTH,full AEC row,False,False,0.011451001690977103,0.09671469249042845,True,0.2748545962416147,1.0
ON18,reference,Laverton,2,GRN,ALP+LNP+ON+OTH,ideology prior,False,False,0.10901786439646059,0.008924623128395856,True,0.09187095634586613,1.0
ON18,reference,Laverton,3,OTH,ALP+LNP+ON,ideology prior,False,False,0.12638804422877892,0.06171779498357155,True,0.5254559587624881,0.7149
ON18,reference,Laverton,4,LNP,ALP+ON,ON special prior,True,True,0.22975634937506523,0.024760840793633998,True,0.56,0.0
ON18,reference,Lowan,1,IND,ALP+GRN+LNP+ON+OTH,ideology prior,False,False,0.028955384444780925,0.0035376073127974285,True,0.34287014634146346,1.0
ON18,reference,Lowan,2,OTH,ALP+GRN+LNP+ON,federal ON evidence trial,False,False,0.03501422889094098,0.027721188928785015,True,0.5075379616418844,0.8765123487651234
ON18,reference,Lowan,3,GRN,ALP+LNP+ON,federal ON evidence trial,False,False,0.06732881034923133,0.04791450160204057,True,0.1445925482169175,0.8507
ON18,reference,Lowan,4,ALP,LNP+ON,ON special prior,True,True,0.16025319304610042,0.11336617153354134,True,0.35999999999999993,0.0
ON18,reference,Macedon,1,OTH,ALP+GRN+IND+LNP+ON,federal ON evidence trial,False,False,0.02069641854296339,0.016530251308776632,True,0.43302774148806866,1.0
ON18,reference,Macedon,2,IND,ALP+GRN+LNP+ON,ideology prior,False,False,0.040731780483475886,0.08904284712236984,True,0.40786118181875514,0.8798
ON18,reference,Macedon,3,GRN,ALP+LNP+ON,federal ON evidence trial,False,False,0.13467500245363703,0.09821520398797834,True,0.1191056306230338,1.0
ON18,reference,Macedon,4,ON,ALP+LNP,federal ON evidence trial,False,False,0.24893075753801444,0.06667385946994817,True,0.0,0.73
ON18,reference,Malvern,1,IND,ALP+GRN+LNP+ON+OTH,full AEC row,False,False,0.00103310329018849,0.007418516353255607,True,0.10661713917525774,1.0
ON18,reference,Malvern,2,OTH,ALP+GRN+LNP+ON,federal ON evidence trial,False,False,0.00862951044452011,0.0790503328400495,True,0.2597048185629154,1.0
ON18,reference,Malvern,3,ON,ALP+GRN+LNP,federal ON evidence trial,False,False,0.0899209687288505,0.07762963308553972,True,0.0,0.7000000000000001
ON18,reference,Malvern,4,GRN,ALP+LNP,posterior scenario,False,False,0.1863575979998006,0.026647706106594532,False,0.0,0.95
ON18,reference,Melbourne,1,IND,ALP+GRN+LNP+ON+OTH,full AEC row,False,False,1.004521244571835e-12,0.06458131072158659,True,0.11063385057212329,1.0
ON18,reference,Melbourne,2,OTH,ALP+GRN+LNP+ON,federal ON evidence trial,False,False,0.06458131072298563,0.06178611321970838,True,0.2626916172074147,1.0
ON18,reference,Melbourne,3,ON,ALP+GRN+LNP,federal ON evidence trial,False,False,0.14333239289788965,0.036513142492413886,True,0.0,0.7000000000000001
ON18,reference,Melbourne,4,LNP,ALP+GRN,posterior scenario,False,False,0.25532763086886723,0.029478126693427253,False,0.0,0.8
ON18,reference,Melton,1,GRN,ALP+IND+LNP+ON+OTH,full AEC row,False,False,0.05014604502347403,0.036767047588482454,True,0.14883720930232558,1.0
ON18,reference,Melton,2,OTH,ALP+IND+LNP+ON,ideology prior,False,False,0.09160116472810452,0.10054405752189415,True,0.5493621536607926,0.9478
ON18,reference,Melton,3,LNP,ALP+IND+ON,ideology prior,False,False,0.20344651550836676,0.028057261791816807,True,0.5146296537426206,0.0
ON18,reference,Melton,4,IND,ALP+ON,ON special prior,True,True,0.2897061870073793,0.026326866353339418,True,0.44999999999999996,0.5117
ON18,reference,Mildura,1,OTH,ALP+GRN+IND+LNP+ON,federal ON evidence trial,False,False,9.861016526202762e-10,0.028621394991254198,True,0.4330277414880686,1.0
ON18,reference,Mildura,2,GRN,ALP+IND+LNP+ON,federal ON evidence trial,False,False,0.028621396054020778,0.015481775723269513,True,0.09364786468315936,0.8020197980201981
ON18,reference,Mildura,3,ALP,IND+LNP+ON,full AEC row,False,False,0.05757087733879796,0.1853833402713965,True,0.32175590670952015,1.0
ON18,reference,Mildura,4,ON,IND+LNP,ideology prior,False,False,0.26147798744840195,0.0735399010754183,True,0.0,0.68
ON18,reference,Mill Park,1,IND,ALP+GRN+LNP+ON+OTH,ideology prior,False,False,1.0227393704588299e-09,0.07343806397933107,True,0.2409774881516588,0.0
ON18,reference,Mill Park,2,GRN,ALP+LNP+ON+OTH,full AEC row,False,False,0.07343806520763015,0.01612579552315073,True,0.08653846211634565,1.0
ON18,reference,Mill Park,3,OTH,ALP+LNP+ON,full AEC row,False,False,0.10418792159105959,0.11808876969378078,True,0.48728332921316375,1.0
ON18,reference,Mill Park,4,LNP,ALP+ON,ON special prior,True,True,0.24845475258201244,0.024590975999519538,True,0.63,0.0
ON18,reference,Monbulk,1,OTH,ALP+GRN+IND+LNP+ON,federal ON evidence trial,False,False,0.02127845234047279,0.05213426815454211,True,0.5104614433681437,1.0
ON18,reference,Monbulk,2,IND,ALP+GRN+LNP+ON,full AEC row,False,False,0.07780602301732525,0.07914848049999021,True,0.35967003005388387,1.0
ON18,reference,Monbulk,3,GRN,ALP+LNP+ON,federal ON evidence trial,False,False,0.17626125414799385,0.03958126003538959,True,0.1750052069722382,1.0
ON18,reference,Monbulk,4,ON,ALP+LNP,federal ON evidence trial,False,False,0.2466891514467394,0.10793773289467204,True,0.0,0.73
ON18,reference,Mordialloc,1,OTH,ALP+GRN+IND+LNP+ON,federal ON evidence trial,False,False,0.012216703076543448,0.042929729966722494,True,0.3932899727822708,1.0
ON18,reference,Mordialloc,2,IND,ALP+GRN+LNP+ON,full AEC row,False,False,0.05789538934652077,0.04702569143294572,True,0.2502615092023179,1.0
ON18,reference,Mordialloc,3,GRN,ALP+LNP+ON,federal ON evidence trial,False,False,0.11456582199192311,0.07534912090605253,True,0.11282406008328809,1.0
ON18,reference,Mordialloc,4,ON,ALP+LNP,federal ON evidence trial,False,False,0.20284072408188367,0.13952045752158257,True,0.0,0.7
ON18,reference,Mornington,1,OTH,ALP+GRN+IND+LNP+ON,federal ON evidence trial,False,False,9.850185706464733e-10,0.07768532278902275,True,0.5104614433681436,1.0
ON18,reference,Mornington,2,GRN,ALP+IND+LNP+ON,federal ON evidence trial,False,False,0.07768532383359975,0.07509860774611007,True,0.14083172191910534,1.0
ON18,reference,Mornington,3,ON,ALP+IND+LNP,federal ON evidence trial,False,False,0.16394395838200007,0.012114153872832878,True,0.0,0.79
ON18,reference,Mornington,4,ALP,IND+LNP,posterior scenario,False,False,0.20376523535565425,0.031083050436295112,False,0.0,0.7999999999999999
ON18,reference,Morwell,1,GRN,ALP+IND+LNP+ON+OTH,full AEC row,False,False,0.04129402135142193,0.028465247081953332,True,0.14883720930232558,1.0
ON18,reference,Morwell,2,OTH,ALP+IND+LNP+ON,ideology prior,False,False,0.07325485535707703,0.04273431622447356,True,0.4611203453003412,1.0
ON18,reference,Morwell,3,IND,ALP+LNP+ON,ideology prior,False,False,0.12833676009377518,0.10901236239339104,True,0.39332395896768757,0.6859
ON18,reference,Morwell,4,ALP,LNP+ON,ON special prior,True,True,0.27562678629684306,0.053850614510177475,True,0.24999999999999994,0.0
ON18,reference,Mulgrave,1,OTH,ALP+GRN+IND+LNP+ON,federal ON evidence trial,False,False,0.0039031381241318463,0.05591267882437046,True,0.39328997278227085,1.0
ON18,reference,Mulgrave,2,GRN,ALP+IND+LNP+ON,federal ON evidence trial,False,False,0.06022017520553422,0.09019014427774139,True,0.08807211555629386,1.0
ON18,reference,Mulgrave,3,IND,ALP+LNP+ON,ideology prior,False,False,0.16379446425804545,0.01110469029183192,True,0.30191668219615,0.0
ON18,reference,Mulgrave,4,ON,ALP+LNP,federal ON evidence trial,False,False,0.22435143576076233,0.00955169169577022,True,0.0,0.7
ON18,reference,Murray Plains,1,IND,ALP+GRN+LNP+ON+OTH,full AEC row,False,False,0.006939160639230208,0.03584292818459841,True,0.41703402439024395,1.0
ON18,reference,Murray Plains,2,GRN,ALP+LNP+ON+OTH,full AEC row,False,False,0.04322543010459083,0.027488923704673957,True,0.10311483520851417,1.0
ON18,reference,Murray Plains,3,OTH,ALP+LNP+ON,full AEC row,False,False,0.08045345079513089,0.027771226610141947,True,0.5895716154086493,1.0
ON18,reference,Murray Plains,4,ALP,LNP+ON,ON special prior,True,True,0.12158110962039291,0.19335797399897658,True,0.36000000000000004,0.0
ON18,reference,Narracan,1,OTH,ALP+GRN+IND+LNP+ON,federal ON evidence trial,False,False,9.862768599929738e-10,0.04607807279295457,True,0.3756552208528613,0.0
ON18,reference,Narracan,2,IND,ALP+GRN+LNP+ON,ideology prior,False,False,0.046078073983989075,0.09604659276705638,True,0.322845409274235,0.0
ON18,reference,Narracan,3,GRN,ALP+LNP+ON,federal ON evidence trial,False,False,0.14923148247271978,0.04583807240974108,True,0.0835795097608066,0.0
ON18,reference,Narracan,4,ON,ALP+LNP,federal ON evidence trial,False,False,0.24251797616976345,0.07413817231101028,True,0.0,0.73
ON18,reference,Narre Warren North,1,IND,ALP+GRN+LNP+ON+OTH,full AEC row,False,False,0.003157678262874315,0.06553293241211229,True,0.2712580856843226,1.0
ON18,reference,Narre Warren North,2,GRN,ALP+LNP+ON+OTH,full AEC row,False,False,0.06895803098917387,0.010940063609749709,True,0.08734035464382649,1.0
ON18,reference,Narre Warren North,3,OTH,ALP+LNP+ON,full AEC row,False,False,0.09431341990383624,0.14304664624782723,True,0.47801684119081944,1.0
ON18,reference,Narre Warren North,4,LNP,ALP+ON,ON special prior,True,True,0.2791979852196939,0.003245483996304699,True,0.63,0.0
ON18,reference,Narre Warren South,1,IND,ALP+GRN+LNP+ON+OTH,full AEC row,False,False,1.0055825852537906e-12,0.06817189415414485,True,0.2761682347144668,1.0
ON18,reference,Narre Warren South,2,GRN,ALP+LNP+ON+OTH,full AEC row,False,False,0.06817189415522518,0.006249328409811211,True,0.08654326971181524,1.0
ON18,reference,Narre Warren South,3,OTH,ALP+LNP+ON,full AEC row,False,False,0.09134134330929866,0.13544161765242896,True,0.4670880320209249,1.0
ON18,reference,Narre Warren South,4,ON,ALP+LNP,federal ON evidence trial,False,False,0.2694474092502156,0.019337568259644444,True,0.0,0.7
ON18,reference,Nepean,1,OTH,ALP+GRN+IND+LNP+ON,federal ON evidence trial,False,False,0.001832950733654934,0.023932321195801822,True,0.39863495067087207,1.0
ON18,reference,Nepean,2,IND,ALP+GRN+LNP+ON,ideology prior,False,False,0.026076133793694965,0.07102828212040646,True,0.3480923794609827,0.6993
ON18,reference,Nepean,3,GRN,ALP+LNP+ON,federal ON evidence trial,False,False,0.10143843924715168,0.09125997006542061,True,0.15325633976729447,1.0
ON18,reference,Nepean,4,ON,ALP+LNP,federal ON evidence trial,False,False,0.20824449322329783,0.09382644212757693,True,0.0,0.73
ON18,reference,Niddrie,1,IND,ALP+GRN+LNP+ON+OTH,ideology prior,False,False,1.0056152913558528e-12,0.05523550238387415,True,0.2409774881516588,0.0
ON18,reference,Niddrie,2,OTH,ALP+GRN+LNP+ON,federal ON evidence trial,False,False,0.055235502385001294,0.02032102460790621,True,0.3838646995095903,1.0
ON18,reference,Niddrie,3,GRN,ALP+LNP+ON,federal ON evidence trial,False,False,0.08672998431000671,0.1572278684661067,True,0.14394144839708206,1.0
ON18,reference,Niddrie,4,ON,ALP+LNP,federal ON evidence trial,False,False,0.256441892337152,0.07351256603525191,True,0.0,0.7
ON18,reference,Northcote,1,IND,ALP+GRN+LNP+ON+OTH,full AEC row,False,False,1.0046183994462194e-12,0.08075085956849658,True,0.11717444034659154,1.0
ON18,reference,Northcote,2,OTH,ALP+GRN+LNP+ON,federal ON evidence trial,False,False,0.08075085956993916,0.021008473942743827,True,0.2626916172074827,1.0
ON18,reference,Northcote,3,LNP,ALP+GRN+ON,full AEC row,False,False,0.1131546219942184,0.06686446605851763,True,0.11560310548947829,1.0
ON18,reference,Northcote,4,ON,ALP+GRN,ideology prior,False,False,0.1931001137557557,0.1841146168444549,True,0.0,0.16999999999999998
ON18,reference,Oakleigh,1,OTH,ALP+GRN+IND+LNP+ON,federal ON evidence trial,False,False,1.003618511196818e-12,0.011022970058956971,True,0.3932899727822708,1.0
ON18,reference,Oakleigh,2,IND,ALP+GRN+LNP+ON,full AEC row,False,False,0.011022970060163475,0.1503960321938143,True,0.24221350711202289,1.0
ON18,reference,Oakleigh,3,GRN,ALP+LNP+ON,federal ON evidence trial,False,False,0.16346344452660738,0.007642237587920764,True,0.08894314188817214,1.0
ON18,reference,Oakleigh,4,ON,ALP+LNP,federal ON evidence trial,False,False,0.18564463445458754,0.12161593762377884,True,0.0,0.7
ON18,reference,Ovens Valley,1,IND,ALP+GRN+LNP+ON+OTH,ideology prior,False,False,0.03649042281407212,0.04648235572134735,True,0.31139634146341466,0.0
ON18,reference,Ovens Valley,2,GRN,ALP+LNP+ON+OTH,ideology prior,False,False,0.08736164188912418,0.018058347977286546,True,0.0823673558678665,1.0
ON18,reference,Ovens Valley,3,OTH,ALP+LNP+ON,ideology prior,False,False,0.11250931464875852,0.0710013768007369,True,0.6276188679202844,0.9241
ON18,reference,Ovens Valley,4,ALP,LNP+ON,ON special prior,True,True,0.19493949453910678,0.10457640610262822,True,0.36,0.0
ON18,reference,Pakenham,1,IND,ALP+GRN+LNP+ON+OTH,ideology prior,False,False,0.05852224185196069,0.014071670958910203,True,0.30008968215158927,1.0
ON18,reference,Pakenham,2,GRN,ALP+LNP+ON+OTH,ideology prior,False,False,0.07837978078663213,0.010535776367634933,True,0.14729839615397636,0.7081708170817081
ON18,reference,Pakenham,3,OTH,ALP+LNP+ON,ideology prior,False,False,0.0948511034888606,0.16173066786565488,True,0.6057359127773487,0.7984
ON18,reference,Pakenham,4,ON,ALP+LNP,federal ON evidence trial,False,False,0.3140364911042792,0.01098426314158979,True,0.0,0.73
ON18,reference,Pascoe Vale,1,OTH,ALP+GRN+IND+LNP+ON,federal ON evidence trial,False,False,0.060607043118825636,0.02005043606930499,True,0.3499180153342636,1.0
ON18,reference,Pascoe Vale,2,IND,ALP+GRN+LNP+ON,ideology prior,False,False,0.09075388490725673,0.08786453040149429,True,0.27492543640601463,0.6067
ON18,reference,Pascoe Vale,3,LNP,ALP+GRN+ON,full AEC row,False,False,0.19570781394044257,0.007861152781977243,True,0.3345157297361332,1.0
ON18,reference,Pascoe Vale,4,ON,ALP+GRN,ideology prior,False,False,0.2690363089177703,0.07162289875536337,True,0.0,0.16999999999999998
ON18,reference,Point Cook,1,OTH,ALP+GRN+IND+LNP+ON,federal ON evidence trial,False,False,0.07316310942662589,0.0012095077568868434,True,0.36850599709769527,1.0
ON18,reference,Point Cook,2,GRN,ALP+IND+LNP+ON,federal ON evidence trial,False,False,0.08706380268160975,0.03487990229845149,True,0.14797076875225962,1.0
ON18,reference,Point Cook,3,IND,ALP+LNP+ON,ideology prior,False,False,0.13510526135323908,0.09843846924325539,True,0.33013761545794684,0.6815
ON18,reference,Point Cook,4,LNP,ALP+ON,ON special prior,True,True,0.2746246139716454,0.01329061286445593,True,0.63,0.0
ON18,reference,Polwarth,1,IND,ALP+GRN+LNP+ON+OTH,ideology prior,False,False,0.023287325268422955,0.0074377937785822315,True,0.34116386211791905,1.0
ON18,reference,Polwarth,2,OTH,ALP+GRN+LNP+ON,federal ON evidence trial,False,False,0.03275282029598738,0.12982247090504173,True,0.5061742654788738,0.9267
ON18,reference,Polwarth,3,GRN,ALP+LNP+ON,federal ON evidence trial,False,False,0.16847945807507567,0.010674467881636424,True,0.12170156098697768,1.0
ON18,reference,Polwarth,4,ON,ALP+LNP,federal ON evidence trial,False,False,0.19965813899868884,0.13809311888240294,True,0.0,0.73
ON18,reference,Prahran,1,IND,ALP+GRN+LNP+ON+OTH,full AEC row,False,False,1.0049350307403862e-09,0.03179361086460619,True,0.10490033986292091,1.0
ON18,reference,Prahran,2,OTH,ALP+GRN+LNP+ON,federal ON evidence trial,False,False,0.031793612154567205,0.08573099823057216,True,0.2626916159153927,1.0
ON18,reference,Prahran,3,ON,ALP+GRN+LNP,federal ON evidence trial,False,False,0.1258765257378099,0.06718753485292636,True,0.0,0.7000000000000001
ON18,reference,Prahran,4,ALP,GRN+LNP,posterior scenario,False,False,0.2217424687507369,0.16074423408556698,False,0.0,0.9
ON18,reference,Preston,1,OTH,ALP+GRN+IND+LNP+ON,federal ON evidence trial,False,False,0.07723242678269002,0.036323275600288224,True,0.3499180153342636,1.0
ON18,reference,Preston,2,IND,ALP+GRN+LNP+ON,full AEC row,False,False,0.12642169741167367,0.026322511285173184,True,0.2280484748489155,1.0
ON18,reference,Preston,3,LNP,ALP+GRN+ON,full AEC row,False,False,0.1670462835022479,0.056879174402791444,True,0.3359830653423297,1.0
ON18,reference,Preston,4,GRN,ALP+ON,ON special prior,True,True,0.29636537897392423,0.015312960195771608,True,0.09000000000000001,0.0
ON18,reference,Richmond,1,IND,ALP+GRN+LNP+ON+OTH,full AEC row,False,False,0.027778328488271536,0.03934166879762685,True,0.12252293327368295,1.0
ON18,reference,Richmond,2,OTH,ALP+GRN+LNP+ON,federal ON evidence trial,False,False,0.07689470044728985,0.04284846928172144,True,0.24471895372824756,1.0
ON18,reference,Richmond,3,ON,ALP+GRN+LNP,federal ON evidence trial,False,False,0.13856076036971907,0.009405382027105003,True,0.0,0.7000000000000001
ON18,reference,Richmond,4,LNP,ALP+GRN,posterior scenario,False,False,0.21898397249650012,0.11478127307663691,False,0.0,0.8
ON18,reference,Ringwood,1,IND,ALP+GRN+LNP+ON+OTH,ideology prior,False,False,1.0058267894107813e-12,0.0356701186344183,True,0.2409774881516588,0.0
ON18,reference,Ringwood,2,OTH,ALP+GRN+LNP+ON,federal ON evidence trial,False,False,0.035670118635545686,0.07991306238750981,True,0.4334796804432022,1.0
ON18,reference,Ringwood,3,ON,ALP+GRN+LNP,federal ON evidence trial,False,False,0.13104545265056294,0.03913071943874563,True,0.0,0.75
ON18,reference,Ringwood,4,GRN,ALP+LNP,posterior scenario,False,False,0.1954994535254551,0.15550462532553677,False,0.0,0.95
ON18,reference,Ripon,1,IND,ALP+GRN+LNP+ON+OTH,full AEC row,False,False,0.009020183774530932,0.04973532167983885,True,0.4136688844931967,1.0
ON18,reference,Ripon,2,GRN,ALP+LNP+ON+OTH,full AEC row,False,False,0.05880038199056148,0.042356479910773695,True,0.10022382705230708,1.0
ON18,reference,Ripon,3,OTH,ALP+LNP+ON,full AEC row,False,False,0.11013439815120014,0.1398196825516021,True,0.6081761184182676,1.0
ON18,reference,Ripon,4,ON,ALP+LNP,federal ON evidence trial,False,False,0.31693519147473115,0.011915676891730898,True,0.0,0.73
ON18,reference,Rowville,1,OTH,ALP+GRN+IND+LNP+ON,federal ON evidence trial,False,False,0.0017132852923506618,0.08387927420587196,True,0.4552189351217911,1.0
ON18,reference,Rowville,2,GRN,ALP+IND+LNP+ON,federal ON evidence trial,False,False,0.08577948976641755,0.009484232045662011,True,0.08647223150010855,1.0
ON18,reference,Rowville,3,IND,ALP+LNP+ON,full AEC row,False,False,0.11509066649279594,0.0273780168938952,True,0.22822577948979994,1.0
ON18,reference,Rowville,4,ON,ALP+LNP,federal ON evidence trial,False,False,0.1687353404590101,0.17938169770682824,True,0.0,0.7
ON18,reference,Sandringham,1,OTH,ALP+GRN+IND+LNP+ON,federal ON evidence trial,False,False,0.022756305749817567,0.04571398920757077,True,0.39326519128473597,1.0
ON18,reference,Sandringham,2,IND,ALP+GRN+LNP+ON,full AEC row,False,False,0.07193817192041341,0.04946992130186158,True,0.2356419002604257,1.0
ON18,reference,Sandringham,3,ON,ALP+GRN+LNP,federal ON evidence trial,False,False,0.1383597407548624,0.02822525692277847,True,0.0,0.75
ON18,reference,Sandringham,4,GRN,ALP+LNP,posterior scenario,False,False,0.19478567440270117,0.04755337484515268,False,0.0,0.95
ON18,reference,Shepparton,1,OTH,ALP+GRN+IND+LNP+ON,federal ON evidence trial,False,False,0.013423311773879244,0.014339599102094076,True,0.3890498227253916,1.0
ON18,reference,Shepparton,2,GRN,ALP+IND+LNP+ON,federal ON evidence trial,False,False,0.029129513074117243,0.005044422304907217,True,0.1539330306413496,0.9078092190780922
ON18,reference,Shepparton,3,ALP,IND+LNP+ON,full AEC row,False,False,0.04522002335778999,0.20563760440257675,True,0.2677568210931705,1.0
ON18,reference,Shepparton,4,ON,IND+LNP,ideology prior,False,False,0.2629655974644075,0.08121619927719997,True,0.0,0.6799999999999999
ON18,reference,South Barwon,1,IND,ALP+GRN+LNP+ON+OTH,ideology prior,False,False,1.0056264520945287e-12,0.06062142723311428,True,0.27837820904645477,0.0
ON18,reference,South Barwon,2,OTH,ALP+GRN+LNP+ON,federal ON evidence trial,False,False,0.0606214272342453,0.061870281222632904,True,0.4522083071872068,1.0
ON18,reference,South Barwon,3,GRN,ALP+LNP+ON,federal ON evidence trial,False,False,0.13335232754363907,0.06358610940263063,True,0.18130318941196932,1.0
ON18,reference,South Barwon,4,ON,ALP+LNP,federal ON evidence trial,False,False,0.22111563924544106,0.13926820256314734,True,0.0,0.72
ON18,reference,South-West Coast,1,OTH,ALP+GRN+IND+LNP+ON,federal ON evidence trial,False,False,0.007304072632401333,0.056146619381245474,True,0.547450537634767,1.0
ON18,reference,South-West Coast,2,GRN,ALP+IND+LNP+ON,federal ON evidence trial,False,False,0.0637399194956883,0.07077249835802682,True,0.10061765149711509,1.0
ON18,reference,South-West Coast,3,ON,ALP+IND+LNP,federal ON evidence trial,False,False,0.15849036044487486,8.532923819437599e-05,True,0.0,0.78
ON18,reference,South-West Coast,4,ALP,IND+LNP,posterior scenario,False,False,0.18191645231652653,0.12586665559077687,False,0.0,0.0
ON18,reference,St Albans,1,IND,ALP+GRN+LNP+ON+OTH,full AEC row,False,False,0.02048001088803998,0.06510825432539616,True,0.24912500906488755,1.0
ON18,reference,St Albans,2,GRN,ALP+LNP+ON+OTH,ideology prior,False,False,0.09050527025989992,0.02259519839340421,True,0.10193119055253465,1.0
ON18,reference,St Albans,3,OTH,ALP+LNP+ON,ideology prior,False,False,0.12046126804676574,0.0788558806741598,True,0.5055039934914788,0.8298000000000001
ON18,reference,St Albans,4,ON,ALP+LNP,federal ON evidence trial,False,False,0.2602108007796131,0.0098156464412133,True,0.0,0.7
ON18,reference,Sunbury,1,IND,ALP+GRN+LNP+ON+OTH,full AEC row,False,False,0.02589741563210355,0.021592095309802994,True,0.38448080684596575,1.0
ON18,reference,Sunbury,2,OTH,ALP+GRN+LNP+ON,federal ON evidence trial,False,False,0.05245396320405678,0.01912694015809474,True,0.46682441702601946,1.0
ON18,reference,Sunbury,3,GRN,ALP+LNP+ON,federal ON evidence trial,False,False,0.08048006287937327,0.19117819161247285,True,0.19947429706372483,1.0
ON18,reference,Sunbury,4,ON,ALP+LNP,federal ON evidence trial,False,False,0.2877119584623535,0.027212444302827155,True,0.0,0.73
ON18,reference,Sydenham,1,IND,ALP+GRN+LNP+ON+OTH,ideology prior,False,False,1.0215005713881763e-09,0.06617044950606105,True,0.2409774881516588,0.0
ON18,reference,Sydenham,2,GRN,ALP+LNP+ON+OTH,full AEC row,False,False,0.06617045073287234,0.03423970370687662,True,0.08653846217903881,1.0
ON18,reference,Sydenham,3,OTH,ALP+LNP+ON,full AEC row,False,False,0.1159029474553092,0.10079115971530132,True,0.48574455152694673,1.0
ON18,reference,Sydenham,4,ON,ALP+LNP,federal ON evidence trial,False,False,0.27299333240294094,0.018552997675614746,True,0.0,0.7
ON18,reference,Tarneit,1,IND,ALP+GRN+LNP+ON+OTH,full AEC row,False,False,0.022796652289728533,0.049522220795615884,True,0.27122183338538186,1.0
ON18,reference,Tarneit,2,GRN,ALP+LNP+ON+OTH,ideology prior,False,False,0.08095666520875705,0.0006880231887201604,True,0.09434424062516573,1.0
ON18,reference,Tarneit,3,OTH,ALP+LNP+ON,ideology prior,False,False,0.0881844205130727,0.11653987844345497,True,0.5376389840382064,0.8278172182781722
ON18,reference,Tarneit,4,ON,ALP+LNP,federal ON evidence trial,False,False,0.25213568120917407,0.01100067243339009,True,0.0,0.7
ON18,reference,Thomastown,1,IND,ALP+GRN+LNP+ON+OTH,ideology prior,False,False,0.01774729951625808,0.04996106618177904,True,0.2409774881516588,0.0
ON18,reference,Thomastown,2,GRN,ALP+LNP+ON+OTH,full AEC row,False,False,0.07127538365235044,0.015164067060448067,True,0.09687058818785632,1.0
ON18,reference,Thomastown,3,OTH,ALP+LNP+ON,full AEC row,False,False,0.11518270712653751,0.08599106456605372,True,0.4321125134537385,1.0
ON18,reference,Thomastown,4,LNP,ALP+ON,ON special prior,True,True,0.21907946577709575,0.039088004594926284,True,0.63,0.0
ON18,reference,Warrandyte,1,IND,ALP+GRN+LNP+ON+OTH,full AEC row,False,False,8.484748494929286e-05,0.0025866682117083035,True,0.25309917061611376,1.0
ON18,reference,Warrandyte,2,OTH,ALP+GRN+LNP+ON,federal ON evidence trial,False,False,0.0026928510189749167,0.12020538205008996,True,0.432140591383724,1.0
ON18,reference,Warrandyte,3,GRN,ALP+LNP+ON,federal ON evidence trial,False,False,0.12345245919927701,0.0028497853884800056,True,0.08860701250689405,1.0
ON18,reference,Warrandyte,4,ON,ALP+LNP,federal ON evidence trial,False,False,0.13724099818403418,0.2025087409362445,True,0.0,0.7
ON18,reference,Wendouree,1,IND,ALP+GRN+LNP+ON+OTH,full AEC row,False,False,1.0056324604273914e-12,0.0391772528929876,True,0.39043634395530014,1.0
ON18,reference,Wendouree,2,OTH,ALP+GRN+LNP+ON,federal ON evidence trial,False,False,0.03917725289432808,0.06485496574531281,True,0.4522339006197818,1.0
ON18,reference,Wendouree,3,GRN,ALP+LNP+ON,federal ON evidence trial,False,False,0.1108788599665033,0.11976395876690447,True,0.17178018975684342,1.0
ON18,reference,Wendouree,4,ON,ALP+LNP,federal ON evidence trial,False,False,0.24968961033847617,0.057389247222813994,True,0.0,0.72
ON18,reference,Werribee,1,OTH,ALP+GRN+IND+LNP+ON,federal ON evidence trial,False,False,0.0629801353533371,0.007112352290568863,True,0.5104614433681436,1.0
ON18,reference,Werribee,2,GRN,ALP+IND+LNP+ON,federal ON evidence trial,False,False,0.07562301503688004,0.040962806090152334,True,0.15051702832599737,1.0
ON18,reference,Werribee,3,IND,ALP+LNP+ON,ideology prior,False,False,0.12775992019749596,0.08593566728185387,True,0.3866992744129155,0.8337833783378338
ON18,reference,Werribee,4,LNP,ALP+ON,ON special prior,True,True,0.2624209020731123,0.04481476838727855,True,0.7599999999999999,0.0
ON18,reference,Williamstown,1,IND,ALP+GRN+LNP+ON+OTH,ideology prior,False,False,0.02464934448949325,0.03334100094012242,True,0.09438144329896908,0.0
ON18,reference,Williamstown,2,OTH,ALP+GRN+LNP+ON,federal ON evidence trial,False,False,0.061230336586739785,0.1014124385600666,True,0.2544410273872687,1.0
ON18,reference,Williamstown,3,GRN,ALP+LNP+ON,federal ON evidence trial,False,False,0.1819235455935555,0.01895326937673003,True,0.0646527856584045,1.0
ON18,reference,Williamstown,4,ON,ALP+LNP,federal ON evidence trial,False,False,0.21263867896976266,0.06504135298232852,True,0.0,0.65
ON18,reference,Yan Yean,1,IND,ALP+GRN+LNP+ON+OTH,ideology prior,False,False,9.902956597926964e-10,0.06580160331199149,True,0.2717267726161369,0.0
ON18,reference,Yan Yean,2,GRN,ALP+LNP+ON+OTH,full AEC row,False,False,0.0658016044575051,0.032909839023028103,True,0.15094339660259767,1.0
ON18,reference,Yan Yean,3,OTH,ALP+LNP+ON,full AEC row,False,False,0.11311330406814497,0.09055073476465121,True,0.544259247560061,1.0
ON18,reference,Yan Yean,4,ON,ALP+LNP,federal ON evidence trial,False,False,0.26522700059395715,0.05820545891770562,True,0.0,0.73
ON18,no_geography,Albert Park,1,OTH,ALP+GRN+IND+LNP+ON,federal ON evidence trial,False,False,0.023867829114284485,0.012141781393744139,True,0.3195576451206586,1.0
ON18,no_geography,Albert Park,2,IND,ALP+GRN+LNP+ON,full AEC row,False,False,0.04016040073573165,0.09834053258964293,True,0.21253967937980525,1.0
ON18,no_geography,Albert Park,3,ON,ALP+GRN+LNP,federal ON evidence trial,False,False,0.14703661202151147,0.07733402001146117,True,0.0,0.7000000000000001
ON18,no_geography,Albert Park,4,GRN,ALP+LNP,posterior scenario,False,False,0.25202434898520426,0.09689328166989697,False,0.0,0.9500000000000001
ON18,no_geography,Ashwood,1,OTH,ALP+GRN+IND+LNP+ON,federal ON evidence trial,False,False,1.0039228796561272e-12,0.00911200098605379,True,0.33944678560753044,1.0
ON18,no_geography,Ashwood,2,IND,ALP+GRN+LNP+ON,ideology prior,False,False,0.00911200098722172,0.09736796486142278,True,0.24878762758117573,0.7386
ON18,no_geography,Ashwood,3,ON,ALP+GRN+LNP,federal ON evidence trial,False,False,0.10874691895677271,0.04855272638483246,True,0.0,0.75
ON18,no_geography,Ashwood,4,GRN,ALP+LNP,posterior scenario,False,False,0.1748321957713439,0.17431302267314597,False,0.0,0.95
ON18,no_geography,Bass,1,OTH,ALP+GRN+IND+LNP+ON,federal ON evidence trial,False,False,0.038670877966507276,0.0011749306161309425,True,0.3792370012590341,1.0
ON18,no_geography,Bass,2,IND,ALP+GRN+LNP+ON,ideology prior,False,False,0.046163318205991365,0.040477157780951796,True,0.323780293920192,0.8191
ON18,no_geography,Bass,3,GRN,ALP+LNP+ON,federal ON evidence trial,False,False,0.09948871028772313,0.1573951655966879,True,0.15960506680865624,1.0
ON18,no_geography,Bass,4,ON,ALP+LNP,federal ON evidence trial,False,False,0.27276277813659017,0.05454233305265688,True,0.0,0.73
ON18,no_geography,Bayswater,1,IND,ALP+GRN+LNP+ON+OTH,full AEC row,False,False,0.004179372170832924,0.04915145143109718,True,0.21320180481951803,1.0
ON18,no_geography,Bayswater,2,OTH,ALP+GRN+LNP+ON,federal ON evidence trial,False,False,0.05420819505205146,0.03485963367845858,True,0.42407424758186746,1.0
ON18,no_geography,Bayswater,3,GRN,ALP+LNP+ON,federal ON evidence trial,False,False,0.09948030993357286,0.07870498400661739,True,0.11238051223703577,1.0
ON18,no_geography,Bayswater,4,ON,ALP+LNP,federal ON evidence trial,False,False,0.18936494212802427,0.1962238968832198,True,0.0,0.7
ON18,no_geography,Bellarine,1,OTH,ALP+GRN+IND+LNP+ON,federal ON evidence trial,False,False,0.018269046865956356,0.006605610344700422,True,0.48530048251125746,1.0
ON18,no_geography,Bellarine,2,IND,ALP+GRN+LNP+ON,full AEC row,False,False,0.027767149630316904,0.0934896528228672,True,0.3111882194480972,1.0
ON18,no_geography,Bellarine,3,GRN,ALP+LNP+ON,federal ON evidence trial,False,False,0.12873854032970392,0.02648623185355803,True,0.12083670425838142,1.0
ON18,no_geography,Bellarine,4,ON,ALP+LNP,federal ON evidence trial,False,False,0.17078111310773808,0.19686925044805464,True,0.0,0.73
ON18,no_geography,Benambra,1,OTH,ALP+GRN+IND+LNP+ON,federal ON evidence trial,False,False,0.026514379362593325,0.01621193977156379,True,0.5184490499893772,1.0
ON18,no_geography,Benambra,2,GRN,ALP+IND+LNP+ON,federal ON evidence trial,False,False,0.04510058502103061,0.008066078308526424,True,0.12507846765769268,1.0
ON18,no_geography,Benambra,3,ALP,IND+LNP+ON,full AEC row,False,False,0.05893982224109707,0.18133611691174226,True,0.28939501350787084,1.0
ON18,no_geography,Benambra,4,ON,IND+LNP,ideology prior,False,False,0.2573328298064531,0.1022751017898455,True,0.0,0.68
ON18,no_geography,Bendigo East,1,OTH,ALP+GRN+IND+LNP+ON,federal ON evidence trial,False,False,0.005394767195506742,0.011836848042048119,True,0.35933592609440235,1.0
ON18,no_geography,Bendigo East,2,IND,ALP+GRN+LNP+ON,ideology prior,False,False,0.018112937190029835,0.08135092587668064,True,0.27662096175930256,0.5729427057294271
ON18,no_geography,Bendigo East,3,GRN,ALP+LNP+ON,federal ON evidence trial,False,False,0.1034462903217857,0.08142209323018104,True,0.11012610541439906,1.0
ON18,no_geography,Bendigo East,4,ON,ALP+LNP,federal ON evidence trial,False,False,0.19626052062467225,0.13208122823614543,True,0.0,0.72
ON18,no_geography,Bendigo West,1,IND,ALP+GRN+LNP+ON+OTH,full AEC row,False,False,0.01448859577308423,0.04779784596586423,True,0.3282523627362736,1.0
ON18,no_geography,Bendigo West,2,OTH,ALP+GRN+LNP+ON,federal ON evidence trial,False,False,0.0672364583856353,0.06226008768891306,True,0.41606608876711293,1.0
ON18,no_geography,Bendigo West,3,GRN,ALP+LNP+ON,federal ON evidence trial,False,False,0.14217257131895786,0.05962349951188789,True,0.1428100878353685,1.0
ON18,no_geography,Bendigo West,4,ON,ALP+LNP,federal ON evidence trial,False,False,0.22209974822868633,0.05813459809210142,True,0.0,0.72
ON18,no_geography,Bentleigh,1,OTH,ALP+GRN+IND+LNP+ON,federal ON evidence trial,False,False,0.0068563308455323446,0.0019395550758207012,True,0.3394547420593704,1.0
ON18,no_geography,Bentleigh,2,IND,ALP+GRN+LNP+ON,ideology prior,False,False,0.009915977793460488,0.10136079229161021,True,0.2533212403685018,0.7199
ON18,no_geography,Bentleigh,3,GRN,ALP+LNP+ON,federal ON evidence trial,False,False,0.11369790531912483,0.03508697141548159,True,0.065079192718796,1.0
ON18,no_geography,Bentleigh,4,ON,ALP+LNP,federal ON evidence trial,False,False,0.15618424462659317,0.22052852889152189,True,0.0,0.7
ON18,no_geography,Berwick,1,IND,ALP+GRN+LNP+ON+OTH,ideology prior,False,False,1.005771988570459e-12,0.014905139737539954,True,0.2165,0.0
ON18,no_geography,Berwick,2,OTH,ALP+GRN+LNP+ON,federal ON evidence trial,False,False,0.014905139738673962,0.07934946877376621,True,0.4534497102677935,1.0
ON18,no_geography,Berwick,3,GRN,ALP+LNP+ON,federal ON evidence trial,False,False,0.09708081616064637,0.11165142170086406,True,0.11329390112568219,1.0
ON18,no_geography,Berwick,4,ON,ALP+LNP,federal ON evidence trial,False,False,0.21973090224881525,0.10298655007907426,True,0.0,0.73
ON18,no_geography,Box Hill,1,IND,ALP+GRN+LNP+ON+OTH,full AEC row,False,False,0.0046658029599707706,0.0022149659302318596,True,0.24946325,1.0
ON18,no_geography,Box Hill,2,OTH,ALP+GRN+LNP+ON,federal ON evidence trial,False,False,0.008700338728532032,0.09088384582795331,True,0.34597553026525424,1.0
ON18,no_geography,Box Hill,3,ON,ALP+GRN+LNP,federal ON evidence trial,False,False,0.10259428886157654,0.05539432387541898,True,0.0,0.75
ON18,no_geography,Box Hill,4,GRN,ALP+LNP,posterior scenario,False,False,0.1750545331463032,0.18746883627486866,False,0.0,0.9500000000000001
ON18,no_geography,Brighton,1,OTH,ALP+GRN+IND+LNP+ON,federal ON evidence trial,False,False,0.01761374487994314,0.07254734963712692,True,0.3195576451206586,1.0
ON18,no_geography,Brighton,2,IND,ALP+GRN+LNP+ON,full AEC row,False,False,0.09337489227404132,0.010510400633767472,True,0.2012924218241529,1.0
ON18,no_geography,Brighton,3,ON,ALP+GRN+LNP,federal ON evidence trial,False,False,0.12268095111121995,0.06396685429752604,True,0.0,0.7000000000000001
ON18,no_geography,Brighton,4,GRN,ALP+LNP,posterior scenario,False,False,0.21208815628250433,0.019588711420517935,False,0.0,0.95
ON18,no_geography,Broadmeadows,1,IND,ALP+GRN+LNP+ON+OTH,full AEC row,False,False,0.06322008861923664,0.024421884904213806,True,0.25711925,1.0
ON18,no_geography,Broadmeadows,2,GRN,ALP+LNP+ON+OTH,ideology prior,False,False,0.09108611086649893,0.029367720851221524,True,0.061074667673000176,1.0
ON18,no_geography,Broadmeadows,3,OTH,ALP+LNP+ON,ideology prior,False,False,0.1286680499154298,0.06768091987837277,True,0.4896499163868835,0.7785
ON18,no_geography,Broadmeadows,4,LNP,ALP+ON,ON special prior,True,True,0.23452272660549042,0.024828543071065717,True,0.63,0.0
ON18,no_geography,Brunswick,1,IND,ALP+GRN+LNP+ON+OTH,full AEC row,False,False,0.009550922352704907,0.07379065145955072,True,0.2282525,1.0
ON18,no_geography,Brunswick,2,OTH,ALP+GRN+LNP+ON,federal ON evidence trial,False,False,0.085226639357009,0.012691553307080439,True,0.32075089813152846,1.0
ON18,no_geography,Brunswick,3,LNP,ALP+GRN+ON,full AEC row,False,False,0.10993381234396468,0.03649382656362132,True,0.23451506054280116,1.0
ON18,no_geography,Brunswick,4,ON,ALP+GRN,ideology prior,False,False,0.17220877356513184,0.10241963107897253,True,0.0,0.16999999999999998
ON18,no_geography,Bulleen,1,IND,ALP+GRN+LNP+ON+OTH,full AEC row,False,False,0.00038456274864068256,0.0018638994474253078,True,0.2409046595340466,1.0
ON18,no_geography,Bulleen,2,OTH,ALP+GRN+LNP+ON,federal ON evidence trial,False,False,0.002387600390028482,0.10943576147457541,True,0.3670352691660472,1.0
ON18,no_geography,Bulleen,3,ON,ALP+GRN+LNP,federal ON evidence trial,False,False,0.11269969541641897,0.007648462322548788,True,0.0,0.75
ON18,no_geography,Bulleen,4,GRN,ALP+LNP,posterior scenario,False,False,0.1384145542060159,0.140419870823911,False,0.0,0.95
ON18,no_geography,Bundoora,1,IND,ALP+GRN+LNP+ON+OTH,full AEC row,False,False,1.005924258598563e-12,0.04005028964497543,True,0.24321737500000004,1.0
ON18,no_geography,Bundoora,2,OTH,ALP+GRN+LNP+ON,federal ON evidence trial,False,False,0.04005028964629131,0.09018295855777539,True,0.3749340029407714,1.0
ON18,no_geography,Bundoora,3,GRN,ALP+LNP+ON,federal ON evidence trial,False,False,0.13879373540354195,0.012464165869808419,True,0.0835892336744307,1.0
ON18,no_geography,Bundoora,4,ON,ALP+LNP,federal ON evidence trial,False,False,0.16285956325454415,0.1603725084261129,True,0.0,0.7
ON18,no_geography,Carrum,1,IND,ALP+GRN+LNP+ON+OTH,full AEC row,False,False,0.009023899723575937,0.023498935285054076,True,0.34762601260126014,1.0
ON18,no_geography,Carrum,2,OTH,ALP+GRN+LNP+ON,federal ON evidence trial,False,False,0.036839352778694774,0.03871437607991122,True,0.42706102653700695,1.0
ON18,no_geography,Carrum,3,GRN,ALP+LNP+ON,federal ON evidence trial,False,False,0.08358015981157885,0.14806509479460542,True,0.14603704950752866,1.0
ON18,no_geography,Carrum,4,ON,ALP+LNP,federal ON evidence trial,False,False,0.24385105454243497,0.06875005635178441,True,0.0,0.73
ON18,no_geography,Caulfield,1,OTH,ALP+GRN+IND+LNP+ON,federal ON evidence trial,False,False,0.0007303589387811091,0.040138565399698026,True,0.3195576451206586,1.0
ON18,no_geography,Caulfield,2,IND,ALP+GRN+LNP+ON,full AEC row,False,False,0.04098567391565879,0.07089978364416474,True,0.18918426192882784,1.0
ON18,no_geography,Caulfield,3,ON,ALP+GRN+LNP,federal ON evidence trial,False,False,0.11963930202921307,0.06688511206376592,True,0.0,0.7000000000000001
ON18,no_geography,Caulfield,4,GRN,ALP+LNP,posterior scenario,False,False,0.20819725805843894,0.03893412675109481,False,0.0,0.95
ON18,no_geography,Clarinda,1,OTH,ALP+GRN+IND+LNP+ON,federal ON evidence trial,False,False,0.011829900973460938,0.07251129267594576,True,0.38582826387453595,1.0
ON18,no_geography,Clarinda,2,GRN,ALP+IND+LNP+ON,federal ON evidence trial,False,False,0.08578863913656547,0.002037730391058326,True,0.06156653981147363,1.0
ON18,no_geography,Clarinda,3,IND,ALP+LNP+ON,full AEC row,False,False,0.1069928837834957,0.07496588699151122,True,0.20754853461513506,1.0
ON18,no_geography,Clarinda,4,ON,ALP+LNP,federal ON evidence trial,False,False,0.2041649870185189,0.11491985907741151,True,0.0,0.7
ON18,no_geography,Cranbourne,1,IND,ALP+GRN+LNP+ON+OTH,full AEC row,False,False,0.0008838772416822993,0.05509422711099129,True,0.24573787500000002,1.0
ON18,no_geography,Cranbourne,2,GRN,ALP+LNP+ON+OTH,full AEC row,False,False,0.056073035088608024,0.050877712427647,True,0.05037626273010511,1.0
ON18,no_geography,Cranbourne,3,OTH,ALP+LNP+ON,full AEC row,False,False,0.12368896841472418,0.11389996343598904,True,0.4687627197688535,1.0
ON18,no_geography,Cranbourne,4,LNP,ALP+ON,ON special prior,True,True,0.2883276272424077,0.007242081847795456,True,0.6299999999999999,0.0
ON18,no_geography,Croydon,1,IND,ALP+GRN+LNP+ON+OTH,ideology prior,False,False,1.0057908915721718e-12,0.04665509678111308,True,0.2165,0.0
ON18,no_geography,Croydon,2,OTH,ALP+GRN+LNP+ON,federal ON evidence trial,False,False,0.04665509678224711,0.06493908147899699,True,0.42727780782653063,1.0
ON18,no_geography,Croydon,3,GRN,ALP+LNP+ON,federal ON evidence trial,False,False,0.12057490499899264,0.049317796706922726,True,0.09384469000126669,1.0
ON18,no_geography,Croydon,4,ON,ALP+LNP,federal ON evidence trial,False,False,0.181208016287478,0.17029533177196965,True,0.0,0.7
ON18,no_geography,Dandenong,1,IND,ALP+GRN+LNP+ON+OTH,full AEC row,False,False,1.0057533211241715e-12,0.06593164860672665,True,0.25577425,1.0
ON18,no_geography,Dandenong,2,OTH,ALP+GRN+LNP+ON,federal ON evidence trial,False,False,0.0659316486081041,0.018248486177647266,True,0.38147697855164553,1.0
ON18,no_geography,Dandenong,3,GRN,ALP+LNP+ON,federal ON evidence trial,False,False,0.09779288826028958,0.1065392995378875,True,0.1319126864068508,0.7686
ON18,no_geography,Dandenong,4,LNP,ALP+ON,ON special prior,True,True,0.21872992951449255,0.013504725519066285,True,0.63,0.0
ON18,no_geography,Eildon,1,IND,ALP+GRN+LNP+ON+OTH,full AEC row,False,False,0.00702216588602499,0.021709661173508584,True,0.32278322167783224,1.0
ON18,no_geography,Eildon,2,OTH,ALP+GRN+LNP+ON,federal ON evidence trial,False,False,0.030716268248952447,0.08439052994211324,True,0.46704585919401437,1.0
ON18,no_geography,Eildon,3,GRN,ALP+LNP+ON,federal ON evidence trial,False,False,0.12093852315736159,0.09525706590821709,True,0.12580167186572258,1.0
ON18,no_geography,Eildon,4,ON,ALP+LNP,federal ON evidence trial,False,False,0.2461357624854121,0.04951901838875569,True,0.0,0.73
ON18,no_geography,Eltham,1,IND,ALP+GRN+LNP+ON+OTH,ideology prior,False,False,1.00596313376115e-12,0.00035647889266163246,True,0.2165,0.0
ON18,no_geography,Eltham,2,OTH,ALP+GRN+LNP+ON,federal ON evidence trial,False,False,0.0003564788937958559,0.13379463563000324,True,0.4272778077554627,1.0
ON18,no_geography,Eltham,3,GRN,ALP+LNP+ON,federal ON evidence trial,False,False,0.13422326045027544,0.02275682509810456,True,0.0549417676236305,1.0
ON18,no_geography,Eltham,4,ON,ALP+LNP,federal ON evidence trial,False,False,0.16435454873372507,0.20256815087492352,True,0.0,0.7
ON18,no_geography,Essendon,1,IND,ALP+GRN+LNP+ON+OTH,ideology prior,False,False,0.0065962249362261915,0.048375227478196586,True,0.2165,0.0
ON18,no_geography,Essendon,2,OTH,ALP+GRN+LNP+ON,federal ON evidence trial,False,False,0.055812471093791616,0.11037190523280035,True,0.3727234512148452,1.0
ON18,no_geography,Essendon,3,GRN,ALP+LNP+ON,federal ON evidence trial,False,False,0.18213756924938507,0.02240776667796804,True,0.09996650763156581,1.0
ON18,no_geography,Essendon,4,ON,ALP+LNP,federal ON evidence trial,False,False,0.2227529926337166,0.09911425457914144,True,0.0,0.7
ON18,no_geography,Eureka,1,IND,ALP+GRN+LNP+ON+OTH,full AEC row,False,False,0.02070603602805132,0.04474352365402849,True,0.32486501349865016,1.0
ON18,no_geography,Eureka,2,OTH,ALP+GRN+LNP+ON,federal ON evidence trial,False,False,0.0708329013057512,0.035996107169253375,True,0.46532087447782566,1.0
ON18,no_geography,Eureka,3,GRN,ALP+LNP+ON,federal ON evidence trial,False,False,0.11990497917205661,0.1542368077387481,True,0.16007014637709346,1.0
ON18,no_geography,Eureka,4,LNP,ALP+ON,ON special prior,True,True,0.3014756643045657,0.000737160204181575,True,0.7899999999999999,0.0
ON18,no_geography,Euroa,1,IND,ALP+GRN+LNP+ON+OTH,ideology prior,False,False,9.865163633022265e-10,0.03262339817243877,True,0.2165,0.0
ON18,no_geography,Euroa,2,OTH,ALP+GRN+LNP+ON,federal ON evidence trial,False,False,0.03262339928473597,0.02132783473298753,True,0.39718011936665276,1.0
ON18,no_geography,Euroa,3,GRN,ALP+LNP+ON,federal ON evidence trial,False,False,0.060686911064362255,0.15841157547979368,True,0.1561069788136088,0.87
ON18,no_geography,Euroa,4,ALP,LNP+ON,ON special prior,True,True,0.25941636726489425,0.006253937450750979,True,0.36000000000000004,0.0
ON18,no_geography,Evelyn,1,IND,ALP+GRN+LNP+ON+OTH,full AEC row,False,False,0.004237016084503682,0.010453862794395252,True,0.33714903509649036,1.0
ON18,no_geography,Evelyn,2,OTH,ALP+GRN+LNP+ON,federal ON evidence trial,False,False,0.01611439511674881,0.0843774010532589,True,0.4375662486249644,1.0
ON18,no_geography,Evelyn,3,GRN,ALP+LNP+ON,federal ON evidence trial,False,False,0.10360244659214869,0.08217881308455398,True,0.11340176560227087,1.0
ON18,no_geography,Evelyn,4,ON,ALP+LNP,federal ON evidence trial,False,False,0.19752996004096732,0.12068904731281918,True,0.0,0.73
ON18,no_geography,Footscray,1,IND,ALP+GRN+LNP+ON+OTH,ideology prior,False,False,1.0051587995789873e-12,0.08597113726474094,True,0.2165,0.0
ON18,no_geography,Footscray,2,OTH,ALP+GRN+LNP+ON,federal ON evidence trial,False,False,0.08597113726587426,0.06326150234709212,True,0.32257449648501524,1.0
ON18,no_geography,Footscray,3,ON,ALP+GRN+LNP,federal ON evidence trial,False,False,0.1769647359287499,0.0006504165297018805,True,0.0,0.7000000000000001
ON18,no_geography,Footscray,4,LNP,ALP+GRN,posterior scenario,False,False,0.2808405917302283,0.015205428142042066,False,0.0,0.8
ON18,no_geography,Frankston,1,IND,ALP+GRN+LNP+ON+OTH,full AEC row,False,False,0.015350037737564406,0.051913785424748574,True,0.25102425,1.0
ON18,no_geography,Frankston,2,OTH,ALP+GRN+LNP+ON,federal ON evidence trial,False,False,0.07492533399788613,0.04546728506259827,True,0.3658072075535927,1.0
ON18,no_geography,Frankston,3,GRN,ALP+LNP+ON,federal ON evidence trial,False,False,0.1360583446942837,0.09716729995355541,True,0.1092601751493029,1.0
ON18,no_geography,Frankston,4,ON,ALP+LNP,federal ON evidence trial,False,False,0.2480914032196608,0.07360405849938037,True,0.0,0.7
ON18,no_geography,Geelong,1,OTH,ALP+GRN+IND+LNP+ON,federal ON evidence trial,False,False,0.012354157941332126,0.05395329430228914,True,0.3593259825185165,1.0
ON18,no_geography,Geelong,2,IND,ALP+GRN+LNP+ON,ideology prior,False,False,0.06832570255979943,0.0703180198858029,True,0.29425295794340045,0.6687
ON18,no_geography,Geelong,3,GRN,ALP+LNP+ON,federal ON evidence trial,False,False,0.15597743462419078,0.07824960615452795,True,0.12851574372101512,1.0
ON18,no_geography,Geelong,4,LNP,ALP+ON,ON special prior,True,True,0.2634660421968182,0.01899205548485705,True,0.69,0.0
ON18,no_geography,Gippsland East,1,IND,ALP+GRN+LNP+ON+OTH,ideology prior,False,False,0.01002865184416847,0.038124953202811944,True,0.2165,0.0
ON18,no_geography,Gippsland East,2,OTH,ALP+GRN+LNP+ON,federal ON evidence trial,False,False,0.04943225815711189,0.016309499422303413,True,0.3928100621826843,1.0
ON18,no_geography,Gippsland East,3,GRN,ALP+LNP+ON,federal ON evidence trial,False,False,0.07598064266509245,0.018719999272575436,True,0.17262074925662418,0.8948
ON18,no_geography,Gippsland East,4,ALP,LNP+ON,ON special prior,True,True,0.14398817143940085,0.1614573586826214,True,0.35999999999999993,0.0
ON18,no_geography,Gippsland South,1,OTH,ALP+GRN+IND+LNP+ON,federal ON evidence trial,False,False,0.012540422289169321,0.02272617337585204,True,0.5184490499893772,1.0
ON18,no_geography,Gippsland South,2,IND,ALP+GRN+LNP+ON,full AEC row,False,False,0.03708996746429501,0.04959762265756952,True,0.32870894325355443,1.0
ON18,no_geography,Gippsland South,3,GRN,ALP+LNP+ON,federal ON evidence trial,False,False,0.09169200632803737,0.05623794711330987,True,0.11957872677230931,1.0
ON18,no_geography,Gippsland South,4,ALP,LNP+ON,ON special prior,True,True,0.20593431439529095,0.07921277166964905,True,0.35999999999999993,0.0
ON18,no_geography,Glen Waverley,1,IND,ALP+GRN+LNP+ON+OTH,ideology prior,False,False,9.911776980164595e-10,0.022321595245306233,True,0.2165,0.0
ON18,no_geography,Glen Waverley,2,OTH,ALP+GRN+LNP+ON,federal ON evidence trial,False,False,0.02232159636285909,0.08043994205776533,True,0.3749130666829341,1.0
ON18,no_geography,Glen Waverley,3,GRN,ALP+LNP+ON,federal ON evidence trial,False,False,0.10792612332774248,0.0046466216566942165,True,0.0775122226924922,1.0
ON18,no_geography,Glen Waverley,4,ON,ALP+LNP,federal ON evidence trial,False,False,0.12093833869015405,0.3024106606007039,True,0.0,0.7
ON18,no_geography,Greenvale,1,IND,ALP+GRN+LNP+ON+OTH,full AEC row,False,False,0.048564450181931916,0.020404917605386354,True,0.24700125,1.0
ON18,no_geography,Greenvale,2,GRN,ALP+LNP+ON+OTH,full AEC row,False,False,0.07192938316701956,0.05445437170040658,True,0.05878401911845834,1.0
ON18,no_geography,Greenvale,3,OTH,ALP+LNP+ON,full AEC row,False,False,0.15622632362552627,0.001885824029785238,True,0.42158728735783163,1.0
ON18,no_geography,Greenvale,4,ON,ALP+LNP,federal ON evidence trial,False,False,0.22397517964648384,0.07071373639879891,True,0.0,0.7
ON18,no_geography,Hastings,1,IND,ALP+GRN+LNP+ON+OTH,full AEC row,False,False,9.916872389720414e-10,0.040988542938246636,True,0.328850875,1.0
ON18,no_geography,Hastings,2,OTH,ALP+GRN+LNP+ON,federal ON evidence trial,False,False,0.04098854420987231,0.060093324815029305,True,0.4796216114030334,1.0
ON18,no_geography,Hastings,3,GRN,ALP+LNP+ON,federal ON evidence trial,False,False,0.1088366642101342,0.13308170116535817,True,0.1378840038735379,1.0
ON18,no_geography,Hastings,4,ON,ALP+LNP,federal ON evidence trial,False,False,0.2569252004050255,0.10302329298439133,True,0.0,0.73
ON18,no_geography,Hawthorn,1,OTH,ALP+GRN+IND+LNP+ON,federal ON evidence trial,False,False,0.0032905136649697343,0.07067146057761883,True,0.31955764512065865,1.0
ON18,no_geography,Hawthorn,2,ON,ALP+GRN+IND+LNP,federal ON evidence trial,False,False,0.07501348304060365,0.06795044053032276,True,0.0,0.8
ON18,no_geography,Hawthorn,3,GRN,ALP+IND+LNP,posterior scenario,False,False,0.1495636691836702,0.017531013811029922,False,0.0,0.95000499950005
ON18,no_geography,Hawthorn,4,IND,ALP+LNP,posterior scenario,False,False,0.2305472531628978,0.020479515730283976,False,0.0,0.85
ON18,no_geography,Ivanhoe,1,OTH,ALP+GRN+IND+LNP+ON,federal ON evidence trial,False,False,0.001900565198176645,0.00033437790524227314,True,0.33944678560753044,1.0
ON18,no_geography,Ivanhoe,2,IND,ALP+GRN+LNP+ON,ideology prior,False,False,0.002545430983722285,0.13453548973834428,True,0.25547405500809356,0.7434743474347435
ON18,no_geography,Ivanhoe,3,ON,ALP+GRN+LNP,federal ON evidence trial,False,False,0.13773121229722132,0.05721955354756472,True,0.0,0.75
ON18,no_geography,Ivanhoe,4,GRN,ALP+LNP,posterior scenario,False,False,0.21703936010402958,0.16319267575760593,False,0.0,0.95
ON18,no_geography,Kalkallo,1,IND,ALP+GRN+LNP+ON+OTH,full AEC row,False,False,0.00646711274376144,0.05584570130517281,True,0.33150452545254533,1.0
ON18,no_geography,Kalkallo,2,GRN,ALP+LNP+ON+OTH,full AEC row,False,False,0.06286585842147596,0.022120590771223247,True,0.10209418709170104,1.0
ON18,no_geography,Kalkallo,3,OTH,ALP+LNP+ON,full AEC row,False,False,0.10090998130700354,0.07417659944335489,True,0.49528923124598817,1.0
ON18,no_geography,Kalkallo,4,ON,ALP+LNP,federal ON evidence trial,False,False,0.22506620781695125,0.025063456231690595,True,0.0,0.73
ON18,no_geography,Kew,1,OTH,ALP+GRN+IND+LNP+ON,federal ON evidence trial,False,False,9.838783601466118e-10,0.07494697141730748,True,0.3195576451206586,1.0
ON18,no_geography,Kew,2,ON,ALP+GRN+IND+LNP,federal ON evidence trial,False,False,0.07494697271559168,0.03492103285345802,True,0.0,0.8
ON18,no_geography,Kew,3,GRN,ALP+IND+LNP,posterior scenario,False,False,0.11631787132233434,0.05932515467338448,False,0.0,0.9500000000000001
ON18,no_geography,Kew,4,IND,ALP+LNP,posterior scenario,False,False,0.21989232588299057,0.012578817224199984,False,0.0,0.85
ON18,no_geography,Kororoit,1,IND,ALP+GRN+LNP+ON+OTH,full AEC row,False,False,0.00607160915408721,0.06972201169738629,True,0.24627437743774375,1.0
ON18,no_geography,Kororoit,2,GRN,ALP+LNP+ON+OTH,full AEC row,False,False,0.07611701191510366,0.05853117128688552,True,0.05089840351979741,1.0
ON18,no_geography,Kororoit,3,OTH,ALP+LNP+ON,full AEC row,False,False,0.16419232203479492,0.019381826203043018,True,0.4400895499950422,1.0
ON18,no_geography,Kororoit,4,LNP,ALP+ON,ON special prior,True,True,0.24984325691826015,0.005990216436511764,True,0.63,0.0
ON18,no_geography,Lara,1,IND,ALP+GRN+LNP+ON+OTH,full AEC row,False,False,0.00744779657452358,0.058221811108555434,True,0.3049072407240724,1.0
ON18,no_geography,Lara,2,OTH,ALP+GRN+LNP+ON,federal ON evidence trial,False,False,0.06726191962699218,0.03501260880327825,True,0.4495379091266598,1.0
ON18,no_geography,Lara,3,GRN,ALP+LNP+ON,federal ON evidence trial,False,False,0.11527154174007892,0.06348562183982798,True,0.1596522727114258,1.0
ON18,no_geography,Lara,4,LNP,ALP+ON,ON special prior,True,True,0.21017911661150285,0.11620056028357562,True,0.7599999999999999,0.0
ON18,no_geography,Laverton,1,IND,ALP+GRN+LNP+ON+OTH,full AEC row,False,False,0.011451001690977103,0.09671469249042845,True,0.2522403490349035,1.0
ON18,no_geography,Laverton,2,GRN,ALP+LNP+ON+OTH,ideology prior,False,False,0.10889533050202273,0.00934118899499152,True,0.055325727160778465,1.0
ON18,no_geography,Laverton,3,OTH,ALP+LNP+ON,ideology prior,False,False,0.12696662532771374,0.056889395985183416,True,0.5068786629343549,0.7149
ON18,no_geography,Laverton,4,LNP,ALP+ON,ON special prior,True,True,0.23809593641762433,0.010116758178671581,True,0.56,0.0
ON18,no_geography,Lowan,1,IND,ALP+GRN+LNP+ON+OTH,ideology prior,False,False,0.028955384444780925,0.0035376073127974285,True,0.24876065,1.0
ON18,no_geography,Lowan,2,OTH,ALP+GRN+LNP+ON,federal ON evidence trial,False,False,0.03507725981927505,0.02984522527930969,True,0.46005149750688873,0.8765123487651234
ON18,no_geography,Lowan,3,GRN,ALP+LNP+ON,federal ON evidence trial,False,False,0.07100974062997037,0.0465418269875007,True,0.1561604820002885,0.8507
ON18,no_geography,Lowan,4,ALP,LNP+ON,ON special prior,True,True,0.16359461833276231,0.10701973621561553,True,0.35999999999999993,0.0
ON18,no_geography,Macedon,1,OTH,ALP+GRN+IND+LNP+ON,federal ON evidence trial,False,False,0.02069641854296339,0.016530251308776632,True,0.37922506658127425,1.0
ON18,no_geography,Macedon,2,IND,ALP+GRN+LNP+ON,ideology prior,False,False,0.04060776255481642,0.09024804807572388,True,0.3188625294305306,0.8798
ON18,no_geography,Macedon,3,GRN,ALP+LNP+ON,federal ON evidence trial,False,False,0.13873830078490526,0.08937376473527867,True,0.12564483394843542,1.0
ON18,no_geography,Macedon,4,ON,ALP+LNP,federal ON evidence trial,False,False,0.24554381628459143,0.06942823886632299,True,0.0,0.73
ON18,no_geography,Malvern,1,IND,ALP+GRN+LNP+ON+OTH,full AEC row,False,False,0.00103310329018849,0.007418516353255607,True,0.228368625,1.0
ON18,no_geography,Malvern,2,OTH,ALP+GRN+LNP+ON,federal ON evidence trial,False,False,0.00862417372048783,0.07918145142467266,True,0.32092206162858544,1.0
ON18,no_geography,Malvern,3,ON,ALP+GRN+LNP,federal ON evidence trial,False,False,0.09057331275538251,0.07640816485731262,True,0.0,0.7000000000000001
ON18,no_geography,Malvern,4,GRN,ALP+LNP,posterior scenario,False,False,0.18250583965612197,0.02766937855852275,False,0.0,0.95
ON18,no_geography,Melbourne,1,IND,ALP+GRN+LNP+ON+OTH,full AEC row,False,False,1.004521244571835e-12,0.06458131072158659,True,0.23268214321432143,1.0
ON18,no_geography,Melbourne,2,OTH,ALP+GRN+LNP+ON,federal ON evidence trial,False,False,0.06458131072297947,0.06178611321983714,True,0.3225901980559343,1.0
ON18,no_geography,Melbourne,3,ON,ALP+GRN+LNP,federal ON evidence trial,False,False,0.1472007217596544,0.03513225363815872,True,0.0,0.7000000000000001
ON18,no_geography,Melbourne,4,LNP,ALP+GRN,posterior scenario,False,False,0.26884967228326073,0.009816647646354593,False,0.0,0.8
ON18,no_geography,Melton,1,GRN,ALP+IND+LNP+ON+OTH,full AEC row,False,False,0.05014604502347403,0.036767047588482454,True,0.1,1.0
ON18,no_geography,Melton,2,OTH,ALP+IND+LNP+ON,ideology prior,False,False,0.09195277013681562,0.09945845395649063,True,0.5274310196239811,0.9478
ON18,no_geography,Melton,3,LNP,ALP+IND+ON,ideology prior,False,False,0.20171392623928464,0.030077739783577,True,0.4826422620362297,0.0
ON18,no_geography,Melton,4,IND,ALP+ON,ON special prior,True,True,0.28975125275342595,0.03785314176697563,True,0.44999999999999996,0.5117
ON18,no_geography,Mildura,1,OTH,ALP+GRN+IND+LNP+ON,federal ON evidence trial,False,False,9.861016526202762e-10,0.028621394991254198,True,0.3792250665812742,1.0
ON18,no_geography,Mildura,2,GRN,ALP+IND+LNP+ON,federal ON evidence trial,False,False,0.028621396104686954,0.015481775703832815,True,0.09364786556997275,0.8020197980201981
ON18,no_geography,Mildura,3,ALP,IND+LNP+ON,full AEC row,False,False,0.057570877374588214,0.18538334021267797,True,0.2839069772063293,1.0
ON18,no_geography,Mildura,4,ON,IND+LNP,ideology prior,False,False,0.25929899135780177,0.07580829638079989,True,0.0,0.68
ON18,no_geography,Mill Park,1,IND,ALP+GRN+LNP+ON+OTH,ideology prior,False,False,1.0227393704588299e-09,0.07343806397933107,True,0.2165,0.0
ON18,no_geography,Mill Park,2,GRN,ALP+LNP+ON+OTH,full AEC row,False,False,0.07343806520380577,0.016125795533773177,True,0.05000000059661695,1.0
ON18,no_geography,Mill Park,3,OTH,ALP+LNP+ON,full AEC row,False,False,0.10477288403165931,0.11482049330828344,True,0.46663752592429875,1.0
ON18,no_geography,Mill Park,4,LNP,ALP+ON,ON special prior,True,True,0.254846866905854,0.013637469822575687,True,0.63,0.0
ON18,no_geography,Monbulk,1,OTH,ALP+GRN+IND+LNP+ON,federal ON evidence trial,False,False,0.02127845234047279,0.05213426815454211,True,0.48530048251125746,1.0
ON18,no_geography,Monbulk,2,IND,ALP+GRN+LNP+ON,full AEC row,False,False,0.07770287192228569,0.07981720349131198,True,0.3077079634312739,1.0
ON18,no_geography,Monbulk,3,GRN,ALP+LNP+ON,federal ON evidence trial,False,False,0.18002937158313587,0.031203054128766894,True,0.1368132472079819,1.0
ON18,no_geography,Monbulk,4,ON,ALP+LNP,federal ON evidence trial,False,False,0.23586282863100397,0.11737015784011615,True,0.0,0.73
ON18,no_geography,Mordialloc,1,OTH,ALP+GRN+IND+LNP+ON,federal ON evidence trial,False,False,0.012216703076543448,0.042929729966722494,True,0.38585478007689816,1.0
ON18,no_geography,Mordialloc,2,IND,ALP+GRN+LNP+ON,full AEC row,False,False,0.05790599416250238,0.04698293154323827,True,0.2266914767413969,1.0
ON18,no_geography,Mordialloc,3,GRN,ALP+LNP+ON,federal ON evidence trial,False,False,0.11421182389074772,0.0742500932807898,True,0.08105491098362194,1.0
ON18,no_geography,Mordialloc,4,ON,ALP+LNP,federal ON evidence trial,False,False,0.1977193463902792,0.15118214426179946,True,0.0,0.7
ON18,no_geography,Mornington,1,OTH,ALP+GRN+IND+LNP+ON,federal ON evidence trial,False,False,9.850185706464733e-10,0.07768532278902275,True,0.4853004825112575,1.0
ON18,no_geography,Mornington,2,GRN,ALP+IND+LNP+ON,federal ON evidence trial,False,False,0.07768532385898094,0.0750986077356465,True,0.09827841695893144,1.0
ON18,no_geography,Mornington,3,ON,ALP+IND+LNP,federal ON evidence trial,False,False,0.16063819108368946,0.01846379455113667,True,0.0,0.79
ON18,no_geography,Mornington,4,ALP,IND+LNP,posterior scenario,False,False,0.20905876520827668,0.023671061970041735,False,0.0,0.7999999999999999
ON18,no_geography,Morwell,1,GRN,ALP+IND+LNP+ON+OTH,full AEC row,False,False,0.04129402135142193,0.028465247081953332,True,0.1,1.0
ON18,no_geography,Morwell,2,OTH,ALP+IND+LNP+ON,ideology prior,False,False,0.07351702437635466,0.04215466340382895,True,0.43271368011143196,1.0
ON18,no_geography,Morwell,3,IND,ALP+LNP+ON,ideology prior,False,False,0.12792412234966255,0.11453083457444349,True,0.3555989189242221,0.6859
ON18,no_geography,Morwell,4,ALP,LNP+ON,ON special prior,True,True,0.28551169093922574,0.0430532149668339,True,0.25,0.0
ON18,no_geography,Mulgrave,1,OTH,ALP+GRN+IND+LNP+ON,federal ON evidence trial,False,False,0.0039031381241318463,0.05591267882437046,True,0.38585478007689816,1.0
ON18,no_geography,Mulgrave,2,GRN,ALP+IND+LNP+ON,federal ON evidence trial,False,False,0.06019974471432176,0.09019869325814336,True,0.05729067221938546,1.0
ON18,no_geography,Mulgrave,3,IND,ALP+LNP+ON,ideology prior,False,False,0.1634945157706943,0.009520783807671268,True,0.27697831042159,0.0
ON18,no_geography,Mulgrave,4,ON,ALP+LNP,federal ON evidence trial,False,False,0.21829973431972846,0.02388008210012585,True,0.0,0.7
ON18,no_geography,Murray Plains,1,IND,ALP+GRN+LNP+ON+OTH,full AEC row,False,False,0.006939160639230208,0.03584292818459841,True,0.32477862499999993,1.0
ON18,no_geography,Murray Plains,2,GRN,ALP+LNP+ON+OTH,full AEC row,False,False,0.04374979467514295,0.027002466414711393,True,0.10531634457363953,1.0
ON18,no_geography,Murray Plains,3,OTH,ALP+LNP+ON,full AEC row,False,False,0.08061988305149416,0.028036460482439116,True,0.556532932782597,1.0
ON18,no_geography,Murray Plains,4,ALP,LNP+ON,ON special prior,True,True,0.12583780579087991,0.1860460371460181,True,0.36,0.0
ON18,no_geography,Narracan,1,OTH,ALP+GRN+IND+LNP+ON,federal ON evidence trial,False,False,9.862768599929738e-10,0.04607807279295457,True,0.3195576451206586,0.0
ON18,no_geography,Narracan,2,IND,ALP+GRN+LNP+ON,ideology prior,False,False,0.046078073979588005,0.09604659282364157,True,0.22823529469862178,0.0
ON18,no_geography,Narracan,3,GRN,ALP+LNP+ON,federal ON evidence trial,False,False,0.15281749044417217,0.044508468743280794,True,0.0853818711340168,0.0
ON18,no_geography,Narracan,4,ON,ALP+LNP,federal ON evidence trial,False,False,0.23873367338456228,0.08201820030387888,True,0.0,0.73
ON18,no_geography,Narre Warren North,1,IND,ALP+GRN+LNP+ON+OTH,full AEC row,False,False,0.003157678262874315,0.06553293241211229,True,0.24844603039696028,1.0
ON18,no_geography,Narre Warren North,2,GRN,ALP+LNP+ON+OTH,full AEC row,False,False,0.06892602520365278,0.011029293224210049,True,0.05074295074872472,1.0
ON18,no_geography,Narre Warren North,3,OTH,ALP+LNP+ON,full AEC row,False,False,0.09493695489628065,0.13982576914435033,True,0.456902428787134,1.0
ON18,no_geography,Narre Warren North,4,ON,ALP+LNP,federal ON evidence trial,False,False,0.27813964931439616,0.007073737841571726,True,0.0,0.7
ON18,no_geography,Narre Warren South,1,IND,ALP+GRN+LNP+ON+OTH,full AEC row,False,False,1.0055825852537906e-12,0.06817189415414485,True,0.2536262376237624,1.0
ON18,no_geography,Narre Warren South,2,GRN,ALP+LNP+ON+OTH,full AEC row,False,False,0.06817189415521441,0.00624932840984653,True,0.05000500050025592,1.0
ON18,no_geography,Narre Warren South,3,OTH,ALP+LNP+ON,full AEC row,False,False,0.09201814813908923,0.13227392980130961,True,0.44518430073333837,1.0
ON18,no_geography,Narre Warren South,4,ON,ALP+LNP,federal ON evidence trial,False,False,0.26525711287447606,0.029235205165134892,True,0.0,0.7
ON18,no_geography,Nepean,1,OTH,ALP+GRN+IND+LNP+ON,federal ON evidence trial,False,False,0.001832950733654934,0.023932321195801822,True,0.36928049633783827,1.0
ON18,no_geography,Nepean,2,IND,ALP+GRN+LNP+ON,ideology prior,False,False,0.026064713899950066,0.07109154745329983,True,0.2948268140246717,0.6993
ON18,no_geography,Nepean,3,GRN,ALP+LNP+ON,federal ON evidence trial,False,False,0.10254389481376781,0.08870838232839533,True,0.11144664204570479,1.0
ON18,no_geography,Nepean,4,ON,ALP+LNP,federal ON evidence trial,False,False,0.2026804498814455,0.1057281753955619,True,0.0,0.73
ON18,no_geography,Niddrie,1,IND,ALP+GRN+LNP+ON+OTH,ideology prior,False,False,1.0056152913558528e-12,0.05523550238387415,True,0.2165,0.0
ON18,no_geography,Niddrie,2,OTH,ALP+GRN+LNP+ON,federal ON evidence trial,False,False,0.055235502385007976,0.02032102460789577,True,0.3749340029414306,1.0
ON18,no_geography,Niddrie,3,GRN,ALP+LNP+ON,federal ON evidence trial,False,False,0.0865618815248892,0.15690267973961178,True,0.11316423110912907,1.0
ON18,no_geography,Niddrie,4,ON,ALP+LNP,federal ON evidence trial,False,False,0.25326027003062457,0.08084525024778699,True,0.0,0.7
ON18,no_geography,Northcote,1,IND,ALP+GRN+LNP+ON+OTH,full AEC row,False,False,1.0046183994462194e-12,0.08075085956849658,True,0.23911996300369967,1.0
ON18,no_geography,Northcote,2,OTH,ALP+GRN+LNP+ON,federal ON evidence trial,False,False,0.08075085956993237,0.021008473942803182,True,0.3225901980559606,1.0
ON18,no_geography,Northcote,3,LNP,ALP+GRN+ON,full AEC row,False,False,0.1162323041426082,0.06862364580078224,True,0.24104212695368574,1.0
ON18,no_geography,Northcote,4,ON,ALP+GRN,ideology prior,False,False,0.21287283175465244,0.1550477619822091,True,0.0,0.16999999999999998
ON18,no_geography,Oakleigh,1,OTH,ALP+GRN+IND+LNP+ON,federal ON evidence trial,False,False,1.003618511196818e-12,0.011022970058956971,True,0.38585478007689816,1.0
ON18,no_geography,Oakleigh,2,IND,ALP+GRN+LNP+ON,full AEC row,False,False,0.01102297006016274,0.1503960321938138,True,0.21780400000331357,1.0
ON18,no_geography,Oakleigh,3,GRN,ALP+LNP+ON,federal ON evidence trial,False,False,0.16341281778827316,0.007423799060204711,True,0.05701961331813771,1.0
ON18,no_geography,Oakleigh,4,ON,ALP+LNP,federal ON evidence trial,False,False,0.18015435252999248,0.1325802037223998,True,0.0,0.7
ON18,no_geography,Ovens Valley,1,IND,ALP+GRN+LNP+ON+OTH,ideology prior,False,False,0.03649042281407212,0.04648235572134735,True,0.2165,0.0
ON18,no_geography,Ovens Valley,2,GRN,ALP+LNP+ON+OTH,ideology prior,False,False,0.09017051443549519,0.015362951745764172,True,0.0847177997148401,1.0
ON18,no_geography,Ovens Valley,3,OTH,ALP+LNP+ON,ideology prior,False,False,0.11313404367086656,0.07325915059212658,True,0.5913407215577101,0.9241
ON18,no_geography,Ovens Valley,4,ALP,LNP+ON,ON special prior,True,True,0.20340918314318698,0.08937500833721804,True,0.35999999999999993,0.0
ON18,no_geography,Pakenham,1,IND,ALP+GRN+LNP+ON+OTH,ideology prior,False,False,0.05852224185196069,0.014071670958910203,True,0.245501075,1.0
ON18,no_geography,Pakenham,2,GRN,ALP+LNP+ON+OTH,ideology prior,False,False,0.08067437135458036,0.008356119762443631,True,0.1012606773592275,0.7081708170817081
ON18,no_geography,Pakenham,3,OTH,ALP+LNP+ON,ideology prior,False,False,0.09557816049192988,0.15443288868062213,True,0.5783996932500396,0.7984
ON18,no_geography,Pakenham,4,ON,ALP+LNP,federal ON evidence trial,False,False,0.3052934278824873,0.030202208852419254,True,0.0,0.73
ON18,no_geography,Pascoe Vale,1,OTH,ALP+GRN+IND+LNP+ON,federal ON evidence trial,False,False,0.060607043118825636,0.02005043606930499,True,0.33944678560753044,1.0
ON18,no_geography,Pascoe Vale,2,IND,ALP+GRN+LNP+ON,ideology prior,False,False,0.09055861405447051,0.08742517098272527,True,0.25290781991777994,0.6067
ON18,no_geography,Pascoe Vale,3,LNP,ALP+GRN+ON,full AEC row,False,False,0.20035063238801334,0.0005361343044741895,True,0.32217272306757727,1.0
ON18,no_geography,Pascoe Vale,4,ON,ALP+GRN,ideology prior,False,False,0.26543427549724496,0.08058658919148376,True,0.0,0.16999999999999998
ON18,no_geography,Point Cook,1,OTH,ALP+GRN+IND+LNP+ON,federal ON evidence trial,False,False,0.07316310942662589,0.0012095077568868434,True,0.35933592609440235,1.0
ON18,no_geography,Point Cook,2,GRN,ALP+IND+LNP+ON,federal ON evidence trial,False,False,0.08703865258891348,0.0346693269368929,True,0.12004995642091328,1.0
ON18,no_geography,Point Cook,3,IND,ALP+LNP+ON,ideology prior,False,False,0.13414458779455343,0.10405666651058879,True,0.30649230746500017,0.6815
ON18,no_geography,Point Cook,4,ON,ALP+LNP,federal ON evidence trial,False,False,0.28132135999289165,0.0028361575336725564,True,0.0,0.7
ON18,no_geography,Polwarth,1,IND,ALP+GRN+LNP+ON+OTH,ideology prior,False,False,0.023287325268422955,0.0074377937785822315,True,0.2470117086708671,1.0
ON18,no_geography,Polwarth,2,OTH,ALP+GRN+LNP+ON,federal ON evidence trial,False,False,0.03280351282721194,0.1275792265517732,True,0.45926741100904833,0.9267
ON18,no_geography,Polwarth,3,GRN,ALP+LNP+ON,federal ON evidence trial,False,False,0.17167688757430885,0.003771436212832019,True,0.12618954517963757,1.0
ON18,no_geography,Polwarth,4,ON,ALP+LNP,federal ON evidence trial,False,False,0.19711215214799868,0.14361750425866923,True,0.0,0.73
ON18,no_geography,Prahran,1,IND,ALP+GRN+LNP+ON+OTH,full AEC row,False,False,1.0049350307403862e-09,0.03179361086460619,True,0.22670332966703327,1.0
ON18,no_geography,Prahran,2,OTH,ALP+GRN+LNP+ON,federal ON evidence trial,False,False,0.03179361214601643,0.08573099836152703,True,0.32259019733709227,1.0
ON18,no_geography,Prahran,3,ON,ALP+GRN+LNP,federal ON evidence trial,False,False,0.12778091812378586,0.06394198700011319,True,0.0,0.7000000000000001
ON18,no_geography,Prahran,4,ALP,GRN+LNP,posterior scenario,False,False,0.21715932266013774,0.15943616093958987,False,0.0,0.9
ON18,no_geography,Preston,1,OTH,ALP+GRN+IND+LNP+ON,federal ON evidence trial,False,False,0.07723242678269002,0.036323275600288224,True,0.33944678560753044,1.0
ON18,no_geography,Preston,2,IND,ALP+GRN+LNP+ON,full AEC row,False,False,0.12617286095530608,0.02854165872964165,True,0.20330448255400055,1.0
ON18,no_geography,Preston,3,LNP,ALP+GRN+ON,full AEC row,False,False,0.1728681395173884,0.05238020166689766,True,0.32312978217582117,1.0
ON18,no_geography,Preston,4,GRN,ALP+ON,ON special prior,True,True,0.30390260891068016,0.003522366584418235,True,0.09,0.0
ON18,no_geography,Richmond,1,IND,ALP+GRN+LNP+ON+OTH,full AEC row,False,False,0.027778328488271536,0.03934166879762685,True,0.24379724527547247,1.0
ON18,no_geography,Richmond,2,OTH,ALP+GRN+LNP+ON,federal ON evidence trial,False,False,0.07660145935244811,0.04651050805253802,True,0.31269095722570617,1.0
ON18,no_geography,Richmond,3,ON,ALP+GRN+LNP,federal ON evidence trial,False,False,0.14706455105478916,0.005731174954689666,True,0.0,0.7000000000000001
ON18,no_geography,Richmond,4,LNP,ALP+GRN,posterior scenario,False,False,0.23638954006582397,0.08954047544930921,False,0.0,0.8
ON18,no_geography,Ringwood,1,IND,ALP+GRN+LNP+ON+OTH,ideology prior,False,False,1.0058267894107813e-12,0.0356701186344183,True,0.2165,0.0
ON18,no_geography,Ringwood,2,OTH,ALP+GRN+LNP+ON,federal ON evidence trial,False,False,0.035670118635552375,0.0799130623874785,True,0.42727780782636215,1.0
ON18,no_geography,Ringwood,3,ON,ALP+GRN+LNP,federal ON evidence trial,False,False,0.13082423111853597,0.03923072926895618,True,0.0,0.75
ON18,no_geography,Ringwood,4,GRN,ALP+LNP,posterior scenario,False,False,0.19433736908142665,0.15415899195648883,False,0.0,0.95
ON18,no_geography,Ripon,1,IND,ALP+GRN+LNP+ON+OTH,full AEC row,False,False,0.009020183774530932,0.04973532167983885,True,0.32847425,1.0
ON18,no_geography,Ripon,2,GRN,ALP+LNP+ON+OTH,full AEC row,False,False,0.05931151521984673,0.04195646460766285,True,0.10214569453564508,1.0
ON18,no_geography,Ripon,3,OTH,ALP+LNP+ON,full AEC row,False,False,0.11039006614468524,0.13896075989924545,True,0.5732842877844734,1.0
ON18,no_geography,Ripon,4,ON,ALP+LNP,federal ON evidence trial,False,False,0.3126357164921675,0.01404661775621907,True,0.0,0.73
ON18,no_geography,Rowville,1,OTH,ALP+GRN+IND+LNP+ON,federal ON evidence trial,False,False,0.0017132852923506618,0.08387927420587196,True,0.4521187697801849,1.0
ON18,no_geography,Rowville,2,GRN,ALP+IND+LNP+ON,federal ON evidence trial,False,False,0.08577118237196793,0.009488749552948483,True,0.055708113002588544,1.0
ON18,no_geography,Rowville,3,IND,ALP+LNP+ON,full AEC row,False,False,0.11472095781496133,0.02510302092694655,True,0.2005648422170176,1.0
ON18,no_geography,Rowville,4,ON,ALP+LNP,federal ON evidence trial,False,False,0.16283296954505072,0.18390673662383078,True,0.0,0.7
ON18,no_geography,Sandringham,1,OTH,ALP+GRN+IND+LNP+ON,federal ON evidence trial,False,False,0.022756305749817567,0.04571398920757077,True,0.38582826387453595,1.0
ON18,no_geography,Sandringham,2,IND,ALP+GRN+LNP+ON,full AEC row,False,False,0.0718422394707653,0.049396616757523965,True,0.21100131418683427,1.0
ON18,no_geography,Sandringham,3,ON,ALP+GRN+LNP,federal ON evidence trial,False,False,0.136397663170746,0.030240651187404655,True,0.0,0.75
ON18,no_geography,Sandringham,4,GRN,ALP+LNP,posterior scenario,False,False,0.1931216392461449,0.0449698763333547,False,0.0,0.95
ON18,no_geography,Shepparton,1,OTH,ALP+GRN+IND+LNP+ON,federal ON evidence trial,False,False,0.013423311773879244,0.014339599102094076,True,0.35933592609440235,1.0
ON18,no_geography,Shepparton,2,GRN,ALP+IND+LNP+ON,federal ON evidence trial,False,False,0.029496205932410657,0.0049146226828834065,True,0.1161575581367656,0.9078092190780922
ON18,no_geography,Shepparton,3,ALP,IND+LNP+ON,full AEC row,False,False,0.04683669179634432,0.20256429009233015,True,0.23373122032364546,1.0
ON18,no_geography,Shepparton,4,ON,IND+LNP,ideology prior,False,False,0.2603481790181565,0.08569248607317098,True,0.0,0.6799999999999999
ON18,no_geography,South Barwon,1,IND,ALP+GRN+LNP+ON+OTH,ideology prior,False,False,1.0056264520945287e-12,0.06062142723311428,True,0.2231,0.0
ON18,no_geography,South Barwon,2,OTH,ALP+GRN+LNP+ON,federal ON evidence trial,False,False,0.060621427234248126,0.06187028122267073,True,0.4272516385411591,1.0
ON18,no_geography,South Barwon,3,GRN,ALP+LNP+ON,federal ON evidence trial,False,False,0.13462994985590973,0.06079557821797002,True,0.1427364622160376,1.0
ON18,no_geography,South Barwon,4,ON,ALP+LNP,federal ON evidence trial,False,False,0.21464213082463485,0.1442436451974723,True,0.0,0.72
ON18,no_geography,South-West Coast,1,OTH,ALP+GRN+IND+LNP+ON,federal ON evidence trial,False,False,0.007304072632401333,0.056146619381245474,True,0.5184092756858338,1.0
ON18,no_geography,South-West Coast,2,GRN,ALP+IND+LNP+ON,federal ON evidence trial,False,False,0.06389214647130091,0.07082430675971398,True,0.1016206449528494,1.0
ON18,no_geography,South-West Coast,3,ON,ALP+IND+LNP,federal ON evidence trial,False,False,0.15835764108382744,0.00044816704458919276,True,0.0,0.78
ON18,no_geography,South-West Coast,4,ALP,IND+LNP,posterior scenario,False,False,0.18876209905055946,0.11717797201810531,False,0.0,0.0
ON18,no_geography,St Albans,1,IND,ALP+GRN+LNP+ON+OTH,full AEC row,False,False,0.02048001088803998,0.06510825432539616,True,0.22509563456345635,1.0
ON18,no_geography,St Albans,2,GRN,ALP+LNP+ON+OTH,ideology prior,False,False,0.09047272937638048,0.02282977489025459,True,0.06606618182052171,1.0
ON18,no_geography,St Albans,3,OTH,ALP+LNP+ON,ideology prior,False,False,0.12095112841841826,0.07462577629099348,True,0.4863969399798909,0.8298000000000001
ON18,no_geography,St Albans,4,ON,ALP+LNP,federal ON evidence trial,False,False,0.2544071634592452,0.023939342387833573,True,0.0,0.7
ON18,no_geography,Sunbury,1,IND,ALP+GRN+LNP+ON+OTH,full AEC row,False,False,0.02589741563210355,0.021592095309802994,True,0.33179100000000006,1.0
ON18,no_geography,Sunbury,2,OTH,ALP+GRN+LNP+ON,federal ON evidence trial,False,False,0.05256566337995516,0.019998949484190495,True,0.4394363088500014,1.0
ON18,no_geography,Sunbury,3,GRN,ALP+LNP+ON,federal ON evidence trial,False,False,0.08267591685381065,0.18623027810507137,True,0.16560930404304042,1.0
ON18,no_geography,Sunbury,4,ON,ALP+LNP,federal ON evidence trial,False,False,0.28259809601016184,0.03169752422463562,True,0.0,0.73
ON18,no_geography,Sydenham,1,IND,ALP+GRN+LNP+ON+OTH,ideology prior,False,False,1.0215005713881763e-09,0.06617044950606105,True,0.2165,0.0
ON18,no_geography,Sydenham,2,GRN,ALP+LNP+ON+OTH,full AEC row,False,False,0.0661704507290526,0.03423970371748619,True,0.050000000661342386,1.0
ON18,no_geography,Sydenham,3,OTH,ALP+LNP+ON,full AEC row,False,False,0.11652265918211267,0.09775368149559142,True,0.46520208504945193,1.0
ON18,no_geography,Sydenham,4,ON,ALP+LNP,federal ON evidence trial,False,False,0.26848292468472956,0.029470743454994452,True,0.0,0.7
ON18,no_geography,Tarneit,1,IND,ALP+GRN+LNP+ON+OTH,full AEC row,False,False,0.022796652289728533,0.049522220795615884,True,0.24840778422157783,1.0
ON18,no_geography,Tarneit,2,GRN,ALP+LNP+ON+OTH,ideology prior,False,False,0.08070977962646773,0.0014478286131767854,True,0.05753630611586672,1.0
ON18,no_geography,Tarneit,3,OTH,ALP+LNP+ON,ideology prior,False,False,0.08886388765607704,0.11234627483880925,True,0.5188169528854956,0.8278172182781722
ON18,no_geography,Tarneit,4,ON,ALP+LNP,federal ON evidence trial,False,False,0.24731425391017117,0.022460534993335973,True,0.0,0.7
ON18,no_geography,Thomastown,1,IND,ALP+GRN+LNP+ON+OTH,ideology prior,False,False,0.01774729951625808,0.04996106618177904,True,0.2165,0.0
ON18,no_geography,Thomastown,2,GRN,ALP+LNP+ON+OTH,full AEC row,False,False,0.07120902052761903,0.015348395055186828,True,0.06067699661035124,1.0
ON18,no_geography,Thomastown,3,OTH,ALP+LNP+ON,full AEC row,False,False,0.11643982563009035,0.08765688381077784,True,0.40801692712805954,1.0
ON18,no_geography,Thomastown,4,LNP,ALP+ON,ON special prior,True,True,0.2260061971388742,0.02688065584503968,True,0.63,0.0
ON18,no_geography,Warrandyte,1,IND,ALP+GRN+LNP+ON+OTH,full AEC row,False,False,8.484748494929286e-05,0.0025866682117083035,True,0.229288375,1.0
ON18,no_geography,Warrandyte,2,OTH,ALP+GRN+LNP+ON,federal ON evidence trial,False,False,0.0026940244617023696,0.12020386864902498,True,0.42572378367834074,1.0
ON18,no_geography,Warrandyte,3,GRN,ALP+LNP+ON,federal ON evidence trial,False,False,0.12344472463842907,0.002838719718515126,True,0.056718217832609275,1.0
ON18,no_geography,Warrandyte,4,ON,ALP+LNP,federal ON evidence trial,False,False,0.1332850091392731,0.20640965961456276,True,0.0,0.7
ON18,no_geography,Wendouree,1,IND,ALP+GRN+LNP+ON+OTH,full AEC row,False,False,1.0056324604273914e-12,0.0391772528929876,True,0.3376794429442944,1.0
ON18,no_geography,Wendouree,2,OTH,ALP+GRN+LNP+ON,federal ON evidence trial,False,False,0.039177252894335615,0.06485496574534391,True,0.4272778078257761,1.0
ON18,no_geography,Wendouree,3,GRN,ALP+LNP+ON,federal ON evidence trial,False,False,0.11170066379965768,0.11796444377505519,True,0.1318909642943417,1.0
ON18,no_geography,Wendouree,4,ON,ALP+LNP,federal ON evidence trial,False,False,0.2443974158355678,0.0615342915417465,True,0.0,0.72
ON18,no_geography,Werribee,1,OTH,ALP+GRN+IND+LNP+ON,federal ON evidence trial,False,False,0.0629801353533371,0.007112352290568863,True,0.48530048251125746,1.0
ON18,no_geography,Werribee,2,GRN,ALP+IND+LNP+ON,federal ON evidence trial,False,False,0.07731043102684611,0.03886504361268804,True,0.11824876355101867,1.0
ON18,no_geography,Werribee,3,IND,ALP+LNP+ON,ideology prior,False,False,0.1271031309524473,0.08519617584391659,True,0.3495180813190641,0.8337833783378338
ON18,no_geography,Werribee,4,LNP,ALP+ON,ON special prior,True,True,0.26123701911480685,0.03719349602803623,True,0.76,0.0
ON18,no_geography,Williamstown,1,IND,ALP+GRN+LNP+ON+OTH,ideology prior,False,False,0.02464934448949325,0.03334100094012242,True,0.2165,0.0
ON18,no_geography,Williamstown,2,OTH,ALP+GRN+LNP+ON,federal ON evidence trial,False,False,0.061133136852026065,0.09910365897904297,True,0.31775440725111515,1.0
ON18,no_geography,Williamstown,3,GRN,ALP+LNP+ON,federal ON evidence trial,False,False,0.17609693917958583,0.031635832078801635,True,0.10074386892406789,1.0
ON18,no_geography,Williamstown,4,ON,ALP+LNP,federal ON evidence trial,False,False,0.22547345821702522,0.0640485114786882,True,0.0,0.65
ON18,no_geography,Yan Yean,1,IND,ALP+GRN+LNP+ON+OTH,ideology prior,False,False,9.902956597926964e-10,0.06580160331199149,True,0.2165,0.0
ON18,no_geography,Yan Yean,2,GRN,ALP+LNP+ON+OTH,full AEC row,False,False,0.06580160449762297,0.032909838985688625,True,0.10000000049630564,1.0
ON18,no_geography,Yan Yean,3,OTH,ALP+LNP+ON,full AEC row,False,False,0.11397741571257386,0.08633446586923504,True,0.5134345180769483,1.0
ON18,no_geography,Yan Yean,4,ON,ALP+LNP,federal ON evidence trial,False,False,0.25883182108985026,0.06289235573034185,True,0.0,0.73
ON18,no_synthetic_priority,Albert Park,1,OTH,ALP+GRN+IND+LNP+ON,federal ON evidence trial,False,False,0.023867829114284485,0.012141781393744139,True,0.2382375140659608,1.0
ON18,no_synthetic_priority,Albert Park,2,IND,ALP+GRN+LNP+ON,ideology prior,False,False,0.04099736464275688,0.09556263369105295,True,0.10774885444235445,1.0
ON18,no_synthetic_priority,Albert Park,3,ON,ALP+GRN+LNP,federal ON evidence trial,False,False,0.14097741740922237,0.08786535196029263,True,0.0,0.7000000000000001
ON18,no_synthetic_priority,Albert Park,4,GRN,ALP+LNP,posterior scenario,False,False,0.25979493939434184,0.09656511209306046,False,0.0,0.9500000000000001
ON18,no_synthetic_priority,Ashwood,1,OTH,ALP+GRN+IND+LNP+ON,federal ON evidence trial,False,False,1.0039228796561272e-12,0.00911200098605379,True,0.3499180153342636,1.0
ON18,no_synthetic_priority,Ashwood,2,IND,ALP+GRN+LNP+ON,ideology prior,False,False,0.009112000987224953,0.09736796486143005,True,0.27158187448437865,0.7386
ON18,no_synthetic_priority,Ashwood,3,ON,ALP+GRN+LNP,federal ON evidence trial,False,False,0.10895462015706907,0.04838577209257762,True,0.0,0.75
ON18,no_synthetic_priority,Ashwood,4,GRN,ALP+LNP,posterior scenario,False,False,0.17570999343420948,0.1752246388595183,False,0.0,0.95
ON18,no_synthetic_priority,Bass,1,OTH,ALP+GRN+IND+LNP+ON,federal ON evidence trial,False,False,0.038670877966507276,0.0011749306161309425,True,0.43303921713976085,1.0
ON18,no_synthetic_priority,Bass,2,IND,ALP+GRN+LNP+ON,ideology prior,False,False,0.04639504342815449,0.03823380864387966,True,0.40640114462824056,0.8191
ON18,no_synthetic_priority,Bass,3,GRN,ALP+LNP+ON,federal ON evidence trial,False,False,0.09423082527709944,0.16864185554917457,True,0.14454600626272737,1.0
ON18,no_synthetic_priority,Bass,4,ON,ALP+LNP,federal ON evidence trial,False,False,0.27649337028691956,0.050619868635686405,True,0.0,0.73
ON18,no_synthetic_priority,Bayswater,1,IND,ALP+GRN+LNP+ON+OTH,ideology prior,False,False,0.004179372170832924,0.04915145143109718,True,0.23863279963472847,1.0
ON18,no_synthetic_priority,Bayswater,2,OTH,ALP+GRN+LNP+ON,federal ON evidence trial,False,False,0.05408081988205932,0.03483596684925719,True,0.4156918193408,1.0
ON18,no_synthetic_priority,Bayswater,3,GRN,ALP+LNP+ON,federal ON evidence trial,False,False,0.10018023302163127,0.0776040013893118,True,0.1484341624193044,1.0
ON18,no_synthetic_priority,Bayswater,4,ON,ALP+LNP,federal ON evidence trial,False,False,0.19265440339047962,0.19777679712286322,True,0.0,0.7
ON18,no_synthetic_priority,Bellarine,1,OTH,ALP+GRN+IND+LNP+ON,federal ON evidence trial,False,False,0.018269046865956356,0.006605610344700422,True,0.47052341026197514,1.0
ON18,no_synthetic_priority,Bellarine,2,IND,ALP+GRN+LNP+ON,ideology prior,False,False,0.02808159088830032,0.09300396745116393,True,0.34864471566111455,1.0
ON18,no_synthetic_priority,Bellarine,3,GRN,ALP+LNP+ON,federal ON evidence trial,False,False,0.127229236562134,0.028875261013620174,True,0.1544813088806836,1.0
ON18,no_synthetic_priority,Bellarine,4,ON,ALP+LNP,federal ON evidence trial,False,False,0.17575903656776276,0.1900010120662562,True,0.0,0.73
ON18,no_synthetic_priority,Benambra,1,OTH,ALP+GRN+IND+LNP+ON,federal ON evidence trial,False,False,0.026514379362593325,0.01621193977156379,True,0.5190865224408795,1.0
ON18,no_synthetic_priority,Benambra,2,GRN,ALP+IND+LNP+ON,federal ON evidence trial,False,False,0.04428442914573822,0.008551069645441951,True,0.10790010484665176,1.0
ON18,no_synthetic_priority,Benambra,3,ALP,IND+LNP+ON,ideology prior,False,False,0.06472527855321322,0.1747047452690417,True,0.31479551057624205,1.0
ON18,no_synthetic_priority,Benambra,4,ON,IND+LNP,ideology prior,False,False,0.25980525093160317,0.09465422797929407,True,0.0,0.68
ON18,no_synthetic_priority,Bendigo East,1,OTH,ALP+GRN+IND+LNP+ON,federal ON evidence trial,False,False,0.005394767195506742,0.011836848042048119,True,0.3890498227253916,1.0
ON18,no_synthetic_priority,Bendigo East,2,IND,ALP+GRN+LNP+ON,ideology prior,False,False,0.018146548387003095,0.08116580833113538,True,0.3288854896289567,0.5729427057294271
ON18,no_synthetic_priority,Bendigo East,3,GRN,ALP+LNP+ON,federal ON evidence trial,False,False,0.1025923275342242,0.08339407391808126,True,0.14496106688976151,1.0
ON18,no_synthetic_priority,Bendigo East,4,ON,ALP+LNP,federal ON evidence trial,False,False,0.20085829470637045,0.1254836636620863,True,0.0,0.72
ON18,no_synthetic_priority,Bendigo West,1,IND,ALP+GRN+LNP+ON+OTH,ideology prior,False,False,0.01448859577308423,0.04779784596586423,True,0.3555070814691494,1.0
ON18,no_synthetic_priority,Bendigo West,2,OTH,ALP+GRN+LNP+ON,federal ON evidence trial,False,False,0.06636892239937113,0.062635322039706,True,0.42964774976026304,1.0
ON18,no_synthetic_priority,Bendigo West,3,GRN,ALP+LNP+ON,federal ON evidence trial,False,False,0.14094616133621835,0.06178523999709645,True,0.17664446307884635,1.0
ON18,no_synthetic_priority,Bendigo West,4,ON,ALP+LNP,federal ON evidence trial,False,False,0.22762876032557552,0.05252126405266991,True,0.0,0.72
ON18,no_synthetic_priority,Bentleigh,1,OTH,ALP+GRN+IND+LNP+ON,federal ON evidence trial,False,False,0.0068563308455323446,0.0019395550758207012,True,0.34992545127056257,1.0
ON18,no_synthetic_priority,Bentleigh,2,IND,ALP+GRN+LNP+ON,ideology prior,False,False,0.009938068321265429,0.10134108344583442,True,0.2749409335078039,0.7199
ON18,no_synthetic_priority,Bentleigh,3,GRN,ALP+LNP+ON,federal ON evidence trial,False,False,0.11372169328687096,0.03535542808168188,True,0.09929214671014239,1.0
ON18,no_synthetic_priority,Bentleigh,4,ON,ALP+LNP,federal ON evidence trial,False,False,0.16036879242251864,0.2095083114101364,True,0.0,0.7
ON18,no_synthetic_priority,Berwick,1,IND,ALP+GRN+LNP+ON+OTH,ideology prior,False,False,1.005771988570459e-12,0.014905139737539954,True,0.2717267726161369,0.0
ON18,no_synthetic_priority,Berwick,2,OTH,ALP+GRN+LNP+ON,federal ON evidence trial,False,False,0.01490513973867114,0.0793494687737283,True,0.4554333996954757,1.0
ON18,no_synthetic_priority,Berwick,3,GRN,ALP+LNP+ON,federal ON evidence trial,False,False,0.09697465667416955,0.1117871483555129,True,0.1491351460872289,1.0
ON18,no_synthetic_priority,Berwick,4,ON,ALP+LNP,federal ON evidence trial,False,False,0.22322413461954357,0.1009135225423898,True,0.0,0.73
ON18,no_synthetic_priority,Box Hill,1,IND,ALP+GRN+LNP+ON+OTH,ideology prior,False,False,0.0046658029599707706,0.0022149659302318596,True,0.26441107819905213,1.0
ON18,no_synthetic_priority,Box Hill,2,OTH,ALP+GRN+LNP+ON,federal ON evidence trial,False,False,0.008315271115886156,0.09133865706165545,True,0.3599131996797352,1.0
ON18,no_synthetic_priority,Box Hill,3,ON,ALP+GRN+LNP,federal ON evidence trial,False,False,0.10264670401106468,0.055479627397278936,True,0.0,0.75
ON18,no_synthetic_priority,Box Hill,4,GRN,ALP+LNP,posterior scenario,False,False,0.17594578535383093,0.18844668015104,False,0.0,0.9500000000000001
ON18,no_synthetic_priority,Brighton,1,OTH,ALP+GRN+IND+LNP+ON,federal ON evidence trial,False,False,0.01761374487994314,0.07254734963712692,True,0.23823751406596083,1.0
ON18,no_synthetic_priority,Brighton,2,IND,ALP+GRN+LNP+ON,ideology prior,False,False,0.09395321735393936,0.008499723511868451,True,0.09011112773604739,1.0
ON18,no_synthetic_priority,Brighton,3,ON,ALP+GRN+LNP,federal ON evidence trial,False,False,0.11091917123600126,0.08349869758005868,True,0.0,0.7000000000000001
ON18,no_synthetic_priority,Brighton,4,GRN,ALP+LNP,posterior scenario,False,False,0.21987365688442245,0.02101016415852605,False,0.0,0.95
ON18,no_synthetic_priority,Broadmeadows,1,IND,ALP+GRN+LNP+ON+OTH,ideology prior,False,False,0.06322008861923664,0.024421884904213806,True,0.26985373222748815,1.0
ON18,no_synthetic_priority,Broadmeadows,2,GRN,ALP+LNP+ON+OTH,ideology prior,False,False,0.09404798130656963,0.01883004337369662,True,0.10333163333857526,1.0
ON18,no_synthetic_priority,Broadmeadows,3,OTH,ALP+LNP+ON,ideology prior,False,False,0.1220552458330981,0.07925387662545252,True,0.518088150075782,0.7785
ON18,no_synthetic_priority,Broadmeadows,4,LNP,ALP+ON,ON special prior,True,True,0.22544853461394285,0.03909596436532234,True,0.63,0.0
ON18,no_synthetic_priority,Brunswick,1,IND,ALP+GRN+LNP+ON+OTH,ideology prior,False,False,0.009550922352704907,0.07379065145955072,True,0.10346842783505156,1.0
ON18,no_synthetic_priority,Brunswick,2,OTH,ALP+GRN+LNP+ON,federal ON evidence trial,False,False,0.08511294990355202,0.012223054005254433,True,0.26959120660672653,1.0
ON18,no_synthetic_priority,Brunswick,3,LNP,ALP+GRN+ON,ideology prior,False,False,0.10728790051354682,0.0335571171538014,True,0.17407760053810095,1.0
ON18,no_synthetic_priority,Brunswick,4,ON,ALP+GRN,ideology prior,False,False,0.15952143795551693,0.12534645581511555,True,0.0,0.16999999999999998
ON18,no_synthetic_priority,Bulleen,1,IND,ALP+GRN+LNP+ON+OTH,ideology prior,False,False,0.00038456274864068256,0.0018638994474253078,True,0.25832677218060185,1.0
ON18,no_synthetic_priority,Bulleen,2,OTH,ALP+GRN+LNP+ON,federal ON evidence trial,False,False,0.002358994502307498,0.10947106725782288,True,0.37523069897794187,1.0
ON18,no_synthetic_priority,Bulleen,3,ON,ALP+GRN+LNP,federal ON evidence trial,False,False,0.11271522891611635,0.007653148875376298,True,0.0,0.75
ON18,no_synthetic_priority,Bulleen,4,GRN,ALP+LNP,posterior scenario,False,False,0.13923770629275486,0.14128796054902917,False,0.0,0.95
ON18,no_synthetic_priority,Bundoora,1,IND,ALP+GRN+LNP+ON+OTH,ideology prior,False,False,1.005924258598563e-12,0.04005028964497543,True,0.25997088270142177,1.0
ON18,no_synthetic_priority,Bundoora,2,OTH,ALP+GRN+LNP+ON,federal ON evidence trial,False,False,0.04005028964623209,0.09018295855786707,True,0.38076376320080757,1.0
ON18,no_synthetic_priority,Bundoora,3,GRN,ALP+LNP+ON,federal ON evidence trial,False,False,0.13918887905196042,0.012302505808367142,True,0.11824835839628506,1.0
ON18,no_synthetic_priority,Bundoora,4,ON,ALP+LNP,federal ON evidence trial,False,False,0.16795024131524094,0.1442858347380646,True,0.0,0.7
ON18,no_synthetic_priority,Carrum,1,IND,ALP+GRN+LNP+ON+OTH,ideology prior,False,False,0.009023899723575937,0.023498935285054076,True,0.36790722195691455,1.0
ON18,no_synthetic_priority,Carrum,2,OTH,ALP+GRN+LNP+ON,federal ON evidence trial,False,False,0.035970292349693636,0.03958715348071781,True,0.4389266090735361,1.0
ON18,no_synthetic_priority,Carrum,3,GRN,ALP+LNP+ON,federal ON evidence trial,False,False,0.08277960581056686,0.14910433102892218,True,0.17843523305202372,1.0
ON18,no_synthetic_priority,Carrum,4,ON,ALP+LNP,federal ON evidence trial,False,False,0.24665473509425218,0.062146240744926196,True,0.0,0.73
ON18,no_synthetic_priority,Caulfield,1,OTH,ALP+GRN+IND+LNP+ON,federal ON evidence trial,False,False,0.0007303589387811091,0.040138565399698026,True,0.2382375140659608,1.0
ON18,no_synthetic_priority,Caulfield,2,IND,ALP+GRN+LNP+ON,ideology prior,False,False,0.041013965203416755,0.07081209947178814,True,0.07669322834324387,1.0
ON18,no_synthetic_priority,Caulfield,3,ON,ALP+GRN+LNP,federal ON evidence trial,False,False,0.11497155807381239,0.07405517778944527,True,0.0,0.7000000000000001
ON18,no_synthetic_priority,Caulfield,4,GRN,ALP+LNP,posterior scenario,False,False,0.2132304083842806,0.039457176360955026,False,0.0,0.95
ON18,no_synthetic_priority,Clarinda,1,OTH,ALP+GRN+IND+LNP+ON,federal ON evidence trial,False,False,0.011829900973460938,0.07251129267594576,True,0.37778140185626,1.0
ON18,no_synthetic_priority,Clarinda,2,GRN,ALP+IND+LNP+ON,federal ON evidence trial,False,False,0.08596065599291634,0.001677492112224968,True,0.09391800275789115,1.0
ON18,no_synthetic_priority,Clarinda,3,IND,ALP+LNP+ON,ideology prior,False,False,0.10613953123131453,0.07851558942270842,True,0.24911808812123226,1.0
ON18,no_synthetic_priority,Clarinda,4,ON,ALP+LNP,federal ON evidence trial,False,False,0.21109639774845185,0.09746811988055482,True,0.0,0.7
ON18,no_synthetic_priority,Cranbourne,1,IND,ALP+GRN+LNP+ON+OTH,ideology prior,False,False,0.0008838772416822993,0.05509422711099129,True,0.26176270734597157,1.0
ON18,no_synthetic_priority,Cranbourne,2,GRN,ALP+LNP+ON+OTH,ideology prior,False,False,0.056099298767247445,0.05079729030205125,True,0.0883275738131512,1.0
ON18,no_synthetic_priority,Cranbourne,3,OTH,ALP+LNP+ON,ideology prior,False,False,0.12047712569362268,0.1192563351467349,True,0.4969650502150527,1.0
ON18,no_synthetic_priority,Cranbourne,4,LNP,ALP+ON,ON special prior,True,True,0.2801054476030294,0.01950093405742459,True,0.6299999999999999,0.0
ON18,no_synthetic_priority,Croydon,1,IND,ALP+GRN+LNP+ON+OTH,ideology prior,False,False,1.0057908915721718e-12,0.04665509678111308,True,0.2409774881516588,0.0
ON18,no_synthetic_priority,Croydon,2,OTH,ALP+GRN+LNP+ON,federal ON evidence trial,False,False,0.046655096782240425,0.06493908147900743,True,0.41797499890153184,1.0
ON18,no_synthetic_priority,Croydon,3,GRN,ALP+LNP+ON,federal ON evidence trial,False,False,0.12132185357075088,0.04813682468444373,True,0.1298031176402466,1.0
ON18,no_synthetic_priority,Croydon,4,ON,ALP+LNP,federal ON evidence trial,False,False,0.18520663308657156,0.1710138402557627,True,0.0,0.7
ON18,no_synthetic_priority,Dandenong,1,IND,ALP+GRN+LNP+ON+OTH,ideology prior,False,False,1.0057533211241715e-12,0.06593164860672665,True,0.2688975710900474,1.0
ON18,no_synthetic_priority,Dandenong,2,OTH,ALP+GRN+LNP+ON,federal ON evidence trial,False,False,0.06593164860802704,0.018248486177770182,True,0.3900665721260626,1.0
ON18,no_synthetic_priority,Dandenong,3,GRN,ALP+LNP+ON,federal ON evidence trial,False,False,0.0979687151253328,0.10500866207168467,True,0.16232922178739856,0.7686
ON18,no_synthetic_priority,Dandenong,4,LNP,ALP+ON,ON special prior,True,True,0.21439913034795963,0.021404913434724088,True,0.63,0.0
ON18,no_synthetic_priority,Eildon,1,IND,ALP+GRN+LNP+ON+OTH,ideology prior,False,False,0.00702216588602499,0.021709661173508584,True,0.38916455244719433,1.0
ON18,no_synthetic_priority,Eildon,2,OTH,ALP+GRN+LNP+ON,federal ON evidence trial,False,False,0.030402229429954256,0.08414976454987386,True,0.487923942802852,1.0
ON18,no_synthetic_priority,Eildon,3,GRN,ALP+LNP+ON,federal ON evidence trial,False,False,0.11944600167188116,0.09634884868564417,True,0.11564936821812279,1.0
ON18,no_synthetic_priority,Eildon,4,ON,ALP+LNP,federal ON evidence trial,False,False,0.24568955918307045,0.053493632606276986,True,0.0,0.73
ON18,no_synthetic_priority,Eltham,1,IND,ALP+GRN+LNP+ON+OTH,ideology prior,False,False,1.00596313376115e-12,0.00035647889266163246,True,0.24097748815165881,0.0
ON18,no_synthetic_priority,Eltham,2,OTH,ALP+GRN+LNP+ON,federal ON evidence trial,False,False,0.00035647889378916933,0.1337946356300137,True,0.4179749988453943,1.0
ON18,no_synthetic_priority,Eltham,3,GRN,ALP+LNP+ON,federal ON evidence trial,False,False,0.13422794813152647,0.0227488211618459,True,0.09090448845748705,1.0
ON18,no_synthetic_priority,Eltham,4,ON,ALP+LNP,federal ON evidence trial,False,False,0.16917869225496687,0.1915602865202264,True,0.0,0.7
ON18,no_synthetic_priority,Essendon,1,IND,ALP+GRN+LNP+ON+OTH,ideology prior,False,False,0.0065962249362261915,0.048375227478196586,True,0.2409774881516588,0.0
ON18,no_synthetic_priority,Essendon,2,OTH,ALP+GRN+LNP+ON,federal ON evidence trial,False,False,0.05576862651808993,0.1104404153131214,True,0.37892461747465306,1.0
ON18,no_synthetic_priority,Essendon,3,GRN,ALP+LNP+ON,federal ON evidence trial,False,False,0.18153717313783885,0.02349911043078362,True,0.13129422129783905,1.0
ON18,no_synthetic_priority,Essendon,4,ON,ALP+LNP,federal ON evidence trial,False,False,0.228871065352366,0.08197128083556426,True,0.0,0.7
ON18,no_synthetic_priority,Eureka,1,IND,ALP+GRN+LNP+ON+OTH,ideology prior,False,False,0.02070603602805132,0.04474352365402849,True,0.3906878147551099,1.0
ON18,no_synthetic_priority,Eureka,2,OTH,ALP+GRN+LNP+ON,federal ON evidence trial,False,False,0.07003249735637024,0.035668420266090545,True,0.4871194035682014,1.0
ON18,no_synthetic_priority,Eureka,3,GRN,ALP+LNP+ON,federal ON evidence trial,False,False,0.11664737300950254,0.15998587813572193,True,0.1476210875515209,1.0
ON18,no_synthetic_priority,Eureka,4,LNP,ALP+ON,ON special prior,True,True,0.2995896698666113,0.003166649197929805,True,0.79,0.0
ON18,no_synthetic_priority,Euroa,1,IND,ALP+GRN+LNP+ON+OTH,ideology prior,False,False,9.865163633022265e-10,0.03262339817243877,True,0.31139634146341466,0.0
ON18,no_synthetic_priority,Euroa,2,OTH,ALP+GRN+LNP+ON,federal ON evidence trial,False,False,0.032623399281668145,0.02132783466011766,True,0.44259794539183994,1.0
ON18,no_synthetic_priority,Euroa,3,GRN,ALP+LNP+ON,federal ON evidence trial,False,False,0.05936453676648864,0.1589161851810865,True,0.14679952153375483,0.87
ON18,no_synthetic_priority,Euroa,4,ALP,LNP+ON,ON special prior,True,True,0.2583651524105259,0.008027871524048436,True,0.36000000000000004,0.0
ON18,no_synthetic_priority,Evelyn,1,IND,ALP+GRN+LNP+ON+OTH,ideology prior,False,False,0.004237016084503682,0.010453862794395252,True,0.36022239738128875,1.0
ON18,no_synthetic_priority,Evelyn,2,OTH,ALP+GRN+LNP+ON,federal ON evidence trial,False,False,0.015867105838391318,0.08460907417165915,True,0.445958312696294,1.0
ON18,no_synthetic_priority,Evelyn,3,GRN,ALP+LNP+ON,federal ON evidence trial,False,False,0.10337486208031349,0.08252911213047975,True,0.14906673549954233,1.0
ON18,no_synthetic_priority,Evelyn,4,ON,ALP+LNP,federal ON evidence trial,False,False,0.20131372743382098,0.11602272566473582,True,0.0,0.73
ON18,no_synthetic_priority,Footscray,1,IND,ALP+GRN+LNP+ON+OTH,ideology prior,False,False,1.0051587995789873e-12,0.08597113726474094,True,0.09438144329896908,0.0
ON18,no_synthetic_priority,Footscray,2,OTH,ALP+GRN+LNP+ON,federal ON evidence trial,False,False,0.08597113726587821,0.06326150234696543,True,0.27279748033953166,1.0
ON18,no_synthetic_priority,Footscray,3,ON,ALP+GRN+LNP,federal ON evidence trial,False,False,0.17268534924089923,0.0022534274292694556,True,0.0,0.7000000000000001
ON18,no_synthetic_priority,Footscray,4,LNP,ALP+GRN,posterior scenario,False,False,0.26485444180676754,0.03875360454734633,False,0.0,0.8
ON18,no_synthetic_priority,Frankston,1,IND,ALP+GRN+LNP+ON+OTH,ideology prior,False,False,0.015350037737564406,0.051913785424748574,True,0.26552079383886257,1.0
ON18,no_synthetic_priority,Frankston,2,OTH,ALP+GRN+LNP+ON,federal ON evidence trial,False,False,0.07317416968322742,0.0476666850017118,True,0.37892296224734534,1.0
ON18,no_synthetic_priority,Frankston,3,GRN,ALP+LNP+ON,federal ON evidence trial,False,False,0.13629096210175262,0.09747635097264876,True,0.14222922211783942,1.0
ON18,no_synthetic_priority,Frankston,4,ON,ALP+LNP,federal ON evidence trial,False,False,0.2531518705958256,0.058526436526640135,True,0.0,0.7
ON18,no_synthetic_priority,Geelong,1,OTH,ALP+GRN+IND+LNP+ON,federal ON evidence trial,False,False,0.012354157941332126,0.05395329430228914,True,0.3890402385558631,1.0
ON18,no_synthetic_priority,Geelong,2,IND,ALP+GRN+LNP+ON,ideology prior,False,False,0.06840267307974154,0.06988558058020175,True,0.34683083375342727,0.6687
ON18,no_synthetic_priority,Geelong,3,GRN,ALP+LNP+ON,federal ON evidence trial,False,False,0.15284162015576666,0.08248329940780749,True,0.1612352342885763,1.0
ON18,no_synthetic_priority,Geelong,4,LNP,ALP+ON,ON special prior,True,True,0.26233746945838987,0.028704737309344586,True,0.69,0.0
ON18,no_synthetic_priority,Gippsland East,1,IND,ALP+GRN+LNP+ON+OTH,ideology prior,False,False,0.01002865184416847,0.038124953202811944,True,0.31139634146341466,0.0
ON18,no_synthetic_priority,Gippsland East,2,OTH,ALP+GRN+LNP+ON,federal ON evidence trial,False,False,0.049401071495889175,0.015568724492789655,True,0.4395739775863469,1.0
ON18,no_synthetic_priority,Gippsland East,3,GRN,ALP+LNP+ON,federal ON evidence trial,False,False,0.0731524765136437,0.019790035478556664,True,0.16175576770682334,0.8948
ON18,no_synthetic_priority,Gippsland East,4,ALP,LNP+ON,ON special prior,True,True,0.14145012343728805,0.1659620256807777,True,0.36,0.0
ON18,no_synthetic_priority,Gippsland South,1,OTH,ALP+GRN+IND+LNP+ON,federal ON evidence trial,False,False,0.012540422289169321,0.02272617337585204,True,0.5190865224408796,1.0
ON18,no_synthetic_priority,Gippsland South,2,IND,ALP+GRN+LNP+ON,ideology prior,False,False,0.03734785151495918,0.0489548830947359,True,0.3979691178715853,1.0
ON18,no_synthetic_priority,Gippsland South,3,GRN,ALP+LNP+ON,federal ON evidence trial,False,False,0.08947046351167624,0.058416183139998315,True,0.10704028059442788,1.0
ON18,no_synthetic_priority,Gippsland South,4,ALP,LNP+ON,ON special prior,True,True,0.20922709418385185,0.07721200371343592,True,0.36,0.0
ON18,no_synthetic_priority,Glen Waverley,1,IND,ALP+GRN+LNP+ON+OTH,ideology prior,False,False,9.911776980164595e-10,0.022321595245306233,True,0.2409774881516588,0.0
ON18,no_synthetic_priority,Glen Waverley,2,OTH,ALP+GRN+LNP+ON,federal ON evidence trial,False,False,0.02232159635627081,0.08043994206805996,True,0.3807488795051519,1.0
ON18,no_synthetic_priority,Glen Waverley,3,GRN,ALP+LNP+ON,federal ON evidence trial,False,False,0.10803259465202222,0.004670415012434287,True,0.11162522052835246,1.0
ON18,no_synthetic_priority,Glen Waverley,4,ON,ALP+LNP,federal ON evidence trial,False,False,0.1247621718667386,0.3014429445833327,True,0.0,0.7
ON18,no_synthetic_priority,Greenvale,1,IND,ALP+GRN+LNP+ON+OTH,ideology prior,False,False,0.048564450181931916,0.020404917605386354,True,0.2626608412322275,1.0
ON18,no_synthetic_priority,Greenvale,2,GRN,ALP+LNP+ON+OTH,ideology prior,False,False,0.07402462496196419,0.04968294790124689,True,0.10164099183991628,1.0
ON18,no_synthetic_priority,Greenvale,3,OTH,ALP+LNP+ON,ideology prior,False,False,0.14782257274311292,0.01434571241690838,True,0.4579989376198021,1.0
ON18,no_synthetic_priority,Greenvale,4,ON,ALP+LNP,federal ON evidence trial,False,False,0.22987086643259294,0.05368369451010771,True,0.0,0.7
ON18,no_synthetic_priority,Hastings,1,IND,ALP+GRN+LNP+ON+OTH,ideology prior,False,False,9.916872389720414e-10,0.040988542938246636,True,0.39360429878048786,1.0
ON18,no_synthetic_priority,Hastings,2,OTH,ALP+GRN+LNP+ON,federal ON evidence trial,False,False,0.04098854416560593,0.06009332480072472,True,0.49430341099252056,1.0
ON18,no_synthetic_priority,Hastings,3,GRN,ALP+LNP+ON,federal ON evidence trial,False,False,0.10775763644902643,0.13476251456035426,True,0.1270728103287059,1.0
ON18,no_synthetic_priority,Hastings,4,ON,ALP+LNP,federal ON evidence trial,False,False,0.25621321670733743,0.10662911691899751,True,0.0,0.73
ON18,no_synthetic_priority,Hawthorn,1,OTH,ALP+GRN+IND+LNP+ON,federal ON evidence trial,False,False,0.0032905136649697343,0.07067146057761883,True,0.23823751406596083,1.0
ON18,no_synthetic_priority,Hawthorn,2,ON,ALP+GRN+IND+LNP,federal ON evidence trial,False,False,0.07474589803813103,0.0684479573492574,True,0.0,0.8
ON18,no_synthetic_priority,Hawthorn,3,GRN,ALP+IND+LNP,posterior scenario,False,False,0.15350592358199128,0.015019246124845925,False,0.0,0.95000499950005
ON18,no_synthetic_priority,Hawthorn,4,IND,ALP+LNP,posterior scenario,False,False,0.23649024743489205,0.02593523356135652,False,0.0,0.85
ON18,no_synthetic_priority,Ivanhoe,1,OTH,ALP+GRN+IND+LNP+ON,federal ON evidence trial,False,False,0.001900565198176645,0.00033437790524227314,True,0.3499180153342636,1.0
ON18,no_synthetic_priority,Ivanhoe,2,IND,ALP+GRN+LNP+ON,ideology prior,False,False,0.002551554446737898,0.13454926753012939,True,0.27690244700390376,0.7434743474347435
ON18,no_synthetic_priority,Ivanhoe,3,ON,ALP+GRN+LNP,federal ON evidence trial,False,False,0.13780735364683272,0.057150462140317354,True,0.0,0.75
ON18,no_synthetic_priority,Ivanhoe,4,GRN,ALP+LNP,posterior scenario,False,False,0.21804748086875086,0.16425877697529045,False,0.0,0.95
ON18,no_synthetic_priority,Kalkallo,1,IND,ALP+GRN+LNP+ON+OTH,ideology prior,False,False,0.00646711274376144,0.05584570130517281,True,0.3560821702585907,1.0
ON18,no_synthetic_priority,Kalkallo,2,GRN,ALP+LNP+ON+OTH,ideology prior,False,False,0.0627964430501083,0.021803213328437307,True,0.142285016046768,1.0
ON18,no_synthetic_priority,Kalkallo,3,OTH,ALP+LNP+ON,ideology prior,False,False,0.09752003834752483,0.08024224299847248,True,0.5269058764881798,1.0
ON18,no_synthetic_priority,Kalkallo,4,ON,ALP+LNP,federal ON evidence trial,False,False,0.22914616262666077,0.02170658729853242,True,0.0,0.73
ON18,no_synthetic_priority,Kew,1,OTH,ALP+GRN+IND+LNP+ON,federal ON evidence trial,False,False,9.838783601466118e-10,0.07494697141730748,True,0.23823751406596083,1.0
ON18,no_synthetic_priority,Kew,2,ON,ALP+GRN+IND+LNP,federal ON evidence trial,False,False,0.07494697263558257,0.03492103299964623,True,0.0,0.8
ON18,no_synthetic_priority,Kew,3,GRN,ALP+IND+LNP,posterior scenario,False,False,0.12009823627602419,0.056894797374570386,False,0.0,0.9500000000000001
ON18,no_synthetic_priority,Kew,4,IND,ALP+LNP,posterior scenario,False,False,0.22508299448780317,0.01678849514447331,False,0.0,0.85
ON18,no_synthetic_priority,Kororoit,1,IND,ALP+GRN+LNP+ON+OTH,ideology prior,False,False,0.00607160915408721,0.06972201169738629,True,0.2621441071832302,1.0
ON18,no_synthetic_priority,Kororoit,2,GRN,ALP+LNP+ON+OTH,ideology prior,False,False,0.07639245629418139,0.05769861422139662,True,0.08943866293353378,1.0
ON18,no_synthetic_priority,Kororoit,3,OTH,ALP+LNP+ON,ideology prior,False,False,0.15754958357923005,0.0290791242169873,True,0.47483051913694496,1.0
ON18,no_synthetic_priority,Kororoit,4,LNP,ALP+ON,ON special prior,True,True,0.2415129040899711,0.019925154266981576,True,0.6300000000000001,0.0
ON18,no_synthetic_priority,Lara,1,IND,ALP+GRN+LNP+ON+OTH,ideology prior,False,False,0.00744779657452358,0.058221811108555434,True,0.3365731594553099,1.0
ON18,no_synthetic_priority,Lara,2,OTH,ALP+GRN+LNP+ON,federal ON evidence trial,False,False,0.06706973724175659,0.03464617503725646,True,0.4530624205474718,1.0
ON18,no_synthetic_priority,Lara,3,GRN,ALP+LNP+ON,federal ON evidence trial,False,False,0.11411516586705168,0.0655843399198409,True,0.19234362310192732,1.0
ON18,no_synthetic_priority,Lara,4,LNP,ALP+ON,ON special prior,True,True,0.2067929796999175,0.1235184941394788,True,0.76,0.0
ON18,no_synthetic_priority,Laverton,1,IND,ALP+GRN+LNP+ON+OTH,ideology prior,False,False,0.011451001690977103,0.09671469249042845,True,0.2663853192191257,1.0
ON18,no_synthetic_priority,Laverton,2,GRN,ALP+LNP+ON+OTH,ideology prior,False,False,0.10938020415070894,0.007571746617281938,True,0.09254084851716568,1.0
ON18,no_synthetic_priority,Laverton,3,OTH,ALP+LNP+ON,ideology prior,False,False,0.1255489802937816,0.06256643865526365,True,0.5270049851658796,0.7149
ON18,no_synthetic_priority,Laverton,4,LNP,ALP+ON,ON special prior,True,True,0.22976037589536155,0.024519981550999354,True,0.5600000000000002,0.0
ON18,no_synthetic_priority,Lowan,1,IND,ALP+GRN+LNP+ON+OTH,ideology prior,False,False,0.028955384444780925,0.0035376073127974285,True,0.34287014634146346,1.0
ON18,no_synthetic_priority,Lowan,2,OTH,ALP+GRN+LNP+ON,federal ON evidence trial,False,False,0.03501422889094098,0.027721188928785015,True,0.5075379616418844,0.8765123487651234
ON18,no_synthetic_priority,Lowan,3,GRN,ALP+LNP+ON,federal ON evidence trial,False,False,0.06732881034923133,0.04791450160204057,True,0.14438845859440858,0.8507
ON18,no_synthetic_priority,Lowan,4,ALP,LNP+ON,ON special prior,True,True,0.1603225970050818,0.11328302646307184,True,0.35999999999999993,0.0
ON18,no_synthetic_priority,Macedon,1,OTH,ALP+GRN+IND+LNP+ON,federal ON evidence trial,False,False,0.02069641854296339,0.016530251308776632,True,0.43302774148806866,1.0
ON18,no_synthetic_priority,Macedon,2,IND,ALP+GRN+LNP+ON,ideology prior,False,False,0.040731780483475886,0.08904284712236984,True,0.40538927391910395,0.8798
ON18,no_synthetic_priority,Macedon,3,GRN,ALP+LNP+ON,federal ON evidence trial,False,False,0.13473657705314054,0.09805294417853086,True,0.11159737611148568,1.0
ON18,no_synthetic_priority,Macedon,4,ON,ALP+LNP,federal ON evidence trial,False,False,0.24782576969704492,0.06539394912905513,True,0.0,0.73
ON18,no_synthetic_priority,Malvern,1,IND,ALP+GRN+LNP+ON+OTH,ideology prior,False,False,0.00103310329018849,0.007418516353255607,True,0.10355821520618556,1.0
ON18,no_synthetic_priority,Malvern,2,OTH,ALP+GRN+LNP+ON,federal ON evidence trial,False,False,0.00861898637041065,0.07905769672974207,True,0.2697996155715715,1.0
ON18,no_synthetic_priority,Malvern,3,ON,ALP+GRN+LNP,federal ON evidence trial,False,False,0.09000208230950614,0.07750431128273098,True,0.0,0.7000000000000001
ON18,no_synthetic_priority,Malvern,4,GRN,ALP+LNP,posterior scenario,False,False,0.18635025686185255,0.026732868575080393,False,0.0,0.95
ON18,no_synthetic_priority,Melbourne,1,IND,ALP+GRN+LNP+ON+OTH,ideology prior,False,False,1.004521244571835e-12,0.06458131072158659,True,0.10689340970179494,1.0
ON18,no_synthetic_priority,Melbourne,2,OTH,ALP+GRN+LNP+ON,federal ON evidence trial,False,False,0.06458131072292439,0.061786113219765876,True,0.27280962072914894,1.0
ON18,no_synthetic_priority,Melbourne,3,ON,ALP+GRN+LNP,federal ON evidence trial,False,False,0.14398582682720257,0.03644082913759636,True,0.0,0.7000000000000001
ON18,no_synthetic_priority,Melbourne,4,LNP,ALP+GRN,posterior scenario,False,False,0.2560271424525006,0.029431237028300472,False,0.0,0.8
ON18,no_synthetic_priority,Melton,1,GRN,ALP+IND+LNP+ON+OTH,ideology prior,False,False,0.05014604502347403,0.036767047588482454,True,0.1372093023255814,1.0
ON18,no_synthetic_priority,Melton,2,OTH,ALP+IND+LNP+ON,ideology prior,False,False,0.09159533379263668,0.10008108124574719,True,0.5493883047514914,0.9478
ON18,no_synthetic_priority,Melton,3,LNP,ALP+IND+ON,ideology prior,False,False,0.20297713366299527,0.027014912436589905,True,0.5154761643574752,0.0
ON18,no_synthetic_priority,Melton,4,IND,ALP+ON,ON special prior,True,True,0.2880923839340773,0.030208109542450956,True,0.45,0.5117
ON18,no_synthetic_priority,Mildura,1,OTH,ALP+GRN+IND+LNP+ON,federal ON evidence trial,False,False,9.861016526202762e-10,0.028621394991254198,True,0.4330277414880686,1.0
ON18,no_synthetic_priority,Mildura,2,GRN,ALP+IND+LNP+ON,federal ON evidence trial,False,False,0.028621396054020778,0.015481775723269513,True,0.09364786456690093,0.8020197980201981
ON18,no_synthetic_priority,Mildura,3,ALP,IND+LNP+ON,ideology prior,False,False,0.0575708773405432,0.18538334026632378,True,0.32243565738207797,1.0
ON18,no_synthetic_priority,Mildura,4,ON,IND+LNP,ideology prior,False,False,0.261517121288228,0.07416696334677275,True,0.0,0.68
ON18,no_synthetic_priority,Mill Park,1,IND,ALP+GRN+LNP+ON+OTH,ideology prior,False,False,1.0227393704588299e-09,0.07343806397933107,True,0.2409774881516588,0.0
ON18,no_synthetic_priority,Mill Park,2,GRN,ALP+LNP+ON+OTH,ideology prior,False,False,0.07343806520763015,0.01612579552315073,True,0.08787393219807767,1.0
ON18,no_synthetic_priority,Mill Park,3,OTH,ALP+LNP+ON,ideology prior,False,False,0.10249339316276664,0.11942560701878764,True,0.49268016787966806,1.0
ON18,no_synthetic_priority,Mill Park,4,LNP,ALP+ON,ON special prior,True,True,0.24539101696042057,0.027480210813353584,True,0.6300000000000001,0.0
ON18,no_synthetic_priority,Monbulk,1,OTH,ALP+GRN+IND+LNP+ON,federal ON evidence trial,False,False,0.02127845234047279,0.05213426815454211,True,0.47052341026197514,1.0
ON18,no_synthetic_priority,Monbulk,2,IND,ALP+GRN+LNP+ON,ideology prior,False,False,0.07781384135703825,0.07944931661503393,True,0.34332174134920834,1.0
ON18,no_synthetic_priority,Monbulk,3,GRN,ALP+LNP+ON,federal ON evidence trial,False,False,0.17545550795510845,0.03826787557300804,True,0.16770077851694856,1.0
ON18,no_synthetic_priority,Monbulk,4,ON,ALP+LNP,federal ON evidence trial,False,False,0.2431474088072748,0.10664733389167785,True,0.0,0.73
ON18,no_synthetic_priority,Mordialloc,1,OTH,ALP+GRN+IND+LNP+ON,federal ON evidence trial,False,False,0.012216703076543448,0.042929729966722494,True,0.3777999879794111,1.0
ON18,no_synthetic_priority,Mordialloc,2,IND,ALP+GRN+LNP+ON,ideology prior,False,False,0.0578304812115869,0.04717840532475807,True,0.2523963666849152,1.0
ON18,no_synthetic_priority,Mordialloc,3,GRN,ALP+LNP+ON,federal ON evidence trial,False,False,0.11561399076545972,0.07421893141524791,True,0.11700484079546615,1.0
ON18,no_synthetic_priority,Mordialloc,4,ON,ALP+LNP,federal ON evidence trial,False,False,0.20336031876394875,0.13419175479554465,True,0.0,0.7
ON18,no_synthetic_priority,Mornington,1,OTH,ALP+GRN+IND+LNP+ON,federal ON evidence trial,False,False,9.850185706464733e-10,0.07768532278902275,True,0.4705234102619752,1.0
ON18,no_synthetic_priority,Mornington,2,GRN,ALP+IND+LNP+ON,federal ON evidence trial,False,False,0.0776853238532224,0.07509860774505576,True,0.13182357628535815,1.0
ON18,no_synthetic_priority,Mornington,3,ON,ALP+IND+LNP,federal ON evidence trial,False,False,0.16324415763454922,0.019634059740692072,True,0.0,0.79
ON18,no_synthetic_priority,Mornington,4,ALP,IND+LNP,posterior scenario,False,False,0.2102713459001263,0.01887267936686135,False,0.0,0.7999999999999999
ON18,no_synthetic_priority,Morwell,1,GRN,ALP+IND+LNP+ON+OTH,ideology prior,False,False,0.04129402135142193,0.028465247081953332,True,0.1372093023255814,1.0
ON18,no_synthetic_priority,Morwell,2,OTH,ALP+IND+LNP+ON,ideology prior,False,False,0.07334128470409164,0.04274584013740884,True,0.4607394488236668,1.0
ON18,no_synthetic_priority,Morwell,3,IND,ALP+LNP+ON,ideology prior,False,False,0.12844902203613334,0.1101634413175398,True,0.39293748349055,0.6859
ON18,no_synthetic_priority,Morwell,4,ALP,LNP+ON,ON special prior,True,True,0.27727074754170894,0.051036423251484386,True,0.25,0.0
ON18,no_synthetic_priority,Mulgrave,1,OTH,ALP+GRN+IND+LNP+ON,federal ON evidence trial,False,False,0.0039031381241318463,0.05591267882437046,True,0.3777999879794111,1.0
ON18,no_synthetic_priority,Mulgrave,2,GRN,ALP+IND+LNP+ON,federal ON evidence trial,False,False,0.060284504166974964,0.0901596122048771,True,0.08962136984371533,1.0
ON18,no_synthetic_priority,Mulgrave,3,IND,ALP+LNP+ON,ideology prior,False,False,0.16312851860747002,0.011809238006452477,True,0.3028885376016904,0.0
ON18,no_synthetic_priority,Mulgrave,4,ON,ALP+LNP,federal ON evidence trial,False,False,0.2243475150560692,0.0075665026745529995,True,0.0,0.7
ON18,no_synthetic_priority,Murray Plains,1,IND,ALP+GRN+LNP+ON+OTH,ideology prior,False,False,0.006939160639230208,0.03584292818459841,True,0.3906246036585366,1.0
ON18,no_synthetic_priority,Murray Plains,2,GRN,ALP+LNP+ON+OTH,ideology prior,False,False,0.043323245613072256,0.027227826361395036,True,0.09282116419420831,1.0
ON18,no_synthetic_priority,Murray Plains,3,OTH,ALP+LNP+ON,ideology prior,False,False,0.07908695999520328,0.033536726705772416,True,0.57827159340493,1.0
ON18,no_synthetic_priority,Murray Plains,4,ALP,LNP+ON,ON special prior,True,True,0.12664811905889525,0.18597250776354549,True,0.36,0.0
ON18,no_synthetic_priority,Narracan,1,OTH,ALP+GRN+IND+LNP+ON,federal ON evidence trial,False,False,9.862768599929738e-10,0.04607807279295457,True,0.3756552208528613,0.0
ON18,no_synthetic_priority,Narracan,2,IND,ALP+GRN+LNP+ON,ideology prior,False,False,0.046078073983989075,0.09604659276705638,True,0.322845409274235,0.0
ON18,no_synthetic_priority,Narracan,3,GRN,ALP+LNP+ON,federal ON evidence trial,False,False,0.14923148247271978,0.04583807240974108,True,0.0835795097608066,0.0
ON18,no_synthetic_priority,Narracan,4,ON,ALP+LNP,federal ON evidence trial,False,False,0.24251797616976345,0.07413817231101028,True,0.0,0.73
ON18,no_synthetic_priority,Narre Warren North,1,IND,ALP+GRN+LNP+ON+OTH,ideology prior,False,False,0.003157678262874315,0.06553293241211229,True,0.2636879363011566,1.0
ON18,no_synthetic_priority,Narre Warren North,2,GRN,ALP+LNP+ON+OTH,ideology prior,False,False,0.06904984082535534,0.010683549246586363,True,0.08894274794348839,1.0
ON18,no_synthetic_priority,Narre Warren North,3,OTH,ALP+LNP+ON,ideology prior,False,False,0.0924286751286433,0.1450261506327994,True,0.48472315191146126,1.0
ON18,no_synthetic_priority,Narre Warren North,4,LNP,ALP+ON,ON special prior,True,True,0.2762586942773415,0.005998450219457663,True,0.6299999999999999,0.0
ON18,no_synthetic_priority,Narre Warren South,1,IND,ALP+GRN+LNP+ON+OTH,ideology prior,False,False,1.0055825852537906e-12,0.06817189415414485,True,0.2673705480737647,1.0
ON18,no_synthetic_priority,Narre Warren South,2,GRN,ALP+LNP+ON+OTH,ideology prior,False,False,0.06817189415525701,0.006249328409698135,True,0.08787753775409943,1.0
ON18,no_synthetic_priority,Narre Warren South,3,OTH,ALP+LNP+ON,ideology prior,False,False,0.08893214362945277,0.13794177691202208,True,0.4760968884454038,1.0
ON18,no_synthetic_priority,Narre Warren South,4,ON,ALP+LNP,federal ON evidence trial,False,False,0.26921423740623707,0.01686926889565249,True,0.0,0.7
ON18,no_synthetic_priority,Nepean,1,OTH,ALP+GRN+IND+LNP+ON,federal ON evidence trial,False,False,0.001832950733654934,0.023932321195801822,True,0.39863495067087207,1.0
ON18,no_synthetic_priority,Nepean,2,IND,ALP+GRN+LNP+ON,ideology prior,False,False,0.026076133793694965,0.07102828212040646,True,0.347825383755749,0.6993
ON18,no_synthetic_priority,Nepean,3,GRN,ALP+LNP+ON,federal ON evidence trial,False,False,0.10144303033112582,0.09124841676571445,True,0.1458965354370985,1.0
ON18,no_synthetic_priority,Nepean,4,ON,ALP+LNP,federal ON evidence trial,False,False,0.20749163376639201,0.09844432746229509,True,0.0,0.73
ON18,no_synthetic_priority,Niddrie,1,IND,ALP+GRN+LNP+ON+OTH,ideology prior,False,False,1.0056152913558528e-12,0.05523550238387415,True,0.2409774881516588,0.0
ON18,no_synthetic_priority,Niddrie,2,OTH,ALP+GRN+LNP+ON,federal ON evidence trial,False,False,0.055235502385001294,0.02032102460790621,True,0.38076376320122596,1.0
ON18,no_synthetic_priority,Niddrie,3,GRN,ALP+LNP+ON,federal ON evidence trial,False,False,0.08733837717429664,0.15644819382696035,True,0.14893102638670408,1.0
ON18,no_synthetic_priority,Niddrie,4,ON,ALP+LNP,federal ON evidence trial,False,False,0.2567939651567741,0.0695657072609876,True,0.0,0.7
ON18,no_synthetic_priority,Northcote,1,IND,ALP+GRN+LNP+ON+OTH,ideology prior,False,False,1.0046183994462194e-12,0.08075085956849658,True,0.11187110541523167,1.0
ON18,no_synthetic_priority,Northcote,2,OTH,ALP+GRN+LNP+ON,federal ON evidence trial,False,False,0.08075085956986759,0.021008473942843567,True,0.27280962072921955,1.0
ON18,no_synthetic_priority,Northcote,3,LNP,ALP+GRN+ON,ideology prior,False,False,0.11360998421725509,0.06722614131696804,True,0.17930264719459563,1.0
ON18,no_synthetic_priority,Northcote,4,ON,ALP+GRN,ideology prior,False,False,0.20120669645211317,0.17513687889998694,True,0.0,0.16999999999999998
ON18,no_synthetic_priority,Oakleigh,1,OTH,ALP+GRN+IND+LNP+ON,federal ON evidence trial,False,False,1.003618511196818e-12,0.011022970058956971,True,0.3777999879794111,1.0
ON18,no_synthetic_priority,Oakleigh,2,IND,ALP+GRN+LNP+ON,ideology prior,False,False,0.011022970060163879,0.15039603219381611,True,0.24468537775597554,1.0
ON18,no_synthetic_priority,Oakleigh,3,GRN,ALP+LNP+ON,federal ON evidence trial,False,False,0.16359713218766805,0.007535797282945511,True,0.09274865085617714,1.0
ON18,no_synthetic_priority,Oakleigh,4,ON,ALP+LNP,federal ON evidence trial,False,False,0.18630634276495947,0.11771565481041504,True,0.0,0.7
ON18,no_synthetic_priority,Ovens Valley,1,IND,ALP+GRN+LNP+ON+OTH,ideology prior,False,False,0.03649042281407212,0.04648235572134735,True,0.31139634146341466,0.0
ON18,no_synthetic_priority,Ovens Valley,2,GRN,ALP+LNP+ON+OTH,ideology prior,False,False,0.08736164188912418,0.018058347977286546,True,0.0823673558678665,1.0
ON18,no_synthetic_priority,Ovens Valley,3,OTH,ALP+LNP+ON,ideology prior,False,False,0.11250931464875852,0.0710013768007369,True,0.6271488515653969,0.9241
ON18,no_synthetic_priority,Ovens Valley,4,ALP,LNP+ON,ON special prior,True,True,0.1952742679029522,0.10418875152082072,True,0.35999999999999993,0.0
ON18,no_synthetic_priority,Pakenham,1,IND,ALP+GRN+LNP+ON+OTH,ideology prior,False,False,0.05852224185196069,0.014071670958910203,True,0.30008968215158927,1.0
ON18,no_synthetic_priority,Pakenham,2,GRN,ALP+LNP+ON+OTH,ideology prior,False,False,0.07837978078663213,0.010535776367634933,True,0.14729839615397636,0.7081708170817081
ON18,no_synthetic_priority,Pakenham,3,OTH,ALP+LNP+ON,ideology prior,False,False,0.0948511034888606,0.16173066786565488,True,0.6054666740567872,0.7984
ON18,no_synthetic_priority,Pakenham,4,ON,ALP+LNP,federal ON evidence trial,False,False,0.314010953514532,0.011042527395837776,True,0.0,0.73
ON18,no_synthetic_priority,Pascoe Vale,1,OTH,ALP+GRN+IND+LNP+ON,federal ON evidence trial,False,False,0.060607043118825636,0.02005043606930499,True,0.3499180153342636,1.0
ON18,no_synthetic_priority,Pascoe Vale,2,IND,ALP+GRN+LNP+ON,ideology prior,False,False,0.09075388490725673,0.08786453040149429,True,0.274580456010845,0.6067
ON18,no_synthetic_priority,Pascoe Vale,3,LNP,ALP+GRN+ON,ideology prior,False,False,0.19575227174217402,0.007785386669167282,True,0.3738866289647869,1.0
ON18,no_synthetic_priority,Pascoe Vale,4,ON,ALP+GRN,ideology prior,False,False,0.2767268154052217,0.056734283704055255,True,0.0,0.16999999999999998
ON18,no_synthetic_priority,Point Cook,1,OTH,ALP+GRN+IND+LNP+ON,federal ON evidence trial,False,False,0.07316310942662589,0.0012095077568868434,True,0.36850599709769527,1.0
ON18,no_synthetic_priority,Point Cook,2,GRN,ALP+IND+LNP+ON,federal ON evidence trial,False,False,0.08706380268160975,0.03487990229845149,True,0.14797076875225962,1.0
ON18,no_synthetic_priority,Point Cook,3,IND,ALP+LNP+ON,ideology prior,False,False,0.13510526135323908,0.09843846924325539,True,0.3303507943731192,0.6815
ON18,no_synthetic_priority,Point Cook,4,LNP,ALP+ON,ON special prior,True,True,0.27379835387024515,0.01414567455890553,True,0.6299999999999999,0.0
ON18,no_synthetic_priority,Polwarth,1,IND,ALP+GRN+LNP+ON+OTH,ideology prior,False,False,0.023287325268422955,0.0074377937785822315,True,0.34116386211791905,1.0
ON18,no_synthetic_priority,Polwarth,2,OTH,ALP+GRN+LNP+ON,federal ON evidence trial,False,False,0.03275282029598738,0.12982247090504173,True,0.504815729739856,0.9267
ON18,no_synthetic_priority,Polwarth,3,GRN,ALP+LNP+ON,federal ON evidence trial,False,False,0.16851710264765482,0.010592327432131537,True,0.1139604388780532,1.0
ON18,no_synthetic_priority,Polwarth,4,ON,ALP+LNP,federal ON evidence trial,False,False,0.19831371305597104,0.14414606568060898,True,0.0,0.73
ON18,no_synthetic_priority,Prahran,1,IND,ALP+GRN+LNP+ON+OTH,ideology prior,False,False,1.0049350307403862e-09,0.03179361086460619,True,0.10227061572193294,1.0
ON18,no_synthetic_priority,Prahran,2,OTH,ALP+GRN+LNP+ON,federal ON evidence trial,False,False,0.031793612116333705,0.08573099826616297,True,0.2728096195319329,1.0
ON18,no_synthetic_priority,Prahran,3,ON,ALP+GRN+LNP,federal ON evidence trial,False,False,0.12619821360749953,0.067216701231922,True,0.0,0.7000000000000001
ON18,no_synthetic_priority,Prahran,4,ALP,GRN+LNP,posterior scenario,False,False,0.22218314474489223,0.1601171017943099,False,0.0,0.9
ON18,no_synthetic_priority,Preston,1,OTH,ALP+GRN+IND+LNP+ON,federal ON evidence trial,False,False,0.07723242678269002,0.036323275600288224,True,0.3499180153342636,1.0
ON18,no_synthetic_priority,Preston,2,IND,ALP+GRN+LNP+ON,ideology prior,False,False,0.12642169741167367,0.026322511285173184,True,0.23709843335554334,1.0
ON18,no_synthetic_priority,Preston,3,LNP,ALP+GRN+ON,ideology prior,False,False,0.17028091812691626,0.04650006134304807,True,0.37194681717746153,1.0
ON18,no_synthetic_priority,Preston,4,GRN,ALP+ON,ON special prior,True,True,0.2836672428136086,0.03636593061023369,True,0.09,0.0
ON18,no_synthetic_priority,Richmond,1,IND,ALP+GRN+LNP+ON+OTH,ideology prior,False,False,0.027778328488271536,0.03934166879762685,True,0.1154875607800045,1.0
ON18,no_synthetic_priority,Richmond,2,OTH,ALP+GRN+LNP+ON,federal ON evidence trial,False,False,0.07536384344102823,0.044183895399816306,True,0.2562383959104223,1.0
ON18,no_synthetic_priority,Richmond,3,ON,ALP+GRN+LNP,federal ON evidence trial,False,False,0.1388588491938178,0.009783760144093795,True,0.0,0.7000000000000001
ON18,no_synthetic_priority,Richmond,4,LNP,ALP+GRN,posterior scenario,False,False,0.2196740978381691,0.11441823136390306,False,0.0,0.8
ON18,no_synthetic_priority,Ringwood,1,IND,ALP+GRN+LNP+ON+OTH,ideology prior,False,False,1.0058267894107813e-12,0.0356701186344183,True,0.2409774881516588,0.0
ON18,no_synthetic_priority,Ringwood,2,OTH,ALP+GRN+LNP+ON,federal ON evidence trial,False,False,0.035670118635545686,0.07991306238750981,True,0.4179749989013988,1.0
ON18,no_synthetic_priority,Ringwood,3,ON,ALP+GRN+LNP,federal ON evidence trial,False,False,0.13049239882056046,0.04013418030790214,True,0.0,0.75
ON18,no_synthetic_priority,Ringwood,4,GRN,ALP+LNP,posterior scenario,False,False,0.195728530056484,0.15532585871197763,False,0.0,0.95
ON18,no_synthetic_priority,Ripon,1,IND,ALP+GRN+LNP+ON+OTH,ideology prior,False,False,0.009020183774530932,0.04973532167983885,True,0.39332871951219517,1.0
ON18,no_synthetic_priority,Ripon,2,GRN,ALP+LNP+ON+OTH,ideology prior,False,False,0.05894536244745947,0.04187493025900638,True,0.08986928188271737,1.0
ON18,no_synthetic_priority,Ripon,3,OTH,ALP+LNP+ON,ideology prior,False,False,0.10922538221576457,0.13994940453914279,True,0.5923019397921544,1.0
ON18,no_synthetic_priority,Ripon,4,ON,ALP+LNP,federal ON evidence trial,False,False,0.31386919251584416,0.015386631812613072,True,0.0,0.73
ON18,no_synthetic_priority,Rowville,1,OTH,ALP+GRN+IND+LNP+ON,federal ON evidence trial,False,False,0.0017132852923506618,0.08387927420587196,True,0.4242467097340514,1.0
ON18,no_synthetic_priority,Rowville,2,GRN,ALP+IND+LNP+ON,federal ON evidence trial,False,False,0.08580536778043171,0.009468098091067467,True,0.08775517141271541,1.0
ON18,no_synthetic_priority,Rowville,3,IND,ALP+LNP+ON,ideology prior,False,False,0.11390211808974518,0.02862582189937779,True,0.24317125309783716,1.0
ON18,no_synthetic_priority,Rowville,4,ON,ALP+LNP,federal ON evidence trial,False,False,0.17022566077550413,0.18042540726045594,True,0.0,0.7
ON18,no_synthetic_priority,Sandringham,1,OTH,ALP+GRN+IND+LNP+ON,federal ON evidence trial,False,False,0.022756305749817567,0.04571398920757077,True,0.3777814018562601,1.0
ON18,no_synthetic_priority,Sandringham,2,IND,ALP+GRN+LNP+ON,ideology prior,False,False,0.07223043140769464,0.048825307968180146,True,0.2421681583560202,1.0
ON18,no_synthetic_priority,Sandringham,3,ON,ALP+GRN+LNP,federal ON evidence trial,False,False,0.13854764992713703,0.02707811501974139,True,0.0,0.75
ON18,no_synthetic_priority,Sandringham,4,GRN,ALP+LNP,posterior scenario,False,False,0.19388034064721196,0.049525035095798614,False,0.0,0.95
ON18,no_synthetic_priority,Shepparton,1,OTH,ALP+GRN+IND+LNP+ON,federal ON evidence trial,False,False,0.013423311773879244,0.014339599102094076,True,0.3890498227253916,1.0
ON18,no_synthetic_priority,Shepparton,2,GRN,ALP+IND+LNP+ON,federal ON evidence trial,False,False,0.029129513074117243,0.005044422304907217,True,0.1539330306413496,0.9078092190780922
ON18,no_synthetic_priority,Shepparton,3,ALP,IND+LNP+ON,ideology prior,False,False,0.04522002335778999,0.20563760440257675,True,0.28336646123389064,1.0
ON18,no_synthetic_priority,Shepparton,4,ON,IND+LNP,ideology prior,False,False,0.26367146575617756,0.0798502420341306,True,0.0,0.6799999999999999
ON18,no_synthetic_priority,South Barwon,1,IND,ALP+GRN+LNP+ON+OTH,ideology prior,False,False,1.0056264520945287e-12,0.06062142723311428,True,0.27837820904645477,0.0
ON18,no_synthetic_priority,South Barwon,2,OTH,ALP+GRN+LNP+ON,federal ON evidence trial,False,False,0.0606214272342453,0.061870281222632904,True,0.43621721016496134,1.0
ON18,no_synthetic_priority,South Barwon,3,GRN,ALP+LNP+ON,federal ON evidence trial,False,False,0.13402665277400622,0.06194238104773367,True,0.1764374604898889,1.0
ON18,no_synthetic_priority,South Barwon,4,ON,ALP+LNP,federal ON evidence trial,False,False,0.21961635607514565,0.13772113570100933,True,0.0,0.72
ON18,no_synthetic_priority,South-West Coast,1,OTH,ALP+GRN+IND+LNP+ON,federal ON evidence trial,False,False,0.007304072632401333,0.056146619381245474,True,0.5179489886222381,1.0
ON18,no_synthetic_priority,South-West Coast,2,GRN,ALP+IND+LNP+ON,federal ON evidence trial,False,False,0.06374004563231889,0.07087753403080585,True,0.09098104309878972,1.0
ON18,no_synthetic_priority,South-West Coast,3,ON,ALP+IND+LNP,federal ON evidence trial,False,False,0.15766065382064048,0.006368936652051599,True,0.0,0.78
ON18,no_synthetic_priority,South-West Coast,4,ALP,IND+LNP,posterior scenario,False,False,0.18701594794696916,0.11660480826596722,False,0.0,0.0
ON18,no_synthetic_priority,St Albans,1,IND,ALP+GRN+LNP+ON+OTH,ideology prior,False,False,0.02048001088803998,0.06510825432539616,True,0.24708812883658035,1.0
ON18,no_synthetic_priority,St Albans,2,GRN,ALP+LNP+ON+OTH,ideology prior,False,False,0.09030508494822256,0.022495808109597906,True,0.1014815280194713,1.0
ON18,no_synthetic_priority,St Albans,3,OTH,ALP+LNP+ON,ideology prior,False,False,0.12012260943020496,0.0790918120210705,True,0.5061593659521969,0.8298000000000001
ON18,no_synthetic_priority,St Albans,4,ON,ALP+LNP,federal ON evidence trial,False,False,0.26001560527699136,0.009482675498853343,True,0.0,0.7
ON18,no_synthetic_priority,Sunbury,1,IND,ALP+GRN+LNP+ON+OTH,ideology prior,False,False,0.02589741563210355,0.021592095309802994,True,0.3562922982885086,1.0
ON18,no_synthetic_priority,Sunbury,2,OTH,ALP+GRN+LNP+ON,federal ON evidence trial,False,False,0.05202016566250289,0.02028763509961383,True,0.4472522590232575,1.0
ON18,no_synthetic_priority,Sunbury,3,GRN,ALP+LNP+ON,federal ON evidence trial,False,False,0.08174162511324667,0.1879659656703183,True,0.19752789829704628,1.0
ON18,no_synthetic_priority,Sunbury,4,ON,ALP+LNP,federal ON evidence trial,False,False,0.28585384219556964,0.026053229987460513,True,0.0,0.73
ON18,no_synthetic_priority,Sydenham,1,IND,ALP+GRN+LNP+ON+OTH,ideology prior,False,False,1.0215005713881763e-09,0.06617044950606105,True,0.2409774881516588,0.0
ON18,no_synthetic_priority,Sydenham,2,GRN,ALP+LNP+ON+OTH,ideology prior,False,False,0.06617045073287234,0.03423970370687662,True,0.08787393226036527,1.0
ON18,no_synthetic_priority,Sydenham,3,OTH,ALP+LNP+ON,ideology prior,False,False,0.1137971223537176,0.10298535347411457,True,0.49302538497897264,1.0
ON18,no_synthetic_priority,Sydenham,4,ON,ALP+LNP,federal ON evidence trial,False,False,0.272887345885773,0.016667714637614073,True,0.0,0.7
ON18,no_synthetic_priority,Tarneit,1,IND,ALP+GRN+LNP+ON+OTH,ideology prior,False,False,0.022796652289728533,0.049522220795615884,True,0.2636607470769511,1.0
ON18,no_synthetic_priority,Tarneit,2,OTH,ALP+GRN+LNP+ON,federal ON evidence trial,False,False,0.08000199598341093,0.0016894020820123756,True,0.4020281992564976,1.0
ON18,no_synthetic_priority,Tarneit,3,GRN,ALP+LNP+ON,federal ON evidence trial,False,False,0.09921044626615508,0.12986674851433697,True,0.18030071716592388,1.0
ON18,no_synthetic_priority,Tarneit,4,ON,ALP+LNP,federal ON evidence trial,False,False,0.24696490939263116,0.02607985658329165,True,0.0,0.7
ON18,no_synthetic_priority,Thomastown,1,IND,ALP+GRN+LNP+ON+OTH,ideology prior,False,False,0.01774729951625808,0.04996106618177904,True,0.2409774881516588,0.0
ON18,no_synthetic_priority,Thomastown,2,GRN,ALP+LNP+ON+OTH,ideology prior,False,False,0.07127538365235044,0.015164067060448067,True,0.09813922389758241,1.0
ON18,no_synthetic_priority,Thomastown,3,OTH,ALP+LNP+ON,ideology prior,False,False,0.10994200004971214,0.09078996732289965,True,0.4478736242983011,1.0
ON18,no_synthetic_priority,Thomastown,4,LNP,ALP+ON,ON special prior,True,True,0.21854809880645087,0.03917802700451156,True,0.6300000000000001,0.0
ON18,no_synthetic_priority,Warrandyte,1,IND,ALP+GRN+LNP+ON+OTH,ideology prior,False,False,8.484748494929286e-05,0.0025866682117083035,True,0.25006875,1.0
ON18,no_synthetic_priority,Warrandyte,2,OTH,ALP+GRN+LNP+ON,federal ON evidence trial,False,False,0.0026900807083792442,0.12020825547450709,True,0.41691558772192266,1.0
ON18,no_synthetic_priority,Warrandyte,3,GRN,ALP+LNP+ON,federal ON evidence trial,False,False,0.12347917513715595,0.0027806586747387008,True,0.09133418335397281,1.0
ON18,no_synthetic_priority,Warrandyte,4,ON,ALP+LNP,federal ON evidence trial,False,False,0.13753770343426897,0.20551475221407,True,0.0,0.7
ON18,no_synthetic_priority,Wendouree,1,IND,ALP+GRN+LNP+ON+OTH,ideology prior,False,False,1.0056324604273914e-12,0.0391772528929876,True,0.36242181022808884,1.0
ON18,no_synthetic_priority,Wendouree,2,OTH,ALP+GRN+LNP+ON,federal ON evidence trial,False,False,0.03917725289427572,0.06485496574538765,True,0.43623640523946233,1.0
ON18,no_synthetic_priority,Wendouree,3,GRN,ALP+LNP+ON,federal ON evidence trial,False,False,0.11135768773907413,0.11865839307209201,True,0.1664684340458583,1.0
ON18,no_synthetic_priority,Wendouree,4,ON,ALP+LNP,federal ON evidence trial,False,False,0.24855362070805748,0.05570051936460574,True,0.0,0.72
ON18,no_synthetic_priority,Werribee,1,OTH,ALP+GRN+IND+LNP+ON,federal ON evidence trial,False,False,0.0629801353533371,0.007112352290568863,True,0.4705234102619752,1.0
ON18,no_synthetic_priority,Werribee,2,GRN,ALP+IND+LNP+ON,federal ON evidence trial,False,False,0.07644702821148112,0.04086219398092143,True,0.15528611400339587,1.0
ON18,no_synthetic_priority,Werribee,3,IND,ALP+LNP+ON,ideology prior,False,False,0.12862319879037076,0.08578377995509465,True,0.3878787086810482,0.8337833783378338
ON18,no_synthetic_priority,Werribee,4,LNP,ALP+ON,ON special prior,True,True,0.26283559005204793,0.04285891993304697,True,0.76,0.0
ON18,no_synthetic_priority,Williamstown,1,IND,ALP+GRN+LNP+ON+OTH,ideology prior,False,False,0.02464934448949325,0.03334100094012242,True,0.09438144329896908,0.0
ON18,no_synthetic_priority,Williamstown,2,OTH,ALP+GRN+LNP+ON,federal ON evidence trial,False,False,0.061230336586739785,0.1014124385600666,True,0.2640198053246959,1.0
ON18,no_synthetic_priority,Williamstown,3,GRN,ALP+LNP+ON,federal ON evidence trial,False,False,0.1816964519812336,0.01976687478625025,True,0.06429581152210127,1.0
ON18,no_synthetic_priority,Williamstown,4,ON,ALP+LNP,federal ON evidence trial,False,False,0.21314564759830376,0.06119478872501202,True,0.0,0.65
ON18,no_synthetic_priority,Yan Yean,1,IND,ALP+GRN+LNP+ON+OTH,ideology prior,False,False,9.902956597926964e-10,0.06580160331199149,True,0.2717267726161369,0.0
ON18,no_synthetic_priority,Yan Yean,2,GRN,ALP+LNP+ON+OTH,ideology prior,False,False,0.0658016044575051,0.032909839023028103,True,0.14046121633382283,1.0
ON18,no_synthetic_priority,Yan Yean,3,OTH,ALP+LNP+ON,ideology prior,False,False,0.11123719962682191,0.0917370949260761,True,0.5409335761732522,1.0
ON18,no_synthetic_priority,Yan Yean,4,ON,ALP+LNP,federal ON evidence trial,False,False,0.26314623075053273,0.059175005455507135,True,0.0,0.73
ON18,simplified,Albert Park,1,OTH,ALP+GRN+IND+LNP+ON,federal ON evidence trial,False,False,0.023867829114284485,0.012141781393744139,True,0.3195576451206586,1.0
ON18,simplified,Albert Park,2,IND,ALP+GRN+LNP+ON,ideology prior,False,False,0.04033485688357286,0.09816607644180173,True,0.177925750286619,1.0
ON18,simplified,Albert Park,3,ON,ALP+GRN+LNP,federal ON evidence trial,False,False,0.14567754299908767,0.07789918953342001,True,0.0,0.7000000000000001
ON18,simplified,Albert Park,4,GRN,ALP+LNP,posterior scenario,False,False,0.25071623940268495,0.09885901771648126,False,0.0,0.9500000000000001
ON18,simplified,Ashwood,1,OTH,ALP+GRN+IND+LNP+ON,federal ON evidence trial,False,False,1.0039228796561272e-12,0.00911200098605379,True,0.33944678560753044,1.0
ON18,simplified,Ashwood,2,IND,ALP+GRN+LNP+ON,ideology prior,False,False,0.00911200098722172,0.09736796486142278,True,0.18837807019969594,0.7386
ON18,simplified,Ashwood,3,ON,ALP+GRN+LNP,federal ON evidence trial,False,False,0.10819646701027505,0.04912645150664591,True,0.0,0.75
ON18,simplified,Ashwood,4,GRN,ALP+LNP,posterior scenario,False,False,0.17469634838405626,0.17437734954715242,False,0.0,0.95
ON18,simplified,Bass,1,OTH,ALP+GRN+IND+LNP+ON,federal ON evidence trial,False,False,0.038670877966507276,0.0011749306161309425,True,0.3792370012590341,1.0
ON18,simplified,Bass,2,IND,ALP+GRN+LNP+ON,ideology prior,False,False,0.046163318205991365,0.040477157780951796,True,0.28041786125350515,0.8191
ON18,simplified,Bass,3,GRN,ALP+LNP+ON,federal ON evidence trial,False,False,0.0997915091811146,0.15509061292591833,True,0.144420461415846,1.0
ON18,simplified,Bass,4,ON,ALP+LNP,federal ON evidence trial,False,False,0.2692940579083531,0.06373873307939798,True,0.0,0.73
ON18,simplified,Bayswater,1,IND,ALP+GRN+LNP+ON+OTH,ideology prior,False,False,0.004179372170832924,0.04915145143109718,True,0.1499887511248875,1.0
ON18,simplified,Bayswater,2,OTH,ALP+GRN+LNP+ON,federal ON evidence trial,False,False,0.054261701337855184,0.03467952022681933,True,0.4070638158000615,1.0
ON18,simplified,Bayswater,3,GRN,ALP+LNP+ON,federal ON evidence trial,False,False,0.10012199004096729,0.07689878869069906,True,0.1139359002893744,1.0
ON18,simplified,Bayswater,4,ON,ALP+LNP,federal ON evidence trial,False,False,0.18842826780574773,0.20122160997447552,True,0.0,0.7
ON18,simplified,Bellarine,1,OTH,ALP+GRN+IND+LNP+ON,federal ON evidence trial,False,False,0.018269046865956356,0.006605610344700422,True,0.4438647731636078,1.0
ON18,simplified,Bellarine,2,IND,ALP+GRN+LNP+ON,ideology prior,False,False,0.02797183997400232,0.09360441264573223,True,0.2563810842787324,1.0
ON18,simplified,Bellarine,3,GRN,ALP+LNP+ON,federal ON evidence trial,False,False,0.12890387301058237,0.024094549065881904,True,0.11066149261155057,1.0
ON18,simplified,Bellarine,4,ON,ALP+LNP,federal ON evidence trial,False,False,0.1672631170672251,0.19829494577535742,True,0.0,0.73
ON18,simplified,Benambra,1,OTH,ALP+GRN+IND+LNP+ON,federal ON evidence trial,False,False,0.026514379362593325,0.01621193977156379,True,0.46872619877219757,1.0
ON18,simplified,Benambra,2,GRN,ALP+IND+LNP+ON,federal ON evidence trial,False,False,0.04562661486655529,0.008015980228000263,True,0.12001838966204152,1.0
ON18,simplified,Benambra,3,ALP,IND+LNP+ON,ideology prior,False,False,0.06571829972602973,0.17307418966376564,True,0.24492353136404765,1.0
ON18,simplified,Benambra,4,ON,IND+LNP,ideology prior,False,False,0.2548884474339355,0.10382159800212537,True,0.0,0.68
ON18,simplified,Bendigo East,1,OTH,ALP+GRN+IND+LNP+ON,federal ON evidence trial,False,False,0.005394767195506742,0.011836848042048119,True,0.35933592609440235,1.0
ON18,simplified,Bendigo East,2,IND,ALP+GRN+LNP+ON,ideology prior,False,False,0.018112937190029835,0.08135092587668064,True,0.22168539371213988,0.5729427057294271
ON18,simplified,Bendigo East,3,GRN,ALP+LNP+ON,federal ON evidence trial,False,False,0.10352439585202329,0.08034894320640658,True,0.09941393493850682,1.0
ON18,simplified,Bendigo East,4,ON,ALP+LNP,federal ON evidence trial,False,False,0.19416510661221115,0.1320959328422195,True,0.0,0.72
ON18,simplified,Bendigo West,1,IND,ALP+GRN+LNP+ON+OTH,ideology prior,False,False,0.01448859577308423,0.04779784596586423,True,0.22501875187518752,1.0
ON18,simplified,Bendigo West,2,OTH,ALP+GRN+LNP+ON,federal ON evidence trial,False,False,0.06719742582751574,0.062428349892506854,True,0.39703237780557404,1.0
ON18,simplified,Bendigo West,3,GRN,ALP+LNP+ON,federal ON evidence trial,False,False,0.14326835317512948,0.05573675109340237,True,0.1337692849175179,1.0
ON18,simplified,Bendigo West,4,ON,ALP+LNP,federal ON evidence trial,False,False,0.21817000942407933,0.06129263462556461,True,0.0,0.72
ON18,simplified,Bentleigh,1,OTH,ALP+GRN+IND+LNP+ON,federal ON evidence trial,False,False,0.0068563308455323446,0.0019395550758207012,True,0.3394547420593704,1.0
ON18,simplified,Bentleigh,2,IND,ALP+GRN+LNP+ON,ideology prior,False,False,0.009915977793460488,0.10136079229161021,True,0.21018492118625723,0.7199
ON18,simplified,Bentleigh,3,GRN,ALP+LNP+ON,federal ON evidence trial,False,False,0.11373232257844175,0.034624815373061904,True,0.06617993103255433,1.0
ON18,simplified,Bentleigh,4,ON,ALP+LNP,federal ON evidence trial,False,False,0.15588393521591715,0.21841988764579878,True,0.0,0.7
ON18,simplified,Berwick,1,IND,ALP+GRN+LNP+ON+OTH,ideology prior,False,False,1.005771988570459e-12,0.014905139737539954,True,0.15,0.0
ON18,simplified,Berwick,2,OTH,ALP+GRN+LNP+ON,federal ON evidence trial,False,False,0.014905139738696591,0.07934946877374636,True,0.43054929562983774,1.0
ON18,simplified,Berwick,3,GRN,ALP+LNP+ON,federal ON evidence trial,False,False,0.09728990754329327,0.11110099643790773,True,0.1055786711607855,1.0
ON18,simplified,Berwick,4,ON,ALP+LNP,federal ON evidence trial,False,False,0.21866264313697759,0.11056390869451987,True,0.0,0.73
ON18,simplified,Box Hill,1,IND,ALP+GRN+LNP+ON+OTH,ideology prior,False,False,0.0046658029599707706,0.0022149659302318596,True,0.15,1.0
ON18,simplified,Box Hill,2,OTH,ALP+GRN+LNP+ON,federal ON evidence trial,False,False,0.008661239299727477,0.09045886933049954,True,0.3331488376726002,1.0
ON18,simplified,Box Hill,3,ON,ALP+GRN+LNP,federal ON evidence trial,False,False,0.10200559043573548,0.056162015136557525,True,0.0,0.75
ON18,simplified,Box Hill,4,GRN,ALP+LNP,posterior scenario,False,False,0.17504647464488687,0.18757652182703133,False,0.0,0.9500000000000001
ON18,simplified,Brighton,1,OTH,ALP+GRN+IND+LNP+ON,federal ON evidence trial,False,False,0.01761374487994314,0.07254734963712692,True,0.3195576451206586,1.0
ON18,simplified,Brighton,2,IND,ALP+GRN+LNP+ON,ideology prior,False,False,0.09346597605810977,0.010419316849699017,True,0.16371264317714113,1.0
ON18,simplified,Brighton,3,ON,ALP+GRN+LNP,federal ON evidence trial,False,False,0.11918685489541334,0.06517224529940163,True,0.0,0.7000000000000001
ON18,simplified,Brighton,4,GRN,ALP+LNP,posterior scenario,False,False,0.2084867756055016,0.024086160821691016,False,0.0,0.95
ON18,simplified,Broadmeadows,1,IND,ALP+GRN+LNP+ON+OTH,ideology prior,False,False,0.06322008861923664,0.024421884904213806,True,0.15,1.0
ON18,simplified,Broadmeadows,2,GRN,ALP+LNP+ON+OTH,ideology prior,False,False,0.09351825089576958,0.02544611553408166,True,0.060402277040047206,1.0
ON18,simplified,Broadmeadows,3,OTH,ALP+LNP+ON,ideology prior,False,False,0.1287046608244815,0.06095788183960432,True,0.4554458451065347,0.7785
ON18,simplified,Broadmeadows,4,LNP,ALP+ON,ON special prior,True,True,0.24128548245466644,0.0069950632277752944,True,0.6299999999999999,0.0
ON18,simplified,Brunswick,1,IND,ALP+GRN+LNP+ON+OTH,ideology prior,False,False,0.009550922352704907,0.07379065145955072,True,0.15,1.0
ON18,simplified,Brunswick,2,OTH,ALP+GRN+LNP+ON,federal ON evidence trial,False,False,0.08536302652820563,0.012850768376565319,True,0.32892519010034543,1.0
ON18,simplified,Brunswick,3,LNP,ALP+GRN+ON,ideology prior,False,False,0.11165821045199432,0.034763573514024995,True,0.2837190468092138,1.0
ON18,simplified,Brunswick,4,ON,ALP+GRN,ideology prior,False,False,0.17810134500388175,0.09830482422326237,True,0.0,0.16999999999999998
ON18,simplified,Bulleen,1,IND,ALP+GRN+LNP+ON+OTH,ideology prior,False,False,0.00038456274864068256,0.0018638994474253078,True,0.1499887511248875,1.0
ON18,simplified,Bulleen,2,OTH,ALP+GRN+LNP+ON,federal ON evidence trial,False,False,0.0023856522938128025,0.10940274669915812,True,0.3611164660350301,1.0
ON18,simplified,Bulleen,3,ON,ALP+GRN+LNP,federal ON evidence trial,False,False,0.11264989731850096,0.007720096058397241,True,0.0,0.75
ON18,simplified,Bulleen,4,GRN,ALP+LNP,posterior scenario,False,False,0.13842023088672628,0.1404356478732186,False,0.0,0.95
ON18,simplified,Bundoora,1,IND,ALP+GRN+LNP+ON+OTH,ideology prior,False,False,1.005924258598563e-12,0.04005028964497543,True,0.15,1.0
ON18,simplified,Bundoora,2,OTH,ALP+GRN+LNP+ON,federal ON evidence trial,False,False,0.040050289646292564,0.09018295855780067,True,0.37166251513504056,1.0
ON18,simplified,Bundoora,3,GRN,ALP+LNP+ON,federal ON evidence trial,False,False,0.13911395814309782,0.012012919095965413,True,0.08506779615752784,1.0
ON18,simplified,Bundoora,4,ON,ALP+LNP,federal ON evidence trial,False,False,0.16296099507304715,0.15486419313554992,True,0.0,0.7
ON18,simplified,Carrum,1,IND,ALP+GRN+LNP+ON+OTH,ideology prior,False,False,0.009023899723575937,0.023498935285054076,True,0.22501875187518755,1.0
ON18,simplified,Carrum,2,OTH,ALP+GRN+LNP+ON,federal ON evidence trial,False,False,0.03666992339832125,0.039240547994698886,True,0.4018149335212911,1.0
ON18,simplified,Carrum,3,GRN,ALP+LNP+ON,federal ON evidence trial,False,False,0.08415273820204597,0.14538799179586287,True,0.1371587404174163,1.0
ON18,simplified,Carrum,4,ON,ALP+LNP,federal ON evidence trial,False,False,0.24108301357237805,0.06787546110009002,True,0.0,0.73
ON18,simplified,Caulfield,1,OTH,ALP+GRN+IND+LNP+ON,federal ON evidence trial,False,False,0.0007303589387811091,0.040138565399698026,True,0.3195576451206586,1.0
ON18,simplified,Caulfield,2,IND,ALP+GRN+LNP+ON,ideology prior,False,False,0.0409935785957714,0.07089187896405214,True,0.15721086445940372,1.0
ON18,simplified,Caulfield,3,ON,ALP+GRN+LNP,federal ON evidence trial,False,False,0.11833009348814927,0.06665259588467015,True,0.0,0.7000000000000001
ON18,simplified,Caulfield,4,GRN,ALP+LNP,posterior scenario,False,False,0.20609990609944523,0.04142449462132694,False,0.0,0.95
ON18,simplified,Clarinda,1,OTH,ALP+GRN+IND+LNP+ON,federal ON evidence trial,False,False,0.011829900973460938,0.07251129267594576,True,0.36926060918606657,1.0
ON18,simplified,Clarinda,2,GRN,ALP+IND+LNP+ON,federal ON evidence trial,False,False,0.08592630722319193,0.001736593704846065,True,0.06288258535630822,1.0
ON18,simplified,Clarinda,3,IND,ALP+LNP+ON,ideology prior,False,False,0.10573662161116658,0.07614771413105446,True,0.16401638122682882,1.0
ON18,simplified,Clarinda,4,ON,ALP+LNP,federal ON evidence trial,False,False,0.1992268737820351,0.12116146366838645,True,0.0,0.7
ON18,simplified,Cranbourne,1,IND,ALP+GRN+LNP+ON+OTH,ideology prior,False,False,0.0008838772416822993,0.05509422711099129,True,0.15000000000000002,1.0
ON18,simplified,Cranbourne,2,GRN,ALP+LNP+ON+OTH,ideology prior,False,False,0.0560944888884721,0.050856497274638174,True,0.051642126779804856,1.0
ON18,simplified,Cranbourne,3,OTH,ALP+LNP+ON,ideology prior,False,False,0.12107950880522986,0.11649689127573257,True,0.4490455529605017,1.0
ON18,simplified,Cranbourne,4,LNP,ALP+ON,ON special prior,True,True,0.2889380858706268,0.003008529193965992,True,0.6300000000000001,0.0
ON18,simplified,Croydon,1,IND,ALP+GRN+LNP+ON+OTH,ideology prior,False,False,1.0057908915721718e-12,0.04665509678111308,True,0.15,0.0
ON18,simplified,Croydon,2,OTH,ALP+GRN+LNP+ON,federal ON evidence trial,False,False,0.046655096782269735,0.06493908147897712,True,0.41092036879966126,1.0
ON18,simplified,Croydon,3,GRN,ALP+LNP+ON,federal ON evidence trial,False,False,0.12119581026717041,0.04793373353777905,True,0.09668646673282458,1.0
ON18,simplified,Croydon,4,ON,ALP+LNP,federal ON evidence trial,False,False,0.18084753848250396,0.17475466653200422,True,0.0,0.7
ON18,simplified,Dandenong,1,IND,ALP+GRN+LNP+ON+OTH,ideology prior,False,False,1.0057533211241715e-12,0.06593164860672665,True,0.15000000000000002,1.0
ON18,simplified,Dandenong,2,OTH,ALP+GRN+LNP+ON,federal ON evidence trial,False,False,0.0659316486080981,0.018248486177690912,True,0.3814769785513576,1.0
ON18,simplified,Dandenong,3,GRN,ALP+LNP+ON,federal ON evidence trial,False,False,0.09779288826032703,0.10653929953788754,True,0.12672575760495436,0.7686
ON18,simplified,Dandenong,4,LNP,ALP+ON,ON special prior,True,True,0.21884224159257556,0.012885168692122417,True,0.6299999999999999,0.0
ON18,simplified,Eildon,1,IND,ALP+GRN+LNP+ON+OTH,ideology prior,False,False,0.00702216588602499,0.021709661173508584,True,0.22498125187481252,1.0
ON18,simplified,Eildon,2,OTH,ALP+GRN+LNP+ON,federal ON evidence trial,False,False,0.030746135800334987,0.08436723360310805,True,0.4363213581575621,1.0
ON18,simplified,Eildon,3,GRN,ALP+LNP+ON,federal ON evidence trial,False,False,0.12139378822381902,0.09562140036165598,True,0.11784636269560875,1.0
ON18,simplified,Eildon,4,ON,ALP+LNP,federal ON evidence trial,False,False,0.2436098186542591,0.057605738138264834,True,0.0,0.73
ON18,simplified,Eltham,1,IND,ALP+GRN+LNP+ON+OTH,ideology prior,False,False,1.00596313376115e-12,0.00035647889266163246,True,0.15,0.0
ON18,simplified,Eltham,2,OTH,ALP+GRN+LNP+ON,federal ON evidence trial,False,False,0.00035647889381849006,0.1337946356299834,True,0.41092036870117876,1.0
ON18,simplified,Eltham,3,GRN,ALP+LNP+ON,federal ON evidence trial,False,False,0.1342271229588467,0.022747131507696278,True,0.05733171042608878,1.0
ON18,simplified,Eltham,4,ON,ALP+LNP,federal ON evidence trial,False,False,0.1646697250113466,0.19978476232276018,True,0.0,0.7
ON18,simplified,Essendon,1,IND,ALP+GRN+LNP+ON+OTH,ideology prior,False,False,0.0065962249362261915,0.048375227478196586,True,0.15,0.0
ON18,simplified,Essendon,2,OTH,ALP+GRN+LNP+ON,federal ON evidence trial,False,False,0.055960886154856705,0.11024162979030988,True,0.36821136395556153,1.0
ON18,simplified,Essendon,3,GRN,ALP+LNP+ON,federal ON evidence trial,False,False,0.18163081637310374,0.02227868796832519,True,0.09815949555443632,1.0
ON18,simplified,Essendon,4,ON,ALP+LNP,federal ON evidence trial,False,False,0.22173829365375325,0.09673366530561978,True,0.0,0.7
ON18,simplified,Eureka,1,IND,ALP+GRN+LNP+ON+OTH,ideology prior,False,False,0.02070603602805132,0.04474352365402849,True,0.22498125187481255,1.0
ON18,simplified,Eureka,2,OTH,ALP+GRN+LNP+ON,federal ON evidence trial,False,False,0.07097604334813591,0.036325766062020745,True,0.43407143738822473,1.0
ON18,simplified,Eureka,3,GRN,ALP+LNP+ON,federal ON evidence trial,False,False,0.12145370593850614,0.15386105068607897,True,0.153363423052271,1.0
ON18,simplified,Eureka,4,ON,ALP+LNP,federal ON evidence trial,False,False,0.2974266218385072,0.002292660698616278,True,0.0,0.73
ON18,simplified,Euroa,1,IND,ALP+GRN+LNP+ON+OTH,ideology prior,False,False,9.865163633022265e-10,0.03262339817243877,True,0.15,0.0
ON18,simplified,Euroa,2,OTH,ALP+GRN+LNP+ON,federal ON evidence trial,False,False,0.03262339930693259,0.02132783471350383,True,0.39718011901690337,1.0
ON18,simplified,Euroa,3,GRN,ALP+LNP+ON,federal ON evidence trial,False,False,0.060686911072704845,0.15841157548967896,True,0.15008868814471202,0.87
ON18,simplified,Euroa,4,ALP,LNP+ON,ON special prior,True,True,0.2596780963829269,0.005626976795190364,True,0.36000000000000004,0.0
ON18,simplified,Evelyn,1,IND,ALP+GRN+LNP+ON+OTH,ideology prior,False,False,0.004237016084503682,0.010453862794395252,True,0.22498125187481252,1.0
ON18,simplified,Evelyn,2,OTH,ALP+GRN+LNP+ON,federal ON evidence trial,False,False,0.016105810721347123,0.08453788264475375,True,0.41231495851722516,1.0
ON18,simplified,Evelyn,3,GRN,ALP+LNP+ON,federal ON evidence trial,False,False,0.10395464682679596,0.08094090740759564,True,0.1055764839148539,1.0
ON18,simplified,Evelyn,4,ON,ALP+LNP,federal ON evidence trial,False,False,0.19587072033297515,0.12755264147010054,True,0.0,0.73
ON18,simplified,Footscray,1,IND,ALP+GRN+LNP+ON+OTH,ideology prior,False,False,1.0051587995789873e-12,0.08597113726474094,True,0.15,0.0
ON18,simplified,Footscray,2,OTH,ALP+GRN+LNP+ON,federal ON evidence trial,False,False,0.08597113726589686,0.06326150234700267,True,0.33239288529370453,1.0
ON18,simplified,Footscray,3,ON,ALP+GRN+LNP,federal ON evidence trial,False,False,0.17780883398069214,0.0004038521563000941,True,0.0,0.7000000000000001
ON18,simplified,Footscray,4,LNP,ALP+GRN,posterior scenario,False,False,0.2816742675915341,0.012808481573711672,False,0.0,0.8
ON18,simplified,Frankston,1,IND,ALP+GRN+LNP+ON+OTH,ideology prior,False,False,0.015350037737564406,0.051913785424748574,True,0.15,1.0
ON18,simplified,Frankston,2,OTH,ALP+GRN+LNP+ON,federal ON evidence trial,False,False,0.074599606197095,0.046159067132071824,True,0.3613175906310416,1.0
ON18,simplified,Frankston,3,GRN,ALP+LNP+ON,federal ON evidence trial,False,False,0.1363725443684245,0.09484829699787739,True,0.1069547147471507,1.0
ON18,simplified,Frankston,4,ON,ALP+LNP,federal ON evidence trial,False,False,0.2458065279485699,0.0737043508858341,True,0.0,0.7
ON18,simplified,Geelong,1,OTH,ALP+GRN+IND+LNP+ON,federal ON evidence trial,False,False,0.012354157941332126,0.05395329430228914,True,0.3593259825185165,1.0
ON18,simplified,Geelong,2,IND,ALP+GRN+LNP+ON,ideology prior,False,False,0.06832570255979943,0.0703180198858029,True,0.24398769957113223,0.6687
ON18,simplified,Geelong,3,GRN,ALP+LNP+ON,federal ON evidence trial,False,False,0.1562613166545847,0.08028296117877831,True,0.11315196072323054,1.0
ON18,simplified,Geelong,4,LNP,ALP+ON,ON special prior,True,True,0.2640250002248139,0.012634406714462199,True,0.69,0.0
ON18,simplified,Gippsland East,1,IND,ALP+GRN+LNP+ON+OTH,ideology prior,False,False,0.01002865184416847,0.038124953202811944,True,0.15,0.0
ON18,simplified,Gippsland East,2,OTH,ALP+GRN+LNP+ON,federal ON evidence trial,False,False,0.04965790282360569,0.016111433548381085,True,0.39049411760829633,1.0
ON18,simplified,Gippsland East,3,GRN,ALP+LNP+ON,federal ON evidence trial,False,False,0.07606545113925406,0.018820490419758806,True,0.1637189637612018,0.8948
ON18,simplified,Gippsland East,4,ALP,LNP+ON,ON special prior,True,True,0.14462324771810633,0.15946652897383443,True,0.36,0.0
ON18,simplified,Gippsland South,1,OTH,ALP+GRN+IND+LNP+ON,federal ON evidence trial,False,False,0.012540422289169321,0.02272617337585204,True,0.46872619877219757,1.0
ON18,simplified,Gippsland South,2,IND,ALP+GRN+LNP+ON,ideology prior,False,False,0.037271003522800876,0.04966642051677211,True,0.2447609295675768,1.0
ON18,simplified,Gippsland South,3,GRN,ALP+LNP+ON,federal ON evidence trial,False,False,0.09293181661665792,0.05717717405816436,True,0.11105663268656339,1.0
ON18,simplified,Gippsland South,4,ALP,LNP+ON,ON special prior,True,True,0.21231420170979493,0.06849630151210612,True,0.35999999999999993,0.0
ON18,simplified,Glen Waverley,1,IND,ALP+GRN+LNP+ON+OTH,ideology prior,False,False,9.911776980164595e-10,0.022321595245306233,True,0.15,0.0
ON18,simplified,Glen Waverley,2,OTH,ALP+GRN+LNP+ON,federal ON evidence trial,False,False,0.022321596385160587,0.08043994203818958,True,0.3716468122651277,1.0
ON18,simplified,Glen Waverley,3,GRN,ALP+LNP+ON,federal ON evidence trial,False,False,0.10800622356448353,0.004493613349595457,True,0.07892036735563847,1.0
ON18,simplified,Glen Waverley,4,ON,ALP+LNP,federal ON evidence trial,False,False,0.12102372775448325,0.305004519885698,True,0.0,0.7
ON18,simplified,Greenvale,1,IND,ALP+GRN+LNP+ON+OTH,ideology prior,False,False,0.048564450181931916,0.020404917605386354,True,0.15,1.0
ON18,simplified,Greenvale,2,GRN,ALP+LNP+ON+OTH,ideology prior,False,False,0.07364855256234741,0.05287021147658451,True,0.05871697997347014,1.0
ON18,simplified,Greenvale,3,OTH,ALP+LNP+ON,ideology prior,False,False,0.1517223654522649,0.001775092180445914,True,0.40465962591425303,1.0
ON18,simplified,Greenvale,4,ON,ALP+LNP,federal ON evidence trial,False,False,0.2148933732794499,0.0841159974607823,True,0.0,0.7
ON18,simplified,Hastings,1,IND,ALP+GRN+LNP+ON+OTH,ideology prior,False,False,9.916872389720414e-10,0.040988542938246636,True,0.225,1.0
ON18,simplified,Hastings,2,OTH,ALP+GRN+LNP+ON,federal ON evidence trial,False,False,0.04098854421412665,0.060093324829363276,True,0.45017822099848337,1.0
ON18,simplified,Hastings,3,GRN,ALP+LNP+ON,federal ON evidence trial,False,False,0.10941594824395463,0.1312955753211799,True,0.13125511472798898,1.0
ON18,simplified,Hastings,4,ON,ALP+LNP,federal ON evidence trial,False,False,0.25507292640496654,0.10939778783274184,True,0.0,0.73
ON18,simplified,Hawthorn,1,OTH,ALP+GRN+IND+LNP+ON,federal ON evidence trial,False,False,0.0032905136649697343,0.07067146057761883,True,0.31955764512065865,1.0
ON18,simplified,Hawthorn,2,ON,ALP+GRN+IND+LNP,federal ON evidence trial,False,False,0.07501348304060365,0.06799156211229912,True,0.0,0.8
ON18,simplified,Hawthorn,3,GRN,ALP+IND+LNP,posterior scenario,False,False,0.14960479076564656,0.01752850506730194,False,0.0,0.95000499950005
ON18,simplified,Hawthorn,4,IND,ALP+LNP,posterior scenario,False,False,0.23059962098279704,0.020440285185949675,False,0.0,0.85
ON18,simplified,Ivanhoe,1,OTH,ALP+GRN+IND+LNP+ON,federal ON evidence trial,False,False,0.001900565198176645,0.00033437790524227314,True,0.33944678560753044,1.0
ON18,simplified,Ivanhoe,2,IND,ALP+GRN+LNP+ON,ideology prior,False,False,0.002545430983722285,0.13453548973834428,True,0.21042281305454194,0.7434743474347435
ON18,simplified,Ivanhoe,3,ON,ALP+GRN+LNP,federal ON evidence trial,False,False,0.13761653747009758,0.05734279120544908,True,0.0,0.75
ON18,simplified,Ivanhoe,4,GRN,ALP+LNP,posterior scenario,False,False,0.21701169866082617,0.16321355057175727,False,0.0,0.95
ON18,simplified,Kalkallo,1,IND,ALP+GRN+LNP+ON+OTH,ideology prior,False,False,0.00646711274376144,0.05584570130517281,True,0.22501875187518755,1.0
ON18,simplified,Kalkallo,2,GRN,ALP+LNP+ON+OTH,ideology prior,False,False,0.06305673574889169,0.021912484949386885,True,0.0908155412145179,1.0
ON18,simplified,Kalkallo,3,OTH,ALP+LNP+ON,ideology prior,False,False,0.09879020669038299,0.07491601142953788,True,0.4692002088866515,1.0
ON18,simplified,Kalkallo,4,ON,ALP+LNP,federal ON evidence trial,False,False,0.22005860373500405,0.03129194789459186,True,0.0,0.73
ON18,simplified,Kew,1,OTH,ALP+GRN+IND+LNP+ON,federal ON evidence trial,False,False,9.838783601466118e-10,0.07494697141730748,True,0.3195576451206586,1.0
ON18,simplified,Kew,2,ON,ALP+GRN+IND+LNP,federal ON evidence trial,False,False,0.07494697271559168,0.03492103286329118,True,0.0,0.8
ON18,simplified,Kew,3,GRN,ALP+IND+LNP,posterior scenario,False,False,0.11631787133216752,0.059325154667676974,False,0.0,0.9500000000000001
ON18,simplified,Kew,4,IND,ALP+LNP,posterior scenario,False,False,0.21989232589053806,0.012578817229323358,False,0.0,0.85
ON18,simplified,Kororoit,1,IND,ALP+GRN+LNP+ON+OTH,ideology prior,False,False,0.00607160915408721,0.06972201169738629,True,0.15001125112511252,1.0
ON18,simplified,Kororoit,2,GRN,ALP+LNP+ON+OTH,ideology prior,False,False,0.07634312607239471,0.05823137837414549,True,0.05221246847002749,1.0
ON18,simplified,Kororoit,3,OTH,ALP+LNP+ON,ideology prior,False,False,0.15898919163156067,0.02411231320313853,True,0.4298118903431845,1.0
ON18,simplified,Kororoit,4,ON,ALP+LNP,federal ON evidence trial,False,False,0.25143694983399506,0.000762369415264641,True,0.0,0.7
ON18,simplified,Lara,1,IND,ALP+GRN+LNP+ON+OTH,ideology prior,False,False,0.00744779657452358,0.058221811108555434,True,0.22501875187518752,1.0
ON18,simplified,Lara,2,OTH,ALP+GRN+LNP+ON,federal ON evidence trial,False,False,0.06735388118160586,0.03471021850476333,True,0.42603150515299737,1.0
ON18,simplified,Lara,3,GRN,ALP+LNP+ON,federal ON evidence trial,False,False,0.11601410303047939,0.06312405917463833,True,0.15151455912939252,1.0
ON18,simplified,Lara,4,LNP,ALP+ON,ON special prior,True,True,0.2063043460681076,0.11711289233381189,True,0.7599999999999999,0.0
ON18,simplified,Laverton,1,IND,ALP+GRN+LNP+ON+OTH,ideology prior,False,False,0.011451001690977103,0.09671469249042845,True,0.15001125112511252,1.0
ON18,simplified,Laverton,2,GRN,ALP+LNP+ON+OTH,ideology prior,False,False,0.109293100783534,0.008709293885177494,True,0.05505730218456721,1.0
ON18,simplified,Laverton,3,OTH,ALP+LNP+ON,ideology prior,False,False,0.12699193388166227,0.0556861317902925,True,0.4792357141108687,0.7149
ON18,simplified,Laverton,4,LNP,ALP+ON,ON special prior,True,True,0.241187927596135,0.002349208195918412,True,0.56,0.0
ON18,simplified,Lowan,1,IND,ALP+GRN+LNP+ON+OTH,ideology prior,False,False,0.028955384444780925,0.0035376073127974285,True,0.18,1.0
ON18,simplified,Lowan,2,OTH,ALP+GRN+LNP+ON,federal ON evidence trial,False,False,0.03553330712428035,0.02944491708936059,True,0.4524443691251815,0.8765123487651234
ON18,simplified,Lowan,3,GRN,ALP+LNP+ON,federal ON evidence trial,False,False,0.07114644602587306,0.046849954560072016,True,0.14950139704382495,0.8507
ON18,simplified,Lowan,4,ALP,LNP+ON,ON special prior,True,True,0.16431320565860444,0.10379723440291047,True,0.36,0.0
ON18,simplified,Macedon,1,OTH,ALP+GRN+IND+LNP+ON,federal ON evidence trial,False,False,0.02069641854296339,0.016530251308776632,True,0.37922506658127425,1.0
ON18,simplified,Macedon,2,IND,ALP+GRN+LNP+ON,ideology prior,False,False,0.04060776255481642,0.09024804807572388,True,0.26956023271196683,0.8798
ON18,simplified,Macedon,3,GRN,ALP+LNP+ON,federal ON evidence trial,False,False,0.13890088902745826,0.08720912053417113,True,0.11453988874268281,1.0
ON18,simplified,Macedon,4,ON,ALP+LNP,federal ON evidence trial,False,False,0.24201970193709418,0.07247140302169744,True,0.0,0.73
ON18,simplified,Malvern,1,IND,ALP+GRN+LNP+ON+OTH,ideology prior,False,False,0.00103310329018849,0.007418516353255607,True,0.15,1.0
ON18,simplified,Malvern,2,OTH,ALP+GRN+LNP+ON,federal ON evidence trial,False,False,0.008642614614217694,0.07908204764660774,True,0.32908707422366856,1.0
ON18,simplified,Malvern,3,ON,ALP+GRN+LNP,federal ON evidence trial,False,False,0.09056883501786106,0.07638043262418487,True,0.0,0.7000000000000001
ON18,simplified,Malvern,4,GRN,ALP+LNP,posterior scenario,False,False,0.18248028211083442,0.027759417503110062,False,0.0,0.95
ON18,simplified,Melbourne,1,IND,ALP+GRN+LNP+ON+OTH,ideology prior,False,False,1.004521244571835e-12,0.06458131072158659,True,0.15001125112511252,1.0
ON18,simplified,Melbourne,2,OTH,ALP+GRN+LNP+ON,federal ON evidence trial,False,False,0.06458131072297145,0.061786113219762115,True,0.3324046614715902,1.0
ON18,simplified,Melbourne,3,ON,ALP+GRN+LNP,federal ON evidence trial,False,False,0.14783455267099446,0.0350621096841284,True,0.0,0.7000000000000001
ON18,simplified,Melbourne,4,LNP,ALP+GRN,posterior scenario,False,False,0.26958607137285445,0.00968249280657646,False,0.0,0.8
ON18,simplified,Melton,1,GRN,ALP+IND+LNP+ON+OTH,ideology prior,False,False,0.05014604502347403,0.036767047588482454,True,0.08750000000000001,1.0
ON18,simplified,Melton,2,OTH,ALP+IND+LNP+ON,ideology prior,False,False,0.09194650188118769,0.09896075445963262,True,0.5052579696125992,0.9478
ON18,simplified,Melton,3,LNP,ALP+IND+ON,ideology prior,False,False,0.20217336885058687,0.02873201822426158,True,0.4600281248184022,0.0
ON18,simplified,Melton,4,IND,ALP+ON,ON special prior,True,True,0.2921209720826954,0.040132799012053355,True,0.44999999999999996,0.5117
ON18,simplified,Mildura,1,OTH,ALP+GRN+IND+LNP+ON,federal ON evidence trial,False,False,9.861016526202762e-10,0.028621394991254198,True,0.3792250665812742,1.0
ON18,simplified,Mildura,2,GRN,ALP+IND+LNP+ON,federal ON evidence trial,False,False,0.028621396104686954,0.015481775703832815,True,0.09364786519671925,0.8020197980201981
ON18,simplified,Mildura,3,ALP,IND+LNP+ON,ideology prior,False,False,0.057570877379434594,0.18538334019714856,True,0.2473811234778017,1.0
ON18,simplified,Mildura,4,ON,IND+LNP,ideology prior,False,False,0.2571961659023104,0.0800202871162175,True,0.0,0.68
ON18,simplified,Mill Park,1,IND,ALP+GRN+LNP+ON+OTH,ideology prior,False,False,1.0227393704588299e-09,0.07343806397933107,True,0.15,0.0
ON18,simplified,Mill Park,2,GRN,ALP+LNP+ON+OTH,ideology prior,False,False,0.07343806520661832,0.01612579555397227,True,0.05138888926800071,1.0
ON18,simplified,Mill Park,3,OTH,ALP+LNP+ON,ideology prior,False,False,0.10301057449544741,0.11668480007343761,True,0.4432826654735263,1.0
ON18,simplified,Mill Park,4,LNP,ALP+ON,ON special prior,True,True,0.25406443985194643,0.011293736751239736,True,0.6299999999999999,0.0
ON18,simplified,Monbulk,1,OTH,ALP+GRN+IND+LNP+ON,federal ON evidence trial,False,False,0.02127845234047279,0.05213426815454211,True,0.44386477316360784,1.0
ON18,simplified,Monbulk,2,IND,ALP+GRN+LNP+ON,ideology prior,False,False,0.07771098344973792,0.08012932096066985,True,0.24393438139659018,1.0
ON18,simplified,Monbulk,3,GRN,ALP+LNP+ON,federal ON evidence trial,False,False,0.17949555542228746,0.025901770726632523,True,0.12179655202545313,1.0
ON18,simplified,Monbulk,4,ON,ALP+LNP,federal ON evidence trial,False,False,0.22725926590324821,0.12494435810137253,True,0.0,0.73
ON18,simplified,Mordialloc,1,OTH,ALP+GRN+IND+LNP+ON,federal ON evidence trial,False,False,0.012216703076543448,0.042929729966722494,True,0.36928049633783827,1.0
ON18,simplified,Mordialloc,2,IND,ALP+GRN+LNP+ON,ideology prior,False,False,0.05783654245812314,0.04714633540747748,True,0.16795117199329618,1.0
ON18,simplified,Mordialloc,3,GRN,ALP+LNP+ON,federal ON evidence trial,False,False,0.11545418865633664,0.06939216517305985,True,0.0789249463349086,1.0
ON18,simplified,Mordialloc,4,ON,ALP+LNP,federal ON evidence trial,False,False,0.19395856947323828,0.15348008553452383,True,0.0,0.7
ON18,simplified,Mornington,1,OTH,ALP+GRN+IND+LNP+ON,federal ON evidence trial,False,False,9.850185706464733e-10,0.07768532278902275,True,0.4438647731636078,1.0
ON18,simplified,Mornington,2,GRN,ALP+IND+LNP+ON,federal ON evidence trial,False,False,0.07768532387933944,0.07509860773455265,True,0.08859466036957564,1.0
ON18,simplified,Mornington,3,ON,ALP+IND+LNP,federal ON evidence trial,False,False,0.1598859052778625,0.026547693361414132,True,0.0,0.79
ON18,simplified,Mornington,4,ALP,IND+LNP,posterior scenario,False,False,0.21603084444996992,0.010573433665383547,False,0.0,0.7999999999999999
ON18,simplified,Morwell,1,GRN,ALP+IND+LNP+ON+OTH,ideology prior,False,False,0.04129402135142193,0.028465247081953332,True,0.08750000000000002,1.0
ON18,simplified,Morwell,2,OTH,ALP+IND+LNP+ON,ideology prior,False,False,0.07360993592439537,0.042167051610234374,True,0.39589782709247845,1.0
ON18,simplified,Morwell,3,IND,ALP+LNP+ON,ideology prior,False,False,0.12859938013478034,0.11562946223940879,True,0.292279384623793,0.6859
ON18,simplified,Morwell,4,ALP,LNP+ON,ON special prior,True,True,0.2897557501951932,0.0456538121287165,True,0.24999999999999994,0.0
ON18,simplified,Mulgrave,1,OTH,ALP+GRN+IND+LNP+ON,federal ON evidence trial,False,False,0.0039031381241318463,0.05591267882437046,True,0.36928049633783827,1.0
ON18,simplified,Mulgrave,2,GRN,ALP+IND+LNP+ON,federal ON evidence trial,False,False,0.060268576703063355,0.09016602394017861,True,0.05868348636482544,1.0
ON18,simplified,Mulgrave,3,IND,ALP+LNP+ON,ideology prior,False,False,0.16279556288764016,0.010242931329046079,True,0.21951320647572964,0.0
ON18,simplified,Mulgrave,4,ON,ALP+LNP,federal ON evidence trial,False,False,0.20877427022617343,0.03844855517577042,True,0.0,0.7
ON18,simplified,Murray Plains,1,IND,ALP+GRN+LNP+ON+OTH,ideology prior,False,False,0.006939160639230208,0.03584292818459841,True,0.225,1.0
ON18,simplified,Murray Plains,2,GRN,ALP+LNP+ON+OTH,ideology prior,False,False,0.043864944841580496,0.02696468788940127,True,0.09304399405892812,1.0
ON18,simplified,Murray Plains,3,OTH,ALP+LNP+ON,ideology prior,False,False,0.0795435100691789,0.03357691712364011,True,0.5166883994868531,1.0
ON18,simplified,Murray Plains,4,ALP,LNP+ON,ON special prior,True,True,0.13159678794102245,0.17530006525681338,True,0.36,0.0
ON18,simplified,Narracan,1,OTH,ALP+GRN+IND+LNP+ON,federal ON evidence trial,False,False,9.862768599929738e-10,0.04607807279295457,True,0.3195576451206586,0.0
ON18,simplified,Narracan,2,IND,ALP+GRN+LNP+ON,ideology prior,False,False,0.046078073979588005,0.09604659282364157,True,0.176470589041352,0.0
ON18,simplified,Narracan,3,GRN,ALP+LNP+ON,federal ON evidence trial,False,False,0.15296656656522264,0.044918428076169525,True,0.07697201341898666,0.0
ON18,simplified,Narracan,4,ON,ALP+LNP,federal ON evidence trial,False,False,0.23507475678594147,0.08772217068971322,True,0.0,0.73
ON18,simplified,Narre Warren North,1,IND,ALP+GRN+LNP+ON+OTH,ideology prior,False,False,0.003157678262874315,0.06553293241211229,True,0.14998875112488752,1.0
ON18,simplified,Narre Warren North,2,GRN,ALP+LNP+ON+OTH,ideology prior,False,False,0.06902751704338977,0.010917078191992002,True,0.05196078403040082,1.0
ON18,simplified,Narre Warren North,3,OTH,ALP+LNP+ON,ideology prior,False,False,0.09315964298851863,0.14138139864456523,True,0.4355242090431286,1.0
ON18,simplified,Narre Warren North,4,ON,ALP+LNP,federal ON evidence trial,False,False,0.27511432146039866,0.009284968379402958,True,0.0,0.7
ON18,simplified,Narre Warren South,1,IND,ALP+GRN+LNP+ON+OTH,ideology prior,False,False,1.0055825852537906e-12,0.06817189415414485,True,0.15001125112511252,1.0
ON18,simplified,Narre Warren South,2,GRN,ALP+LNP+ON+OTH,ideology prior,False,False,0.06817189415524937,0.006249328409793864,True,0.05139263926409437,1.0
ON18,simplified,Narre Warren South,3,OTH,ALP+LNP+ON,ideology prior,False,False,0.08951258047212483,0.13487409543110568,True,0.42702936985701756,1.0
ON18,simplified,Narre Warren South,4,ON,ALP+LNP,federal ON evidence trial,False,False,0.26261117673651757,0.03100252372010487,True,0.0,0.7
ON18,simplified,Nepean,1,OTH,ALP+GRN+IND+LNP+ON,federal ON evidence trial,False,False,0.001832950733654934,0.023932321195801822,True,0.36928049633783827,1.0
ON18,simplified,Nepean,2,IND,ALP+GRN+LNP+ON,ideology prior,False,False,0.026064713899950066,0.07109154745329983,True,0.24626093501729854,0.6993
ON18,simplified,Nepean,3,GRN,ALP+LNP+ON,federal ON evidence trial,False,False,0.10262275583961597,0.0873636655609204,True,0.1005584947929768,1.0
ON18,simplified,Nepean,4,ON,ALP+LNP,federal ON evidence trial,False,False,0.20030601125927533,0.1125859362287508,True,0.0,0.73
ON18,simplified,Niddrie,1,IND,ALP+GRN+LNP+ON+OTH,ideology prior,False,False,1.0056152913558528e-12,0.05523550238387415,True,0.15,0.0
ON18,simplified,Niddrie,2,OTH,ALP+GRN+LNP+ON,federal ON evidence trial,False,False,0.0552355023850306,0.020321024607875902,True,0.37166251513590637,1.0
ON18,simplified,Niddrie,3,GRN,ALP+LNP+ON,federal ON evidence trial,False,False,0.08720373599672358,0.15608012299523438,True,0.1142454940113844,1.0
ON18,simplified,Niddrie,4,ON,ALP+LNP,federal ON evidence trial,False,False,0.25324649289054196,0.07742968227547603,True,0.0,0.7
ON18,simplified,Northcote,1,IND,ALP+GRN+LNP+ON+OTH,ideology prior,False,False,1.0046183994462194e-12,0.08075085956849658,True,0.1499887511248875,1.0
ON18,simplified,Northcote,2,OTH,ALP+GRN+LNP+ON,federal ON evidence trial,False,False,0.08075085956991933,0.021008473942870726,True,0.33240466147165193,1.0
ON18,simplified,Northcote,3,LNP,ALP+GRN+ON,ideology prior,False,False,0.11667400549900654,0.06897447080132475,True,0.28947260131345587,1.0
ON18,simplified,Northcote,4,ON,ALP+GRN,ideology prior,False,False,0.2194224041777892,0.14878974706721954,True,0.0,0.16999999999999998
ON18,simplified,Oakleigh,1,OTH,ALP+GRN+IND+LNP+ON,federal ON evidence trial,False,False,1.003618511196818e-12,0.011022970058956971,True,0.36928049633783827,1.0
ON18,simplified,Oakleigh,2,IND,ALP+GRN+LNP+ON,ideology prior,False,False,0.011022970060163173,0.15039603219381573,True,0.15661764706326867,1.0
ON18,simplified,Oakleigh,3,GRN,ALP+LNP+ON,federal ON evidence trial,False,False,0.16358362178930225,0.0065785397226103826,True,0.0589743825261133,1.0
ON18,simplified,Oakleigh,4,ON,ALP+LNP,federal ON evidence trial,False,False,0.17980940459832198,0.13007867757946714,True,0.0,0.7
ON18,simplified,Ovens Valley,1,IND,ALP+GRN+LNP+ON+OTH,ideology prior,False,False,0.03649042281407212,0.04648235572134735,True,0.15,0.0
ON18,simplified,Ovens Valley,2,GRN,ALP+LNP+ON+OTH,ideology prior,False,False,0.0902708630982339,0.016083637596342085,True,0.0784781836986247,1.0
ON18,simplified,Ovens Valley,3,OTH,ALP+LNP+ON,ideology prior,False,False,0.11417632988063631,0.0727173141390697,True,0.5596055126803036,0.9241
ON18,simplified,Ovens Valley,4,ALP,LNP+ON,ON special prior,True,True,0.20506535860962022,0.08173040215011246,True,0.35999999999999993,0.0
ON18,simplified,Pakenham,1,IND,ALP+GRN+LNP+ON+OTH,ideology prior,False,False,0.05852224185196069,0.014071670958910203,True,0.18000000000000002,1.0
ON18,simplified,Pakenham,2,GRN,ALP+LNP+ON+OTH,ideology prior,False,False,0.0807870266701454,0.00916518975604698,True,0.0939322253395512,0.7081708170817081
ON18,simplified,Pakenham,3,OTH,ALP+LNP+ON,ideology prior,False,False,0.09667375583884545,0.1489233872857909,True,0.5487584660071871,0.7984
ON18,simplified,Pakenham,4,ON,ALP+LNP,federal ON evidence trial,False,False,0.2986476850819145,0.03863438784132134,True,0.0,0.73
ON18,simplified,Pascoe Vale,1,OTH,ALP+GRN+IND+LNP+ON,federal ON evidence trial,False,False,0.060607043118825636,0.02005043606930499,True,0.33944678560753044,1.0
ON18,simplified,Pascoe Vale,2,IND,ALP+GRN+LNP+ON,ideology prior,False,False,0.09055861405447051,0.08742517098272527,True,0.2104218731598823,0.6067
ON18,simplified,Pascoe Vale,3,ON,ALP+GRN+LNP,federal ON evidence trial,False,False,0.19703929823730032,0.005942025530116829,True,0.0,0.75
ON18,simplified,Pascoe Vale,4,GRN,ALP+LNP,posterior scenario,False,False,0.30290921349508854,0.016024509005585275,False,0.0,0.0
ON18,simplified,Point Cook,1,OTH,ALP+GRN+IND+LNP+ON,federal ON evidence trial,False,False,0.07316310942662589,0.0012095077568868434,True,0.35933592609440235,1.0
ON18,simplified,Point Cook,2,GRN,ALP+IND+LNP+ON,federal ON evidence trial,False,False,0.08703865258891348,0.0346693269368929,True,0.11586524190729867,1.0
ON18,simplified,Point Cook,3,IND,ALP+LNP+ON,ideology prior,False,False,0.13423223458028655,0.10417548187661599,True,0.25071582754843746,0.6815
ON18,simplified,Point Cook,4,ON,ALP+LNP,federal ON evidence trial,False,False,0.2734969896095359,0.015870322736591114,True,0.0,0.7
ON18,simplified,Polwarth,1,IND,ALP+GRN+LNP+ON+OTH,ideology prior,False,False,0.023287325268422955,0.0074377937785822315,True,0.180007500750075,1.0
ON18,simplified,Polwarth,2,OTH,ALP+GRN+LNP+ON,federal ON evidence trial,False,False,0.03317028820018959,0.12565210239459101,True,0.45132613128758403,0.9267
ON18,simplified,Polwarth,3,GRN,ALP+LNP+ON,federal ON evidence trial,False,False,0.171846594423809,0.0019464140180573686,True,0.11590153428238749,1.0
ON18,simplified,Polwarth,4,ON,ALP+LNP,federal ON evidence trial,False,False,0.19371029239678902,0.1520923226599287,True,0.0,0.73
ON18,simplified,Prahran,1,IND,ALP+GRN+LNP+ON+OTH,ideology prior,False,False,1.0049350307403862e-09,0.03179361086460619,True,0.1499887511248875,1.0
ON18,simplified,Prahran,2,OTH,ALP+GRN+LNP+ON,federal ON evidence trial,False,False,0.031793612151174995,0.0857309982792753,True,0.3324046602238128,1.0
ON18,simplified,Prahran,3,ON,ALP+GRN+LNP,federal ON evidence trial,False,False,0.12809295527484932,0.06397027849625603,True,0.0,0.7000000000000001
ON18,simplified,Prahran,4,ALP,GRN+LNP,posterior scenario,False,False,0.21757121702073326,0.1588284743306387,False,0.0,0.9
ON18,simplified,Preston,1,OTH,ALP+GRN+IND+LNP+ON,federal ON evidence trial,False,False,0.07723242678269002,0.036323275600288224,True,0.33944678560753044,1.0
ON18,simplified,Preston,2,IND,ALP+GRN+LNP+ON,ideology prior,False,False,0.12617286095530608,0.02854165872964165,True,0.17812191652023895,1.0
ON18,simplified,Preston,3,LNP,ALP+GRN+ON,ideology prior,False,False,0.1789716224342184,0.03942035880670333,True,0.34397260396888996,1.0
ON18,simplified,Preston,4,GRN,ALP+ON,ON special prior,True,True,0.2933656975090757,0.016584412321189013,True,0.09,0.0
ON18,simplified,Richmond,1,IND,ALP+GRN+LNP+ON+OTH,ideology prior,False,False,0.027778328488271536,0.03934166879762685,True,0.14998875112488752,1.0
ON18,simplified,Richmond,2,OTH,ALP+GRN+LNP+ON,federal ON evidence trial,False,False,0.07652768054528185,0.04397844369419923,True,0.3149076928260152,1.0
ON18,simplified,Richmond,3,ON,ALP+GRN+LNP,federal ON evidence trial,False,False,0.1446052795573221,0.010232071955762506,True,0.0,0.7000000000000001
ON18,simplified,Richmond,4,LNP,ALP+GRN,posterior scenario,False,False,0.2374337174145445,0.08880466807440518,False,0.0,0.8
ON18,simplified,Ringwood,1,IND,ALP+GRN+LNP+ON+OTH,ideology prior,False,False,1.0058267894107813e-12,0.0356701186344183,True,0.15,0.0
ON18,simplified,Ringwood,2,OTH,ALP+GRN+LNP+ON,federal ON evidence trial,False,False,0.035670118635575,0.07991306238738899,True,0.4109203687994277,1.0
ON18,simplified,Ringwood,3,ON,ALP+GRN+LNP,federal ON evidence trial,False,False,0.13024075932781382,0.04028938048599434,True,0.0,0.75
ON18,simplified,Ringwood,4,GRN,ALP+LNP,posterior scenario,False,False,0.19458429434321742,0.15398000614999877,False,0.0,0.95
ON18,simplified,Ripon,1,IND,ALP+GRN+LNP+ON+OTH,ideology prior,False,False,0.009020183774530932,0.04973532167983885,True,0.22500000000000003,1.0
ON18,simplified,Ripon,2,GRN,ALP+LNP+ON+OTH,ideology prior,False,False,0.05962933575752747,0.04165758645590862,True,0.09120407569439509,1.0
ON18,simplified,Ripon,3,OTH,ALP+LNP+ON,ideology prior,False,False,0.10993201672373598,0.13786547510520628,True,0.5300413385226359,1.0
ON18,simplified,Ripon,4,ON,ALP+LNP,federal ON evidence trial,False,False,0.30606600511968407,0.023485194124298836,True,0.0,0.73
ON18,simplified,Rowville,1,OTH,ALP+GRN+IND+LNP+ON,federal ON evidence trial,False,False,0.0017132852923506618,0.08387927420587196,True,0.41897848861530335,1.0
ON18,simplified,Rowville,2,GRN,ALP+IND+LNP+ON,federal ON evidence trial,False,False,0.08579887184696308,0.009471486221532321,True,0.057006335375729404,1.0
ON18,simplified,Rowville,3,IND,ALP+LNP+ON,ideology prior,False,False,0.11346878487602186,0.026411343653005848,True,0.15455530645673574,1.0
ON18,simplified,Rowville,4,ON,ALP+LNP,federal ON evidence trial,False,False,0.1574173313488147,0.19340589019367627,True,0.0,0.7
ON18,simplified,Sandringham,1,OTH,ALP+GRN+IND+LNP+ON,federal ON evidence trial,False,False,0.022756305749817567,0.04571398920757077,True,0.36926060918606657,1.0
ON18,simplified,Sandringham,2,IND,ALP+GRN+LNP+ON,ideology prior,False,False,0.07215495712215622,0.04870688049048484,True,0.16859485136829688,1.0
ON18,simplified,Sandringham,3,ON,ALP+GRN+LNP,federal ON evidence trial,False,False,0.13302679188413682,0.03286762529780479,True,0.0,0.75
ON18,simplified,Sandringham,4,GRN,ALP+LNP,posterior scenario,False,False,0.1912181196794701,0.047667610138849126,False,0.0,0.95
ON18,simplified,Shepparton,1,OTH,ALP+GRN+IND+LNP+ON,federal ON evidence trial,False,False,0.013423311773879244,0.014339599102094076,True,0.35933592609440235,1.0
ON18,simplified,Shepparton,2,GRN,ALP+IND+LNP+ON,federal ON evidence trial,False,False,0.029496205932410657,0.0049146226828834065,True,0.11386205788937813,0.9078092190780922
ON18,simplified,Shepparton,3,ALP,IND+LNP+ON,ideology prior,False,False,0.04684631079325336,0.20248696254740628,True,0.20426188970219172,1.0
ON18,simplified,Shepparton,4,ON,IND+LNP,ideology prior,False,False,0.25890218930886577,0.08716054114375815,True,0.0,0.6799999999999999
ON18,simplified,South Barwon,1,IND,ALP+GRN+LNP+ON+OTH,ideology prior,False,False,1.0056264520945287e-12,0.06062142723311428,True,0.15,0.0
ON18,simplified,South Barwon,2,OTH,ALP+GRN+LNP+ON,federal ON evidence trial,False,False,0.060621427234270754,0.06187028122265129,True,0.4109007418357005,1.0
ON18,simplified,South Barwon,3,GRN,ALP+LNP+ON,federal ON evidence trial,False,False,0.1353194474039691,0.05911486597500179,True,0.13453669801578563,1.0
ON18,simplified,South Barwon,4,ON,ALP+LNP,federal ON evidence trial,False,False,0.21263974501002164,0.14335371768888616,True,0.0,0.72
ON18,simplified,South-West Coast,1,OTH,ALP+GRN+IND+LNP+ON,federal ON evidence trial,False,False,0.007304072632401333,0.056146619381245474,True,0.46869636804454,1.0
ON18,simplified,South-West Coast,2,GRN,ALP+IND+LNP+ON,federal ON evidence trial,False,False,0.06409020466485357,0.07075082477316211,True,0.09329901095496484,1.0
ON18,simplified,South-West Coast,3,ON,ALP+IND+LNP,federal ON evidence trial,False,False,0.15748132597094416,0.00681543061310666,True,0.0,0.78
ON18,simplified,South-West Coast,4,ALP,IND+LNP,posterior scenario,False,False,0.19387813823004557,0.10788996694824832,False,0.0,0.0
ON18,simplified,St Albans,1,IND,ALP+GRN+LNP+ON+OTH,ideology prior,False,False,0.02048001088803998,0.06510825432539616,True,0.15001125112511252,1.0
ON18,simplified,St Albans,2,GRN,ALP+LNP+ON+OTH,ideology prior,False,False,0.09032668717452585,0.0232878868649794,True,0.06116111818218407,1.0
ON18,simplified,St Albans,3,OTH,ALP+LNP+ON,ideology prior,False,False,0.12140332869806414,0.07218314042151608,True,0.45405095419825287,0.8298000000000001
ON18,simplified,St Albans,4,ON,ALP+LNP,federal ON evidence trial,False,False,0.2487097663577804,0.033270557790604144,True,0.0,0.7
ON18,simplified,Sunbury,1,IND,ALP+GRN+LNP+ON+OTH,ideology prior,False,False,0.02589741563210355,0.021592095309802994,True,0.22500000000000003,1.0
ON18,simplified,Sunbury,2,OTH,ALP+GRN+LNP+ON,federal ON evidence trial,False,False,0.052939622061682734,0.020408374676626248,True,0.41213154230773336,1.0
ON18,simplified,Sunbury,3,GRN,ALP+LNP+ON,federal ON evidence trial,False,False,0.08413927765435578,0.18072013339328888,True,0.15784939481551513,1.0
ON18,simplified,Sunbury,4,ON,ALP+LNP,federal ON evidence trial,False,False,0.27814074510559933,0.0349723105027564,True,0.0,0.73
ON18,simplified,Sydenham,1,IND,ALP+GRN+LNP+ON+OTH,ideology prior,False,False,1.0215005713881763e-09,0.06617044950606105,True,0.15,0.0
ON18,simplified,Sydenham,2,GRN,ALP+LNP+ON+OTH,ideology prior,False,False,0.06617045073186173,0.03423970373766083,True,0.05138888930912958,1.0
ON18,simplified,Sydenham,3,OTH,ALP+LNP+ON,ideology prior,False,False,0.11433260110563481,0.10003564289212039,True,0.4472425692206032,1.0
ON18,simplified,Sydenham,4,ON,ALP+LNP,federal ON evidence trial,False,False,0.26550265026191366,0.032489315706151434,True,0.0,0.7
ON18,simplified,Tarneit,1,IND,ALP+GRN+LNP+ON+OTH,ideology prior,False,False,0.022796652289728533,0.049522220795615884,True,0.1499887511248875,1.0
ON18,simplified,Tarneit,2,GRN,ALP+LNP+ON+OTH,ideology prior,False,False,0.08151519314753937,0.00033979129952289855,True,0.056938576861553306,1.0
ON18,simplified,Tarneit,3,OTH,ALP+LNP+ON,ideology prior,False,False,0.0890208758906886,0.10994327863128409,True,0.48934855164772373,0.8278172182781722
ON18,simplified,Tarneit,4,ON,ALP+LNP,federal ON evidence trial,False,False,0.24252639120549294,0.030284343519745432,True,0.0,0.7
ON18,simplified,Thomastown,1,IND,ALP+GRN+LNP+ON+OTH,ideology prior,False,False,0.01774729951625808,0.04996106618177904,True,0.15,0.0
ON18,simplified,Thomastown,2,GRN,ALP+LNP+ON+OTH,ideology prior,False,False,0.07125782560128874,0.015698904220632928,True,0.05816878888161583,1.0
ON18,simplified,Thomastown,3,OTH,ALP+LNP+ON,ideology prior,False,False,0.11149641137770284,0.09252505825584696,True,0.399475100289816,1.0
ON18,simplified,Thomastown,4,LNP,ALP+ON,ON special prior,True,True,0.22801366738780354,0.020547842362808683,True,0.63,0.0
ON18,simplified,Warrandyte,1,IND,ALP+GRN+LNP+ON+OTH,ideology prior,False,False,8.484748494929286e-05,0.0025866682117083035,True,0.15,1.0
ON18,simplified,Warrandyte,2,OTH,ALP+GRN+LNP+ON,federal ON evidence trial,False,False,0.0026945581523827008,0.12020367252406351,True,0.4090407616377166,1.0
ON18,simplified,Warrandyte,3,GRN,ALP+LNP+ON,federal ON evidence trial,False,False,0.1234740813093817,0.0027579094601278276,True,0.05941164310412127,1.0
ON18,simplified,Warrandyte,4,ON,ALP+LNP,federal ON evidence trial,False,False,0.13356778882087178,0.20956680293854157,True,0.0,0.7
ON18,simplified,Wendouree,1,IND,ALP+GRN+LNP+ON+OTH,ideology prior,False,False,1.0056324604273914e-12,0.0391772528929876,True,0.22501875187518752,1.0
ON18,simplified,Wendouree,2,OTH,ALP+GRN+LNP+ON,federal ON evidence trial,False,False,0.03917725289433305,0.06485496574537153,True,0.410920368798775,1.0
ON18,simplified,Wendouree,3,GRN,ALP+LNP+ON,federal ON evidence trial,False,False,0.1121902651971237,0.1168340028520103,True,0.12395295819459622,1.0
ON18,simplified,Wendouree,4,ON,ALP+LNP,federal ON evidence trial,False,False,0.24293058330095374,0.060215440117745433,True,0.0,0.72
ON18,simplified,Werribee,1,OTH,ALP+GRN+IND+LNP+ON,federal ON evidence trial,False,False,0.0629801353533371,0.007112352290568863,True,0.4438647731636078,1.0
ON18,simplified,Werribee,2,GRN,ALP+IND+LNP+ON,federal ON evidence trial,False,False,0.07816534469549474,0.03876065854936096,True,0.12093052934461022,1.0
ON18,simplified,Werribee,3,IND,ALP+LNP+ON,ideology prior,False,False,0.1280532114969247,0.08506519833594467,True,0.29134158659957304,0.8337833783378338
ON18,simplified,Werribee,4,LNP,ALP+ON,ON special prior,True,True,0.26823427060288074,0.020779714935234672,True,0.76,0.0
ON18,simplified,Williamstown,1,IND,ALP+GRN+LNP+ON+OTH,ideology prior,False,False,0.02464934448949325,0.03334100094012242,True,0.15,0.0
ON18,simplified,Williamstown,2,OTH,ALP+GRN+LNP+ON,federal ON evidence trial,False,False,0.06168774710303966,0.09861683442537549,True,0.32306945490191535,1.0
ON18,simplified,Williamstown,3,GRN,ALP+LNP+ON,federal ON evidence trial,False,False,0.17608510845723185,0.03051258455949371,True,0.09733410527603173,1.0
ON18,simplified,Williamstown,4,ON,ALP+LNP,federal ON evidence trial,False,False,0.22373677950084322,0.06426353067256094,True,0.0,0.65
ON18,simplified,Yan Yean,1,IND,ALP+GRN+LNP+ON+OTH,ideology prior,False,False,9.902956597926964e-10,0.06580160331199149,True,0.15,0.0
ON18,simplified,Yan Yean,2,GRN,ALP+LNP+ON+OTH,ideology prior,False,False,0.06580160450034629,0.03290983900524695,True,0.08888888918570281,1.0
ON18,simplified,Yan Yean,3,OTH,ALP+LNP+ON,ideology prior,False,False,0.1119887450330575,0.08759200753114946,True,0.4850349297062427,1.0
ON18,simplified,Yan Yean,4,ON,ALP+LNP,federal ON evidence trial,False,False,0.2538992056392063,0.06886667498519611,True,0.0,0.73
ON20,reference,Albert Park,1,OTH,ALP+GRN+IND+LNP+ON,federal ON evidence trial,False,False,0.03432450456022445,0.01374936982272576,True,0.23823751406596078,1.0
ON20,reference,Albert Park,2,IND,ALP+GRN+LNP+ON,full AEC row,False,False,0.05499962210411075,0.09975511701512971,True,0.10142301147842721,1.0
ON20,reference,Albert Park,3,ON,ALP+GRN+LNP,federal ON evidence trial,False,False,0.16033296642321485,0.09894570373786013,True,0.0,0.7000000000000001
ON20,reference,Albert Park,4,GRN,ALP+LNP,posterior scenario,False,False,0.29501326851704135,0.03039246164078263,False,0.0,0.9500000000000001
ON20,reference,Ashwood,1,OTH,ALP+GRN+IND+LNP+ON,federal ON evidence trial,False,False,1.0037557319025045e-12,0.021168771274612516,True,0.3499180153342636,1.0
ON20,reference,Ashwood,2,IND,ALP+GRN+LNP+ON,ideology prior,False,False,0.021168771275783486,0.09991878405556726,True,0.27158187448326165,0.7386
ON20,reference,Ashwood,3,ON,ALP+GRN+LNP,federal ON evidence trial,False,False,0.12683660991493545,0.056348770629846695,True,0.0,0.75
ON20,reference,Ashwood,4,GRN,ALP+LNP,posterior scenario,False,False,0.2049542764138741,0.11533496979421859,False,0.0,0.95
ON20,reference,Bass,1,OTH,ALP+GRN+IND+LNP+ON,federal ON evidence trial,False,False,0.048744288088512625,0.002403572277401185,True,0.4330392171397608,1.0
ON20,reference,Bass,2,IND,ALP+GRN+LNP+ON,ideology prior,False,False,0.059403111005572454,0.044999708588844736,True,0.4101697095609087,0.8191
ON20,reference,Bass,3,GRN,ALP+LNP+ON,federal ON evidence trial,False,False,0.11653157060504439,0.11452396385367684,True,0.15214178629530456,1.0
ON20,reference,Bass,4,ALP,LNP+ON,ON special prior,True,True,0.2943144844826252,0.01974966083732982,True,0.36,0.0
ON20,reference,Bayswater,1,IND,ALP+GRN+LNP+ON+OTH,full AEC row,False,False,0.015405182497905574,0.049082810953346566,True,0.2378512367957517,1.0
ON20,reference,Bayswater,2,OTH,ALP+GRN+LNP+ON,federal ON evidence trial,False,False,0.06755339123890018,0.04604122468904834,True,0.42534172260317304,1.0
ON20,reference,Bayswater,3,GRN,ALP+LNP+ON,federal ON evidence trial,False,False,0.12707112102410367,0.07756877538998086,True,0.14761489314179532,1.0
ON20,reference,Bayswater,4,ON,ALP+LNP,federal ON evidence trial,False,False,0.22339748636546572,0.14307395789374736,True,0.0,0.7
ON20,reference,Bellarine,1,OTH,ALP+GRN+IND+LNP+ON,federal ON evidence trial,False,False,0.028627673629515012,0.008087340502805445,True,0.5104614433681437,1.0
ON20,reference,Bellarine,2,IND,ALP+GRN+LNP+ON,full AEC row,False,False,0.04143113551813019,0.1009542858966341,True,0.36293319232633736,1.0
ON20,reference,Bellarine,3,GRN,ALP+LNP+ON,federal ON evidence trial,False,False,0.1518639881179917,0.03207532532450824,True,0.16575681692189867,1.0
ON20,reference,Bellarine,4,ON,ALP+LNP,federal ON evidence trial,False,False,0.20911180471800328,0.15189014394941353,True,0.0,0.73
ON20,reference,Benambra,1,ALP,GRN+IND+LNP+ON+OTH,ideology prior,False,False,0.013618758657294684,0.02253054471956445,True,0.26626468894009214,1.0
ON20,reference,Benambra,2,OTH,GRN+IND+LNP+ON,ideology prior,False,False,0.03691590769482621,0.027640260123516572,True,0.6212719384286316,0.9582999999999999
ON20,reference,Benambra,3,GRN,IND+LNP+ON,ideology prior,False,False,0.06631611828034256,0.2017529608895441,True,0.17003589958240262,0.8942
ON20,reference,Benambra,4,ON,IND+LNP,ideology prior,False,False,0.2793451999984977,0.07961496991505945,True,0.0,0.68
ON20,reference,Bendigo East,1,OTH,ALP+GRN+IND+LNP+ON,federal ON evidence trial,False,False,0.016038870725439153,0.013299471190806728,True,0.3890498227253916,1.0
ON20,reference,Bendigo East,2,IND,ALP+GRN+LNP+ON,ideology prior,False,False,0.03205847681263981,0.0900416802931632,True,0.3341352079790098,0.5729427057294271
ON20,reference,Bendigo East,3,GRN,ALP+LNP+ON,federal ON evidence trial,False,False,0.12783064343993825,0.08746894908814279,True,0.15952822651993165,1.0
ON20,reference,Bendigo East,4,ON,ALP+LNP,federal ON evidence trial,False,False,0.23569218837095612,0.08381078628206007,True,0.0,0.72
ON20,reference,Bendigo West,1,IND,ALP+GRN+LNP+ON+OTH,full AEC row,False,False,0.02583883640988111,0.047485194800785335,True,0.3812167056100475,1.0
ON20,reference,Bendigo West,2,OTH,ALP+GRN+LNP+ON,federal ON evidence trial,False,False,0.08195759295330675,0.06871281577517498,True,0.439265340883135,1.0
ON20,reference,Bendigo West,3,GRN,ALP+LNP+ON,federal ON evidence trial,False,False,0.1643948503045325,0.06984893553533883,True,0.18294901195741142,1.0
ON20,reference,Bendigo West,4,ON,ALP+LNP,federal ON evidence trial,False,False,0.2643196612739721,0.0065967926696571255,True,0.0,0.72
ON20,reference,Bentleigh,1,OTH,ALP+GRN+IND+LNP+ON,federal ON evidence trial,False,False,0.017010519063740574,0.003025663934217448,True,0.34992545127056257,1.0
ON20,reference,Bentleigh,2,IND,ALP+GRN+LNP+ON,ideology prior,False,False,0.022869931241107457,0.11100034521893748,True,0.27639927353753135,0.7199
ON20,reference,Bentleigh,3,GRN,ALP+LNP+ON,federal ON evidence trial,False,False,0.13947856474718803,0.03395218589006124,True,0.1066616388755374,1.0
ON20,reference,Bentleigh,4,ON,ALP+LNP,federal ON evidence trial,False,False,0.18830776294119211,0.17428846620652316,True,0.0,0.7
ON20,reference,Berwick,1,IND,ALP+GRN+LNP+ON+OTH,ideology prior,False,False,0.00019107949776982965,0.025018570346464996,True,0.2717267726161369,0.0
ON20,reference,Berwick,2,OTH,ALP+GRN+LNP+ON,federal ON evidence trial,False,False,0.02523347638307654,0.08909586966205724,True,0.4776461188929926,1.0
ON20,reference,Berwick,3,GRN,ALP+LNP+ON,federal ON evidence trial,False,False,0.11858855371327415,0.11152730446113229,True,0.16057666911374235,1.0
ON20,reference,Berwick,4,ON,ALP+LNP,federal ON evidence trial,False,False,0.2576595278412522,0.0343996335216184,True,0.0,0.73
ON20,reference,Box Hill,1,IND,ALP+GRN+LNP+ON+OTH,full AEC row,False,False,0.01638796275670719,0.0010557426113631807,True,0.2722222748815166,1.0
ON20,reference,Box Hill,2,OTH,ALP+GRN+LNP+ON,federal ON evidence trial,False,False,0.023501504150876693,0.09186078370096619,True,0.35190784060825814,1.0
ON20,reference,Box Hill,3,ON,ALP+GRN+LNP,federal ON evidence trial,False,False,0.12363265142862392,0.061594678163247873,True,0.0,0.75
ON20,reference,Box Hill,4,GRN,ALP+LNP,posterior scenario,False,False,0.2081148050542577,0.12506223799550656,False,0.0,0.9500000000000001
ON20,reference,Brighton,1,OTH,ALP+GRN+IND+LNP+ON,federal ON evidence trial,False,False,0.02799529158458782,0.07615233818642886,True,0.2382375140659608,1.0
ON20,reference,Brighton,2,IND,ALP+GRN+LNP+ON,full AEC row,False,False,0.11003220182877252,0.006783230675489832,True,0.08503015400284232,1.0
ON20,reference,Brighton,3,ON,ALP+GRN+LNP,federal ON evidence trial,False,False,0.1261714875710347,0.05406122152062243,True,0.0,0.7000000000000001
ON20,reference,Brighton,4,ALP,GRN+LNP,posterior scenario,False,False,0.2102428496652427,0.047278368658234815,False,0.0,0.0
ON20,reference,Broadmeadows,1,IND,ALP+GRN+LNP+ON+OTH,full AEC row,False,False,0.07544181666563432,0.023346438117838583,True,0.2794791469194313,1.0
ON20,reference,Broadmeadows,2,GRN,ALP+LNP+ON+OTH,ideology prior,False,False,0.11213665114187557,0.023765401999541275,True,0.09848175993603646,1.0
ON20,reference,Broadmeadows,3,OTH,ALP+LNP+ON,ideology prior,False,False,0.14589473384376678,0.035325159626407615,True,0.5045880697689653,0.7785
ON20,reference,Broadmeadows,4,LNP,ALP+ON,ON special prior,True,True,0.21096625312738446,0.08876084910448737,True,0.6299999999999999,0.0
ON20,reference,Brunswick,1,IND,ALP+GRN+LNP+ON+OTH,full AEC row,False,False,0.02127240097125374,0.054762984545359245,True,0.10649742268041237,1.0
ON20,reference,Brunswick,2,LNP,ALP+GRN+ON+OTH,ideology prior,False,False,0.07939633989011874,0.02041520245245218,True,0.23023307509652569,1.0
ON20,reference,Brunswick,3,OTH,ALP+GRN+ON,ideology prior,False,False,0.11132197098259433,0.04027776345520945,True,0.2200273115867584,0.9330066993300671
ON20,reference,Brunswick,4,ON,ALP+GRN,ideology prior,False,False,0.17609360843364313,0.06802033097010379,True,0.0,0.16999999999999998
ON20,reference,Bulleen,1,OTH,ALP+GRN+IND+LNP+ON,federal ON evidence trial,False,False,0.010331814396505143,0.0008376481718096202,True,0.3499180153342636,1.0
ON20,reference,Bulleen,2,IND,ALP+GRN+LNP+ON,ideology prior,False,False,0.01289061880022838,0.11688322915403981,True,0.2788574733477362,0.5743425657434257
ON20,reference,Bulleen,3,ON,ALP+GRN+LNP,federal ON evidence trial,False,False,0.1333684933427887,0.013391334451762493,True,0.0,0.75
ON20,reference,Bulleen,4,GRN,ALP+LNP,posterior scenario,False,False,0.1702495122400137,0.0795804329176554,False,0.0,0.95
ON20,reference,Bundoora,1,IND,ALP+GRN+LNP+ON+OTH,full AEC row,False,False,0.0067202610940167,0.04466993060213035,True,0.2663020142180095,1.0
ON20,reference,Bundoora,2,OTH,ALP+GRN+LNP+ON,federal ON evidence trial,False,False,0.05335292198012231,0.09939237030313133,True,0.3796286225175703,1.0
ON20,reference,Bundoora,3,GRN,ALP+LNP+ON,federal ON evidence trial,False,False,0.1642693094790598,0.011184478627826427,True,0.11879402695139725,1.0
ON20,reference,Bundoora,4,ON,ALP+LNP,federal ON evidence trial,False,False,0.1949680008844291,0.11503002691078543,True,0.0,0.7
ON20,reference,Carrum,1,IND,ALP+GRN+LNP+ON+OTH,full AEC row,False,False,0.019725709415277234,0.02292688371692214,True,0.39996737173717367,1.0
ON20,reference,Carrum,2,OTH,ALP+GRN+LNP+ON,federal ON evidence trial,False,False,0.051880614403549026,0.04257788233367613,True,0.44321169439896074,1.0
ON20,reference,Carrum,3,GRN,ALP+LNP+ON,federal ON evidence trial,False,False,0.1045180329844841,0.16224783590530217,True,0.186403458446934,1.0
ON20,reference,Carrum,4,ON,ALP+LNP,federal ON evidence trial,False,False,0.28624839170816485,0.017104389446658375,True,0.0,0.73
ON20,reference,Caulfield,1,OTH,ALP+GRN+IND+LNP+ON,federal ON evidence trial,False,False,0.007318248791694256,0.04640717853007814,True,0.2382375140659608,1.0
ON20,reference,Caulfield,2,IND,ALP+GRN+LNP+ON,full AEC row,False,False,0.05510071222382933,0.0726625681553631,True,0.07140711040619165,1.0
ON20,reference,Caulfield,3,ON,ALP+GRN+LNP,federal ON evidence trial,False,False,0.1316978630204192,0.05973609668447932,True,0.0,0.7000000000000001
ON20,reference,Caulfield,4,ALP,GRN+LNP,posterior scenario,False,False,0.22158144436899277,0.02825048866861926,False,0.0,0.0
ON20,reference,Clarinda,1,OTH,ALP+GRN+IND+LNP+ON,federal ON evidence trial,False,False,0.021899203302771206,0.07584027982083501,True,0.3932651912847359,1.0
ON20,reference,Clarinda,2,IND,ALP+GRN+LNP+ON,ideology prior,False,False,0.10333299928664505,0.003671171037515894,True,0.25964523559464975,1.0
ON20,reference,Clarinda,3,GRN,ALP+LNP+ON,federal ON evidence trial,False,False,0.12472421453829935,0.10211631219999481,True,0.13202882777222794,0.8262
ON20,reference,Clarinda,4,ON,ALP+LNP,federal ON evidence trial,False,False,0.2433077185785977,0.05144053116248806,True,0.0,0.7
ON20,reference,Cranbourne,1,IND,ALP+GRN+LNP+ON+OTH,full AEC row,False,False,0.010046190552004815,0.06464177458072647,True,0.26869111374407584,1.0
ON20,reference,Cranbourne,2,GRN,ALP+LNP+ON+OTH,full AEC row,False,False,0.07585157467587274,0.04471268993263802,True,0.08978024672880984,1.0
ON20,reference,Cranbourne,3,OTH,ALP+LNP+ON,full AEC row,False,False,0.14234007446241811,0.09667290248247498,True,0.4739799111436896,1.0
ON20,reference,Cranbourne,4,LNP,ALP+ON,ON special prior,True,True,0.26841338551294464,0.06740315085479837,True,0.63,0.0
ON20,reference,Croydon,1,IND,ALP+GRN+LNP+ON+OTH,ideology prior,False,False,1.005348646027661e-12,0.05826875224561988,True,0.24097748815165881,0.0
ON20,reference,Croydon,2,OTH,ALP+GRN+LNP+ON,federal ON evidence trial,False,False,0.05826875224674673,0.07497351320407218,True,0.4334796804434421,1.0
ON20,reference,Croydon,3,GRN,ALP+LNP+ON,federal ON evidence trial,False,False,0.144656372217311,0.04998927797482419,True,0.12660422633014223,1.0
ON20,reference,Croydon,4,ON,ALP+LNP,federal ON evidence trial,False,False,0.21295975828043295,0.11942870654413318,True,0.0,0.7
ON20,reference,Dandenong,1,IND,ALP+GRN+LNP+ON+OTH,full AEC row,False,False,0.0017501276770048066,0.0758805305108274,True,0.2782042654028436,1.0
ON20,reference,Dandenong,2,OTH,ALP+GRN+LNP+ON,federal ON evidence trial,False,False,0.0782437503080857,0.026237078221269486,True,0.38908440630696717,1.0
ON20,reference,Dandenong,3,GRN,ALP+LNP+ON,federal ON evidence trial,False,False,0.12084963732841861,0.06695479121509693,True,0.15968782537375067,0.7686
ON20,reference,Dandenong,4,LNP,ALP+ON,ON special prior,True,True,0.20190747101940337,0.06584103661989077,True,0.6299999999999999,0.0
ON20,reference,Eildon,1,IND,ALP+GRN+LNP+ON+OTH,full AEC row,False,False,0.017574637237500995,0.021107035836944198,True,0.4150872894417875,1.0
ON20,reference,Eildon,2,OTH,ALP+GRN+LNP+ON,federal ON evidence trial,False,False,0.04352707326540046,0.0911853597094103,True,0.5069057441522024,1.0
ON20,reference,Eildon,3,GRN,ALP+LNP+ON,federal ON evidence trial,False,False,0.14119132476919913,0.0364725708836795,True,0.12735050581752308,1.0
ON20,reference,Eildon,4,ALP,LNP+ON,ON special prior,True,True,0.26998649034255057,0.014672342720578213,True,0.36000000000000004,0.0
ON20,reference,Eltham,1,IND,ALP+GRN+LNP+ON+OTH,ideology prior,False,False,1.0055596153105026e-12,0.010401349228951251,True,0.24097748815165881,0.0
ON20,reference,Eltham,2,OTH,ALP+GRN+LNP+ON,federal ON evidence trial,False,False,0.010401349230078336,0.14568337197261177,True,0.4334796804417012,1.0
ON20,reference,Eltham,3,GRN,ALP+LNP+ON,federal ON evidence trial,False,False,0.15821974895957439,0.023600799073455414,True,0.09364788912441345,1.0
ON20,reference,Eltham,4,ON,ALP+LNP,federal ON evidence trial,False,False,0.19663749354088855,0.15611277829855108,True,0.0,0.7
ON20,reference,Essendon,1,IND,ALP+GRN+LNP+ON+OTH,ideology prior,False,False,0.017587231831293557,0.048258846927311236,True,0.2409774881516588,0.0
ON20,reference,Essendon,2,OTH,ALP+GRN+LNP+ON,federal ON evidence trial,False,False,0.06797154990409288,0.12047408863307324,True,0.37974444679164054,1.0
ON20,reference,Essendon,3,GRN,ALP+LNP+ON,federal ON evidence trial,False,False,0.20771861878663006,0.025036955287696977,True,0.134744517616059,1.0
ON20,reference,Essendon,4,ON,ALP+LNP,federal ON evidence trial,False,False,0.26074451916260555,0.04162820571837922,True,0.0,0.7
ON20,reference,Eureka,1,IND,ALP+GRN+LNP+ON+OTH,full AEC row,False,False,0.03128743625097088,0.04426764472608826,True,0.4171183058523416,1.0
ON20,reference,Eureka,2,OTH,ALP+GRN+LNP+ON,federal ON evidence trial,False,False,0.0834910705359532,0.040300935153920844,True,0.5098634927375342,1.0
ON20,reference,Eureka,3,GRN,ALP+LNP+ON,federal ON evidence trial,False,False,0.13561170201619252,0.12227863280512799,True,0.14967252842063367,1.0
ON20,reference,Eureka,4,LNP,ALP+ON,ON special prior,True,True,0.28896282644770493,0.055141699883425876,True,0.79,0.0
ON20,reference,Euroa,1,IND,ALP+GRN+LNP+ON+OTH,ideology prior,False,False,9.86729603296533e-10,0.042639093603899766,True,0.31139634146341466,0.0
ON20,reference,Euroa,2,OTH,ALP+GRN+LNP+ON,federal ON evidence trial,False,False,0.0426390947133689,0.029653162484508243,True,0.44259794549757364,1.0
ON20,reference,Euroa,3,GRN,ALP+LNP+ON,federal ON evidence trial,False,False,0.07936749573682125,0.10337149651605484,True,0.14753300566767893,0.87
ON20,reference,Euroa,4,ALP,LNP+ON,ON special prior,True,True,0.23621305572472243,0.0652209069359134,True,0.36,0.0
ON20,reference,Evelyn,1,IND,ALP+GRN+LNP+ON+OTH,full AEC row,False,False,0.015133520528664327,0.009646845677160702,True,0.3897209389696727,1.0
ON20,reference,Evelyn,2,OTH,ALP+GRN+LNP+ON,federal ON evidence trial,False,False,0.029752914002618803,0.09072840356878294,True,0.45272494059225427,1.0
ON20,reference,Evelyn,3,GRN,ALP+LNP+ON,federal ON evidence trial,False,False,0.1255371404410355,0.08787432558807734,True,0.16136125677588004,1.0
ON20,reference,Evelyn,4,ON,ALP+LNP,federal ON evidence trial,False,False,0.23709568994769684,0.05041126485251643,True,0.0,0.73
ON20,reference,Footscray,1,IND,ALP+GRN+LNP+ON+OTH,ideology prior,False,False,0.002964260170994561,0.09563203975485222,True,0.09438144329896908,0.0
ON20,reference,Footscray,2,OTH,ALP+GRN+LNP+ON,federal ON evidence trial,False,False,0.09898593206172494,0.04634549604706929,True,0.2620606064741312,1.0
ON20,reference,Footscray,3,LNP,ALP+GRN+ON,full AEC row,False,False,0.1587201947488918,0.03555051198018405,True,0.11199662614488932,1.0
ON20,reference,Footscray,4,ON,ALP+GRN,ideology prior,False,False,0.21204683304201152,0.16754035564270628,True,0.0,0.16999999999999998
ON20,reference,Frankston,1,IND,ALP+GRN+LNP+ON+OTH,full AEC row,False,False,0.026153343358990777,0.05178757463336012,True,0.2737018957345972,1.0
ON20,reference,Frankston,2,OTH,ALP+GRN+LNP+ON,federal ON evidence trial,False,False,0.09031405234053998,0.05069133119117984,True,0.3711651205502946,1.0
ON20,reference,Frankston,3,GRN,ALP+LNP+ON,federal ON evidence trial,False,False,0.16020062510849764,0.10439331199090102,True,0.14182675439490025,1.0
ON20,reference,Frankston,4,ON,ALP+LNP,federal ON evidence trial,False,False,0.287314671810571,0.014851429691790652,True,0.0,0.7
ON20,reference,Geelong,1,OTH,ALP+GRN+IND+LNP+ON,federal ON evidence trial,False,False,0.021937475476361313,0.055950700330290565,True,0.3890402385558631,1.0
ON20,reference,Geelong,2,IND,ALP+GRN+LNP+ON,ideology prior,False,False,0.08160869289314411,0.0759895995171279,True,0.34893924821262634,0.6687
ON20,reference,Geelong,3,GRN,ALP+LNP+ON,federal ON evidence trial,False,False,0.17492948344625217,0.04372026191667844,True,0.1723169940056781,1.0
ON20,reference,Geelong,4,LNP,ALP+ON,ON special prior,True,True,0.25280617663364396,0.07660374574533058,True,0.69,0.0
ON20,reference,Gippsland East,1,IND,ALP+GRN+LNP+ON+OTH,ideology prior,False,False,0.01998132848256196,0.02653522871375612,True,0.31139634146341466,0.0
ON20,reference,Gippsland East,2,ALP,GRN+LNP+ON+OTH,ideology prior,False,False,0.050347976932849335,0.009831922844324263,True,0.2508631264194919,0.0
ON20,reference,Gippsland East,3,OTH,GRN+LNP+ON,ideology prior,False,False,0.06525104850428468,0.04120697130222277,True,0.5736732681510799,0.8903
ON20,reference,Gippsland East,4,GRN,LNP+ON,ON special prior,True,True,0.11713572801467745,0.23629432461507546,True,0.23000000000000004,0.2589
ON20,reference,Gippsland South,1,OTH,ALP+GRN+IND+LNP+ON,federal ON evidence trial,False,False,0.021922432033701592,0.02395398601810383,True,0.566725395090153,1.0
ON20,reference,Gippsland South,2,IND,ALP+GRN+LNP+ON,full AEC row,False,False,0.049209756020620374,0.05493370360464206,True,0.4206293775895364,1.0
ON20,reference,Gippsland South,3,GRN,ALP+LNP+ON,federal ON evidence trial,False,False,0.10723912134976983,0.0018506121090898636,True,0.11309454615641203,1.0
ON20,reference,Gippsland South,4,ALP,LNP+ON,ON special prior,True,True,0.17827708365239844,0.14799992541843762,True,0.35999999999999993,0.0
ON20,reference,Glen Waverley,1,IND,ALP+GRN+LNP+ON+OTH,ideology prior,False,False,0.0001628907699871915,0.03335683727985383,True,0.2409774881516588,0.0
ON20,reference,Glen Waverley,2,OTH,ALP+GRN+LNP+ON,federal ON evidence trial,False,False,0.03353941390119018,0.08521400945645775,True,0.38376752886268006,1.0
ON20,reference,Glen Waverley,3,ON,ALP+GRN+LNP,federal ON evidence trial,False,False,0.1316247613500103,0.0017014691266761528,True,0.0,0.75
ON20,reference,Glen Waverley,4,GRN,ALP+LNP,posterior scenario,False,False,0.1580952124173856,0.1800331809729352,False,0.0,0.9500000000000001
ON20,reference,Greenvale,1,IND,ALP+GRN+LNP+ON+OTH,full AEC row,False,False,0.06090880439589836,0.028476859596661443,True,0.26988862559241705,1.0
ON20,reference,Greenvale,2,GRN,ALP+LNP+ON+OTH,full AEC row,False,False,0.09375862748086589,0.04742969883672346,True,0.09600086124728159,1.0
ON20,reference,Greenvale,3,OTH,ALP+LNP+ON,full AEC row,False,False,0.17851964193972392,0.005329929453866511,True,0.4321592341103102,1.0
ON20,reference,Greenvale,4,ON,ALP+LNP,federal ON evidence trial,False,False,0.2609984831279083,0.013114420366185375,True,0.0,0.7
ON20,reference,Hastings,1,IND,ALP+GRN+LNP+ON+OTH,full AEC row,False,False,0.00878259483521401,0.042226316736274416,True,0.4210069512195122,1.0
ON20,reference,Hastings,2,OTH,ALP+GRN+LNP+ON,federal ON evidence trial,False,False,0.05342763818910636,0.06670918792582972,True,0.5166016568539435,1.0
ON20,reference,Hastings,3,GRN,ALP+LNP+ON,federal ON evidence trial,False,False,0.1280870724079001,0.12187833052130684,True,0.13493138068414998,1.0
ON20,reference,Hastings,4,ON,ALP+LNP,federal ON evidence trial,False,False,0.294984308660432,0.03932558629718308,True,0.0,0.73
ON20,reference,Hawthorn,1,OTH,ALP+GRN+IND+LNP+ON,federal ON evidence trial,False,False,0.010714053928092018,0.07271595695297316,True,0.2382375140659608,1.0
ON20,reference,Hawthorn,2,ON,ALP+GRN+IND+LNP,federal ON evidence trial,False,False,0.08598250045446246,0.046521027219601135,True,0.0,0.8
ON20,reference,Hawthorn,3,ALP,GRN+IND+LNP,posterior scenario,False,False,0.14837319057666745,0.030750057004556047,False,0.0,0.0
ON20,reference,Hawthorn,4,IND,GRN+LNP,ideology prior,False,False,0.2375505070439583,0.01562444886457598,False,0.0,0.20010000000000003
ON20,reference,Ivanhoe,1,OTH,ALP+GRN+IND+LNP+ON,federal ON evidence trial,False,False,0.011816018800067335,0.0016322212942526532,True,0.3499180153342636,1.0
ON20,reference,Ivanhoe,2,IND,ALP+GRN+LNP+ON,ideology prior,False,False,0.015416646960109567,0.1417445847203892,True,0.2777246453411795,0.7434743474347435
ON20,reference,Ivanhoe,3,ON,ALP+GRN+LNP,federal ON evidence trial,False,False,0.1614428144898454,0.060007316053383025,True,0.0,0.75
ON20,reference,Ivanhoe,4,GRN,ALP+LNP,posterior scenario,False,False,0.24987028563715205,0.10212035995433125,False,0.0,0.95
ON20,reference,Kalkallo,1,IND,ALP+GRN+LNP+ON+OTH,full AEC row,False,False,0.017650364929809682,0.06500452495910222,True,0.3842006361394086,1.0
ON20,reference,Kalkallo,2,GRN,ALP+LNP+ON+OTH,full AEC row,False,False,0.08349264873711279,0.01667755217814018,True,0.1532143517563005,1.0
ON20,reference,Kalkallo,3,OTH,ALP+LNP+ON,full AEC row,False,False,0.12012788000986542,0.08511995201820828,True,0.5116208622913276,1.0
ON20,reference,Kalkallo,4,LNP,ALP+ON,ON special prior,True,True,0.24041802722739453,0.026289734356555683,True,0.76,0.0
ON20,reference,Kew,1,OTH,ALP+GRN+IND+LNP+ON,federal ON evidence trial,False,False,0.0017713109927187448,0.08322535487052421,True,0.2382375140659608,1.0
ON20,reference,Kew,2,ON,ALP+GRN+IND+LNP,federal ON evidence trial,False,False,0.08541865859078597,0.041967302286184324,True,0.0,0.8
ON20,reference,Kew,3,ALP,GRN+IND+LNP,posterior scenario,False,False,0.14296370482616208,0.0010077653185414925,False,0.0,0.0
ON20,reference,Kew,4,GRN,IND+LNP,ideology prior,False,False,0.21530576453049574,0.028326603353899943,False,0.0,0.5631
ON20,reference,Kororoit,1,IND,ALP+GRN+LNP+ON+OTH,full AEC row,False,False,0.016775495576617568,0.07869235143924519,True,0.26919964686042064,1.0
ON20,reference,Kororoit,2,GRN,ALP+LNP+ON+OTH,full AEC row,False,False,0.09655001080201343,0.05418860479143271,True,0.08879072578613253,1.0
ON20,reference,Kororoit,3,OTH,ALP+LNP+ON,full AEC row,False,False,0.18676333231409534,0.017368906372806497,True,0.4484801363715276,1.0
ON20,reference,Kororoit,4,LNP,ALP+ON,ON special prior,True,True,0.2283114478704974,0.06673680539699456,True,0.63,0.0
ON20,reference,Lara,1,IND,ALP+GRN+LNP+ON+OTH,full AEC row,False,False,0.01727801731620796,0.0581302155511685,True,0.35818862173503413,1.0
ON20,reference,Lara,2,OTH,ALP+GRN+LNP+ON,federal ON evidence trial,False,False,0.07902092484735426,0.04290879355474385,True,0.47161348524665486,1.0
ON20,reference,Lara,3,GRN,ALP+LNP+ON,federal ON evidence trial,False,False,0.13570917147367195,0.0256513501327732,True,0.1979250925281379,1.0
ON20,reference,Lara,4,LNP,ALP+ON,ON special prior,True,True,0.19925911483592107,0.17373158082254025,True,0.76,0.0
ON20,reference,Laverton,1,IND,ALP+GRN+LNP+ON+OTH,full AEC row,False,False,0.022528673435803673,0.10184795601534671,True,0.2748545962416147,1.0
ON20,reference,Laverton,2,GRN,ALP+LNP+ON+OTH,ideology prior,False,False,0.12988531276674037,0.005009094889148913,True,0.09290861648010995,1.0
ON20,reference,Laverton,3,OTH,ALP+LNP+ON,ideology prior,False,False,0.1451835388555694,0.04273966444444982,True,0.5150721285365345,0.7149
ON20,reference,Laverton,4,LNP,ALP+ON,ON special prior,True,True,0.2150888478848398,0.0725427189921721,True,0.56,0.0
ON20,reference,Lowan,1,IND,ALP+GRN+LNP+ON+OTH,ideology prior,False,False,0.03966764224120406,0.002541151087726519,True,0.34287014634146346,1.0
ON20,reference,Lowan,2,OTH,ALP+GRN+LNP+ON,federal ON evidence trial,False,False,0.045662780714323226,0.029390181141455377,True,0.506924321087595,0.8765123487651234
ON20,reference,Lowan,3,ALP,GRN+LNP+ON,ideology prior,False,False,0.08079326476670559,0.006900442727666892,True,0.2904540316351113,0.0
ON20,reference,Lowan,4,GRN,LNP+ON,ON special prior,True,True,0.12628489747431834,0.19430547437203835,True,0.23000000000000007,0.2864
ON20,reference,Macedon,1,OTH,ALP+GRN+IND+LNP+ON,federal ON evidence trial,False,False,0.03102470117084436,0.018060057299188415,True,0.43302774148806866,1.0
ON20,reference,Macedon,2,IND,ALP+GRN+LNP+ON,ideology prior,False,False,0.05433904967479424,0.09626739311653937,True,0.40920208113304596,0.8798
ON20,reference,Macedon,3,GRN,ALP+LNP+ON,federal ON evidence trial,False,False,0.15715252647994857,0.1082758112884826,True,0.12351273208716054,1.0
ON20,reference,Macedon,4,ON,ALP+LNP,federal ON evidence trial,False,False,0.28483867566836946,0.017802504546081566,True,0.0,0.73
ON20,reference,Malvern,1,IND,ALP+GRN+LNP+ON+OTH,full AEC row,False,False,0.012473349091382202,0.006429264868342031,True,0.10661713917525775,1.0
ON20,reference,Malvern,2,OTH,ALP+GRN+LNP+ON,federal ON evidence trial,False,False,0.021050408941155275,0.07898382002965103,True,0.2479083339063509,1.0
ON20,reference,Malvern,3,ON,ALP+GRN+LNP,federal ON evidence trial,False,False,0.10525280077945547,0.05270437911212593,True,0.0,0.7000000000000001
ON20,reference,Malvern,4,ALP,GRN+LNP,posterior scenario,False,False,0.18212849427366318,0.03780046791948374,False,0.0,0.0
ON20,reference,Melbourne,1,IND,ALP+GRN+LNP+ON+OTH,full AEC row,False,False,0.009473481247301085,0.06688082707210663,True,0.11063385057212327,1.0
ON20,reference,Melbourne,2,OTH,ALP+GRN+LNP+ON,federal ON evidence trial,False,False,0.08007500970065103,0.06287988272491891,True,0.2557310118543149,1.0
ON20,reference,Melbourne,3,LNP,ALP+GRN+ON,full AEC row,False,False,0.16285073514006682,0.0005818205404946875,True,0.1067226262132249,1.0
ON20,reference,Melbourne,4,ON,ALP+GRN,ideology prior,False,False,0.18081241381546373,0.08368961347704465,True,0.0,0.16999999999999998
ON20,reference,Melton,1,GRN,ALP+IND+LNP+ON+OTH,full AEC row,False,False,0.06856426922431545,0.028383118803009408,True,0.14883720930232558,1.0
ON20,reference,Melton,2,OTH,ALP+IND+LNP+ON,ideology prior,False,False,0.10335734994085388,0.0684718924081188,True,0.5432164370241057,0.9478
ON20,reference,Melton,3,LNP,ALP+IND+ON,ideology prior,False,False,0.18462902003005677,0.058791844555518114,True,0.5106246554089529,0.0
ON20,reference,Melton,4,ALP,IND+ON,ideology prior,False,False,0.28124213862158354,0.023005381040163475,True,0.4702304325643997,0.0
ON20,reference,Mildura,1,OTH,ALP+GRN+IND+LNP+ON,federal ON evidence trial,False,False,0.004589495975214268,0.005931506742649136,True,0.4330277414880686,1.0
ON20,reference,Mildura,2,ALP,GRN+IND+LNP+ON,ideology prior,False,False,0.010892805371466282,0.034668284102891425,True,0.2772038446904373,1.0
ON20,reference,Mildura,3,GRN,IND+LNP+ON,ideology prior,False,False,0.048602916534922845,0.21818310874162603,True,0.24852515284285678,0.5776422357764224
ON20,reference,Mildura,4,ON,IND+LNP,ideology prior,False,False,0.27886507253699916,0.03263307657081882,True,0.0,0.68
ON20,reference,Mill Park,1,IND,ALP+GRN+LNP+ON+OTH,ideology prior,False,False,1.0212571082457013e-09,0.09347345701027744,True,0.24097748815165881,0.0
ON20,reference,Mill Park,2,GRN,ALP+LNP+ON+OTH,full AEC row,False,False,0.09347345823679634,0.008093218087022278,True,0.08653846199182216,1.0
ON20,reference,Mill Park,3,OTH,ALP+LNP+ON,full AEC row,False,False,0.12018047746905362,0.08584572816796428,True,0.4789730416570726,1.0
ON20,reference,Mill Park,4,LNP,ALP+ON,ON special prior,True,True,0.2350662593392968,0.07194790550111196,True,0.63,0.0
ON20,reference,Monbulk,1,OTH,ALP+GRN+IND+LNP+ON,federal ON evidence trial,False,False,0.03123824977408865,0.054635110167952625,True,0.5104614433681437,1.0
ON20,reference,Monbulk,2,IND,ALP+GRN+LNP+ON,full AEC row,False,False,0.09232303397514885,0.08465518044412274,True,0.36135485820915264,1.0
ON20,reference,Monbulk,3,GRN,ALP+LNP+ON,federal ON evidence trial,False,False,0.19981179620849243,0.046157837605535684,True,0.1779776716734094,1.0
ON20,reference,Monbulk,4,ON,ALP+LNP,federal ON evidence trial,False,False,0.28153167207609736,0.06381710677911723,True,0.0,0.73
ON20,reference,Mordialloc,1,OTH,ALP+GRN+IND+LNP+ON,federal ON evidence trial,False,False,0.022318984715658262,0.04508138130688683,True,0.3932899727822708,1.0
ON20,reference,Mordialloc,2,IND,ALP+GRN+LNP+ON,full AEC row,False,False,0.07242249951731414,0.05394877997230291,True,0.2538797061156077,1.0
ON20,reference,Mordialloc,3,GRN,ALP+LNP+ON,federal ON evidence trial,False,False,0.13854836390261685,0.07858593343362177,True,0.11810200257463735,1.0
ON20,reference,Mordialloc,4,ON,ALP+LNP,federal ON evidence trial,False,False,0.23349713656657728,0.09953170057417937,True,0.0,0.7
ON20,reference,Mornington,1,OTH,ALP+GRN+IND+LNP+ON,federal ON evidence trial,False,False,0.0057091719244501266,0.09166653418800892,True,0.5104614433681436,1.0
ON20,reference,Mornington,2,GRN,ALP+IND+LNP+ON,federal ON evidence trial,False,False,0.0977209070409758,0.016112931786249854,True,0.14239862016308955,1.0
ON20,reference,Mornington,3,ALP,IND+LNP+ON,full AEC row,False,False,0.1430228850145091,0.04444937204680871,True,0.2731628692609799,1.0
ON20,reference,Mornington,4,ON,IND+LNP,ideology prior,False,False,0.2265407987018643,0.09003944239690245,True,0.0,0.69
ON20,reference,Morwell,1,GRN,ALP+IND+LNP+ON+OTH,full AEC row,False,False,0.05795252885841439,0.02083079648720384,True,0.14883720930232558,1.0
ON20,reference,Morwell,2,OTH,ALP+IND+LNP+ON,ideology prior,False,False,0.08368907430014447,0.04466827545103272,True,0.45508981216114647,1.0
ON20,reference,Morwell,3,IND,ALP+LNP+ON,ideology prior,False,False,0.1425023112446284,0.06492037356669117,True,0.3911032393326466,0.6859
ON20,reference,Morwell,4,ALP,LNP+ON,ON special prior,True,True,0.2504151403161072,0.06529885930829088,True,0.24999999999999994,0.0
ON20,reference,Mulgrave,1,OTH,ALP+GRN+IND+LNP+ON,federal ON evidence trial,False,False,0.013683870286523316,0.06570147578466261,True,0.39328997278227085,1.0
ON20,reference,Mulgrave,2,GRN,ALP+IND+LNP+ON,federal ON evidence trial,False,False,0.08080297100848945,0.07940480157883002,True,0.09223439704603158,1.0
ON20,reference,Mulgrave,3,LNP,ALP+IND+ON,full AEC row,False,False,0.17251700947815896,0.011970358082228627,True,0.32846702398942096,1.0
ON20,reference,Mulgrave,4,IND,ALP+ON,ON special prior,True,True,0.20821974330067475,0.048044423101989614,True,0.19999999999999998,0.0
ON20,reference,Murray Plains,1,IND,ALP+GRN+LNP+ON+OTH,full AEC row,False,False,0.01695260795957607,0.036981082883499314,True,0.41703402439024395,1.0
ON20,reference,Murray Plains,2,ALP,GRN+LNP+ON+OTH,ideology prior,False,False,0.05502623060650726,0.006794754112110175,True,0.24570554906355915,0.0
ON20,reference,Murray Plains,3,GRN,LNP+ON+OTH,ideology prior,False,False,0.08753084807467006,0.0005944044694132788,True,0.28627129842502924,0.6117
ON20,reference,Murray Plains,4,OTH,LNP+ON,ON special prior,True,True,0.12267134995366155,0.20883050822932583,True,0.46,0.8509
ON20,reference,Narracan,1,OTH,ALP+GRN+IND+LNP+ON,federal ON evidence trial,False,False,9.865556607812668e-10,0.05674362588003735,True,0.3756552208528613,0.0
ON20,reference,Narracan,2,IND,ALP+GRN+LNP+ON,ideology prior,False,False,0.056743627071408544,0.09384797291198724,True,0.3228454092030907,0.0
ON20,reference,Narracan,3,ALP,GRN+LNP+ON,ideology prior,False,False,0.16381378095362994,0.00459969539467997,True,0.25697594950920544,0.0
ON20,reference,Narracan,4,GRN,LNP+ON,ON special prior,True,True,0.25394815478784744,0.04596597705842281,True,0.23,0.0
ON20,reference,Narre Warren North,1,IND,ALP+GRN+LNP+ON+OTH,full AEC row,False,False,0.013158037320417227,0.0739453741358008,True,0.2712580856843226,1.0
ON20,reference,Narre Warren North,2,GRN,ALP+LNP+ON+OTH,full AEC row,False,False,0.08821775122784214,0.005352397103777079,True,0.08915043394814505,1.0
ON20,reference,Narre Warren North,3,OTH,ALP+LNP+ON,full AEC row,False,False,0.11208949249426696,0.12884613327541278,True,0.46501843442033997,1.0
ON20,reference,Narre Warren North,4,LNP,ALP+ON,ON special prior,True,True,0.266521053733197,0.051784535068991056,True,0.6300000000000001,0.0
ON20,reference,Narre Warren South,1,IND,ALP+GRN+LNP+ON+OTH,full AEC row,False,False,0.0053538282482697855,0.08019986657641759,True,0.2761682347144668,1.0
ON20,reference,Narre Warren South,2,GRN,ALP+LNP+ON+OTH,full AEC row,False,False,0.08775316273172994,0.00017751430309992378,True,0.08748917747315907,1.0
ON20,reference,Narre Warren South,3,OTH,ALP+LNP+ON,full AEC row,False,False,0.10977099032961217,0.14061712170634222,True,0.45462214320584043,1.0
ON20,reference,Narre Warren South,4,LNP,ALP+ON,ON special prior,True,True,0.27578406261741334,0.028571202686868857,True,0.63,0.0
ON20,reference,Nepean,1,OTH,ALP+GRN+IND+LNP+ON,federal ON evidence trial,False,False,0.01144877775575802,0.02549162640107315,True,0.39863495067087207,1.0
ON20,reference,Nepean,2,IND,ALP+GRN+LNP+ON,ideology prior,False,False,0.03888207576374184,0.07874199765515716,True,0.3530840043899426,0.6993
ON20,reference,Nepean,3,GRN,ALP+LNP+ON,federal ON evidence trial,False,False,0.12408408466972501,0.07965886888642354,True,0.16061298783023376,1.0
ON20,reference,Nepean,4,ON,ALP+LNP,federal ON evidence trial,False,False,0.2416760865203599,0.037138195853143735,True,0.0,0.73
ON20,reference,Niddrie,1,IND,ALP+GRN+LNP+ON+OTH,ideology prior,False,False,1.005180843712323e-12,0.066283881668316,True,0.24097748815165876,0.0
ON20,reference,Niddrie,2,OTH,ALP+GRN+LNP+ON,federal ON evidence trial,False,False,0.06628388166944266,0.0287597585294099,True,0.38386469950963875,1.0
ON20,reference,Niddrie,3,GRN,ALP+LNP+ON,federal ON evidence trial,False,False,0.10845204766626138,0.16593686567422633,True,0.14138011714366244,1.0
ON20,reference,Niddrie,4,ON,ALP+LNP,federal ON evidence trial,False,False,0.28972187654401377,0.02926619897251409,True,0.0,0.7
ON20,reference,Northcote,1,IND,ALP+GRN+LNP+ON+OTH,full AEC row,False,False,0.009421423497289746,0.07244514848920293,True,0.11717444034659154,1.0
ON20,reference,Northcote,2,LNP,ALP+GRN+ON+OTH,ideology prior,False,False,0.08191344474021053,0.014679096192149882,True,0.23476203278670565,1.0
ON20,reference,Northcote,3,OTH,ALP+GRN+ON,ideology prior,False,False,0.10826315241212778,0.0894777033196458,True,0.2453820950980882,0.8543000000000001
ON20,reference,Northcote,4,ON,ALP+GRN,ideology prior,False,False,0.22430669489258515,0.10823444562620549,True,0.0,0.16999999999999998
ON20,reference,Oakleigh,1,OTH,ALP+GRN+IND+LNP+ON,federal ON evidence trial,False,False,0.009100954671216958,0.013099678771527314,True,0.3932899727822708,1.0
ON20,reference,Oakleigh,2,IND,ALP+GRN+LNP+ON,full AEC row,False,False,0.024040418721821725,0.1595041779173526,True,0.2547626568852916,1.0
ON20,reference,Oakleigh,3,GRN,ALP+LNP+ON,federal ON evidence trial,False,False,0.1881058130552361,0.009827067860795152,True,0.09591050283771774,1.0
ON20,reference,Oakleigh,4,ON,ALP+LNP,federal ON evidence trial,False,False,0.2159742040328567,0.0810791238735766,True,0.0,0.7
ON20,reference,Ovens Valley,1,IND,ALP+GRN+LNP+ON+OTH,ideology prior,False,False,0.047689713941130904,0.02811416001218478,True,0.31139634146341466,0.0
ON20,reference,Ovens Valley,2,ALP,GRN+LNP+ON+OTH,ideology prior,False,False,0.08494837660152754,0.0225096450205889,True,0.2544065149506761,0.0
ON20,reference,Ovens Valley,3,OTH,GRN+LNP+ON,ideology prior,False,False,0.12624486487095685,0.018802364517285897,True,0.6312760041600594,0.9419
ON20,reference,Ovens Valley,4,GRN,LNP+ON,ON special prior,True,True,0.1572273428878467,0.19123542813827057,True,0.22999999999999995,0.3624
ON20,reference,Pakenham,1,IND,ALP+GRN+LNP+ON+OTH,ideology prior,False,False,0.07011684883512621,0.021193483469529484,True,0.30008968215158927,1.0
ON20,reference,Pakenham,2,GRN,ALP+LNP+ON+OTH,ideology prior,False,False,0.09824251428194022,0.002144238182600733,True,0.1466791113236055,0.7081708170817081
ON20,reference,Pakenham,3,OTH,ALP+LNP+ON,ideology prior,False,False,0.10781626782930262,0.17462465011041753,True,0.6002592729612536,0.7984
ON20,reference,Pakenham,4,ALP,LNP+ON,ON special prior,True,True,0.3021647456408356,0.04484640309272803,True,0.36000000000000004,0.0
ON20,reference,Pascoe Vale,1,OTH,ALP+GRN+IND+LNP+ON,federal ON evidence trial,False,False,0.07148017792073749,0.022114338945827802,True,0.3499180153342636,1.0
ON20,reference,Pascoe Vale,2,IND,ALP+GRN+LNP+ON,ideology prior,False,False,0.10550225629790731,0.05497467208180844,True,0.2751236118494238,0.6067
ON20,reference,Pascoe Vale,3,LNP,ALP+GRN+ON,full AEC row,False,False,0.18022176801212583,0.04904602077874351,True,0.33593778095758653,1.0
ON20,reference,Pascoe Vale,4,ON,ALP+GRN,ideology prior,False,False,0.2898110896171158,0.06034852488797332,True,0.0,0.16999999999999998
ON20,reference,Point Cook,1,OTH,ALP+GRN+IND+LNP+ON,federal ON evidence trial,False,False,0.0835474822953275,0.009517329881608375,True,0.36850599709769527,1.0
ON20,reference,Point Cook,2,GRN,ALP+IND+LNP+ON,federal ON evidence trial,False,False,0.10755731535262926,0.028749656970757334,True,0.14325497427651207,1.0
ON20,reference,Point Cook,3,IND,ALP+LNP+ON,ideology prior,False,False,0.1525430550911467,0.0640670248446541,True,0.32831919243301627,0.6815
ON20,reference,Point Cook,4,LNP,ALP+ON,ON special prior,True,True,0.263034718694108,0.05802456214234769,True,0.6299999999999999,0.0
ON20,reference,Polwarth,1,IND,ALP+GRN+LNP+ON+OTH,ideology prior,False,False,0.03495950534503192,0.006286708822818211,True,0.34116386211791905,1.0
ON20,reference,Polwarth,2,OTH,ALP+GRN+LNP+ON,federal ON evidence trial,False,False,0.04429024914545413,0.13221084271514671,True,0.5054795855077604,0.9267
ON20,reference,Polwarth,3,ALP,GRN+LNP+ON,ideology prior,False,False,0.18194395406595446,0.010152607294282967,True,0.263628596242171,0.0
ON20,reference,Polwarth,4,ON,GRN+LNP,ideology prior,False,False,0.2548126978409885,0.03246469469522478,True,0.0,0.66
ON20,reference,Prahran,1,IND,ALP+GRN+LNP+ON+OTH,full AEC row,False,False,0.008862637012320729,0.033660943593654305,True,0.10490033986292091,1.0
ON20,reference,Prahran,2,OTH,ALP+GRN+LNP+ON,federal ON evidence trial,False,False,0.04503725734217253,0.08803678377352481,True,0.2546420907024558,1.0
ON20,reference,Prahran,3,ON,ALP+GRN+LNP,federal ON evidence trial,False,False,0.14454242248481267,0.014415723463886448,True,0.0,0.7000000000000001
ON20,reference,Prahran,4,ALP,GRN+LNP,posterior scenario,False,False,0.1921344330543256,0.19872454725903305,False,0.0,0.9
ON20,reference,Preston,1,OTH,ALP+GRN+IND+LNP+ON,federal ON evidence trial,False,False,0.08770858073691772,0.03257138890012444,True,0.3499180153342636,1.0
ON20,reference,Preston,2,LNP,ALP+GRN+IND+ON,ideology prior,False,False,0.133849154099458,0.007100119361749563,True,0.38061807707876,1.0
ON20,reference,Preston,3,IND,ALP+GRN+ON,ideology prior,False,False,0.16276905619050858,0.05771770513437402,True,0.27874905776719805,0.8427
ON20,reference,Preston,4,GRN,ALP+ON,ON special prior,True,True,0.2939294070404876,0.053740045944924986,True,0.09,0.0
ON20,reference,Richmond,1,IND,ALP+GRN+LNP+ON+OTH,full AEC row,False,False,0.039847326858442896,0.038820921312945546,True,0.12252293327368295,1.0
ON20,reference,Richmond,2,OTH,ALP+GRN+LNP+ON,federal ON evidence trial,False,False,0.09268981869103551,0.027170288702701467,True,0.24130670668544663,1.0
ON20,reference,Richmond,3,LNP,ALP+GRN+ON,full AEC row,False,False,0.1322739612973827,0.025278789651551697,True,0.11104340530705008,1.0
ON20,reference,Richmond,4,ON,ALP+GRN,ideology prior,False,False,0.17224090204484874,0.1353796964615175,True,0.0,0.16999999999999998
ON20,reference,Ringwood,1,IND,ALP+GRN+LNP+ON+OTH,ideology prior,False,False,1.0054111398261542e-12,0.047378063845849146,True,0.2409774881516588,0.0
ON20,reference,Ringwood,2,OTH,ALP+GRN+LNP+ON,federal ON evidence trial,False,False,0.047378063846976064,0.0839487461714076,True,0.4334796804433551,1.0
ON20,reference,Ringwood,3,ON,ALP+GRN+LNP,federal ON evidence trial,False,False,0.15186423799479573,0.04418238542816583,True,0.0,0.75
ON20,reference,Ringwood,4,GRN,ALP+LNP,posterior scenario,False,False,0.2260073974575071,0.09441571459104364,False,0.0,0.95
ON20,reference,Ripon,1,IND,ALP+GRN+LNP+ON+OTH,full AEC row,False,False,0.019224379563347067,0.05771059429421557,True,0.4136688844931967,1.0
ON20,reference,Ripon,2,GRN,ALP+LNP+ON+OTH,full AEC row,False,False,0.07703061753698227,0.03742864147048182,True,0.10036413824095398,1.0
ON20,reference,Ripon,3,OTH,ALP+LNP+ON,full AEC row,False,False,0.12622393069936613,0.1544077199628263,True,0.5946865985308016,1.0
ON20,reference,Ripon,4,LNP,ALP+ON,ON special prior,True,True,0.31252350054349676,0.019257668250020343,True,0.79,0.0
ON20,reference,Rowville,1,OTH,ALP+GRN+IND+LNP+ON,federal ON evidence trial,False,False,0.011034808670425243,0.09529289269499613,True,0.4552189351217911,1.0
ON20,reference,Rowville,2,GRN,ALP+IND+LNP+ON,federal ON evidence trial,False,False,0.10753166882691294,0.0033417365565688723,True,0.0906097750405128,1.0
ON20,reference,Rowville,3,IND,ALP+LNP+ON,full AEC row,False,False,0.135693694727777,0.029203515189096085,True,0.23165520432238695,1.0
ON20,reference,Rowville,4,ON,ALP+LNP,federal ON evidence trial,False,False,0.19633136049429586,0.13319774770837225,True,0.0,0.7
ON20,reference,Sandringham,1,OTH,ALP+GRN+IND+LNP+ON,federal ON evidence trial,False,False,0.03331256285868406,0.048464356581062656,True,0.39326519128473597,1.0
ON20,reference,Sandringham,2,IND,ALP+GRN+LNP+ON,full AEC row,False,False,0.08685348461631898,0.05221276098644212,True,0.23740264392544155,1.0
ON20,reference,Sandringham,3,ON,ALP+GRN+LNP,federal ON evidence trial,False,False,0.1596854924848129,0.015901444641818918,True,0.0,0.75
ON20,reference,Sandringham,4,ALP,GRN+LNP,posterior scenario,False,False,0.21188828777599025,0.015368770405144838,False,0.0,0.0
ON20,reference,Shepparton,1,ALP,GRN+IND+LNP+ON+OTH,ideology prior,False,False,0.005305454673201613,0.01548118164153784,True,0.21550071786556604,1.0
ON20,reference,Shepparton,2,OTH,GRN+IND+LNP+ON,ideology prior,False,False,0.021085624962590435,0.024812785526861857,True,0.4775941198987266,0.8951
ON20,reference,Shepparton,3,GRN,IND+LNP+ON,ideology prior,False,False,0.0484643255839056,0.22570697933017544,True,0.28339303294666973,0.5886411358864113
ON20,reference,Shepparton,4,ON,IND+LNP,ideology prior,False,False,0.28790575713101896,0.0634050413942841,True,0.0,0.6799999999999999
ON20,reference,South Barwon,1,IND,ALP+GRN+LNP+ON+OTH,ideology prior,False,False,0.0002709468771820532,0.07206524541196449,True,0.27837820904645477,0.0
ON20,reference,South Barwon,2,OTH,ALP+GRN+LNP+ON,federal ON evidence trial,False,False,0.07236997784106901,0.07141957667546169,True,0.45213304527894277,1.0
ON20,reference,South Barwon,3,GRN,ALP+LNP+ON,federal ON evidence trial,False,False,0.15675536207146779,0.06698718674751974,True,0.1817774482532785,1.0
ON20,reference,South Barwon,4,ON,ALP+LNP,federal ON evidence trial,False,False,0.2522371385363577,0.09910498493039571,True,0.0,0.72
ON20,reference,South-West Coast,1,OTH,ALP+GRN+IND+LNP+ON,federal ON evidence trial,False,False,0.01724921906201414,0.06590549043410829,True,0.547450537634767,1.0
ON20,reference,South-West Coast,2,GRN,ALP+IND+LNP+ON,federal ON evidence trial,False,False,0.08383774599474064,0.011159760357388221,True,0.10247299476295346,1.0
ON20,reference,South-West Coast,3,ALP,IND+LNP+ON,ideology prior,False,False,0.1265436408917431,0.055419930568929354,True,0.3227037975284954,0.0
ON20,reference,South-West Coast,4,ON,IND+LNP,ideology prior,False,False,0.22279968492952015,0.13454361652759203,True,0.0,0.68
ON20,reference,St Albans,1,IND,ALP+GRN+LNP+ON+OTH,full AEC row,False,False,0.03164057182118578,0.07367729054286713,True,0.24912500906488758,1.0
ON20,reference,St Albans,2,GRN,ALP+LNP+ON+OTH,ideology prior,False,False,0.11291438426866893,0.01369349429472097,True,0.10470862634072794,1.0
ON20,reference,St Albans,3,OTH,ALP+LNP+ON,ideology prior,False,False,0.13596731537288104,0.08913663261155602,True,0.49858676689341375,0.8298000000000001
ON20,reference,St Albans,4,LNP,ALP+ON,ON special prior,True,True,0.257778096329899,0.035117355829479946,True,0.56,0.0
ON20,reference,Sunbury,1,IND,ALP+GRN+LNP+ON+OTH,full AEC row,False,False,0.03656017945022785,0.020860360842759718,True,0.38448080684596575,1.0
ON20,reference,Sunbury,2,OTH,ALP+GRN+LNP+ON,federal ON evidence trial,False,False,0.0644290104876469,0.025912590774010036,True,0.4651766477222385,1.0
ON20,reference,Sunbury,3,GRN,ALP+LNP+ON,federal ON evidence trial,False,False,0.10123159397102378,0.17747017451185537,True,0.1979593057850461,1.0
ON20,reference,Sunbury,4,LNP,ALP+ON,ON special prior,True,True,0.3045370098721568,0.021248892659584573,True,0.7600000000000001,0.0
ON20,reference,Sydenham,1,IND,ALP+GRN+LNP+ON+OTH,ideology prior,False,False,0.00815455497015882,0.0776192733516614,True,0.2409774881516588,0.0
ON20,reference,Sydenham,2,GRN,ALP+LNP+ON+OTH,full AEC row,False,False,0.08741280691466725,0.025439585250725233,True,0.09040945292028374,1.0
ON20,reference,Sydenham,3,OTH,ALP+LNP+ON,full AEC row,False,False,0.13318618005923694,0.11051834074933012,True,0.47453660485128407,1.0
ON20,reference,Sydenham,4,LNP,ALP+ON,ON special prior,True,True,0.2785989209964938,0.02830731751049531,True,0.63,0.0
ON20,reference,Tarneit,1,IND,ALP+GRN+LNP+ON+OTH,full AEC row,False,False,0.03376214755359708,0.04934471314671733,True,0.27122183338538186,1.0
ON20,reference,Tarneit,2,OTH,ALP+GRN+LNP+ON,federal ON evidence trial,False,False,0.09691851815879521,0.004151125643430578,True,0.40761050847165986,1.0
ON20,reference,Tarneit,3,GRN,ALP+LNP+ON,federal ON evidence trial,False,False,0.12156568907408603,0.1159550014983441,True,0.17050057436888177,1.0
ON20,reference,Tarneit,4,LNP,ALP+ON,ON special prior,True,True,0.2646820141566697,0.016800432834593038,True,0.6300000000000001,0.0
ON20,reference,Thomastown,1,IND,ALP+GRN+LNP+ON+OTH,ideology prior,False,False,0.028708184137445168,0.05854969141688718,True,0.2409774881516588,0.0
ON20,reference,Thomastown,2,GRN,ALP+LNP+ON+OTH,full AEC row,False,False,0.09302791443603318,0.005767410694012709,True,0.09934375230374731,1.0
ON20,reference,Thomastown,3,OTH,ALP+LNP+ON,full AEC row,False,False,0.13601742690826937,0.047896011071248135,True,0.41912020247313586,1.0
ON20,reference,Thomastown,4,LNP,ALP+ON,ON special prior,True,True,0.20497004973972044,0.08703024185364405,True,0.63,0.0
ON20,reference,Warrandyte,1,IND,ALP+GRN+LNP+ON+OTH,full AEC row,False,False,0.010442922435749813,0.0022404325623928308,True,0.25309917061611376,1.0
ON20,reference,Warrandyte,2,OTH,ALP+GRN+LNP+ON,federal ON evidence trial,False,False,0.015309279811761497,0.12793278421247165,True,0.4044895541790223,1.0
ON20,reference,Warrandyte,3,GRN,ALP+LNP+ON,federal ON evidence trial,False,False,0.14935685416250088,7.76536275935713e-05,True,0.09951741464932316,1.0
ON20,reference,Warrandyte,4,ON,ALP+LNP,federal ON evidence trial,False,False,0.16429811577650255,0.1568039879886149,True,0.0,0.7
ON20,reference,Wendouree,1,IND,ALP+GRN+LNP+ON+OTH,full AEC row,False,False,0.007719239198758069,0.04180743113707358,True,0.39043634395530014,1.0
ON20,reference,Wendouree,2,OTH,ALP+GRN+LNP+ON,federal ON evidence trial,False,False,0.05209692443139985,0.07175913942136582,True,0.4463222784991332,1.0
ON20,reference,Wendouree,3,GRN,ALP+LNP+ON,federal ON evidence trial,False,False,0.1329745881512897,0.13007395895476043,True,0.17472014804349573,1.0
ON20,reference,Wendouree,4,ON,ALP+LNP,federal ON evidence trial,False,False,0.28628188683386635,0.009437642182927586,True,0.0,0.72
ON20,reference,Werribee,1,OTH,ALP+GRN+IND+LNP+ON,federal ON evidence trial,False,False,0.07315944018055895,0.015436001036999228,True,0.5104614433681436,1.0
ON20,reference,Werribee,2,GRN,ALP+IND+LNP+ON,federal ON evidence trial,False,False,0.09501985243394008,0.035772773845576714,True,0.14778074129295807,1.0
ON20,reference,Werribee,3,IND,ALP+LNP+ON,ideology prior,False,False,0.14482330687739678,0.051817474723426044,True,0.38495012335012707,0.8337833783378338
ON20,reference,Werribee,4,LNP,ALP+ON,ON special prior,True,True,0.25163551809940876,0.09202666002564941,True,0.76,0.0
ON20,reference,Williamstown,1,IND,ALP+GRN+LNP+ON+OTH,ideology prior,False,False,0.035934355336943884,0.032846808959880174,True,0.09438144329896908,0.0
ON20,reference,Williamstown,2,OTH,ALP+GRN+LNP+ON,federal ON evidence trial,False,False,0.07350449450863884,0.11216693000110099,True,0.2526687342658781,1.0
ON20,reference,Williamstown,3,GRN,ALP+LNP+ON,federal ON evidence trial,False,False,0.208831153413467,0.0165012734858212,True,0.06796362844808196,1.0
ON20,reference,Williamstown,4,ON,ALP+LNP,federal ON evidence trial,False,False,0.23952534981826548,0.025442509879847114,True,0.0,0.65
ON20,reference,Yan Yean,1,IND,ALP+GRN+LNP+ON+OTH,ideology prior,False,False,9.907210378103854e-10,0.08563256296814117,True,0.2717267726161369,0.0
ON20,reference,Yan Yean,2,GRN,ALP+LNP+ON+OTH,full AEC row,False,False,0.08563256411414683,0.02534269360315515,True,0.15094339651560476,1.0
ON20,reference,Yan Yean,3,OTH,ALP+LNP+ON,full AEC row,False,False,0.12971747928636285,0.1005353798073271,True,0.5347431349605006,1.0
ON20,reference,Yan Yean,4,ON,ALP+LNP,federal ON evidence trial,False,False,0.2996183906264534,0.012737717958523131,True,0.0,0.73
ON20,no_geography,Albert Park,1,OTH,ALP+GRN+IND+LNP+ON,federal ON evidence trial,False,False,0.03432450456022445,0.01374936982272576,True,0.3195576451206586,1.0
ON20,no_geography,Albert Park,2,IND,ALP+GRN+LNP+ON,full AEC row,False,False,0.05404315702768221,0.10350285530078328,True,0.21366936482433238,1.0
ON20,no_geography,Albert Park,3,ON,ALP+GRN+LNP,federal ON evidence trial,False,False,0.169093379363672,0.08272878067998965,True,0.0,0.7000000000000001
ON20,no_geography,Albert Park,4,GRN,ALP+LNP,posterior scenario,False,False,0.28449346313397267,0.03271037210923328,False,0.0,0.9500000000000001
ON20,no_geography,Ashwood,1,OTH,ALP+GRN+IND+LNP+ON,federal ON evidence trial,False,False,1.0037557319025045e-12,0.021168771274612516,True,0.33944678560753044,1.0
ON20,no_geography,Ashwood,2,IND,ALP+GRN+LNP+ON,ideology prior,False,False,0.021168771275780252,0.09991878405555998,True,0.2487876275798824,0.7386
ON20,no_geography,Ashwood,3,ON,ALP+GRN+LNP,federal ON evidence trial,False,False,0.12635408371582277,0.056736634638104994,True,0.0,0.75
ON20,no_geography,Ashwood,4,GRN,ALP+LNP,posterior scenario,False,False,0.20380568887705477,0.11413629868129047,False,0.0,0.95
ON20,no_geography,Bass,1,OTH,ALP+GRN+IND+LNP+ON,federal ON evidence trial,False,False,0.048744288088512625,0.002403572277401185,True,0.3792370012590341,1.0
ON20,no_geography,Bass,2,IND,ALP+GRN+LNP+ON,ideology prior,False,False,0.05911102348182198,0.047827429663997674,True,0.3233945755140662,0.8191
ON20,no_geography,Bass,3,GRN,ALP+LNP+ON,federal ON evidence trial,False,False,0.12340782496231331,0.11170929967698842,True,0.16094940122167686,1.0
ON20,no_geography,Bass,4,ALP,LNP+ON,ON special prior,True,True,0.30117924563431586,0.007146270755989392,True,0.35999999999999993,0.0
ON20,no_geography,Bayswater,1,IND,ALP+GRN+LNP+ON+OTH,full AEC row,False,False,0.015405182497905574,0.049082810953346566,True,0.21320180481951803,1.0
ON20,no_geography,Bayswater,2,OTH,ALP+GRN+LNP+ON,federal ON evidence trial,False,False,0.06772198811722081,0.04592580645784308,True,0.41787684516887885,1.0
ON20,no_geography,Bayswater,3,GRN,ALP+LNP+ON,federal ON evidence trial,False,False,0.12696258236428132,0.07686375999748823,True,0.11707050108432067,1.0
ON20,no_geography,Bayswater,4,ON,ALP+LNP,federal ON evidence trial,False,False,0.2186899154981153,0.14619828269323917,True,0.0,0.7
ON20,no_geography,Bellarine,1,OTH,ALP+GRN+IND+LNP+ON,federal ON evidence trial,False,False,0.028627673629515012,0.008087340502805445,True,0.48530048251125746,1.0
ON20,no_geography,Bellarine,2,IND,ALP+GRN+LNP+ON,full AEC row,False,False,0.04124756197531607,0.10188868620555455,True,0.31210766869580175,1.0
ON20,no_geography,Bellarine,3,GRN,ALP+LNP+ON,federal ON evidence trial,False,False,0.15423058303339052,0.026825376765694908,True,0.12684140927959847,1.0
ON20,no_geography,Bellarine,4,ON,ALP+LNP,federal ON evidence trial,False,False,0.2006187843050548,0.15888338625865384,True,0.0,0.73
ON20,no_geography,Benambra,1,ALP,GRN+IND+LNP+ON+OTH,ideology prior,False,False,0.013618758657294684,0.02253054471956445,True,0.1847534375,1.0
ON20,no_geography,Benambra,2,OTH,GRN+IND+LNP+ON,ideology prior,False,False,0.03698106906185341,0.02887593536160666,True,0.5697880404792053,0.9582999999999999
ON20,no_geography,Benambra,3,GRN,IND+LNP+ON,ideology prior,False,False,0.07053465901363515,0.19456089143819733,True,0.18869128212554928,0.8942
ON20,no_geography,Benambra,4,ON,IND+LNP,ideology prior,False,False,0.27840482569540376,0.07995152145213302,True,0.0,0.68
ON20,no_geography,Bendigo East,1,OTH,ALP+GRN+IND+LNP+ON,federal ON evidence trial,False,False,0.016038870725439153,0.013299471190806728,True,0.35933592609440235,1.0
ON20,no_geography,Bendigo East,2,IND,ALP+GRN+LNP+ON,ideology prior,False,False,0.031958549304436985,0.09059204257468739,True,0.2818992781146716,0.5729427057294271
ON20,no_geography,Bendigo East,3,GRN,ALP+LNP+ON,federal ON evidence trial,False,False,0.12952211436001074,0.08359812698248806,True,0.11898397992727307,1.0
ON20,no_geography,Bendigo East,4,ON,ALP+LNP,federal ON evidence trial,False,False,0.2285312979976483,0.08987763147923747,True,0.0,0.72
ON20,no_geography,Bendigo West,1,IND,ALP+GRN+LNP+ON+OTH,full AEC row,False,False,0.02583883640988111,0.047485194800785335,True,0.3282523627362736,1.0
ON20,no_geography,Bendigo West,2,OTH,ALP+GRN+LNP+ON,federal ON evidence trial,False,False,0.08215184809251616,0.0695493726655359,True,0.4109131716361929,1.0
ON20,no_geography,Bendigo West,3,GRN,ALP+LNP+ON,federal ON evidence trial,False,False,0.16734989230269343,0.06328150299498062,True,0.1453922457732271,1.0
ON20,no_geography,Bendigo West,4,ON,ALP+LNP,federal ON evidence trial,False,False,0.2549627719694703,0.013851977043566,True,0.0,0.72
ON20,no_geography,Bentleigh,1,OTH,ALP+GRN+IND+LNP+ON,federal ON evidence trial,False,False,0.017010519063740574,0.003025663934217448,True,0.3394547420593704,1.0
ON20,no_geography,Bentleigh,2,IND,ALP+GRN+LNP+ON,ideology prior,False,False,0.022815124763295946,0.11104924275675276,True,0.25453399932813014,0.7199
ON20,no_geography,Bentleigh,3,GRN,ALP+LNP+ON,federal ON evidence trial,False,False,0.13943191626316664,0.03330671474571134,True,0.07527638365985297,1.0
ON20,no_geography,Bentleigh,4,ON,ALP+LNP,federal ON evidence trial,False,False,0.18323456143193262,0.18500301773877903,True,0.0,0.7
ON20,no_geography,Berwick,1,IND,ALP+GRN+LNP+ON+OTH,ideology prior,False,False,0.00019107949776982965,0.025018570346464996,True,0.2165,0.0
ON20,no_geography,Berwick,2,OTH,ALP+GRN+LNP+ON,federal ON evidence trial,False,False,0.025234012480200477,0.08910307438693466,True,0.453232272918488,1.0
ON20,no_geography,Berwick,3,GRN,ALP+LNP+ON,federal ON evidence trial,False,False,0.1191228167307835,0.11130937450881394,True,0.11907241015364492,1.0
ON20,no_geography,Berwick,4,ON,ALP+LNP,federal ON evidence trial,False,False,0.2521748578501091,0.04575077658511101,True,0.0,0.73
ON20,no_geography,Box Hill,1,IND,ALP+GRN+LNP+ON+OTH,full AEC row,False,False,0.01638796275670719,0.0010557426113631807,True,0.24946324999999997,1.0
ON20,no_geography,Box Hill,2,OTH,ALP+GRN+LNP+ON,federal ON evidence trial,False,False,0.023834683083931038,0.09115463071577458,True,0.3378001426188177,1.0
ON20,no_geography,Box Hill,3,ON,ALP+GRN+LNP,federal ON evidence trial,False,False,0.12304067314473184,0.06206409247440721,True,0.0,0.75
ON20,no_geography,Box Hill,4,GRN,ALP+LNP,posterior scenario,False,False,0.20689119627402375,0.12362532680276644,False,0.0,0.9500000000000001
ON20,no_geography,Brighton,1,OTH,ALP+GRN+IND+LNP+ON,federal ON evidence trial,False,False,0.02799529158458782,0.07615233818642886,True,0.3195576451206586,1.0
ON20,no_geography,Brighton,2,IND,ALP+GRN+LNP+ON,full AEC row,False,False,0.10925564092444014,0.009836372360395376,True,0.20328495634231805,1.0
ON20,no_geography,Brighton,3,ON,ALP+GRN+LNP,federal ON evidence trial,False,False,0.1413020414803123,0.02868490153292258,True,0.0,0.7000000000000001
ON20,no_geography,Brighton,4,ALP,GRN+LNP,posterior scenario,False,False,0.20075836415123546,0.04467686311171115,False,0.0,0.0
ON20,no_geography,Broadmeadows,1,IND,ALP+GRN+LNP+ON+OTH,full AEC row,False,False,0.07544181666563432,0.023346438117838583,True,0.25711925,1.0
ON20,no_geography,Broadmeadows,2,GRN,ALP+LNP+ON+OTH,ideology prior,False,False,0.1112680580427185,0.026675254008385274,True,0.06090849157723789,1.0
ON20,no_geography,Broadmeadows,3,OTH,ALP+LNP+ON,ideology prior,False,False,0.14794563951699502,0.03903402440193118,True,0.48362274066962563,0.7785
ON20,no_geography,Broadmeadows,4,LNP,ALP+ON,ON special prior,True,True,0.2225207692324617,0.06918635008732357,True,0.6299999999999999,0.0
ON20,no_geography,Brunswick,1,IND,ALP+GRN+LNP+ON+OTH,full AEC row,False,False,0.02127240097125374,0.054762984545359245,True,0.2282525,1.0
ON20,no_geography,Brunswick,2,LNP,ALP+GRN+ON+OTH,ideology prior,False,False,0.08069350686024315,0.018988183922130975,True,0.3548160892709045,1.0
ON20,no_geography,Brunswick,3,OTH,ALP+GRN+ON,ideology prior,False,False,0.11198725407366805,0.05255419423855939,True,0.34615666201011114,0.9330066993300671
ON20,no_geography,Brunswick,4,ON,ALP+GRN,ideology prior,False,False,0.2033065823700466,0.02801500954509792,True,0.0,0.16999999999999998
ON20,no_geography,Bulleen,1,OTH,ALP+GRN+IND+LNP+ON,federal ON evidence trial,False,False,0.010331814396505143,0.0008376481718096202,True,0.33944678560753044,1.0
ON20,no_geography,Bulleen,2,IND,ALP+GRN+LNP+ON,ideology prior,False,False,0.01285733055344691,0.1168083305987815,True,0.2571858174879216,0.5743425657434257
ON20,no_geography,Bulleen,3,ON,ALP+GRN+LNP,federal ON evidence trial,False,False,0.1329723842213291,0.01375233445535784,True,0.0,0.75
ON20,no_geography,Bulleen,4,GRN,ALP+LNP,posterior scenario,False,False,0.16912226308656428,0.07829456037340315,False,0.0,0.95
ON20,no_geography,Bundoora,1,IND,ALP+GRN+LNP+ON+OTH,full AEC row,False,False,0.0067202610940167,0.04466993060213035,True,0.243217375,1.0
ON20,no_geography,Bundoora,2,OTH,ALP+GRN+LNP+ON,federal ON evidence trial,False,False,0.05346087214574095,0.09922473800833001,True,0.3699308874629563,1.0
ON20,no_geography,Bundoora,3,GRN,ALP+LNP+ON,federal ON evidence trial,False,False,0.16410915218344643,0.010712032719449954,True,0.08757590124013076,1.0
ON20,no_geography,Bundoora,4,ON,ALP+LNP,federal ON evidence trial,False,False,0.1891931918071155,0.1278215711765255,True,0.0,0.7
ON20,no_geography,Carrum,1,IND,ALP+GRN+LNP+ON+OTH,full AEC row,False,False,0.019725709415277234,0.02292688371692214,True,0.34762601260126014,1.0
ON20,no_geography,Carrum,2,OTH,ALP+GRN+LNP+ON,federal ON evidence trial,False,False,0.0520882448821544,0.04310270782311264,True,0.41265269734122373,1.0
ON20,no_geography,Carrum,3,GRN,ALP+LNP+ON,federal ON evidence trial,False,False,0.10659329323924518,0.15764036494396053,True,0.14949799265691352,1.0
ON20,no_geography,Carrum,4,ON,ALP+LNP,federal ON evidence trial,False,False,0.2801691415531626,0.022752328256669785,True,0.0,0.73
ON20,no_geography,Caulfield,1,OTH,ALP+GRN+IND+LNP+ON,federal ON evidence trial,False,False,0.007318248791694256,0.04640717853007814,True,0.3195576451206586,1.0
ON20,no_geography,Caulfield,2,IND,ALP+GRN+LNP+ON,full AEC row,False,False,0.0548952664334176,0.07346313489660627,True,0.19219321026084776,1.0
ON20,no_geography,Caulfield,3,ON,ALP+GRN+LNP,federal ON evidence trial,False,False,0.138908898813987,0.047684418675882634,True,0.0,0.7000000000000001
ON20,no_geography,Caulfield,4,ALP,GRN+LNP,posterior scenario,False,False,0.2151722446946335,0.026383353251938274,False,0.0,0.0
ON20,no_geography,Clarinda,1,OTH,ALP+GRN+IND+LNP+ON,federal ON evidence trial,False,False,0.021899203302771206,0.07584027982083501,True,0.3858282638745359,1.0
ON20,no_geography,Clarinda,2,IND,ALP+GRN+LNP+ON,ideology prior,False,False,0.10339861790220008,0.0035252946073602853,True,0.23671481683530363,1.0
ON20,no_geography,Clarinda,3,GRN,ALP+LNP+ON,federal ON evidence trial,False,False,0.12410853306812149,0.10021519483812887,True,0.10075030341491271,0.8262
ON20,no_geography,Clarinda,4,ON,ALP+LNP,federal ON evidence trial,False,False,0.23682770026924332,0.06625130600226858,True,0.0,0.7
ON20,no_geography,Cranbourne,1,IND,ALP+GRN+LNP+ON+OTH,full AEC row,False,False,0.010046190552004815,0.06464177458072647,True,0.245737875,1.0
ON20,no_geography,Cranbourne,2,GRN,ALP+LNP+ON+OTH,full AEC row,False,False,0.0757669523692668,0.04496305081527467,True,0.05316500869442761,1.0
ON20,no_geography,Cranbourne,3,OTH,ALP+LNP+ON,full AEC row,False,False,0.143351211348728,0.09854944845045713,True,0.4524642749255766,1.0
ON20,no_geography,Cranbourne,4,LNP,ALP+ON,ON special prior,True,True,0.2765153869612044,0.05368370044534587,True,0.63,0.0
ON20,no_geography,Croydon,1,IND,ALP+GRN+LNP+ON+OTH,ideology prior,False,False,1.005348646027661e-12,0.05826875224561988,True,0.2165,0.0
ON20,no_geography,Croydon,2,OTH,ALP+GRN+LNP+ON,federal ON evidence trial,False,False,0.05826875224675341,0.07497351320406176,True,0.4272778078266398,1.0
ON20,no_geography,Croydon,3,GRN,ALP+LNP+ON,federal ON evidence trial,False,False,0.14445852642483,0.04982574838830911,True,0.09538167184290776,1.0
ON20,no_geography,Croydon,4,ON,ALP+LNP,federal ON evidence trial,False,False,0.20806297057550227,0.12330219907508255,True,0.0,0.7
ON20,no_geography,Dandenong,1,IND,ALP+GRN+LNP+ON+OTH,full AEC row,False,False,0.0017501276770048066,0.0758805305108274,True,0.25577425,1.0
ON20,no_geography,Dandenong,2,OTH,ALP+GRN+LNP+ON,federal ON evidence trial,False,False,0.07827747037469963,0.026183604135934666,True,0.38032074791723564,1.0
ON20,no_geography,Dandenong,3,GRN,ALP+LNP+ON,federal ON evidence trial,False,False,0.12062838456598711,0.06887287302182048,True,0.12916396651689752,0.7686
ON20,no_geography,Dandenong,4,LNP,ALP+ON,ON special prior,True,True,0.2072577289507214,0.056061271082830516,True,0.6299999999999999,0.0
ON20,no_geography,Eildon,1,IND,ALP+GRN+LNP+ON+OTH,full AEC row,False,False,0.017574637237500995,0.021107035836944198,True,0.32278322167783224,1.0
ON20,no_geography,Eildon,2,OTH,ALP+GRN+LNP+ON,federal ON evidence trial,False,False,0.04364820827017434,0.09242028956179354,True,0.45747275504911683,1.0
ON20,no_geography,Eildon,3,GRN,ALP+LNP+ON,federal ON evidence trial,False,False,0.14450620520072868,0.03510592638682877,True,0.1322965166039607,1.0
ON20,no_geography,Eildon,4,ALP,LNP+ON,ON special prior,True,True,0.27329671445595677,0.008780531675933678,True,0.36,0.0
ON20,no_geography,Eltham,1,IND,ALP+GRN+LNP+ON+OTH,ideology prior,False,False,1.0055596153105026e-12,0.010401349228951251,True,0.2165,0.0
ON20,no_geography,Eltham,2,OTH,ALP+GRN+LNP+ON,federal ON evidence trial,False,False,0.01040134923008502,0.1456833719726013,True,0.4272778078246244,1.0
ON20,no_geography,Eltham,3,GRN,ALP+LNP+ON,federal ON evidence trial,False,False,0.15818979667792576,0.023566243512111618,True,0.06177424065428004,1.0
ON20,no_geography,Eltham,4,ON,ALP+LNP,federal ON evidence trial,False,False,0.19152809475907118,0.16626501591502774,True,0.0,0.7
ON20,no_geography,Essendon,1,IND,ALP+GRN+LNP+ON+OTH,ideology prior,False,False,0.017587231831293557,0.048258846927311236,True,0.2165,0.0
ON20,no_geography,Essendon,2,OTH,ALP+GRN+LNP+ON,federal ON evidence trial,False,False,0.06808845081709472,0.1202914231422757,True,0.3701027418139855,1.0
ON20,no_geography,Essendon,3,GRN,ALP+LNP+ON,federal ON evidence trial,False,False,0.20777556599484784,0.023937420538081566,True,0.10461765795479329,1.0
ON20,no_geography,Essendon,4,ON,ALP+LNP,federal ON evidence trial,False,False,0.25344997962754195,0.0575314220463502,True,0.0,0.7
ON20,no_geography,Eureka,1,IND,ALP+GRN+LNP+ON+OTH,full AEC row,False,False,0.03128743625097088,0.04426764472608826,True,0.32486501349865016,1.0
ON20,no_geography,Eureka,2,OTH,ALP+GRN+LNP+ON,federal ON evidence trial,False,False,0.08368947027492554,0.04244692392946414,True,0.4613323717630297,1.0
ON20,no_geography,Eureka,3,GRN,ALP+LNP+ON,federal ON evidence trial,False,False,0.1416288414241818,0.11339321298086918,True,0.16046146129461264,1.0
ON20,no_geography,Eureka,4,LNP,ALP+ON,ON special prior,True,True,0.287445595590245,0.052240799247291636,True,0.79,0.0
ON20,no_geography,Euroa,1,IND,ALP+GRN+LNP+ON+OTH,ideology prior,False,False,9.86729603296533e-10,0.042639093603899766,True,0.2165,0.0
ON20,no_geography,Euroa,2,OTH,ALP+GRN+LNP+ON,federal ON evidence trial,False,False,0.04263909471643739,0.029653162557393857,True,0.3971801195195492,1.0
ON20,no_geography,Euroa,3,GRN,ALP+LNP+ON,federal ON evidence trial,False,False,0.08109585156000747,0.10271196682206686,True,0.15460443273772956,0.87
ON20,no_geography,Euroa,4,ALP,LNP+ON,ON special prior,True,True,0.23781071840465381,0.06251512210945961,True,0.36,0.0
ON20,no_geography,Evelyn,1,IND,ALP+GRN+LNP+ON+OTH,full AEC row,False,False,0.015133520528664327,0.009646845677160702,True,0.33714903509649036,1.0
ON20,no_geography,Evelyn,2,OTH,ALP+GRN+LNP+ON,federal ON evidence trial,False,False,0.029864796328046665,0.0911835799635888,True,0.42283857284987075,1.0
ON20,no_geography,Evelyn,3,GRN,ALP+LNP+ON,federal ON evidence trial,False,False,0.12684723992146896,0.08739560385454889,True,0.12087599040037306,1.0
ON20,no_geography,Evelyn,4,ON,ALP+LNP,federal ON evidence trial,False,False,0.23053414859616797,0.06448019469287089,True,0.0,0.73
ON20,no_geography,Footscray,1,IND,ALP+GRN+LNP+ON+OTH,ideology prior,False,False,0.002964260170994561,0.09563203975485222,True,0.21650000000000003,0.0
ON20,no_geography,Footscray,2,OTH,ALP+GRN+LNP+ON,federal ON evidence trial,False,False,0.09897424309764859,0.04653793421300263,True,0.32221425268583886,1.0
ON20,no_geography,Footscray,3,LNP,ALP+GRN+ON,full AEC row,False,False,0.1626971127651197,0.037886183524076966,True,0.23673771187097287,1.0
ON20,no_geography,Footscray,4,ON,ALP+GRN,ideology prior,False,False,0.23909983849322475,0.12623918577992782,True,0.0,0.16999999999999998
ON20,no_geography,Frankston,1,IND,ALP+GRN+LNP+ON+OTH,full AEC row,False,False,0.026153343358990777,0.05178757463336012,True,0.25102425,1.0
ON20,no_geography,Frankston,2,OTH,ALP+GRN+LNP+ON,federal ON evidence trial,False,False,0.09099457472969037,0.049792931201600374,True,0.3594936421567677,1.0
ON20,no_geography,Frankston,3,GRN,ALP+LNP+ON,federal ON evidence trial,False,False,0.15990900142766276,0.10328238437798584,True,0.1110929692166544,1.0
ON20,no_geography,Frankston,4,ON,ALP+LNP,federal ON evidence trial,False,False,0.2809561515787179,0.02939342815330087,True,0.0,0.7
ON20,no_geography,Geelong,1,OTH,ALP+GRN+IND+LNP+ON,federal ON evidence trial,False,False,0.021937475476361313,0.055950700330290565,True,0.3593259825185165,1.0
ON20,no_geography,Geelong,2,IND,ALP+GRN+LNP+ON,ideology prior,False,False,0.08147201511213696,0.07675748889548058,True,0.29623327466927585,0.6687
ON20,no_geography,Geelong,3,GRN,ALP+LNP+ON,federal ON evidence trial,False,False,0.17885849680877866,0.03839435611608502,True,0.1335162759230141,1.0
ON20,no_geography,Geelong,4,LNP,ALP+ON,ON special prior,True,True,0.25097160892479276,0.06718190123656065,True,0.69,0.0
ON20,no_geography,Gippsland East,1,IND,ALP+GRN+LNP+ON+OTH,ideology prior,False,False,0.01998132848256196,0.02653522871375612,True,0.2165,0.0
ON20,no_geography,Gippsland East,2,ALP,GRN+LNP+ON+OTH,ideology prior,False,False,0.05130583186698215,0.008936204968277468,True,0.16689391830275485,0.0
ON20,no_geography,Gippsland East,3,OTH,GRN+LNP+ON,ideology prior,False,False,0.06583100131207104,0.04774472174344112,True,0.5081825167438945,0.8903
ON20,no_geography,Gippsland East,4,GRN,LNP+ON,ON special prior,True,True,0.1301419821088449,0.2133454776409274,True,0.23,0.2589
ON20,no_geography,Gippsland South,1,OTH,ALP+GRN+IND+LNP+ON,federal ON evidence trial,False,False,0.021922432033701592,0.02395398601810383,True,0.5184490499893772,1.0
ON20,no_geography,Gippsland South,2,IND,ALP+GRN+LNP+ON,full AEC row,False,False,0.04906392987716617,0.05616669672470368,True,0.3311630107865377,1.0
ON20,no_geography,Gippsland South,3,ALP,GRN+LNP+ON,ideology prior,False,False,0.11183515648459623,5.6265740943015063e-05,True,0.1747319292113497,0.0
ON20,no_geography,Gippsland South,4,GRN,LNP+ON,ON special prior,True,True,0.18287623852507648,0.1453045382312498,True,0.23,0.3355
ON20,no_geography,Glen Waverley,1,IND,ALP+GRN+LNP+ON+OTH,ideology prior,False,False,0.0001628907699871915,0.03335683727985383,True,0.21650000000000003,0.0
ON20,no_geography,Glen Waverley,2,OTH,ALP+GRN+LNP+ON,federal ON evidence trial,False,False,0.033540496623014386,0.08520893957774117,True,0.3748222433343408,1.0
ON20,no_geography,Glen Waverley,3,ON,ALP+GRN+LNP,federal ON evidence trial,False,False,0.13132116038754169,0.001958802859275688,True,0.0,0.75
ON20,no_geography,Glen Waverley,4,GRN,ALP+LNP,posterior scenario,False,False,0.1569774044597063,0.1786549670857899,False,0.0,0.9500000000000001
ON20,no_geography,Greenvale,1,IND,ALP+GRN+LNP+ON+OTH,full AEC row,False,False,0.06090880439589836,0.028476859596661443,True,0.24700125,1.0
ON20,no_geography,Greenvale,2,GRN,ALP+LNP+ON+OTH,full AEC row,False,False,0.09309807084769091,0.04902736196225148,True,0.058511627698007156,1.0
ON20,no_geography,Greenvale,3,ON,ALP+LNP+OTH,ideology prior,False,False,0.17890193938381305,0.0018659042002833748,True,0.0,0.8899999999999999
ON20,no_geography,Greenvale,4,OTH,ALP+LNP,posterior scenario,False,False,0.22649749794015492,0.1254696135424104,False,0.0,0.5
ON20,no_geography,Hastings,1,IND,ALP+GRN+LNP+ON+OTH,full AEC row,False,False,0.00878259483521401,0.042226316736274416,True,0.328850875,1.0
ON20,no_geography,Hastings,2,OTH,ALP+GRN+LNP+ON,federal ON evidence trial,False,False,0.05348810635454681,0.06731046276350047,True,0.47073554760658837,1.0
ON20,no_geography,Hastings,3,GRN,ALP+LNP+ON,federal ON evidence trial,False,False,0.1309958359565783,0.12071722431192697,True,0.14185092137443375,1.0
ON20,no_geography,Hastings,4,ON,ALP+LNP,federal ON evidence trial,False,False,0.29305180030522077,0.0440703881626357,True,0.0,0.73
ON20,no_geography,Hawthorn,1,OTH,ALP+GRN+IND+LNP+ON,federal ON evidence trial,False,False,0.010714053928092018,0.07271595695297316,True,0.3195576451206586,1.0
ON20,no_geography,Hawthorn,2,ON,ALP+GRN+IND+LNP,federal ON evidence trial,False,False,0.086853768724022,0.04513988855981213,True,0.0,0.8
ON20,no_geography,Hawthorn,3,ALP,GRN+IND+LNP,posterior scenario,False,False,0.1451436357016289,0.02921438109334229,False,0.0,0.0
ON20,no_geography,Hawthorn,4,IND,GRN+LNP,ideology prior,False,False,0.23148357372096226,0.007490885732638175,False,0.0,0.20010000000000003
ON20,no_geography,Ivanhoe,1,OTH,ALP+GRN+IND+LNP+ON,federal ON evidence trial,False,False,0.011816018800067335,0.0016322212942526532,True,0.33944678560753044,1.0
ON20,no_geography,Ivanhoe,2,IND,ALP+GRN+LNP+ON,ideology prior,False,False,0.01537857673016775,0.14165892670302016,True,0.25595605176398184,0.7434743474347435
ON20,no_geography,Ivanhoe,3,ON,ALP+GRN+LNP,federal ON evidence trial,False,False,0.16097374321479108,0.06043997048795258,True,0.0,0.75
ON20,no_geography,Ivanhoe,4,GRN,ALP+LNP,posterior scenario,False,False,0.24851551053457738,0.1005725978548207,False,0.0,0.95
ON20,no_geography,Kalkallo,1,IND,ALP+GRN+LNP+ON+OTH,full AEC row,False,False,0.017650364929809682,0.06500452495910222,True,0.3315045254525453,1.0
ON20,no_geography,Kalkallo,2,GRN,ALP+LNP+ON+OTH,full AEC row,False,False,0.08416428602664823,0.016138510439484915,True,0.10426919253811047,1.0
ON20,no_geography,Kalkallo,3,OTH,ALP+LNP+ON,full AEC row,False,False,0.12167299359018632,0.07862820294575454,True,0.4780612247075342,1.0
ON20,no_geography,Kalkallo,4,LNP,ALP+ON,ON special prior,True,True,0.2383548036193088,0.020113533246188503,True,0.76,0.0
ON20,no_geography,Kew,1,OTH,ALP+GRN+IND+LNP+ON,federal ON evidence trial,False,False,0.0017713109927187448,0.08322535487052421,True,0.3195576451206586,1.0
ON20,no_geography,Kew,2,ON,ALP+GRN+IND+LNP,federal ON evidence trial,False,False,0.08556270183285249,0.04173796288382471,True,0.0,0.8
ON20,no_geography,Kew,3,GRN,ALP+IND+LNP,posterior scenario,False,False,0.13959394395329755,0.000424673523051311,False,0.0,0.9500000000000001
ON20,no_geography,Kew,4,ALP,IND+LNP,posterior scenario,False,False,0.2069766933166649,0.04184471263248246,False,0.0,0.0
ON20,no_geography,Kororoit,1,IND,ALP+GRN+LNP+ON+OTH,full AEC row,False,False,0.016775495576617568,0.07869235143924519,True,0.2462743774377438,1.0
ON20,no_geography,Kororoit,2,GRN,ALP+LNP+ON+OTH,full AEC row,False,False,0.09636135732256514,0.05474622926063975,True,0.05196074817226467,1.0
ON20,no_geography,Kororoit,3,OTH,ALP+LNP+ON,full AEC row,False,False,0.18850267317488623,0.018835615278992135,True,0.4255927202696006,1.0
ON20,no_geography,Kororoit,4,LNP,ALP+ON,ON special prior,True,True,0.23846681459740607,0.049096839311063595,True,0.63,0.0
ON20,no_geography,Lara,1,IND,ALP+GRN+LNP+ON+OTH,full AEC row,False,False,0.01727801731620796,0.0581302155511685,True,0.3049072407240724,1.0
ON20,no_geography,Lara,2,OTH,ALP+GRN+LNP+ON,federal ON evidence trial,False,False,0.07910221041690377,0.043576666679066706,True,0.44573315437418226,1.0
ON20,no_geography,Lara,3,GRN,ALP+LNP+ON,federal ON evidence trial,False,False,0.1382138759516593,0.022097157243534338,True,0.16178117948034748,1.0
ON20,no_geography,Lara,4,LNP,ALP+ON,ON special prior,True,True,0.19824213630320633,0.1673192602751046,True,0.7600000000000001,0.0
ON20,no_geography,Laverton,1,IND,ALP+GRN+LNP+ON+OTH,full AEC row,False,False,0.022528673435803673,0.10184795601534671,True,0.2522403490349035,1.0
ON20,no_geography,Laverton,2,GRN,ALP+LNP+ON+OTH,ideology prior,False,False,0.12964423987485676,0.005828645582293179,True,0.05626330078785154,1.0
ON20,no_geography,Laverton,3,OTH,ALP+LNP+ON,ideology prior,False,False,0.1460687724534317,0.04666876415936819,True,0.4957330023149796,0.7149
ON20,no_geography,Laverton,4,LNP,ALP+ON,ON special prior,True,True,0.22518694597384814,0.054793016792092974,True,0.56,0.0
ON20,no_geography,Lowan,1,IND,ALP+GRN+LNP+ON+OTH,ideology prior,False,False,0.03966764224120406,0.002541151087726519,True,0.24876065,1.0
ON20,no_geography,Lowan,2,OTH,ALP+GRN+LNP+ON,federal ON evidence trial,False,False,0.04574913039895804,0.031199165625406304,True,0.45923766258808935,0.8765123487651234
ON20,no_geography,Lowan,3,ALP,GRN+LNP+ON,ideology prior,False,False,0.08389972063202031,0.008745065213846812,True,0.2157230673111892,0.0
ON20,no_geography,Lowan,4,GRN,LNP+ON,ON special prior,True,True,0.14056860998389017,0.16878318522820726,True,0.23,0.2864
ON20,no_geography,Macedon,1,OTH,ALP+GRN+IND+LNP+ON,federal ON evidence trial,False,False,0.03102470117084436,0.018060057299188415,True,0.3792250665812742,1.0
ON20,no_geography,Macedon,2,IND,ALP+GRN+LNP+ON,ideology prior,False,False,0.054153142187056705,0.09807403417141587,True,0.32067422623827585,0.8798
ON20,no_geography,Macedon,3,GRN,ALP+LNP+ON,federal ON evidence trial,False,False,0.16272654186372276,0.09616244874902097,True,0.1313095672322443,1.0
ON20,no_geography,Macedon,4,ON,ALP+LNP,federal ON evidence trial,False,False,0.2802565424020689,0.0214804526491037,True,0.0,0.73
ON20,no_geography,Malvern,1,IND,ALP+GRN+LNP+ON+OTH,full AEC row,False,False,0.012473349091382202,0.006429264868342031,True,0.22836862499999996,1.0
ON20,no_geography,Malvern,2,OTH,ALP+GRN+LNP+ON,federal ON evidence trial,False,False,0.020985975091712343,0.08056690266418046,True,0.31431345940830924,1.0
ON20,no_geography,Malvern,3,ON,ALP+GRN+LNP,federal ON evidence trial,False,False,0.1081490521860255,0.04782586768068475,True,0.0,0.7000000000000001
ON20,no_geography,Malvern,4,ALP,GRN+LNP,posterior scenario,False,False,0.17789539078362007,0.03639682165180777,False,0.0,0.0
ON20,no_geography,Melbourne,1,IND,ALP+GRN+LNP+ON+OTH,full AEC row,False,False,0.009473481247301085,0.06688082707210663,True,0.23268214321432143,1.0
ON20,no_geography,Melbourne,2,OTH,ALP+GRN+LNP+ON,federal ON evidence trial,False,False,0.08001693296245367,0.06409418167472723,True,0.3185558560246324,1.0
ON20,no_geography,Melbourne,3,LNP,ALP+GRN+ON,full AEC row,False,False,0.16649796843649198,0.0031030087770089754,True,0.23043374866538577,1.0
ON20,no_geography,Melbourne,4,ON,ALP+GRN,ideology prior,False,False,0.2079677282254929,0.043488338842554736,True,0.0,0.16999999999999998
ON20,no_geography,Melton,1,GRN,ALP+IND+LNP+ON+OTH,full AEC row,False,False,0.06856426922431545,0.028383118803009408,True,0.1,1.0
ON20,no_geography,Melton,2,OTH,ALP+IND+LNP+ON,ideology prior,False,False,0.10383809708436856,0.06698755570530682,True,0.5207187642877198,0.9478
ON20,no_geography,Melton,3,LNP,ALP+IND+ON,ideology prior,False,False,0.1824970863258333,0.06810725284860888,True,0.4789930412552858,0.0
ON20,no_geography,Melton,4,ALP,IND+ON,ideology prior,False,False,0.29352023698233093,0.01073393299270231,True,0.4488838885532818,0.0
ON20,no_geography,Mildura,1,OTH,ALP+GRN+IND+LNP+ON,federal ON evidence trial,False,False,0.004589495975214268,0.005931506742649136,True,0.3792250665812742,1.0
ON20,no_geography,Mildura,2,ALP,GRN+IND+LNP+ON,ideology prior,False,False,0.011038153017270118,0.03475874604347626,True,0.200110900085352,1.0
ON20,no_geography,Mildura,3,GRN,IND+LNP+ON,ideology prior,False,False,0.04992931877224017,0.21579910655149886,True,0.24862628378834478,0.5776422357764224
ON20,no_geography,Mildura,4,ON,IND+LNP,ideology prior,False,False,0.27814216630216476,0.03337236310581576,True,0.0,0.68
ON20,no_geography,Mill Park,1,IND,ALP+GRN+LNP+ON+OTH,ideology prior,False,False,1.0212571082457013e-09,0.09347345701027744,True,0.2165,0.0
ON20,no_geography,Mill Park,2,GRN,ALP+LNP+ON+OTH,full AEC row,False,False,0.09347345823297751,0.008093218097629334,True,0.050000000468056874,1.0
ON20,no_geography,Mill Park,3,OTH,ALP+LNP+ON,full AEC row,False,False,0.12092502952104262,0.08825518634135351,True,0.4577530703228617,1.0
ON20,no_geography,Mill Park,4,LNP,ALP+ON,ON special prior,True,True,0.24275533320658005,0.058634049952349554,True,0.6299999999999999,0.0
ON20,no_geography,Monbulk,1,OTH,ALP+GRN+IND+LNP+ON,federal ON evidence trial,False,False,0.03123824977408865,0.054635110167952625,True,0.48530048251125746,1.0
ON20,no_geography,Monbulk,2,IND,ALP+GRN+LNP+ON,full AEC row,False,False,0.09217160098464006,0.0856369123623249,True,0.30973910314345354,1.0
ON20,no_geography,Monbulk,3,GRN,ALP+LNP+ON,federal ON evidence trial,False,False,0.20440966042071895,0.03596176118625566,True,0.14045217823105488,1.0
ON20,no_geography,Monbulk,4,ON,ALP+LNP,federal ON evidence trial,False,False,0.2690812036645348,0.07463408729867266,True,0.0,0.73
ON20,no_geography,Mordialloc,1,OTH,ALP+GRN+IND+LNP+ON,federal ON evidence trial,False,False,0.022318984715658262,0.04508138130688683,True,0.38585478007689816,1.0
ON20,no_geography,Mordialloc,2,IND,ALP+GRN+LNP+ON,full AEC row,False,False,0.0724418737072509,0.05387066091523453,True,0.2306903327817735,1.0
ON20,no_geography,Mordialloc,3,GRN,ALP+LNP+ON,federal ON evidence trial,False,False,0.13809560605159069,0.0771977823915462,True,0.08645048984610362,1.0
ON20,no_geography,Mordialloc,4,ON,ALP+LNP,federal ON evidence trial,False,False,0.22723182123189148,0.11395112232529728,True,0.0,0.7
ON20,no_geography,Mornington,1,OTH,ALP+GRN+IND+LNP+ON,federal ON evidence trial,False,False,0.0057091719244501266,0.09166653418800892,True,0.48530048251125746,1.0
ON20,no_geography,Mornington,2,GRN,ALP+IND+LNP+ON,federal ON evidence trial,False,False,0.09786801653110956,0.01605228486262268,True,0.10063335378787024,1.0
ON20,no_geography,Mornington,3,ALP,IND+LNP+ON,full AEC row,False,False,0.1469438785593232,0.03631819465905006,True,0.23742391255227027,1.0
ON20,no_geography,Mornington,4,ON,IND+LNP,ideology prior,False,False,0.21815006379153346,0.10810310785898042,True,0.0,0.69
ON20,no_geography,Morwell,1,GRN,ALP+IND+LNP+ON+OTH,full AEC row,False,False,0.05795252885841439,0.02083079648720384,True,0.1,1.0
ON20,no_geography,Morwell,2,OTH,ALP+IND+LNP+ON,ideology prior,False,False,0.08405700547173393,0.04385478367384811,True,0.4262193811968676,1.0
ON20,no_geography,Morwell,3,IND,ALP+LNP+ON,ideology prior,False,False,0.14195462946027582,0.07203076477963222,True,0.3534902540211503,0.6859
ON20,no_geography,Morwell,4,ALP,LNP+ON,ON special prior,True,True,0.2622390675465781,0.05229410238734733,True,0.25,0.0
ON20,no_geography,Mulgrave,1,OTH,ALP+GRN+IND+LNP+ON,federal ON evidence trial,False,False,0.013683870286523316,0.06570147578466261,True,0.38585478007689816,1.0
ON20,no_geography,Mulgrave,2,GRN,ALP+IND+LNP+ON,federal ON evidence trial,False,False,0.08073134449086436,0.07990182924410197,True,0.06142937879186863,1.0
ON20,no_geography,Mulgrave,3,LNP,ALP+IND+ON,full AEC row,False,False,0.17567933845192465,0.008372227812382588,True,0.31120975765235187,1.0
ON20,no_geography,Mulgrave,4,IND,ALP+ON,ON special prior,True,True,0.20792774269140027,0.04374812018264193,True,0.19999999999999998,0.0
ON20,no_geography,Murray Plains,1,IND,ALP+GRN+LNP+ON+OTH,full AEC row,False,False,0.01695260795957607,0.036981082883499314,True,0.324778625,1.0
ON20,no_geography,Murray Plains,2,ALP,GRN+LNP+ON+OTH,ideology prior,False,False,0.05578494318024902,0.00731708220807218,True,0.1617993937310435,0.0
ON20,no_geography,Murray Plains,3,OTH,GRN+LNP+ON,ideology prior,False,False,0.08877091220372219,0.006065058519788599,True,0.5222088578619226,0.8509
ON20,no_geography,Murray Plains,4,GRN,LNP+ON,ON special prior,True,True,0.11663480485553507,0.2301081906339375,True,0.23,0.3862
ON20,no_geography,Narracan,1,OTH,ALP+GRN+IND+LNP+ON,federal ON evidence trial,False,False,9.865556607812668e-10,0.05674362588003735,True,0.3195576451206586,0.0
ON20,no_geography,Narracan,2,IND,ALP+GRN+LNP+ON,ideology prior,False,False,0.056743627067006225,0.09384797294846356,True,0.22823529458955494,0.0
ON20,no_geography,Narracan,3,ALP,GRN+LNP+ON,ideology prior,False,False,0.16659246836509045,0.006237058415639318,True,0.17362269951993764,0.0
ON20,no_geography,Narracan,4,GRN,LNP+ON,ON special prior,True,True,0.2774175217128638,0.003956121190229367,True,0.23,0.0
ON20,no_geography,Narre Warren North,1,IND,ALP+GRN+LNP+ON+OTH,full AEC row,False,False,0.013158037320417227,0.0739453741358008,True,0.24844603039696028,1.0
ON20,no_geography,Narre Warren North,2,GRN,ALP+LNP+ON+OTH,full AEC row,False,False,0.08808438320067255,0.005724216681141772,True,0.05242252115345462,1.0
ON20,no_geography,Narre Warren North,3,OTH,ALP+LNP+ON,full AEC row,False,False,0.11302579003357417,0.13143487292599665,True,0.44308319336861746,1.0
ON20,no_geography,Narre Warren North,4,LNP,ALP+ON,ON special prior,True,True,0.274283305631229,0.0384312236002996,True,0.63,0.0
ON20,no_geography,Narre Warren South,1,IND,ALP+GRN+LNP+ON+OTH,full AEC row,False,False,0.0053538282482697855,0.08019986657641759,True,0.2536262376237624,1.0
ON20,no_geography,Narre Warren South,2,GRN,ALP+LNP+ON+OTH,full AEC row,False,False,0.08769584541675582,0.0003655656396318735,True,0.05085720880316659,1.0
ON20,no_geography,Narre Warren South,3,OTH,ALP+LNP+ON,full AEC row,False,False,0.11075152928116062,0.14036124105031195,True,0.4319505792917785,1.0
ON20,no_geography,Narre Warren South,4,LNP,ALP+ON,ON special prior,True,True,0.2830505766958358,0.015901380866084447,True,0.63,0.0
ON20,no_geography,Nepean,1,OTH,ALP+GRN+IND+LNP+ON,federal ON evidence trial,False,False,0.01144877775575802,0.02549162640107315,True,0.36928049633783827,1.0
ON20,no_geography,Nepean,2,IND,ALP+GRN+LNP+ON,ideology prior,False,False,0.03881074606399644,0.07913715870484671,True,0.30071640215607043,0.6993
ON20,no_geography,Nepean,3,GRN,ALP+LNP+ON,federal ON evidence trial,False,False,0.12593935986666413,0.07900113740133904,True,0.12048136876316357,1.0
ON20,no_geography,Nepean,4,ON,ALP+LNP,federal ON evidence trial,False,False,0.23452623368517034,0.0524268799753555,True,0.0,0.73
ON20,no_geography,Niddrie,1,IND,ALP+GRN+LNP+ON+OTH,ideology prior,False,False,1.005180843712323e-12,0.066283881668316,True,0.2165,0.0
ON20,no_geography,Niddrie,2,OTH,ALP+GRN+LNP+ON,federal ON evidence trial,False,False,0.06628388166944935,0.02875975852939945,True,0.3749340029414874,1.0
ON20,no_geography,Niddrie,3,GRN,ALP+LNP+ON,federal ON evidence trial,False,False,0.10825032043222005,0.1655466316736965,True,0.11053132906824378,1.0
ON20,no_geography,Niddrie,4,ON,ALP+LNP,federal ON evidence trial,False,False,0.2857620038953531,0.03836026955053834,True,0.0,0.7
ON20,no_geography,Northcote,1,IND,ALP+GRN+LNP+ON+OTH,full AEC row,False,False,0.009421423497289746,0.07244514848920293,True,0.23911996300369961,1.0
ON20,no_geography,Northcote,2,LNP,ALP+GRN+ON+OTH,ideology prior,False,False,0.08240642916177846,0.014122466045228182,True,0.3605101865098256,1.0
ON20,no_geography,Northcote,3,OTH,ALP+GRN+ON,ideology prior,False,False,0.10891543402161452,0.1004525124696582,True,0.3724648329008052,0.8543000000000001
ON20,no_geography,Northcote,4,ON,ALP+GRN,ideology prior,False,False,0.24993511542445204,0.070702646673278,True,0.0,0.16999999999999998
ON20,no_geography,Oakleigh,1,OTH,ALP+GRN+IND+LNP+ON,federal ON evidence trial,False,False,0.009100954671216958,0.013099678771527314,True,0.38585478007689816,1.0
ON20,no_geography,Oakleigh,2,IND,ALP+GRN+LNP+ON,full AEC row,False,False,0.024033753487671065,0.15949959909321526,True,0.23158543177720672,1.0
ON20,no_geography,Oakleigh,3,GRN,ALP+LNP+ON,federal ON evidence trial,False,False,0.18798933579829255,0.009317143998418403,True,0.06413047646504619,1.0
ON20,no_geography,Oakleigh,4,ON,ALP+LNP,federal ON evidence trial,False,False,0.209362325471803,0.09469311881751863,True,0.0,0.7
ON20,no_geography,Ovens Valley,1,IND,ALP+GRN+LNP+ON+OTH,ideology prior,False,False,0.047689713941130904,0.02811416001218478,True,0.21650000000000003,0.0
ON20,no_geography,Ovens Valley,2,ALP,GRN+LNP+ON+OTH,ideology prior,False,False,0.0872345022635805,0.023894464168248364,True,0.17138397488986024,0.0
ON20,no_geography,Ovens Valley,3,OTH,GRN+LNP+ON,ideology prior,False,False,0.12739255046374423,0.030859411091661737,True,0.5693197831217585,0.9419
ON20,no_geography,Ovens Valley,4,GRN,LNP+ON,ON special prior,True,True,0.1812080354935791,0.1489000768175291,True,0.23,0.3624
ON20,no_geography,Pakenham,1,IND,ALP+GRN+LNP+ON+OTH,ideology prior,False,False,0.07011684883512621,0.021193483469529484,True,0.24550107500000007,1.0
ON20,no_geography,Pakenham,2,OTH,ALP+GRN+LNP+ON,federal ON evidence trial,False,False,0.10052445749834735,0.0004672587092184044,True,0.4406471412467318,0.9056000000000001
ON20,no_geography,Pakenham,3,GRN,ALP+LNP+ON,federal ON evidence trial,False,False,0.1203008882796951,0.11817398715367874,True,0.19338338935947225,0.7081708170817081
ON20,no_geography,Pakenham,4,ALP,LNP+ON,ON special prior,True,True,0.31433635326542314,0.02109234035523294,True,0.36000000000000004,0.0
ON20,no_geography,Pascoe Vale,1,OTH,ALP+GRN+IND+LNP+ON,federal ON evidence trial,False,False,0.07148017792073749,0.022114338945827802,True,0.33944678560753044,1.0
ON20,no_geography,Pascoe Vale,2,IND,ALP+GRN+LNP+ON,ideology prior,False,False,0.10527195310901015,0.057000542940757334,True,0.2531259852206601,0.6067
ON20,no_geography,Pascoe Vale,3,LNP,ALP+GRN+ON,full AEC row,False,False,0.18564118553240094,0.04049902293043006,True,0.32384801326444107,1.0
ON20,no_geography,Pascoe Vale,4,ON,ALP+GRN,ideology prior,False,False,0.2862597375775545,0.06215205870343249,True,0.0,0.16999999999999998
ON20,no_geography,Point Cook,1,OTH,ALP+GRN+IND+LNP+ON,federal ON evidence trial,False,False,0.0835474822953275,0.009517329881608375,True,0.35933592609440235,1.0
ON20,no_geography,Point Cook,2,GRN,ALP+IND+LNP+ON,federal ON evidence trial,False,False,0.10752859559289331,0.028509193690430354,True,0.11510836530748898,1.0
ON20,no_geography,Point Cook,3,IND,ALP+LNP+ON,ideology prior,False,False,0.15137377341579875,0.07082072920688251,True,0.30472192289246053,0.6815
ON20,no_geography,Point Cook,4,LNP,ALP+ON,ON special prior,True,True,0.27409347883475493,0.03921308072728208,True,0.63,0.0
ON20,no_geography,Polwarth,1,IND,ALP+GRN+LNP+ON+OTH,ideology prior,False,False,0.03495950534503192,0.006286708822818211,True,0.24701170867086705,1.0
ON20,no_geography,Polwarth,2,OTH,ALP+GRN+LNP+ON,federal ON evidence trial,False,False,0.04436635001989423,0.13377081129241386,True,0.45821804121837917,0.9267
ON20,no_geography,Polwarth,3,ALP,GRN+LNP+ON,ideology prior,False,False,0.18472929327201165,0.011968835593116678,True,0.18256974030872655,0.0
ON20,no_geography,Polwarth,4,ON,GRN+LNP,ideology prior,False,False,0.23522318024628344,0.0774192381457545,True,0.0,0.66
ON20,no_geography,Prahran,1,IND,ALP+GRN+LNP+ON+OTH,full AEC row,False,False,0.008862637012320729,0.033660943593654305,True,0.22670332966703324,1.0
ON20,no_geography,Prahran,2,OTH,ALP+GRN+LNP+ON,federal ON evidence trial,False,False,0.04496184704008661,0.08919168976125999,True,0.3181040427333795,1.0
ON20,no_geography,Prahran,3,ON,ALP+GRN+LNP,federal ON evidence trial,False,False,0.14845608211355796,0.007776499705270529,True,0.0,0.7000000000000001
ON20,no_geography,Prahran,4,ALP,GRN+LNP,posterior scenario,False,False,0.1861383223665585,0.21838810467307448,False,0.0,0.9
ON20,no_geography,Preston,1,OTH,ALP+GRN+IND+LNP+ON,federal ON evidence trial,False,False,0.08770858073691772,0.03257138890012444,True,0.33944678560753044,1.0
ON20,no_geography,Preston,2,LNP,ALP+GRN+IND+ON,ideology prior,False,False,0.13608672693739207,0.004579956770614874,True,0.37708076384000105,1.0
ON20,no_geography,Preston,3,IND,ALP+GRN+ON,ideology prior,False,False,0.16311787228942162,0.05949213996833841,True,0.2612655817548478,0.8427
ON20,no_geography,Preston,4,GRN,ALP+ON,ON special prior,True,True,0.3000363345082867,0.04433034582085532,True,0.09,0.0
ON20,no_geography,Richmond,1,IND,ALP+GRN+LNP+ON+OTH,full AEC row,False,False,0.039847326858442896,0.038820921312945546,True,0.24379724527547245,1.0
ON20,no_geography,Richmond,2,OTH,ALP+GRN+LNP+ON,federal ON evidence trial,False,False,0.0922691715754461,0.030068317865346944,True,0.3108042380972783,1.0
ON20,no_geography,Richmond,3,LNP,ALP+GRN+ON,full AEC row,False,False,0.13851995179543022,0.0301762309831409,True,0.23613589336322888,1.0
ON20,no_geography,Richmond,4,ON,ALP+GRN,ideology prior,False,False,0.20140571534441645,0.09252924110095648,True,0.0,0.16999999999999998
ON20,no_geography,Ringwood,1,IND,ALP+GRN+LNP+ON+OTH,ideology prior,False,False,1.0054111398261542e-12,0.047378063845849146,True,0.2165,0.0
ON20,no_geography,Ringwood,2,OTH,ALP+GRN+LNP+ON,federal ON evidence trial,False,False,0.047378063846982746,0.0839487461713763,True,0.4272778078265392,1.0
ON20,no_geography,Ringwood,3,ON,ALP+GRN+LNP,federal ON evidence trial,False,False,0.15157040527796367,0.04431522132280305,True,0.0,0.75
ON20,no_geography,Ringwood,4,GRN,ALP+LNP,posterior scenario,False,False,0.22462042009141822,0.0927899480975807,False,0.0,0.95
ON20,no_geography,Ripon,1,IND,ALP+GRN+LNP+ON+OTH,full AEC row,False,False,0.019224379563347067,0.05771059429421557,True,0.32847425,1.0
ON20,no_geography,Ripon,2,GRN,ALP+LNP+ON+OTH,full AEC row,False,False,0.07811997662908457,0.036576103849256913,True,0.10347201630682877,1.0
ON20,no_geography,Ripon,3,OTH,ALP+LNP+ON,full AEC row,False,False,0.1267688263103441,0.15257713030997647,True,0.5592128664314826,1.0
ON20,no_geography,Ripon,4,LNP,ALP+ON,ON special prior,True,True,0.3099522147603629,0.029858855123791328,True,0.79,0.0
ON20,no_geography,Rowville,1,OTH,ALP+GRN+IND+LNP+ON,federal ON evidence trial,False,False,0.011034808670425243,0.09529289269499613,True,0.4521187697801849,1.0
ON20,no_geography,Rowville,2,GRN,ALP+IND+LNP+ON,federal ON evidence trial,False,False,0.10747816313891652,0.0033708326030919417,True,0.05985201964459311,1.0
ON20,no_geography,Rowville,3,IND,ALP+LNP+ON,full AEC row,False,False,0.13520284183258555,0.026349523162313954,True,0.2040786331891817,1.0
ON20,no_geography,Rowville,4,ON,ALP+LNP,federal ON evidence trial,False,False,0.18914437615938667,0.13860594779172802,True,0.0,0.7
ON20,no_geography,Sandringham,1,OTH,ALP+GRN+IND+LNP+ON,federal ON evidence trial,False,False,0.03331256285868406,0.048464356581062656,True,0.3858282638745359,1.0
ON20,no_geography,Sandringham,2,IND,ALP+GRN+LNP+ON,full AEC row,False,False,0.08671305076056823,0.0521054517303651,True,0.21288965218690342,1.0
ON20,no_geography,Sandringham,3,ON,ALP+GRN+LNP,federal ON evidence trial,False,False,0.157278813707416,0.01652604267306368,True,0.0,0.75
ON20,no_geography,Sandringham,4,ALP,GRN+LNP,posterior scenario,False,False,0.20674598901786667,0.018521104969911856,False,0.0,0.0
ON20,no_geography,Shepparton,1,ALP,GRN+IND+LNP+ON+OTH,ideology prior,False,False,0.005305454673201613,0.01548118164153784,True,0.1656815421875,1.0
ON20,no_geography,Shepparton,2,OTH,GRN+IND+LNP+ON,ideology prior,False,False,0.021103564281461495,0.02508406958153932,True,0.4436178329808561,0.8951
ON20,no_geography,Shepparton,3,GRN,IND+LNP+ON,ideology prior,False,False,0.049696688098052645,0.2235018503958033,True,0.25567357933181445,0.5886411358864113
ON20,no_geography,Shepparton,4,ON,IND+LNP,ideology prior,False,False,0.28590466862082187,0.06697653432628647,True,0.0,0.6799999999999999
ON20,no_geography,South Barwon,1,IND,ALP+GRN+LNP+ON+OTH,ideology prior,False,False,0.0002709468771820532,0.07206524541196449,True,0.2231,0.0
ON20,no_geography,South Barwon,2,OTH,ALP+GRN+LNP+ON,federal ON evidence trial,False,False,0.07237073801598726,0.07142976987584596,True,0.42716034574776296,1.0
ON20,no_geography,South Barwon,3,GRN,ALP+LNP+ON,federal ON evidence trial,False,False,0.1582923990904465,0.0636282232753014,True,0.14328630294937,1.0
ON20,no_geography,South Barwon,4,ON,ALP+LNP,federal ON evidence trial,False,False,0.24460175501640422,0.10497824781794698,True,0.0,0.72
ON20,no_geography,South-West Coast,1,OTH,ALP+GRN+IND+LNP+ON,federal ON evidence trial,False,False,0.01724921906201414,0.06590549043410829,True,0.5184092756858338,1.0
ON20,no_geography,South-West Coast,2,GRN,ALP+IND+LNP+ON,federal ON evidence trial,False,False,0.084197243576657,0.011282110519404726,True,0.10425651122466026,1.0
ON20,no_geography,South-West Coast,3,ALP,IND+LNP+ON,ideology prior,False,False,0.12708720949524052,0.054562428840015775,True,0.28773522716128697,0.0
ON20,no_geography,South-West Coast,4,ON,IND+LNP,ideology prior,False,False,0.2182171054286634,0.1429127466859012,True,0.0,0.68
ON20,no_geography,St Albans,1,IND,ALP+GRN+LNP+ON+OTH,full AEC row,False,False,0.03164057182118578,0.07367729054286713,True,0.22509563456345635,1.0
ON20,no_geography,St Albans,2,GRN,ALP+LNP+ON+OTH,ideology prior,False,False,0.11286411026404314,0.014055903012994198,True,0.06896977026330028,1.0
ON20,no_geography,St Albans,3,OTH,ALP+LNP+ON,ideology prior,False,False,0.136643619745135,0.08366112677457277,True,0.47894220862085196,0.8298000000000001
ON20,no_geography,St Albans,4,LNP,ALP+ON,ON special prior,True,True,0.2679213174886288,0.017827826065761776,True,0.5600000000000002,0.0
ON20,no_geography,Sunbury,1,IND,ALP+GRN+LNP+ON+OTH,full AEC row,False,False,0.03656017945022785,0.020860360842759718,True,0.331791,1.0
ON20,no_geography,Sunbury,2,OTH,ALP+GRN+LNP+ON,federal ON evidence trial,False,False,0.06458670106702673,0.027143633203001005,True,0.4373443597213869,1.0
ON20,no_geography,Sunbury,3,GRN,ALP+LNP+ON,federal ON evidence trial,False,False,0.10412990178997805,0.173537013165161,True,0.16414578886540643,1.0
ON20,no_geography,Sunbury,4,LNP,ALP+ON,ON special prior,True,True,0.3037754837323903,0.015412577123611382,True,0.7599999999999999,0.0
ON20,no_geography,Sydenham,1,IND,ALP+GRN+LNP+ON+OTH,ideology prior,False,False,0.00815455497015882,0.0776192733516614,True,0.2165,0.0
ON20,no_geography,Sydenham,2,GRN,ALP+LNP+ON+OTH,full AEC row,False,False,0.08738231428968404,0.025524280545593026,True,0.05399786900799293,1.0
ON20,no_geography,Sydenham,3,OTH,ALP+LNP+ON,full AEC row,False,False,0.1340488744827686,0.10627155801238253,True,0.4532313543192242,1.0
ON20,no_geography,Sydenham,4,LNP,ALP+ON,ON special prior,True,True,0.2867079833316036,0.014367602090340437,True,0.63,0.0
ON20,no_geography,Tarneit,1,IND,ALP+GRN+LNP+ON+OTH,full AEC row,False,False,0.03376214755359708,0.04934471314671733,True,0.24840778422157783,1.0
ON20,no_geography,Tarneit,2,OTH,ALP+GRN+LNP+ON,federal ON evidence trial,False,False,0.09767815931901165,0.0030258436271721756,True,0.3975630509922079,1.0
ON20,no_geography,Tarneit,3,GRN,ALP+LNP+ON,federal ON evidence trial,False,False,0.12112172811777382,0.11980544289237206,True,0.14030037718680644,1.0
ON20,no_geography,Tarneit,4,LNP,ALP+ON,ON special prior,True,True,0.2721429159316547,0.004163904662348505,True,0.63,0.0
ON20,no_geography,Thomastown,1,IND,ALP+GRN+LNP+ON+OTH,ideology prior,False,False,0.028708184137445168,0.05854969141688718,True,0.2165,0.0
ON20,no_geography,Thomastown,2,GRN,ALP+LNP+ON+OTH,full AEC row,False,False,0.0929205648754434,0.006065581241582449,True,0.06323566358617598,1.0
ON20,no_geography,Thomastown,3,OTH,ALP+LNP+ON,full AEC row,False,False,0.13768002313015926,0.0502484162727983,True,0.39427163741286647,1.0
ON20,no_geography,Thomastown,4,LNP,ALP+ON,ON special prior,True,True,0.21375467198075165,0.07145274352006681,True,0.6300000000000001,0.0
ON20,no_geography,Warrandyte,1,IND,ALP+GRN+LNP+ON+OTH,full AEC row,False,False,0.010442922435749813,0.0022404325623928308,True,0.229288375,1.0
ON20,no_geography,Warrandyte,2,OTH,ALP+GRN+LNP+ON,federal ON evidence trial,False,False,0.015453705676510533,0.12753970405597007,True,0.3939344187436247,1.0
ON20,no_geography,Warrandyte,3,ON,ALP+GRN+LNP,federal ON evidence trial,False,False,0.14908115629559182,0.00023061322374093307,True,0.0,0.75
ON20,no_geography,Warrandyte,4,GRN,ALP+LNP,posterior scenario,False,False,0.17469351096563188,0.06731308339146955,False,0.0,0.9500000000000001
ON20,no_geography,Wendouree,1,IND,ALP+GRN+LNP+ON+OTH,full AEC row,False,False,0.007719239198758069,0.04180743113707358,True,0.3376794429442944,1.0
ON20,no_geography,Wendouree,2,OTH,ALP+GRN+LNP+ON,federal ON evidence trial,False,False,0.052154755148550135,0.07199784008288551,True,0.4197732016287528,1.0
ON20,no_geography,Wendouree,3,GRN,ALP+LNP+ON,federal ON evidence trial,False,False,0.13442809235801112,0.1268543621436009,True,0.1355821388098129,1.0
ON20,no_geography,Wendouree,4,ON,ALP+LNP,federal ON evidence trial,False,False,0.27950850277963424,0.01482898582302622,True,0.0,0.72
ON20,no_geography,Werribee,1,OTH,ALP+GRN+IND+LNP+ON,federal ON evidence trial,False,False,0.07315944018055895,0.015436001036999228,True,0.48530048251125746,1.0
ON20,no_geography,Werribee,2,GRN,ALP+IND+LNP+ON,federal ON evidence trial,False,False,0.09698000079635703,0.03333595582951414,True,0.11463823055210194,1.0
ON20,no_geography,Werribee,3,IND,ALP+LNP+ON,ideology prior,False,False,0.1440079184944452,0.050934255830685005,True,0.34785828444995226,0.8337833783378338
ON20,no_geography,Werribee,4,LNP,ALP+ON,ON special prior,True,True,0.2501398533933967,0.08310167200922641,True,0.76,0.0
ON20,no_geography,Williamstown,1,IND,ALP+GRN+LNP+ON+OTH,ideology prior,False,False,0.035934355336943884,0.032846808959880174,True,0.2165,0.0
ON20,no_geography,Williamstown,2,OTH,ALP+GRN+LNP+ON,federal ON evidence trial,False,False,0.0733627946022844,0.10880114046075248,True,0.3167122990298439,1.0
ON20,no_geography,Williamstown,3,GRN,ALP+LNP+ON,federal ON evidence trial,False,False,0.2011735122566766,0.033209778003733925,True,0.10410314721860034,1.0
ON20,no_geography,Williamstown,4,ON,ALP+LNP,federal ON evidence trial,False,False,0.2553260860233502,0.023431193091079106,True,0.0,0.65
ON20,no_geography,Yan Yean,1,IND,ALP+GRN+LNP+ON+OTH,ideology prior,False,False,9.907210378103854e-10,0.08563256296814117,True,0.2165,0.0
ON20,no_geography,Yan Yean,2,GRN,ALP+LNP+ON+OTH,full AEC row,False,False,0.08563256415428193,0.02534269356579963,True,0.10000000038153402,1.0
ON20,no_geography,Yan Yean,3,OTH,ALP+LNP+ON,full AEC row,False,False,0.13084201258968262,0.09504843281766331,True,0.5032215563527844,1.0
ON20,no_geography,Yan Yean,4,ON,ALP+LNP,federal ON evidence trial,False,False,0.2917329666190566,0.018508503743640048,True,0.0,0.73
ON20,no_synthetic_priority,Albert Park,1,OTH,ALP+GRN+IND+LNP+ON,federal ON evidence trial,False,False,0.03432450456022445,0.01374936982272576,True,0.23823751406596078,1.0
ON20,no_synthetic_priority,Albert Park,2,IND,ALP+GRN+LNP+ON,ideology prior,False,False,0.055246801117216825,0.09950793800202362,True,0.10950391926065023,1.0
ON20,no_synthetic_priority,Albert Park,3,ON,ALP+GRN+LNP,federal ON evidence trial,False,False,0.16080448036818937,0.09717814412585804,True,0.0,0.7000000000000001
ON20,no_synthetic_priority,Albert Park,4,GRN,ALP+LNP,posterior scenario,False,False,0.29392065039339527,0.032600645769720826,False,0.0,0.9500000000000001
ON20,no_synthetic_priority,Ashwood,1,OTH,ALP+GRN+IND+LNP+ON,federal ON evidence trial,False,False,1.0037557319025045e-12,0.021168771274612516,True,0.3499180153342636,1.0
ON20,no_synthetic_priority,Ashwood,2,IND,ALP+GRN+LNP+ON,ideology prior,False,False,0.021168771275783486,0.09991878405556726,True,0.2715818744832371,0.7386
ON20,no_synthetic_priority,Ashwood,3,ON,ALP+GRN+LNP,federal ON evidence trial,False,False,0.12683660991493492,0.056348770629847444,True,0.0,0.75
ON20,no_synthetic_priority,Ashwood,4,GRN,ALP+LNP,posterior scenario,False,False,0.2049542764138741,0.11533496979422042,False,0.0,0.95
ON20,no_synthetic_priority,Bass,1,OTH,ALP+GRN+IND+LNP+ON,federal ON evidence trial,False,False,0.048744288088512625,0.002403572277401185,True,0.4330392171397608,1.0
ON20,no_synthetic_priority,Bass,2,IND,ALP+GRN+LNP+ON,ideology prior,False,False,0.059403111005572454,0.044999708588844736,True,0.40617669557554203,0.8191
ON20,no_synthetic_priority,Bass,3,GRN,ALP+LNP+ON,federal ON evidence trial,False,False,0.11670704111992049,0.11448296847095894,True,0.14592072601481898,1.0
ON20,no_synthetic_priority,Bass,4,ALP,LNP+ON,ON special prior,True,True,0.3007115335773553,0.012416069149191467,True,0.35999999999999993,0.0
ON20,no_synthetic_priority,Bayswater,1,IND,ALP+GRN+LNP+ON+OTH,ideology prior,False,False,0.015405182497905574,0.049082810953346566,True,0.23863279963472847,1.0
ON20,no_synthetic_priority,Bayswater,2,OTH,ALP+GRN+LNP+ON,federal ON evidence trial,False,False,0.06725248273238697,0.045838570430973155,True,0.4112439985391318,1.0
ON20,no_synthetic_priority,Bayswater,3,GRN,ALP+LNP+ON,federal ON evidence trial,False,False,0.12732351876808887,0.0762523218774745,True,0.15206296027020577,1.0
ON20,no_synthetic_priority,Bayswater,4,ON,ALP+LNP,federal ON evidence trial,False,False,0.22293703182145808,0.1482115431546604,True,0.0,0.7
ON20,no_synthetic_priority,Bellarine,1,OTH,ALP+GRN+IND+LNP+ON,federal ON evidence trial,False,False,0.028627673629515012,0.008087340502805445,True,0.4705234102619752,1.0
ON20,no_synthetic_priority,Bellarine,2,IND,ALP+GRN+LNP+ON,ideology prior,False,False,0.04174029275515646,0.10112761517597281,True,0.3495603769768332,1.0
ON20,no_synthetic_priority,Bellarine,3,GRN,ALP+LNP+ON,federal ON evidence trial,False,False,0.15198672468299745,0.030363273977650124,True,0.15976150075149548,1.0
ON20,no_synthetic_priority,Bellarine,4,ON,ALP+LNP,federal ON evidence trial,False,False,0.20663162589030762,0.15080026437566088,True,0.0,0.73
ON20,no_synthetic_priority,Benambra,1,ALP,GRN+IND+LNP+ON+OTH,ideology prior,False,False,0.013618758657294684,0.02253054471956445,True,0.26626468894009214,1.0
ON20,no_synthetic_priority,Benambra,2,OTH,GRN+IND+LNP+ON,ideology prior,False,False,0.03691590769482621,0.027640260123516572,True,0.6212719384286316,0.9582999999999999
ON20,no_synthetic_priority,Benambra,3,GRN,IND+LNP+ON,ideology prior,False,False,0.06631611828034256,0.2017529608895441,True,0.17015135783784807,0.8942
ON20,no_synthetic_priority,Benambra,4,ON,IND+LNP,ideology prior,False,False,0.2793528567418223,0.07973765796691895,True,0.0,0.68
ON20,no_synthetic_priority,Bendigo East,1,OTH,ALP+GRN+IND+LNP+ON,federal ON evidence trial,False,False,0.016038870725439153,0.013299471190806728,True,0.3890498227253916,1.0
ON20,no_synthetic_priority,Bendigo East,2,IND,ALP+GRN+LNP+ON,ideology prior,False,False,0.03205847681263981,0.0900416802931632,True,0.33277783389994875,0.5729427057294271
ON20,no_synthetic_priority,Bendigo East,3,GRN,ALP+LNP+ON,federal ON evidence trial,False,False,0.1278805642442266,0.08737551293841478,True,0.15243914217233023,1.0
ON20,no_synthetic_priority,Bendigo East,4,ON,ALP+LNP,federal ON evidence trial,False,False,0.23475008069654485,0.08125070407707252,True,0.0,0.72
ON20,no_synthetic_priority,Bendigo West,1,IND,ALP+GRN+LNP+ON+OTH,ideology prior,False,False,0.02583883640988111,0.047485194800785335,True,0.3555070814691494,1.0
ON20,no_synthetic_priority,Bendigo West,2,OTH,ALP+GRN+LNP+ON,federal ON evidence trial,False,False,0.08060469191673221,0.07021856236185682,True,0.42656147373091,1.0
ON20,no_synthetic_priority,Bendigo West,3,GRN,ALP+LNP+ON,federal ON evidence trial,False,False,0.16537791824491882,0.06658328698964805,True,0.1787896142542435,1.0
ON20,no_synthetic_priority,Bendigo West,4,ON,ALP+LNP,federal ON evidence trial,False,False,0.2615290594437457,0.007414452996824916,True,0.0,0.72
ON20,no_synthetic_priority,Bentleigh,1,OTH,ALP+GRN+IND+LNP+ON,federal ON evidence trial,False,False,0.017010519063740574,0.003025663934217448,True,0.34992545127056257,1.0
ON20,no_synthetic_priority,Bentleigh,2,IND,ALP+GRN+LNP+ON,ideology prior,False,False,0.022869931241107457,0.11100034521893748,True,0.2760144304977431,0.7199
ON20,no_synthetic_priority,Bentleigh,3,GRN,ALP+LNP+ON,federal ON evidence trial,False,False,0.13948878536753503,0.03393316393585566,True,0.10915939337553898,1.0
ON20,no_synthetic_priority,Bentleigh,4,ON,ALP+LNP,federal ON evidence trial,False,False,0.18864846049680156,0.17068205718177287,True,0.0,0.7
ON20,no_synthetic_priority,Berwick,1,IND,ALP+GRN+LNP+ON+OTH,ideology prior,False,False,0.00019107949776982965,0.025018570346464996,True,0.2717267726161369,0.0
ON20,no_synthetic_priority,Berwick,2,OTH,ALP+GRN+LNP+ON,federal ON evidence trial,False,False,0.02523347638307654,0.08909586966205724,True,0.45527077309719655,1.0
ON20,no_synthetic_priority,Berwick,3,GRN,ALP+LNP+ON,federal ON evidence trial,False,False,0.11893441629521694,0.11156279409174209,True,0.1545521001193252,1.0
ON20,no_synthetic_priority,Berwick,4,ON,ALP+LNP,federal ON evidence trial,False,False,0.25643392894614897,0.043179827325966924,True,0.0,0.73
ON20,no_synthetic_priority,Box Hill,1,IND,ALP+GRN+LNP+ON+OTH,ideology prior,False,False,0.01638796275670719,0.0010557426113631807,True,0.26441107819905213,1.0
ON20,no_synthetic_priority,Box Hill,2,OTH,ALP+GRN+LNP+ON,federal ON evidence trial,False,False,0.022482188401023492,0.09275208985050186,True,0.3536727293195049,1.0
ON20,no_synthetic_priority,Box Hill,3,ON,ALP+GRN+LNP,federal ON evidence trial,False,False,0.12318561518439064,0.06232494556747395,True,0.0,0.75
ON20,no_synthetic_priority,Box Hill,4,GRN,ALP+LNP,posterior scenario,False,False,0.20824937816385794,0.12526761114163634,False,0.0,0.9500000000000001
ON20,no_synthetic_priority,Brighton,1,OTH,ALP+GRN+IND+LNP+ON,federal ON evidence trial,False,False,0.02799529158458782,0.07615233818642886,True,0.2382375140659608,1.0
ON20,no_synthetic_priority,Brighton,2,IND,ALP+GRN+LNP+ON,ideology prior,False,False,0.11017483098610963,0.006640601518152725,True,0.09322517472791957,1.0
ON20,no_synthetic_priority,Brighton,3,ON,ALP+GRN+LNP,federal ON evidence trial,False,False,0.12708650037356142,0.05438573134244709,True,0.0,0.7000000000000001
ON20,no_synthetic_priority,Brighton,4,ALP,GRN+LNP,posterior scenario,False,False,0.21180064100372634,0.04284414616627294,False,0.0,0.0
ON20,no_synthetic_priority,Broadmeadows,1,IND,ALP+GRN+LNP+ON+OTH,ideology prior,False,False,0.07544181666563432,0.023346438117838583,True,0.26985373222748815,1.0
ON20,no_synthetic_priority,Broadmeadows,2,GRN,ALP+LNP+ON+OTH,ideology prior,False,False,0.11480251823737227,0.01410042930149423,True,0.10303904796976911,1.0
ON20,no_synthetic_priority,Broadmeadows,3,OTH,ALP+LNP+ON,ideology prior,False,False,0.1400467485443939,0.04401926372989068,True,0.5124888729444206,0.7785
ON20,no_synthetic_priority,Broadmeadows,4,LNP,ALP+ON,ON special prior,True,True,0.21176709446804934,0.08617523460059176,True,0.63,0.0
ON20,no_synthetic_priority,Brunswick,1,IND,ALP+GRN+LNP+ON+OTH,ideology prior,False,False,0.02127240097125374,0.054762984545359245,True,0.10346842783505156,1.0
ON20,no_synthetic_priority,Brunswick,2,LNP,ALP+GRN+ON+OTH,ideology prior,False,False,0.0793968203009783,0.020031654346782946,True,0.23023248735606708,1.0
ON20,no_synthetic_priority,Brunswick,3,OTH,ALP+GRN+ON,ideology prior,False,False,0.11093900151675669,0.04059636286990263,True,0.22716203542471264,0.9330066993300671
ON20,no_synthetic_priority,Brunswick,4,ON,ALP+GRN,ideology prior,False,False,0.17673649377919107,0.06703692672924769,True,0.0,0.16999999999999998
ON20,no_synthetic_priority,Bulleen,1,OTH,ALP+GRN+IND+LNP+ON,federal ON evidence trial,False,False,0.010331814396505143,0.0008376481718096202,True,0.3499180153342636,1.0
ON20,no_synthetic_priority,Bulleen,2,IND,ALP+GRN+LNP+ON,ideology prior,False,False,0.01289061880022838,0.11688322915403981,True,0.27844343613706124,0.5743425657434257
ON20,no_synthetic_priority,Bulleen,3,ON,ALP+GRN+LNP,federal ON evidence trial,False,False,0.13336315614693678,0.013410164078728054,True,0.0,0.75
ON20,no_synthetic_priority,Bulleen,4,GRN,ALP+LNP,posterior scenario,False,False,0.1702609474844799,0.07958004383476322,False,0.0,0.95
ON20,no_synthetic_priority,Bundoora,1,IND,ALP+GRN+LNP+ON+OTH,ideology prior,False,False,0.0067202610940167,0.04466993060213035,True,0.25997088270142177,1.0
ON20,no_synthetic_priority,Bundoora,2,OTH,ALP+GRN+LNP+ON,federal ON evidence trial,False,False,0.053065280472988,0.09983707004495695,True,0.3772267798485968,1.0
ON20,no_synthetic_priority,Bundoora,3,GRN,ALP+LNP+ON,federal ON evidence trial,False,False,0.16475397185627488,0.010420617989785969,True,0.12233900728761016,1.0
ON20,no_synthetic_priority,Bundoora,4,ON,ALP+LNP,federal ON evidence trial,False,False,0.19533042720964838,0.10822431188968873,True,0.0,0.7
ON20,no_synthetic_priority,Carrum,1,IND,ALP+GRN+LNP+ON+OTH,ideology prior,False,False,0.019725709415277234,0.02292688371692214,True,0.36790722195691455,1.0
ON20,no_synthetic_priority,Carrum,2,OTH,ALP+GRN+LNP+ON,federal ON evidence trial,False,False,0.05018853034498981,0.045010547440119106,True,0.42957268624680744,1.0
ON20,no_synthetic_priority,Carrum,3,GRN,ALP+LNP+ON,federal ON evidence trial,False,False,0.10524584796412696,0.1594531385101043,True,0.18143671362049102,1.0
ON20,no_synthetic_priority,Carrum,4,ON,ALP+LNP,federal ON evidence trial,False,False,0.28379444725104425,0.014553004812330461,True,0.0,0.73
ON20,no_synthetic_priority,Caulfield,1,OTH,ALP+GRN+IND+LNP+ON,federal ON evidence trial,False,False,0.007318248791694256,0.04640717853007814,True,0.2382375140659608,1.0
ON20,no_synthetic_priority,Caulfield,2,IND,ALP+GRN+LNP+ON,ideology prior,False,False,0.05517874715975161,0.07258453321944083,True,0.08163618746113982,1.0
ON20,no_synthetic_priority,Caulfield,3,ON,ALP+GRN+LNP,federal ON evidence trial,False,False,0.13226786292619674,0.05971595639709329,True,0.0,0.7000000000000001
ON20,no_synthetic_priority,Caulfield,4,ALP,GRN+LNP,posterior scenario,False,False,0.22233002954965955,0.025441924914949565,False,0.0,0.0
ON20,no_synthetic_priority,Clarinda,1,OTH,ALP+GRN+IND+LNP+ON,federal ON evidence trial,False,False,0.021899203302771206,0.07584027982083501,True,0.37778140185626,1.0
ON20,no_synthetic_priority,Clarinda,2,IND,ALP+GRN+LNP+ON,ideology prior,False,False,0.10305018732732647,0.004192158288071582,True,0.2592370932063862,1.0
ON20,no_synthetic_priority,Clarinda,3,GRN,ALP+LNP+ON,federal ON evidence trial,False,False,0.12489664673884508,0.10148930741948455,True,0.13482818850416134,0.8262
ON20,no_synthetic_priority,Clarinda,4,ON,ALP+LNP,federal ON evidence trial,False,False,0.24322554278837227,0.05134743484171661,True,0.0,0.7
ON20,no_synthetic_priority,Cranbourne,1,IND,ALP+GRN+LNP+ON+OTH,ideology prior,False,False,0.010046190552004815,0.06464177458072647,True,0.26176270734597157,1.0
ON20,no_synthetic_priority,Cranbourne,2,GRN,ALP+LNP+ON+OTH,ideology prior,False,False,0.07606546658341952,0.04404896913036278,True,0.09167663803116939,1.0
ON20,no_synthetic_priority,Cranbourne,3,OTH,ALP+LNP+ON,ideology prior,False,False,0.13858819670400982,0.09931182693005686,True,0.4830394114882525,1.0
ON20,no_synthetic_priority,Cranbourne,4,LNP,ALP+ON,ON special prior,True,True,0.2659718321233062,0.06941577844025126,True,0.63,0.0
ON20,no_synthetic_priority,Croydon,1,IND,ALP+GRN+LNP+ON+OTH,ideology prior,False,False,1.005348646027661e-12,0.05826875224561988,True,0.24097748815165881,0.0
ON20,no_synthetic_priority,Croydon,2,OTH,ALP+GRN+LNP+ON,federal ON evidence trial,False,False,0.05826875224674673,0.07497351320407218,True,0.4179749989016182,1.0
ON20,no_synthetic_priority,Croydon,3,GRN,ALP+LNP+ON,federal ON evidence trial,False,False,0.1453914097381362,0.04835080200657377,True,0.1313926451258965,1.0
ON20,no_synthetic_priority,Croydon,4,ON,ALP+LNP,federal ON evidence trial,False,False,0.2128455736487867,0.12421283145281625,True,0.0,0.7
ON20,no_synthetic_priority,Dandenong,1,IND,ALP+GRN+LNP+ON+OTH,ideology prior,False,False,0.0017501276770048066,0.0758805305108274,True,0.2688975710900474,1.0
ON20,no_synthetic_priority,Dandenong,2,OTH,ALP+GRN+LNP+ON,federal ON evidence trial,False,False,0.07814335435831098,0.026397518273003517,True,0.3892441841275815,1.0
ON20,no_synthetic_priority,Dandenong,3,GRN,ALP+LNP+ON,federal ON evidence trial,False,False,0.12088781014296351,0.0668733637278133,True,0.15973077975538136,0.7686
ON20,no_synthetic_priority,Dandenong,4,LNP,ALP+ON,ON special prior,True,True,0.20186002548887524,0.06585690571833627,True,0.63,0.0
ON20,no_synthetic_priority,Eildon,1,IND,ALP+GRN+LNP+ON+OTH,ideology prior,False,False,0.017574637237500995,0.021107035836944198,True,0.38916455244719433,1.0
ON20,no_synthetic_priority,Eildon,2,OTH,ALP+GRN+LNP+ON,federal ON evidence trial,False,False,0.04286225157077905,0.0918177170084489,True,0.4829786190638716,1.0
ON20,no_synthetic_priority,Eildon,3,GRN,ALP+LNP+ON,federal ON evidence trial,False,False,0.1416109785443679,0.03727156122251621,True,0.12169816800600831,1.0
ON20,no_synthetic_priority,Eildon,4,ALP,LNP+ON,ON special prior,True,True,0.27659352463599646,0.005500163369491107,True,0.36,0.0
ON20,no_synthetic_priority,Eltham,1,IND,ALP+GRN+LNP+ON+OTH,ideology prior,False,False,1.0055596153105026e-12,0.010401349228951251,True,0.24097748815165881,0.0
ON20,no_synthetic_priority,Eltham,2,OTH,ALP+GRN+LNP+ON,federal ON evidence trial,False,False,0.010401349230078336,0.14568337197261177,True,0.41797499890002615,1.0
ON20,no_synthetic_priority,Eltham,3,GRN,ALP+LNP+ON,federal ON evidence trial,False,False,0.15832657394752683,0.023332704478086858,True,0.09787856550524503,1.0
ON20,no_synthetic_priority,Eltham,4,ON,ALP+LNP,federal ON evidence trial,False,False,0.19715605636495773,0.15312393215695128,True,0.0,0.7
ON20,no_synthetic_priority,Essendon,1,IND,ALP+GRN+LNP+ON+OTH,ideology prior,False,False,0.017587231831293557,0.048258846927311236,True,0.2409774881516588,0.0
ON20,no_synthetic_priority,Essendon,2,OTH,ALP+GRN+LNP+ON,federal ON evidence trial,False,False,0.06797154990409288,0.12047408863307324,True,0.376740476797216,1.0
ON20,no_synthetic_priority,Essendon,3,GRN,ALP+LNP+ON,federal ON evidence trial,False,False,0.2070799296819333,0.025471459896007298,True,0.13573874911614714,1.0
ON20,no_synthetic_priority,Essendon,4,ON,ALP+LNP,federal ON evidence trial,False,False,0.26066016020002597,0.03731996599064724,True,0.0,0.7
ON20,no_synthetic_priority,Eureka,1,IND,ALP+GRN+LNP+ON+OTH,ideology prior,False,False,0.03128743625097088,0.04426764472608826,True,0.3906878147551099,1.0
ON20,no_synthetic_priority,Eureka,2,OTH,ALP+GRN+LNP+ON,federal ON evidence trial,False,False,0.08248003610281475,0.04195177927313806,True,0.4850863902525664,1.0
ON20,no_synthetic_priority,Eureka,3,GRN,ALP+LNP+ON,federal ON evidence trial,False,False,0.13728064159964565,0.12098919353289772,True,0.14777945134570347,1.0
ON20,no_synthetic_priority,Eureka,4,LNP,ALP+ON,ON special prior,True,True,0.2853818330284951,0.0553265567143007,True,0.7899999999999999,0.0
ON20,no_synthetic_priority,Euroa,1,IND,ALP+GRN+LNP+ON+OTH,ideology prior,False,False,9.86729603296533e-10,0.042639093603899766,True,0.31139634146341466,0.0
ON20,no_synthetic_priority,Euroa,2,OTH,ALP+GRN+LNP+ON,federal ON evidence trial,False,False,0.0426390947133689,0.029653162484508243,True,0.44259794549757364,1.0
ON20,no_synthetic_priority,Euroa,3,GRN,ALP+LNP+ON,federal ON evidence trial,False,False,0.07936749573682125,0.10337149651605484,True,0.1455151738345602,0.87
ON20,no_synthetic_priority,Euroa,4,ALP,LNP+ON,ON special prior,True,True,0.23643615947062538,0.06483765293059776,True,0.35999999999999993,0.0
ON20,no_synthetic_priority,Evelyn,1,IND,ALP+GRN+LNP+ON+OTH,ideology prior,False,False,0.015133520528664327,0.009646845677160702,True,0.36022239738128875,1.0
ON20,no_synthetic_priority,Evelyn,2,OTH,ALP+GRN+LNP+ON,federal ON evidence trial,False,False,0.028981543280169678,0.09201105614572384,True,0.4369049418240301,1.0
ON20,no_synthetic_priority,Evelyn,3,GRN,ALP+LNP+ON,federal ON evidence trial,False,False,0.1262478207664576,0.08775532683804,True,0.15583357184988855,1.0
ON20,no_synthetic_priority,Evelyn,4,ON,ALP+LNP,federal ON evidence trial,False,False,0.23525838451420045,0.05836177961767525,True,0.0,0.73
ON20,no_synthetic_priority,Footscray,1,IND,ALP+GRN+LNP+ON+OTH,ideology prior,False,False,0.002964260170994561,0.09563203975485222,True,0.09438144329896908,0.0
ON20,no_synthetic_priority,Footscray,2,OTH,ALP+GRN+LNP+ON,federal ON evidence trial,False,False,0.09898593206172494,0.04634549604706929,True,0.2721428139986563,1.0
ON20,no_synthetic_priority,Footscray,3,LNP,ALP+GRN+ON,ideology prior,False,False,0.15942667267911478,0.03584203075901593,True,0.17676204283524402,1.0
ON20,no_synthetic_priority,Footscray,4,ON,ALP+GRN,ideology prior,False,False,0.22344928778331682,0.1454749427367937,True,0.0,0.16999999999999998
ON20,no_synthetic_priority,Frankston,1,IND,ALP+GRN+LNP+ON+OTH,ideology prior,False,False,0.026153343358990777,0.05178757463336012,True,0.26552079383886257,1.0
ON20,no_synthetic_priority,Frankston,2,OTH,ALP+GRN+LNP+ON,federal ON evidence trial,False,False,0.08801094678151908,0.05354026151927205,True,0.3742808382161508,1.0
ON20,no_synthetic_priority,Frankston,3,GRN,ALP+LNP+ON,federal ON evidence trial,False,False,0.16020756121941332,0.10359179752227315,True,0.1440202497754084,1.0
ON20,no_synthetic_priority,Frankston,4,ON,ALP+LNP,federal ON evidence trial,False,False,0.2868724917244154,0.01150289178086783,True,0.0,0.7
ON20,no_synthetic_priority,Geelong,1,OTH,ALP+GRN+IND+LNP+ON,federal ON evidence trial,False,False,0.021937475476361313,0.055950700330290565,True,0.3890402385558631,1.0
ON20,no_synthetic_priority,Geelong,2,IND,ALP+GRN+LNP+ON,ideology prior,False,False,0.08160869289314411,0.0759895995171279,True,0.34821021864979484,0.6687
ON20,no_synthetic_priority,Geelong,3,GRN,ALP+LNP+ON,federal ON evidence trial,False,False,0.1749521102902225,0.043683408489196524,True,0.1655482204891419,1.0
ON20,no_synthetic_priority,Geelong,4,LNP,ALP+ON,ON special prior,True,True,0.2497460147840397,0.07842410022417387,True,0.69,0.0
ON20,no_synthetic_priority,Gippsland East,1,IND,ALP+GRN+LNP+ON+OTH,ideology prior,False,False,0.01998132848256196,0.02653522871375612,True,0.31139634146341466,0.0
ON20,no_synthetic_priority,Gippsland East,2,ALP,GRN+LNP+ON+OTH,ideology prior,False,False,0.050347976932849335,0.009831922844324263,True,0.2508631264194919,0.0
ON20,no_synthetic_priority,Gippsland East,3,OTH,GRN+LNP+ON,ideology prior,False,False,0.06525104850428468,0.04120697130222277,True,0.5736732681510799,0.8903
ON20,no_synthetic_priority,Gippsland East,4,GRN,LNP+ON,ON special prior,True,True,0.11713572801467745,0.23629432461507546,True,0.23000000000000004,0.2589
ON20,no_synthetic_priority,Gippsland South,1,OTH,ALP+GRN+IND+LNP+ON,federal ON evidence trial,False,False,0.021922432033701592,0.02395398601810383,True,0.5190865224408796,1.0
ON20,no_synthetic_priority,Gippsland South,2,IND,ALP+GRN+LNP+ON,ideology prior,False,False,0.04951474767603277,0.05504309705184732,True,0.4002602020519957,1.0
ON20,no_synthetic_priority,Gippsland South,3,GRN,ALP+LNP+ON,federal ON evidence trial,False,False,0.1088134775627735,0.0028670446249569187,True,0.11079453929739695,1.0
ON20,no_synthetic_priority,Gippsland South,4,ALP,LNP+ON,ON special prior,True,True,0.18579996153142353,0.13848018081132313,True,0.35999999999999993,0.0
ON20,no_synthetic_priority,Glen Waverley,1,IND,ALP+GRN+LNP+ON+OTH,ideology prior,False,False,0.0001628907699871915,0.03335683727985383,True,0.2409774881516588,0.0
ON20,no_synthetic_priority,Glen Waverley,2,OTH,ALP+GRN+LNP+ON,federal ON evidence trial,False,False,0.03353941390119018,0.08521400945645775,True,0.380673370729072,1.0
ON20,no_synthetic_priority,Glen Waverley,3,ON,ALP+GRN+LNP,federal ON evidence trial,False,False,0.1315209850996915,0.0019192589439450958,True,0.0,0.75
ON20,no_synthetic_priority,Glen Waverley,4,GRN,ALP+LNP,posterior scenario,False,False,0.1581680836201096,0.18017218658611212,False,0.0,0.9500000000000001
ON20,no_synthetic_priority,Greenvale,1,IND,ALP+GRN+LNP+ON+OTH,ideology prior,False,False,0.06090880439589836,0.028476859596661443,True,0.2626608412322275,1.0
ON20,no_synthetic_priority,Greenvale,2,GRN,ALP+LNP+ON+OTH,ideology prior,False,False,0.0957258916543161,0.043043113859282625,True,0.10122592385715112,1.0
ON20,no_synthetic_priority,Greenvale,3,OTH,ALP+LNP+ON,ideology prior,False,False,0.1699664451046323,0.014131923417379122,True,0.4463536352970047,1.0
ON20,no_synthetic_priority,Greenvale,4,ON,ALP+LNP,federal ON evidence trial,False,False,0.25996350917297284,0.012285640655141039,True,0.0,0.7
ON20,no_synthetic_priority,Hastings,1,IND,ALP+GRN+LNP+ON+OTH,ideology prior,False,False,0.00878259483521401,0.042226316736274416,True,0.39360429878048786,1.0
ON20,no_synthetic_priority,Hastings,2,OTH,ALP+GRN+LNP+ON,federal ON evidence trial,False,False,0.05309607381311402,0.06718377819752372,True,0.4898519606323937,1.0
ON20,no_synthetic_priority,Hastings,3,GRN,ALP+LNP+ON,federal ON evidence trial,False,False,0.12888601416581183,0.12199508697257064,True,0.13052887478828276,1.0
ON20,no_synthetic_priority,Hastings,4,ON,ALP+LNP,federal ON evidence trial,False,False,0.2926924325928222,0.04718462689965591,True,0.0,0.73
ON20,no_synthetic_priority,Hawthorn,1,OTH,ALP+GRN+IND+LNP+ON,federal ON evidence trial,False,False,0.010714053928092018,0.07271595695297316,True,0.2382375140659608,1.0
ON20,no_synthetic_priority,Hawthorn,2,ON,ALP+GRN+IND+LNP,federal ON evidence trial,False,False,0.08598250045446246,0.04653362386928153,True,0.0,0.8
ON20,no_synthetic_priority,Hawthorn,3,ALP,GRN+IND+LNP,posterior scenario,False,False,0.14838578722634785,0.030869375269584054,False,0.0,0.0
ON20,no_synthetic_priority,Hawthorn,4,IND,GRN+LNP,ideology prior,False,False,0.23767906224907973,0.015633020965647088,False,0.0,0.20010000000000003
ON20,no_synthetic_priority,Ivanhoe,1,OTH,ALP+GRN+IND+LNP+ON,federal ON evidence trial,False,False,0.011816018800067335,0.0016322212942526532,True,0.3499180153342636,1.0
ON20,no_synthetic_priority,Ivanhoe,2,IND,ALP+GRN+LNP+ON,ideology prior,False,False,0.015416646960109567,0.1417445847203892,True,0.27732871590622726,0.7434743474347435
ON20,no_synthetic_priority,Ivanhoe,3,ON,ALP+GRN+LNP,federal ON evidence trial,False,False,0.1614367105855256,0.06002013425245456,True,0.0,0.75
ON20,no_synthetic_priority,Ivanhoe,4,GRN,ALP+LNP,posterior scenario,False,False,0.24987458013224856,0.10213354534233665,False,0.0,0.95
ON20,no_synthetic_priority,Kalkallo,1,IND,ALP+GRN+LNP+ON+OTH,ideology prior,False,False,0.017650364929809682,0.06500452495910222,True,0.3560821702585907,1.0
ON20,no_synthetic_priority,Kalkallo,2,GRN,ALP+LNP+ON+OTH,ideology prior,False,False,0.08397483415145719,0.015272308177731314,True,0.14418347319082248,1.0
ON20,no_synthetic_priority,Kalkallo,3,OTH,ALP+LNP+ON,ideology prior,False,False,0.11659033233283772,0.0874767097070803,True,0.5124788457560348,1.0
ON20,no_synthetic_priority,Kalkallo,4,LNP,ALP+ON,ON special prior,True,True,0.239374549152202,0.024442571827961196,True,0.7600000000000001,0.0
ON20,no_synthetic_priority,Kew,1,OTH,ALP+GRN+IND+LNP+ON,federal ON evidence trial,False,False,0.0017713109927187448,0.08322535487052421,True,0.2382375140659608,1.0
ON20,no_synthetic_priority,Kew,2,ON,ALP+GRN+IND+LNP,federal ON evidence trial,False,False,0.08541865859078597,0.041986074186606256,True,0.0,0.8
ON20,no_synthetic_priority,Kew,3,ALP,GRN+IND+LNP,posterior scenario,False,False,0.14298247672658398,0.001006434798634881,False,0.0,0.0
ON20,no_synthetic_priority,Kew,4,GRN,IND+LNP,ideology prior,False,False,0.21533071893921282,0.028315900076268274,False,0.0,0.5631
ON20,no_synthetic_priority,Kororoit,1,IND,ALP+GRN+LNP+ON+OTH,ideology prior,False,False,0.016775495576617568,0.07869235143924519,True,0.2621441071832302,1.0
ON20,no_synthetic_priority,Kororoit,2,GRN,ALP+LNP+ON+OTH,ideology prior,False,False,0.09712239378679671,0.05244592352373492,True,0.09127442881838063,1.0
ON20,no_synthetic_priority,Kororoit,3,OTH,ALP+LNP+ON,ideology prior,False,False,0.17944014041235803,0.02296302838892092,True,0.4622052677376653,1.0
ON20,no_synthetic_priority,Kororoit,4,LNP,ALP+ON,ON special prior,True,True,0.22800160296550812,0.06639886900868427,True,0.63,0.0
ON20,no_synthetic_priority,Lara,1,IND,ALP+GRN+LNP+ON+OTH,ideology prior,False,False,0.01727801731620796,0.0581302155511685,True,0.33657315945530986,1.0
ON20,no_synthetic_priority,Lara,2,OTH,ALP+GRN+LNP+ON,federal ON evidence trial,False,False,0.07865636975158145,0.042726583182395375,True,0.4507432517741528,1.0
ON20,no_synthetic_priority,Lara,3,GRN,ALP+LNP+ON,federal ON evidence trial,False,False,0.1360867076446704,0.025787020142281014,True,0.19397182034570987,1.0
ON20,no_synthetic_priority,Lara,4,LNP,ALP+ON,ON special prior,True,True,0.194466113480287,0.17587434003235833,True,0.7599999999999999,0.0
ON20,no_synthetic_priority,Laverton,1,IND,ALP+GRN+LNP+ON+OTH,ideology prior,False,False,0.022528673435803673,0.10184795601534671,True,0.2663853192191257,1.0
ON20,no_synthetic_priority,Laverton,2,GRN,ALP+LNP+ON+OTH,ideology prior,False,False,0.1305981791356889,0.0023474488654765535,True,0.09400677343983134,1.0
ON20,no_synthetic_priority,Laverton,3,OTH,ALP+LNP+ON,ideology prior,False,False,0.14353276646958593,0.04528749157312684,True,0.5175026500782752,0.7149
ON20,no_synthetic_priority,Laverton,4,LNP,ALP+ON,ON special prior,True,True,0.21525415717143256,0.07189484949099348,True,0.56,0.0
ON20,no_synthetic_priority,Lowan,1,IND,ALP+GRN+LNP+ON+OTH,ideology prior,False,False,0.03966764224120406,0.002541151087726519,True,0.34287014634146346,1.0
ON20,no_synthetic_priority,Lowan,2,OTH,ALP+GRN+LNP+ON,federal ON evidence trial,False,False,0.045662780714323226,0.029390181141455377,True,0.506924321087595,0.8765123487651234
ON20,no_synthetic_priority,Lowan,3,ALP,GRN+LNP+ON,ideology prior,False,False,0.08079326476670559,0.006900442727666892,True,0.2904540316351113,0.0
ON20,no_synthetic_priority,Lowan,4,GRN,LNP+ON,ON special prior,True,True,0.12628489747431834,0.19430547437203835,True,0.23000000000000007,0.2864
ON20,no_synthetic_priority,Macedon,1,OTH,ALP+GRN+IND+LNP+ON,federal ON evidence trial,False,False,0.03102470117084436,0.018060057299188415,True,0.43302774148806866,1.0
ON20,no_synthetic_priority,Macedon,2,IND,ALP+GRN+LNP+ON,ideology prior,False,False,0.05433904967479424,0.09626739311653937,True,0.40642450450154854,0.8798
ON20,no_synthetic_priority,Macedon,3,GRN,ALP+LNP+ON,federal ON evidence trial,False,False,0.15724482909478724,0.10803257779908945,True,0.11615440403165107,1.0
ON20,no_synthetic_priority,Macedon,4,ON,ALP+LNP,federal ON evidence trial,False,False,0.2835420863044405,0.016347808769376693,True,0.0,0.73
ON20,no_synthetic_priority,Malvern,1,IND,ALP+GRN+LNP+ON+OTH,ideology prior,False,False,0.012473349091382202,0.006429264868342031,True,0.10355821520618556,1.0
ON20,no_synthetic_priority,Malvern,2,OTH,ALP+GRN+LNP+ON,federal ON evidence trial,False,False,0.020923344734238555,0.07907272921005752,True,0.2578392810159636,1.0
ON20,no_synthetic_priority,Malvern,3,ON,ALP+GRN+LNP,federal ON evidence trial,False,False,0.10539093410702129,0.052907676149579266,True,0.0,0.7000000000000001
ON20,no_synthetic_priority,Malvern,4,ALP,GRN+LNP,posterior scenario,False,False,0.1825109524413151,0.03740645341878385,False,0.0,0.0
ON20,no_synthetic_priority,Melbourne,1,IND,ALP+GRN+LNP+ON+OTH,ideology prior,False,False,0.009473481247301085,0.06688082707210663,True,0.10689340970179494,1.0
ON20,no_synthetic_priority,Melbourne,2,OTH,ALP+GRN+LNP+ON,federal ON evidence trial,False,False,0.0794975409967708,0.06342191643235744,True,0.26648656353923567,1.0
ON20,no_synthetic_priority,Melbourne,3,LNP,ALP+GRN+ON,ideology prior,False,False,0.16369751361279233,0.0004069703263848423,True,0.17329457195135484,1.0
ON20,no_synthetic_priority,Melbourne,4,ON,ALP+GRN,ideology prior,False,False,0.19247237449020713,0.07291203978318314,True,0.0,0.16999999999999998
ON20,no_synthetic_priority,Melton,1,GRN,ALP+IND+LNP+ON+OTH,ideology prior,False,False,0.06856426922431545,0.028383118803009408,True,0.1372093023255814,1.0
ON20,no_synthetic_priority,Melton,2,OTH,ALP+IND+LNP+ON,ideology prior,False,False,0.1033493773514092,0.06783886880621057,True,0.5432476525086453,0.9478
ON20,no_synthetic_priority,Melton,3,LNP,ALP+IND+ON,ideology prior,False,False,0.18398723814675982,0.06294074947252587,True,0.5118875737646148,0.0
ON20,no_synthetic_priority,Melton,4,ALP,IND+ON,ideology prior,False,False,0.28434239058517513,0.017698589590933345,True,0.46909280034568107,0.0
ON20,no_synthetic_priority,Mildura,1,OTH,ALP+GRN+IND+LNP+ON,federal ON evidence trial,False,False,0.004589495975214268,0.005931506742649136,True,0.4330277414880686,1.0
ON20,no_synthetic_priority,Mildura,2,ALP,GRN+IND+LNP+ON,ideology prior,False,False,0.010892805371466282,0.034668284102891425,True,0.2772038446904373,1.0
ON20,no_synthetic_priority,Mildura,3,GRN,IND+LNP+ON,ideology prior,False,False,0.048602916534922845,0.21818310874162603,True,0.24858013029429554,0.5776422357764224
ON20,no_synthetic_priority,Mildura,4,ON,IND+LNP,ideology prior,False,False,0.2788677446014827,0.03267589247466163,True,0.0,0.68
ON20,no_synthetic_priority,Mill Park,1,IND,ALP+GRN+LNP+ON+OTH,ideology prior,False,False,1.0212571082457013e-09,0.09347345701027744,True,0.24097748815165881,0.0
ON20,no_synthetic_priority,Mill Park,2,GRN,ALP+LNP+ON+OTH,ideology prior,False,False,0.09347345823679634,0.008093218087022278,True,0.08787393207435965,1.0
ON20,no_synthetic_priority,Mill Park,3,OTH,ALP+LNP+ON,ideology prior,False,False,0.11802364733033988,0.08639049068245361,True,0.48497695719776224,1.0
ON20,no_synthetic_priority,Mill Park,4,LNP,ALP+ON,ON special prior,True,True,0.23137980233648375,0.0754347340294097,True,0.63,0.0
ON20,no_synthetic_priority,Monbulk,1,OTH,ALP+GRN+IND+LNP+ON,federal ON evidence trial,False,False,0.03123824977408865,0.054635110167952625,True,0.4705234102619752,1.0
ON20,no_synthetic_priority,Monbulk,2,IND,ALP+GRN+LNP+ON,ideology prior,False,False,0.09233451184228249,0.08509682880991708,True,0.34524183319253327,1.0
ON20,no_synthetic_priority,Monbulk,3,GRN,ALP+LNP+ON,federal ON evidence trial,False,False,0.19896181461918644,0.04427658422502395,True,0.1709513706063301,1.0
ON20,no_synthetic_priority,Monbulk,4,ON,ALP+LNP,federal ON evidence trial,False,False,0.27725119375168283,0.06272266410031113,True,0.0,0.73
ON20,no_synthetic_priority,Mordialloc,1,OTH,ALP+GRN+IND+LNP+ON,federal ON evidence trial,False,False,0.022318984715658262,0.04508138130688683,True,0.37779998797941106,1.0
ON20,no_synthetic_priority,Mordialloc,2,IND,ALP+GRN+LNP+ON,ideology prior,False,False,0.07230391730553129,0.05422777660468997,True,0.2558870013658002,1.0
ON20,no_synthetic_priority,Mordialloc,3,GRN,ALP+LNP+ON,federal ON evidence trial,False,False,0.139873350835963,0.07703025545891456,True,0.12236468993650118,1.0
ON20,no_synthetic_priority,Mordialloc,4,ON,ALP+LNP,federal ON evidence trial,False,False,0.2340191655002996,0.09326514175356221,True,0.0,0.7
ON20,no_synthetic_priority,Mornington,1,OTH,ALP+GRN+IND+LNP+ON,federal ON evidence trial,False,False,0.0057091719244501266,0.09166653418800892,True,0.4705234102619752,1.0
ON20,no_synthetic_priority,Mornington,2,GRN,ALP+IND+LNP+ON,federal ON evidence trial,False,False,0.09783463997392276,0.01610682103524147,True,0.13394655337008987,1.0
ON20,no_synthetic_priority,Mornington,3,ALP,IND+LNP+ON,ideology prior,False,False,0.15168443616249597,0.03474909830248443,True,0.28286878034582286,1.0
ON20,no_synthetic_priority,Mornington,4,ON,IND+LNP,ideology prior,False,False,0.22934032591970946,0.07769173277356026,True,0.0,0.69
ON20,no_synthetic_priority,Morwell,1,GRN,ALP+IND+LNP+ON+OTH,ideology prior,False,False,0.05795252885841439,0.02083079648720384,True,0.1372093023255814,1.0
ON20,no_synthetic_priority,Morwell,2,OTH,ALP+IND+LNP+ON,ideology prior,False,False,0.08381037029077837,0.044684448249783904,True,0.454630758581648,1.0
ON20,no_synthetic_priority,Morwell,3,IND,ALP+LNP+ON,ideology prior,False,False,0.14265986101191422,0.0665358116467547,True,0.3906688562504286,0.6859
ON20,no_synthetic_priority,Morwell,4,ALP,LNP+ON,ON special prior,True,True,0.25264141957969743,0.06150379108242421,True,0.25,0.0
ON20,no_synthetic_priority,Mulgrave,1,OTH,ALP+GRN+IND+LNP+ON,federal ON evidence trial,False,False,0.013683870286523316,0.06570147578466261,True,0.3777999879794111,1.0
ON20,no_synthetic_priority,Mulgrave,2,GRN,ALP+IND+LNP+ON,federal ON evidence trial,False,False,0.08102849957961007,0.0788863402207839,True,0.09441287276749001,1.0
ON20,no_synthetic_priority,Mulgrave,3,LNP,ALP+IND+ON,ideology prior,False,False,0.16985566125846355,0.013846732324998612,True,0.3650779742282122,1.0
ON20,no_synthetic_priority,Mulgrave,4,IND,ALP+ON,ON special prior,True,True,0.21283447803838018,0.04875945756494365,True,0.19999999999999998,0.0
ON20,no_synthetic_priority,Murray Plains,1,IND,ALP+GRN+LNP+ON+OTH,ideology prior,False,False,0.01695260795957607,0.036981082883499314,True,0.39062460365853663,1.0
ON20,no_synthetic_priority,Murray Plains,2,ALP,GRN+LNP+ON+OTH,ideology prior,False,False,0.05556576130971147,0.0064941900583127335,True,0.2473301664537061,0.0
ON20,no_synthetic_priority,Murray Plains,3,GRN,LNP+ON+OTH,ideology prior,False,False,0.08782657640945393,1.570485267658739e-05,True,0.28678290701622405,0.6117
ON20,no_synthetic_priority,Murray Plains,4,OTH,LNP+ON,ON special prior,True,True,0.12245642174555683,0.20895015803652034,True,0.4600000000000001,0.8509
ON20,no_synthetic_priority,Narracan,1,OTH,ALP+GRN+IND+LNP+ON,federal ON evidence trial,False,False,9.865556607812668e-10,0.05674362588003735,True,0.3756552208528613,0.0
ON20,no_synthetic_priority,Narracan,2,IND,ALP+GRN+LNP+ON,ideology prior,False,False,0.056743627071408544,0.09384797291198724,True,0.3228454092030907,0.0
ON20,no_synthetic_priority,Narracan,3,ALP,GRN+LNP+ON,ideology prior,False,False,0.16381378095362994,0.00459969539467997,True,0.25697594950920544,0.0
ON20,no_synthetic_priority,Narracan,4,GRN,LNP+ON,ON special prior,True,True,0.25394815478784744,0.04596597705842281,True,0.23,0.0
ON20,no_synthetic_priority,Narre Warren North,1,IND,ALP+GRN+LNP+ON+OTH,ideology prior,False,False,0.013158037320417227,0.0739453741358008,True,0.2636879363011566,1.0
ON20,no_synthetic_priority,Narre Warren North,2,GRN,ALP+LNP+ON+OTH,ideology prior,False,False,0.08860032258258095,0.004283502402435968,True,0.09134492425283997,1.0
ON20,no_synthetic_priority,Narre Warren North,3,OTH,ALP+LNP+ON,ideology prior,False,False,0.1093044375407201,0.12957670228018686,True,0.4725756792959825,1.0
ON20,no_synthetic_priority,Narre Warren North,4,LNP,ALP+ON,ON special prior,True,True,0.26285641273086563,0.05510904522062565,True,0.6299999999999999,0.0
ON20,no_synthetic_priority,Narre Warren South,1,IND,ALP+GRN+LNP+ON+OTH,ideology prior,False,False,0.0053538282482697855,0.08019986657641759,True,0.2673705480737647,1.0
ON20,no_synthetic_priority,Narre Warren South,2,OTH,ALP+GRN+LNP+ON,federal ON evidence trial,False,False,0.08749818814145405,0.00042450890676992703,True,0.3870005297467748,1.0
ON20,no_synthetic_priority,Narre Warren South,3,GRN,ALP+LNP+ON,federal ON evidence trial,False,False,0.10626990292622786,0.15364367127686968,True,0.17776334131232313,0.7418741874187419
ON20,no_synthetic_priority,Narre Warren South,4,LNP,ALP+ON,ON special prior,True,True,0.27346866473075865,0.026010462544452106,True,0.6299999999999999,0.0
ON20,no_synthetic_priority,Nepean,1,OTH,ALP+GRN+IND+LNP+ON,federal ON evidence trial,False,False,0.01144877775575802,0.02549162640107315,True,0.39863495067087207,1.0
ON20,no_synthetic_priority,Nepean,2,IND,ALP+GRN+LNP+ON,ideology prior,False,False,0.03888207576374184,0.07874199765515716,True,0.35196558067585654,0.6993
ON20,no_synthetic_priority,Nepean,3,GRN,ALP+LNP+ON,federal ON evidence trial,False,False,0.12411276099970642,0.07965802400321784,True,0.15348886864965364,1.0
ON20,no_synthetic_priority,Nepean,4,ON,ALP+LNP,federal ON evidence trial,False,False,0.2407530115746184,0.04272100339426979,True,0.0,0.73
ON20,no_synthetic_priority,Niddrie,1,IND,ALP+GRN+LNP+ON+OTH,ideology prior,False,False,1.005180843712323e-12,0.066283881668316,True,0.24097748815165876,0.0
ON20,no_synthetic_priority,Niddrie,2,OTH,ALP+GRN+LNP+ON,federal ON evidence trial,False,False,0.06628388166944266,0.0287597585294099,True,0.3807637632012733,1.0
ON20,no_synthetic_priority,Niddrie,3,GRN,ALP+LNP+ON,federal ON evidence trial,False,False,0.10918213318886708,0.16500123805629244,True,0.14627946102653647,1.0
ON20,no_synthetic_priority,Niddrie,4,ON,ALP+LNP,federal ON evidence trial,False,False,0.2901544748417545,0.024329640220246196,True,0.0,0.7
ON20,no_synthetic_priority,Northcote,1,IND,ALP+GRN+LNP+ON+OTH,ideology prior,False,False,0.009421423497289746,0.07244514848920293,True,0.11187110541523165,1.0
ON20,no_synthetic_priority,Northcote,2,LNP,ALP+GRN+ON+OTH,ideology prior,False,False,0.08217760173104999,0.013743751938148516,True,0.23441214309355007,1.0
ON20,no_synthetic_priority,Northcote,3,OTH,ALP+GRN+ON,ideology prior,False,False,0.10768977368427385,0.09003437801945377,True,0.2535147280177596,0.8543000000000001
ON20,no_synthetic_priority,Northcote,4,ON,ALP+GRN,ideology prior,False,False,0.2250250953895904,0.10761322170610552,True,0.0,0.16999999999999998
ON20,no_synthetic_priority,Oakleigh,1,OTH,ALP+GRN+IND+LNP+ON,federal ON evidence trial,False,False,0.009100954671216958,0.013099678771527314,True,0.3777999879794111,1.0
ON20,no_synthetic_priority,Oakleigh,2,IND,ALP+GRN+LNP+ON,ideology prior,False,False,0.02404408403670999,0.15952053086070023,True,0.25706809440621414,1.0
ON20,no_synthetic_priority,Oakleigh,3,GRN,ALP+LNP+ON,federal ON evidence trial,False,False,0.18839596661525737,0.009452306570078922,True,0.09981489157636915,1.0
ON20,no_synthetic_priority,Oakleigh,4,ON,ALP+LNP,federal ON evidence trial,False,False,0.21665299616646347,0.07647896809308005,True,0.0,0.7
ON20,no_synthetic_priority,Ovens Valley,1,IND,ALP+GRN+LNP+ON+OTH,ideology prior,False,False,0.047689713941130904,0.02811416001218478,True,0.31139634146341466,0.0
ON20,no_synthetic_priority,Ovens Valley,2,ALP,GRN+LNP+ON+OTH,ideology prior,False,False,0.08494837660152754,0.0225096450205889,True,0.2544065149506761,0.0
ON20,no_synthetic_priority,Ovens Valley,3,OTH,GRN+LNP+ON,ideology prior,False,False,0.12624486487095685,0.018802364517285897,True,0.6312760041600594,0.9419
ON20,no_synthetic_priority,Ovens Valley,4,GRN,LNP+ON,ON special prior,True,True,0.1572273428878467,0.19123542813827057,True,0.22999999999999995,0.3624
ON20,no_synthetic_priority,Pakenham,1,IND,ALP+GRN+LNP+ON+OTH,ideology prior,False,False,0.07011684883512621,0.021193483469529484,True,0.30008968215158927,1.0
ON20,no_synthetic_priority,Pakenham,2,GRN,ALP+LNP+ON+OTH,ideology prior,False,False,0.09824251428194022,0.002144238182600733,True,0.1466791113236055,0.7081708170817081
ON20,no_synthetic_priority,Pakenham,3,OTH,ALP+LNP+ON,ideology prior,False,False,0.10781626782930262,0.17462465011041753,True,0.5999754829880166,0.7984
ON20,no_synthetic_priority,Pakenham,4,ALP,LNP+ON,ON special prior,True,True,0.30220395621300544,0.044798579124150195,True,0.36000000000000004,0.0
ON20,no_synthetic_priority,Pascoe Vale,1,OTH,ALP+GRN+IND+LNP+ON,federal ON evidence trial,False,False,0.07148017792073749,0.022114338945827802,True,0.3499180153342636,1.0
ON20,no_synthetic_priority,Pascoe Vale,2,IND,ALP+GRN+LNP+ON,ideology prior,False,False,0.10550225629790731,0.05497467208180844,True,0.27477361799290373,0.6067
ON20,no_synthetic_priority,Pascoe Vale,3,LNP,ALP+GRN+ON,ideology prior,False,False,0.1802742017131315,0.04895666193618459,True,0.3736942325723166,1.0
ON20,no_synthetic_priority,Pascoe Vale,4,ON,ALP+GRN,ideology prior,False,False,0.29659829311109176,0.05315653164153328,True,0.0,0.16999999999999998
ON20,no_synthetic_priority,Point Cook,1,OTH,ALP+GRN+IND+LNP+ON,federal ON evidence trial,False,False,0.0835474822953275,0.009517329881608375,True,0.36850599709769527,1.0
ON20,no_synthetic_priority,Point Cook,2,GRN,ALP+IND+LNP+ON,federal ON evidence trial,False,False,0.10755731535262926,0.028749656970757334,True,0.14325497427651207,1.0
ON20,no_synthetic_priority,Point Cook,3,IND,ALP+LNP+ON,ideology prior,False,False,0.1525430550911467,0.0640670248446541,True,0.3285554558660629,0.6815
ON20,no_synthetic_priority,Point Cook,4,LNP,ALP+ON,ON special prior,True,True,0.2620007932514095,0.05909452793092945,True,0.63,0.0
ON20,no_synthetic_priority,Polwarth,1,IND,ALP+GRN+LNP+ON+OTH,ideology prior,False,False,0.03495950534503192,0.006286708822818211,True,0.34116386211791905,1.0
ON20,no_synthetic_priority,Polwarth,2,OTH,ALP+GRN+LNP+ON,federal ON evidence trial,False,False,0.04429024914545413,0.13221084271514671,True,0.5039713911328058,0.9267
ON20,no_synthetic_priority,Polwarth,3,ALP,GRN+LNP+ON,ideology prior,False,False,0.18209088036118257,0.010062193957117826,True,0.2637474539158066,0.0
ON20,no_synthetic_priority,Polwarth,4,ON,GRN+LNP,ideology prior,False,False,0.254806276407754,0.03254636141430595,True,0.0,0.66
ON20,no_synthetic_priority,Prahran,1,IND,ALP+GRN+LNP+ON+OTH,ideology prior,False,False,0.008862637012320729,0.033660943593654305,True,0.10227061572193294,1.0
ON20,no_synthetic_priority,Prahran,2,OTH,ALP+GRN+LNP+ON,federal ON evidence trial,False,False,0.044700071719739366,0.08835066310545386,True,0.2652946303785276,1.0
ON20,no_synthetic_priority,Prahran,3,ON,ALP+GRN+LNP,federal ON evidence trial,False,False,0.14490942382997515,0.014556095519126094,True,0.0,0.7000000000000001
ON20,no_synthetic_priority,Prahran,4,ALP,GRN+LNP,posterior scenario,False,False,0.19273960728007977,0.197911927393623,False,0.0,0.9
ON20,no_synthetic_priority,Preston,1,OTH,ALP+GRN+IND+LNP+ON,federal ON evidence trial,False,False,0.08770858073691772,0.03257138890012444,True,0.3499180153342636,1.0
ON20,no_synthetic_priority,Preston,2,LNP,ALP+GRN+IND+ON,ideology prior,False,False,0.133849154099458,0.007100119361749563,True,0.38061807707876,1.0
ON20,no_synthetic_priority,Preston,3,IND,ALP+GRN+ON,ideology prior,False,False,0.16276905619050858,0.05771770513437402,True,0.2842643624088267,0.8427
ON20,no_synthetic_priority,Preston,4,GRN,ALP+ON,ON special prior,True,True,0.2929406227042694,0.055626551212264175,True,0.09,0.0
ON20,no_synthetic_priority,Richmond,1,IND,ALP+GRN+LNP+ON+OTH,ideology prior,False,False,0.039847326858442896,0.038820921312945546,True,0.1154875607800045,1.0
ON20,no_synthetic_priority,Richmond,2,OTH,ALP+GRN+LNP+ON,federal ON evidence trial,False,False,0.0904938420854669,0.02976330761809766,True,0.25301533379566427,1.0
ON20,no_synthetic_priority,Richmond,3,LNP,ALP+GRN+ON,ideology prior,False,False,0.13305659001061343,0.024745474921096078,True,0.1731759816535829,1.0
ON20,no_synthetic_priority,Richmond,4,ON,ALP+GRN,ideology prior,False,False,0.1808442705222758,0.12711590020831837,True,0.0,0.16999999999999998
ON20,no_synthetic_priority,Ringwood,1,IND,ALP+GRN+LNP+ON+OTH,ideology prior,False,False,1.0054111398261542e-12,0.047378063845849146,True,0.2409774881516588,0.0
ON20,no_synthetic_priority,Ringwood,2,OTH,ALP+GRN+LNP+ON,federal ON evidence trial,False,False,0.047378063846976064,0.0839487461714076,True,0.4179749989015386,1.0
ON20,no_synthetic_priority,Ringwood,3,ON,ALP+GRN+LNP,federal ON evidence trial,False,False,0.15112965620278052,0.04551521063159822,True,0.0,0.75
ON20,no_synthetic_priority,Ringwood,4,GRN,ALP+LNP,posterior scenario,False,False,0.2263116634069375,0.09417827170173179,False,0.0,0.95
ON20,no_synthetic_priority,Ripon,1,IND,ALP+GRN+LNP+ON+OTH,ideology prior,False,False,0.019224379563347067,0.05771059429421557,True,0.39332871951219517,1.0
ON20,no_synthetic_priority,Ripon,2,GRN,ALP+LNP+ON+OTH,ideology prior,False,False,0.07733960895027744,0.03640233274822366,True,0.09048140859962828,1.0
ON20,no_synthetic_priority,Ripon,3,OTH,ALP+LNP+ON,ideology prior,False,False,0.12478743746273882,0.15471987135857548,True,0.5801573709468654,1.0
ON20,no_synthetic_priority,Ripon,4,LNP,ALP+ON,ON special prior,True,True,0.3130172170649989,0.022061905403108872,True,0.79,0.0
ON20,no_synthetic_priority,Rowville,1,OTH,ALP+GRN+IND+LNP+ON,federal ON evidence trial,False,False,0.011034808670425243,0.09529289269499613,True,0.4242467097340514,1.0
ON20,no_synthetic_priority,Rowville,2,GRN,ALP+IND+LNP+ON,federal ON evidence trial,False,False,0.10769834213852766,0.003237822104700791,True,0.09244503487068924,1.0
ON20,no_synthetic_priority,Rowville,3,IND,ALP+LNP+ON,ideology prior,False,False,0.13429419889731412,0.03047399511068208,True,0.24656531780640586,1.0
ON20,no_synthetic_priority,Rowville,4,ON,ALP+LNP,federal ON evidence trial,False,False,0.19788048583866913,0.13483946939793856,True,0.0,0.7
ON20,no_synthetic_priority,Sandringham,1,OTH,ALP+GRN+IND+LNP+ON,federal ON evidence trial,False,False,0.03331256285868406,0.048464356581062656,True,0.37778140185626,1.0
ON20,no_synthetic_priority,Sandringham,2,IND,ALP+GRN+LNP+ON,ideology prior,False,False,0.08728131823079661,0.05126912266333776,True,0.24399214968759014,1.0
ON20,no_synthetic_priority,Sandringham,3,ON,ALP+GRN+LNP,federal ON evidence trial,False,False,0.1598463973568331,0.016993606385009602,True,0.0,0.75
ON20,no_synthetic_priority,Sandringham,4,ALP,GRN+LNP,posterior scenario,False,False,0.21319852746659906,0.012972800798710243,False,0.0,0.0
ON20,no_synthetic_priority,Shepparton,1,ALP,GRN+IND+LNP+ON+OTH,ideology prior,False,False,0.005305454673201613,0.01548118164153784,True,0.21550071786556604,1.0
ON20,no_synthetic_priority,Shepparton,2,OTH,GRN+IND+LNP+ON,ideology prior,False,False,0.021085624962590435,0.024812785526861857,True,0.4775941198987266,0.8951
ON20,no_synthetic_priority,Shepparton,3,GRN,IND+LNP+ON,ideology prior,False,False,0.0484643255839056,0.22570697933017544,True,0.28412422746984756,0.5886411358864113
ON20,no_synthetic_priority,Shepparton,4,ON,IND+LNP,ideology prior,False,False,0.28794119398045537,0.06333646596495313,True,0.0,0.6799999999999999
ON20,no_synthetic_priority,South Barwon,1,IND,ALP+GRN+LNP+ON+OTH,ideology prior,False,False,0.0002709468771820532,0.07206524541196449,True,0.27837820904645477,0.0
ON20,no_synthetic_priority,South Barwon,2,OTH,ALP+GRN+LNP+ON,federal ON evidence trial,False,False,0.07236997784106901,0.07141957667546169,True,0.43614941361805926,1.0
ON20,no_synthetic_priority,South Barwon,3,GRN,ALP+LNP+ON,federal ON evidence trial,False,False,0.15755999702901968,0.0650258167208499,True,0.1769439728341014,1.0
ON20,no_synthetic_priority,South Barwon,4,ON,ALP+LNP,federal ON evidence trial,False,False,0.25046510558391355,0.09730180773191394,True,0.0,0.72
ON20,no_synthetic_priority,South-West Coast,1,OTH,ALP+GRN+IND+LNP+ON,federal ON evidence trial,False,False,0.01724921906201414,0.06590549043410829,True,0.5179489886222381,1.0
ON20,no_synthetic_priority,South-West Coast,2,GRN,ALP+IND+LNP+ON,federal ON evidence trial,False,False,0.08383804387764546,0.011407811468087031,True,0.0928721459642713,1.0
ON20,no_synthetic_priority,South-West Coast,3,ALP,IND+LNP+ON,ideology prior,False,False,0.13380173407086063,0.04684807285033277,True,0.318545493000463,0.0
ON20,no_synthetic_priority,South-West Coast,4,ON,IND+LNP,ideology prior,False,False,0.22327174626511254,0.13279801197182828,True,0.0,0.68
ON20,no_synthetic_priority,St Albans,1,IND,ALP+GRN+LNP+ON+OTH,ideology prior,False,False,0.03164057182118578,0.07367729054286713,True,0.24708812883658032,1.0
ON20,no_synthetic_priority,St Albans,2,GRN,ALP+LNP+ON+OTH,ideology prior,False,False,0.11260510817666387,0.013539941377669631,True,0.10415912675760906,1.0
ON20,no_synthetic_priority,St Albans,3,OTH,ALP+LNP+ON,ideology prior,False,False,0.1354441050904875,0.08950113450404065,True,0.4994190004718274,0.8298000000000001
ON20,no_synthetic_priority,St Albans,4,LNP,ALP+ON,ON special prior,True,True,0.2570497250206487,0.035538874157971856,True,0.56,0.0
ON20,no_synthetic_priority,Sunbury,1,IND,ALP+GRN+LNP+ON+OTH,ideology prior,False,False,0.03656017945022785,0.020860360842759718,True,0.3562922982885086,1.0
ON20,no_synthetic_priority,Sunbury,2,OTH,ALP+GRN+LNP+ON,federal ON evidence trial,False,False,0.06381660513455763,0.02755117957961678,True,0.4460155740645786,1.0
ON20,no_synthetic_priority,Sunbury,3,GRN,ALP+LNP+ON,federal ON evidence trial,False,False,0.10289290639878501,0.17487540531959506,True,0.19607509256223266,1.0
ON20,no_synthetic_priority,Sunbury,4,LNP,ALP+ON,ON special prior,True,True,0.300670840540624,0.02271181379918158,True,0.7599999999999999,0.0
ON20,no_synthetic_priority,Sydenham,1,IND,ALP+GRN+LNP+ON+OTH,ideology prior,False,False,0.00815455497015882,0.0776192733516614,True,0.2409774881516588,0.0
ON20,no_synthetic_priority,Sydenham,2,GRN,ALP+LNP+ON+OTH,ideology prior,False,False,0.08741280691466725,0.025439585250725233,True,0.09171988311790755,1.0
ON20,no_synthetic_priority,Sydenham,3,OTH,ALP+LNP+ON,ideology prior,False,False,0.13045649211998883,0.11336257707041825,True,0.48251033373487395,1.0
ON20,no_synthetic_priority,Sydenham,4,LNP,ALP+ON,ON special prior,True,True,0.2759842420833659,0.030781432657737917,True,0.6300000000000001,0.0
ON20,no_synthetic_priority,Tarneit,1,IND,ALP+GRN+LNP+ON+OTH,ideology prior,False,False,0.03376214755359708,0.04934471314671733,True,0.2636607470769511,1.0
ON20,no_synthetic_priority,Tarneit,2,OTH,ALP+GRN+LNP+ON,federal ON evidence trial,False,False,0.09448566867879198,0.0076721243307811965,True,0.39798260613176517,1.0
ON20,no_synthetic_priority,Tarneit,3,GRN,ALP+LNP+ON,federal ON evidence trial,False,False,0.1228867598437669,0.11504597421461663,True,0.17605970812057445,1.0
ON20,no_synthetic_priority,Tarneit,4,LNP,ALP+ON,ON special prior,True,True,0.26122731586218156,0.019006886072628404,True,0.63,0.0
ON20,no_synthetic_priority,Thomastown,1,IND,ALP+GRN+LNP+ON+OTH,ideology prior,False,False,0.028708184137445168,0.05854969141688718,True,0.2409774881516588,0.0
ON20,no_synthetic_priority,Thomastown,2,GRN,ALP+LNP+ON+OTH,ideology prior,False,False,0.09302791443603318,0.005767410694012709,True,0.10059639010854957,1.0
ON20,no_synthetic_priority,Thomastown,3,OTH,ALP+LNP+ON,ideology prior,False,False,0.12926356479371542,0.05408050622538746,True,0.4356854037557045,1.0
ON20,no_synthetic_priority,Thomastown,4,LNP,ALP+ON,ON special prior,True,True,0.20424438486960378,0.08718303391866794,True,0.63,0.0
ON20,no_synthetic_priority,Warrandyte,1,IND,ALP+GRN+LNP+ON+OTH,ideology prior,False,False,0.010442922435749813,0.0022404325623928308,True,0.25006875,1.0
ON20,no_synthetic_priority,Warrandyte,2,OTH,ALP+GRN+LNP+ON,federal ON evidence trial,False,False,0.014968313444981927,0.12824210413180945,True,0.3945413417508761,1.0
ON20,no_synthetic_priority,Warrandyte,3,ON,ALP+GRN+LNP,federal ON evidence trial,False,False,0.14911603604712223,0.0002979837345089831,True,0.0,0.75
ON20,no_synthetic_priority,Warrandyte,4,GRN,ALP+LNP,posterior scenario,False,False,0.17587006551199044,0.06907118872736162,False,0.0,0.9500000000000001
ON20,no_synthetic_priority,Wendouree,1,IND,ALP+GRN+LNP+ON+OTH,ideology prior,False,False,0.007719239198758069,0.04180743113707358,True,0.36242181022808884,1.0
ON20,no_synthetic_priority,Wendouree,2,OTH,ALP+GRN+LNP+ON,federal ON evidence trial,False,False,0.05169499733729794,0.072333608454342,True,0.4318814549806501,1.0
ON20,no_synthetic_priority,Wendouree,3,GRN,ALP+LNP+ON,federal ON evidence trial,False,False,0.13368001386704967,0.12822637500235198,True,0.16970412121988782,1.0
ON20,no_synthetic_priority,Wendouree,4,ON,ALP+LNP,federal ON evidence trial,False,False,0.28459243814737173,0.007865409215075114,True,0.0,0.72
ON20,no_synthetic_priority,Werribee,1,OTH,ALP+GRN+IND+LNP+ON,federal ON evidence trial,False,False,0.07315944018055895,0.015436001036999228,True,0.4705234102619752,1.0
ON20,no_synthetic_priority,Werribee,2,GRN,ALP+IND+LNP+ON,federal ON evidence trial,False,False,0.09597704857550135,0.03565590007981831,True,0.15220581139968642,1.0
ON20,no_synthetic_priority,Werribee,3,IND,ALP+LNP+ON,ideology prior,False,False,0.1458265531661924,0.051641370756349586,True,0.38610563270411175,0.8337833783378338
ON20,no_synthetic_priority,Werribee,4,LNP,ALP+ON,ON special prior,True,True,0.2520729173324214,0.08978828070148837,True,0.7599999999999999,0.0
ON20,no_synthetic_priority,Williamstown,1,IND,ALP+GRN+LNP+ON+OTH,ideology prior,False,False,0.035934355336943884,0.032846808959880174,True,0.09438144329896908,0.0
ON20,no_synthetic_priority,Williamstown,2,OTH,ALP+GRN+LNP+ON,federal ON evidence trial,False,False,0.07350449450863884,0.11216693000110099,True,0.2621327768140703,1.0
ON20,no_synthetic_priority,Williamstown,3,GRN,ALP+LNP+ON,federal ON evidence trial,False,False,0.20856180231813976,0.017466274244661573,True,0.06759698592246512,1.0
ON20,no_synthetic_priority,Williamstown,4,ON,ALP+LNP,federal ON evidence trial,False,False,0.24012622577806456,0.021043226389226927,True,0.0,0.65
ON20,no_synthetic_priority,Yan Yean,1,IND,ALP+GRN+LNP+ON+OTH,ideology prior,False,False,9.907210378103854e-10,0.08563256296814117,True,0.2717267726161369,0.0
ON20,no_synthetic_priority,Yan Yean,2,GRN,ALP+LNP+ON+OTH,ideology prior,False,False,0.08563256411414683,0.02534269360315515,True,0.1404612162411119,1.0
ON20,no_synthetic_priority,Yan Yean,3,OTH,ALP+LNP+ON,ideology prior,False,False,0.1272759638359634,0.10207927928331498,True,0.5323289795148718,1.0
ON20,no_synthetic_priority,Yan Yean,4,ON,ALP+LNP,federal ON evidence trial,False,False,0.2971079270648485,0.01380062150888478,True,0.0,0.73
ON20,simplified,Albert Park,1,OTH,ALP+GRN+IND+LNP+ON,federal ON evidence trial,False,False,0.03432450456022445,0.01374936982272576,True,0.3195576451206586,1.0
ON20,simplified,Albert Park,2,IND,ALP+GRN+LNP+ON,ideology prior,False,False,0.05429404372598488,0.10325196860248062,True,0.17938171154938254,1.0
ON20,simplified,Albert Park,3,ON,ALP+GRN+LNP,federal ON evidence trial,False,False,0.16728537081896966,0.08348377347705122,True,0.0,0.7000000000000001
ON20,simplified,Albert Park,4,GRN,ALP+LNP,posterior scenario,False,False,0.28275644241294,0.035357382587018205,False,0.0,0.9500000000000001
ON20,simplified,Ashwood,1,OTH,ALP+GRN+IND+LNP+ON,federal ON evidence trial,False,False,1.0037557319025045e-12,0.021168771274612516,True,0.33944678560753044,1.0
ON20,simplified,Ashwood,2,IND,ALP+GRN+LNP+ON,ideology prior,False,False,0.021168771275780252,0.09991878405555998,True,0.1883780701978168,0.7386
ON20,simplified,Ashwood,3,ON,ALP+GRN+LNP,federal ON evidence trial,False,False,0.12507528761273068,0.05806949839612974,True,0.0,0.75
ON20,simplified,Ashwood,4,GRN,ALP+LNP,posterior scenario,False,False,0.2034900916472074,0.11428574125538907,False,0.0,0.95
ON20,simplified,Bass,1,OTH,ALP+GRN+IND+LNP+ON,federal ON evidence trial,False,False,0.048744288088512625,0.002403572277401185,True,0.3792370012590341,1.0
ON20,simplified,Bass,2,IND,ALP+GRN+LNP+ON,ideology prior,False,False,0.05911102348182198,0.047827429663997674,True,0.27999771859549305,0.8191
ON20,simplified,Bass,3,GRN,ALP+LNP+ON,federal ON evidence trial,False,False,0.12379332426664623,0.11180589113810517,True,0.14565165306398323,1.0
ON20,simplified,Bass,4,ON,ALP+LNP,federal ON evidence trial,False,False,0.30392857054592315,0.004338173329388462,True,0.0,0.73
ON20,simplified,Bayswater,1,IND,ALP+GRN+LNP+ON+OTH,ideology prior,False,False,0.015405182497905574,0.049082810953346566,True,0.1499887511248875,1.0
ON20,simplified,Bayswater,2,OTH,ALP+GRN+LNP+ON,federal ON evidence trial,False,False,0.06791921250019008,0.04526190755642569,True,0.3996017422344945,1.0
ON20,simplified,Bayswater,3,GRN,ALP+LNP+ON,federal ON evidence trial,False,False,0.12747978417390105,0.07421393446273511,True,0.11643697948573052,1.0
ON20,simplified,Bayswater,4,ON,ALP+LNP,federal ON evidence trial,False,False,0.21653707965133803,0.15372636716980534,True,0.0,0.7
ON20,simplified,Bellarine,1,OTH,ALP+GRN+IND+LNP+ON,federal ON evidence trial,False,False,0.028627673629515012,0.008087340502805445,True,0.4438647731636078,1.0
ON20,simplified,Bellarine,2,IND,ALP+GRN+LNP+ON,ideology prior,False,False,0.041568312608730826,0.10206851533286844,True,0.25772962273900496,1.0
ON20,simplified,Bellarine,3,GRN,ALP+LNP+ON,federal ON evidence trial,False,False,0.15450731440741072,0.023202142546906446,True,0.11631775507823627,1.0
ON20,simplified,Bellarine,4,ON,ALP+LNP,federal ON evidence trial,False,False,0.19568140090935443,0.1618130035223469,True,0.0,0.73
ON20,simplified,Benambra,1,ALP,GRN+IND+LNP+ON+OTH,ideology prior,False,False,0.013618758657294684,0.02253054471956445,True,0.145,1.0
ON20,simplified,Benambra,2,OTH,GRN+IND+LNP+ON,ideology prior,False,False,0.03710261648286976,0.028805032699347116,True,0.5474097876068831,0.9582999999999999
ON20,simplified,Benambra,3,GRN,IND+LNP+ON,ideology prior,False,False,0.07067663864815818,0.19311648386553174,True,0.18460309344300543,0.8942
ON20,simplified,Benambra,4,ON,IND+LNP,ideology prior,False,False,0.2768402486422934,0.08269975733662316,True,0.0,0.68
ON20,simplified,Bendigo East,1,OTH,ALP+GRN+IND+LNP+ON,federal ON evidence trial,False,False,0.016038870725439153,0.013299471190806728,True,0.35933592609440235,1.0
ON20,simplified,Bendigo East,2,IND,ALP+GRN+LNP+ON,ideology prior,False,False,0.031958549304436985,0.09059204257468739,True,0.22831530858216814,0.5729427057294271
ON20,simplified,Bendigo East,3,GRN,ALP+LNP+ON,federal ON evidence trial,False,False,0.1296761069654325,0.08173166844483434,True,0.10721095103792208,1.0
ON20,simplified,Bendigo East,4,ON,ALP+LNP,federal ON evidence trial,False,False,0.22531047416492617,0.09104635055977339,True,0.0,0.72
ON20,simplified,Bendigo West,1,IND,ALP+GRN+LNP+ON+OTH,ideology prior,False,False,0.02583883640988111,0.047485194800785335,True,0.22501875187518752,1.0
ON20,simplified,Bendigo West,2,OTH,ALP+GRN+LNP+ON,federal ON evidence trial,False,False,0.08208223776590438,0.06984945002435787,True,0.3906440303703038,1.0
ON20,simplified,Bendigo West,3,GRN,ALP+LNP+ON,federal ON evidence trial,False,False,0.16872404183864614,0.05754757680320288,True,0.13569546360755672,1.0
ON20,simplified,Bendigo West,4,ON,ALP+LNP,federal ON evidence trial,False,False,0.2491667057208849,0.01949263232091597,True,0.0,0.72
ON20,simplified,Bentleigh,1,OTH,ALP+GRN+IND+LNP+ON,federal ON evidence trial,False,False,0.017010519063740574,0.003025663934217448,True,0.3394547420593704,1.0
ON20,simplified,Bentleigh,2,IND,ALP+GRN+LNP+ON,ideology prior,False,False,0.022815124763295946,0.11104924275675276,True,0.21179510357277878,0.7199
ON20,simplified,Bentleigh,3,GRN,ALP+LNP+ON,federal ON evidence trial,False,False,0.1395111810622678,0.03225235670770635,True,0.07495740559299209,1.0
ON20,simplified,Bentleigh,4,ON,ALP+LNP,federal ON evidence trial,False,False,0.1822209339536159,0.18361673702230966,True,0.0,0.7
ON20,simplified,Berwick,1,IND,ALP+GRN+LNP+ON+OTH,ideology prior,False,False,0.00019107949776982965,0.025018570346464996,True,0.15,0.0
ON20,simplified,Berwick,2,OTH,ALP+GRN+LNP+ON,federal ON evidence trial,False,False,0.0252383117689003,0.0890993005668537,True,0.43026075078689036,1.0
ON20,simplified,Berwick,3,GRN,ALP+LNP+ON,federal ON evidence trial,False,False,0.11947807710707282,0.11134757734995492,True,0.1115756065103676,1.0
ON20,simplified,Berwick,4,ON,ALP+LNP,federal ON evidence trial,False,False,0.25073093522802214,0.05522115904373193,True,0.0,0.73
ON20,simplified,Box Hill,1,IND,ALP+GRN+LNP+ON+OTH,ideology prior,False,False,0.01638796275670719,0.0010557426113631807,True,0.15,1.0
ON20,simplified,Box Hill,2,OTH,ALP+GRN+LNP+ON,federal ON evidence trial,False,False,0.023697351956029834,0.08966196180701473,True,0.32221631494595804,1.0
ON20,simplified,Box Hill,3,ON,ALP+GRN+LNP,federal ON evidence trial,False,False,0.12099498718429388,0.06467468790937878,True,0.0,0.75
ON20,simplified,Box Hill,4,GRN,ALP+LNP,posterior scenario,False,False,0.20680734037794618,0.12401490030735846,False,0.0,0.9500000000000001
ON20,simplified,Brighton,1,OTH,ALP+GRN+IND+LNP+ON,federal ON evidence trial,False,False,0.02799529158458782,0.07615233818642886,True,0.3195576451206586,1.0
ON20,simplified,Brighton,2,IND,ALP+GRN+LNP+ON,ideology prior,False,False,0.1094004095191373,0.009691603765698206,True,0.16625194457719006,1.0
ON20,simplified,Brighton,3,ON,ALP+GRN+LNP,federal ON evidence trial,False,False,0.13728004410493302,0.03506770108493393,True,0.0,0.7000000000000001
ON20,simplified,Brighton,4,ALP,GRN+LNP,posterior scenario,False,False,0.20188725163537344,0.039300721484588214,False,0.0,0.0
ON20,simplified,Broadmeadows,1,IND,ALP+GRN+LNP+ON+OTH,ideology prior,False,False,0.07544181666563432,0.023346438117838583,True,0.15,1.0
ON20,simplified,Broadmeadows,2,GRN,ALP+LNP+ON+OTH,ideology prior,False,False,0.11417038017166212,0.021995522678799312,True,0.0602554795165742,1.0
ON20,simplified,Broadmeadows,3,OTH,ALP+LNP+ON,ideology prior,False,False,0.1479893280588646,0.04338371816487538,True,0.4502521058729677,0.7785
ON20,simplified,Broadmeadows,4,LNP,ALP+ON,ON special prior,True,True,0.2303446377097706,0.04846606316977664,True,0.63,0.0
ON20,simplified,Brunswick,1,IND,ALP+GRN+LNP+ON+OTH,ideology prior,False,False,0.02127240097125374,0.054762984545359245,True,0.15,1.0
ON20,simplified,Brunswick,2,LNP,ALP+GRN+ON+OTH,ideology prior,False,False,0.08135189032935358,0.018633570338890043,True,0.3144935687916623,1.0
ON20,simplified,Brunswick,3,OTH,ALP+GRN+ON,ideology prior,False,False,0.11462809588332984,0.04520202565581452,True,0.3416959855291447,0.9330066993300671
ON20,simplified,Brunswick,4,ON,ALP+GRN,ideology prior,False,False,0.19899808173132805,0.034748375923758124,True,0.0,0.16999999999999998
ON20,simplified,Bulleen,1,OTH,ALP+GRN+IND+LNP+ON,federal ON evidence trial,False,False,0.010331814396505143,0.0008376481718096202,True,0.33944678560753044,1.0
ON20,simplified,Bulleen,2,IND,ALP+GRN+LNP+ON,ideology prior,False,False,0.01285733055344691,0.1168083305987815,True,0.21234789327952247,0.5743425657434257
ON20,simplified,Bulleen,3,ON,ALP+GRN+LNP,federal ON evidence trial,False,False,0.1323958882084513,0.01438044481788639,True,0.0,0.75
ON20,simplified,Bulleen,4,GRN,ALP+LNP,posterior scenario,False,False,0.16899164450896365,0.07838553710482069,False,0.0,0.95
ON20,simplified,Bundoora,1,IND,ALP+GRN+LNP+ON+OTH,ideology prior,False,False,0.0067202610940167,0.04466993060213035,True,0.15,1.0
ON20,simplified,Bundoora,2,OTH,ALP+GRN+LNP+ON,federal ON evidence trial,False,False,0.05346927247210847,0.09939358456831715,True,0.3646624272667324,1.0
ON20,simplified,Bundoora,3,GRN,ALP+LNP+ON,federal ON evidence trial,False,False,0.16470522041027308,0.009210926200572206,True,0.08879949735554449,1.0
ON20,simplified,Bundoora,4,ON,ALP+LNP,federal ON evidence trial,False,False,0.1885418873951117,0.12253609786110278,True,0.0,0.7
ON20,simplified,Carrum,1,IND,ALP+GRN+LNP+ON+OTH,ideology prior,False,False,0.019725709415277234,0.02292688371692214,True,0.22501875187518755,1.0
ON20,simplified,Carrum,2,OTH,ALP+GRN+LNP+ON,federal ON evidence trial,False,False,0.051717882308761995,0.0442528884114967,True,0.3860135015639065,1.0
ON20,simplified,Carrum,3,GRN,ALP+LNP+ON,federal ON evidence trial,False,False,0.10763352328773632,0.15265106579126778,True,0.14033678449874665,1.0
ON20,simplified,Carrum,4,ON,ALP+LNP,federal ON evidence trial,False,False,0.27538953164147595,0.02367901017801599,True,0.0,0.73
ON20,simplified,Caulfield,1,OTH,ALP+GRN+IND+LNP+ON,federal ON evidence trial,False,False,0.007318248791694256,0.04640717853007814,True,0.3195576451206586,1.0
ON20,simplified,Caulfield,2,IND,ALP+GRN+LNP+ON,ideology prior,False,False,0.05497447189337871,0.07338392943664518,True,0.16105005239048945,1.0
ON20,simplified,Caulfield,3,ON,ALP+GRN+LNP,federal ON evidence trial,False,False,0.137212042908592,0.0505111977015196,True,0.0,0.7000000000000001
ON20,simplified,Caulfield,4,ALP,GRN+LNP,posterior scenario,False,False,0.21578007750271708,0.023064179867388818,False,0.0,0.0
ON20,simplified,Clarinda,1,OTH,ALP+GRN+IND+LNP+ON,federal ON evidence trial,False,False,0.021899203302771206,0.07584027982083501,True,0.3692606091860666,1.0
ON20,simplified,Clarinda,2,IND,ALP+GRN+LNP+ON,ideology prior,False,False,0.10309600910572919,0.004082750965454893,True,0.18059636287416958,1.0
ON20,simplified,Clarinda,3,GRN,ALP+LNP+ON,federal ON evidence trial,False,False,0.12451480544905853,0.09358888339251305,True,0.09347967210284035,0.8262
ON20,simplified,Clarinda,4,ON,ALP+LNP,federal ON evidence trial,False,False,0.22974329202689853,0.07843114626855441,True,0.0,0.7
ON20,simplified,Cranbourne,1,IND,ALP+GRN+LNP+ON+OTH,ideology prior,False,False,0.010046190552004815,0.06464177458072647,True,0.15000000000000002,1.0
ON20,simplified,Cranbourne,2,GRN,ALP+LNP+ON+OTH,ideology prior,False,False,0.07601079727366651,0.044721918382324005,True,0.05351302848630949,1.0
ON20,simplified,Cranbourne,3,OTH,ALP+LNP+ON,ideology prior,False,False,0.13999958121865697,0.1011477226578662,True,0.4350490389556729,1.0
ON20,simplified,Cranbourne,4,LNP,ALP+ON,ON special prior,True,True,0.2772666933862097,0.04805539172412515,True,0.6299999999999998,0.0
ON20,simplified,Croydon,1,IND,ALP+GRN+LNP+ON+OTH,ideology prior,False,False,1.005348646027661e-12,0.05826875224561988,True,0.15,0.0
ON20,simplified,Croydon,2,OTH,ALP+GRN+LNP+ON,federal ON evidence trial,False,False,0.05826875224677603,0.07497351320404189,True,0.4109203687998126,1.0
ON20,simplified,Croydon,3,GRN,ALP+LNP+ON,federal ON evidence trial,False,False,0.1452339910093091,0.04809715624172689,True,0.09835978450847326,1.0
ON20,simplified,Croydon,4,ON,ALP+LNP,federal ON evidence trial,False,False,0.20761633131001717,0.1286622148762011,True,0.0,0.7
ON20,simplified,Dandenong,1,IND,ALP+GRN+LNP+ON+OTH,ideology prior,False,False,0.0017501276770048066,0.0758805305108274,True,0.15000000000000002,1.0
ON20,simplified,Dandenong,2,OTH,ALP+GRN+LNP+ON,federal ON evidence trial,False,False,0.07826700461119114,0.026259579803584954,True,0.3798985672085241,1.0
ON20,simplified,Dandenong,3,GRN,ALP+LNP+ON,federal ON evidence trial,False,False,0.12069355169612829,0.06887292969797214,True,0.12435772859361643,0.7686
ON20,simplified,Dandenong,4,LNP,ALP+ON,ON special prior,True,True,0.2074566254695504,0.055068568274839635,True,0.63,0.0
ON20,simplified,Eildon,1,IND,ALP+GRN+LNP+ON+OTH,ideology prior,False,False,0.017574637237500995,0.021107035836944198,True,0.22498125187481252,1.0
ON20,simplified,Eildon,2,OTH,ALP+GRN+LNP+ON,federal ON evidence trial,False,False,0.04372295890825955,0.0923619849427311,True,0.42579106147576695,1.0
ON20,simplified,Eildon,3,GRN,ALP+LNP+ON,federal ON evidence trial,False,False,0.14514385381544906,0.03598862818823284,True,0.12358619122295106,1.0
ON20,simplified,Eildon,4,ON,ALP+LNP,federal ON evidence trial,False,False,0.2778274994823428,0.0025793397673413154,True,0.0,0.73
ON20,simplified,Eltham,1,IND,ALP+GRN+LNP+ON+OTH,ideology prior,False,False,1.0055596153105026e-12,0.010401349228951251,True,0.15,0.0
ON20,simplified,Eltham,2,OTH,ALP+GRN+LNP+ON,federal ON evidence trial,False,False,0.010401349230107645,0.14568337197258147,True,0.4109203687970195,1.0
ON20,simplified,Eltham,3,GRN,ALP+LNP+ON,federal ON evidence trial,False,False,0.1583024970402241,0.023283403713919765,True,0.06412865123947699,1.0
ON20,simplified,Eltham,4,ON,ALP+LNP,federal ON evidence trial,False,False,0.19173762637717473,0.1631946912626946,True,0.0,0.7
ON20,simplified,Essendon,1,IND,ALP+GRN+LNP+ON+OTH,ideology prior,False,False,0.017587231831293557,0.048258846927311236,True,0.15,0.0
ON20,simplified,Essendon,2,OTH,ALP+GRN+LNP+ON,federal ON evidence trial,False,False,0.06848416353329882,0.11994407531360764,True,0.3641435089321696,1.0
ON20,simplified,Essendon,3,GRN,ALP+LNP+ON,federal ON evidence trial,False,False,0.20725047748446018,0.023031299413714706,True,0.10211540469288309,1.0
ON20,simplified,Essendon,4,ON,ALP+LNP,federal ON evidence trial,False,False,0.2514452432792938,0.05630640790570657,True,0.0,0.7
ON20,simplified,Eureka,1,IND,ALP+GRN+LNP+ON+OTH,ideology prior,False,False,0.03128743625097088,0.04426764472608826,True,0.22498125187481252,1.0
ON20,simplified,Eureka,2,OTH,ALP+GRN+LNP+ON,federal ON evidence trial,False,False,0.08390576215811738,0.042945048320731094,True,0.4295908048266893,1.0
ON20,simplified,Eureka,3,GRN,ALP+LNP+ON,federal ON evidence trial,False,False,0.14360156792121276,0.11315897463832514,True,0.1535494012310272,1.0
ON20,simplified,Eureka,4,LNP,ALP+ON,ON special prior,True,True,0.2858394743114283,0.047482259697126494,True,0.79,0.0
ON20,simplified,Euroa,1,IND,ALP+GRN+LNP+ON+OTH,ideology prior,False,False,9.86729603296533e-10,0.042639093603899766,True,0.15,0.0
ON20,simplified,Euroa,2,OTH,ALP+GRN+LNP+ON,federal ON evidence trial,False,False,0.042639094738638805,0.029653162537905953,True,0.3971801192518963,1.0
ON20,simplified,Euroa,3,GRN,ALP+LNP+ON,federal ON evidence trial,False,False,0.08109585156835186,0.1027119668319543,True,0.14892594454579483,0.87
ON20,simplified,Euroa,4,ALP,LNP+ON,ON special prior,True,True,0.23815096506343428,0.06171437354821138,True,0.36,0.0
ON20,simplified,Evelyn,1,IND,ALP+GRN+LNP+ON+OTH,ideology prior,False,False,0.015133520528664327,0.009646845677160702,True,0.22498125187481252,1.0
ON20,simplified,Evelyn,2,OTH,ALP+GRN+LNP+ON,federal ON evidence trial,False,False,0.02983413509819844,0.09175677850966993,True,0.39539009632749383,1.0
ON20,simplified,Evelyn,3,GRN,ALP+LNP+ON,federal ON evidence trial,False,False,0.1277319651065445,0.08494003797704297,True,0.11309695337309084,1.0
ON20,simplified,Evelyn,4,ON,ALP+LNP,federal ON evidence trial,False,False,0.2271180991854956,0.07481720810466738,True,0.0,0.73
ON20,simplified,Footscray,1,IND,ALP+GRN+LNP+ON+OTH,ideology prior,False,False,0.002964260170994561,0.09563203975485222,True,0.15,0.0
ON20,simplified,Footscray,2,OTH,ALP+GRN+LNP+ON,federal ON evidence trial,False,False,0.09904093895149597,0.04656294515819541,True,0.3316928804376517,1.0
ON20,simplified,Footscray,3,LNP,ALP+GRN+ON,ideology prior,False,False,0.1635074756039343,0.03783895993110714,True,0.2865738678005515,1.0
ON20,simplified,Footscray,4,ON,ALP+GRN,ideology prior,False,False,0.24820340523316523,0.10707374613524398,True,0.0,0.16999999999999998
ON20,simplified,Frankston,1,IND,ALP+GRN+LNP+ON+OTH,ideology prior,False,False,0.026153343358990777,0.05178757463336012,True,0.15,1.0
ON20,simplified,Frankston,2,OTH,ALP+GRN+LNP+ON,federal ON evidence trial,False,False,0.09043960078361259,0.05097158719592791,True,0.3531452541689296,1.0
ON20,simplified,Frankston,3,GRN,ALP+LNP+ON,federal ON evidence trial,False,False,0.16044433378980916,0.09933127483758775,True,0.10842423269684032,1.0
ON20,simplified,Frankston,4,ON,ALP+LNP,federal ON evidence trial,False,False,0.2771716624091127,0.031318660977206925,True,0.0,0.7
ON20,simplified,Geelong,1,OTH,ALP+GRN+IND+LNP+ON,federal ON evidence trial,False,False,0.021937475476361313,0.055950700330290565,True,0.3593259825185165,1.0
ON20,simplified,Geelong,2,IND,ALP+GRN+LNP+ON,ideology prior,False,False,0.08147201511213696,0.07675748889548058,True,0.2464729925671065,0.6687
ON20,simplified,Geelong,3,GRN,ALP+LNP+ON,federal ON evidence trial,False,False,0.17919950299916412,0.04077055383528866,True,0.11783405664141619,1.0
ON20,simplified,Geelong,4,LNP,ALP+ON,ON special prior,True,True,0.25178171057874255,0.0595530131026194,True,0.69,0.0
ON20,simplified,Gippsland East,1,IND,ALP+GRN+LNP+ON+OTH,ideology prior,False,False,0.01998132848256196,0.02653522871375612,True,0.15,0.0
ON20,simplified,Gippsland East,2,ALP,GRN+LNP+ON+OTH,ideology prior,False,False,0.05151188931695857,0.009179727409158692,True,0.1256331819835007,0.0
ON20,simplified,Gippsland East,3,OTH,GRN+LNP+ON,ideology prior,False,False,0.06716321929098866,0.046830690227447014,True,0.4769437066317887,0.8903
ON20,simplified,Gippsland East,4,GRN,LNP+ON,ON special prior,True,True,0.13140084542421374,0.20724573806570548,True,0.23,0.2589
ON20,simplified,Gippsland South,1,OTH,ALP+GRN+IND+LNP+ON,federal ON evidence trial,False,False,0.021922432033701592,0.02395398601810383,True,0.46872619877219757,1.0
ON20,simplified,Gippsland South,2,IND,ALP+GRN+LNP+ON,ideology prior,False,False,0.049380406515410785,0.0562869651142088,True,0.24896554261309264,1.0
ON20,simplified,Gippsland South,3,GRN,ALP+LNP+ON,federal ON evidence trial,False,False,0.1136309486286544,0.0011311449844184224,True,0.11618086927103914,1.0
ON20,simplified,Gippsland South,4,ALP,LNP+ON,ON special prior,True,True,0.1900803817805197,0.1267167798544617,True,0.35999999999999993,0.0
ON20,simplified,Glen Waverley,1,IND,ALP+GRN+LNP+ON+OTH,ideology prior,False,False,0.0001628907699871915,0.03335683727985383,True,0.15,0.0
ON20,simplified,Glen Waverley,2,OTH,ALP+GRN+LNP+ON,federal ON evidence trial,False,False,0.0335441616653391,0.0851944422992123,True,0.3715046469224927,1.0
ON20,simplified,Glen Waverley,3,ON,ALP+GRN+LNP,federal ON evidence trial,False,False,0.13120041590034423,0.002201209164565593,True,0.0,0.75
ON20,simplified,Glen Waverley,4,GRN,ALP+LNP,posterior scenario,False,False,0.15705309930465888,0.17880514640880463,False,0.0,0.9500000000000001
ON20,simplified,Greenvale,1,IND,ALP+GRN+LNP+ON+OTH,ideology prior,False,False,0.06090880439589836,0.028476859596661443,True,0.15,1.0
ON20,simplified,Greenvale,2,GRN,ALP+LNP+ON+OTH,ideology prior,False,False,0.09525422729610461,0.04704053199005839,True,0.05849489330754554,1.0
ON20,simplified,Greenvale,3,ON,ALP+LNP+OTH,ideology prior,False,False,0.17311827542334096,0.0017773419053098427,True,0.0,0.8899999999999999
ON20,simplified,Greenvale,4,OTH,ALP+LNP,posterior scenario,False,False,0.2184334572887034,0.1326215959480469,False,0.0,0.5
ON20,simplified,Hastings,1,IND,ALP+GRN+LNP+ON+OTH,ideology prior,False,False,0.00878259483521401,0.042226316736274416,True,0.225,1.0
ON20,simplified,Hastings,2,OTH,ALP+GRN+LNP+ON,federal ON evidence trial,False,False,0.053525783686389876,0.067437407487073,True,0.4402366130600638,1.0
ON20,simplified,Hastings,3,GRN,ALP+LNP+ON,federal ON evidence trial,False,False,0.13189740363449173,0.12090286944420472,True,0.13482111956837997,1.0
ON20,simplified,Hastings,4,ON,ALP+LNP,federal ON evidence trial,False,False,0.28972565243255805,0.05328350845786278,True,0.0,0.73
ON20,simplified,Hawthorn,1,OTH,ALP+GRN+IND+LNP+ON,federal ON evidence trial,False,False,0.010714053928092018,0.07271595695297316,True,0.3195576451206586,1.0
ON20,simplified,Hawthorn,2,ON,ALP+GRN+IND+LNP,federal ON evidence trial,False,False,0.086853768724022,0.04515267415923771,True,0.0,0.8
ON20,simplified,Hawthorn,3,ALP,GRN+IND+LNP,posterior scenario,False,False,0.1451564213010545,0.029335489132345738,False,0.0,0.0
ON20,simplified,Hawthorn,4,IND,GRN+LNP,ideology prior,False,False,0.23161376741051717,0.007499042989561749,False,0.0,0.20010000000000003
ON20,simplified,Ivanhoe,1,OTH,ALP+GRN+IND+LNP+ON,federal ON evidence trial,False,False,0.011816018800067335,0.0016322212942526532,True,0.33944678560753044,1.0
ON20,simplified,Ivanhoe,2,IND,ALP+GRN+LNP+ON,ideology prior,False,False,0.01537857673016775,0.14165892670302016,True,0.21107338267781867,0.7434743474347435
ON20,simplified,Ivanhoe,3,ON,ALP+GRN+LNP,federal ON evidence trial,False,False,0.16028351164439478,0.061181950155144604,True,0.0,0.75
ON20,simplified,Ivanhoe,4,GRN,ALP+LNP,posterior scenario,False,False,0.24834920901752675,0.10069864898363415,False,0.0,0.95
ON20,simplified,Kalkallo,1,IND,ALP+GRN+LNP+ON+OTH,ideology prior,False,False,0.017650364929809682,0.06500452495910222,True,0.22501875187518755,1.0
ON20,simplified,Kalkallo,2,GRN,ALP+LNP+ON+OTH,ideology prior,False,False,0.08468523789793952,0.015570537706525667,True,0.09280423699945459,1.0
ON20,simplified,Kalkallo,3,OTH,ALP+LNP+ON,ideology prior,False,False,0.11898175334014285,0.07852333717601495,True,0.4535067833810762,1.0
ON20,simplified,Kalkallo,4,LNP,ALP+ON,ON special prior,True,True,0.2401650831664091,0.011299039588077486,True,0.76,0.0
ON20,simplified,Kew,1,OTH,ALP+GRN+IND+LNP+ON,federal ON evidence trial,False,False,0.0017713109927187448,0.08322535487052421,True,0.3195576451206586,1.0
ON20,simplified,Kew,2,ON,ALP+GRN+IND+LNP,federal ON evidence trial,False,False,0.08556270183285249,0.04175701636275296,True,0.0,0.8
ON20,simplified,Kew,3,GRN,ALP+IND+LNP,posterior scenario,False,False,0.13961164695452055,0.00042602400075655855,False,0.0,0.9500000000000001
ON20,simplified,Kew,4,ALP,IND+LNP,posterior scenario,False,False,0.20699950511642184,0.041835488869774756,False,0.0,0.0
ON20,simplified,Kororoit,1,IND,ALP+GRN+LNP+ON+OTH,ideology prior,False,False,0.016775495576617568,0.07869235143924519,True,0.15001125112511252,1.0
ON20,simplified,Kororoit,2,GRN,ALP+LNP+ON+OTH,ideology prior,False,False,0.09698609731309848,0.053917919243651,True,0.053180062069705866,1.0
ON20,simplified,Kororoit,3,OTH,ALP+LNP+ON,ideology prior,False,False,0.18201998575728295,0.023854159500580174,True,0.4167083830520887,1.0
ON20,simplified,Kororoit,4,LNP,ALP+ON,ON special prior,True,True,0.2412605016810248,0.04046289752491988,True,0.6299999999999999,0.0
ON20,simplified,Lara,1,IND,ALP+GRN+LNP+ON+OTH,ideology prior,False,False,0.01727801731620796,0.0581302155511685,True,0.22501875187518752,1.0
ON20,simplified,Lara,2,OTH,ALP+GRN+LNP+ON,federal ON evidence trial,False,False,0.07931555047219953,0.04287515653956234,True,0.42164916320842344,1.0
ON20,simplified,Lara,3,GRN,ALP+LNP+ON,federal ON evidence trial,False,False,0.13886428782833127,0.022421229761037997,True,0.1523141079147368,1.0
ON20,simplified,Lara,4,LNP,ALP+ON,ON special prior,True,True,0.19428198887482,0.16687453697849347,True,0.76,0.0
ON20,simplified,Laverton,1,IND,ALP+GRN+LNP+ON+OTH,ideology prior,False,False,0.022528673435803673,0.10184795601534671,True,0.15001125112511252,1.0
ON20,simplified,Laverton,2,GRN,ALP+LNP+ON+OTH,ideology prior,False,False,0.13042681217870128,0.004585456649232517,True,0.05581514708325544,1.0
ON20,simplified,Laverton,3,OTH,ALP+LNP+ON,ideology prior,False,False,0.14611856444215246,0.047953078127108,True,0.46849756653921293,0.7149
ON20,simplified,Laverton,4,LNP,ALP+ON,ON special prior,True,True,0.22925369723685332,0.04445383916305248,True,0.5599999999999999,0.0
ON20,simplified,Lowan,1,IND,ALP+GRN+LNP+ON+OTH,ideology prior,False,False,0.03966764224120406,0.002541151087726519,True,0.18,1.0
ON20,simplified,Lowan,2,OTH,ALP+GRN+LNP+ON,federal ON evidence trial,False,False,0.046373895764257,0.030972476950290484,True,0.45126335242888965,0.8765123487651234
ON20,simplified,Lowan,3,ALP,GRN+LNP+ON,ideology prior,False,False,0.08450912283436957,0.008322943575754999,True,0.18596334788159338,0.0
ON20,simplified,Lowan,4,GRN,LNP+ON,ON special prior,True,True,0.14141893273840372,0.16273889989465723,True,0.23,0.2864
ON20,simplified,Macedon,1,OTH,ALP+GRN+IND+LNP+ON,federal ON evidence trial,False,False,0.03102470117084436,0.018060057299188415,True,0.3792250665812742,1.0
ON20,simplified,Macedon,2,IND,ALP+GRN+LNP+ON,ideology prior,False,False,0.054153142187056705,0.09807403417141587,True,0.27159573222325806,0.8798
ON20,simplified,Macedon,3,GRN,ALP+LNP+ON,federal ON evidence trial,False,False,0.16295190953122052,0.09327932641680137,True,0.11985793639095246,1.0
ON20,simplified,Macedon,4,ON,ALP+LNP,federal ON evidence trial,False,False,0.27576231555539915,0.02573995148136765,True,0.0,0.73
ON20,simplified,Malvern,1,IND,ALP+GRN+LNP+ON+OTH,ideology prior,False,False,0.012473349091382202,0.006429264868342031,True,0.15,1.0
ON20,simplified,Malvern,2,OTH,ALP+GRN+LNP+ON,federal ON evidence trial,False,False,0.021208624372993517,0.07936673416546264,True,0.31608187374247415,1.0
ON20,simplified,Malvern,3,ON,ALP+GRN+LNP,federal ON evidence trial,False,False,0.10727902026977226,0.04922571430505013,True,0.0,0.7000000000000001
ON20,simplified,Malvern,4,ALP,GRN+LNP,posterior scenario,False,False,0.17817220474979822,0.035926612232150074,False,0.0,0.0
ON20,simplified,Melbourne,1,IND,ALP+GRN+LNP+ON+OTH,ideology prior,False,False,0.009473481247301085,0.06688082707210663,True,0.15001125112511252,1.0
ON20,simplified,Melbourne,2,OTH,ALP+GRN+LNP+ON,federal ON evidence trial,False,False,0.07994129149239854,0.06338664199887761,True,0.3257828508936236,1.0
ON20,simplified,Melbourne,3,LNP,ALP+GRN+ON,ideology prior,False,False,0.16778365884537685,0.0015877764924110416,True,0.28273243322358754,1.0
ON20,simplified,Melbourne,4,ON,ALP+GRN,ideology prior,False,False,0.21680931745829762,0.03748872451817664,True,0.0,0.16999999999999998
ON20,simplified,Melton,1,GRN,ALP+IND+LNP+ON+OTH,ideology prior,False,False,0.06856426922431545,0.028383118803009408,True,0.08750000000000002,1.0
ON20,simplified,Melton,2,OTH,ALP+IND+LNP+ON,ideology prior,False,False,0.10382952655071552,0.06630705533325547,True,0.5002596064921604,0.9478
ON20,simplified,Melton,3,LNP,ALP+IND+ON,ideology prior,False,False,0.18281205699680805,0.06782388149617605,True,0.45743639086729204,0.0
ON20,simplified,Melton,4,ALP,IND+ON,ideology prior,False,False,0.29887557492498046,0.006798984817733333,True,0.4284314713045174,0.0
ON20,simplified,Mildura,1,OTH,ALP+GRN+IND+LNP+ON,federal ON evidence trial,False,False,0.004589495975214268,0.005931506742649136,True,0.3792250665812742,1.0
ON20,simplified,Mildura,2,ALP,GRN+IND+LNP+ON,ideology prior,False,False,0.011038153017270118,0.03475874604347626,True,0.16597954730838663,1.0
ON20,simplified,Mildura,3,GRN,IND+LNP+ON,ideology prior,False,False,0.049973577814066125,0.2153781004150343,True,0.2444053267035341,0.5776422357764224
ON20,simplified,Mildura,4,ON,IND+LNP,ideology prior,False,False,0.2775654868412918,0.03438653432462824,True,0.0,0.68
ON20,simplified,Mill Park,1,IND,ALP+GRN+LNP+ON+OTH,ideology prior,False,False,1.0212571082457013e-09,0.09347345701027744,True,0.15,0.0
ON20,simplified,Mill Park,2,GRN,ALP+LNP+ON+OTH,ideology prior,False,False,0.09347345823578597,0.008093218117799159,True,0.051388889186309024,1.0
ON20,simplified,Mill Park,3,OTH,ALP+LNP+ON,ideology prior,False,False,0.11868192620595078,0.08882173936751492,True,0.43734148193546996,1.0
ON20,simplified,Mill Park,4,LNP,ALP+ON,ON special prior,True,True,0.24145133622433024,0.05661859704215255,True,0.6299999999999999,0.0
ON20,simplified,Monbulk,1,OTH,ALP+GRN+IND+LNP+ON,federal ON evidence trial,False,False,0.03123824977408865,0.054635110167952625,True,0.4438647731636078,1.0
ON20,simplified,Monbulk,2,IND,ALP+GRN+LNP+ON,ideology prior,False,False,0.0921835092717912,0.08609512254183652,True,0.24685622515329927,1.0
ON20,simplified,Monbulk,3,GRN,ALP+LNP+ON,federal ON evidence trial,False,False,0.2038812860472517,0.029402680617494348,True,0.12542866638784914,1.0
ON20,simplified,Monbulk,4,ON,ALP+LNP,federal ON evidence trial,False,False,0.25885652447509244,0.08395921590482491,True,0.0,0.73
ON20,simplified,Mordialloc,1,OTH,ALP+GRN+IND+LNP+ON,federal ON evidence trial,False,False,0.022318984715658262,0.04508138130688683,True,0.3692804963378383,1.0
ON20,simplified,Mordialloc,2,IND,ALP+GRN+LNP+ON,ideology prior,False,False,0.07231499074064325,0.0541691873118887,True,0.17317761181156463,1.0
ON20,simplified,Mordialloc,3,GRN,ALP+LNP+ON,federal ON evidence trial,False,False,0.13966106849897814,0.07107409620049279,True,0.08410648207219822,1.0
ON20,simplified,Mordialloc,4,ON,ALP+LNP,federal ON evidence trial,False,False,0.2224815658533643,0.1170787298477328,True,0.0,0.7
ON20,simplified,Mornington,1,OTH,ALP+GRN+IND+LNP+ON,federal ON evidence trial,False,False,0.0057091719244501266,0.09166653418800892,True,0.4438647731636078,1.0
ON20,simplified,Mornington,2,GRN,ALP+IND+LNP+ON,federal ON evidence trial,False,False,0.09798601444904202,0.016045944958451505,True,0.09140525650856945,1.0
ON20,simplified,Mornington,3,ALP,IND+LNP+ON,ideology prior,False,False,0.1562550320908091,0.025878127591961703,True,0.21606619759769446,1.0
ON20,simplified,Mornington,4,ON,IND+LNP,ideology prior,False,False,0.21589459032213765,0.10314291700287592,True,0.0,0.69
ON20,simplified,Morwell,1,GRN,ALP+IND+LNP+ON+OTH,ideology prior,False,False,0.05795252885841439,0.02083079648720384,True,0.08750000000000002,1.0
ON20,simplified,Morwell,2,OTH,ALP+IND+LNP+ON,ideology prior,False,False,0.08418739866166537,0.04387216943250562,True,0.3921277265976894,1.0
ON20,simplified,Morwell,3,IND,ALP+LNP+ON,ideology prior,False,False,0.1427090757040959,0.07362299184520388,True,0.2910042458923293,0.6859
ON20,simplified,Morwell,4,ALP,LNP+ON,ON special prior,True,True,0.2673272952760639,0.05430719622128721,True,0.25,0.0
ON20,simplified,Mulgrave,1,OTH,ALP+GRN+IND+LNP+ON,federal ON evidence trial,False,False,0.013683870286523316,0.06570147578466261,True,0.36928049633783827,1.0
ON20,simplified,Mulgrave,2,GRN,ALP+IND+LNP+ON,federal ON evidence trial,False,False,0.08097266006196344,0.07934707559099263,True,0.06314274722432096,1.0
ON20,simplified,Mulgrave,3,LNP,ALP+IND+ON,ideology prior,False,False,0.17291521210809863,0.01032014823873828,True,0.324305576674293,1.0
ON20,simplified,Mulgrave,4,IND,ALP+ON,ON special prior,True,True,0.21451246931035192,0.038494396314505935,True,0.19999999999999998,0.0
ON20,simplified,Murray Plains,1,IND,ALP+GRN+LNP+ON+OTH,ideology prior,False,False,0.01695260795957607,0.036981082883499314,True,0.225,1.0
ON20,simplified,Murray Plains,2,ALP,GRN+LNP+ON+OTH,ideology prior,False,False,0.05644140537549567,0.00694193582745873,True,0.123947898673348,0.0
ON20,simplified,Murray Plains,3,OTH,GRN+LNP+ON,ideology prior,False,False,0.09002161753702254,0.005561731977731937,True,0.4933913068460176,0.8509
ON20,simplified,Murray Plains,4,GRN,LNP+ON,ON special prior,True,True,0.11827232544333904,0.22280791259005844,True,0.22999999999999998,0.3862
ON20,simplified,Narracan,1,OTH,ALP+GRN+IND+LNP+ON,federal ON evidence trial,False,False,9.865556607812668e-10,0.05674362588003735,True,0.3195576451206586,0.0
ON20,simplified,Narracan,2,IND,ALP+GRN+LNP+ON,ideology prior,False,False,0.056743627067006225,0.09384797294846356,True,0.1764705888900301,0.0
ON20,simplified,Narracan,3,ALP,GRN+LNP+ON,ideology prior,False,False,0.16728090207339838,0.005732207029546826,True,0.14497294830215718,0.0
ON20,simplified,Narracan,4,ON,GRN+LNP,ideology prior,False,False,0.2737632972386342,0.0052073125119633246,True,0.0,0.66
ON20,simplified,Narre Warren North,1,IND,ALP+GRN+LNP+ON+OTH,ideology prior,False,False,0.013158037320417227,0.0739453741358008,True,0.14998875112488755,1.0
ON20,simplified,Narre Warren North,2,GRN,ALP+LNP+ON+OTH,ideology prior,False,False,0.0885072994396948,0.005256616926221633,True,0.053247475506014795,1.0
ON20,simplified,Narre Warren North,3,OTH,ALP+LNP+ON,ideology prior,False,False,0.11089115443635998,0.1319148954171393,True,0.4228217277273925,1.0
ON20,simplified,Narre Warren North,4,LNP,ALP+ON,ON special prior,True,True,0.2735490943860844,0.03477247663508787,True,0.63,0.0
ON20,simplified,Narre Warren South,1,IND,ALP+GRN+LNP+ON+OTH,ideology prior,False,False,0.0053538282482697855,0.08019986657641759,True,0.15001125112511252,1.0
ON20,simplified,Narre Warren South,2,GRN,ALP+LNP+ON+OTH,ideology prior,False,False,0.08788194636604733,8.520781062691662e-05,True,0.052086382065581624,1.0
ON20,simplified,Narre Warren South,3,OTH,ALP+LNP+ON,ideology prior,False,False,0.10756255375129344,0.14311296645207727,True,0.41550138955425386,1.0
ON20,simplified,Narre Warren South,4,LNP,ALP+ON,ON special prior,True,True,0.28209034912436776,0.013277561626669487,True,0.6300000000000001,0.0
ON20,simplified,Nepean,1,OTH,ALP+GRN+IND+LNP+ON,federal ON evidence trial,False,False,0.01144877775575802,0.02549162640107315,True,0.36928049633783827,1.0
ON20,simplified,Nepean,2,IND,ALP+GRN+LNP+ON,ideology prior,False,False,0.03881074606399644,0.07913715870484671,True,0.2531034688956162,0.6993
ON20,simplified,Nepean,3,GRN,ALP+LNP+ON,federal ON evidence trial,False,False,0.126074186330624,0.07929257133273562,True,0.10899103598854422,1.0
ON20,simplified,Nepean,4,ON,ALP+LNP,federal ON evidence trial,False,False,0.23124594994473197,0.061205547495675694,True,0.0,0.73
ON20,simplified,Niddrie,1,IND,ALP+GRN+LNP+ON+OTH,ideology prior,False,False,1.005180843712323e-12,0.066283881668316,True,0.15,0.0
ON20,simplified,Niddrie,2,OTH,ALP+GRN+LNP+ON,federal ON evidence trial,False,False,0.06628388166947197,0.028759758529379592,True,0.3716625151359954,1.0
ON20,simplified,Niddrie,3,GRN,ALP+LNP+ON,federal ON evidence trial,False,False,0.10902056065857756,0.16455954453669824,True,0.11195054598642618,1.0
ON20,simplified,Niddrie,4,ON,ALP+LNP,federal ON evidence trial,False,False,0.28578501648474985,0.034001576601061845,True,0.0,0.7
ON20,simplified,Northcote,1,IND,ALP+GRN+LNP+ON+OTH,ideology prior,False,False,0.009421423497289746,0.07244514848920293,True,0.1499887511248875,1.0
ON20,simplified,Northcote,2,LNP,ALP+GRN+ON+OTH,ideology prior,False,False,0.08291748557015384,0.01348897870481934,True,0.32057173909471093,1.0
ON20,simplified,Northcote,3,OTH,ALP+GRN+ON,ideology prior,False,False,0.11121150098451063,0.09418934801668846,True,0.3681629117292868,0.8543000000000001
ON20,simplified,Northcote,4,ON,ALP+GRN,ideology prior,False,False,0.246344799021441,0.07678363405066005,True,0.0,0.16999999999999998
ON20,simplified,Oakleigh,1,OTH,ALP+GRN+IND+LNP+ON,federal ON evidence trial,False,False,0.009100954671216958,0.013099678771527314,True,0.36928049633783827,1.0
ON20,simplified,Oakleigh,2,IND,ALP+GRN+LNP+ON,ideology prior,False,False,0.024037675374601507,0.15951709674259723,True,0.17510238212809195,1.0
ON20,simplified,Oakleigh,3,GRN,ALP+LNP+ON,federal ON evidence trial,False,False,0.18835570251009,0.007443122521849116,True,0.06525172037706357,1.0
ON20,simplified,Oakleigh,4,ON,ALP+LNP,federal ON evidence trial,False,False,0.20808935866355288,0.09314907137923589,True,0.0,0.7
ON20,simplified,Ovens Valley,1,IND,ALP+GRN+LNP+ON+OTH,ideology prior,False,False,0.047689713941130904,0.02811416001218478,True,0.15,0.0
ON20,simplified,Ovens Valley,2,ALP,GRN+LNP+ON+OTH,ideology prior,False,False,0.08772630243859841,0.023533810706568556,True,0.12883922154367122,0.0
ON20,simplified,Ovens Valley,3,OTH,GRN+LNP+ON,ideology prior,False,False,0.13004390602103094,0.02898603547706377,True,0.5364422890138377,0.9419
ON20,simplified,Ovens Valley,4,GRN,LNP+ON,ON special prior,True,True,0.18348230242691443,0.13704038809360697,True,0.23000000000000004,0.3624
ON20,simplified,Pakenham,1,IND,ALP+GRN+LNP+ON+OTH,ideology prior,False,False,0.07011684883512621,0.021193483469529484,True,0.18000000000000002,1.0
ON20,simplified,Pakenham,2,GRN,ALP+LNP+ON+OTH,ideology prior,False,False,0.10112669114157337,0.0005021067259272233,True,0.09338896333804238,0.7081708170817081
ON20,simplified,Pakenham,3,OTH,ALP+LNP+ON,ideology prior,False,False,0.11001910969965259,0.16270096345770016,True,0.5441801859972824,0.7984
ON20,simplified,Pakenham,4,ALP,LNP+ON,ON special prior,True,True,0.31691576569298985,0.01567452704397526,True,0.36,0.0
ON20,simplified,Pascoe Vale,1,OTH,ALP+GRN+IND+LNP+ON,federal ON evidence trial,False,False,0.07148017792073749,0.022114338945827802,True,0.33944678560753044,1.0
ON20,simplified,Pascoe Vale,2,IND,ALP+GRN+LNP+ON,ideology prior,False,False,0.10527195310901015,0.057000542940757334,True,0.21071014828757767,0.6067
ON20,simplified,Pascoe Vale,3,LNP,ALP+GRN+ON,ideology prior,False,False,0.18869470038308267,0.03298031008304944,True,0.3465794664080942,1.0
ON20,simplified,Pascoe Vale,4,ON,ALP+GRN,ideology prior,False,False,0.2870727190389361,0.06515732112589756,True,0.0,0.16999999999999998
ON20,simplified,Point Cook,1,OTH,ALP+GRN+IND+LNP+ON,federal ON evidence trial,False,False,0.0835474822953275,0.009517329881608375,True,0.35933592609440235,1.0
ON20,simplified,Point Cook,2,GRN,ALP+IND+LNP+ON,federal ON evidence trial,False,False,0.10752859559289331,0.028509193690430354,True,0.111493765467302,1.0
ON20,simplified,Point Cook,3,IND,ALP+LNP+ON,ideology prior,False,False,0.15146730153435836,0.07094751740051153,True,0.2497323684526596,0.6815
ON20,simplified,Point Cook,4,LNP,ALP+ON,ON special prior,True,True,0.27976961370126235,0.024847653660887703,True,0.63,0.0
ON20,simplified,Polwarth,1,IND,ALP+GRN+LNP+ON+OTH,ideology prior,False,False,0.03495950534503192,0.006286708822818211,True,0.180007500750075,1.0
ON20,simplified,Polwarth,2,OTH,ALP+GRN+LNP+ON,federal ON evidence trial,False,False,0.04491696222907848,0.13351050792108704,True,0.4494270062698499,0.9267
ON20,simplified,Polwarth,3,ALP,GRN+LNP+ON,ideology prior,False,False,0.18526860298580547,0.01168429397500595,True,0.15553515881549515,0.0
ON20,simplified,Polwarth,4,ON,GRN+LNP,ideology prior,False,False,0.22782798263339904,0.08643209590563972,True,0.0,0.66
ON20,simplified,Prahran,1,IND,ALP+GRN+LNP+ON+OTH,ideology prior,False,False,0.008862637012320729,0.033660943593654305,True,0.1499887511248875,1.0
ON20,simplified,Prahran,2,OTH,ALP+GRN+LNP+ON,federal ON evidence trial,False,False,0.045007341053447274,0.0884663022847271,True,0.3246257113503877,1.0
ON20,simplified,Prahran,3,ON,ALP+GRN+LNP,federal ON evidence trial,False,False,0.14808418344363922,0.008869685491212004,True,0.0,0.7000000000000001
ON20,simplified,Prahran,4,ALP,GRN+LNP,posterior scenario,False,False,0.1867107535878433,0.2177175991242569,False,0.0,0.9
ON20,simplified,Preston,1,OTH,ALP+GRN+IND+LNP+ON,federal ON evidence trial,False,False,0.08770858073691772,0.03257138890012444,True,0.33944678560753044,1.0
ON20,simplified,Preston,2,LNP,ALP+GRN+IND+ON,ideology prior,False,False,0.13608672693739207,0.004579956770614874,True,0.3572942965629872,1.0
ON20,simplified,Preston,3,IND,ALP+GRN+ON,ideology prior,False,False,0.16431914430278227,0.058760755880423315,True,0.25072660207745534,0.8427
ON20,simplified,Preston,4,GRN,ALP+ON,ON special prior,True,True,0.300944130013346,0.039311969655416334,True,0.09,0.0
ON20,simplified,Richmond,1,IND,ALP+GRN+LNP+ON+OTH,ideology prior,False,False,0.039847326858442896,0.038820921312945546,True,0.14998875112488752,1.0
ON20,simplified,Richmond,2,OTH,ALP+GRN+LNP+ON,federal ON evidence trial,False,False,0.09216333769686622,0.031628886964081004,True,0.31156602247785575,1.0
ON20,simplified,Richmond,3,LNP,ALP+GRN+ON,ideology prior,False,False,0.14126649917756862,0.02372898084560829,True,0.2817188927516379,1.0
ON20,simplified,Richmond,4,ON,ALP+GRN,ideology prior,False,False,0.2047929217543817,0.09287293647187475,True,0.0,0.16999999999999998
ON20,simplified,Ringwood,1,IND,ALP+GRN+LNP+ON+OTH,ideology prior,False,False,1.0054111398261542e-12,0.047378063845849146,True,0.15,0.0
ON20,simplified,Ringwood,2,OTH,ALP+GRN+LNP+ON,federal ON evidence trial,False,False,0.04737806384700537,0.08394874617128685,True,0.41092036879967314,1.0
ON20,simplified,Ringwood,3,ON,ALP+GRN+LNP,federal ON evidence trial,False,False,0.15079542148731812,0.045721351912502234,True,0.0,0.75
ON20,simplified,Ringwood,4,GRN,ALP+LNP,posterior scenario,False,False,0.2249483932315766,0.09255221406999417,False,0.0,0.95
ON20,simplified,Ripon,1,IND,ALP+GRN+LNP+ON+OTH,ideology prior,False,False,0.019224379563347067,0.05771059429421557,True,0.22500000000000003,1.0
ON20,simplified,Ripon,2,GRN,ALP+LNP+ON+OTH,ideology prior,False,False,0.07879733562776188,0.03593911604766262,True,0.09262286404441589,1.0
ON20,simplified,Ripon,3,OTH,ALP+LNP+ON,ideology prior,False,False,0.1262934611018756,0.150278470670671,True,0.517597351548744,1.0
ON20,simplified,Ripon,4,LNP,ALP+ON,ON special prior,True,True,0.313529749108142,0.02841134364865966,True,0.79,0.0
ON20,simplified,Rowville,1,OTH,ALP+GRN+IND+LNP+ON,federal ON evidence trial,False,False,0.011034808670425243,0.09529289269499613,True,0.41897848861530335,1.0
ON20,simplified,Rowville,2,GRN,ALP+IND+LNP+ON,federal ON evidence trial,False,False,0.10765650358234427,0.003259644139593093,True,0.061525992477826634,1.0
ON20,simplified,Rowville,3,IND,ALP+LNP+ON,ideology prior,False,False,0.1337369302751843,0.027640626155817832,True,0.1594043640471784,1.0
ON20,simplified,Rowville,4,ON,ALP+LNP,federal ON evidence trial,False,False,0.18269580675113972,0.1500526212970958,True,0.0,0.7
ON20,simplified,Sandringham,1,OTH,ALP+GRN+IND+LNP+ON,federal ON evidence trial,False,False,0.03331256285868406,0.048464356581062656,True,0.36926060918606657,1.0
ON20,simplified,Sandringham,2,IND,ALP+GRN+LNP+ON,ideology prior,False,False,0.0871708327280593,0.051095758724643434,True,0.17113063123410496,1.0
ON20,simplified,Sandringham,3,ON,ALP+GRN+LNP,federal ON evidence trial,False,False,0.1531841910826581,0.022804943375986847,True,0.0,0.75
ON20,simplified,Sandringham,4,ALP,GRN+LNP,posterior scenario,False,False,0.20773440954270392,0.015254717434533022,False,0.0,0.0
ON20,simplified,Shepparton,1,ALP,GRN+IND+LNP+ON+OTH,ideology prior,False,False,0.005305454673201613,0.01548118164153784,True,0.115,1.0
ON20,simplified,Shepparton,2,OTH,GRN+IND+LNP+ON,ideology prior,False,False,0.021158018141863567,0.025052304829638116,True,0.40951491198037415,0.8951
ON20,simplified,Shepparton,3,GRN,IND+LNP+ON,ideology prior,False,False,0.049778430512974356,0.2224538258383681,True,0.25166958635436854,0.5886411358864113
ON20,simplified,Shepparton,4,ON,IND+LNP,ideology prior,False,False,0.2847599733679124,0.06840657864019117,True,0.0,0.6799999999999999
ON20,simplified,South Barwon,1,IND,ALP+GRN+LNP+ON+OTH,ideology prior,False,False,0.0002709468771820532,0.07206524541196449,True,0.15,0.0
ON20,simplified,South Barwon,2,OTH,ALP+GRN+LNP+ON,federal ON evidence trial,False,False,0.07237683432072385,0.07142453044060847,True,0.4107691014047184,1.0
ON20,simplified,South Barwon,3,GRN,ALP+LNP+ON,federal ON evidence trial,False,False,0.15911755815911116,0.06159951571342678,True,0.13525401434451056,1.0
ON20,simplified,South Barwon,4,ON,ALP+LNP,federal ON evidence trial,False,False,0.24223836236625387,0.10394448801471026,True,0.0,0.72
ON20,simplified,South-West Coast,1,OTH,ALP+GRN+IND+LNP+ON,federal ON evidence trial,False,False,0.01724921906201414,0.06590549043410829,True,0.46869636804454,1.0
ON20,simplified,South-West Coast,2,GRN,ALP+IND+LNP+ON,federal ON evidence trial,False,False,0.08466497566799211,0.011108576253395092,True,0.09700972974580606,1.0
ON20,simplified,South-West Coast,3,ALP,IND+LNP+ON,ideology prior,False,False,0.13443262478362017,0.04579472025597375,True,0.24910876122565578,0.0
ON20,simplified,South-West Coast,4,ON,IND+LNP,ideology prior,False,False,0.21371568966775492,0.14769662205579256,True,0.0,0.68
ON20,simplified,St Albans,1,IND,ALP+GRN+LNP+ON+OTH,ideology prior,False,False,0.03164057182118578,0.07367729054286713,True,0.15001125112511252,1.0
ON20,simplified,St Albans,2,GRN,ALP+LNP+ON+OTH,ideology prior,False,False,0.11263848251404013,0.014763662638595298,True,0.06289860268954853,1.0
ON20,simplified,St Albans,3,OTH,ALP+LNP+ON,ideology prior,False,False,0.13734224610348578,0.07988737899271303,True,0.4478911050501792,0.8298000000000001
ON20,simplified,St Albans,4,LNP,ALP+ON,ON special prior,True,True,0.2722004126604637,0.006543582813099025,True,0.56,0.0
ON20,simplified,Sunbury,1,IND,ALP+GRN+LNP+ON+OTH,ideology prior,False,False,0.03656017945022785,0.020860360842759718,True,0.22499999999999998,1.0
ON20,simplified,Sunbury,2,OTH,ALP+GRN+LNP+ON,federal ON evidence trial,False,False,0.06511463005828802,0.027721631360019386,True,0.409406794959792,1.0
ON20,simplified,Sunbury,3,GRN,ALP+LNP+ON,federal ON evidence trial,False,False,0.10607340680952722,0.17280859611382582,True,0.15644684624359048,1.0
ON20,simplified,Sunbury,4,LNP,ALP+ON,ON special prior,True,True,0.30246708121462074,0.010730789182063105,True,0.7599999999999999,0.0
ON20,simplified,Sydenham,1,IND,ALP+GRN+LNP+ON+OTH,ideology prior,False,False,0.00815455497015882,0.0776192733516614,True,0.15,0.0
ON20,simplified,Sydenham,2,GRN,ALP+LNP+ON+OTH,ideology prior,False,False,0.08740473931585198,0.02568533300625367,True,0.05392862654223066,1.0
ON20,simplified,Sydenham,3,OTH,ALP+LNP+ON,ideology prior,False,False,0.1314429198730318,0.10833039350055973,True,0.43738326928188725,1.0
ON20,simplified,Sydenham,4,LNP,ALP+ON,ON special prior,True,True,0.2866405700765253,0.010623677315090008,True,0.63,0.0
ON20,simplified,Tarneit,1,IND,ALP+GRN+LNP+ON+OTH,ideology prior,False,False,0.03376214755359708,0.04934471314671733,True,0.1499887511248875,1.0
ON20,simplified,Tarneit,2,OTH,ALP+GRN+LNP+ON,federal ON evidence trial,False,False,0.09722996942654245,0.004666861738209863,True,0.37684866337178835,1.0
ON20,simplified,Tarneit,3,GRN,ALP+LNP+ON,federal ON evidence trial,False,False,0.12310252973117329,0.11985615836930692,True,0.13996285612730974,1.0
ON20,simplified,Tarneit,4,ON,ALP+LNP,federal ON evidence trial,False,False,0.27102809717764414,3.788079557504043e-05,True,0.0,0.7
ON20,simplified,Thomastown,1,IND,ALP+GRN+LNP+ON+OTH,ideology prior,False,False,0.028708184137445168,0.05854969141688718,True,0.15,0.0
ON20,simplified,Thomastown,2,GRN,ALP+LNP+ON+OTH,ideology prior,False,False,0.09299951238182137,0.006632567878296983,True,0.059792164864976356,1.0
ON20,simplified,Thomastown,3,OTH,ALP+LNP+ON,ideology prior,False,False,0.1314760064687178,0.056992108651493734,True,0.3878962614754842,1.0
ON20,simplified,Thomastown,4,LNP,ALP+ON,ON special prior,True,True,0.21622188904377912,0.0634769040322675,True,0.63,0.0
ON20,simplified,Warrandyte,1,IND,ALP+GRN+LNP+ON+OTH,ideology prior,False,False,0.010442922435749813,0.0022404325623928308,True,0.15,1.0
ON20,simplified,Warrandyte,2,OTH,ALP+GRN+LNP+ON,federal ON evidence trial,False,False,0.0155193916586314,0.12664601572366754,True,0.3707539569100154,1.0
ON20,simplified,Warrandyte,3,ON,ALP+GRN+LNP,federal ON evidence trial,False,False,0.1479192832485728,0.0015969650922374456,True,0.0,0.75
ON20,simplified,Warrandyte,4,GRN,ALP+LNP,posterior scenario,False,False,0.1745125293419778,0.06770594535352484,False,0.0,0.9500000000000001
ON20,simplified,Wendouree,1,IND,ALP+GRN+LNP+ON+OTH,ideology prior,False,False,0.007719239198758069,0.04180743113707358,True,0.22501875187518752,1.0
ON20,simplified,Wendouree,2,OTH,ALP+GRN+LNP+ON,federal ON evidence trial,False,False,0.052135040169948445,0.07220988770526557,True,0.40143556301461264,1.0
ON20,simplified,Wendouree,3,GRN,ALP+LNP+ON,federal ON evidence trial,False,False,0.1352442725300673,0.12420421780342703,True,0.12727370560609724,1.0
ON20,simplified,Wendouree,4,ON,ALP+LNP,federal ON evidence trial,False,False,0.2766615300603969,0.014981410276411644,True,0.0,0.72
ON20,simplified,Werribee,1,OTH,ALP+GRN+IND+LNP+ON,federal ON evidence trial,False,False,0.07315944018055895,0.015436001036999228,True,0.4438647731636078,1.0
ON20,simplified,Werribee,2,GRN,ALP+IND+LNP+ON,federal ON evidence trial,False,False,0.09797309179322684,0.0332146992975398,True,0.11728616650869841,1.0
ON20,simplified,Werribee,3,IND,ALP+LNP+ON,ideology prior,False,False,0.14510775594068043,0.050779751928413996,True,0.29051441199319616,0.8337833783378338
ON20,simplified,Werribee,4,LNP,ALP+ON,ON special prior,True,True,0.2579273113887894,0.0647176202997447,True,0.7599999999999998,0.0
ON20,simplified,Williamstown,1,IND,ALP+GRN+LNP+ON+OTH,ideology prior,False,False,0.035934355336943884,0.032846808959880174,True,0.15,0.0
ON20,simplified,Williamstown,2,OTH,ALP+GRN+LNP+ON,federal ON evidence trial,False,False,0.07417131759736564,0.10809143694284784,True,0.3210835949814273,1.0
ON20,simplified,Williamstown,3,GRN,ALP+LNP+ON,federal ON evidence trial,False,False,0.20121612479768725,0.031357824789744165,True,0.10022352090554179,1.0
ON20,simplified,Williamstown,4,ON,ALP+LNP,federal ON evidence trial,False,False,0.25274053807762453,0.02471898011639706,True,0.0,0.65
ON20,simplified,Yan Yean,1,IND,ALP+GRN+LNP+ON+OTH,ideology prior,False,False,9.907210378103854e-10,0.08563256296814117,True,0.15,0.0
ON20,simplified,Yan Yean,2,GRN,ALP+LNP+ON+OTH,ideology prior,False,False,0.08563256415700642,0.025342693585366366,True,0.08888888911706402,1.0
ON20,simplified,Yan Yean,3,OTH,ALP+LNP+ON,ideology prior,False,False,0.12825400624055747,0.0966849661529676,True,0.4778821703990957,1.0
ON20,simplified,Yan Yean,4,ON,ALP+LNP,federal ON evidence trial,False,False,0.28622927525814185,0.0248163078329125,True,0.0,0.73
ON24,reference,Albert Park,1,OTH,ALP+GRN+IND+LNP+ON,federal ON evidence trial,False,False,0.03445954350046828,0.014099105038959968,True,0.2382375140659608,1.0
ON24,reference,Albert Park,2,IND,ALP+GRN+LNP+ON,full AEC row,False,False,0.05551164343122226,0.13171405888590204,True,0.10127345823013889,1.0
ON24,reference,Albert Park,3,ON,ALP+GRN+LNP,federal ON evidence trial,False,False,0.19284755841944254,0.04712426371112527,True,0.0,0.7000000000000001
ON24,reference,Albert Park,4,GRN,ALP+LNP,posterior scenario,False,False,0.282318736404342,0.05346571581683718,False,0.0,0.9500000000000001
ON24,reference,Ashwood,1,OTH,ALP+GRN+IND+LNP+ON,federal ON evidence trial,False,False,1.0038411722451442e-12,0.021560742241331775,True,0.3499180153342636,1.0
ON24,reference,Ashwood,2,IND,ALP+GRN+LNP+ON,ideology prior,False,False,0.021560742242502845,0.12739764333366335,True,0.27158187448324556,0.7386
ON24,reference,Ashwood,3,ON,ALP+GRN+LNP,federal ON evidence trial,False,False,0.1548138923696352,0.008532972370968533,True,0.0,0.75
ON24,reference,Ashwood,4,GRN,ALP+LNP,posterior scenario,False,False,0.18976179529180762,0.14122975330252355,False,0.0,0.95
ON24,reference,Bass,1,OTH,ALP+GRN+IND+LNP+ON,federal ON evidence trial,False,False,0.048646249158331545,0.002222735876709181,True,0.4330392171397608,1.0
ON24,reference,Bass,2,IND,ALP+GRN+LNP+ON,ideology prior,False,False,0.059107631966391655,0.024813287628146788,True,0.4102239634752416,0.8191
ON24,reference,Bass,3,GRN,ALP+LNP+ON,federal ON evidence trial,False,False,0.09598692696657826,0.1318018607498492,True,0.16327556649102978,1.0
ON24,reference,Bass,4,ALP,LNP+ON,ON special prior,True,True,0.27876724992776475,0.08065142610822834,True,0.36000000000000004,0.0
ON24,reference,Bayswater,1,IND,ALP+GRN+LNP+ON+OTH,full AEC row,False,False,0.015447171396489507,0.04928093007760903,True,0.2378512367957517,1.0
ON24,reference,Bayswater,2,OTH,ALP+GRN+LNP+ON,federal ON evidence trial,False,False,0.06780185441604886,0.025072792322406848,True,0.4253494211902079,1.0
ON24,reference,Bayswater,3,GRN,ALP+LNP+ON,federal ON evidence trial,False,False,0.10640032027879709,0.13518093189051694,True,0.1593905809014515,1.0
ON24,reference,Bayswater,4,ON,ALP+LNP,federal ON evidence trial,False,False,0.25854046102665196,0.09484180393172514,True,0.0,0.7
ON24,reference,Bellarine,1,OTH,ALP+GRN+IND+LNP+ON,federal ON evidence trial,False,False,0.02863620774606746,0.008602021405249793,True,0.5104614433681437,1.0
ON24,reference,Bellarine,2,IND,ALP+GRN+LNP+ON,full AEC row,False,False,0.04195575644702043,0.08035549473873796,True,0.36275020626101173,1.0
ON24,reference,Bellarine,3,GRN,ALP+LNP+ON,federal ON evidence trial,False,False,0.13191345313114478,0.08590883598248567,True,0.16942136893752513,1.0
ON24,reference,Bellarine,4,ON,ALP+LNP,federal ON evidence trial,False,False,0.24017124692438507,0.10020015252599601,True,0.0,0.73
ON24,reference,Benambra,1,ALP,GRN+IND+LNP+ON+OTH,ideology prior,False,False,0.014412458175345567,0.021690644673712525,True,0.26626468894009214,1.0
ON24,reference,Benambra,2,OTH,GRN+IND+LNP+ON,ideology prior,False,False,0.03691438476892835,0.008228887580744512,True,0.61774745682111,0.9582999999999999
ON24,reference,Benambra,3,GRN,IND+LNP+ON,ideology prior,False,False,0.046916053728840154,0.2669873187709043,True,0.1799677246821376,0.8942
ON24,reference,Benambra,4,ON,IND+LNP,ideology prior,False,False,0.3223467479403888,0.0066095547044038305,True,0.0,0.68
ON24,reference,Bendigo East,1,OTH,ALP+GRN+IND+LNP+ON,federal ON evidence trial,False,False,0.015922372346413926,0.013694876975749712,True,0.3890498227253916,1.0
ON24,reference,Bendigo East,2,IND,ALP+GRN+LNP+ON,ideology prior,False,False,0.0323176265116975,0.06801302466776679,True,0.3339685096009881,0.5729427057294271
ON24,reference,Bendigo East,3,GRN,ALP+LNP+ON,federal ON evidence trial,False,False,0.1061087613946809,0.15073081580536002,True,0.16292143776157336,1.0
ON24,reference,Bendigo East,4,ON,ALP+LNP,federal ON evidence trial,False,False,0.274126969165562,0.02068011642987977,True,0.0,0.72
ON24,reference,Bendigo West,1,IND,ALP+GRN+LNP+ON+OTH,full AEC row,False,False,0.0260876470980018,0.0473700227781362,True,0.38121670561004756,1.0
ON24,reference,Bendigo West,2,OTH,ALP+GRN+LNP+ON,federal ON evidence trial,False,False,0.08217436703571594,0.04789695077099436,True,0.43917500252682096,1.0
ON24,reference,Bendigo West,3,GRN,ALP+LNP+ON,federal ON evidence trial,False,False,0.14383429707777654,0.07934046162012642,True,0.18849979384541943,1.0
ON24,reference,Bendigo West,4,LNP,ALP+ON,ON special prior,True,True,0.24860634350020022,0.05226075812693065,True,0.69,0.0
ON24,reference,Bentleigh,1,OTH,ALP+GRN+IND+LNP+ON,federal ON evidence trial,False,False,0.016901598731815817,0.0032547806797999373,True,0.34992545127056257,1.0
ON24,reference,Bentleigh,2,IND,ALP+GRN+LNP+ON,ideology prior,False,False,0.02297198283519334,0.0905820672146404,True,0.27623483393614184,0.7199
ON24,reference,Bentleigh,3,GRN,ALP+LNP+ON,federal ON evidence trial,False,False,0.11918783163699923,0.08914164299145072,True,0.10999003682945303,1.0
ON24,reference,Bentleigh,4,ON,ALP+LNP,federal ON evidence trial,False,False,0.22143894861982613,0.12102480146914815,True,0.0,0.7
ON24,reference,Berwick,1,IND,ALP+GRN+LNP+ON+OTH,ideology prior,False,False,0.0003172641087860373,0.025012880118367622,True,0.2717267726161369,0.0
ON24,reference,Berwick,2,OTH,ALP+GRN+LNP+ON,federal ON evidence trial,False,False,0.025369705277393483,0.06855494375703602,True,0.477526396942853,1.0
ON24,reference,Berwick,3,GRN,ALP+LNP+ON,federal ON evidence trial,False,False,0.09820719453936236,0.12971220021248575,True,0.1643101057495502,1.0
ON24,reference,Berwick,4,ALP,LNP+ON,ON special prior,True,True,0.2788869233137813,0.02045173089652602,True,0.36,0.0
ON24,reference,Box Hill,1,IND,ALP+GRN+LNP+ON+OTH,full AEC row,False,False,0.01678540012846529,0.0004104881504551662,True,0.2722222748815166,1.0
ON24,reference,Box Hill,2,OTH,ALP+GRN+LNP+ON,federal ON evidence trial,False,False,0.023400599503658744,0.1179622924857274,True,0.3509911190950701,1.0
ON24,reference,Box Hill,3,ON,ALP+GRN+LNP,federal ON evidence trial,False,False,0.14957629459667088,0.015987044478858292,True,0.0,0.75
ON24,reference,Box Hill,4,GRN,ALP+LNP,posterior scenario,False,False,0.19274868629318226,0.15166790536925928,False,0.0,0.9500000000000001
ON24,reference,Brighton,1,OTH,ALP+GRN+IND+LNP+ON,federal ON evidence trial,False,False,0.028003094240317772,0.07786720786680228,True,0.2382375140659608,1.0
ON24,reference,Brighton,2,IND,ALP+GRN+LNP+ON,full AEC row,False,False,0.1117565142724542,0.03047061456520367,True,0.08484741005907631,1.0
ON24,reference,Brighton,3,ON,ALP+GRN+LNP,federal ON evidence trial,False,False,0.15170937963090578,0.03231375079242871,True,0.0,0.7000000000000001
ON24,reference,Brighton,4,ALP,GRN+LNP,posterior scenario,False,False,0.21977424894096062,0.024613804998282557,False,0.0,0.0
ON24,reference,Broadmeadows,1,IND,ALP+GRN+LNP+ON+OTH,full AEC row,False,False,0.07540514145456384,0.012071352462798945,True,0.2794791469194313,1.0
ON24,reference,Broadmeadows,2,GRN,ALP+LNP+ON+OTH,ideology prior,False,False,0.09197383881258568,0.04409728928803562,True,0.10027540172417217,1.0
ON24,reference,Broadmeadows,3,OTH,ALP+LNP+ON,ideology prior,False,False,0.14455512524133407,0.015604392663276068,True,0.5070607023762828,0.7785
ON24,reference,Broadmeadows,4,LNP,ALP+ON,ON special prior,True,True,0.18982994497712943,0.14758311782051495,True,0.63,0.0
ON24,reference,Brunswick,1,IND,ALP+GRN+LNP+ON+OTH,full AEC row,False,False,0.02164980847614925,0.03619285193804987,True,0.10649742268041236,1.0
ON24,reference,Brunswick,2,LNP,ALP+GRN+ON+OTH,ideology prior,False,False,0.06126324366579375,0.039805510427854005,True,0.22886350107933742,1.0
ON24,reference,Brunswick,3,OTH,ALP+GRN+ON,ideology prior,False,False,0.11000174065656212,0.06761324016164466,True,0.22166115583419999,0.9330066993300671
ON24,reference,Brunswick,4,ON,ALP+GRN,ideology prior,False,False,0.20199809379591424,0.04056698740848555,True,0.0,0.16999999999999998
ON24,reference,Bulleen,1,OTH,ALP+GRN+IND+LNP+ON,federal ON evidence trial,False,False,0.010019024173513736,0.0013785287310058222,True,0.3499180153342636,1.0
ON24,reference,Bulleen,2,IND,ALP+GRN+LNP+ON,ideology prior,False,False,0.013066602040726401,0.11043518164552944,True,0.27815626832396334,0.5743425657434257
ON24,reference,Bulleen,3,GRN,ALP+LNP+ON,federal ON evidence trial,False,False,0.126632807900032,0.035405454835903516,True,0.09861308839411424,1.0
ON24,reference,Bulleen,4,ON,ALP+LNP,federal ON evidence trial,False,False,0.17452591501497625,0.13500278188944312,True,0.0,0.7
ON24,reference,Bundoora,1,IND,ALP+GRN+LNP+ON+OTH,full AEC row,False,False,0.0067795784702205765,0.044827423532758155,True,0.2663020142180095,1.0
ON24,reference,Bundoora,2,OTH,ALP+GRN+LNP+ON,federal ON evidence trial,False,False,0.053587056615430596,0.07876227902961377,True,0.3796099039573448,1.0
ON24,reference,Bundoora,3,GRN,ALP+LNP+ON,federal ON evidence trial,False,False,0.14392391670447902,0.06537239956984175,True,0.12325548166802712,1.0
ON24,reference,Bundoora,4,ON,ALP+LNP,federal ON evidence trial,False,False,0.22703572795128035,0.061702308652703264,True,0.0,0.7
ON24,reference,Carrum,1,IND,ALP+GRN+LNP+ON+OTH,full AEC row,False,False,0.01973838803322321,0.02298499513109254,True,0.39996737173717367,1.0
ON24,reference,Carrum,2,OTH,ALP+GRN+LNP+ON,federal ON evidence trial,False,False,0.05195733570807917,0.022216064705071967,True,0.443240594518098,1.0
ON24,reference,Carrum,3,GRN,ALP+LNP+ON,federal ON evidence trial,False,False,0.08424784199249832,0.16316121390516614,True,0.19671044543793717,1.0
ON24,reference,Carrum,4,LNP,ALP+ON,ON special prior,True,True,0.2746198040663008,0.054456693661256494,True,0.76,0.0
ON24,reference,Caulfield,1,OTH,ALP+GRN+IND+LNP+ON,federal ON evidence trial,False,False,0.00702662245822403,0.04752801178573943,True,0.2382375140659608,1.0
ON24,reference,Caulfield,2,IND,ALP+GRN+LNP+ON,full AEC row,False,False,0.05587511514783998,0.10059034292443038,True,0.07110598757097154,1.0
ON24,reference,Caulfield,3,ON,ALP+GRN+LNP,federal ON evidence trial,False,False,0.16043851331549927,0.034457075348745064,True,0.0,0.7000000000000001
ON24,reference,Caulfield,4,ALP,GRN+LNP,posterior scenario,False,False,0.2314858677518828,0.004788634024701505,False,0.0,0.0
ON24,reference,Clarinda,1,OTH,ALP+GRN+IND+LNP+ON,federal ON evidence trial,False,False,0.021900154257623563,0.06198230376583161,True,0.39326519128473597,1.0
ON24,reference,Clarinda,2,GRN,ALP+IND+LNP+ON,federal ON evidence trial,False,False,0.08664230890887925,0.016774643042468687,True,0.09769415831948801,1.0
ON24,reference,Clarinda,3,IND,ALP+LNP+ON,full AEC row,False,False,0.12324210685104287,0.11495414921506539,True,0.24453400333925696,1.0
ON24,reference,Clarinda,4,ON,ALP+LNP,federal ON evidence trial,False,False,0.2782248834293782,0.000656219812180614,True,0.0,0.7
ON24,reference,Cranbourne,1,IND,ALP+GRN+LNP+ON+OTH,full AEC row,False,False,0.009687049302045775,0.0450594464339109,True,0.26869111374407584,1.0
ON24,reference,Cranbourne,2,GRN,ALP+LNP+ON+OTH,full AEC row,False,False,0.055868507403403385,0.0640266001152269,True,0.09078242723528462,1.0
ON24,reference,Cranbourne,3,OTH,ALP+LNP+ON,full AEC row,False,False,0.1359352158452894,0.07831182956026464,True,0.4862228864660282,1.0
ON24,reference,Cranbourne,4,LNP,ALP+ON,ON special prior,True,True,0.24328832785276647,0.1325636119589532,True,0.63,0.0
ON24,reference,Croydon,1,IND,ALP+GRN+LNP+ON+OTH,ideology prior,False,False,1.0053335984804407e-12,0.05849243162684167,True,0.24097748815165876,0.0
ON24,reference,Croydon,2,OTH,ALP+GRN+LNP+ON,federal ON evidence trial,False,False,0.05849243162796851,0.0543316547435405,True,0.4334796804434435,1.0
ON24,reference,Croydon,3,GRN,ALP+LNP+ON,federal ON evidence trial,False,False,0.12428200908120024,0.10671117740099598,True,0.13309949960444525,1.0
ON24,reference,Croydon,4,ON,ALP+LNP,federal ON evidence trial,False,False,0.24753505970073908,0.07139320573065838,True,0.0,0.7
ON24,reference,Dandenong,1,IND,ALP+GRN+LNP+ON+OTH,full AEC row,False,False,0.0016924068011462277,0.07594061077764305,True,0.2782042654028436,1.0
ON24,reference,Dandenong,2,OTH,ALP+GRN+LNP+ON,federal ON evidence trial,False,False,0.07822588933762115,0.005727628301929688,True,0.38911658221266093,1.0
ON24,reference,Dandenong,3,GRN,ALP+LNP+ON,federal ON evidence trial,False,False,0.10031841485686112,0.06661002244778096,True,0.17142704351936916,0.7686
ON24,reference,Dandenong,4,LNP,ALP+ON,ON special prior,True,True,0.17894287179871207,0.1301215095984449,True,0.6300000000000001,0.0
ON24,reference,Eildon,1,IND,ALP+GRN+LNP+ON+OTH,full AEC row,False,False,0.01758513994110144,0.021064023834006726,True,0.4150872894417875,1.0
ON24,reference,Eildon,2,OTH,ALP+GRN+LNP+ON,federal ON evidence trial,False,False,0.04349745960489474,0.07062324104568085,True,0.5068851257327271,1.0
ON24,reference,Eildon,3,GRN,ALP+LNP+ON,federal ON evidence trial,False,False,0.1205953817432491,0.05688985035499622,True,0.13218787736159887,1.0
ON24,reference,Eildon,4,ALP,LNP+ON,ON special prior,True,True,0.255666380261469,0.07276839780467809,True,0.35999999999999993,0.0
ON24,reference,Eltham,1,IND,ALP+GRN+LNP+ON+OTH,ideology prior,False,False,1.0055202341649137e-12,0.010320513726073158,True,0.24097748815165881,0.0
ON24,reference,Eltham,2,OTH,ALP+GRN+LNP+ON,federal ON evidence trial,False,False,0.0103205137272002,0.12525503311125943,True,0.43347968044168456,1.0
ON24,reference,Eltham,3,GRN,ALP+LNP+ON,federal ON evidence trial,False,False,0.13769398193620247,0.08173571252013909,True,0.09457324074053076,1.0
ON24,reference,Eltham,4,ON,ALP+LNP,federal ON evidence trial,False,False,0.23245186055851633,0.09947526217436706,True,0.0,0.7
ON24,reference,Essendon,1,IND,ALP+GRN+LNP+ON+OTH,ideology prior,False,False,0.017475940020560427,0.04849572020357208,True,0.24097748815165881,0.0
ON24,reference,Essendon,2,OTH,ALP+GRN+LNP+ON,federal ON evidence trial,False,False,0.06808368141145142,0.09921384814760757,True,0.3797772626806617,1.0
ON24,reference,Essendon,3,GRN,ALP+LNP+ON,federal ON evidence trial,False,False,0.18660317161975173,0.06209998599840222,True,0.13995442376447106,1.0
ON24,reference,Essendon,4,LNP,ALP+ON,ON special prior,True,True,0.27898052066021634,0.021555726217374283,True,0.5599999999999999,0.0
ON24,reference,Eureka,1,IND,ALP+GRN+LNP+ON+OTH,full AEC row,False,False,0.03103638116667055,0.04415340632881026,True,0.4171183058523416,1.0
ON24,reference,Eureka,2,OTH,ALP+GRN+LNP+ON,federal ON evidence trial,False,False,0.08306209748306922,0.020138518384099177,True,0.5099016862942644,1.0
ON24,reference,Eureka,3,GRN,ALP+LNP+ON,federal ON evidence trial,False,False,0.11495987988666828,0.11692834069991853,True,0.15834502098224307,1.0
ON24,reference,Eureka,4,LNP,ALP+ON,ON special prior,True,True,0.25827634086052637,0.0924023663239848,True,0.79,0.0
ON24,reference,Euroa,1,IND,ALP+GRN+LNP+ON+OTH,ideology prior,False,False,9.875718374479988e-10,0.042619211421261384,True,0.31139634146341466,0.0
ON24,reference,Euroa,2,OTH,ALP+GRN+LNP+ON,federal ON evidence trial,False,False,0.042619212531677525,0.01045313006115478,True,0.4425979454971184,1.0
ON24,reference,Euroa,3,GRN,ALP+LNP+ON,federal ON evidence trial,False,False,0.060144282019091985,0.11989159382885546,True,0.16319375991960391,0.87
ON24,reference,Euroa,4,ALP,LNP+ON,ON special prior,True,True,0.21939806511876078,0.12942079556731365,True,0.36,0.0
ON24,reference,Evelyn,1,IND,ALP+GRN+LNP+ON+OTH,full AEC row,False,False,0.015313635540384075,0.009519114123729902,True,0.3897209389696727,1.0
ON24,reference,Evelyn,2,OTH,ALP+GRN+LNP+ON,federal ON evidence trial,False,False,0.02986447936131223,0.07018198764605428,True,0.4525210496296326,1.0
ON24,reference,Evelyn,3,GRN,ALP+LNP+ON,federal ON evidence trial,False,False,0.10512100669117505,0.10766132231123057,True,0.16494660639794348,1.0
ON24,reference,Evelyn,4,ALP,LNP+ON,ON special prior,True,True,0.2744326961008496,0.0003893005587043974,True,0.36000000000000004,0.0
ON24,reference,Footscray,1,IND,ALP+GRN+LNP+ON+OTH,ideology prior,False,False,0.002938006294140485,0.09633367339209352,True,0.09438144329896908,0.0
ON24,reference,Footscray,2,OTH,ALP+GRN+LNP+ON,federal ON evidence trial,False,False,0.09965786092592772,0.026754413522848755,True,0.2620701604920548,1.0
ON24,reference,Footscray,3,LNP,ALP+GRN+ON,full AEC row,False,False,0.1398915421110388,0.09088165800318748,True,0.11383304488252875,1.0
ON24,reference,Footscray,4,ON,ALP+GRN,ideology prior,False,False,0.24669748030603833,0.10221155956028805,True,0.0,0.16999999999999998
ON24,reference,Frankston,1,IND,ALP+GRN+LNP+ON+OTH,full AEC row,False,False,0.025882220488543727,0.05203590807296153,True,0.2737018957345972,1.0
ON24,reference,Frankston,2,OTH,ALP+GRN+LNP+ON,federal ON evidence trial,False,False,0.09016299480818009,0.030095383155302316,True,0.3713297266254647,1.0
ON24,reference,Frankston,3,GRN,ALP+LNP+ON,federal ON evidence trial,False,False,0.13941884086771125,0.11127540067895356,True,0.14953270261238868,1.0
ON24,reference,Frankston,4,LNP,ALP+ON,ON special prior,True,True,0.2772144077585519,0.052346193617393344,True,0.63,0.0
ON24,reference,Geelong,1,OTH,ALP+GRN+IND+LNP+ON,federal ON evidence trial,False,False,0.022043741002668753,0.05520081546516361,True,0.38904023855586306,1.0
ON24,reference,Geelong,2,IND,ALP+GRN+LNP+ON,ideology prior,False,False,0.0809830958060991,0.05563176726897377,True,0.3490014346284553,0.6687
ON24,reference,Geelong,3,GRN,ALP+LNP+ON,federal ON evidence trial,False,False,0.15381256016443998,0.042285372476807,True,0.17617672157399725,1.0
ON24,reference,Geelong,4,LNP,ALP+ON,ON special prior,True,True,0.22645488161060778,0.14855008571104672,True,0.6899999999999998,0.0
ON24,reference,Gippsland East,1,IND,ALP+GRN+LNP+ON+OTH,ideology prior,False,False,0.019717685484492417,0.026490030202254225,True,0.31139634146341466,0.0
ON24,reference,Gippsland East,2,ALP,GRN+LNP+ON+OTH,ideology prior,False,False,0.04998858187839807,0.009877124307670751,True,0.25081099184339534,0.0
ON24,reference,Gippsland East,3,OTH,GRN+LNP+ON,ideology prior,False,False,0.06489919531016147,0.021789728857681434,True,0.5707036976694493,0.8903
ON24,reference,Gippsland East,4,GRN,LNP+ON,ON special prior,True,True,0.0973138828269514,0.3073607506632284,True,0.23,0.2589
ON24,reference,Gippsland South,1,OTH,ALP+GRN+IND+LNP+ON,federal ON evidence trial,False,False,0.022086343355020088,0.023266763666433297,True,0.566725395090153,1.0
ON24,reference,Gippsland South,2,IND,ALP+GRN+LNP+ON,full AEC row,False,False,0.04871136794726643,0.03537639448506195,True,0.4207575644712894,1.0
ON24,reference,Gippsland South,3,GRN,ALP+LNP+ON,federal ON evidence trial,False,False,0.0871572337547827,0.021062960811615752,True,0.11648387338383144,1.0
ON24,reference,Gippsland South,4,ALP,LNP+ON,ON special prior,True,True,0.16405268849325316,0.21056435220831232,True,0.36,0.0
ON24,reference,Glen Waverley,1,IND,ALP+GRN+LNP+ON+OTH,ideology prior,False,False,0.00026750718991362026,0.03328561860189309,True,0.2409774881516588,0.0
ON24,reference,Glen Waverley,2,OTH,ALP+GRN+LNP+ON,federal ON evidence trial,False,False,0.03358545485978205,0.07197811809933642,True,0.38371803999766274,1.0
ON24,reference,Glen Waverley,3,GRN,ALP+LNP+ON,federal ON evidence trial,False,False,0.11338029719167454,0.04553122838970712,True,0.11828186371313688,1.0
ON24,reference,Glen Waverley,4,ON,ALP+LNP,federal ON evidence trial,False,False,0.17232235844156227,0.2239686837767276,True,0.0,0.7
ON24,reference,Greenvale,1,IND,ALP+GRN+LNP+ON+OTH,full AEC row,False,False,0.061321121137732866,0.007862983016460413,True,0.26988862559241705,1.0
ON24,reference,Greenvale,2,GRN,ALP+LNP+ON+OTH,full AEC row,False,False,0.07358667003045531,0.068488545956338,True,0.09867771621700107,1.0
ON24,reference,Greenvale,3,OTH,ALP+LNP+ON,full AEC row,False,False,0.17123939403549848,0.04522861170150533,True,0.44575238794442673,1.0
ON24,reference,Greenvale,4,LNP,ALP+ON,ON special prior,True,True,0.2552198871850282,0.0375784873534557,True,0.63,0.0
ON24,reference,Hastings,1,IND,ALP+GRN+LNP+ON+OTH,full AEC row,False,False,0.008809654192959518,0.04208609330444064,True,0.4210069512195122,1.0
ON24,reference,Hastings,2,OTH,ALP+GRN+LNP+ON,federal ON evidence trial,False,False,0.0533219262621412,0.04655673496461023,True,0.5165690741337164,1.0
ON24,reference,Hastings,3,GRN,ALP+LNP+ON,federal ON evidence trial,False,False,0.10781310228786127,0.1410395775883031,True,0.14156545461148617,1.0
ON24,reference,Hastings,4,ALP,LNP+ON,ON special prior,True,True,0.3190758333377941,0.020546090100276082,True,0.36,0.0
ON24,reference,Hawthorn,1,OTH,ALP+GRN+IND+LNP+ON,federal ON evidence trial,False,False,0.010301418101993028,0.09317586631658993,True,0.2382375140659608,1.0
ON24,reference,Hawthorn,2,ON,ALP+GRN+IND+LNP,federal ON evidence trial,False,False,0.10593146865855586,0.03082749613839371,True,0.0,0.8
ON24,reference,Hawthorn,3,ALP,GRN+IND+LNP,posterior scenario,False,False,0.1562529670908993,0.006309637630865811,False,0.0,0.0
ON24,reference,Hawthorn,4,GRN,IND+LNP,ideology prior,False,False,0.23966086348502882,0.007490010224005833,False,0.0,0.5983401659834017
ON24,reference,Ivanhoe,1,OTH,ALP+GRN+IND+LNP+ON,federal ON evidence trial,False,False,0.01162509618197567,0.001947800339884084,True,0.3499180153342636,1.0
ON24,reference,Ivanhoe,2,IND,ALP+GRN+LNP+ON,ideology prior,False,False,0.015509497971743598,0.17535374091966066,True,0.27738211690763537,0.7434743474347435
ON24,reference,Ivanhoe,3,ON,ALP+GRN+LNP,federal ON evidence trial,False,False,0.19516529627098117,0.006157764001154448,True,0.0,0.75
ON24,reference,Ivanhoe,4,GRN,ALP+LNP,posterior scenario,False,False,0.2353131069482416,0.12660646471954606,False,0.0,0.95
ON24,reference,Kalkallo,1,IND,ALP+GRN+LNP+ON+OTH,full AEC row,False,False,0.017888503666781467,0.044288238055773435,True,0.3842006361394086,1.0
ON24,reference,Kalkallo,2,GRN,ALP+LNP+ON+OTH,full AEC row,False,False,0.06302580361376882,0.03753694837407755,True,0.15399240589961632,1.0
ON24,reference,Kalkallo,3,OTH,ALP+LNP+ON,full AEC row,False,False,0.11564193219217897,0.07694196143893917,True,0.5245843961123261,1.0
ON24,reference,Kalkallo,4,LNP,ALP+ON,ON special prior,True,True,0.21801102855776158,0.08371897507584511,True,0.76,0.0
ON24,reference,Kew,1,OTH,ALP+GRN+IND+LNP+ON,federal ON evidence trial,False,False,0.0012554827531165002,0.1040053121903346,True,0.2382375140659608,1.0
ON24,reference,Kew,2,ON,ALP+GRN+IND+LNP,federal ON evidence trial,False,False,0.10555989803350627,0.007505488051371023,True,0.0,0.8
ON24,reference,Kew,3,GRN,ALP+IND+LNP,posterior scenario,False,False,0.1275180969846032,0.02307586928751379,False,0.0,0.9500000000000001
ON24,reference,Kew,4,ALP,IND+LNP,posterior scenario,False,False,0.21598662413305025,0.03893475203756308,False,0.0,0.0
ON24,reference,Kororoit,1,IND,ALP+GRN+LNP+ON+OTH,full AEC row,False,False,0.01665668378471287,0.05863547878485201,True,0.26919964686042064,1.0
ON24,reference,Kororoit,2,GRN,ALP+LNP+ON+OTH,full AEC row,False,False,0.07636666197298661,0.07453731008979042,True,0.08936582111222231,1.0
ON24,reference,Kororoit,3,OTH,ALP+LNP+ON,full AEC row,False,False,0.1793949679025019,0.002540385148775609,True,0.46075275760038353,1.0
ON24,reference,Kororoit,4,LNP,ALP+ON,ON special prior,True,True,0.20566214545704686,0.12695906069017127,True,0.63,0.0
ON24,reference,Lara,1,IND,ALP+GRN+LNP+ON+OTH,full AEC row,False,False,0.01703882007964107,0.057997016126456954,True,0.35818862173503413,1.0
ON24,reference,Lara,2,OTH,ALP+GRN+LNP+ON,federal ON evidence trial,False,False,0.07859851400201968,0.023022886795161984,True,0.4716665990908962,1.0
ON24,reference,Lara,3,GRN,ALP+LNP+ON,federal ON evidence trial,False,False,0.11532367085228937,0.022408377942435748,True,0.2069321700342852,1.0
ON24,reference,Lara,4,LNP,ALP+ON,ON special prior,True,True,0.16990896756844978,0.23807996791908678,True,0.76,0.0
ON24,reference,Laverton,1,IND,ALP+GRN+LNP+ON+OTH,full AEC row,False,False,0.022455945301307678,0.08511433860257837,True,0.2748545962416147,1.0
ON24,reference,Laverton,2,GRN,ALP+LNP+ON+OTH,ideology prior,False,False,0.10924142921091698,0.025922655137626316,True,0.0933956808881421,1.0
ON24,reference,Laverton,3,OTH,ALP+LNP+ON,ideology prior,False,False,0.1439074775564597,0.023023292715201066,True,0.5169692013662565,0.7149
ON24,reference,Laverton,4,LNP,ALP+ON,ON special prior,True,True,0.1941814511533565,0.131380189206994,True,0.56,0.0
ON24,reference,Lowan,1,IND,ALP+GRN+LNP+ON+OTH,ideology prior,False,False,0.03936431074870544,0.002776157260794457,True,0.34287014634146346,1.0
ON24,reference,Lowan,2,OTH,ALP+GRN+LNP+ON,federal ON evidence trial,False,False,0.0455680433600579,0.016378351612778237,True,0.5069956186544665,0.8765123487651234
ON24,reference,Lowan,3,GRN,ALP+LNP+ON,federal ON evidence trial,False,False,0.06791722605040153,0.012825831030443907,True,0.15836606150819454,0.8507
ON24,reference,Lowan,4,ALP,LNP+ON,ON special prior,True,True,0.12492450041552607,0.23100914285203822,True,0.36000000000000004,0.0
ON24,reference,Macedon,1,OTH,ALP+GRN+IND+LNP+ON,federal ON evidence trial,False,False,0.03100963288814458,0.018065872818138713,True,0.43302774148806866,1.0
ON24,reference,Macedon,2,IND,ALP+GRN+LNP+ON,ideology prior,False,False,0.05432724497203254,0.07483006190190136,True,0.4091988095276517,0.8798
ON24,reference,Macedon,3,GRN,ALP+LNP+ON,federal ON evidence trial,False,False,0.13570194740443395,0.1164084764287783,True,0.12744174662100227,1.0
ON24,reference,Macedon,4,LNP,ALP+ON,ON special prior,True,True,0.27519831008733575,0.0530334310800904,True,0.79,0.0
ON24,reference,Malvern,1,IND,ALP+GRN+LNP+ON+OTH,full AEC row,False,False,0.012852293361046967,0.005866125267510451,True,0.10661713917525774,1.0
ON24,reference,Malvern,2,OTH,ALP+GRN+LNP+ON,federal ON evidence trial,False,False,0.020931464297246974,0.10242004959328763,True,0.24737265380940088,1.0
ON24,reference,Malvern,3,ON,ALP+GRN+LNP,federal ON evidence trial,False,False,0.12852938576186132,0.03352167779041454,True,0.0,0.7000000000000001
ON24,reference,Malvern,4,ALP,GRN+LNP,posterior scenario,False,False,0.19144160335337201,0.0142184114221455,False,0.0,0.0
ON24,reference,Melbourne,1,IND,ALP+GRN+LNP+ON+OTH,full AEC row,False,False,0.009616653133170635,0.06749093924509743,True,0.11063385057212329,1.0
ON24,reference,Melbourne,2,OTH,ALP+GRN+LNP+ON,federal ON evidence trial,False,False,0.08088452439106109,0.053930334461906065,True,0.2556965333242907,1.0
ON24,reference,Melbourne,3,LNP,ALP+GRN+ON,full AEC row,False,False,0.1453573053861461,0.0504311836486149,True,0.1079008506311222,1.0
ON24,reference,Melbourne,4,ON,ALP+GRN,ideology prior,False,False,0.21147266593137398,0.05097799937028924,True,0.0,0.16999999999999998
ON24,reference,Melton,1,GRN,ALP+IND+LNP+ON+OTH,full AEC row,False,False,0.04876836544566603,0.04784855809349508,True,0.14883720930232558,1.0
ON24,reference,Melton,2,OTH,ALP+IND+LNP+ON,ideology prior,False,False,0.10117619863431408,0.046439029083102254,True,0.5475717560765558,0.9478
ON24,reference,Melton,3,LNP,ALP+IND+ON,ideology prior,False,False,0.16034536807875327,0.07018506459848209,True,0.5144482514556113,0.0
ON24,reference,Melton,4,ALP,IND+ON,ideology prior,False,False,0.2627329002541507,0.02795355852880982,True,0.47207846486043625,0.0
ON24,reference,Mildura,1,OTH,ALP+GRN+IND+LNP+ON,federal ON evidence trial,False,False,0.004858411349698637,0.006026764341242867,True,0.4330277414880686,1.0
ON24,reference,Mildura,2,ALP,GRN+IND+LNP+ON,ideology prior,False,False,0.011278763623443822,0.01675411946248439,True,0.2772637024015844,1.0
ON24,reference,Mildura,3,GRN,IND+LNP+ON,ideology prior,False,False,0.031180772143411934,0.24454236388020015,True,0.254544077088526,0.5776422357764224
ON24,reference,Mildura,4,LNP,IND+ON,ideology prior,False,False,0.2837038174294326,0.03832960081672976,True,0.6377891607755943,0.0
ON24,reference,Mill Park,1,IND,ALP+GRN+LNP+ON+OTH,ideology prior,False,False,1.021038641487028e-09,0.07282182575617444,True,0.2409774881516588,0.0
ON24,reference,Mill Park,2,GRN,ALP+LNP+ON+OTH,full AEC row,False,False,0.07282182698243096,0.028557126451759965,True,0.08653846212026675,1.0
ON24,reference,Mill Park,3,OTH,ALP+LNP+ON,full AEC row,False,False,0.115880299932525,0.06592961339172848,True,0.488745191125823,1.0
ON24,reference,Mill Park,4,LNP,ALP+ON,ON special prior,True,True,0.21071412478267287,0.14019328897758693,True,0.63,0.0
ON24,reference,Monbulk,1,OTH,ALP+GRN+IND+LNP+ON,federal ON evidence trial,False,False,0.031315834071139845,0.054776621767774064,True,0.5104614433681437,1.0
ON24,reference,Monbulk,2,IND,ALP+GRN+LNP+ON,full AEC row,False,False,0.09255814848476986,0.06412191216983006,True,0.36135430586772344,1.0
ON24,reference,Monbulk,3,GRN,ALP+LNP+ON,federal ON evidence trial,False,False,0.1795718163843949,0.07388667778038999,True,0.18200517840431452,1.0
ON24,reference,Monbulk,4,ON,ALP+LNP,federal ON evidence trial,False,False,0.3190437893792649,0.0026565070668305157,True,0.0,0.73
ON24,reference,Mordialloc,1,OTH,ALP+GRN+IND+LNP+ON,federal ON evidence trial,False,False,0.02231849780626818,0.04513839193027015,True,0.39328997278227085,1.0
ON24,reference,Mordialloc,2,IND,ALP+GRN+LNP+ON,full AEC row,False,False,0.07247891366879869,0.033434349662276,True,0.25387052364463786,1.0
ON24,reference,Mordialloc,3,GRN,ALP+LNP+ON,federal ON evidence trial,False,False,0.11809954800739941,0.13850987199951342,True,0.12351218742821014,1.0
ON24,reference,Mordialloc,4,ON,ALP+LNP,federal ON evidence trial,False,False,0.2711961535155897,0.03872028799538896,True,0.0,0.7
ON24,reference,Mornington,1,OTH,ALP+GRN+IND+LNP+ON,federal ON evidence trial,False,False,0.005613862685649145,0.07203786810238753,True,0.5104614433681436,1.0
ON24,reference,Mornington,2,GRN,ALP+IND+LNP+ON,federal ON evidence trial,False,False,0.07799116891274131,0.036023451090839334,True,0.1427461118410709,1.0
ON24,reference,Mornington,3,ALP,IND+LNP+ON,full AEC row,False,False,0.13729424954248118,0.08347133395500284,True,0.2738644563401685,1.0
ON24,reference,Mornington,4,ON,IND+LNP,ideology prior,False,False,0.25836559850706703,0.04742690621058143,True,0.0,0.69
ON24,reference,Morwell,1,GRN,ALP+IND+LNP+ON+OTH,full AEC row,False,False,0.039473207808854036,0.038584581865370074,True,0.14883720930232558,1.0
ON24,reference,Morwell,2,OTH,ALP+IND+LNP+ON,ideology prior,False,False,0.08139924261432245,0.042674803746659995,True,0.45626086966186696,1.0
ON24,reference,Morwell,3,IND,ALP+LNP+ON,ideology prior,False,False,0.13791947076356936,0.05169669483314904,True,0.39437756868346213,0.6859
ON24,reference,Morwell,4,ALP,LNP+ON,ON special prior,True,True,0.23041605306860005,0.05616925664854536,True,0.25,0.0
ON24,reference,Mulgrave,1,OTH,ALP+GRN+IND+LNP+ON,federal ON evidence trial,False,False,0.013655433372651557,0.045831010994271386,True,0.39328997278227085,1.0
ON24,reference,Mulgrave,2,GRN,ALP+IND+LNP+ON,federal ON evidence trial,False,False,0.06090112328987522,0.08020045115091452,True,0.09432709673648199,1.0
ON24,reference,Mulgrave,3,LNP,ALP+IND+ON,full AEC row,False,False,0.15040754544539597,0.0298710928426158,True,0.3313663167278458,1.0
ON24,reference,Mulgrave,4,IND,ALP+ON,ON special prior,True,True,0.2009807235617842,0.08540058092763791,True,0.2,0.0
ON24,reference,Murray Plains,1,IND,ALP+GRN+LNP+ON+OTH,full AEC row,False,False,0.016774455803175554,0.0246919887812308,True,0.41703402439024395,1.0
ON24,reference,Murray Plains,2,GRN,ALP+LNP+ON+OTH,full AEC row,False,False,0.04253816047434056,0.012229290340136402,True,0.10765133454632321,1.0
ON24,reference,Murray Plains,3,ALP,LNP+ON+OTH,ideology prior,False,False,0.07100579000849147,0.020717051130910352,True,0.36875775229050745,0.0
ON24,reference,Murray Plains,4,OTH,LNP+ON,ON special prior,True,True,0.11129925834678636,0.2630323923511215,True,0.46,0.8509
ON24,reference,Narracan,1,OTH,ALP+GRN+IND+LNP+ON,federal ON evidence trial,False,False,9.871755515458127e-10,0.056345819474791475,True,0.3756552208528613,0.0
ON24,reference,Narracan,2,IND,ALP+GRN+LNP+ON,ideology prior,False,False,0.056345820666911246,0.08405661661975383,True,0.3228454092054588,0.0
ON24,reference,Narracan,3,GRN,ALP+LNP+ON,federal ON evidence trial,False,False,0.14909289088940683,0.01387369469030339,True,0.08669504859515519,0.0
ON24,reference,Narracan,4,ALP,LNP+ON,ON special prior,True,True,0.28357408208576335,0.03198052104276833,True,0.36000000000000004,0.0
ON24,reference,Narre Warren North,1,IND,ALP+GRN+LNP+ON+OTH,full AEC row,False,False,0.01277655122959192,0.05451069149034816,True,0.2712580856843226,1.0
ON24,reference,Narre Warren North,2,GRN,ALP+LNP+ON+OTH,full AEC row,False,False,0.0683692748522882,0.024748837521058303,True,0.08981101026162912,1.0
ON24,reference,Narre Warren North,3,OTH,ALP+LNP+ON,full AEC row,False,False,0.10749273766723129,0.10831605281382727,True,0.47581731509413644,1.0
ON24,reference,Narre Warren North,4,LNP,ALP+ON,ON special prior,True,True,0.24105779441959518,0.122026475577109,True,0.63,0.0
ON24,reference,Narre Warren South,1,IND,ALP+GRN+LNP+ON+OTH,full AEC row,False,False,0.005080365847294446,0.062072808453064884,True,0.2761682347144668,1.0
ON24,reference,Narre Warren South,2,GRN,ALP+LNP+ON+OTH,full AEC row,False,False,0.06753077423492801,0.020069239701482736,True,0.08770965058956205,1.0
ON24,reference,Narre Warren South,3,OTH,ALP+LNP+ON,full AEC row,False,False,0.10441809994538108,0.1216080293316578,True,0.4682669263640049,1.0
ON24,reference,Narre Warren South,4,LNP,ALP+ON,ON special prior,True,True,0.25110446783693663,0.09720759769780829,True,0.6300000000000001,0.0
ON24,reference,Nepean,1,OTH,ALP+GRN+IND+LNP+ON,federal ON evidence trial,False,False,0.011524033069656847,0.02556174848617722,True,0.39863495067087207,1.0
ON24,reference,Nepean,2,IND,ALP+GRN+LNP+ON,ideology prior,False,False,0.03904021619381965,0.05862213110347753,True,0.35310036973466347,0.6993
ON24,reference,Nepean,3,GRN,ALP+LNP+ON,federal ON evidence trial,False,False,0.10414862453918752,0.09860454530367943,True,0.164116415943586,1.0
ON24,reference,Nepean,4,ALP,LNP+ON,ON special prior,True,True,0.26528568290017995,0.014911814100080911,True,0.36,0.0
ON24,reference,Niddrie,1,IND,ALP+GRN+LNP+ON+OTH,ideology prior,False,False,1.005069647918951e-12,0.06620736323185757,True,0.24097748815165876,0.0
ON24,reference,Niddrie,2,OTH,ALP+GRN+LNP+ON,federal ON evidence trial,False,False,0.06620736323298411,0.008579198483845266,True,0.3838646995096384,1.0
ON24,reference,Niddrie,3,GRN,ALP+LNP+ON,federal ON evidence trial,False,False,0.08817949045322601,0.18264074395526567,True,0.15339986421213128,1.0
ON24,reference,Niddrie,4,LNP,ALP+ON,ON special prior,True,True,0.29121646429298564,0.04389039279107315,True,0.56,0.0
ON24,reference,Northcote,1,IND,ALP+GRN+LNP+ON+OTH,full AEC row,False,False,0.009405243645881087,0.052738553208392915,True,0.11717444034659152,1.0
ON24,reference,Northcote,2,LNP,ALP+GRN+ON+OTH,ideology prior,False,False,0.062190589111218685,0.03499600770518411,True,0.23474240945365424,1.0
ON24,reference,Northcote,3,OTH,ALP+GRN+ON,ideology prior,False,False,0.10604974997327177,0.12515389666497853,True,0.2479905249289243,0.8543000000000001
ON24,reference,Northcote,4,ON,ALP+GRN,ideology prior,False,False,0.25750297980270315,0.07043469413875297,True,0.0,0.16999999999999998
ON24,reference,Oakleigh,1,OTH,ALP+GRN+IND+LNP+ON,federal ON evidence trial,False,False,0.009036115454417886,0.013141892609263805,True,0.3932899727822708,1.0
ON24,reference,Oakleigh,2,IND,ALP+GRN+LNP+ON,full AEC row,False,False,0.024004685900640886,0.13876791524832902,True,0.25469179849245127,1.0
ON24,reference,Oakleigh,3,GRN,ALP+LNP+ON,federal ON evidence trial,False,False,0.1673264605189888,0.07002525698403644,True,0.09702713729220777,1.0
ON24,reference,Oakleigh,4,ON,ALP+LNP,federal ON evidence trial,False,False,0.25358692496042035,0.021467767841867325,True,0.0,0.7
ON24,reference,Ovens Valley,1,IND,ALP+GRN+LNP+ON+OTH,ideology prior,False,False,0.04755808044141177,0.02876276777313952,True,0.31139634146341466,0.0
ON24,reference,Ovens Valley,2,ALP,GRN+LNP+ON+OTH,ideology prior,False,False,0.085440110139192,0.0017909414289537795,True,0.25430375163911645,0.0
ON24,reference,Ovens Valley,3,GRN,LNP+ON+OTH,ideology prior,False,False,0.12506113692887083,0.0008849001765416642,True,0.31058463630468525,0.3624
ON24,reference,Ovens Valley,4,OTH,LNP+ON,ON special prior,True,True,0.16384464796569373,0.18882668266283706,True,0.46,0.866
ON24,reference,Pakenham,1,IND,ALP+GRN+LNP+ON+OTH,ideology prior,False,False,0.06968604005653006,0.00132545510214023,True,0.30008968215158927,1.0
ON24,reference,Pakenham,2,GRN,ALP+LNP+ON+OTH,ideology prior,False,False,0.07790108473626409,0.022188906267742642,True,0.15007906954265285,0.7081708170817081
ON24,reference,Pakenham,3,OTH,ALP+LNP+ON,ideology prior,False,False,0.10602559112416626,0.15953212007758877,True,0.6038686737507691,0.7984
ON24,reference,Pakenham,4,ALP,LNP+ON,ON special prior,True,True,0.28424167764538466,0.03680465446376474,True,0.36,0.0
ON24,reference,Pascoe Vale,1,OTH,ALP+GRN+IND+LNP+ON,federal ON evidence trial,False,False,0.07177214334000055,0.02223171969912821,True,0.3499180153342636,1.0
ON24,reference,Pascoe Vale,2,IND,ALP+GRN+LNP+ON,ideology prior,False,False,0.10596024040390462,0.03589509971090521,True,0.27512007961153256,0.6067
ON24,reference,Pascoe Vale,3,LNP,ALP+GRN+ON,full AEC row,False,False,0.16168597329399356,0.10508095222787764,True,0.33660919541469536,1.0
ON24,reference,Pascoe Vale,4,ON,ALP+GRN,ideology prior,False,False,0.3211919109022043,0.011152637544690702,True,0.0,0.16999999999999998
ON24,reference,Point Cook,1,GRN,ALP+IND+LNP+ON+OTH,ideology prior,False,False,0.07315900700546572,0.010297094414635069,True,0.08530805687203792,1.0
ON24,reference,Point Cook,2,OTH,ALP+IND+LNP+ON,ideology prior,False,False,0.0883102535436862,0.039248961106921346,True,0.468213134035609,0.7787999999999999
ON24,reference,Point Cook,3,IND,ALP+LNP+ON,ideology prior,False,False,0.14282749611622333,0.04856798271479204,True,0.33640348150796767,0.6815
ON24,reference,Point Cook,4,LNP,ALP+ON,ON special prior,True,True,0.23476610364931855,0.12955884877586338,True,0.63,0.0
ON24,reference,Polwarth,1,IND,ALP+GRN+LNP+ON+OTH,ideology prior,False,False,0.035347263699732165,0.005927681407320473,True,0.34116386211791905,1.0
ON24,reference,Polwarth,2,OTH,ALP+GRN+LNP+ON,federal ON evidence trial,False,False,0.0443527434340781,0.12004694049684592,True,0.5054119100195867,0.9267
ON24,reference,Polwarth,3,GRN,ALP+LNP+ON,federal ON evidence trial,False,False,0.1717385639706833,0.012549936071195422,True,0.1299003796480564,1.0
ON24,reference,Polwarth,4,ON,ALP+LNP,federal ON evidence trial,False,False,0.26613692724193216,0.037543223085956534,True,0.0,0.73
ON24,reference,Prahran,1,IND,ALP+GRN+LNP+ON+OTH,full AEC row,False,False,0.009018035974269294,0.03377605368915167,True,0.10490033986292091,1.0
ON24,reference,Prahran,2,OTH,ALP+GRN+LNP+ON,federal ON evidence trial,False,False,0.0453518416285753,0.10721642149827001,True,0.25455776375005673,1.0
ON24,reference,Prahran,3,ALP,GRN+LNP+ON,full AEC row,False,False,0.1616356411679222,0.012969843550224042,True,0.03756777209839803,1.0
ON24,reference,Prahran,4,ON,GRN+LNP,ideology prior,False,False,0.1806777756485212,0.13231916690623527,True,0.0,0.5800000000000001
ON24,reference,Preston,1,OTH,ALP+GRN+IND+LNP+ON,federal ON evidence trial,False,False,0.08767232791597533,0.012185078959383464,True,0.3499180153342636,1.0
ON24,reference,Preston,2,LNP,ALP+GRN+IND+ON,ideology prior,False,False,0.1134209827506727,0.026934531750876456,True,0.3809432327500778,1.0
ON24,reference,Preston,3,IND,ALP+GRN+ON,ideology prior,False,False,0.15884356032215333,0.035735815578905206,True,0.2777098369998117,0.8427
ON24,reference,Preston,4,GRN,ALP+ON,ON special prior,True,True,0.26627720115087444,0.08520718623706636,True,0.09,0.0
ON24,reference,Richmond,1,IND,ALP+GRN+LNP+ON+OTH,full AEC row,False,False,0.04049101100223483,0.03906686674285918,True,0.12252293327368294,1.0
ON24,reference,Richmond,2,OTH,ALP+GRN+LNP+ON,federal ON evidence trial,False,False,0.09380594934589567,0.00883139759480188,True,0.24121987990561922,1.0
ON24,reference,Richmond,3,LNP,ALP+GRN+ON,full AEC row,False,False,0.11520559712180307,0.0726124897148233,True,0.11319150633596717,1.0
ON24,reference,Richmond,4,ON,ALP+GRN,ideology prior,False,False,0.2008583819131778,0.1061397053959007,True,0.0,0.16999999999999998
ON24,reference,Ringwood,1,IND,ALP+GRN+LNP+ON+OTH,ideology prior,False,False,4.393709881000182e-05,0.04757315626932425,True,0.24097748815165876,0.0
ON24,reference,Ringwood,2,OTH,ALP+GRN+LNP+ON,federal ON evidence trial,False,False,0.04762240330187669,0.11351331167387502,True,0.4334594565835478,1.0
ON24,reference,Ringwood,3,GRN,ALP+LNP+ON,federal ON evidence trial,False,False,0.17619086621164565,0.0055872298205400794,True,0.11317149755283876,1.0
ON24,reference,Ringwood,4,ON,ALP+LNP,federal ON evidence trial,False,False,0.20171788021648954,0.17744814897796826,True,0.0,0.7
ON24,reference,Ripon,1,IND,ALP+GRN+LNP+ON+OTH,full AEC row,False,False,0.019092876517070125,0.038232477954946074,True,0.41366888449319666,1.0
ON24,reference,Ripon,2,GRN,ALP+LNP+ON+OTH,full AEC row,False,False,0.05742034390742451,0.05630194885689979,True,0.10048515768088391,1.0
ON24,reference,Ripon,3,OTH,ALP+LNP+ON,full AEC row,False,False,0.12249436966785264,0.1362641613849256,True,0.6037410365444178,1.0
ON24,reference,Ripon,4,LNP,ALP+ON,ON special prior,True,True,0.2842649885678204,0.030311434908594392,True,0.79,0.0
ON24,reference,Rowville,1,OTH,ALP+GRN+IND+LNP+ON,federal ON evidence trial,False,False,0.010833604795667235,0.07522411657427762,True,0.4552189351217911,1.0
ON24,reference,Rowville,2,GRN,ALP+IND+LNP+ON,federal ON evidence trial,False,False,0.08723973621534949,0.02456746121631169,True,0.09164699659213649,1.0
ON24,reference,Rowville,3,IND,ALP+LNP+ON,full AEC row,False,False,0.13193766691859596,0.06403116898922909,True,0.2364444337670671,1.0
ON24,reference,Rowville,4,ON,ALP+LNP,federal ON evidence trial,False,False,0.2271647628549404,0.08912995494493761,True,0.0,0.7
ON24,reference,Sandringham,1,OTH,ALP+GRN+IND+LNP+ON,federal ON evidence trial,False,False,0.03334445665610049,0.04957723192983368,True,0.39326519128473597,1.0
ON24,reference,Sandringham,2,IND,ALP+GRN+LNP+ON,full AEC row,False,False,0.08800311411930335,0.06088900938645682,True,0.23728088881563977,1.0
ON24,reference,Sandringham,3,GRN,ALP+LNP+ON,federal ON evidence trial,False,False,0.17452238451358368,0.003972566028959484,True,0.13705259999951858,1.0
ON24,reference,Sandringham,4,ON,ALP+LNP,federal ON evidence trial,False,False,0.2124335558217026,0.08440875276578313,True,0.0,0.7
ON24,reference,Shepparton,1,ALP,GRN+IND+LNP+ON+OTH,ideology prior,False,False,0.00519353176560647,0.015797617039014597,True,0.21550071786556604,1.0
ON24,reference,Shepparton,2,OTH,GRN+IND+LNP+ON,ideology prior,False,False,0.021283830042293905,0.006699786531285477,True,0.4730611522781289,0.8951
ON24,reference,Shepparton,3,GRN,IND+LNP+ON,ideology prior,False,False,0.030575501481115413,0.29090835653244,True,0.2908859098977547,0.5886411358864113
ON24,reference,Shepparton,4,ON,IND+LNP,ideology prior,False,False,0.3303778405824699,0.0019030194321725258,True,0.0,0.6799999999999999
ON24,reference,South Barwon,1,IND,ALP+GRN+LNP+ON+OTH,ideology prior,False,False,0.0004451384554059111,0.0719970741074431,True,0.27837820904645477,0.0
ON24,reference,South Barwon,2,OTH,ALP+GRN+LNP+ON,federal ON evidence trial,False,False,0.07249771882501455,0.050719399418972994,True,0.4520848773122097,1.0
ON24,reference,South Barwon,3,GRN,ALP+LNP+ON,federal ON evidence trial,False,False,0.13620605509027559,0.1273037206194416,True,0.1874082292335665,1.0
ON24,reference,South Barwon,4,ON,ALP+LNP,federal ON evidence trial,False,False,0.28903591130507533,0.03932910886391666,True,0.0,0.72
ON24,reference,South-West Coast,1,OTH,ALP+GRN+IND+LNP+ON,federal ON evidence trial,False,False,0.01710024076913264,0.046038055034313546,True,0.547450537634767,1.0
ON24,reference,South-West Coast,2,GRN,ALP+IND+LNP+ON,federal ON evidence trial,False,False,0.06381543304302119,0.03318908362723752,True,0.1037118990857533,1.0
ON24,reference,South-West Coast,3,ALP,IND+LNP+ON,ideology prior,False,False,0.12096250569462644,0.09391931447943108,True,0.32880007277634604,0.0
ON24,reference,South-West Coast,4,ON,IND+LNP,ideology prior,False,False,0.2546543008496599,0.09276515573378469,True,0.0,0.68
ON24,reference,St Albans,1,IND,ALP+GRN+LNP+ON+OTH,full AEC row,False,False,0.03149125587010095,0.053340497884166484,True,0.24912500906488755,1.0
ON24,reference,St Albans,2,GRN,ALP+LNP+ON+OTH,ideology prior,False,False,0.09239242668941683,0.03430843503416234,True,0.10783074018996308,1.0
ON24,reference,St Albans,3,OTH,ALP+LNP+ON,ideology prior,False,False,0.1345212188157561,0.0698260194255064,True,0.49991472457872593,0.8298000000000001
ON24,reference,St Albans,4,LNP,ALP+ON,ON special prior,True,True,0.23574095693313274,0.09637665726279926,True,0.56,0.0
ON24,reference,Sunbury,1,IND,ALP+GRN+LNP+ON+OTH,full AEC row,False,False,0.0362851385389861,0.021081190272934668,True,0.38448080684596575,1.0
ON24,reference,Sunbury,2,OTH,ALP+GRN+LNP+ON,federal ON evidence trial,False,False,0.06432207453810822,0.006117672293999121,True,0.46525112513989564,1.0
ON24,reference,Sunbury,3,GRN,ALP+LNP+ON,federal ON evidence trial,False,False,0.08131350650226202,0.1739841825459781,True,0.2110079764640916,1.0
ON24,reference,Sunbury,4,LNP,ALP+ON,ON special prior,True,True,0.2760646469992566,0.07665135520809241,True,0.76,0.0
ON24,reference,Sydenham,1,IND,ALP+GRN+LNP+ON+OTH,ideology prior,False,False,0.007914041210483233,0.05730506683820034,True,0.2409774881516588,0.0
ON24,reference,Sydenham,2,GRN,ALP+LNP+ON+OTH,full AEC row,False,False,0.06680974594055598,0.04581604204512062,True,0.09145382337260251,1.0
ON24,reference,Sydenham,3,OTH,ALP+LNP+ON,full AEC row,False,False,0.1281395963740147,0.1018005875268379,True,0.4856030592093695,1.0
ON24,reference,Sydenham,4,LNP,ALP+ON,ON special prior,True,True,0.2532995341885431,0.0963933475178057,True,0.63,0.0
ON24,reference,Tarneit,1,IND,ALP+GRN+LNP+ON+OTH,full AEC row,False,False,0.033534117825968636,0.045008738305785743,True,0.27122183338538186,1.0
ON24,reference,Tarneit,2,GRN,ALP+LNP+ON+OTH,ideology prior,False,False,0.08095965685666529,0.01588139463669669,True,0.09625936680728836,1.0
ON24,reference,Tarneit,3,OTH,ALP+LNP+ON,ideology prior,False,False,0.10360957969116888,0.10243798816043623,True,0.5312175759296058,0.8278172182781722
ON24,reference,Tarneit,4,LNP,ALP+ON,ON special prior,True,True,0.22683996917728397,0.09957234885415508,True,0.6300000000000001,0.0
ON24,reference,Thomastown,1,IND,ALP+GRN+LNP+ON+OTH,ideology prior,False,False,0.028462133878003316,0.03846364966529762,True,0.2409774881516588,0.0
ON24,reference,Thomastown,2,GRN,ALP+LNP+ON+OTH,full AEC row,False,False,0.07264636894661265,0.026089338741221477,True,0.1027958413108028,1.0
ON24,reference,Thomastown,3,OTH,ALP+LNP+ON,full AEC row,False,False,0.12748308764096533,0.034523664916174396,True,0.43745020475931495,1.0
ON24,reference,Thomastown,4,LNP,ALP+ON,ON special prior,True,True,0.18268302549092014,0.1497489414455599,True,0.6299999999999999,0.0
ON24,reference,Warrandyte,1,IND,ALP+GRN+LNP+ON+OTH,full AEC row,False,False,0.010584195728952578,0.0018976175718589047,True,0.25309917061611376,1.0
ON24,reference,Warrandyte,2,OTH,ALP+GRN+LNP+ON,federal ON evidence trial,False,False,0.015143261987024929,0.11121555456131407,True,0.403775249154272,1.0
ON24,reference,Warrandyte,3,GRN,ALP+LNP+ON,federal ON evidence trial,False,False,0.12958807726158286,0.05116423837882153,True,0.10137024150333415,1.0
ON24,reference,Warrandyte,4,ON,ALP+LNP,federal ON evidence trial,False,False,0.19388869032836376,0.11524681732783165,True,0.0,0.7
ON24,reference,Wendouree,1,IND,ALP+GRN+LNP+ON+OTH,full AEC row,False,False,0.007788925428822547,0.041659794337129366,True,0.39043634395530014,1.0
ON24,reference,Wendouree,2,OTH,ALP+GRN+LNP+ON,federal ON evidence trial,False,False,0.052042177096141576,0.051199604135600416,True,0.4462626356684051,1.0
ON24,reference,Wendouree,3,GRN,ALP+LNP+ON,federal ON evidence trial,False,False,0.112350864536444,0.13357646682287408,True,0.18026406256774263,1.0
ON24,reference,Wendouree,4,LNP,ALP+ON,ON special prior,True,True,0.26971297405257444,0.05947342510430714,True,0.69,0.0
ON24,reference,Werribee,1,GRN,ALP+IND+LNP+ON+OTH,ideology prior,False,False,0.06877592345365643,0.004299514929220247,True,0.11627906976744184,1.0
ON24,reference,Werribee,2,OTH,ALP+IND+LNP+ON,ideology prior,False,False,0.07755387060776595,0.04619943995895438,True,0.561196833770567,0.8819
ON24,reference,Werribee,3,IND,ALP+LNP+ON,ideology prior,False,False,0.1369123448939648,0.0347276040389313,True,0.39595107031899124,0.8337833783378338
ON24,reference,Werribee,4,LNP,ALP+ON,ON special prior,True,True,0.22442563436762575,0.1632088610490447,True,0.7600000000000001,0.0
ON24,reference,Williamstown,1,IND,ALP+GRN+LNP+ON+OTH,ideology prior,False,False,0.0358131415579122,0.033193639397854004,True,0.09438144329896908,0.0
ON24,reference,Williamstown,2,OTH,ALP+GRN+LNP+ON,federal ON evidence trial,False,False,0.07371417842858456,0.09108785679294938,True,0.25273105842469595,1.0
ON24,reference,Williamstown,3,GRN,ALP+LNP+ON,federal ON evidence trial,False,False,0.18802733886495282,0.03166046183222104,True,0.07337427649858626,1.0
ON24,reference,Williamstown,4,LNP,ALP+ON,ON special prior,True,True,0.24269222804916493,0.038025406572441106,True,0.49999999999999994,0.0
ON24,reference,Yan Yean,1,IND,ALP+GRN+LNP+ON+OTH,ideology prior,False,False,0.00012377503965500225,0.06552004343922826,True,0.2717267726161369,0.0
ON24,reference,Yan Yean,2,GRN,ALP+LNP+ON+OTH,full AEC row,False,False,0.06566321885452113,0.045281911862132485,True,0.1509905136162473,1.0
ON24,reference,Yan Yean,3,OTH,ALP+LNP+ON,full AEC row,False,False,0.1253153739449255,0.13498996538656058,True,0.5452548880443707,1.0
ON24,reference,Yan Yean,4,LNP,ALP+ON,ON special prior,True,True,0.28868939887084166,0.049957682616190435,True,0.7600000000000002,0.0
ON24,no_geography,Albert Park,1,OTH,ALP+GRN+IND+LNP+ON,federal ON evidence trial,False,False,0.03445954350046828,0.014099105038959968,True,0.3195576451206586,1.0
ON24,no_geography,Albert Park,2,IND,ALP+GRN+LNP+ON,full AEC row,False,False,0.05455141544453599,0.13547654146613144,True,0.21357410244901615,1.0
ON24,no_geography,Albert Park,3,ON,ALP+GRN+LNP,federal ON evidence trial,False,False,0.2016787265015576,0.030777039165174935,True,0.0,0.7000000000000001
ON24,no_geography,Albert Park,4,GRN,ALP+LNP,posterior scenario,False,False,0.2704984857980844,0.05615315393318632,False,0.0,0.9500000000000001
ON24,no_geography,Ashwood,1,OTH,ALP+GRN+IND+LNP+ON,federal ON evidence trial,False,False,1.0038411722451442e-12,0.021560742241331775,True,0.33944678560753044,1.0
ON24,no_geography,Ashwood,2,IND,ALP+GRN+LNP+ON,ideology prior,False,False,0.02156074224249961,0.12739764333365605,True,0.24878762757986475,0.7386
ON24,no_geography,Ashwood,3,ON,ALP+GRN+LNP,federal ON evidence trial,False,False,0.1543224314875281,0.008928018252387482,True,0.0,0.75
ON24,no_geography,Ashwood,4,GRN,ALP+LNP,posterior scenario,False,False,0.18841117886762307,0.1398223454948828,False,0.0,0.95
ON24,no_geography,Bass,1,OTH,ALP+GRN+IND+LNP+ON,federal ON evidence trial,False,False,0.048646249158331545,0.002222735876709181,True,0.3792370012590341,1.0
ON24,no_geography,Bass,2,IND,ALP+GRN+LNP+ON,ideology prior,False,False,0.05881613191554253,0.027635321334380618,True,0.3234673741227068,0.8191
ON24,no_geography,Bass,3,GRN,ALP+LNP+ON,federal ON evidence trial,False,False,0.10283537379128126,0.12899874583534415,True,0.17298656160629333,1.0
ON24,no_geography,Bass,4,ALP,LNP+ON,ON special prior,True,True,0.28560478418874247,0.0680911663855831,True,0.36,0.0
ON24,no_geography,Bayswater,1,IND,ALP+GRN+LNP+ON+OTH,full AEC row,False,False,0.015447171396489507,0.04928093007760903,True,0.21320180481951803,1.0
ON24,no_geography,Bayswater,2,OTH,ALP+GRN+LNP+ON,federal ON evidence trial,False,False,0.06797091082785613,0.024957059503276036,True,0.4178857188037355,1.0
ON24,no_geography,Bayswater,3,GRN,ALP+LNP+ON,federal ON evidence trial,False,False,0.10629125817673409,0.1344738233895711,True,0.12909915757937054,1.0
ON24,no_geography,Bayswater,4,ON,ALP+LNP,federal ON evidence trial,False,False,0.2544871934549729,0.09733654152711818,True,0.0,0.7
ON24,no_geography,Bellarine,1,OTH,ALP+GRN+IND+LNP+ON,federal ON evidence trial,False,False,0.02863620774606746,0.008602021405249793,True,0.48530048251125746,1.0
ON24,no_geography,Bellarine,2,IND,ALP+GRN+LNP+ON,full AEC row,False,False,0.041772128179605544,0.08129017359914834,True,0.3118909348433667,1.0
ON24,no_geography,Bellarine,3,GRN,ALP+LNP+ON,federal ON evidence trial,False,False,0.13430241774796128,0.08060824566682137,True,0.13129564911966007,1.0
ON24,no_geography,Bellarine,4,ON,ALP+LNP,federal ON evidence trial,False,False,0.232543986531341,0.10650456642443534,True,0.0,0.73
ON24,no_geography,Benambra,1,ALP,GRN+IND+LNP+ON+OTH,ideology prior,False,False,0.014412458175345567,0.021690644673712525,True,0.1847534375,1.0
ON24,no_geography,Benambra,2,OTH,GRN+IND+LNP+ON,ideology prior,False,False,0.03698334373211732,0.009536577814152417,True,0.5664242392241045,0.9582999999999999
ON24,no_geography,Benambra,3,GRN,IND+LNP+ON,ideology prior,False,False,0.05121634917291168,0.2596567408509391,True,0.20463683812975048,0.8942
ON24,no_geography,Benambra,4,ON,IND+LNP,ideology prior,False,False,0.3213538417791447,0.0069847951042038,True,0.0,0.68
ON24,no_geography,Bendigo East,1,OTH,ALP+GRN+IND+LNP+ON,federal ON evidence trial,False,False,0.015922372346413926,0.013694876975749712,True,0.35933592609440235,1.0
ON24,no_geography,Bendigo East,2,IND,ALP+GRN+LNP+ON,ideology prior,False,False,0.03221842482720912,0.06855938939143472,True,0.28170100358188604,0.5729427057294271
ON24,no_geography,Bendigo East,3,GRN,ALP+LNP+ON,federal ON evidence trial,False,False,0.1078081128755415,0.1468412416461773,True,0.12310543104480608,1.0
ON24,no_geography,Bendigo East,4,ON,ALP+LNP,federal ON evidence trial,False,False,0.26792111872738944,0.02597962742383536,True,0.0,0.72
ON24,no_geography,Bendigo West,1,IND,ALP+GRN+LNP+ON+OTH,full AEC row,False,False,0.0260876470980018,0.0473700227781362,True,0.3282523627362736,1.0
ON24,no_geography,Bendigo West,2,OTH,ALP+GRN+LNP+ON,federal ON evidence trial,False,False,0.08237049272180645,0.04874156314389487,True,0.41079944780134675,1.0
ON24,no_geography,Bendigo West,3,GRN,ALP+LNP+ON,federal ON evidence trial,False,False,0.14680593108833964,0.07519765875279275,True,0.15178297224769333,1.0
ON24,no_geography,Bendigo West,4,LNP,ALP+ON,ON special prior,True,True,0.24675001560078785,0.04565410123248348,True,0.69,0.0
ON24,no_geography,Bentleigh,1,OTH,ALP+GRN+IND+LNP+ON,federal ON evidence trial,False,False,0.016901598731815817,0.0032547806797999373,True,0.3394547420593704,1.0
ON24,no_geography,Bentleigh,2,IND,ALP+GRN+LNP+ON,ideology prior,False,False,0.02291752728963337,0.09063065165583417,True,0.25435290352727596,0.7199
ON24,no_geography,Bentleigh,3,GRN,ALP+LNP+ON,federal ON evidence trial,False,False,0.1191411829536615,0.08849479769338364,True,0.07868823519960388,1.0
ON24,no_geography,Bentleigh,4,ON,ALP+LNP,federal ON evidence trial,False,False,0.21701099007326188,0.13046236138923092,True,0.0,0.7
ON24,no_geography,Berwick,1,IND,ALP+GRN+LNP+ON+OTH,ideology prior,False,False,0.0003172641087860373,0.025012880118367622,True,0.2165,0.0
ON24,no_geography,Berwick,2,OTH,ALP+GRN+LNP+ON,federal ON evidence trial,False,False,0.02537059540102388,0.06856690632049238,True,0.45309062577203424,1.0
ON24,no_geography,Berwick,3,GRN,ALP+LNP+ON,federal ON evidence trial,False,False,0.09874981236881536,0.12949125659952027,True,0.12341616687031175,1.0
ON24,no_geography,Berwick,4,ALP,LNP+ON,ON special prior,True,True,0.28380645739346916,0.010946039139478614,True,0.36,0.0
ON24,no_geography,Box Hill,1,IND,ALP+GRN+LNP+ON+OTH,full AEC row,False,False,0.01678540012846529,0.0004104881504551662,True,0.24946325,1.0
ON24,no_geography,Box Hill,2,OTH,ALP+GRN+LNP+ON,federal ON evidence trial,False,False,0.02374185862101935,0.11723901402919684,True,0.33675028384056904,1.0
ON24,no_geography,Box Hill,3,ON,ALP+GRN+LNP,federal ON evidence trial,False,False,0.1489759502797471,0.016463595384351465,True,0.0,0.75
ON24,no_geography,Box Hill,4,GRN,ALP+LNP,posterior scenario,False,False,0.1913381158656076,0.15003668320641936,False,0.0,0.9500000000000001
ON24,no_geography,Brighton,1,OTH,ALP+GRN+IND+LNP+ON,federal ON evidence trial,False,False,0.028003094240317772,0.07786720786680228,True,0.3195576451206586,1.0
ON24,no_geography,Brighton,2,IND,ALP+GRN+LNP+ON,full AEC row,False,False,0.1109797369303908,0.03352460720082674,True,0.20316969944544858,1.0
ON24,no_geography,Brighton,3,ON,ALP+GRN+LNP,federal ON evidence trial,False,False,0.1670520639279,0.006583897666560812,True,0.0,0.7000000000000001
ON24,no_geography,Brighton,4,ALP,GRN+LNP,posterior scenario,False,False,0.20950230046086535,0.021706426511658217,False,0.0,0.0
ON24,no_geography,Broadmeadows,1,IND,ALP+GRN+LNP+ON+OTH,full AEC row,False,False,0.07540514145456384,0.012071352462798945,True,0.25711925,1.0
ON24,no_geography,Broadmeadows,2,GRN,ALP+LNP+ON+OTH,ideology prior,False,False,0.09110566797042949,0.04700572670426603,True,0.06245781631345231,1.0
ON24,no_geography,Broadmeadows,3,OTH,ALP+LNP+ON,ideology prior,False,False,0.1465448808600974,0.018706100968390843,True,0.4861234563217721,0.7785
ON24,no_geography,Broadmeadows,4,LNP,ALP+ON,ON special prior,True,True,0.20069998636937472,0.12943525333132613,True,0.63,0.0
ON24,no_geography,Brunswick,1,IND,ALP+GRN+LNP+ON+OTH,full AEC row,False,False,0.02164980847614925,0.03619285193804987,True,0.22825249999999997,1.0
ON24,no_geography,Brunswick,2,LNP,ALP+GRN+ON+OTH,ideology prior,False,False,0.06258342451903784,0.03835317423340566,True,0.3529020164292412,1.0
ON24,no_geography,Brunswick,3,OTH,ALP+GRN+ON,ideology prior,False,False,0.11055365244417055,0.07776219875398961,True,0.34836292395330454,0.9330066993300671
ON24,no_geography,Brunswick,4,ON,ALP+GRN,ideology prior,False,False,0.2268286448173288,0.004027366694479451,True,0.0,0.16999999999999998
ON24,no_geography,Bulleen,1,OTH,ALP+GRN+IND+LNP+ON,federal ON evidence trial,False,False,0.010019024173513736,0.0013785287310058222,True,0.33944678560753044,1.0
ON24,no_geography,Bulleen,2,IND,ALP+GRN+LNP+ON,ideology prior,False,False,0.013034321578031461,0.110459533529964,True,0.2564128299887543,0.5743425657434257
ON24,no_geography,Bulleen,3,GRN,ALP+LNP+ON,federal ON evidence trial,False,False,0.12659795975826885,0.0350430014933919,True,0.06697684559555728,1.0
ON24,no_geography,Bulleen,4,ON,ALP+LNP,federal ON evidence trial,False,False,0.17012009325510288,0.13871489251326227,True,0.0,0.7
ON24,no_geography,Bundoora,1,IND,ALP+GRN+LNP+ON+OTH,full AEC row,False,False,0.0067795784702205765,0.044827423532758155,True,0.243217375,1.0
ON24,no_geography,Bundoora,2,OTH,ALP+GRN+LNP+ON,federal ON evidence trial,False,False,0.05369595961911545,0.07859316710362615,True,0.36990882431800975,1.0
ON24,no_geography,Bundoora,3,GRN,ALP+LNP+ON,federal ON evidence trial,False,False,0.14376288742009177,0.0648973566093877,True,0.09212075792130037,1.0
ON24,no_geography,Bundoora,4,ON,ALP+LNP,federal ON evidence trial,False,False,0.2219037901795729,0.073181541606062,True,0.0,0.7
ON24,no_geography,Carrum,1,IND,ALP+GRN+LNP+ON+OTH,full AEC row,False,False,0.01973838803322321,0.02298499513109254,True,0.34762601260126014,1.0
ON24,no_geography,Carrum,2,OTH,ALP+GRN+LNP+ON,federal ON evidence trial,False,False,0.05216509964031385,0.02274122752391594,True,0.4126866200374236,1.0
ON24,no_geography,Carrum,3,GRN,ALP+LNP+ON,federal ON evidence trial,False,False,0.0863253653103395,0.16026063803729573,True,0.16132143023387707,1.0
ON24,no_geography,Carrum,4,LNP,ALP+ON,ON special prior,True,True,0.2742203391953888,0.04967496363280527,True,0.76,0.0
ON24,no_geography,Caulfield,1,OTH,ALP+GRN+IND+LNP+ON,federal ON evidence trial,False,False,0.00702662245822403,0.04752801178573943,True,0.3195576451206586,1.0
ON24,no_geography,Caulfield,2,IND,ALP+GRN+LNP+ON,full AEC row,False,False,0.055677856207081766,0.10135900772436324,True,0.19200793268363306,1.0
ON24,no_geography,Caulfield,3,ON,ALP+GRN+LNP,federal ON evidence trial,False,False,0.16772745399802336,0.02227729667136405,True,0.0,0.7000000000000001
ON24,no_geography,Caulfield,4,ALP,GRN+LNP,posterior scenario,False,False,0.22425455203447706,0.0025935359924882107,False,0.0,0.0
ON24,no_geography,Clarinda,1,OTH,ALP+GRN+IND+LNP+ON,federal ON evidence trial,False,False,0.021900154257623563,0.06198230376583161,True,0.3858282638745359,1.0
ON24,no_geography,Clarinda,2,GRN,ALP+IND+LNP+ON,federal ON evidence trial,False,False,0.08656204760914923,0.016920525807188003,True,0.06712685451974931,1.0
ON24,no_geography,Clarinda,3,IND,ALP+LNP+ON,full AEC row,False,False,0.12291141623894311,0.11850674609475353,True,0.2176621455938849,1.0
ON24,no_geography,Clarinda,4,ON,ALP+LNP,federal ON evidence trial,False,False,0.27202448091327447,0.014891710105340128,True,0.0,0.7
ON24,no_geography,Cranbourne,1,IND,ALP+GRN+LNP+ON+OTH,full AEC row,False,False,0.009687049302045775,0.0450594464339109,True,0.245737875,1.0
ON24,no_geography,Cranbourne,2,GRN,ALP+LNP+ON+OTH,full AEC row,False,False,0.05578691025950081,0.06426801084707101,True,0.054144885289545516,1.0
ON24,no_geography,Cranbourne,3,OTH,ALP+LNP+ON,full AEC row,False,False,0.13671191607524366,0.07974377686163789,True,0.4653832616069585,1.0
ON24,no_geography,Cranbourne,4,LNP,ALP+ON,ON special prior,True,True,0.25054001315786195,0.1228052689725978,True,0.63,0.0
ON24,no_geography,Croydon,1,IND,ALP+GRN+LNP+ON+OTH,ideology prior,False,False,1.0053335984804407e-12,0.05849243162684167,True,0.2165,0.0
ON24,no_geography,Croydon,2,OTH,ALP+GRN+LNP+ON,federal ON evidence trial,False,False,0.05849243162797519,0.05433165474353006,True,0.42727780782664154,1.0
ON24,no_geography,Croydon,3,GRN,ALP+LNP+ON,federal ON evidence trial,False,False,0.1240834038074753,0.1065470200646955,True,0.1019800156493685,1.0
ON24,no_geography,Croydon,4,ON,ALP+LNP,federal ON evidence trial,False,False,0.24328445133428403,0.07463336379742594,True,0.0,0.7
ON24,no_geography,Dandenong,1,IND,ALP+GRN+LNP+ON+OTH,full AEC row,False,False,0.0016924068011462277,0.07594061077764305,True,0.25577425,1.0
ON24,no_geography,Dandenong,2,OTH,ALP+GRN+LNP+ON,federal ON evidence trial,False,False,0.0782584972843569,0.005675917842804426,True,0.38035861043074104,1.0
ON24,no_geography,Dandenong,3,GRN,ALP+LNP+ON,federal ON evidence trial,False,False,0.10009762501966947,0.06852433832570996,True,0.1411581396554453,0.7686
ON24,no_geography,Dandenong,4,LNP,ALP+ON,ON special prior,True,True,0.1836824439813603,0.12160358454929765,True,0.63,0.0
ON24,no_geography,Eildon,1,IND,ALP+GRN+LNP+ON+OTH,full AEC row,False,False,0.01758513994110144,0.021064023834006726,True,0.32278322167783224,1.0
ON24,no_geography,Eildon,2,OTH,ALP+GRN+LNP+ON,federal ON evidence trial,False,False,0.043618667000639405,0.07185890889919788,True,0.45744450921921725,1.0
ON24,no_geography,Eildon,3,GRN,ALP+LNP+ON,federal ON evidence trial,False,False,0.12391001709553866,0.05552329047994929,True,0.13778284981106811,1.0
ON24,no_geography,Eildon,4,ALP,LNP+ON,ON special prior,True,True,0.25897849708472515,0.06686943321399219,True,0.35999999999999993,0.0
ON24,no_geography,Eltham,1,IND,ALP+GRN+LNP+ON+OTH,ideology prior,False,False,1.0055202341649137e-12,0.010320513726073158,True,0.2165,0.0
ON24,no_geography,Eltham,2,OTH,ALP+GRN+LNP+ON,federal ON evidence trial,False,False,0.010320513727206881,0.125255033111249,True,0.4272778078246052,1.0
ON24,no_geography,Eltham,3,GRN,ALP+LNP+ON,federal ON evidence trial,False,False,0.1376642624327921,0.08170142551204879,True,0.06271463430077336,1.0
ON24,no_geography,Eltham,4,ON,ALP+LNP,federal ON evidence trial,False,False,0.22799925181959912,0.10834498315359747,True,0.0,0.7
ON24,no_geography,Essendon,1,IND,ALP+GRN+LNP+ON+OTH,ideology prior,False,False,0.017475940020560427,0.04849572020357208,True,0.2165,0.0
ON24,no_geography,Essendon,2,OTH,ALP+GRN+LNP+ON,federal ON evidence trial,False,False,0.06819984257675396,0.09903233856203858,True,0.3701411550142059,1.0
ON24,no_geography,Essendon,3,GRN,ALP+LNP+ON,federal ON evidence trial,False,False,0.18666057930642285,0.06405530154110503,True,0.10999455452740924,1.0
ON24,no_geography,Essendon,4,LNP,ALP+ON,ON special prior,True,True,0.2869364690279889,0.006974652990265839,True,0.56,0.0
ON24,no_geography,Eureka,1,IND,ALP+GRN+LNP+ON+OTH,full AEC row,False,False,0.03103638116667055,0.04415340632881026,True,0.32486501349865016,1.0
ON24,no_geography,Eureka,2,OTH,ALP+GRN+LNP+ON,federal ON evidence trial,False,False,0.08325890523275893,0.022267287423623508,True,0.4613853053418658,1.0
ON24,no_geography,Eureka,3,GRN,ALP+LNP+ON,federal ON evidence trial,False,False,0.12093836518269548,0.10809959560076289,True,0.1704057226451549,1.0
ON24,no_geography,Eureka,4,LNP,ALP+ON,ON special prior,True,True,0.25677249561396975,0.09980706840126685,True,0.79,0.0
ON24,no_geography,Euroa,1,IND,ALP+GRN+LNP+ON+OTH,ideology prior,False,False,9.875718374479988e-10,0.042619211421261384,True,0.2165,0.0
ON24,no_geography,Euroa,2,OTH,ALP+GRN+LNP+ON,federal ON evidence trial,False,False,0.04261921253474863,0.010453130134102623,True,0.397180119518891,1.0
ON24,no_geography,Euroa,3,GRN,ALP+LNP+ON,federal ON evidence trial,False,False,0.06187183192742088,0.11923237166690115,True,0.1719103473033841,0.87
ON24,no_geography,Euroa,4,ALP,LNP+ON,ON special prior,True,True,0.22099709591656452,0.12670732929349882,True,0.36000000000000004,0.0
ON24,no_geography,Evelyn,1,IND,ALP+GRN+LNP+ON+OTH,full AEC row,False,False,0.015313635540384075,0.009519114123729902,True,0.33714903509649036,1.0
ON24,no_geography,Evelyn,2,OTH,ALP+GRN+LNP+ON,federal ON evidence trial,False,False,0.029977693279499187,0.07064258142550173,True,0.42259090206918615,1.0
ON24,no_geography,Evelyn,3,GRN,ALP+LNP+ON,federal ON evidence trial,False,False,0.10644163179636323,0.10717890929698068,True,0.12519834804215843,1.0
ON24,no_geography,Evelyn,4,ON,ALP+LNP,federal ON evidence trial,False,False,0.2691578877306609,0.011748998059169458,True,0.0,0.73
ON24,no_geography,Footscray,1,IND,ALP+GRN+LNP+ON+OTH,ideology prior,False,False,0.002938006294140485,0.09633367339209352,True,0.2165,0.0
ON24,no_geography,Footscray,2,OTH,ALP+GRN+LNP+ON,federal ON evidence trial,False,False,0.09964627548873692,0.026945147301306288,True,0.3222198513261169,1.0
ON24,no_geography,Footscray,3,LNP,ALP+GRN+ON,full AEC row,False,False,0.1438925443026069,0.09323009736586771,True,0.23913778608683064,1.0
ON24,no_geography,Footscray,4,ON,ALP+GRN,ideology prior,False,False,0.27153278614740123,0.06430165822237327,True,0.0,0.16999999999999998
ON24,no_geography,Frankston,1,IND,ALP+GRN+LNP+ON+OTH,full AEC row,False,False,0.025882220488543727,0.05203590807296153,True,0.25102425,1.0
ON24,no_geography,Frankston,2,OTH,ALP+GRN+LNP+ON,federal ON evidence trial,False,False,0.0908364624517472,0.02920629657474444,True,0.3596836678928162,1.0
ON24,no_geography,Frankston,3,GRN,ALP+LNP+ON,federal ON evidence trial,False,False,0.13912814638161802,0.11456174870481661,True,0.1189530278315692,1.0
ON24,no_geography,Frankston,4,LNP,ALP+ON,ON special prior,True,True,0.28472338544153203,0.039144498085198876,True,0.6299999999999999,0.0
ON24,no_geography,Geelong,1,OTH,ALP+GRN+IND+LNP+ON,federal ON evidence trial,False,False,0.022043741002668753,0.05520081546516361,True,0.3593259825185165,1.0
ON24,no_geography,Geelong,2,IND,ALP+GRN+LNP+ON,ideology prior,False,False,0.08084575595545915,0.056403376317305076,True,0.29630940186851995,0.6687
ON24,no_geography,Geelong,3,GRN,ALP+LNP+ON,federal ON evidence trial,False,False,0.15771803439453688,0.036990759577749915,True,0.1380079348979964,1.0
ON24,no_geography,Geelong,4,LNP,ALP+ON,ON special prior,True,True,0.22484703670831102,0.1398632058592444,True,0.6900000000000001,0.0
ON24,no_geography,Gippsland East,1,IND,ALP+GRN+LNP+ON+OTH,ideology prior,False,False,0.019717685484492417,0.026490030202254225,True,0.2165,0.0
ON24,no_geography,Gippsland East,2,ALP,GRN+LNP+ON+OTH,ideology prior,False,False,0.05093379842631092,0.008993224952423086,True,0.16682733630208346,0.0
ON24,no_geography,Gippsland East,3,OTH,GRN+LNP+ON,ideology prior,False,False,0.06547354355465834,0.028271924798603548,True,0.5054169676998066,0.8903
ON24,no_geography,Gippsland East,4,GRN,LNP+ON,ON special prior,True,True,0.11023220728847655,0.2845839832132172,True,0.23,0.2589
ON24,no_geography,Gippsland South,1,OTH,ALP+GRN+IND+LNP+ON,federal ON evidence trial,False,False,0.022086343355020088,0.023266763666433297,True,0.5184490499893772,1.0
ON24,no_geography,Gippsland South,2,IND,ALP+GRN+LNP+ON,full AEC row,False,False,0.048564451479717725,0.03661860654265638,True,0.33134294894405575,1.0
ON24,no_geography,Gippsland South,3,GRN,ALP+LNP+ON,federal ON evidence trial,False,False,0.09177900504808587,0.019168967317645128,True,0.1298533167023568,1.0
ON24,no_geography,Gippsland South,4,ALP,LNP+ON,ON special prior,True,True,0.16778917569631357,0.20312282512697344,True,0.36,0.0
ON24,no_geography,Glen Waverley,1,IND,ALP+GRN+LNP+ON+OTH,ideology prior,False,False,0.00026750718991362026,0.03328561860189309,True,0.2165,0.0
ON24,no_geography,Glen Waverley,2,OTH,ALP+GRN+LNP+ON,federal ON evidence trial,False,False,0.033587232958520695,0.07197533970120043,True,0.3747641191532307,1.0
ON24,no_geography,Glen Waverley,3,GRN,ALP+LNP+ON,federal ON evidence trial,False,False,0.1133337300957271,0.045271192444851796,True,0.0872243554364069,1.0
ON24,no_geography,Glen Waverley,4,ON,ALP+LNP,federal ON evidence trial,False,False,0.1684903840973824,0.22730069795343025,True,0.0,0.7
ON24,no_geography,Greenvale,1,IND,ALP+GRN+LNP+ON+OTH,full AEC row,False,False,0.061321121137732866,0.007862983016460413,True,0.24700125,1.0
ON24,no_geography,Greenvale,2,GRN,ALP+LNP+ON+OTH,full AEC row,False,False,0.07292164181781838,0.07009702432050027,True,0.0609416671367157,1.0
ON24,no_geography,Greenvale,3,OTH,ALP+LNP+ON,full AEC row,False,False,0.17316602073727155,0.03908110734860981,True,0.4225062064646755,1.0
ON24,no_geography,Greenvale,4,LNP,ALP+ON,ON special prior,True,True,0.26618994792036443,0.019220898675804843,True,0.6300000000000001,0.0
ON24,no_geography,Hastings,1,IND,ALP+GRN+LNP+ON+OTH,full AEC row,False,False,0.008809654192959518,0.04208609330444064,True,0.328850875,1.0
ON24,no_geography,Hastings,2,OTH,ALP+GRN+LNP+ON,federal ON evidence trial,False,False,0.05338258073125973,0.04715986234258837,True,0.4706905495375266,1.0
ON24,no_geography,Hastings,3,GRN,ALP+LNP+ON,federal ON evidence trial,False,False,0.11071998424569807,0.13987923209750852,True,0.14950934247461792,1.0
ON24,no_geography,Hastings,4,ALP,LNP+ON,ON special prior,True,True,0.3218893709228623,0.015793968736720065,True,0.35999999999999993,0.0
ON24,no_geography,Hawthorn,1,OTH,ALP+GRN+IND+LNP+ON,federal ON evidence trial,False,False,0.010301418101993028,0.09317586631658993,True,0.3195576451206586,1.0
ON24,no_geography,Hawthorn,2,ON,ALP+GRN+IND+LNP,federal ON evidence trial,False,False,0.10676918132865917,0.029499549976576445,True,0.0,0.8
ON24,no_geography,Hawthorn,3,ALP,GRN+IND+LNP,posterior scenario,False,False,0.15236241553895238,0.0044452144627192824,False,0.0,0.0
ON24,no_geography,Hawthorn,4,GRN,IND+LNP,ideology prior,False,False,0.22385823847209194,0.016543405949168005,False,0.0,0.5983401659834017
ON24,no_geography,Ivanhoe,1,OTH,ALP+GRN+IND+LNP+ON,federal ON evidence trial,False,False,0.01162509618197567,0.001947800339884084,True,0.3394467856075304,1.0
ON24,no_geography,Ivanhoe,2,IND,ALP+GRN+LNP+ON,ideology prior,False,False,0.015472042878599955,0.17526946696008747,True,0.2555786081589646,0.7434743474347435
ON24,no_geography,Ivanhoe,3,ON,ALP+GRN+LNP,federal ON evidence trial,False,False,0.19469583302297583,0.0065908635814379835,True,0.0,0.75
ON24,no_geography,Ivanhoe,4,GRN,ALP+LNP,posterior scenario,False,False,0.2337206536409331,0.12481459691741928,False,0.0,0.95
ON24,no_geography,Kalkallo,1,IND,ALP+GRN+LNP+ON+OTH,full AEC row,False,False,0.017888503666781467,0.044288238055773435,True,0.3315045254525453,1.0
ON24,no_geography,Kalkallo,2,GRN,ALP+LNP+ON+OTH,full AEC row,False,False,0.06370650263412225,0.03699063388387697,True,0.10571623594769276,1.0
ON24,no_geography,Kalkallo,3,OTH,ALP+LNP+ON,full AEC row,False,False,0.11689902637139082,0.07458495587853603,True,0.4922938268198547,1.0
ON24,no_geography,Kalkallo,4,LNP,ALP+ON,ON special prior,True,True,0.21625447564211286,0.07844690583346725,True,0.76,0.0
ON24,no_geography,Kew,1,OTH,ALP+GRN+IND+LNP+ON,federal ON evidence trial,False,False,0.0012554827531165002,0.1040053121903346,True,0.3195576451206586,1.0
ON24,no_geography,Kew,2,ON,ALP+GRN+IND+LNP,federal ON evidence trial,False,False,0.1056619940555266,0.007331306087441536,True,0.0,0.8
ON24,no_geography,Kew,3,GRN,ALP+IND+LNP,posterior scenario,False,False,0.12214471919845361,0.02484185483641431,False,0.0,0.9500000000000001
ON24,no_geography,Kew,4,ALP,IND+LNP,posterior scenario,False,False,0.20478764217134784,0.04387722529901075,False,0.0,0.0
ON24,no_geography,Kororoit,1,IND,ALP+GRN+LNP+ON+OTH,full AEC row,False,False,0.01665668378471287,0.05863547878485201,True,0.2462743774377438,1.0
ON24,no_geography,Kororoit,2,GRN,ALP+LNP+ON+OTH,full AEC row,False,False,0.07617934462443471,0.07509098520548396,True,0.05246263857334308,1.0
ON24,no_geography,Kororoit,3,OTH,ALP+LNP+ON,full AEC row,False,False,0.1808308468603146,0.004228773113205492,True,0.4384707272846082,1.0
ON24,no_geography,Kororoit,4,LNP,ALP+ON,ON special prior,True,True,0.21491412347971725,0.1111295304526421,True,0.63,0.0
ON24,no_geography,Lara,1,IND,ALP+GRN+LNP+ON+OTH,full AEC row,False,False,0.01703882007964107,0.057997016126456954,True,0.3049072407240724,1.0
ON24,no_geography,Lara,2,OTH,ALP+GRN+LNP+ON,federal ON evidence trial,False,False,0.07867867425242793,0.023681513869848958,True,0.44579901851553166,1.0
ON24,no_geography,Lara,3,GRN,ALP+LNP+ON,federal ON evidence trial,False,False,0.11780770200484275,0.018883172349498517,True,0.1719424063798793,1.0
ON24,no_geography,Lara,4,LNP,ALP+ON,ON special prior,True,True,0.16899006133426622,0.24643108797817717,True,0.7600000000000001,0.0
ON24,no_geography,Laverton,1,IND,ALP+GRN+LNP+ON+OTH,full AEC row,False,False,0.022455945301307678,0.08511433860257837,True,0.2522403490349035,1.0
ON24,no_geography,Laverton,2,GRN,ALP+LNP+ON+OTH,ideology prior,False,False,0.10900113456200246,0.02673956011826524,True,0.05670386030524689,1.0
ON24,no_geography,Laverton,3,OTH,ALP+LNP+ON,ideology prior,False,False,0.14472935251596836,0.026344342448715863,True,0.4976385890371822,0.7149
ON24,no_geography,Laverton,4,LNP,ALP+ON,ON special prior,True,True,0.20361177617062212,0.11504732437171014,True,0.56,0.0
ON24,no_geography,Lowan,1,IND,ALP+GRN+LNP+ON+OTH,ideology prior,False,False,0.03936431074870544,0.002776157260794457,True,0.24876065,1.0
ON24,no_geography,Lowan,2,OTH,ALP+GRN+LNP+ON,federal ON evidence trial,False,False,0.045653732743821854,0.019265939829852335,True,0.45933221272401537,0.8765123487651234
ON24,no_geography,Lowan,3,GRN,ALP+LNP+ON,federal ON evidence trial,False,False,0.0728405590224027,0.010991353450410996,True,0.17220946606483833,0.8507
ON24,no_geography,Lowan,4,ALP,LNP+ON,ON special prior,True,True,0.1293964569110059,0.22248811282324174,True,0.36,0.0
ON24,no_geography,Macedon,1,OTH,ALP+GRN+IND+LNP+ON,federal ON evidence trial,False,False,0.03100963288814458,0.018065872818138713,True,0.3792250665812742,1.0
ON24,no_geography,Macedon,2,IND,ALP+GRN+LNP+ON,ideology prior,False,False,0.05414142777707706,0.07663582549536407,True,0.3206698042874397,0.8798
ON24,no_geography,Macedon,3,GRN,ALP+LNP+ON,federal ON evidence trial,False,False,0.1412743779537788,0.10837013914782165,True,0.13622366327409766,1.0
ON24,no_geography,Macedon,4,LNP,ALP+ON,ON special prior,True,True,0.2742984030086258,0.04934663413772622,True,0.79,0.0
ON24,no_geography,Malvern,1,IND,ALP+GRN+LNP+ON+OTH,full AEC row,False,False,0.012852293361046967,0.005866125267510451,True,0.228368625,1.0
ON24,no_geography,Malvern,2,OTH,ALP+GRN+LNP+ON,federal ON evidence trial,False,False,0.020865072927186288,0.10405122677631125,True,0.3140125931001231,1.0
ON24,no_geography,Malvern,3,ON,ALP+GRN+LNP,federal ON evidence trial,False,False,0.13146819535858648,0.028573057397999424,True,0.0,0.7000000000000001
ON24,no_geography,Malvern,4,ALP,GRN+LNP,posterior scenario,False,False,0.18654737456874002,0.012546611786510287,False,0.0,0.0
ON24,no_geography,Melbourne,1,IND,ALP+GRN+LNP+ON+OTH,full AEC row,False,False,0.009616653133170635,0.06749093924509743,True,0.23268214321432143,1.0
ON24,no_geography,Melbourne,2,OTH,ALP+GRN+LNP+ON,federal ON evidence trial,False,False,0.08082556994424576,0.05449344185915243,True,0.3185358578154993,1.0
ON24,no_geography,Melbourne,3,LNP,ALP+GRN+ON,full AEC row,False,False,0.14904422732747344,0.0529819075723619,True,0.23202730156617524,1.0
ON24,no_geography,Melbourne,4,ON,ALP+GRN,ideology prior,False,False,0.2366084647806446,0.013779314280381788,True,0.0,0.16999999999999998
ON24,no_geography,Melton,1,GRN,ALP+IND+LNP+ON+OTH,full AEC row,False,False,0.04876836544566603,0.04784855809349508,True,0.1,1.0
ON24,no_geography,Melton,2,OTH,ALP+IND+LNP+ON,ideology prior,False,False,0.10151814426645055,0.04538325067860528,True,0.5260170936727341,0.9478
ON24,no_geography,Melton,3,LNP,ALP+IND+ON,ideology prior,False,False,0.15850494961035835,0.07795565604463484,True,0.4825666927186078,0.0
ON24,no_geography,Melton,4,ALP,IND+ON,ideology prior,False,False,0.2731426910164114,0.017516822356265616,True,0.45108729813224047,0.0
ON24,no_geography,Mildura,1,OTH,ALP+GRN+IND+LNP+ON,federal ON evidence trial,False,False,0.004858411349698637,0.006026764341242867,True,0.3792250665812742,1.0
ON24,no_geography,Mildura,2,ALP,GRN+IND+LNP+ON,ideology prior,False,False,0.011432627720032852,0.016849881899411376,True,0.2002210174795272,1.0
ON24,no_geography,Mildura,3,GRN,IND+LNP+ON,ideology prior,False,False,0.032560109003292315,0.24281566344023264,True,0.2544904816318767,0.5776422357764224
ON24,no_geography,Mildura,4,LNP,IND+ON,ideology prior,False,False,0.28372124230811074,0.03756199795954346,True,0.6118610584179514,0.0
ON24,no_geography,Mill Park,1,IND,ALP+GRN+LNP+ON+OTH,ideology prior,False,False,1.021038641487028e-09,0.07282182575617444,True,0.2165,0.0
ON24,no_geography,Mill Park,2,GRN,ALP+LNP+ON+OTH,full AEC row,False,False,0.07282182697861295,0.028557126462364732,True,0.050000000600665166,1.0
ON24,no_geography,Mill Park,3,OTH,ALP+LNP+ON,full AEC row,False,False,0.11646035379863662,0.0678067360548544,True,0.4680525787848715,1.0
ON24,no_geography,Mill Park,4,LNP,ALP+ON,ON special prior,True,True,0.21760313609680304,0.1285171096986995,True,0.6299999999999999,0.0
ON24,no_geography,Monbulk,1,OTH,ALP+GRN+IND+LNP+ON,federal ON evidence trial,False,False,0.031315834071139845,0.054776621767774064,True,0.48530048251125746,1.0
ON24,no_geography,Monbulk,2,IND,ALP+GRN+LNP+ON,full AEC row,False,False,0.09240633939053552,0.06510608234822018,True,0.3097384370601447,1.0
ON24,no_geography,Monbulk,3,GRN,ALP+LNP+ON,federal ON evidence trial,False,False,0.18418134811033932,0.0718823377232704,True,0.14515128634810556,1.0
ON24,no_geography,Monbulk,4,ON,ALP+LNP,federal ON evidence trial,False,False,0.3074825216652737,0.012765118979832346,True,0.0,0.73
ON24,no_geography,Mordialloc,1,OTH,ALP+GRN+IND+LNP+ON,federal ON evidence trial,False,False,0.02231849780626818,0.04513839193027015,True,0.38585478007689816,1.0
ON24,no_geography,Mordialloc,2,IND,ALP+GRN+LNP+ON,full AEC row,False,False,0.07249828743606951,0.033356232309447426,True,0.23068018510545743,1.0
ON24,no_geography,Mordialloc,3,GRN,ALP+LNP+ON,federal ON evidence trial,False,False,0.11764646270873425,0.13712067356538332,True,0.09191952254239753,1.0
ON24,no_geography,Mordialloc,4,ON,ALP+LNP,federal ON evidence trial,False,False,0.2655811429551064,0.05182642856307612,True,0.0,0.7
ON24,no_geography,Mornington,1,OTH,ALP+GRN+IND+LNP+ON,federal ON evidence trial,False,False,0.005613862685649145,0.07203786810238753,True,0.4853004825112574,1.0
ON24,no_geography,Mornington,2,GRN,ALP+IND+LNP+ON,federal ON evidence trial,False,False,0.07813582254873183,0.0359638166103831,True,0.10115572183397636,1.0
ON24,no_geography,Mornington,3,ALP,IND+LNP+ON,full AEC row,False,False,0.1404407287160552,0.0769545540129137,True,0.23815679570955542,1.0
ON24,no_geography,Mornington,4,ON,IND+LNP,ideology prior,False,False,0.25084219666709956,0.06368462514141326,True,0.0,0.69
ON24,no_geography,Morwell,1,GRN,ALP+IND+LNP+ON+OTH,full AEC row,False,False,0.039473207808854036,0.038584581865370074,True,0.1,1.0
ON24,no_geography,Morwell,2,OTH,ALP+IND+LNP+ON,ideology prior,False,False,0.08164985158482983,0.04212071006681291,True,0.4280302211141141,1.0
ON24,no_geography,Morwell,3,IND,ALP+LNP+ON,ideology prior,False,False,0.13750487365053712,0.05737139181970896,True,0.3566479297005224,0.6859
ON24,no_geography,Morwell,4,ALP,LNP+ON,ON special prior,True,True,0.24082358722904862,0.04482415187913247,True,0.25,0.0
ON24,no_geography,Mulgrave,1,OTH,ALP+GRN+IND+LNP+ON,federal ON evidence trial,False,False,0.013655433372651557,0.045831010994271386,True,0.38585478007689816,1.0
ON24,no_geography,Mulgrave,2,GRN,ALP+IND+LNP+ON,federal ON evidence trial,False,False,0.060829645621740085,0.08069644592617703,True,0.0635080803658955,1.0
ON24,no_geography,Mulgrave,3,LNP,ALP+IND+ON,full AEC row,False,False,0.15289275865532082,0.027044134213903587,True,0.3149058057119071,1.0
ON24,no_geography,Mulgrave,4,IND,ALP+ON,ON special prior,True,True,0.2007270627021836,0.08197808189304046,True,0.2,0.0
ON24,no_geography,Murray Plains,1,IND,ALP+GRN+LNP+ON+OTH,full AEC row,False,False,0.016774455803175554,0.0246919887812308,True,0.324778625,1.0
ON24,no_geography,Murray Plains,2,GRN,ALP+LNP+ON+OTH,full AEC row,False,False,0.04380573889928006,0.011712451303843921,True,0.11283511099678573,1.0
ON24,no_geography,Murray Plains,3,ALP,LNP+ON+OTH,ideology prior,False,False,0.07204928284190508,0.02007588513120699,True,0.3348320812658838,0.0
ON24,no_geography,Murray Plains,4,OTH,LNP+ON,ON special prior,True,True,0.1137119492121063,0.25737617883743996,True,0.4600000000000001,0.8509
ON24,no_geography,Narracan,1,OTH,ALP+GRN+IND+LNP+ON,federal ON evidence trial,False,False,9.871755515458127e-10,0.056345819474791475,True,0.3195576451206586,0.0
ON24,no_geography,Narracan,2,IND,ALP+GRN+LNP+ON,ideology prior,False,False,0.056345820662506166,0.0840566166763906,True,0.22823529459318528,0.0
ON24,no_geography,Narracan,3,GRN,ALP+LNP+ON,federal ON evidence trial,False,False,0.15347798219537787,0.01224781055291832,True,0.0888005363811888,0.0
ON24,no_geography,Narracan,4,ALP,LNP+ON,ON special prior,True,True,0.2885824727946777,0.02234455744705416,True,0.36000000000000004,0.0
ON24,no_geography,Narre Warren North,1,IND,ALP+GRN+LNP+ON+OTH,full AEC row,False,False,0.01277655122959192,0.05451069149034816,True,0.24844603039696028,1.0
ON24,no_geography,Narre Warren North,2,GRN,ALP+LNP+ON+OTH,full AEC row,False,False,0.06823977351481458,0.02510987707146249,True,0.05303634730425504,1.0
ON24,no_geography,Narre Warren North,3,OTH,ALP+LNP+ON,full AEC row,False,False,0.10825757770363557,0.11037086655114743,True,0.45441830142373585,1.0
ON24,no_geography,Narre Warren North,4,LNP,ALP+ON,ON special prior,True,True,0.2479891261335106,0.11032987790031257,True,0.6299999999999999,0.0
ON24,no_geography,Narre Warren South,1,IND,ALP+GRN+LNP+ON+OTH,full AEC row,False,False,0.005080365847294446,0.062072808453064884,True,0.2536262376237624,1.0
ON24,no_geography,Narre Warren South,2,GRN,ALP+LNP+ON+OTH,full AEC row,False,False,0.06747638456907587,0.02024768576724209,True,0.0510560024666765,1.0
ON24,no_geography,Narre Warren South,3,OTH,ALP+LNP+ON,full AEC row,False,False,0.10519228822658219,0.1232617369478047,True,0.4463040814764196,1.0
ON24,no_geography,Narre Warren South,4,LNP,ALP+ON,ON special prior,True,True,0.2575301440151984,0.08624157862938459,True,0.6300000000000001,0.0
ON24,no_geography,Nepean,1,OTH,ALP+GRN+IND+LNP+ON,federal ON evidence trial,False,False,0.011524033069656847,0.02556174848617722,True,0.36928049633783827,1.0
ON24,no_geography,Nepean,2,IND,ALP+GRN+LNP+ON,ideology prior,False,False,0.03896841762839626,0.05901988963295657,True,0.30073573863268743,0.6993
ON24,no_geography,Nepean,3,GRN,ALP+LNP+ON,federal ON evidence trial,False,False,0.1060121266754705,0.09794386481069839,True,0.12476243923528973,1.0
ON24,no_geography,Nepean,4,ALP,LNP+ON,ON special prior,True,True,0.27238975677107297,0.0015373721407027086,True,0.36,0.0
ON24,no_geography,Niddrie,1,IND,ALP+GRN+LNP+ON+OTH,ideology prior,False,False,1.005069647918951e-12,0.06620736323185757,True,0.2165,0.0
ON24,no_geography,Niddrie,2,OTH,ALP+GRN+LNP+ON,federal ON evidence trial,False,False,0.06620736323299078,0.00857919848383483,True,0.3749340029414871,1.0
ON24,no_geography,Niddrie,3,GRN,ALP+LNP+ON,federal ON evidence trial,False,False,0.08797799609408806,0.18427883002544304,True,0.1227786939309546,1.0
ON24,no_geography,Niddrie,4,LNP,ALP+ON,ON special prior,True,True,0.29565907613990566,0.03613160466579485,True,0.56,0.0
ON24,no_geography,Northcote,1,IND,ALP+GRN+LNP+ON+OTH,full AEC row,False,False,0.009405243645881087,0.052738553208392915,True,0.23911996300369964,1.0
ON24,no_geography,Northcote,2,LNP,ALP+GRN+ON+OTH,ideology prior,False,False,0.06268272690757226,0.03444033348525895,True,0.3602768573783644,1.0
ON24,no_geography,Northcote,3,OTH,ALP+GRN+ON,ideology prior,False,False,0.10657547767642205,0.13375946344279938,True,0.3757266633412699,0.8543000000000001
ON24,no_geography,Northcote,4,ON,ALP+GRN,ideology prior,False,False,0.2803781897405855,0.03689243086514227,True,0.0,0.16999999999999998
ON24,no_geography,Oakleigh,1,OTH,ALP+GRN+IND+LNP+ON,federal ON evidence trial,False,False,0.009036115454417886,0.013141892609263805,True,0.38585478007689816,1.0
ON24,no_geography,Oakleigh,2,IND,ALP+GRN+LNP+ON,full AEC row,False,False,0.023998068152559296,0.1387633690457552,True,0.23150759388270487,1.0
ON24,no_geography,Oakleigh,3,GRN,ALP+LNP+ON,federal ON evidence trial,False,False,0.16721019057593534,0.06951628005892987,True,0.06526244101831032,1.0
ON24,no_geography,Oakleigh,4,ON,ALP+LNP,federal ON evidence trial,False,False,0.24763901583498762,0.03378424630488716,True,0.0,0.7
ON24,no_geography,Ovens Valley,1,IND,ALP+GRN+LNP+ON+OTH,ideology prior,False,False,0.04755808044141177,0.02876276777313952,True,0.2165,0.0
ON24,no_geography,Ovens Valley,2,ALP,GRN+LNP+ON+OTH,ideology prior,False,False,0.08771992562035218,0.0031719381886008285,True,0.1712547282134429,0.0
ON24,no_geography,Ovens Valley,3,OTH,GRN+LNP+ON,ideology prior,False,False,0.12709543150489094,0.011212000957241619,True,0.5661652361879128,0.9419
ON24,no_geography,Ovens Valley,4,GRN,LNP+ON,ON special prior,True,True,0.16126638431210935,0.2133015172151372,True,0.22999999999999998,0.3624
ON24,no_geography,Pakenham,1,IND,ALP+GRN+LNP+ON+OTH,ideology prior,False,False,0.06968604005653006,0.00132545510214023,True,0.24550107500000004,1.0
ON24,no_geography,Pakenham,2,GRN,ALP+LNP+ON+OTH,ideology prior,False,False,0.08063339513947568,0.019593454817282654,True,0.10508894835230809,0.7081708170817081
ON24,no_geography,Pakenham,3,OTH,ALP+LNP+ON,ideology prior,False,False,0.10682340946348574,0.16616132986374949,True,0.5767359043000978,0.7984
ON24,no_geography,Pakenham,4,ALP,LNP+ON,ON special prior,True,True,0.2954811121869581,0.023764130299960495,True,0.36000000000000004,0.0
ON24,no_geography,Pascoe Vale,1,OTH,ALP+GRN+IND+LNP+ON,federal ON evidence trial,False,False,0.07177214334000055,0.02223171969912821,True,0.33944678560753044,1.0
ON24,no_geography,Pascoe Vale,2,IND,ALP+GRN+LNP+ON,ideology prior,False,False,0.10572899652670671,0.037929245370671785,True,0.2531220965679859,0.6067
ON24,no_geography,Pascoe Vale,3,LNP,ALP+GRN+ON,full AEC row,False,False,0.16712852088588132,0.09649741752838664,True,0.32463402156825844,1.0
ON24,no_geography,Pascoe Vale,4,ON,ALP+GRN,ideology prior,False,False,0.31788154226820625,0.019401290489155842,True,0.0,0.16999999999999998
ON24,no_geography,Point Cook,1,GRN,ALP+IND+LNP+ON+OTH,ideology prior,False,False,0.07315900700546572,0.010297094414635069,True,0.049999999999999996,1.0
ON24,no_geography,Point Cook,2,OTH,ALP+IND+LNP+ON,ideology prior,False,False,0.08857723191048339,0.03820878565186733,True,0.4539180720510736,0.7787999999999999
ON24,no_geography,Point Cook,3,IND,ALP+LNP+ON,ideology prior,False,False,0.14163663079371303,0.055595497540449956,True,0.31292663990570074,0.6815
ON24,no_geography,Point Cook,4,LNP,ALP+ON,ON special prior,True,True,0.24571561607059014,0.11115922774507755,True,0.63,0.0
ON24,no_geography,Polwarth,1,IND,ALP+GRN+LNP+ON+OTH,ideology prior,False,False,0.035347263699732165,0.005927681407320473,True,0.2470117086708671,1.0
ON24,no_geography,Polwarth,2,OTH,ALP+GRN+LNP+ON,federal ON evidence trial,False,False,0.04442968839225373,0.1226801888027613,True,0.4581158310628372,0.9267
ON24,no_geography,Polwarth,3,GRN,ALP+LNP+ON,federal ON evidence trial,False,False,0.17637372761304726,0.010720522202001315,True,0.13578325295299284,1.0
ON24,no_geography,Polwarth,4,ON,ALP+LNP,federal ON evidence trial,False,False,0.26238613890493656,0.04559918872075114,True,0.0,0.73
ON24,no_geography,Prahran,1,IND,ALP+GRN+LNP+ON+OTH,full AEC row,False,False,0.009018035974269294,0.03377605368915167,True,0.22670332966703327,1.0
ON24,no_geography,Prahran,2,OTH,ALP+GRN+LNP+ON,federal ON evidence trial,False,False,0.04527510906962067,0.10657705261704073,True,0.3180569660565165,1.0
ON24,no_geography,Prahran,3,ALP,GRN+LNP+ON,full AEC row,False,False,0.15888232803987967,0.019676980863738175,True,0.13594763463206486,1.0
ON24,no_geography,Prahran,4,ON,GRN+LNP,ideology prior,False,False,0.2001589855854753,0.1226018614090264,True,0.0,0.5800000000000001
ON24,no_geography,Preston,1,OTH,ALP+GRN+IND+LNP+ON,federal ON evidence trial,False,False,0.08767232791597533,0.012185078959383464,True,0.33944678560753044,1.0
ON24,no_geography,Preston,2,LNP,ALP+GRN+IND+ON,ideology prior,False,False,0.11565763072667472,0.024415410825248077,True,0.37752029621535044,1.0
ON24,no_geography,Preston,3,IND,ALP+GRN+ON,ideology prior,False,False,0.15915036429064083,0.037328428327630864,True,0.2601469377755127,0.8427
ON24,no_geography,Preston,4,GRN,ALP+ON,ON special prior,True,True,0.272050021541646,0.0768333746905086,True,0.09000000000000001,0.0
ON24,no_geography,Richmond,1,IND,ALP+GRN+LNP+ON+OTH,full AEC row,False,False,0.04049101100223483,0.03906686674285918,True,0.24379724527547247,1.0
ON24,no_geography,Richmond,2,OTH,ALP+GRN+LNP+ON,federal ON evidence trial,False,False,0.09337850719787162,0.011776240824219492,True,0.31075619349845257,1.0
ON24,no_geography,Richmond,3,LNP,ALP+GRN+ON,full AEC row,False,False,0.12153772703349251,0.07758096892041567,True,0.23891346377817263,1.0
ON24,no_geography,Richmond,4,ON,ALP+GRN,ideology prior,False,False,0.22815569529920593,0.06607088955790574,True,0.0,0.16999999999999998
ON24,no_geography,Ringwood,1,IND,ALP+GRN+LNP+ON+OTH,ideology prior,False,False,4.393709881000182e-05,0.04757315626932425,True,0.21650000000000003,0.0
ON24,no_geography,Ringwood,2,OTH,ALP+GRN+LNP+ON,federal ON evidence trial,False,False,0.047622695348232526,0.11351194415770366,True,0.42725439394442455,1.0
ON24,no_geography,Ringwood,3,GRN,ALP+LNP+ON,federal ON evidence trial,False,False,0.1760289503925833,0.005452694952361947,True,0.08168542332025727,1.0
ON24,no_geography,Ringwood,4,ON,ALP+LNP,federal ON evidence trial,False,False,0.19586064467438397,0.1898321682751002,True,0.0,0.7
ON24,no_geography,Ripon,1,IND,ALP+GRN+LNP+ON+OTH,full AEC row,False,False,0.019092876517070125,0.038232477954946074,True,0.32847425,1.0
ON24,no_geography,Ripon,2,GRN,ALP+LNP+ON+OTH,full AEC row,False,False,0.058502251313576226,0.055455242960640944,True,0.10460458307701964,1.0
ON24,no_geography,Ripon,3,OTH,ALP+LNP+ON,full AEC row,False,False,0.12303553795787808,0.1352612109934797,True,0.5674163355552619,1.0
ON24,no_geography,Ripon,4,LNP,ALP+ON,ON special prior,True,True,0.28168207077455637,0.04089667345831738,True,0.7899999999999999,0.0
ON24,no_geography,Rowville,1,OTH,ALP+GRN+IND+LNP+ON,federal ON evidence trial,False,False,0.010833604795667235,0.07522411657427762,True,0.4521187697801849,1.0
ON24,no_geography,Rowville,2,GRN,ALP+IND+LNP+ON,federal ON evidence trial,False,False,0.08718720612666503,0.02459602673824883,True,0.06088910731680718,1.0
ON24,no_geography,Rowville,3,IND,ALP+LNP+ON,full AEC row,False,False,0.13153356689380802,0.06171517439077692,True,0.20893403779650774,1.0
ON24,no_geography,Rowville,4,ON,ALP+LNP,federal ON evidence trial,False,False,0.2207305805214853,0.09375503858522666,True,0.0,0.7
ON24,no_geography,Sandringham,1,OTH,ALP+GRN+IND+LNP+ON,federal ON evidence trial,False,False,0.03334445665610049,0.04957723192983368,True,0.3858282638745359,1.0
ON24,no_geography,Sandringham,2,IND,ALP+GRN+LNP+ON,full AEC row,False,False,0.08786254581070474,0.061005418001190165,True,0.21275903945386365,1.0
ON24,no_geography,Sandringham,3,GRN,ALP+LNP+ON,federal ON evidence trial,False,False,0.17457601046243892,0.00211903087229115,True,0.10668606367273922,1.0
ON24,no_geography,Sandringham,4,ON,ALP+LNP,federal ON evidence trial,False,False,0.20470375004412894,0.08995571694992882,True,0.0,0.7
ON24,no_geography,Shepparton,1,ALP,GRN+IND+LNP+ON+OTH,ideology prior,False,False,0.00519353176560647,0.015797617039014597,True,0.1656815421875,1.0
ON24,no_geography,Shepparton,2,OTH,GRN+IND+LNP+ON,ideology prior,False,False,0.021301390916554273,0.006965347626847477,True,0.4391544996554864,0.8951
ON24,no_geography,Shepparton,3,GRN,IND+LNP+ON,ideology prior,False,False,0.03181170235173526,0.28869946669562574,True,0.26616899106221953,0.5886411358864113
ON24,no_geography,Shepparton,4,ON,IND+LNP,ideology prior,False,False,0.32897845776629403,0.0036484548104863124,True,0.0,0.6799999999999999
ON24,no_geography,South Barwon,1,IND,ALP+GRN+LNP+ON+OTH,ideology prior,False,False,0.0004451384554059111,0.0719970741074431,True,0.2231,0.0
ON24,no_geography,South Barwon,2,OTH,ALP+GRN+LNP+ON,federal ON evidence trial,False,False,0.07249896771591326,0.050736145821522055,True,0.42710191894746197,1.0
ON24,no_geography,South Barwon,3,GRN,ALP+LNP+ON,federal ON evidence trial,False,False,0.13775337631344617,0.12392111885243332,True,0.1497223476077943,1.0
ON24,no_geography,South Barwon,4,ON,ALP+LNP,federal ON evidence trial,False,False,0.28229925405842854,0.04450618696101105,True,0.0,0.72
ON24,no_geography,South-West Coast,1,OTH,ALP+GRN+IND+LNP+ON,federal ON evidence trial,False,False,0.01710024076913264,0.046038055034313546,True,0.5184092756858338,1.0
ON24,no_geography,South-West Coast,2,GRN,ALP+IND+LNP+ON,federal ON evidence trial,False,False,0.06417182571126834,0.03331037707368879,True,0.10600929907375108,1.0
ON24,no_geography,South-West Coast,3,ALP,IND+LNP+ON,ideology prior,False,False,0.12150162420170836,0.09306797391284598,True,0.29136455652641063,0.0
ON24,no_geography,South-West Coast,4,ON,IND+LNP,ideology prior,False,False,0.24997086496732368,0.10130879524215247,True,0.0,0.68
ON24,no_geography,St Albans,1,IND,ALP+GRN+LNP+ON+OTH,full AEC row,False,False,0.03149125587010095,0.053340497884166484,True,0.22509563456345635,1.0
ON24,no_geography,St Albans,2,GRN,ALP+LNP+ON+OTH,ideology prior,False,False,0.09234238993432173,0.034669133498817034,True,0.07223428665727644,1.0
ON24,no_geography,St Albans,3,OTH,ALP+LNP+ON,ideology prior,False,False,0.13513453516722318,0.07348872062249465,True,0.4802559197482262,0.8298000000000001
ON24,no_geography,St Albans,4,LNP,ALP+ON,ON special prior,True,True,0.24518195354317393,0.08053651080141264,True,0.56,0.0
ON24,no_geography,Sunbury,1,IND,ALP+GRN+LNP+ON+OTH,full AEC row,False,False,0.0362851385389861,0.021081190272934668,True,0.331791,1.0
ON24,no_geography,Sunbury,2,OTH,ALP+GRN+LNP+ON,federal ON evidence trial,False,False,0.06447857881694743,0.00733945363520172,True,0.43743888495294414,1.0
ON24,no_geography,Sunbury,3,GRN,ALP+LNP+ON,federal ON evidence trial,False,False,0.08419792725394121,0.17006917040721048,True,0.17919371444415438,1.0
ON24,no_geography,Sunbury,4,LNP,ALP+ON,ON special prior,True,True,0.27542718721459947,0.08362867078066566,True,0.76,0.0
ON24,no_geography,Sydenham,1,IND,ALP+GRN+LNP+ON+OTH,ideology prior,False,False,0.007914041210483233,0.05730506683820034,True,0.2165,0.0
ON24,no_geography,Sydenham,2,GRN,ALP+LNP+ON+OTH,full AEC row,False,False,0.06678015267745138,0.04589823930252712,True,0.055076948265573356,1.0
ON24,no_geography,Sydenham,3,OTH,ALP+LNP+ON,full AEC row,False,False,0.12880803627754284,0.10379138133590804,True,0.4648714688018377,1.0
ON24,no_geography,Sydenham,4,LNP,ALP+ON,ON special prior,True,True,0.2605321999671954,0.08418920721130552,True,0.63,0.0
ON24,no_geography,Tarneit,1,IND,ALP+GRN+LNP+ON+OTH,full AEC row,False,False,0.033534117825968636,0.045008738305785743,True,0.2484077842215778,1.0
ON24,no_geography,Tarneit,2,GRN,ALP+LNP+ON+OTH,ideology prior,False,False,0.08059648554094746,0.016999076492116225,True,0.05926182050030779,1.0
ON24,no_geography,Tarneit,3,OTH,ALP+LNP+ON,ideology prior,False,False,0.10449502359042229,0.1052129275854273,True,0.511820217248476,0.8278172182781722
ON24,no_geography,Tarneit,4,LNP,ALP+ON,ON special prior,True,True,0.2344589873347403,0.08661488674588413,True,0.63,0.0
ON24,no_geography,Thomastown,1,IND,ALP+GRN+LNP+ON+OTH,ideology prior,False,False,0.028462133878003316,0.03846364966529762,True,0.2165,0.0
ON24,no_geography,Thomastown,2,GRN,ALP+LNP+ON+OTH,full AEC row,False,False,0.07253993945073708,0.02638495374782643,True,0.06680900887674922,1.0
ON24,no_geography,Thomastown,3,OTH,ALP+LNP+ON,full AEC row,False,False,0.12880520614891477,0.0365549137576234,True,0.4135253972809029,1.0
ON24,no_geography,Thomastown,4,LNP,ALP+ON,ON special prior,True,True,0.1905606566941655,0.13604992679487454,True,0.6299999999999999,0.0
ON24,no_geography,Warrandyte,1,IND,ALP+GRN+LNP+ON+OTH,full AEC row,False,False,0.010584195728952578,0.0018976175718589047,True,0.229288375,1.0
ON24,no_geography,Warrandyte,2,OTH,ALP+GRN+LNP+ON,federal ON evidence trial,False,False,0.015289641664766668,0.11102676719657754,True,0.39312071658663766,1.0
ON24,no_geography,Warrandyte,3,GRN,ALP+LNP+ON,federal ON evidence trial,False,False,0.12954345310185236,0.05085304492307555,True,0.06977195790374129,1.0
ON24,no_geography,Warrandyte,4,ON,ALP+LNP,federal ON evidence trial,False,False,0.18943499838145564,0.11922369128571272,True,0.0,0.7
ON24,no_geography,Wendouree,1,IND,ALP+GRN+LNP+ON+OTH,full AEC row,False,False,0.007788925428822547,0.041659794337129366,True,0.3376794429442944,1.0
ON24,no_geography,Wendouree,2,OTH,ALP+GRN+LNP+ON,federal ON evidence trial,False,False,0.05210052988607084,0.05144045969202452,True,0.41969757185425016,1.0
ON24,no_geography,Wendouree,3,GRN,ALP+LNP+ON,federal ON evidence trial,False,False,0.11380647650036557,0.1315281590380785,True,0.14198637552638224,1.0
ON24,no_geography,Wendouree,4,LNP,ALP+ON,ON special prior,True,True,0.26851955606842176,0.05480405612466477,True,0.69,0.0
ON24,no_geography,Werribee,1,GRN,ALP+IND+LNP+ON+OTH,ideology prior,False,False,0.06877592345365643,0.004299514929220247,True,0.06500000000000002,1.0
ON24,no_geography,Werribee,2,OTH,ALP+IND+LNP+ON,ideology prior,False,False,0.07788975302463264,0.045239775910763835,True,0.5401935101975243,0.8819
ON24,no_geography,Werribee,3,IND,ALP+LNP+ON,ideology prior,False,False,0.13617841084432095,0.033754949129786466,True,0.3592369434763828,0.8337833783378338
ON24,no_geography,Werribee,4,LNP,ALP+ON,ON special prior,True,True,0.22297330742690374,0.15439670165426717,True,0.76,0.0
ON24,no_geography,Williamstown,1,IND,ALP+GRN+LNP+ON+OTH,ideology prior,False,False,0.0358131415579122,0.033193639397854004,True,0.2165,0.0
ON24,no_geography,Williamstown,2,OTH,ALP+GRN+LNP+ON,federal ON evidence trial,False,False,0.07357295650440002,0.08773342073496573,True,0.3167489576868889,1.0
ON24,no_geography,Williamstown,3,GRN,ALP+LNP+ON,federal ON evidence trial,False,False,0.1803712358798261,0.04425182013608636,True,0.10943347733469024,1.0
ON24,no_geography,Williamstown,4,LNP,ALP+ON,ON special prior,True,True,0.25530027048126186,0.04040738985218917,True,0.5000000000000001,0.0
ON24,no_geography,Yan Yean,1,IND,ALP+GRN+LNP+ON+OTH,ideology prior,False,False,0.00012377503965500225,0.06552004343922826,True,0.2165,0.0
ON24,no_geography,Yan Yean,2,GRN,ALP+LNP+ON+OTH,full AEC row,False,False,0.06566823310545522,0.04527724487735489,True,0.10006215821847138,1.0
ON24,no_geography,Yan Yean,3,OTH,ALP+LNP+ON,full AEC row,False,False,0.12617873495102094,0.13314667201640418,True,0.51492307348043,1.0
ON24,no_geography,Yan Yean,4,LNP,ALP+ON,ON special prior,True,True,0.28689087631704047,0.04504927328267977,True,0.76,0.0
ON24,no_synthetic_priority,Albert Park,1,OTH,ALP+GRN+IND+LNP+ON,federal ON evidence trial,False,False,0.03445954350046828,0.014099105038959968,True,0.2382375140659608,1.0
ON24,no_synthetic_priority,Albert Park,2,IND,ALP+GRN+LNP+ON,ideology prior,False,False,0.055759794892216746,0.13146590742490755,True,0.10935611063029023,1.0
ON24,no_synthetic_priority,Albert Park,3,ON,ALP+GRN+LNP,federal ON evidence trial,False,False,0.19332337661607985,0.045338670802254316,True,0.0,0.7000000000000001
ON24,no_synthetic_priority,Albert Park,4,GRN,ALP+LNP,posterior scenario,False,False,0.2812142429229007,0.05569425429882369,False,0.0,0.9500000000000001
ON24,no_synthetic_priority,Ashwood,1,OTH,ALP+GRN+IND+LNP+ON,federal ON evidence trial,False,False,1.0038411722451442e-12,0.021560742241331775,True,0.3499180153342636,1.0
ON24,no_synthetic_priority,Ashwood,2,IND,ALP+GRN+LNP+ON,ideology prior,False,False,0.021560742242502845,0.12739764333366335,True,0.2715818744832215,0.7386
ON24,no_synthetic_priority,Ashwood,3,ON,ALP+GRN+LNP,federal ON evidence trial,False,False,0.1548138923696347,0.008532972370969255,True,0.0,0.75
ON24,no_synthetic_priority,Ashwood,4,GRN,ALP+LNP,posterior scenario,False,False,0.18976179529180762,0.14122975330252538,False,0.0,0.95
ON24,no_synthetic_priority,Bass,1,OTH,ALP+GRN+IND+LNP+ON,federal ON evidence trial,False,False,0.048646249158331545,0.002222735876709181,True,0.4330392171397608,1.0
ON24,no_synthetic_priority,Bass,2,IND,ALP+GRN+LNP+ON,ideology prior,False,False,0.059107631966391655,0.024813287628146788,True,0.4062190596730043,0.8191
ON24,no_synthetic_priority,Bass,3,GRN,ALP+LNP+ON,federal ON evidence trial,False,False,0.09616204455925093,0.13176094782076067,True,0.15744116655531606,1.0
ON24,no_synthetic_priority,Bass,4,ALP,LNP+ON,ON special prior,True,True,0.2838819233264612,0.0735866530935364,True,0.35999999999999993,0.0
ON24,no_synthetic_priority,Bayswater,1,IND,ALP+GRN+LNP+ON+OTH,ideology prior,False,False,0.015447171396489507,0.04928093007760903,True,0.23863279963472847,1.0
ON24,no_synthetic_priority,Bayswater,2,OTH,ALP+GRN+LNP+ON,federal ON evidence trial,False,False,0.06750012574289598,0.024869585702872052,True,0.411250396417309,1.0
ON24,no_synthetic_priority,Bayswater,3,GRN,ALP+LNP+ON,federal ON evidence trial,False,False,0.10665425916830469,0.13385903987463516,True,0.16414511046087318,1.0
ON24,no_synthetic_priority,Bayswater,4,ON,ALP+LNP,federal ON evidence trial,False,False,0.25802007419524386,0.09930538821284074,True,0.0,0.7
ON24,no_synthetic_priority,Bellarine,1,OTH,ALP+GRN+IND+LNP+ON,federal ON evidence trial,False,False,0.02863620774606746,0.008602021405249793,True,0.47052341026197525,1.0
ON24,no_synthetic_priority,Bellarine,2,IND,ALP+GRN+LNP+ON,ideology prior,False,False,0.04226500584605497,0.08052887568878839,True,0.3493446373458339,1.0
ON24,no_synthetic_priority,Bellarine,3,GRN,ALP+LNP+ON,federal ON evidence trial,False,False,0.13203045683739928,0.08419375229794979,True,0.16367014120967474,1.0
ON24,no_synthetic_priority,Bellarine,4,ON,ALP+LNP,federal ON evidence trial,False,False,0.23783365264990408,0.09953330658053,True,0.0,0.73
ON24,no_synthetic_priority,Benambra,1,ALP,GRN+IND+LNP+ON+OTH,ideology prior,False,False,0.014412458175345567,0.021690644673712525,True,0.26626468894009214,1.0
ON24,no_synthetic_priority,Benambra,2,OTH,GRN+IND+LNP+ON,ideology prior,False,False,0.03691438476892835,0.008228887580744512,True,0.61774745682111,0.9582999999999999
ON24,no_synthetic_priority,Benambra,3,GRN,IND+LNP+ON,ideology prior,False,False,0.046916053728840154,0.2669873187709043,True,0.1801404369353049,0.8942
ON24,no_synthetic_priority,Benambra,4,ON,IND+LNP,ideology prior,False,False,0.322354850917738,0.006739393000282035,True,0.0,0.68
ON24,no_synthetic_priority,Bendigo East,1,OTH,ALP+GRN+IND+LNP+ON,federal ON evidence trial,False,False,0.015922372346413926,0.013694876975749712,True,0.3890498227253916,1.0
ON24,no_synthetic_priority,Bendigo East,2,IND,ALP+GRN+LNP+ON,ideology prior,False,False,0.0323176265116975,0.06801302466776679,True,0.33263180031016826,0.5729427057294271
ON24,no_synthetic_priority,Bendigo East,3,GRN,ALP+LNP+ON,federal ON evidence trial,False,False,0.10615831959907812,0.15063805832934735,True,0.15596067101659095,1.0
ON24,no_synthetic_priority,Bendigo East,4,ON,ALP+LNP,federal ON evidence trial,False,False,0.2733529006870914,0.01858204538966457,True,0.0,0.72
ON24,no_synthetic_priority,Bendigo West,1,IND,ALP+GRN+LNP+ON+OTH,ideology prior,False,False,0.0260876470980018,0.0473700227781362,True,0.3555070814691494,1.0
ON24,no_synthetic_priority,Bendigo West,2,OTH,ALP+GRN+LNP+ON,federal ON evidence trial,False,False,0.08080843846831418,0.04941719668877706,True,0.42649293942958577,1.0
ON24,no_synthetic_priority,Bendigo West,3,GRN,ALP+LNP+ON,federal ON evidence trial,False,False,0.14481823074096448,0.07844445540855516,True,0.18478477284621309,1.0
ON24,no_synthetic_priority,Bendigo West,4,LNP,ALP+ON,ON special prior,True,True,0.24696429485648136,0.0512548722959531,True,0.69,0.0
ON24,no_synthetic_priority,Bentleigh,1,OTH,ALP+GRN+IND+LNP+ON,federal ON evidence trial,False,False,0.016901598731815817,0.0032547806797999373,True,0.34992545127056257,1.0
ON24,no_synthetic_priority,Bentleigh,2,IND,ALP+GRN+LNP+ON,ideology prior,False,False,0.02297198283519334,0.0905820672146404,True,0.2758541537851508,0.7199
ON24,no_synthetic_priority,Bentleigh,3,GRN,ALP+LNP+ON,federal ON evidence trial,False,False,0.11919798681352546,0.08912274283703021,True,0.11246490055476158,1.0
ON24,no_synthetic_priority,Bentleigh,4,ON,ALP+LNP,federal ON evidence trial,False,False,0.2217263193838666,0.11797469744614048,True,0.0,0.7
ON24,no_synthetic_priority,Berwick,1,IND,ALP+GRN+LNP+ON+OTH,ideology prior,False,False,0.0003172641087860373,0.025012880118367622,True,0.2717267726161369,0.0
ON24,no_synthetic_priority,Berwick,2,OTH,ALP+GRN+LNP+ON,federal ON evidence trial,False,False,0.025369705277393483,0.06855494375703602,True,0.4551648280887327,1.0
ON24,no_synthetic_priority,Berwick,3,GRN,ALP+LNP+ON,federal ON evidence trial,False,False,0.0985547102382125,0.12974785947262896,True,0.1586239743468967,1.0
ON24,no_synthetic_priority,Berwick,4,ALP,LNP+ON,ON special prior,True,True,0.28516832746784954,0.013099725639551363,True,0.36000000000000004,0.0
ON24,no_synthetic_priority,Box Hill,1,IND,ALP+GRN+LNP+ON+OTH,ideology prior,False,False,0.01678540012846529,0.0004104881504551662,True,0.26441107819905213,1.0
ON24,no_synthetic_priority,Box Hill,2,OTH,ALP+GRN+LNP+ON,federal ON evidence trial,False,False,0.02235656352600008,0.11887521440158877,True,0.35285935627948095,1.0
ON24,no_synthetic_priority,Box Hill,3,ON,ALP+GRN+LNP,federal ON evidence trial,False,False,0.14912050054199455,0.016726907196321555,True,0.0,0.75
ON24,no_synthetic_priority,Box Hill,4,GRN,ALP+LNP,posterior scenario,False,False,0.19288128886626837,0.15187936604168462,False,0.0,0.9500000000000001
ON24,no_synthetic_priority,Brighton,1,OTH,ALP+GRN+IND+LNP+ON,federal ON evidence trial,False,False,0.028003094240317772,0.07786720786680228,True,0.2382375140659608,1.0
ON24,no_synthetic_priority,Brighton,2,IND,ALP+GRN+LNP+ON,ideology prior,False,False,0.11189918318241215,0.030327945655245714,True,0.09304541825068859,1.0
ON24,no_synthetic_priority,Brighton,3,ON,ALP+GRN+LNP,federal ON evidence trial,False,False,0.1526388351387758,0.032638943835164025,True,0.0,0.7000000000000001
ON24,no_synthetic_priority,Brighton,4,ALP,GRN+LNP,posterior scenario,False,False,0.22135221183299125,0.020116841958198795,False,0.0,0.0
ON24,no_synthetic_priority,Broadmeadows,1,IND,ALP+GRN+LNP+ON+OTH,ideology prior,False,False,0.07540514145456384,0.012071352462798945,True,0.26985373222748815,1.0
ON24,no_synthetic_priority,Broadmeadows,2,GRN,ALP+LNP+ON+OTH,ideology prior,False,False,0.09463840992605631,0.03443701511037629,True,0.10575049914752455,1.0
ON24,no_synthetic_priority,Broadmeadows,3,OTH,ALP+LNP+ON,ideology prior,False,False,0.13870998287582292,0.024294270223481712,True,0.5151094899061615,0.7785
ON24,no_synthetic_priority,Broadmeadows,4,LNP,ALP+ON,ON special prior,True,True,0.1906860705704312,0.14493913711106576,True,0.6299999999999999,0.0
ON24,no_synthetic_priority,Brunswick,1,IND,ALP+GRN+LNP+ON+OTH,ideology prior,False,False,0.02164980847614925,0.03619285193804987,True,0.10346842783505156,1.0
ON24,no_synthetic_priority,Brunswick,2,LNP,ALP+GRN+ON+OTH,ideology prior,False,False,0.061263732599934916,0.03941515754571579,True,0.22886273679353056,1.0
ON24,no_synthetic_priority,Brunswick,3,OTH,ALP+GRN+ON,ideology prior,False,False,0.10961197668028119,0.06793749205582633,True,0.2272225253358973,0.9330066993300671
ON24,no_synthetic_priority,Brunswick,4,ON,ALP+GRN,ideology prior,False,False,0.20245577888446048,0.039777892641686075,True,0.0,0.16999999999999998
ON24,no_synthetic_priority,Bulleen,1,OTH,ALP+GRN+IND+LNP+ON,federal ON evidence trial,False,False,0.010019024173513736,0.0013785287310058222,True,0.3499180153342636,1.0
ON24,no_synthetic_priority,Bulleen,2,IND,ALP+GRN+LNP+ON,ideology prior,False,False,0.013066602040726401,0.11043518164552944,True,0.2777601733751168,0.5743425657434257
ON24,no_synthetic_priority,Bulleen,3,GRN,ALP+LNP+ON,federal ON evidence trial,False,False,0.12664589185492117,0.03538719526594741,True,0.10118503767466626,1.0
ON24,no_synthetic_priority,Bulleen,4,ON,ALP+LNP,federal ON evidence trial,False,False,0.1748477564595505,0.13977185487259322,True,0.0,0.7
ON24,no_synthetic_priority,Bundoora,1,IND,ALP+GRN+LNP+ON+OTH,ideology prior,False,False,0.0067795784702205765,0.044827423532758155,True,0.25997088270142177,1.0
ON24,no_synthetic_priority,Bundoora,2,OTH,ALP+GRN+LNP+ON,federal ON evidence trial,False,False,0.05329687619808851,0.07921090397933156,True,0.37721106537781407,1.0
ON24,no_synthetic_priority,Bundoora,3,GRN,ALP+LNP+ON,federal ON evidence trial,False,False,0.1444110624468267,0.06460432546142211,True,0.1269091119906949,1.0
ON24,no_synthetic_priority,Bundoora,4,ON,ALP+LNP,federal ON evidence trial,False,False,0.22734246760500837,0.05574401416739072,True,0.0,0.7
ON24,no_synthetic_priority,Carrum,1,IND,ALP+GRN+LNP+ON+OTH,ideology prior,False,False,0.01973838803322321,0.02298499513109254,True,0.36790722195691455,1.0
ON24,no_synthetic_priority,Carrum,2,OTH,ALP+GRN+LNP+ON,federal ON evidence trial,False,False,0.05026416406950652,0.024650293396926544,True,0.42959500264366274,1.0
ON24,no_synthetic_priority,Carrum,3,GRN,ALP+LNP+ON,federal ON evidence trial,False,False,0.08497644007828843,0.16270260004035897,True,0.19230699099391926,1.0
ON24,no_synthetic_priority,Carrum,4,LNP,ALP+ON,ON special prior,True,True,0.27079541468270546,0.05598103366688301,True,0.76,0.0
ON24,no_synthetic_priority,Caulfield,1,OTH,ALP+GRN+IND+LNP+ON,federal ON evidence trial,False,False,0.00702662245822403,0.04752801178573943,True,0.2382375140659608,1.0
ON24,no_synthetic_priority,Caulfield,2,IND,ALP+GRN+LNP+ON,ideology prior,False,False,0.055950040454273924,0.10051541761799643,True,0.08133309374705076,1.0
ON24,no_synthetic_priority,Caulfield,3,ON,ALP+GRN+LNP,federal ON evidence trial,False,False,0.1610160479576891,0.03443238165591103,True,0.0,0.7000000000000001
ON24,no_synthetic_priority,Caulfield,4,ALP,GRN+LNP,posterior scenario,False,False,0.23224011358665422,0.001939552626234048,False,0.0,0.0
ON24,no_synthetic_priority,Clarinda,1,OTH,ALP+GRN+IND+LNP+ON,federal ON evidence trial,False,False,0.021900154257623563,0.06198230376583161,True,0.3777814018562601,1.0
ON24,no_synthetic_priority,Clarinda,2,GRN,ALP+IND+LNP+ON,federal ON evidence trial,False,False,0.08688049454268207,0.01625363316847106,True,0.09982043412483593,1.0
ON24,no_synthetic_priority,Clarinda,3,IND,ALP+LNP+ON,ideology prior,False,False,0.12194291704725778,0.11485647743941042,True,0.25867272750916326,1.0
ON24,no_synthetic_priority,Clarinda,4,LNP,ALP+ON,ON special prior,True,True,0.27530814778297125,0.00419206069273953,True,0.56,0.0
ON24,no_synthetic_priority,Cranbourne,1,IND,ALP+GRN+LNP+ON+OTH,ideology prior,False,False,0.009687049302045775,0.0450594464339109,True,0.26176270734597157,1.0
ON24,no_synthetic_priority,Cranbourne,2,GRN,ALP+LNP+ON+OTH,ideology prior,False,False,0.05607475288948973,0.06338660666684953,True,0.09284790046398603,1.0
ON24,no_synthetic_priority,Cranbourne,3,OTH,ALP+LNP+ON,ideology prior,False,False,0.13309546341128506,0.08033268976648433,True,0.49345150203554994,1.0
ON24,no_synthetic_priority,Cranbourne,4,LNP,ALP+ON,ON special prior,True,True,0.24122125611048195,0.13704898357741574,True,0.63,0.0
ON24,no_synthetic_priority,Croydon,1,IND,ALP+GRN+LNP+ON+OTH,ideology prior,False,False,1.0053335984804407e-12,0.05849243162684167,True,0.24097748815165876,0.0
ON24,no_synthetic_priority,Croydon,2,OTH,ALP+GRN+LNP+ON,federal ON evidence trial,False,False,0.05849243162796851,0.0543316547435405,True,0.41797499890161943,1.0
ON24,no_synthetic_priority,Croydon,3,GRN,ALP+LNP+ON,federal ON evidence trial,False,False,0.12501986822993907,0.10506641172725856,True,0.1381922995100896,1.0
ON24,no_synthetic_priority,Croydon,4,ON,ALP+LNP,federal ON evidence trial,False,False,0.24736306303234132,0.07559231065750335,True,0.0,0.7
ON24,no_synthetic_priority,Dandenong,1,IND,ALP+GRN+LNP+ON+OTH,ideology prior,False,False,0.0016924068011462277,0.07594061077764305,True,0.2688975710900474,1.0
ON24,no_synthetic_priority,Dandenong,2,OTH,ALP+GRN+LNP+ON,federal ON evidence trial,False,False,0.07812880454178668,0.005882776888114893,True,0.3892711591651619,1.0
ON24,no_synthetic_priority,Dandenong,3,GRN,ALP+LNP+ON,federal ON evidence trial,False,False,0.10035532869566474,0.06653128051649801,True,0.17147377881030482,0.7686
ON24,no_synthetic_priority,Dandenong,4,LNP,ALP+ON,ON special prior,True,True,0.17889627109028353,0.13013767736842555,True,0.6300000000000001,0.0
ON24,no_synthetic_priority,Eildon,1,IND,ALP+GRN+LNP+ON+OTH,ideology prior,False,False,0.01758513994110144,0.021064023834006726,True,0.38916455244719433,1.0
ON24,no_synthetic_priority,Eildon,2,OTH,ALP+GRN+LNP+ON,federal ON evidence trial,False,False,0.04283224060903113,0.07125597624505342,True,0.48296391169925346,1.0
ON24,no_synthetic_priority,Eildon,3,GRN,ALP+LNP+ON,federal ON evidence trial,False,False,0.12101446678009857,0.057689270594235245,True,0.12693330004970751,1.0
ON24,no_synthetic_priority,Eildon,4,ALP,LNP+ON,ON special prior,True,True,0.26143550876014765,0.0646011436286949,True,0.35999999999999993,0.0
ON24,no_synthetic_priority,Eltham,1,IND,ALP+GRN+LNP+ON+OTH,ideology prior,False,False,1.0055202341649137e-12,0.010320513726073158,True,0.24097748815165881,0.0
ON24,no_synthetic_priority,Eltham,2,OTH,ALP+GRN+LNP+ON,federal ON evidence trial,False,False,0.0103205137272002,0.12525503311125943,True,0.4179749989000109,1.0
ON24,no_synthetic_priority,Eltham,3,GRN,ALP+LNP+ON,federal ON evidence trial,False,False,0.13779997671920455,0.08146970145845031,True,0.09884096022826223,1.0
ON24,no_synthetic_priority,Eltham,4,ON,ALP+LNP,federal ON evidence trial,False,False,0.2328899601960132,0.09688677832272047,True,0.0,0.7
ON24,no_synthetic_priority,Essendon,1,IND,ALP+GRN+LNP+ON+OTH,ideology prior,False,False,0.017475940020560427,0.04849572020357208,True,0.24097748815165881,0.0
ON24,no_synthetic_priority,Essendon,2,OTH,ALP+GRN+LNP+ON,federal ON evidence trial,False,False,0.06808368141145142,0.09921384814760757,True,0.3767725203948233,1.0
ON24,no_synthetic_priority,Essendon,3,GRN,ALP+LNP+ON,federal ON evidence trial,False,False,0.18596326440890049,0.06297965383940615,True,0.14078982471786758,1.0
ON24,no_synthetic_priority,Essendon,4,LNP,ALP+ON,ON special prior,True,True,0.27510193749946743,0.02529553150503716,True,0.5599999999999999,0.0
ON24,no_synthetic_priority,Eureka,1,IND,ALP+GRN+LNP+ON+OTH,ideology prior,False,False,0.03103638116667055,0.04415340632881026,True,0.39068781475510994,1.0
ON24,no_synthetic_priority,Eureka,2,OTH,ALP+GRN+LNP+ON,federal ON evidence trial,False,False,0.08205917574196493,0.02177611588233433,True,0.4851134566040508,1.0
ON24,no_synthetic_priority,Eureka,3,GRN,ALP+LNP+ON,federal ON evidence trial,False,False,0.11661912859938507,0.11564588861522322,True,0.15737392853115253,1.0
ON24,no_synthetic_priority,Eureka,4,LNP,ALP+ON,ON special prior,True,True,0.2554290497568847,0.10131326269408153,True,0.79,0.0
ON24,no_synthetic_priority,Euroa,1,IND,ALP+GRN+LNP+ON+OTH,ideology prior,False,False,9.875718374479988e-10,0.042619211421261384,True,0.31139634146341466,0.0
ON24,no_synthetic_priority,Euroa,2,OTH,ALP+GRN+LNP+ON,federal ON evidence trial,False,False,0.042619212531677525,0.01045313006115478,True,0.4425979454971184,1.0
ON24,no_synthetic_priority,Euroa,3,GRN,ALP+LNP+ON,federal ON evidence trial,False,False,0.060144282019091985,0.11989159382885546,True,0.16053071722418913,0.87
ON24,no_synthetic_priority,Euroa,4,ALP,LNP+ON,ON special prior,True,True,0.21962195629760758,0.12903673759756498,True,0.3600000000000001,0.0
ON24,no_synthetic_priority,Evelyn,1,IND,ALP+GRN+LNP+ON+OTH,ideology prior,False,False,0.015313635540384075,0.009519114123729902,True,0.36022239738128875,1.0
ON24,no_synthetic_priority,Evelyn,2,OTH,ALP+GRN+LNP+ON,federal ON evidence trial,False,False,0.029083927996034417,0.07147990600226252,True,0.43675042359161154,1.0
ON24,no_synthetic_priority,Evelyn,3,GRN,ALP+LNP+ON,federal ON evidence trial,False,False,0.10583694811747489,0.10754124872153815,True,0.15982226375574163,1.0
ON24,no_synthetic_priority,Evelyn,4,ON,ALP+LNP,federal ON evidence trial,False,False,0.273134126391738,0.006505882706212218,True,0.0,0.73
ON24,no_synthetic_priority,Footscray,1,IND,ALP+GRN+LNP+ON+OTH,ideology prior,False,False,0.002938006294140485,0.09633367339209352,True,0.09438144329896908,0.0
ON24,no_synthetic_priority,Footscray,2,OTH,ALP+GRN+LNP+ON,federal ON evidence trial,False,False,0.09965786092592772,0.026754413522848755,True,0.27215298715156294,1.0
ON24,no_synthetic_priority,Footscray,3,LNP,ALP+GRN+ON,ideology prior,False,False,0.1406028593800158,0.091175173671184,True,0.17776725799083892,1.0
ON24,no_synthetic_priority,Footscray,4,ON,ALP+GRN,ideology prior,False,False,0.2567726178288567,0.08259562562434047,True,0.0,0.16999999999999998
ON24,no_synthetic_priority,Frankston,1,IND,ALP+GRN+LNP+ON+OTH,ideology prior,False,False,0.025882220488543727,0.05203590807296153,True,0.26552079383886257,1.0
ON24,no_synthetic_priority,Frankston,2,OTH,ALP+GRN+LNP+ON,federal ON evidence trial,False,False,0.08788376476601123,0.0329147795856571,True,0.37442187589613085,1.0
ON24,no_synthetic_priority,Frankston,3,GRN,ALP+LNP+ON,federal ON evidence trial,False,False,0.13942570507430954,0.111776754217395,True,0.15167463102638343,1.0
ON24,no_synthetic_priority,Frankston,4,LNP,ALP+ON,ON special prior,True,True,0.27403260540900837,0.055041321037185564,True,0.63,0.0
ON24,no_synthetic_priority,Geelong,1,OTH,ALP+GRN+IND+LNP+ON,federal ON evidence trial,False,False,0.022043741002668753,0.05520081546516361,True,0.38904023855586306,1.0
ON24,no_synthetic_priority,Geelong,2,IND,ALP+GRN+LNP+ON,ideology prior,False,False,0.0809830958060991,0.05563176726897377,True,0.3482632145754337,0.6687
ON24,no_synthetic_priority,Geelong,3,GRN,ALP+LNP+ON,federal ON evidence trial,False,False,0.15383529661325002,0.042248340530658623,True,0.16953313300999176,1.0
ON24,no_synthetic_priority,Geelong,4,LNP,ALP+ON,ON special prior,True,True,0.2238094502138104,0.15011772097825568,True,0.6899999999999998,0.0
ON24,no_synthetic_priority,Gippsland East,1,IND,ALP+GRN+LNP+ON+OTH,ideology prior,False,False,0.019717685484492417,0.026490030202254225,True,0.31139634146341466,0.0
ON24,no_synthetic_priority,Gippsland East,2,ALP,GRN+LNP+ON+OTH,ideology prior,False,False,0.04998858187839807,0.009877124307670751,True,0.25081099184339534,0.0
ON24,no_synthetic_priority,Gippsland East,3,OTH,GRN+LNP+ON,ideology prior,False,False,0.06489919531016147,0.021789728857681434,True,0.5707036976694493,0.8903
ON24,no_synthetic_priority,Gippsland East,4,GRN,LNP+ON,ON special prior,True,True,0.0973138828269514,0.3073607506632284,True,0.23,0.2589
ON24,no_synthetic_priority,Gippsland South,1,OTH,ALP+GRN+IND+LNP+ON,federal ON evidence trial,False,False,0.022086343355020088,0.023266763666433297,True,0.5190865224408796,1.0
ON24,no_synthetic_priority,Gippsland South,2,IND,ALP+GRN+LNP+ON,ideology prior,False,False,0.049018639987681405,0.03548660585358394,True,0.40042779054948435,1.0
ON24,no_synthetic_priority,Gippsland South,3,GRN,ALP+LNP+ON,federal ON evidence trial,False,False,0.08872229112965928,0.022065556120108604,True,0.11542034671141069,1.0
ON24,no_synthetic_priority,Gippsland South,4,ALP,LNP+ON,ON special prior,True,True,0.17062854012257228,0.2021570266691054,True,0.36,0.0
ON24,no_synthetic_priority,Glen Waverley,1,IND,ALP+GRN+LNP+ON+OTH,ideology prior,False,False,0.00026750718991362026,0.03328561860189309,True,0.2409774881516588,0.0
ON24,no_synthetic_priority,Glen Waverley,2,OTH,ALP+GRN+LNP+ON,federal ON evidence trial,False,False,0.03358545485978205,0.07197811809933642,True,0.38062504485030135,1.0
ON24,no_synthetic_priority,Glen Waverley,3,GRN,ALP+LNP+ON,federal ON evidence trial,False,False,0.11349442435726978,0.04531322157520867,True,0.12115706343732846,1.0
ON24,no_synthetic_priority,Glen Waverley,4,ON,ALP+LNP,federal ON evidence trial,False,False,0.17255829710411524,0.226430028808362,True,0.0,0.7
ON24,no_synthetic_priority,Greenvale,1,IND,ALP+GRN+LNP+ON+OTH,ideology prior,False,False,0.061321121137732866,0.007862983016460413,True,0.2626608412322275,1.0
ON24,no_synthetic_priority,Greenvale,2,GRN,ALP+LNP+ON+OTH,ideology prior,False,False,0.07556725142400808,0.06407226638148031,True,0.10490324724472763,1.0
ON24,no_synthetic_priority,Greenvale,3,OTH,ALP+LNP+ON,ideology prior,False,False,0.1641775261201023,0.05251314929371076,True,0.4580158668912296,1.0
ON24,no_synthetic_priority,Greenvale,4,LNP,ALP+ON,ON special prior,True,True,0.2536778521549646,0.038208735208804634,True,0.6300000000000001,0.0
ON24,no_synthetic_priority,Hastings,1,IND,ALP+GRN+LNP+ON+OTH,ideology prior,False,False,0.008809654192959518,0.04208609330444064,True,0.39360429878048786,1.0
ON24,no_synthetic_priority,Hastings,2,OTH,ALP+GRN+LNP+ON,federal ON evidence trial,False,False,0.052989340329395535,0.04703278745882333,True,0.4898292516832419,1.0
ON24,no_synthetic_priority,Hastings,3,GRN,ALP+LNP+ON,federal ON evidence trial,False,False,0.10861077834669203,0.14115688358255363,True,0.13779322528804347,1.0
ON24,no_synthetic_priority,Hastings,4,ALP,LNP+ON,ON special prior,True,True,0.3238704079834102,0.013624597014157913,True,0.35999999999999993,0.0
ON24,no_synthetic_priority,Hawthorn,1,OTH,ALP+GRN+IND+LNP+ON,federal ON evidence trial,False,False,0.010301418101993028,0.09317586631658993,True,0.23823751406596083,1.0
ON24,no_synthetic_priority,Hawthorn,2,ON,ALP+GRN+IND+LNP,federal ON evidence trial,False,False,0.10593146865855588,0.030839607646877126,True,0.0,0.8
ON24,no_synthetic_priority,Hawthorn,3,ALP,GRN+IND+LNP,posterior scenario,False,False,0.15626507859938274,0.006424360530667084,False,0.0,0.0
ON24,no_synthetic_priority,Hawthorn,4,GRN,IND+LNP,ideology prior,False,False,0.23979270953730464,0.007481768264637478,False,0.0,0.5983401659834017
ON24,no_synthetic_priority,Ivanhoe,1,OTH,ALP+GRN+IND+LNP+ON,federal ON evidence trial,False,False,0.01162509618197567,0.001947800339884084,True,0.3499180153342636,1.0
ON24,no_synthetic_priority,Ivanhoe,2,IND,ALP+GRN+LNP+ON,ideology prior,False,False,0.015509497971743598,0.17535374091966066,True,0.2769949168988582,0.7434743474347435
ON24,no_synthetic_priority,Ivanhoe,3,ON,ALP+GRN+LNP,federal ON evidence trial,False,False,0.19515929099323037,0.0061703750844311345,True,0.0,0.75
ON24,no_synthetic_priority,Ivanhoe,4,GRN,ALP+LNP,posterior scenario,False,False,0.23531733205310937,0.12661943705873688,False,0.0,0.95
ON24,no_synthetic_priority,Kalkallo,1,IND,ALP+GRN+LNP+ON+OTH,ideology prior,False,False,0.017888503666781467,0.044288238055773435,True,0.3560821702585907,1.0
ON24,no_synthetic_priority,Kalkallo,2,GRN,ALP+LNP+ON+OTH,ideology prior,False,False,0.06351449467408796,0.03611274482055318,True,0.145448946879856,1.0
ON24,no_synthetic_priority,Kalkallo,3,OTH,ALP+LNP+ON,ideology prior,False,False,0.11277773500398044,0.07942196236015014,True,0.5234625735780977,1.0
ON24,no_synthetic_priority,Kalkallo,4,LNP,ALP+ON,ON special prior,True,True,0.21739906462051417,0.08173153320598614,True,0.76,0.0
ON24,no_synthetic_priority,Kew,1,OTH,ALP+GRN+IND+LNP+ON,federal ON evidence trial,False,False,0.0012554827531165002,0.1040053121903346,True,0.2382375140659608,1.0
ON24,no_synthetic_priority,Kew,2,ON,ALP+GRN+IND+LNP,federal ON evidence trial,False,False,0.10555989803350627,0.007517850280543359,True,0.0,0.8
ON24,no_synthetic_priority,Kew,3,GRN,ALP+IND+LNP,posterior scenario,False,False,0.12753045921377554,0.02307681234313888,False,0.0,0.9500000000000001
ON24,no_synthetic_priority,Kew,4,ALP,IND+LNP,posterior scenario,False,False,0.21600332812603332,0.038927883838204363,False,0.0,0.0
ON24,no_synthetic_priority,Kororoit,1,IND,ALP+GRN+LNP+ON+OTH,ideology prior,False,False,0.01665668378471287,0.05863547878485201,True,0.2621441071832302,1.0
ON24,no_synthetic_priority,Kororoit,2,GRN,ALP+LNP+ON+OTH,ideology prior,False,False,0.07693499107764651,0.07280697129407435,True,0.09213630090602033,1.0
ON24,no_synthetic_priority,Kororoit,3,OTH,ALP+LNP+ON,ideology prior,False,False,0.17342246555846574,0.007265010879282469,True,0.47258065361560114,1.0
ON24,no_synthetic_priority,Kororoit,4,LNP,ALP+ON,ON special prior,True,True,0.20599380581362384,0.12607319044011614,True,0.63,0.0
ON24,no_synthetic_priority,Lara,1,IND,ALP+GRN+LNP+ON+OTH,ideology prior,False,False,0.01703882007964107,0.057997016126456954,True,0.33657315945530986,1.0
ON24,no_synthetic_priority,Lara,2,OTH,ALP+GRN+LNP+ON,federal ON evidence trial,False,False,0.07823900581469068,0.022843198947055846,True,0.45078350917930304,1.0
ON24,no_synthetic_priority,Lara,3,GRN,ALP+LNP+ON,federal ON evidence trial,False,False,0.11570513362980747,0.022532242996231827,True,0.20356648903616778,1.0
ON24,no_synthetic_priority,Lara,4,LNP,ALP+ON,ON special prior,True,True,0.16603250960483149,0.24831511566543382,True,0.76,0.0
ON24,no_synthetic_priority,Laverton,1,IND,ALP+GRN+LNP+ON+OTH,ideology prior,False,False,0.022455945301307678,0.08511433860257837,True,0.2663853192191257,1.0
ON24,no_synthetic_priority,Laverton,2,GRN,ALP+LNP+ON+OTH,ideology prior,False,False,0.10995199427076686,0.023269601566170098,True,0.09469268530172477,1.0
ON24,no_synthetic_priority,Laverton,3,OTH,ALP+LNP+ON,ideology prior,False,False,0.1422620342723629,0.02556289482722915,True,0.5194075354085118,0.7149
ON24,no_synthetic_priority,Laverton,4,LNP,ALP+ON,ON special prior,True,True,0.1943838537394455,0.13069281178939163,True,0.5600000000000002,0.0
ON24,no_synthetic_priority,Lowan,1,IND,ALP+GRN+LNP+ON+OTH,ideology prior,False,False,0.03936431074870544,0.002776157260794457,True,0.34287014634146346,1.0
ON24,no_synthetic_priority,Lowan,2,OTH,ALP+GRN+LNP+ON,federal ON evidence trial,False,False,0.0455680433600579,0.016378351612778237,True,0.5069956186544665,0.8765123487651234
ON24,no_synthetic_priority,Lowan,3,GRN,ALP+LNP+ON,federal ON evidence trial,False,False,0.06791722605040153,0.012825831030443907,True,0.15809100923431765,0.8507
ON24,no_synthetic_priority,Lowan,4,ALP,LNP+ON,ON special prior,True,True,0.12501885381683364,0.2308961086632701,True,0.36,0.0
ON24,no_synthetic_priority,Macedon,1,OTH,ALP+GRN+IND+LNP+ON,federal ON evidence trial,False,False,0.03100963288814458,0.018065872818138713,True,0.43302774148806866,1.0
ON24,no_synthetic_priority,Macedon,2,IND,ALP+GRN+LNP+ON,ideology prior,False,False,0.05432724497203254,0.07483006190190136,True,0.4064219786847913,0.8798
ON24,no_synthetic_priority,Macedon,3,GRN,ALP+LNP+ON,federal ON evidence trial,False,False,0.13579420518912624,0.11630971500664769,True,0.12021022024415942,1.0
ON24,no_synthetic_priority,Macedon,4,LNP,ALP+ON,ON special prior,True,True,0.2728493974452525,0.05426124426930068,True,0.79,0.0
ON24,no_synthetic_priority,Malvern,1,IND,ALP+GRN+LNP+ON+OTH,ideology prior,False,False,0.012852293361046967,0.005866125267510451,True,0.10355821520618556,1.0
ON24,no_synthetic_priority,Malvern,2,OTH,ALP+GRN+LNP+ON,federal ON evidence trial,False,False,0.020800539839748167,0.10251165986256677,True,0.2572934084462595,1.0
ON24,no_synthetic_priority,Malvern,3,ON,ALP+GRN+LNP,federal ON evidence trial,False,False,0.12866404149520597,0.03373609319436763,True,0.0,0.7000000000000001
ON24,no_synthetic_priority,Malvern,4,ALP,GRN+LNP,posterior scenario,False,False,0.19183059813936082,0.01381821238479411,False,0.0,0.0
ON24,no_synthetic_priority,Melbourne,1,IND,ALP+GRN+LNP+ON+OTH,ideology prior,False,False,0.009616653133170635,0.06749093924509743,True,0.10689340970179494,1.0
ON24,no_synthetic_priority,Melbourne,2,OTH,ALP+GRN+LNP+ON,federal ON evidence trial,False,False,0.08029832845363206,0.0547868980477655,True,0.26645501438133756,1.0
ON24,no_synthetic_priority,Melbourne,3,LNP,ALP+GRN+ON,ideology prior,False,False,0.14621327597042127,0.05025324231845621,True,0.1739036494036817,1.0
ON24,no_synthetic_priority,Melbourne,4,ON,ALP+GRN,ideology prior,False,False,0.22189354057140137,0.041468547838176995,True,0.0,0.16999999999999998
ON24,no_synthetic_priority,Melton,1,GRN,ALP+IND+LNP+ON+OTH,ideology prior,False,False,0.04876836544566603,0.04784855809349508,True,0.1372093023255814,1.0
ON24,no_synthetic_priority,Melton,2,OTH,ALP+IND+LNP+ON,ideology prior,False,False,0.10117052789414598,0.045988772313755075,True,0.5475946813064294,0.9478
ON24,no_synthetic_priority,Melton,3,LNP,ALP+IND+ON,ideology prior,False,False,0.1598888817225925,0.07313609599546225,True,0.5154928453981823,0.0
ON24,no_synthetic_priority,Melton,4,ALP,IND+ON,ideology prior,False,False,0.2649380462061834,0.024178946071506557,True,0.47119464383547127,0.0
ON24,no_synthetic_priority,Mildura,1,OTH,ALP+GRN+IND+LNP+ON,federal ON evidence trial,False,False,0.004858411349698637,0.006026764341242867,True,0.4330277414880686,1.0
ON24,no_synthetic_priority,Mildura,2,ALP,GRN+IND+LNP+ON,ideology prior,False,False,0.011278763623443822,0.01675411946248439,True,0.2772637024015844,1.0
ON24,no_synthetic_priority,Mildura,3,GRN,IND+LNP+ON,ideology prior,False,False,0.031180772143411934,0.24454236388020015,True,0.25463273926318664,0.5776422357764224
ON24,no_synthetic_priority,Mildura,4,LNP,IND+ON,ideology prior,False,False,0.2837508799139063,0.038285302887321904,True,0.637759255643397,0.0
ON24,no_synthetic_priority,Mill Park,1,IND,ALP+GRN+LNP+ON+OTH,ideology prior,False,False,1.021038641487028e-09,0.07282182575617444,True,0.2409774881516588,0.0
ON24,no_synthetic_priority,Mill Park,2,GRN,ALP+LNP+ON+OTH,ideology prior,False,False,0.07282182698243096,0.028557126451759965,True,0.0878739322019734,1.0
ON24,no_synthetic_priority,Mill Park,3,OTH,ALP+LNP+ON,ideology prior,False,False,0.11419999074040868,0.06635401837577731,True,0.4936456062628197,1.0
ON24,no_synthetic_priority,Mill Park,4,LNP,ALP+ON,ON special prior,True,True,0.20741356900529387,0.14332948045221397,True,0.63,0.0
ON24,no_synthetic_priority,Monbulk,1,OTH,ALP+GRN+IND+LNP+ON,federal ON evidence trial,False,False,0.031315834071139845,0.054776621767774064,True,0.4705234102619752,1.0
ON24,no_synthetic_priority,Monbulk,2,IND,ALP+GRN+LNP+ON,ideology prior,False,False,0.09256965485869435,0.06456465742735974,True,0.345241203739019,1.0
ON24,no_synthetic_priority,Monbulk,3,GRN,ALP+LNP+ON,federal ON evidence trial,False,False,0.17871963531724408,0.0785048032060984,True,0.17507176392738955,1.0
ON24,no_synthetic_priority,Monbulk,4,ON,ALP+LNP,federal ON evidence trial,False,False,0.314911431462411,0.0019749548648130277,True,0.0,0.73
ON24,no_synthetic_priority,Mordialloc,1,OTH,ALP+GRN+IND+LNP+ON,federal ON evidence trial,False,False,0.02231849780626818,0.04513839193027015,True,0.3777999879794111,1.0
ON24,no_synthetic_priority,Mordialloc,2,IND,ALP+GRN+LNP+ON,ideology prior,False,False,0.07236033404399697,0.03371334020809229,True,0.25587813806060195,1.0
ON24,no_synthetic_priority,Mordialloc,3,GRN,ALP+LNP+ON,federal ON evidence trial,False,False,0.1194255319717669,0.1369533426216329,True,0.1279925573692244,1.0
ON24,no_synthetic_priority,Mordialloc,4,ON,ALP+LNP,federal ON evidence trial,False,False,0.2716644538456463,0.03318586628063708,True,0.0,0.7
ON24,no_synthetic_priority,Mornington,1,OTH,ALP+GRN+IND+LNP+ON,federal ON evidence trial,False,False,0.005613862685649145,0.07203786810238753,True,0.4705234102619752,1.0
ON24,no_synthetic_priority,Mornington,2,GRN,ALP+IND+LNP+ON,federal ON evidence trial,False,False,0.07810300318167723,0.03601744235305368,True,0.13441710190593117,1.0
ON24,no_synthetic_priority,Mornington,3,ALP,IND+LNP+ON,ideology prior,False,False,0.1442223421062511,0.07568447797503675,True,0.2842485093025929,1.0
ON24,no_synthetic_priority,Mornington,4,ON,IND+LNP,ideology prior,False,False,0.2609018058331183,0.03580083749428681,True,0.0,0.69
ON24,no_synthetic_priority,Morwell,1,GRN,ALP+IND+LNP+ON+OTH,ideology prior,False,False,0.039473207808854036,0.038584581865370074,True,0.1372093023255814,1.0
ON24,no_synthetic_priority,Morwell,2,OTH,ALP+IND+LNP+ON,ideology prior,False,False,0.08148186095624796,0.042685819525583396,True,0.4559380717647675,1.0
ON24,no_synthetic_priority,Morwell,3,IND,ALP+LNP+ON,ideology prior,False,False,0.13802678264152907,0.05279701822356528,True,0.3940404423486266,0.6859
ON24,no_synthetic_priority,Morwell,4,ALP,LNP+ON,ON special prior,True,True,0.23204227898167368,0.05336861333352505,True,0.24999999999999997,0.0
ON24,no_synthetic_priority,Mulgrave,1,OTH,ALP+GRN+IND+LNP+ON,federal ON evidence trial,False,False,0.013655433372651557,0.045831010994271386,True,0.3777999879794111,1.0
ON24,no_synthetic_priority,Mulgrave,2,GRN,ALP+IND+LNP+ON,federal ON evidence trial,False,False,0.06112618318244086,0.07968306722496005,True,0.096815009964119,1.0
ON24,no_synthetic_priority,Mulgrave,3,LNP,ALP+IND+ON,ideology prior,False,False,0.14835355424065635,0.03137661312055531,True,0.36769710980707626,1.0
ON24,no_synthetic_priority,Mulgrave,4,IND,ALP+ON,ON special prior,True,True,0.2052201995134764,0.08583206718805872,True,0.19999999999999998,0.0
ON24,no_synthetic_priority,Murray Plains,1,IND,ALP+GRN+LNP+ON+OTH,ideology prior,False,False,0.016774455803175554,0.0246919887812308,True,0.39062460365853663,1.0
ON24,no_synthetic_priority,Murray Plains,2,GRN,ALP+LNP+ON+OTH,ideology prior,False,False,0.04277461586270707,0.012526695815947009,True,0.09851653860826284,1.0
ON24,no_synthetic_priority,Murray Plains,3,ALP,LNP+ON+OTH,ideology prior,False,False,0.07560742427779522,0.01458380783405619,True,0.36196636189360165,0.0
ON24,no_synthetic_priority,Murray Plains,4,OTH,LNP+ON,ON special prior,True,True,0.11180514012678817,0.26290163303598824,True,0.46,0.8509
ON24,no_synthetic_priority,Narracan,1,OTH,ALP+GRN+IND+LNP+ON,federal ON evidence trial,False,False,9.871755515458127e-10,0.056345819474791475,True,0.3756552208528613,0.0
ON24,no_synthetic_priority,Narracan,2,IND,ALP+GRN+LNP+ON,ideology prior,False,False,0.056345820666911246,0.08405661661975383,True,0.3228454092054588,0.0
ON24,no_synthetic_priority,Narracan,3,GRN,ALP+LNP+ON,federal ON evidence trial,False,False,0.14909289088940683,0.01387369469030339,True,0.08669504859515519,0.0
ON24,no_synthetic_priority,Narracan,4,ALP,LNP+ON,ON special prior,True,True,0.28357408208576335,0.03198052104276833,True,0.36000000000000004,0.0
ON24,no_synthetic_priority,Narre Warren North,1,IND,ALP+GRN+LNP+ON+OTH,ideology prior,False,False,0.01277655122959192,0.05451069149034816,True,0.2636879363011566,1.0
ON24,no_synthetic_priority,Narre Warren North,2,GRN,ALP+LNP+ON+OTH,ideology prior,False,False,0.06874075445777696,0.023710932886942912,True,0.09221800574592845,1.0
ON24,no_synthetic_priority,Narre Warren North,3,OTH,ALP+LNP+ON,ideology prior,False,False,0.10522855013769519,0.10900696761308401,True,0.4822114778571004,1.0
ON24,no_synthetic_priority,Narre Warren North,4,LNP,ALP+ON,ON special prior,True,True,0.23792899367245343,0.12485288641278644,True,0.6299999999999999,0.0
ON24,no_synthetic_priority,Narre Warren South,1,IND,ALP+GRN+LNP+ON+OTH,ideology prior,False,False,0.005080365847294446,0.062072808453064884,True,0.2673705480737647,1.0
ON24,no_synthetic_priority,Narre Warren South,2,GRN,ALP+LNP+ON+OTH,ideology prior,False,False,0.06769164909148305,0.019497966583842133,True,0.08952628341483182,1.0
ON24,no_synthetic_priority,Narre Warren South,3,OTH,ALP+LNP+ON,ideology prior,False,False,0.10169875534138409,0.12330227941724167,True,0.47661425234148413,1.0
ON24,no_synthetic_priority,Narre Warren South,4,LNP,ALP+ON,ON special prior,True,True,0.2482588779031133,0.09972110683698054,True,0.63,0.0
ON24,no_synthetic_priority,Nepean,1,OTH,ALP+GRN+IND+LNP+ON,federal ON evidence trial,False,False,0.011524033069656847,0.02556174848617722,True,0.39863495067087207,1.0
ON24,no_synthetic_priority,Nepean,2,IND,ALP+GRN+LNP+ON,ideology prior,False,False,0.03904021619381965,0.05862213110347753,True,0.3519791545622711,0.6993
ON24,no_synthetic_priority,Nepean,3,GRN,ALP+LNP+ON,federal ON evidence trial,False,False,0.10417748936494205,0.09860369486687211,True,0.1571098925744925,1.0
ON24,no_synthetic_priority,Nepean,4,ALP,LNP+ON,ON special prior,True,True,0.26914981601938587,0.010278723676125756,True,0.35999999999999993,0.0
ON24,no_synthetic_priority,Niddrie,1,IND,ALP+GRN+LNP+ON+OTH,ideology prior,False,False,1.005069647918951e-12,0.06620736323185757,True,0.24097748815165876,0.0
ON24,no_synthetic_priority,Niddrie,2,OTH,ALP+GRN+LNP+ON,federal ON evidence trial,False,False,0.06620736323298411,0.008579198483845266,True,0.380763763201273,1.0
ON24,no_synthetic_priority,Niddrie,3,GRN,ALP+LNP+ON,federal ON evidence trial,False,False,0.08890873316154166,0.1814007028634226,True,0.15868457045597475,1.0
ON24,no_synthetic_priority,Niddrie,4,LNP,ALP+ON,ON special prior,True,True,0.2876002452144142,0.04788302932281868,True,0.56,0.0
ON24,no_synthetic_priority,Northcote,1,IND,ALP+GRN+LNP+ON+OTH,ideology prior,False,False,0.009405243645881087,0.052738553208392915,True,0.11187110541523165,1.0
ON24,no_synthetic_priority,Northcote,2,LNP,ALP+GRN+ON+OTH,ideology prior,False,False,0.06245429245289762,0.03406226976163576,True,0.2342828967292056,1.0
ON24,no_synthetic_priority,Northcote,3,OTH,ALP+GRN+ON,ideology prior,False,False,0.10547735593553609,0.1257096153612772,True,0.2544323685117645,0.8543000000000001
ON24,no_synthetic_priority,Northcote,4,ON,ALP+GRN,ideology prior,False,False,0.25802382479185015,0.07005134405510494,True,0.0,0.16999999999999998
ON24,no_synthetic_priority,Oakleigh,1,OTH,ALP+GRN+IND+LNP+ON,federal ON evidence trial,False,False,0.009036115454417886,0.013141892609263805,True,0.3777999879794111,1.0
ON24,no_synthetic_priority,Oakleigh,2,IND,ALP+GRN+LNP+ON,ideology prior,False,False,0.0240083251022086,0.13878415168609265,True,0.2569981863712688,1.0
ON24,no_synthetic_priority,Oakleigh,3,GRN,ALP+LNP+ON,federal ON evidence trial,False,False,0.16761619076039724,0.06965185683636099,True,0.10095653811506247,1.0
ON24,no_synthetic_priority,Oakleigh,4,ON,ALP+LNP,federal ON evidence trial,False,False,0.2541899979479619,0.017318865625744195,True,0.0,0.7
ON24,no_synthetic_priority,Ovens Valley,1,IND,ALP+GRN+LNP+ON+OTH,ideology prior,False,False,0.04755808044141177,0.02876276777313952,True,0.31139634146341466,0.0
ON24,no_synthetic_priority,Ovens Valley,2,ALP,GRN+LNP+ON+OTH,ideology prior,False,False,0.085440110139192,0.0017909414289537795,True,0.25430375163911645,0.0
ON24,no_synthetic_priority,Ovens Valley,3,GRN,LNP+ON+OTH,ideology prior,False,False,0.12506113692887083,0.0008849001765416642,True,0.31058463630468525,0.3624
ON24,no_synthetic_priority,Ovens Valley,4,OTH,LNP+ON,ON special prior,True,True,0.16384464796569373,0.18882668266283706,True,0.46,0.866
ON24,no_synthetic_priority,Pakenham,1,IND,ALP+GRN+LNP+ON+OTH,ideology prior,False,False,0.06968604005653006,0.00132545510214023,True,0.30008968215158927,1.0
ON24,no_synthetic_priority,Pakenham,2,GRN,ALP+LNP+ON+OTH,ideology prior,False,False,0.07790108473626409,0.022188906267742642,True,0.15007906954265285,0.7081708170817081
ON24,no_synthetic_priority,Pakenham,3,OTH,ALP+LNP+ON,ideology prior,False,False,0.10602559112416626,0.15953212007758877,True,0.6035818639187963,0.7984
ON24,no_synthetic_priority,Pakenham,4,ALP,LNP+ON,ON special prior,True,True,0.28428064730172636,0.0367571243330565,True,0.35999999999999993,0.0
ON24,no_synthetic_priority,Pascoe Vale,1,OTH,ALP+GRN+IND+LNP+ON,federal ON evidence trial,False,False,0.07177214334000055,0.02223171969912821,True,0.3499180153342636,1.0
ON24,no_synthetic_priority,Pascoe Vale,2,IND,ALP+GRN+LNP+ON,ideology prior,False,False,0.10596024040390462,0.03589509971090521,True,0.27477017511390506,0.6067
ON24,no_synthetic_priority,Pascoe Vale,3,LNP,ALP+GRN+ON,ideology prior,False,False,0.16173862116384913,0.10499122839333502,True,0.37345492220169735,1.0
ON24,no_synthetic_priority,Pascoe Vale,4,GRN,ALP+ON,ON special prior,True,True,0.3267435156774916,0.0003884180634476375,True,0.09,0.0
ON24,no_synthetic_priority,Point Cook,1,GRN,ALP+IND+LNP+ON+OTH,ideology prior,False,False,0.07315900700546572,0.010297094414635069,True,0.08530805687203792,1.0
ON24,no_synthetic_priority,Point Cook,2,OTH,ALP+IND+LNP+ON,ideology prior,False,False,0.0883102535436862,0.039248961106921346,True,0.468213134035609,0.7787999999999999
ON24,no_synthetic_priority,Point Cook,3,IND,ALP+LNP+ON,ideology prior,False,False,0.14282749611622333,0.04856798271479204,True,0.33652503023112124,0.6815
ON24,no_synthetic_priority,Point Cook,4,LNP,ALP+ON,ON special prior,True,True,0.23426806563151065,0.13007424729345546,True,0.63,0.0
ON24,no_synthetic_priority,Polwarth,1,IND,ALP+GRN+LNP+ON+OTH,ideology prior,False,False,0.035347263699732165,0.005927681407320473,True,0.34116386211791905,1.0
ON24,no_synthetic_priority,Polwarth,2,OTH,ALP+GRN+LNP+ON,federal ON evidence trial,False,False,0.0443527434340781,0.12004694049684592,True,0.503889135950863,0.9267
ON24,no_synthetic_priority,Polwarth,3,GRN,ALP+LNP+ON,federal ON evidence trial,False,False,0.17179570375030512,0.012641352240823911,True,0.122334129344387,1.0
ON24,no_synthetic_priority,Polwarth,4,ON,ALP+LNP,federal ON evidence trial,False,False,0.26477696121775,0.04366676183577528,True,0.0,0.73
ON24,no_synthetic_priority,Prahran,1,IND,ALP+GRN+LNP+ON+OTH,ideology prior,False,False,0.009018035974269294,0.03377605368915167,True,0.10227061572193294,1.0
ON24,no_synthetic_priority,Prahran,2,OTH,ALP+GRN+LNP+ON,federal ON evidence trial,False,False,0.045008743736956645,0.1077200010670698,True,0.265215303103928,1.0
ON24,no_synthetic_priority,Prahran,3,ALP,GRN+LNP+ON,ideology prior,False,False,0.16214666796258323,0.012827446034264306,True,0.0392594071668583,1.0
ON24,no_synthetic_priority,Prahran,4,ON,GRN+LNP,ideology prior,False,False,0.18133989605513998,0.13329389632786867,True,0.0,0.5800000000000001
ON24,no_synthetic_priority,Preston,1,OTH,ALP+GRN+IND+LNP+ON,federal ON evidence trial,False,False,0.08767232791597533,0.012185078959383464,True,0.3499180153342636,1.0
ON24,no_synthetic_priority,Preston,2,LNP,ALP+GRN+IND+ON,ideology prior,False,False,0.1134209827506727,0.026934531750876456,True,0.3809432327500778,1.0
ON24,no_synthetic_priority,Preston,3,IND,ALP+GRN+ON,ideology prior,False,False,0.15884356032215333,0.035735815578905206,True,0.2824018446618824,0.8427
ON24,no_synthetic_priority,Preston,4,GRN,ALP+ON,ON special prior,True,True,0.265456304370873,0.08610368459496714,True,0.09000000000000001,0.0
ON24,no_synthetic_priority,Richmond,1,IND,ALP+GRN+LNP+ON+OTH,ideology prior,False,False,0.04049101100223483,0.03906686674285918,True,0.1154875607800045,1.0
ON24,no_synthetic_priority,Richmond,2,OTH,ALP+GRN+LNP+ON,federal ON evidence trial,False,False,0.09157449946187694,0.011466303514722179,True,0.2529329950280513,1.0
ON24,no_synthetic_priority,Richmond,3,LNP,ALP+GRN+ON,ideology prior,False,False,0.11599680542796315,0.07207076464505452,True,0.17388834188190383,1.0
ON24,no_synthetic_priority,Richmond,4,ON,ALP+GRN,ideology prior,False,False,0.208238062232484,0.09912531138565248,True,0.0,0.16999999999999998
ON24,no_synthetic_priority,Ringwood,1,IND,ALP+GRN+LNP+ON+OTH,ideology prior,False,False,4.393709881000182e-05,0.04757315626932425,True,0.24097748815165876,0.0
ON24,no_synthetic_priority,Ringwood,2,OTH,ALP+GRN+LNP+ON,federal ON evidence trial,False,False,0.04762240330187669,0.11351331167387502,True,0.4179565038253306,1.0
ON24,no_synthetic_priority,Ringwood,3,GRN,ALP+LNP+ON,federal ON evidence trial,False,False,0.17679212785185122,0.00424768031171277,True,0.11728771217827914,1.0
ON24,no_synthetic_priority,Ringwood,4,ON,ALP+LNP,federal ON evidence trial,False,False,0.20177535237043742,0.1730719089711023,True,0.0,0.7
ON24,no_synthetic_priority,Ripon,1,IND,ALP+GRN+LNP+ON+OTH,ideology prior,False,False,0.019092876517070125,0.038232477954946074,True,0.39332871951219517,1.0
ON24,no_synthetic_priority,Ripon,2,GRN,ALP+LNP+ON+OTH,ideology prior,False,False,0.057727221686207426,0.055282660528873505,True,0.09100786062187302,1.0
ON24,no_synthetic_priority,Ripon,3,OTH,ALP+LNP+ON,ideology prior,False,False,0.12126563942160967,0.13744527183929983,True,0.5880113202964726,1.0
ON24,no_synthetic_priority,Ripon,4,LNP,ALP+ON,ON special prior,True,True,0.2850052914971294,0.032384751645845034,True,0.7899999999999999,0.0
ON24,no_synthetic_priority,Rowville,1,OTH,ALP+GRN+IND+LNP+ON,federal ON evidence trial,False,False,0.010833604795667235,0.07522411657427762,True,0.4242467097340514,1.0
ON24,no_synthetic_priority,Rowville,2,GRN,ALP+IND+LNP+ON,federal ON evidence trial,False,False,0.08740337047870182,0.024465441495107612,True,0.0936186735005671,1.0
ON24,no_synthetic_priority,Rowville,3,IND,ALP+LNP+ON,ideology prior,False,False,0.1308215789461721,0.06499904390822753,True,0.2516107707556034,1.0
ON24,no_synthetic_priority,Rowville,4,ON,ALP+LNP,federal ON evidence trial,False,False,0.228736741164511,0.09037305751531291,True,0.0,0.7
ON24,no_synthetic_priority,Sandringham,1,OTH,ALP+GRN+IND+LNP+ON,federal ON evidence trial,False,False,0.03334445665610049,0.04957723192983368,True,0.37778140185626,1.0
ON24,no_synthetic_priority,Sandringham,2,IND,ALP+GRN+LNP+ON,ideology prior,False,False,0.08843135734617515,0.060473264333837665,True,0.24386612187658593,1.0
ON24,no_synthetic_priority,Sandringham,3,GRN,ALP+LNP+ON,federal ON evidence trial,False,False,0.17338047319280156,0.006381129190983326,True,0.13821828113252818,1.0
ON24,no_synthetic_priority,Sandringham,4,ON,ALP+LNP,federal ON evidence trial,False,False,0.21264681673870542,0.08836958482724291,True,0.0,0.7
ON24,no_synthetic_priority,Shepparton,1,ALP,GRN+IND+LNP+ON+OTH,ideology prior,False,False,0.00519353176560647,0.015797617039014597,True,0.21550071786556604,1.0
ON24,no_synthetic_priority,Shepparton,2,OTH,GRN+IND+LNP+ON,ideology prior,False,False,0.021283830042293905,0.006699786531285477,True,0.4730611522781289,0.8951
ON24,no_synthetic_priority,Shepparton,3,GRN,IND+LNP+ON,ideology prior,False,False,0.030575501481115413,0.29090835653244,True,0.2920204548249185,0.5886411358864113
ON24,no_synthetic_priority,Shepparton,4,ON,IND+LNP,ideology prior,False,False,0.33041252986257075,0.001866080366406342,True,0.0,0.6799999999999999
ON24,no_synthetic_priority,South Barwon,1,IND,ALP+GRN+LNP+ON+OTH,ideology prior,False,False,0.0004451384554059111,0.0719970741074431,True,0.27837820904645477,0.0
ON24,no_synthetic_priority,South Barwon,2,OTH,ALP+GRN+LNP+ON,federal ON evidence trial,False,False,0.07249771882501455,0.050719399418972994,True,0.43610602351686323,1.0
ON24,no_synthetic_priority,South Barwon,3,GRN,ALP+LNP+ON,federal ON evidence trial,False,False,0.13701186936921184,0.12533947589090427,True,0.1829579983781172,1.0
ON24,no_synthetic_priority,South Barwon,4,ON,ALP+LNP,federal ON evidence trial,False,False,0.28741876263395116,0.037871872088347136,True,0.0,0.72
ON24,no_synthetic_priority,South-West Coast,1,OTH,ALP+GRN+IND+LNP+ON,federal ON evidence trial,False,False,0.01710024076913264,0.046038055034313546,True,0.5179489886222381,1.0
ON24,no_synthetic_priority,South-West Coast,2,GRN,ALP+IND+LNP+ON,federal ON evidence trial,False,False,0.06381572835316682,0.033434992366685415,True,0.09413544349344269,1.0
ON24,no_synthetic_priority,South-West Coast,3,ALP,IND+LNP+ON,ideology prior,False,False,0.1265311202368875,0.08723511848450438,True,0.32532733406325104,0.0
ON24,no_synthetic_priority,South-West Coast,4,ON,IND+LNP,ideology prior,False,False,0.25493027074409513,0.09154693639450101,True,0.0,0.68
ON24,no_synthetic_priority,St Albans,1,IND,ALP+GRN+LNP+ON+OTH,ideology prior,False,False,0.03149125587010095,0.053340497884166484,True,0.24708812883658035,1.0
ON24,no_synthetic_priority,St Albans,2,GRN,ALP+LNP+ON+OTH,ideology prior,False,False,0.09208461011129433,0.03415560675318845,True,0.10717239545128296,1.0
ON24,no_synthetic_priority,St Albans,3,OTH,ALP+LNP+ON,ideology prior,False,False,0.1340004776303616,0.07012230741488157,True,0.500727815118048,0.8298000000000001
ON24,no_synthetic_priority,St Albans,4,LNP,ALP+ON,ON special prior,True,True,0.23508110339930693,0.09672717970648942,True,0.56,0.0
ON24,no_synthetic_priority,Sunbury,1,IND,ALP+GRN+LNP+ON+OTH,ideology prior,False,False,0.0362851385389861,0.021081190272934668,True,0.3562922982885086,1.0
ON24,no_synthetic_priority,Sunbury,2,OTH,ALP+GRN+LNP+ON,federal ON evidence trial,False,False,0.06371427628840017,0.007743934055126814,True,0.4460715374518181,1.0
ON24,no_synthetic_priority,Sunbury,3,GRN,ALP+LNP+ON,federal ON evidence trial,False,False,0.08296701941543291,0.17140409894135258,True,0.2102161945843513,1.0
ON24,no_synthetic_priority,Sunbury,4,LNP,ALP+ON,ON special prior,True,True,0.2729758349916858,0.08507338289876293,True,0.76,0.0
ON24,no_synthetic_priority,Sydenham,1,IND,ALP+GRN+LNP+ON+OTH,ideology prior,False,False,0.007914041210483233,0.05730506683820034,True,0.2409774881516588,0.0
ON24,no_synthetic_priority,Sydenham,2,GRN,ALP+LNP+ON+OTH,ideology prior,False,False,0.06680974594055598,0.04581604204512062,True,0.09275749795740867,1.0
ON24,no_synthetic_priority,Sydenham,3,OTH,ALP+LNP+ON,ideology prior,False,False,0.1260640470353393,0.10198784858760807,True,0.49206949239644715,1.0
ON24,no_synthetic_priority,Sydenham,4,LNP,ALP+ON,ON special prior,True,True,0.25136518059031293,0.09822209091288187,True,0.63,0.0
ON24,no_synthetic_priority,Tarneit,1,IND,ALP+GRN+LNP+ON+OTH,ideology prior,False,False,0.033534117825968636,0.045008738305785743,True,0.2636607470769511,1.0
ON24,no_synthetic_priority,Tarneit,2,GRN,ALP+LNP+ON+OTH,ideology prior,False,False,0.08204045669836653,0.012384176793570567,True,0.09882030809305369,1.0
ON24,no_synthetic_priority,Tarneit,3,OTH,ALP+LNP+ON,ideology prior,False,False,0.1015932277387117,0.10549456423653746,True,0.5355814557463225,0.8278172182781722
ON24,no_synthetic_priority,Tarneit,4,LNP,ALP+ON,ON special prior,True,True,0.22702967870900917,0.09881544190397892,True,0.63,0.0
ON24,no_synthetic_priority,Thomastown,1,IND,ALP+GRN+LNP+ON+OTH,ideology prior,False,False,0.028462133878003316,0.03846364966529762,True,0.2409774881516588,0.0
ON24,no_synthetic_priority,Thomastown,2,GRN,ALP+LNP+ON+OTH,ideology prior,False,False,0.07264636894661265,0.026089338741221477,True,0.104026148938902,1.0
ON24,no_synthetic_priority,Thomastown,3,OTH,ALP+LNP+ON,ideology prior,False,False,0.12230295334261779,0.03926710132671135,True,0.45166910418768763,1.0
ON24,no_synthetic_priority,Thomastown,4,LNP,ALP+ON,ON special prior,True,True,0.18220224272853788,0.14979206417368965,True,0.6299999999999999,0.0
ON24,no_synthetic_priority,Warrandyte,1,IND,ALP+GRN+LNP+ON+OTH,ideology prior,False,False,0.010584195728952578,0.0018976175718589047,True,0.25006875,1.0
ON24,no_synthetic_priority,Warrandyte,2,OTH,ALP+GRN+LNP+ON,federal ON evidence trial,False,False,0.01479768298026812,0.11157399637560544,True,0.39395046161943137,1.0
ON24,no_synthetic_priority,Warrandyte,3,GRN,ALP+LNP+ON,federal ON evidence trial,False,False,0.12964220264313314,0.05079311809148446,True,0.1042569243298816,1.0
ON24,no_synthetic_priority,Warrandyte,4,ON,ALP+LNP,federal ON evidence trial,False,False,0.19395141804554192,0.11879309131291568,True,0.0,0.7
ON24,no_synthetic_priority,Wendouree,1,IND,ALP+GRN+LNP+ON+OTH,ideology prior,False,False,0.007788925428822547,0.041659794337129366,True,0.36242181022808884,1.0
ON24,no_synthetic_priority,Wendouree,2,OTH,ALP+GRN+LNP+ON,federal ON evidence trial,False,False,0.051636621563636916,0.05177925924717402,True,0.43183717245149444,1.0
ON24,no_synthetic_priority,Wendouree,3,GRN,ALP+LNP+ON,federal ON evidence trial,False,False,0.11305624125509246,0.13275582527274105,True,0.17568361320824868,1.0
ON24,no_synthetic_priority,Wendouree,4,LNP,ALP+ON,ON special prior,True,True,0.2670093501210984,0.060642285140902086,True,0.6900000000000001,0.0
ON24,no_synthetic_priority,Werribee,1,GRN,ALP+IND+LNP+ON+OTH,ideology prior,False,False,0.06877592345365643,0.004299514929220247,True,0.11627906976744184,1.0
ON24,no_synthetic_priority,Werribee,2,OTH,ALP+IND+LNP+ON,ideology prior,False,False,0.07755387060776595,0.04619943995895438,True,0.561196833770567,0.8819
ON24,no_synthetic_priority,Werribee,3,IND,ALP+LNP+ON,ideology prior,False,False,0.1369123448939648,0.0347276040389313,True,0.39560709596563454,0.8337833783378338
ON24,no_synthetic_priority,Werribee,4,LNP,ALP+ON,ON special prior,True,True,0.22415625476970147,0.16343114631166755,True,0.76,0.0
ON24,no_synthetic_priority,Williamstown,1,IND,ALP+GRN+LNP+ON+OTH,ideology prior,False,False,0.0358131415579122,0.033193639397854004,True,0.09438144329896908,0.0
ON24,no_synthetic_priority,Williamstown,2,OTH,ALP+GRN+LNP+ON,federal ON evidence trial,False,False,0.07371417842858456,0.09108785679294938,True,0.26219913573809406,1.0
ON24,no_synthetic_priority,Williamstown,3,GRN,ALP+LNP+ON,federal ON evidence trial,False,False,0.1877571042414848,0.031289965741002124,True,0.07296716812072705,1.0
ON24,no_synthetic_priority,Williamstown,4,LNP,ALP+ON,ON special prior,True,True,0.23925944287456083,0.04205985752737959,True,0.5,0.0
ON24,no_synthetic_priority,Yan Yean,1,IND,ALP+GRN+LNP+ON+OTH,ideology prior,False,False,0.00012377503965500225,0.06552004343922826,True,0.2717267726161369,0.0
ON24,no_synthetic_priority,Yan Yean,2,GRN,ALP+LNP+ON+OTH,ideology prior,False,False,0.06566321885452113,0.045281911862132485,True,0.1405114303112696,1.0
ON24,no_synthetic_priority,Yan Yean,3,OTH,ALP+LNP+ON,ideology prior,False,False,0.12344376821890284,0.13599698559980844,True,0.5410636227642768,1.0
ON24,no_synthetic_priority,Yan Yean,4,LNP,ALP+ON,ON special prior,True,True,0.2875820936684461,0.048839009727750904,True,0.7600000000000001,0.0
ON24,simplified,Albert Park,1,OTH,ALP+GRN+IND+LNP+ON,federal ON evidence trial,False,False,0.03445954350046828,0.014099105038959968,True,0.3195576451206586,1.0
ON24,simplified,Albert Park,2,IND,ALP+GRN+LNP+ON,ideology prior,False,False,0.05480328917744539,0.13522466773322203,True,0.17925896887688678,1.0
ON24,simplified,Albert Park,3,ON,ALP+GRN+LNP,federal ON evidence trial,False,False,0.19985193801967815,0.03153960450323984,True,0.0,0.7000000000000001
ON24,simplified,Albert Park,4,GRN,ALP+LNP,posterior scenario,False,False,0.2687431473992039,0.05882490943482643,False,0.0,0.9500000000000001
ON24,simplified,Ashwood,1,OTH,ALP+GRN+IND+LNP+ON,federal ON evidence trial,False,False,1.0038411722451442e-12,0.021560742241331775,True,0.33944678560753044,1.0
ON24,simplified,Ashwood,2,IND,ALP+GRN+LNP+ON,ideology prior,False,False,0.02156074224249961,0.12739764333365605,True,0.18837807019779113,0.7386
ON24,simplified,Ashwood,3,ON,ALP+GRN+LNP,federal ON evidence trial,False,False,0.15301995659182974,0.010285561945252791,True,0.0,0.75
ON24,simplified,Ashwood,4,GRN,ALP+LNP,posterior scenario,False,False,0.1880897378904147,0.13997455521826355,False,0.0,0.95
ON24,simplified,Bass,1,OTH,ALP+GRN+IND+LNP+ON,federal ON evidence trial,False,False,0.048646249158331545,0.002222735876709181,True,0.3792370012590341,1.0
ON24,simplified,Bass,2,IND,ALP+GRN+LNP+ON,ideology prior,False,False,0.05881613191554253,0.027635321334380618,True,0.28007701426935283,0.8191
ON24,simplified,Bass,3,GRN,ALP+LNP+ON,federal ON evidence trial,False,False,0.10321936822305368,0.1290946711697028,True,0.1565644132959081,1.0
ON24,simplified,Bass,4,ALP,LNP+ON,ON special prior,True,True,0.29140259650398864,0.058112643044304246,True,0.36,0.0
ON24,simplified,Bayswater,1,IND,ALP+GRN+LNP+ON+OTH,ideology prior,False,False,0.015447171396489507,0.04928093007760903,True,0.1499887511248875,1.0
ON24,simplified,Bayswater,2,OTH,ALP+GRN+LNP+ON,federal ON evidence trial,False,False,0.06816867277242948,0.024291351056035623,True,0.39961240618434407,1.0
ON24,simplified,Bayswater,3,GRN,ALP+LNP+ON,federal ON evidence trial,False,False,0.10681076981708457,0.13181482329824462,True,0.12818429854841212,1.0
ON24,simplified,Bayswater,4,ON,ALP+LNP,federal ON evidence trial,False,False,0.2523170567217481,0.10411103764990154,True,0.0,0.7
ON24,simplified,Bellarine,1,OTH,ALP+GRN+IND+LNP+ON,federal ON evidence trial,False,False,0.02863620774606746,0.008602021405249793,True,0.4438647731636078,1.0
ON24,simplified,Bellarine,2,IND,ALP+GRN+LNP+ON,ideology prior,False,False,0.04209297443110388,0.08147005633482565,True,0.257411840919952,1.0
ON24,simplified,Bellarine,3,GRN,ALP+LNP+ON,federal ON evidence trial,False,False,0.13457523643888183,0.07695574732468868,True,0.12044548714177851,1.0
ON24,simplified,Bellarine,4,ON,ALP+LNP,federal ON evidence trial,False,False,0.22773996367367166,0.10991388644433198,True,0.0,0.73
ON24,simplified,Benambra,1,ALP,GRN+IND+LNP+ON+OTH,ideology prior,False,False,0.014412458175345567,0.021690644673712525,True,0.145,1.0
ON24,simplified,Benambra,2,OTH,GRN+IND+LNP+ON,ideology prior,False,False,0.03711197492133228,0.009461542953777019,True,0.546806042909858,0.9582999999999999
ON24,simplified,Benambra,3,GRN,IND+LNP+ON,ideology prior,False,False,0.0513584924247468,0.2582864426576845,True,0.1989613804007431,0.8942
ON24,simplified,Benambra,4,ON,IND+LNP,ideology prior,False,False,0.31986329163056004,0.00961035267404492,True,0.0,0.68
ON24,simplified,Bendigo East,1,OTH,ALP+GRN+IND+LNP+ON,federal ON evidence trial,False,False,0.015922372346413926,0.013694876975749712,True,0.35933592609440235,1.0
ON24,simplified,Bendigo East,2,IND,ALP+GRN+LNP+ON,ideology prior,False,False,0.03221842482720912,0.06855938939143472,True,0.22806626263934107,0.5729427057294271
ON24,simplified,Bendigo East,3,GRN,ALP+LNP+ON,federal ON evidence trial,False,False,0.10796274485858644,0.14495858279394813,True,0.11070153483411738,1.0
ON24,simplified,Bendigo East,4,ON,ALP+LNP,federal ON evidence trial,False,False,0.2648729692132843,0.0276456578041821,True,0.0,0.72
ON24,simplified,Bendigo West,1,IND,ALP+GRN+LNP+ON+OTH,ideology prior,False,False,0.0260876470980018,0.0473700227781362,True,0.22501875187518752,1.0
ON24,simplified,Bendigo West,2,OTH,ALP+GRN+LNP+ON,federal ON evidence trial,False,False,0.08230021209437346,0.04904453004669451,True,0.3905030023589293,1.0
ON24,simplified,Bendigo West,3,GRN,ALP+LNP+ON,federal ON evidence trial,False,False,0.14818451868825017,0.07499441796378037,True,0.1421998403381828,1.0
ON24,simplified,Bendigo West,4,LNP,ALP+ON,ON special prior,True,True,0.24690700117382647,0.039893894976916366,True,0.69,0.0
ON24,simplified,Bentleigh,1,OTH,ALP+GRN+IND+LNP+ON,federal ON evidence trial,False,False,0.016901598731815817,0.0032547806797999373,True,0.3394547420593704,1.0
ON24,simplified,Bentleigh,2,IND,ALP+GRN+LNP+ON,ideology prior,False,False,0.02291752728963337,0.09063065165583417,True,0.21155466233217335,0.7199
ON24,simplified,Bentleigh,3,GRN,ALP+LNP+ON,federal ON evidence trial,False,False,0.11922079211749813,0.08743435866900993,True,0.07796332568027667,1.0
ON24,simplified,Bentleigh,4,ON,ALP+LNP,federal ON evidence trial,False,False,0.21595000023022512,0.12963923742537628,True,0.0,0.7
ON24,simplified,Berwick,1,IND,ALP+GRN+LNP+ON+OTH,ideology prior,False,False,0.0003172641087860373,0.025012880118367622,True,0.15,0.0
ON24,simplified,Berwick,2,OTH,ALP+GRN+LNP+ON,federal ON evidence trial,False,False,0.025377733843471566,0.06856064035434385,True,0.430072834326835,1.0
ON24,simplified,Berwick,3,GRN,ALP+LNP+ON,federal ON evidence trial,False,False,0.09910783015215076,0.12953089730769207,True,0.11621392181270479,1.0
ON24,simplified,Berwick,4,ALP,LNP+ON,ON special prior,True,True,0.2904838904625778,0.00299698928613773,True,0.36,0.0
ON24,simplified,Box Hill,1,IND,ALP+GRN+LNP+ON+OTH,ideology prior,False,False,0.01678540012846529,0.0004104881504551662,True,0.15,1.0
ON24,simplified,Box Hill,2,OTH,ALP+GRN+LNP+ON,federal ON evidence trial,False,False,0.02360119696794281,0.1157101452329458,True,0.32081037270301405,1.0
ON24,simplified,Box Hill,3,ON,ALP+GRN+LNP,federal ON evidence trial,False,False,0.1468828509964116,0.019128941122589616,True,0.0,0.75
ON24,simplified,Box Hill,4,GRN,ALP+LNP,posterior scenario,False,False,0.19124668390201544,0.15043683630895938,False,0.0,0.9500000000000001
ON24,simplified,Brighton,1,OTH,ALP+GRN+IND+LNP+ON,federal ON evidence trial,False,False,0.028003094240317772,0.07786720786680228,True,0.3195576451206586,1.0
ON24,simplified,Brighton,2,IND,ALP+GRN+LNP+ON,ideology prior,False,False,0.11112454587399812,0.03337979825721943,True,0.1661051086111872,1.0
ON24,simplified,Brighton,3,ON,ALP+GRN+LNP,federal ON evidence trial,False,False,0.16296269889298687,0.013067757261432805,True,0.0,0.7000000000000001
ON24,simplified,Brighton,4,ALP,GRN+LNP,posterior scenario,False,False,0.21064427698689758,0.01625213315584012,False,0.0,0.0
ON24,simplified,Broadmeadows,1,IND,ALP+GRN+LNP+ON+OTH,ideology prior,False,False,0.07540514145456384,0.012071352462798945,True,0.15,1.0
ON24,simplified,Broadmeadows,2,GRN,ALP+LNP+ON+OTH,ideology prior,False,False,0.09400657916732802,0.042328270374697996,True,0.06161731296273064,1.0
ON24,simplified,Broadmeadows,3,OTH,ALP+LNP+ON,ideology prior,False,False,0.14658854816326194,0.02305368017545739,True,0.45464626029141675,0.7785
ON24,simplified,Broadmeadows,4,LNP,ALP+ON,ON special prior,True,True,0.20833234139229337,0.10923475907755062,True,0.6300000000000001,0.0
ON24,simplified,Brunswick,1,IND,ALP+GRN+LNP+ON+OTH,ideology prior,False,False,0.02164980847614925,0.03619285193804987,True,0.15,1.0
ON24,simplified,Brunswick,2,LNP,ALP+GRN+ON+OTH,ideology prior,False,False,0.06325348879760073,0.03799226921988218,True,0.31202003845232446,1.0
ON24,simplified,Brunswick,3,OTH,ALP+GRN+ON,ideology prior,False,False,0.11272837703992325,0.07154386181951244,True,0.343651793929395,0.9330066993300671
ON24,simplified,Brunswick,4,ON,ALP+GRN,ideology prior,False,False,0.22301154785595453,0.009935854596856614,True,0.0,0.16999999999999998
ON24,simplified,Bulleen,1,OTH,ALP+GRN+IND+LNP+ON,federal ON evidence trial,False,False,0.010019024173513736,0.0013785287310058222,True,0.33944678560753044,1.0
ON24,simplified,Bulleen,2,IND,ALP+GRN+LNP+ON,ideology prior,False,False,0.013034321578031461,0.110459533529964,True,0.21130203248213275,0.5743425657434257
ON24,simplified,Bulleen,3,GRN,ALP+LNP+ON,federal ON evidence trial,False,False,0.12664992045155676,0.034403052158761216,True,0.06789350386174371,1.0
ON24,simplified,Bulleen,4,ON,ALP+LNP,federal ON evidence trial,False,False,0.16965167947358528,0.14467290232182384,True,0.0,0.7
ON24,simplified,Bundoora,1,IND,ALP+GRN+LNP+ON+OTH,ideology prior,False,False,0.0067795784702205765,0.044827423532758155,True,0.15,1.0
ON24,simplified,Bundoora,2,OTH,ALP+GRN+LNP+ON,federal ON evidence trial,False,False,0.053704434092203227,0.07876350401269043,True,0.3646315625819265,1.0
ON24,simplified,Bundoora,3,GRN,ALP+LNP+ON,federal ON evidence trial,False,False,0.14436232365038476,0.06338566829777806,True,0.0934342647369058,1.0
ON24,simplified,Bundoora,4,ON,ALP+LNP,federal ON evidence trial,False,False,0.22123637951414774,0.06870066395544408,True,0.0,0.7
ON24,simplified,Carrum,1,IND,ALP+GRN+LNP+ON+OTH,ideology prior,False,False,0.01973838803322321,0.02298499513109254,True,0.22501875187518755,1.0
ON24,simplified,Carrum,2,OTH,ALP+GRN+LNP+ON,federal ON evidence trial,False,False,0.05179449901791288,0.02389214738610467,True,0.3860507980229559,1.0
ON24,simplified,Carrum,3,GRN,ALP+LNP+ON,federal ON evidence trial,False,False,0.0873665863628551,0.1605009419410756,True,0.152151973704575,1.0
ON24,simplified,Carrum,4,LNP,ALP+ON,ON special prior,True,True,0.27159377996160716,0.04771578935688675,True,0.76,0.0
ON24,simplified,Caulfield,1,OTH,ALP+GRN+IND+LNP+ON,federal ON evidence trial,False,False,0.00702662245822403,0.04752801178573943,True,0.3195576451206586,1.0
ON24,simplified,Caulfield,2,IND,ALP+GRN+LNP+ON,ideology prior,False,False,0.05575390539311222,0.10128295853833277,True,0.16081392929528332,1.0
ON24,simplified,Caulfield,3,ON,ALP+GRN+LNP,federal ON evidence trial,False,False,0.1660028685312689,0.025143842679932887,True,0.0,0.7000000000000001
ON24,simplified,Caulfield,4,GRN,ALP+LNP,posterior scenario,False,False,0.22409198623398216,0.0007739779311772832,False,0.0,0.95
ON24,simplified,Clarinda,1,OTH,ALP+GRN+IND+LNP+ON,federal ON evidence trial,False,False,0.021900154257623563,0.06198230376583161,True,0.36926060918606657,1.0
ON24,simplified,Clarinda,2,GRN,ALP+IND+LNP+ON,federal ON evidence trial,False,False,0.08681690623731825,0.016363045242010557,True,0.0686832843753169,1.0
ON24,simplified,Clarinda,3,IND,ALP+LNP+ON,ideology prior,False,False,0.12156615264291308,0.11841803337251826,True,0.17339218443799678,1.0
ON24,simplified,Clarinda,4,ON,ALP+LNP,federal ON evidence trial,False,False,0.26613933718672816,0.022676684217655896,True,0.0,0.7
ON24,simplified,Cranbourne,1,IND,ALP+GRN+LNP+ON+OTH,ideology prior,False,False,0.009687049302045775,0.0450594464339109,True,0.15000000000000002,1.0
ON24,simplified,Cranbourne,2,GRN,ALP+LNP+ON+OTH,ideology prior,False,False,0.056022037952803555,0.06403549865707983,True,0.05416789523204001,1.0
ON24,simplified,Cranbourne,3,OTH,ALP+LNP+ON,ideology prior,False,False,0.134289222795849,0.08170449101963517,True,0.4486854720217494,1.0
ON24,simplified,Cranbourne,4,LNP,ALP+ON,ON special prior,True,True,0.25130721642660153,0.1205242767096883,True,0.63,0.0
ON24,simplified,Croydon,1,IND,ALP+GRN+LNP+ON+OTH,ideology prior,False,False,1.0053335984804407e-12,0.05849243162684167,True,0.15,0.0
ON24,simplified,Croydon,2,OTH,ALP+GRN+LNP+ON,federal ON evidence trial,False,False,0.05849243162799781,0.0543316547435102,True,0.41092036879981486,1.0
ON24,simplified,Croydon,3,GRN,ALP+LNP+ON,federal ON evidence trial,False,False,0.12486184520940327,0.10481179227882453,True,0.10528500630484683,1.0
ON24,simplified,Croydon,4,ON,ALP+LNP,federal ON evidence trial,False,False,0.24281971764833463,0.07933383312765593,True,0.0,0.7
ON24,simplified,Dandenong,1,IND,ALP+GRN+LNP+ON+OTH,ideology prior,False,False,0.0016924068011462277,0.07594061077764305,True,0.15000000000000002,1.0
ON24,simplified,Dandenong,2,OTH,ALP+GRN+LNP+ON,federal ON evidence trial,False,False,0.07824837669168605,0.005749387760652383,True,0.37995026135038784,1.0
ON24,simplified,Dandenong,3,GRN,ALP+LNP+ON,federal ON evidence trial,False,False,0.1001606428758586,0.06852439313262823,True,0.1362324450804605,0.7686
ON24,simplified,Dandenong,4,LNP,ALP+ON,ON special prior,True,True,0.183874533375198,0.12071221473625177,True,0.63,0.0
ON24,simplified,Eildon,1,IND,ALP+GRN+LNP+ON+OTH,ideology prior,False,False,0.01758513994110144,0.021064023834006726,True,0.22498125187481255,1.0
ON24,simplified,Eildon,2,OTH,ALP+GRN+LNP+ON,federal ON evidence trial,False,False,0.04369346231013292,0.07180056943696202,True,0.42576001443715933,1.0
ON24,simplified,Eildon,3,GRN,ALP+LNP+ON,federal ON evidence trial,False,False,0.12454720675875575,0.05640647101868415,True,0.1291447111340758,1.0
ON24,simplified,Eildon,4,ALP,LNP+ON,ON special prior,True,True,0.26524710518394756,0.056542710978190025,True,0.35999999999999993,0.0
ON24,simplified,Eltham,1,IND,ALP+GRN+LNP+ON+OTH,ideology prior,False,False,1.0055202341649137e-12,0.010320513726073158,True,0.15,0.0
ON24,simplified,Eltham,2,OTH,ALP+GRN+LNP+ON,federal ON evidence trial,False,False,0.010320513727229506,0.12525503311122915,True,0.4109203687969931,1.0
ON24,simplified,Eltham,3,GRN,ALP+LNP+ON,federal ON evidence trial,False,False,0.13777608692886778,0.08142078384188911,True,0.06512069016723306,1.0
ON24,simplified,Eltham,4,ON,ALP+LNP,federal ON evidence trial,False,False,0.22816894464010545,0.10568522690195015,True,0.0,0.7
ON24,simplified,Essendon,1,IND,ALP+GRN+LNP+ON+OTH,ideology prior,False,False,0.017475940020560427,0.04849572020357208,True,0.15,0.0
ON24,simplified,Essendon,2,OTH,ALP+GRN+LNP+ON,federal ON evidence trial,False,False,0.06859305122721657,0.09868718874663251,True,0.36420294959884053,1.0
ON24,simplified,Essendon,3,GRN,ALP+LNP+ON,federal ON evidence trial,False,False,0.1861332645417516,0.06557297455220862,True,0.10729259395537735,1.0
ON24,simplified,Essendon,4,LNP,ALP+ON,ON special prior,True,True,0.2841832103424731,0.00774305824563315,True,0.56,0.0
ON24,simplified,Eureka,1,IND,ALP+GRN+LNP+ON+OTH,ideology prior,False,False,0.03103638116667055,0.04415340632881026,True,0.22498125187481252,1.0
ON24,simplified,Eureka,2,OTH,ALP+GRN+LNP+ON,federal ON evidence trial,False,False,0.08347346155741753,0.022761414790013187,True,0.429650236741564,1.0
ON24,simplified,Eureka,3,GRN,ALP+LNP+ON,federal ON evidence trial,False,False,0.12289905570097534,0.10786379336845478,True,0.16389762055302265,1.0
ON24,simplified,Eureka,4,LNP,ALP+ON,ON special prior,True,True,0.2558470453145251,0.10777376910861569,True,0.7900000000000001,0.0
ON24,simplified,Euroa,1,IND,ALP+GRN+LNP+ON+OTH,ideology prior,False,False,9.875718374479988e-10,0.042619211421261384,True,0.15,0.0
ON24,simplified,Euroa,2,OTH,ALP+GRN+LNP+ON,federal ON evidence trial,False,False,0.042619212556968995,0.010453130114598079,True,0.3971801192508846,1.0
ON24,simplified,Euroa,3,GRN,ALP+LNP+ON,federal ON evidence trial,False,False,0.0618718319357724,0.11923237167679701,True,0.1650156999448877,0.87
ON24,simplified,Euroa,4,ALP,LNP+ON,ON special prior,True,True,0.22133351404773136,0.1259443266328761,True,0.36000000000000004,0.0
ON24,simplified,Evelyn,1,IND,ALP+GRN+LNP+ON+OTH,ideology prior,False,False,0.015313635540384075,0.009519114123729902,True,0.22498125187481252,1.0
ON24,simplified,Evelyn,2,OTH,ALP+GRN+LNP+ON,federal ON evidence trial,False,False,0.029946667128100624,0.07122260202350723,True,0.3951053330395496,1.0
ON24,simplified,Evelyn,3,GRN,ALP+LNP+ON,federal ON evidence trial,False,False,0.10733361757902951,0.10722719416510496,True,0.11761509060755143,1.0
ON24,simplified,Evelyn,4,ON,ALP+LNP,federal ON evidence trial,False,False,0.2659017153161446,0.02096782963051358,True,0.0,0.73
ON24,simplified,Footscray,1,IND,ALP+GRN+LNP+ON+OTH,ideology prior,False,False,0.002938006294140485,0.09633367339209352,True,0.15,0.0
ON24,simplified,Footscray,2,OTH,ALP+GRN+LNP+ON,federal ON evidence trial,False,False,0.09971238063035508,0.026969936729413127,True,0.33170375217842213,1.0
ON24,simplified,Footscray,3,LNP,ALP+GRN+ON,ideology prior,False,False,0.14470649349740952,0.09318773347305442,True,0.2881695485617183,1.0
ON24,simplified,Footscray,4,ON,ALP+GRN,ideology prior,False,False,0.2795942318755617,0.047232036148419365,True,0.0,0.16999999999999998
ON24,simplified,Frankston,1,IND,ALP+GRN+LNP+ON+OTH,ideology prior,False,False,0.025882220488543727,0.05203590807296153,True,0.15,1.0
ON24,simplified,Frankston,2,OTH,ALP+GRN+LNP+ON,federal ON evidence trial,False,False,0.0902872417329803,0.030372733840779195,True,0.3533916456301193,1.0
ON24,simplified,Frankston,3,GRN,ALP+LNP+ON,federal ON evidence trial,False,False,0.13965792913411507,0.11575435845283022,True,0.1159736425083739,1.0
ON24,simplified,Frankston,4,LNP,ALP+ON,ON special prior,True,True,0.2834250791556238,0.03670936187845952,True,0.6299999999999999,0.0
ON24,simplified,Geelong,1,OTH,ALP+GRN+IND+LNP+ON,federal ON evidence trial,False,False,0.022043741002668753,0.05520081546516361,True,0.3593259825185165,1.0
ON24,simplified,Geelong,2,IND,ALP+GRN+LNP+ON,ideology prior,False,False,0.08084575595545915,0.056403376317305076,True,0.24656853202936127,0.6687
ON24,simplified,Geelong,3,GRN,ALP+LNP+ON,federal ON evidence trial,False,False,0.1580565148339732,0.03934684610373543,True,0.12149936615406479,1.0
ON24,simplified,Geelong,4,LNP,ALP+ON,ON special prior,True,True,0.22604871544731248,0.13207761504210114,True,0.69,0.0
ON24,simplified,Gippsland East,1,IND,ALP+GRN+LNP+ON+OTH,ideology prior,False,False,0.019717685484492417,0.026490030202254225,True,0.15,0.0
ON24,simplified,Gippsland East,2,ALP,GRN+LNP+ON+OTH,ideology prior,False,False,0.05113713705786975,0.009233534244265339,True,0.1255855624544765,0.0
ON24,simplified,Gippsland East,3,OTH,GRN+LNP+ON,ideology prior,False,False,0.0667927574218593,0.027367285394654522,True,0.47710624289151626,0.8903
ON24,simplified,Gippsland East,4,GRN,LNP+ON,ON special prior,True,True,0.11146457064908163,0.27874113166636005,True,0.23,0.2589
ON24,simplified,Gippsland South,1,OTH,ALP+GRN+IND+LNP+ON,federal ON evidence trial,False,False,0.022086343355020088,0.023266763666433297,True,0.46872619877219757,1.0
ON24,simplified,Gippsland South,2,IND,ALP+GRN+LNP+ON,ideology prior,False,False,0.04888329437476548,0.03673977416408095,True,0.2492733191071202,1.0
ON24,simplified,Gippsland South,3,GRN,ALP+LNP+ON,federal ON evidence trial,False,False,0.09350804129738219,0.020340296007504477,True,0.12182572314966487,1.0
ON24,simplified,Gippsland South,4,ALP,LNP+ON,ON special prior,True,True,0.17487899339707272,0.19050250047441517,True,0.35999999999999993,0.0
ON24,simplified,Glen Waverley,1,IND,ALP+GRN+LNP+ON+OTH,ideology prior,False,False,0.00026750718991362026,0.03328561860189309,True,0.15,0.0
ON24,simplified,Glen Waverley,2,OTH,ALP+GRN+LNP+ON,federal ON evidence trial,False,False,0.03359325187029375,0.07197005643419963,True,0.37141368172762296,1.0
ON24,simplified,Glen Waverley,3,GRN,ALP+LNP+ON,federal ON evidence trial,False,False,0.113456396461453,0.04502044043485143,True,0.08844397949095818,1.0
ON24,simplified,Glen Waverley,4,ON,ALP+LNP,federal ON evidence trial,False,False,0.1685113720980592,0.23013199895319217,True,0.0,0.7
ON24,simplified,Greenvale,1,IND,ALP+GRN+LNP+ON+OTH,ideology prior,False,False,0.061321121137732866,0.007862983016460413,True,0.15,1.0
ON24,simplified,Greenvale,2,GRN,ALP+LNP+ON+OTH,ideology prior,False,False,0.07509239417581384,0.06809674467926771,True,0.06046486846227087,1.0
ON24,simplified,Greenvale,3,OTH,ALP+LNP+ON,ideology prior,False,False,0.1688652411547952,0.03753014684295791,True,0.4075529904762972,1.0
ON24,simplified,Greenvale,4,LNP,ALP+ON,ON special prior,True,True,0.2710824205163714,0.004134501501519616,True,0.63,0.0
ON24,simplified,Hastings,1,IND,ALP+GRN+LNP+ON+OTH,ideology prior,False,False,0.008809654192959518,0.04208609330444064,True,0.225,1.0
ON24,simplified,Hastings,2,OTH,ALP+GRN+LNP+ON,federal ON evidence trial,False,False,0.05342037414774753,0.04728719818550019,True,0.4401863054456835,1.0
ON24,simplified,Hastings,3,GRN,ALP+LNP+ON,federal ON evidence trial,False,False,0.11162050923574687,0.1400656437655833,True,0.14289150719977256,1.0
ON24,simplified,Hastings,4,ALP,LNP+ON,ON special prior,True,True,0.326998391186118,0.00755424980430075,True,0.36,0.0
ON24,simplified,Hawthorn,1,OTH,ALP+GRN+IND+LNP+ON,federal ON evidence trial,False,False,0.010301418101993028,0.09317586631658993,True,0.3195576451206586,1.0
ON24,simplified,Hawthorn,2,ON,ALP+GRN+IND+LNP,federal ON evidence trial,False,False,0.10676918132865917,0.029511843157687123,True,0.0,0.8
ON24,simplified,Hawthorn,3,ALP,GRN+IND+LNP,posterior scenario,False,False,0.15237470872006306,0.004561658206017588,False,0.0,0.0
ON24,simplified,Hawthorn,4,GRN,IND+LNP,ideology prior,False,False,0.223991261037971,0.016535562856842795,False,0.0,0.5983401659834017
ON24,simplified,Ivanhoe,1,OTH,ALP+GRN+IND+LNP+ON,federal ON evidence trial,False,False,0.01162509618197567,0.001947800339884084,True,0.3394467856075304,1.0
ON24,simplified,Ivanhoe,2,IND,ALP+GRN+LNP+ON,ideology prior,False,False,0.015472042878599955,0.17526946696008747,True,0.2105639324773257,0.7434743474347435
ON24,simplified,Ivanhoe,3,ON,ALP+GRN+LNP,federal ON evidence trial,False,False,0.19399936403066323,0.007339383708950237,True,0.0,0.75
ON24,simplified,Ivanhoe,4,GRN,ALP+LNP,posterior scenario,False,False,0.23355269618820354,0.12494146691172417,False,0.0,0.95
ON24,simplified,Kalkallo,1,IND,ALP+GRN+LNP+ON+OTH,ideology prior,False,False,0.017888503666781467,0.044288238055773435,True,0.22501875187518752,1.0
ON24,simplified,Kalkallo,2,GRN,ALP+LNP+ON+OTH,ideology prior,False,False,0.0642344831884547,0.0364149980623754,True,0.09412043652035865,1.0
ON24,simplified,Kalkallo,3,OTH,ALP+LNP+ON,ideology prior,False,False,0.11493581973570663,0.07648515232024508,True,0.4674771442493411,1.0
ON24,simplified,Kalkallo,4,LNP,ALP+ON,ON special prior,True,True,0.21826973684147524,0.07001893915461019,True,0.76,0.0
ON24,simplified,Kew,1,OTH,ALP+GRN+IND+LNP+ON,federal ON evidence trial,False,False,0.0012554827531165002,0.1040053121903346,True,0.3195576451206586,1.0
ON24,simplified,Kew,2,ON,ALP+GRN+IND+LNP,federal ON evidence trial,False,False,0.1056619940555266,0.007343853750051463,True,0.0,0.8
ON24,simplified,Kew,3,GRN,ALP+IND+LNP,posterior scenario,False,False,0.12215726686106354,0.02484281203787378,False,0.0,0.9500000000000001
ON24,simplified,Kew,4,ALP,IND+LNP,posterior scenario,False,False,0.20480381088552627,0.04387068761305615,False,0.0,0.0
ON24,simplified,Kororoit,1,IND,ALP+GRN+LNP+ON+OTH,ideology prior,False,False,0.01665668378471287,0.05863547878485201,True,0.15001125112511252,1.0
ON24,simplified,Kororoit,2,GRN,ALP+LNP+ON+OTH,ideology prior,False,False,0.07679965991839735,0.07426854166182359,True,0.053634843354142064,1.0
ON24,simplified,Kororoit,3,OTH,ALP+LNP+ON,ideology prior,False,False,0.1757448490937357,0.00836890711240637,True,0.4296052154905175,1.0
ON24,simplified,Kororoit,4,LNP,ALP+ON,ON special prior,True,True,0.21810187090827174,0.10267279770248802,True,0.6300000000000001,0.0
ON24,simplified,Lara,1,IND,ALP+GRN+LNP+ON+OTH,ideology prior,False,False,0.01703882007964107,0.057997016126456954,True,0.22501875187518752,1.0
ON24,simplified,Lara,2,OTH,ALP+GRN+LNP+ON,federal ON evidence trial,False,False,0.0788890608234933,0.02298971545152892,True,0.42172492709480747,1.0
ON24,simplified,Lara,3,GRN,ALP+LNP+ON,federal ON evidence trial,False,False,0.118458468738571,0.019192608311403597,True,0.1626488536606804,1.0
ON24,simplified,Lara,4,LNP,ALP+ON,ON special prior,True,True,0.1659461581301004,0.2454870276737209,True,0.7599999999999999,0.0
ON24,simplified,Laverton,1,IND,ALP+GRN+LNP+ON+OTH,ideology prior,False,False,0.022455945301307678,0.08511433860257837,True,0.15001125112511252,1.0
ON24,simplified,Laverton,2,GRN,ALP+LNP+ON+OTH,ideology prior,False,False,0.10978118052873577,0.02550038450681387,True,0.056170014519330416,1.0
ON24,simplified,Laverton,3,OTH,ALP+LNP+ON,ideology prior,False,False,0.14477898376382425,0.027624510333054575,True,0.47323823232150364,0.7149
ON24,simplified,Laverton,4,LNP,ALP+ON,ON special prior,True,True,0.20738043478380686,0.10546067969997663,True,0.56,0.0
ON24,simplified,Lowan,1,IND,ALP+GRN+LNP+ON+OTH,ideology prior,False,False,0.03936431074870544,0.002776157260794457,True,0.18,1.0
ON24,simplified,Lowan,2,OTH,ALP+GRN+LNP+ON,federal ON evidence trial,False,False,0.04627372063811397,0.01872172823375147,True,0.4514004828206581,0.8765123487651234
ON24,simplified,Lowan,3,GRN,ALP+LNP+ON,federal ON evidence trial,False,False,0.07302640748508157,0.011410247198483048,True,0.16394720708830288,0.8507
ON24,simplified,Lowan,4,ALP,LNP+ON,ON special prior,True,True,0.13036625620537617,0.21815798946637,True,0.36000000000000004,0.0
ON24,simplified,Macedon,1,OTH,ALP+GRN+IND+LNP+ON,federal ON evidence trial,False,False,0.03100963288814458,0.018065872818138713,True,0.3792250665812742,1.0
ON24,simplified,Macedon,2,IND,ALP+GRN+LNP+ON,ideology prior,False,False,0.05414142777707706,0.07663582549536407,True,0.27159076401956783,0.8798
ON24,simplified,Macedon,3,GRN,ALP+LNP+ON,federal ON evidence trial,False,False,0.14149967601663901,0.11003489917619916,True,0.12439856822456302,1.0
ON24,simplified,Macedon,4,LNP,ALP+ON,ON special prior,True,True,0.2744503294442039,0.044894942197193144,True,0.79,0.0
ON24,simplified,Malvern,1,IND,ALP+GRN+LNP+ON+OTH,ideology prior,False,False,0.012852293361046967,0.005866125267510451,True,0.15,1.0
ON24,simplified,Malvern,2,OTH,ALP+GRN+LNP+ON,federal ON evidence trial,False,False,0.021094486363680977,0.10281459678101468,True,0.3154949798366097,1.0
ON24,simplified,Malvern,3,ON,ALP+GRN+LNP,federal ON evidence trial,False,False,0.13056428769466882,0.030020225677607842,True,0.0,0.7000000000000001
ON24,simplified,Malvern,4,ALP,GRN+LNP,posterior scenario,False,False,0.18682802121279807,0.012067745016794196,False,0.0,0.0
ON24,simplified,Melbourne,1,IND,ALP+GRN+LNP+ON+OTH,ideology prior,False,False,0.009616653133170635,0.06749093924509743,True,0.15001125112511252,1.0
ON24,simplified,Melbourne,2,OTH,ALP+GRN+LNP+ON,federal ON evidence trial,False,False,0.08074878531133052,0.05509173564872129,True,0.32574999540564775,1.0
ON24,simplified,Melbourne,3,LNP,ALP+GRN+ON,ideology prior,False,False,0.15034585124055946,0.051443340554404776,True,0.2837126127943746,1.0
ON24,simplified,Melbourne,4,ON,ALP+GRN,ideology prior,False,False,0.24444420607321773,0.008637306970392916,True,0.0,0.16999999999999998
ON24,simplified,Melton,1,GRN,ALP+IND+LNP+ON+OTH,ideology prior,False,False,0.04876836544566603,0.04784855809349508,True,0.08750000000000002,1.0
ON24,simplified,Melton,2,OTH,ALP+IND+LNP+ON,ideology prior,False,False,0.10151204822076984,0.044899224651557046,True,0.5080822414778264,0.9478
ON24,simplified,Melton,3,LNP,ALP+IND+ON,ideology prior,False,False,0.15887521428198795,0.0805691490656254,True,0.4608251293580539,0.0
ON24,simplified,Melton,4,ALP,IND+ON,ideology prior,False,False,0.2772654330492629,0.014980271203421824,True,0.43001769877213875,0.0
ON24,simplified,Mildura,1,OTH,ALP+GRN+IND+LNP+ON,federal ON evidence trial,False,False,0.004858411349698637,0.006026764341242867,True,0.3792250665812742,1.0
ON24,simplified,Mildura,2,ALP,GRN+IND+LNP+ON,ideology prior,False,False,0.011432627720032852,0.016849881899411376,True,0.1662708791918918,1.0
ON24,simplified,Mildura,3,GRN,IND+LNP+ON,ideology prior,False,False,0.032605802068752215,0.2429921671479576,True,0.24785764161608995,0.5776422357764224
ON24,simplified,Mildura,4,LNP,IND+ON,ideology prior,False,False,0.2841710212687456,0.03651943908835009,True,0.5910670139942554,0.0
ON24,simplified,Mill Park,1,IND,ALP+GRN+LNP+ON+OTH,ideology prior,False,False,1.021038641487028e-09,0.07282182575617444,True,0.15,0.0
ON24,simplified,Mill Park,2,GRN,ALP+LNP+ON+OTH,ideology prior,False,False,0.07282182698142081,0.02855712648253024,True,0.0513888892705731,1.0
ON24,simplified,Mill Park,3,OTH,ALP+LNP+ON,ideology prior,False,False,0.11471283226799987,0.0682481172493553,True,0.44949597825545956,1.0
ON24,simplified,Mill Park,4,LNP,ALP+ON,ON special prior,True,True,0.21634987335398112,0.12692490162128792,True,0.63,0.0
ON24,simplified,Monbulk,1,OTH,ALP+GRN+IND+LNP+ON,federal ON evidence trial,False,False,0.031315834071139845,0.054776621767774064,True,0.4438647731636078,1.0
ON24,simplified,Monbulk,2,IND,ALP+GRN+LNP+ON,ideology prior,False,False,0.0924182772534822,0.06556543055290723,True,0.24685526700005558,1.0
ON24,simplified,Monbulk,3,GRN,ALP+LNP+ON,federal ON evidence trial,False,False,0.18365159362842345,0.07688189599560999,True,0.12945063817584646,1.0
ON24,simplified,Monbulk,4,ON,ALP+LNP,federal ON evidence trial,False,False,0.2974167276342091,0.022525632209708102,True,0.0,0.73
ON24,simplified,Mordialloc,1,OTH,ALP+GRN+IND+LNP+ON,federal ON evidence trial,False,False,0.02231849780626818,0.04513839193027015,True,0.36928049633783827,1.0
ON24,simplified,Mordialloc,2,IND,ALP+GRN+LNP+ON,ideology prior,False,False,0.07237140723753166,0.03365475219347086,True,0.17316434164663413,1.0
ON24,simplified,Mordialloc,3,GRN,ALP+LNP+ON,federal ON evidence trial,False,False,0.11921311572554286,0.13099233615605047,True,0.08875961294258795,1.0
ON24,simplified,Mordialloc,4,ON,ALP+LNP,federal ON evidence trial,False,False,0.26078676189107247,0.05569512243081165,True,0.0,0.7
ON24,simplified,Mornington,1,OTH,ALP+GRN+IND+LNP+ON,federal ON evidence trial,False,False,0.005613862685649145,0.07203786810238753,True,0.44386477316360773,1.0
ON24,simplified,Mornington,2,GRN,ALP+IND+LNP+ON,federal ON evidence trial,False,False,0.07825185060275285,0.03595758254493049,True,0.09205530180484255,1.0
ON24,simplified,Mornington,3,ALP,IND+LNP+ON,ideology prior,False,False,0.1478882555913543,0.06857402494806983,True,0.21572257424136565,1.0
ON24,simplified,Mornington,4,ON,IND+LNP,ideology prior,False,False,0.24836511573565612,0.05937550609790593,True,0.0,0.69
ON24,simplified,Morwell,1,GRN,ALP+IND+LNP+ON+OTH,ideology prior,False,False,0.039473207808854036,0.038584581865370074,True,0.08750000000000002,1.0
ON24,simplified,Morwell,2,OTH,ALP+IND+LNP+ON,ideology prior,False,False,0.08173866630239975,0.042132552029155584,True,0.39820812964159363,1.0
ON24,simplified,Morwell,3,IND,ALP+LNP+ON,ideology prior,False,False,0.13811875555137348,0.05842981966458147,True,0.29384889852174784,0.6859
ON24,simplified,Morwell,4,ALP,LNP+ON,ON special prior,True,True,0.24513072363653607,0.04755768108911099,True,0.24999999999999997,0.0
ON24,simplified,Mulgrave,1,OTH,ALP+GRN+IND+LNP+ON,federal ON evidence trial,False,False,0.013655433372651557,0.045831010994271386,True,0.36928049633783827,1.0
ON24,simplified,Mulgrave,2,GRN,ALP+IND+LNP+ON,federal ON evidence trial,False,False,0.061070459706785325,0.08014284512540576,True,0.06547898805839439,1.0
ON24,simplified,Mulgrave,3,LNP,ALP+IND+ON,ideology prior,False,False,0.15076416407925317,0.028604514244007007,True,0.3275749207214124,1.0
ON24,simplified,Mulgrave,4,IND,ALP+ON,ON special prior,True,True,0.2067058600918259,0.07714835509920825,True,0.2,0.0
ON24,simplified,Murray Plains,1,IND,ALP+GRN+LNP+ON+OTH,ideology prior,False,False,0.016774455803175554,0.0246919887812308,True,0.225,1.0
ON24,simplified,Murray Plains,2,GRN,ALP+LNP+ON+OTH,ideology prior,False,False,0.044084098412491904,0.012083655333119364,True,0.09888334449770561,1.0
ON24,simplified,Murray Plains,3,ALP,LNP+ON+OTH,ideology prior,False,False,0.07680822533418892,0.014486653088218282,True,0.2722166215050514,0.0
ON24,simplified,Murray Plains,4,OTH,LNP+ON,ON special prior,True,True,0.11707380607782918,0.24854101179235188,True,0.46,0.8509
ON24,simplified,Narracan,1,OTH,ALP+GRN+IND+LNP+ON,federal ON evidence trial,False,False,9.871755515458127e-10,0.056345819474791475,True,0.3195576451206586,0.0
ON24,simplified,Narracan,2,IND,ALP+GRN+LNP+ON,ideology prior,False,False,0.056345820662506166,0.0840566166763906,True,0.17647058889506692,0.0
ON24,simplified,Narracan,3,GRN,ALP+LNP+ON,federal ON evidence trial,False,False,0.15366027749687247,0.012749122632028459,True,0.07952160325718365,0.0
ON24,simplified,Narracan,4,ALP,LNP+ON,ON special prior,True,True,0.2907874212411312,0.01581326865853,True,0.36,0.0
ON24,simplified,Narre Warren North,1,IND,ALP+GRN+LNP+ON+OTH,ideology prior,False,False,0.01277655122959192,0.05451069149034816,True,0.14998875112488752,1.0
ON24,simplified,Narre Warren North,2,GRN,ALP+LNP+ON+OTH,ideology prior,False,False,0.06865042830033564,0.024655834262630266,True,0.05371559307397176,1.0
ON24,simplified,Narre Warren North,3,OTH,ALP+LNP+ON,ideology prior,False,False,0.1066425570179064,0.11081775991523757,True,0.435484806611974,1.0
ON24,simplified,Narre Warren North,4,LNP,ALP+ON,ON special prior,True,True,0.24748688412274203,0.10688957432458976,True,0.6300000000000001,0.0
ON24,simplified,Narre Warren South,1,IND,ALP+GRN+LNP+ON+OTH,ideology prior,False,False,0.005080365847294446,0.062072808453064884,True,0.15001125112511252,1.0
ON24,simplified,Narre Warren South,2,GRN,ALP+LNP+ON+OTH,ideology prior,False,False,0.06765297986931458,0.01998164803247561,True,0.05224778823852037,1.0
ON24,simplified,Narre Warren South,3,OTH,ALP+LNP+ON,ideology prior,False,False,0.10274470691013765,0.12476167046612108,True,0.43073583149142247,1.0
ON24,simplified,Narre Warren South,4,LNP,ALP+ON,ON special prior,True,True,0.2566963346437796,0.0839467092579565,True,0.63,0.0
ON24,simplified,Nepean,1,OTH,ALP+GRN+IND+LNP+ON,federal ON evidence trial,False,False,0.011524033069656847,0.02556174848617722,True,0.36928049633783827,1.0
ON24,simplified,Nepean,2,IND,ALP+GRN+LNP+ON,ideology prior,False,False,0.03896841762839626,0.05901988963295657,True,0.2531259340482529,0.6993
ON24,simplified,Nepean,3,GRN,ALP+LNP+ON,federal ON evidence trial,False,False,0.10614755824519913,0.09823644347298184,True,0.11270606104529023,1.0
ON24,simplified,Nepean,4,ON,ALP+LNP,federal ON evidence trial,False,False,0.27080899183036283,0.006236863431261119,True,0.0,0.73
ON24,simplified,Niddrie,1,IND,ALP+GRN+LNP+ON+OTH,ideology prior,False,False,1.005069647918951e-12,0.06620736323185757,True,0.15,0.0
ON24,simplified,Niddrie,2,OTH,ALP+GRN+LNP+ON,federal ON evidence trial,False,False,0.06620736323301339,0.008579198483814998,True,0.371662515135995,1.0
ON24,simplified,Niddrie,3,GRN,ALP+LNP+ON,federal ON evidence trial,False,False,0.08874734715136957,0.18297058667358257,True,0.12441507117358741,1.0
ON24,simplified,Niddrie,4,LNP,ALP+ON,ON special prior,True,True,0.2922010020938005,0.03961276618760101,True,0.5599999999999999,0.0
ON24,simplified,Northcote,1,IND,ALP+GRN+LNP+ON+OTH,ideology prior,False,False,0.009405243645881087,0.052738553208392915,True,0.1499887511248875,1.0
ON24,simplified,Northcote,2,LNP,ALP+GRN+ON+OTH,ideology prior,False,False,0.06319290565486477,0.03380793406230123,True,0.31997421069676363,1.0
ON24,simplified,Northcote,3,OTH,ALP+GRN+ON,ideology prior,False,False,0.10835356922285241,0.12878003537858015,True,0.37125000198817415,0.8543000000000001
ON24,simplified,Northcote,4,ON,ALP+GRN,ideology prior,False,False,0.2773598673908423,0.04201670455765971,True,0.0,0.16999999999999998
ON24,simplified,Oakleigh,1,OTH,ALP+GRN+IND+LNP+ON,federal ON evidence trial,False,False,0.009036115454417886,0.013141892609263805,True,0.36928049633783827,1.0
ON24,simplified,Oakleigh,2,IND,ALP+GRN+LNP+ON,ideology prior,False,False,0.024001962098236747,0.1387807420341623,True,0.17499799678871453,1.0
ON24,simplified,Oakleigh,3,GRN,ALP+LNP+ON,federal ON evidence trial,False,False,0.16757604738659113,0.06764521637719159,True,0.06622675300135027,1.0
ON24,simplified,Oakleigh,4,ON,ALP+LNP,federal ON evidence trial,False,False,0.24631928126299704,0.03269505454125618,True,0.0,0.7
ON24,simplified,Ovens Valley,1,IND,ALP+GRN+LNP+ON+OTH,ideology prior,False,False,0.04755808044141177,0.02876276777313952,True,0.15,0.0
ON24,simplified,Ovens Valley,2,ALP,GRN+LNP+ON+OTH,ideology prior,False,False,0.08821036832490423,0.0028122802052626544,True,0.12874707993054846,0.0
ON24,simplified,Ovens Valley,3,OTH,GRN+LNP+ON,ideology prior,False,False,0.12975036190112543,0.00933744192193045,True,0.5361681011454211,0.9419
ON24,simplified,Ovens Valley,4,GRN,LNP+ON,ON special prior,True,True,0.1635268770845584,0.20182377758083334,True,0.23,0.3624
ON24,simplified,Pakenham,1,IND,ALP+GRN+LNP+ON+OTH,ideology prior,False,False,0.06968604005653006,0.00132545510214023,True,0.18000000000000002,1.0
ON24,simplified,Pakenham,2,GRN,ALP+LNP+ON+OTH,ideology prior,False,False,0.0807675407665845,0.020556864321064183,True,0.09635404523312513,0.7081708170817081
ON24,simplified,Pakenham,3,OTH,ALP+LNP+ON,ideology prior,False,False,0.10812800236380624,0.16584303945910697,True,0.55078071884112,0.7984
ON24,simplified,Pakenham,4,ALP,LNP+ON,ON special prior,True,True,0.2974843873691103,0.027067566681295285,True,0.35999999999999993,0.0
ON24,simplified,Pascoe Vale,1,OTH,ALP+GRN+IND+LNP+ON,federal ON evidence trial,False,False,0.07177214334000055,0.02223171969912821,True,0.33944678560753044,1.0
ON24,simplified,Pascoe Vale,2,IND,ALP+GRN+LNP+ON,ideology prior,False,False,0.10572899652670671,0.037929245370671785,True,0.21070500997350372,0.6067
ON24,simplified,Pascoe Vale,3,LNP,ALP+GRN+ON,ideology prior,False,False,0.1701953749478751,0.08894584746517184,True,0.3461881485207158,1.0
ON24,simplified,Pascoe Vale,4,ON,ALP+GRN,ideology prior,False,False,0.3180608441530408,0.015343206038593182,True,0.0,0.16999999999999998
ON24,simplified,Point Cook,1,GRN,ALP+IND+LNP+ON+OTH,ideology prior,False,False,0.07315900700546572,0.010297094414635069,True,0.049999999999999996,1.0
ON24,simplified,Point Cook,2,OTH,ALP+IND+LNP+ON,ideology prior,False,False,0.08857723191048339,0.03820878565186733,True,0.4321505385096081,0.7787999999999999
ON24,simplified,Point Cook,3,IND,ALP+LNP+ON,ideology prior,False,False,0.14210060018010612,0.05622446176325174,True,0.2558337868147017,0.6815
ON24,simplified,Point Cook,4,LNP,ALP+ON,ON special prior,True,True,0.2527908780212097,0.09418811761871387,True,0.6299999999999999,0.0
ON24,simplified,Polwarth,1,IND,ALP+GRN+LNP+ON+OTH,ideology prior,False,False,0.035347263699732165,0.005927681407320473,True,0.180007500750075,1.0
ON24,simplified,Polwarth,2,OTH,ALP+GRN+LNP+ON,federal ON evidence trial,False,False,0.04498640779552451,0.12221456734742159,True,0.44924227522375215,0.9267
ON24,simplified,Polwarth,3,GRN,ALP+LNP+ON,federal ON evidence trial,False,False,0.17663132150550973,0.011008219854174689,True,0.12477654365439572,1.0
ON24,simplified,Polwarth,4,ON,ALP+LNP,federal ON evidence trial,False,False,0.2579644233969146,0.055322547639218456,True,0.0,0.73
ON24,simplified,Prahran,1,IND,ALP+GRN+LNP+ON+OTH,ideology prior,False,False,0.009018035974269294,0.03377605368915167,True,0.1499887511248875,1.0
ON24,simplified,Prahran,2,OTH,ALP+GRN+LNP+ON,federal ON evidence trial,False,False,0.045321400782632276,0.10675933398612367,True,0.32454416422430304,1.0
ON24,simplified,Prahran,3,ALP,GRN+LNP+ON,ideology prior,False,False,0.15961117663836152,0.018565049746124995,True,0.12163657677836466,1.0
ON24,simplified,Prahran,4,ON,GRN+LNP,ideology prior,False,False,0.1975907835263437,0.12964894524790208,True,0.0,0.5800000000000001
ON24,simplified,Preston,1,OTH,ALP+GRN+IND+LNP+ON,federal ON evidence trial,False,False,0.08767232791597533,0.012185078959383464,True,0.33944678560753044,1.0
ON24,simplified,Preston,2,LNP,ALP+GRN+IND+ON,ideology prior,False,False,0.11565763072667472,0.024415410825248077,True,0.35813880176615714,1.0
ON24,simplified,Preston,3,IND,ALP+GRN+ON,ideology prior,False,False,0.16015047756591555,0.03671957748096341,True,0.24867371824171247,0.8427
ON24,simplified,Preston,4,GRN,ALP+ON,ON special prior,True,True,0.2729513366696838,0.07884962734393419,True,0.09,0.0
ON24,simplified,Richmond,1,IND,ALP+GRN+LNP+ON+OTH,ideology prior,False,False,0.04049101100223483,0.03906686674285918,True,0.14998875112488752,1.0
ON24,simplified,Richmond,2,OTH,ALP+GRN+LNP+ON,federal ON evidence trial,False,False,0.0932709637042463,0.0133620189812102,True,0.31148091202650585,1.0
ON24,simplified,Richmond,3,LNP,ALP+GRN+ON,ideology prior,False,False,0.12432470056295683,0.07102977001100824,True,0.2827084063233037,1.0
ON24,simplified,Richmond,4,ON,ALP+GRN,ideology prior,False,False,0.23050210853674052,0.06733521046454016,True,0.0,0.16999999999999998
ON24,simplified,Ringwood,1,IND,ALP+GRN+LNP+ON+OTH,ideology prior,False,False,4.393709881000182e-05,0.04757315626932425,True,0.15,0.0
ON24,simplified,Ringwood,2,OTH,ALP+GRN+LNP+ON,federal ON evidence trial,False,False,0.047623683932955754,0.11350803375590955,True,0.4108879236733608,1.0
ON24,simplified,Ringwood,3,GRN,ALP+LNP+ON,federal ON evidence trial,False,False,0.17666365298224532,0.004036061315508571,True,0.08480418794050495,1.0
ON24,simplified,Ringwood,4,ON,ALP+LNP,federal ON evidence trial,False,False,0.19568153192751636,0.18571970086323975,True,0.0,0.7
ON24,simplified,Ripon,1,IND,ALP+GRN+LNP+ON+OTH,ideology prior,False,False,0.019092876517070125,0.038232477954946074,True,0.22500000000000003,1.0
ON24,simplified,Ripon,2,GRN,ALP+LNP+ON+OTH,ideology prior,False,False,0.05917497688460737,0.054822612430295646,True,0.09382703449322188,1.0
ON24,simplified,Ripon,3,OTH,ALP+LNP+ON,ideology prior,False,False,0.12276136120961731,0.13592385873336962,True,0.5269214997399121,1.0
ON24,simplified,Ripon,4,LNP,ALP+ON,ON special prior,True,True,0.28521644677620295,0.04149770707585149,True,0.79,0.0
ON24,simplified,Rowville,1,OTH,ALP+GRN+IND+LNP+ON,federal ON evidence trial,False,False,0.010833604795667235,0.07522411657427762,True,0.4189784886153033,1.0
ON24,simplified,Rowville,2,GRN,ALP+IND+LNP+ON,federal ON evidence trial,False,False,0.08736229478845203,0.024486865636560468,True,0.06270381017987214,1.0
ON24,simplified,Rowville,3,IND,ALP+LNP+ON,ideology prior,False,False,0.1303651100512512,0.06269380012317016,True,0.1624826554070411,1.0
ON24,simplified,Rowville,4,ON,ALP+LNP,federal ON evidence trial,False,False,0.2142409794279798,0.10484931376155301,True,0.0,0.7
ON24,simplified,Sandringham,1,OTH,ALP+GRN+IND+LNP+ON,federal ON evidence trial,False,False,0.03334445665610049,0.04957723192983368,True,0.36926060918606657,1.0
ON24,simplified,Sandringham,2,IND,ALP+GRN+LNP+ON,ideology prior,False,False,0.08832076606345757,0.06056057079488769,True,0.17095538665198537,1.0
ON24,simplified,Sandringham,3,GRN,ALP+LNP+ON,federal ON evidence trial,False,False,0.17369617789253328,0.005209551774550569,True,0.09841086077643235,1.0
ON24,simplified,Sandringham,4,ON,ALP+LNP,federal ON evidence trial,False,False,0.19902543347364932,0.10138862834957801,True,0.0,0.7
ON24,simplified,Shepparton,1,ALP,GRN+IND+LNP+ON+OTH,ideology prior,False,False,0.00519353176560647,0.015797617039014597,True,0.115,1.0
ON24,simplified,Shepparton,2,OTH,GRN+IND+LNP+ON,ideology prior,False,False,0.021354696028213518,0.006934252978379584,True,0.40966917217835946,0.8951
ON24,simplified,Shepparton,3,GRN,IND+LNP+ON,ideology prior,False,False,0.03188769416790161,0.2877540176542521,True,0.26042865782494473,0.5886411358864113
ON24,simplified,Shepparton,4,ON,IND+LNP,ideology prior,False,False,0.3279461812154327,0.005454041723744751,True,0.0,0.6799999999999999
ON24,simplified,South Barwon,1,IND,ALP+GRN+LNP+ON+OTH,ideology prior,False,False,0.0004451384554059111,0.0719970741074431,True,0.15,0.0
ON24,simplified,South Barwon,2,OTH,ALP+GRN+LNP+ON,federal ON evidence trial,False,False,0.07250898333115989,0.050727537956640645,True,0.4106848640132604,1.0
ON24,simplified,South Barwon,3,GRN,ALP+LNP+ON,federal ON evidence trial,False,False,0.13858129694193064,0.12187455232877917,True,0.1421045242605199,1.0
ON24,simplified,South Barwon,4,ON,ALP+LNP,federal ON evidence trial,False,False,0.28014887854404874,0.043748788773033176,True,0.0,0.72
ON24,simplified,South-West Coast,1,OTH,ALP+GRN+IND+LNP+ON,federal ON evidence trial,False,False,0.01710024076913264,0.046038055034313546,True,0.46869636804454,1.0
ON24,simplified,South-West Coast,2,GRN,ALP+IND+LNP+ON,federal ON evidence trial,False,False,0.06463551808763185,0.03313834159081905,True,0.09952416795140727,1.0
ON24,simplified,South-West Coast,3,ALP,IND+LNP+ON,ideology prior,False,False,0.12715647107462136,0.0861930102437784,True,0.25030210309189294,0.0
ON24,simplified,South-West Coast,4,ON,IND+LNP,ideology prior,False,False,0.24517701345012094,0.10674476097974644,True,0.0,0.68
ON24,simplified,St Albans,1,IND,ALP+GRN+LNP+ON+OTH,ideology prior,False,False,0.03149125587010095,0.053340497884166484,True,0.15001125112511252,1.0
ON24,simplified,St Albans,2,GRN,ALP+LNP+ON+OTH,ideology prior,False,False,0.0921178269508556,0.03537355311519727,True,0.06485366476651247,1.0
ON24,simplified,St Albans,3,OTH,ALP+LNP+ON,ideology prior,False,False,0.1358298646174226,0.07391544155296986,True,0.45257316397213737,0.8298000000000001
ON24,simplified,St Albans,4,LNP,ALP+ON,ON special prior,True,True,0.24912301736615147,0.07010862856601627,True,0.56,0.0
ON24,simplified,Sunbury,1,IND,ALP+GRN+LNP+ON+OTH,ideology prior,False,False,0.0362851385389861,0.021081190272934668,True,0.22499999999999998,1.0
ON24,simplified,Sunbury,2,OTH,ALP+GRN+LNP+ON,federal ON evidence trial,False,False,0.06500253621745039,0.007913103532933827,True,0.409529789748493,1.0
ON24,simplified,Sunbury,3,GRN,ALP+LNP+ON,federal ON evidence trial,False,False,0.08613161554998575,0.16934128966140846,True,0.1717168087995408,1.0
ON24,simplified,Sunbury,4,LNP,ALP+ON,ON special prior,True,True,0.2748906850594914,0.08486888769600237,True,0.76,0.0
ON24,simplified,Sydenham,1,IND,ALP+GRN+LNP+ON+OTH,ideology prior,False,False,0.007914041210483233,0.05730506683820034,True,0.15,0.0
ON24,simplified,Sydenham,2,GRN,ALP+LNP+ON+OTH,ideology prior,False,False,0.06680191629078022,0.04605454161643416,True,0.054613912967087876,1.0
ON24,simplified,Sydenham,3,OTH,ALP+LNP+ON,ideology prior,False,False,0.12687551595023955,0.10407209215605759,True,0.44999287584652,1.0
ON24,simplified,Sydenham,4,LNP,ALP+ON,ON special prior,True,True,0.26085780364323524,0.08052148410206239,True,0.6300000000000001,0.0
ON24,simplified,Tarneit,1,IND,ALP+GRN+LNP+ON+OTH,ideology prior,False,False,0.033534117825968636,0.045008738305785743,True,0.1499887511248875,1.0
ON24,simplified,Tarneit,2,GRN,ALP+LNP+ON+OTH,ideology prior,False,False,0.08178125739126048,0.015369141826297741,True,0.05836041731718495,1.0
ON24,simplified,Tarneit,3,OTH,ALP+LNP+ON,ideology prior,False,False,0.10472595495217872,0.10682221345728331,True,0.4850357348798631,0.8278172182781722
ON24,simplified,Tarneit,4,LNP,ALP+ON,ON special prior,True,True,0.23823286875228578,0.07685026857294203,True,0.6299999999999999,0.0
ON24,simplified,Thomastown,1,IND,ALP+GRN+LNP+ON+OTH,ideology prior,False,False,0.028462133878003316,0.03846364966529762,True,0.15,0.0
ON24,simplified,Thomastown,2,GRN,ALP+LNP+ON+OTH,ideology prior,False,False,0.0726182103189016,0.026947080891916983,True,0.06205842384359397,1.0
ON24,simplified,Thomastown,3,OTH,ALP+LNP+ON,ideology prior,False,False,0.1242308384135659,0.04179723253828431,True,0.4063850147457987,1.0
ON24,simplified,Thomastown,4,LNP,ALP+ON,ON special prior,True,True,0.19308053289456562,0.12851889596363902,True,0.6299999999999999,0.0
ON24,simplified,Warrandyte,1,IND,ALP+GRN+LNP+ON+OTH,ideology prior,False,False,0.010584195728952578,0.0018976175718589047,True,0.15,1.0
ON24,simplified,Warrandyte,2,OTH,ALP+GRN+LNP+ON,federal ON evidence trial,False,False,0.015356216255901778,0.11100230182815007,True,0.36977799728343297,1.0
ON24,simplified,Warrandyte,3,GRN,ALP+LNP+ON,federal ON evidence trial,False,False,0.12974667481203603,0.049478335538213986,True,0.07117554243562604,1.0
ON24,simplified,Warrandyte,4,ON,ALP+LNP,federal ON evidence trial,False,False,0.18845980030921544,0.12428828643695472,True,0.0,0.7
ON24,simplified,Wendouree,1,IND,ALP+GRN+LNP+ON+OTH,ideology prior,False,False,0.007788925428822547,0.041659794337129366,True,0.22501875187518752,1.0
ON24,simplified,Wendouree,2,OTH,ALP+GRN+LNP+ON,federal ON evidence trial,False,False,0.052080636928461224,0.05165442159624212,True,0.4013399407128051,1.0
ON24,simplified,Wendouree,3,GRN,ALP+LNP+ON,federal ON evidence trial,False,False,0.11462346313335102,0.13099849579937273,True,0.13396240304161355,1.0
ON24,simplified,Wendouree,4,LNP,ALP+ON,ON special prior,True,True,0.2663858406440491,0.05429210513577082,True,0.6900000000000001,0.0
ON24,simplified,Werribee,1,GRN,ALP+IND+LNP+ON+OTH,ideology prior,False,False,0.06877592345365643,0.004299514929220247,True,0.06500000000000002,1.0
ON24,simplified,Werribee,2,OTH,ALP+IND+LNP+ON,ideology prior,False,False,0.07788975302463264,0.045239775910763835,True,0.523266114833915,0.8819
ON24,simplified,Werribee,3,IND,ALP+LNP+ON,ideology prior,False,False,0.1365846595997352,0.03400678401356541,True,0.2980115879670656,0.8337833783378338
ON24,simplified,Werribee,4,LNP,ALP+ON,ON special prior,True,True,0.23059167215586773,0.13724336150115463,True,0.7599999999999999,0.0
ON24,simplified,Williamstown,1,IND,ALP+GRN+LNP+ON+OTH,ideology prior,False,False,0.0358131415579122,0.033193639397854004,True,0.15,0.0
ON24,simplified,Williamstown,2,OTH,ALP+GRN+LNP+ON,federal ON evidence trial,False,False,0.07437875218945303,0.08702611118919698,True,0.3211533224484109,1.0
ON24,simplified,Williamstown,3,GRN,ALP+LNP+ON,federal ON evidence trial,False,False,0.18041196633995737,0.0451007440405968,True,0.10530638916474215,1.0
ON24,simplified,Williamstown,4,LNP,ALP+ON,ON special prior,True,True,0.2542974210435688,0.03887137265866636,True,0.5000000000000001,0.0
ON24,simplified,Yan Yean,1,IND,ALP+GRN+LNP+ON+OTH,ideology prior,False,False,0.00012377503965500225,0.06552004343922826,True,0.15,0.0
ON24,simplified,Yan Yean,2,GRN,ALP+LNP+ON+OTH,ideology prior,False,False,0.06566857348681428,0.045279689434388065,True,0.08892606220799763,1.0
ON24,simplified,Yan Yean,3,OTH,ALP+LNP+ON,ideology prior,False,False,0.1241983683027063,0.13421545784002853,True,0.4902487592069498,1.0
ON24,simplified,Yan Yean,4,LNP,ALP+ON,ON special prior,True,True,0.2877308045762308,0.03938561045050304,True,0.76,0.0
