district,region,held_by,winner,runner_up,winner_pct,runner_up_pct,margin,matchup,elimination_order,ALP_2PP,LNP_2PP,forced_2pp_elimination_order,ALP_ON_2CP,ON_ALP_2CP,forced_alp_on_2cp_elimination_order,region_reference,held_by_reference,winner_reference,runner_up_reference,winner_pct_reference,runner_up_pct_reference,margin_reference,matchup_reference,elimination_order_reference,ALP_2PP_reference,LNP_2PP_reference,forced_2pp_elimination_order_reference,ALP_ON_2CP_reference,ON_ALP_2CP_reference,forced_alp_on_2cp_elimination_order_reference,Scenario,Variant
Albert Park,Southern Metro,ALP,ALP,LNP,0.6298586786064749,0.37014132139352507,0.12985867860647493,ALP-LNP,ON>IND>OTH>GRN,0.6298586786064749,0.37014132139352507,ON>IND>OTH>GRN,0.7698369797512142,0.23016302024878574,IND>OTH>GRN>LNP,Southern Metro,ALP,ALP,LNP,0.6298586786064749,0.37014132139352507,0.12985867860647493,ALP-LNP,ON>IND>OTH>GRN,0.6298586786064749,0.37014132139352507,ON>IND>OTH>GRN,0.7698369797512142,0.23016302024878574,IND>OTH>GRN>LNP,2022,reference
Ashwood,Southern Metro,ALP,ALP,LNP,0.5489907253085564,0.45100927469144364,0.048990725308556415,ALP-LNP,ON>IND>OTH>GRN,0.5489907253085564,0.45100927469144364,ON>IND>OTH>GRN,0.708752044104253,0.29124795589574703,IND>OTH>GRN>LNP,Southern Metro,ALP,ALP,LNP,0.5489907253085564,0.45100927469144364,0.048990725308556415,ALP-LNP,ON>IND>OTH>GRN,0.5489907253085564,0.45100927469144364,ON>IND>OTH>GRN,0.708752044104253,0.29124795589574703,IND>OTH>GRN>LNP,2022,reference
Bass,Eastern Victoria,ALP,LNP,ALP,0.5178511601642946,0.48214883983570545,0.017851160164294555,LNP-ALP,ON>IND>GRN>OTH,0.48214883983570545,0.5178511601642946,ON>IND>GRN>OTH,0.518320707951188,0.481679292048812,IND>GRN>OTH>LNP,Eastern Victoria,ALP,LNP,ALP,0.5178511601642946,0.48214883983570545,0.017851160164294555,LNP-ALP,ON>IND>GRN>OTH,0.48214883983570545,0.5178511601642946,ON>IND>GRN>OTH,0.518320707951188,0.481679292048812,IND>GRN>OTH>LNP,2022,reference
Bayswater,North-Eastern Metro,ALP,ALP,LNP,0.5243042346996111,0.475695765300389,0.02430423469961107,ALP-LNP,ON>IND>GRN>OTH,0.5243042346996111,0.475695765300389,ON>IND>GRN>OTH,0.6354784182260803,0.3645215817739197,IND>GRN>OTH>LNP,North-Eastern Metro,ALP,ALP,LNP,0.5243042346996111,0.475695765300389,0.02430423469961107,ALP-LNP,ON>IND>GRN>OTH,0.5243042346996111,0.475695765300389,ON>IND>GRN>OTH,0.6354784182260803,0.3645215817739197,IND>GRN>OTH>LNP,2022,reference
Bellarine,Western Victoria,ALP,ALP,LNP,0.5739079583547639,0.4260920416452361,0.07390795835476394,ALP-LNP,ON>IND>OTH>GRN,0.5739079583547639,0.4260920416452361,ON>IND>OTH>GRN,0.6220542391045781,0.37794576089542187,IND>OTH>GRN>LNP,Western Victoria,ALP,ALP,LNP,0.5739079583547639,0.4260920416452361,0.07390795835476394,ALP-LNP,ON>IND>OTH>GRN,0.5739079583547639,0.4260920416452361,ON>IND>OTH>GRN,0.6220542391045781,0.37794576089542187,IND>OTH>GRN>LNP,2022,reference
Benambra,Northern Victoria,LNP,LNP,IND,0.526596932059948,0.4734030679400521,0.026596932059947953,LNP-IND,ON>GRN>OTH>ALP,0.34009642196916756,0.6599035780308324,ON>GRN>OTH>IND,0.3698017188008497,0.6301982811991503,GRN>OTH>IND>LNP,Northern Victoria,LNP,LNP,IND,0.526596932059948,0.4734030679400521,0.026596932059947953,LNP-IND,ON>GRN>OTH>ALP,0.34009642196916756,0.6599035780308324,ON>GRN>OTH>IND,0.3698017188008497,0.6301982811991503,GRN>OTH>IND>LNP,2022,reference
Bendigo East,Northern Victoria,ALP,ALP,LNP,0.5992950749444832,0.40070492505551686,0.0992950749444832,ALP-LNP,ON>IND>OTH>GRN,0.5992950749444832,0.40070492505551686,ON>IND>OTH>GRN,0.6704287472697776,0.32957125273022236,IND>OTH>GRN>LNP,Northern Victoria,ALP,ALP,LNP,0.5992950749444832,0.40070492505551686,0.0992950749444832,ALP-LNP,ON>IND>OTH>GRN,0.5992950749444832,0.40070492505551686,ON>IND>OTH>GRN,0.6704287472697776,0.32957125273022236,IND>OTH>GRN>LNP,2022,reference
Bendigo West,Northern Victoria,ALP,ALP,LNP,0.637300201850661,0.36269979814933895,0.13730020185066105,ALP-LNP,ON>IND>GRN>OTH,0.637300201850661,0.36269979814933895,ON>IND>GRN>OTH,0.6725502258912335,0.3274497741087666,IND>GRN>OTH>LNP,Northern Victoria,ALP,ALP,LNP,0.637300201850661,0.36269979814933895,0.13730020185066105,ALP-LNP,ON>IND>GRN>OTH,0.637300201850661,0.36269979814933895,ON>IND>GRN>OTH,0.6725502258912335,0.3274497741087666,IND>GRN>OTH>LNP,2022,reference
Bentleigh,Southern Metro,ALP,ALP,LNP,0.5816167081041431,0.418383291895857,0.08161670810414312,ALP-LNP,ON>IND>OTH>GRN,0.5816167081041431,0.418383291895857,ON>IND>OTH>GRN,0.7204917020363042,0.27950829796369586,IND>OTH>GRN>LNP,Southern Metro,ALP,ALP,LNP,0.5816167081041431,0.418383291895857,0.08161670810414312,ALP-LNP,ON>IND>OTH>GRN,0.5816167081041431,0.418383291895857,ON>IND>OTH>GRN,0.7204917020363042,0.27950829796369586,IND>OTH>GRN>LNP,2022,reference
Berwick,South-Eastern Metro,LNP,LNP,ALP,0.5432866182461231,0.4567133817538769,0.04328661824612312,LNP-ALP,IND>ON>OTH>GRN,0.4567133817538769,0.5432866182461231,IND>ON>OTH>GRN,0.5400455339918606,0.4599544660081394,IND>OTH>GRN>LNP,South-Eastern Metro,LNP,LNP,ALP,0.5432866182461231,0.4567133817538769,0.04328661824612312,LNP-ALP,IND>ON>OTH>GRN,0.4567133817538769,0.5432866182461231,IND>ON>OTH>GRN,0.5400455339918606,0.4599544660081394,IND>OTH>GRN>LNP,2022,reference
Box Hill,North-Eastern Metro,ALP,ALP,LNP,0.5595205584867091,0.44047944151329094,0.05952055848670912,ALP-LNP,ON>IND>OTH>GRN,0.5595205584867091,0.44047944151329094,ON>IND>OTH>GRN,0.7068467448167418,0.29315325518325824,IND>OTH>GRN>LNP,North-Eastern Metro,ALP,ALP,LNP,0.5595205584867091,0.44047944151329094,0.05952055848670912,ALP-LNP,ON>IND>OTH>GRN,0.5595205584867091,0.44047944151329094,ON>IND>OTH>GRN,0.7068467448167418,0.29315325518325824,IND>OTH>GRN>LNP,2022,reference
Brighton,Southern Metro,LNP,LNP,ALP,0.5353336398007497,0.46466636019925034,0.03533363980074966,LNP-ALP,ON>OTH>IND>GRN,0.46466636019925034,0.5353336398007497,ON>OTH>IND>GRN,0.6866242778347494,0.3133757221652506,OTH>IND>GRN>LNP,Southern Metro,LNP,LNP,ALP,0.5353336398007497,0.46466636019925034,0.03533363980074966,LNP-ALP,ON>OTH>IND>GRN,0.46466636019925034,0.5353336398007497,ON>OTH>IND>GRN,0.6866242778347494,0.3133757221652506,OTH>IND>GRN>LNP,2022,reference
Broadmeadows,Northern Metro,ALP,ALP,LNP,0.6690291004858195,0.33097089951418046,0.16902910048581954,ALP-LNP,ON>IND>GRN>OTH,0.6690291004858195,0.33097089951418046,ON>IND>GRN>OTH,0.6942377120998277,0.30576228790017246,IND>GRN>OTH>LNP,Northern Metro,ALP,ALP,LNP,0.6690291004858195,0.33097089951418046,0.16902910048581954,ALP-LNP,ON>IND>GRN>OTH,0.6690291004858195,0.33097089951418046,ON>IND>GRN>OTH,0.6942377120998277,0.30576228790017246,IND>GRN>OTH>LNP,2022,reference
Brunswick,Northern Metro,GRN,GRN,ALP,0.5967317126448386,0.40326828735516146,0.0967317126448386,GRN-ALP,ON>IND>LNP>OTH,0.8228976101809578,0.17710238981904228,ON>IND>OTH>GRN,0.8819666583817142,0.11803334161828588,IND>LNP>OTH>GRN,Northern Metro,GRN,GRN,ALP,0.5967317126448386,0.40326828735516146,0.0967317126448386,GRN-ALP,ON>IND>LNP>OTH,0.8228976101809578,0.17710238981904228,ON>IND>OTH>GRN,0.8819666583817142,0.11803334161828588,IND>LNP>OTH>GRN,2022,reference
Bulleen,North-Eastern Metro,LNP,LNP,ALP,0.5571426502491057,0.4428573497508944,0.0571426502491057,LNP-ALP,ON>IND>OTH>GRN,0.4428573497508944,0.5571426502491057,ON>IND>OTH>GRN,0.6477046869590136,0.3522953130409865,IND>OTH>GRN>LNP,North-Eastern Metro,LNP,LNP,ALP,0.5571426502491057,0.4428573497508944,0.0571426502491057,LNP-ALP,ON>IND>OTH>GRN,0.4428573497508944,0.5571426502491057,ON>IND>OTH>GRN,0.6477046869590136,0.3522953130409865,IND>OTH>GRN>LNP,2022,reference
Bundoora,North-Eastern Metro,ALP,ALP,LNP,0.6331100134018667,0.3668899865981333,0.13311001340186668,ALP-LNP,ON>IND>OTH>GRN,0.6331100134018667,0.3668899865981333,ON>IND>OTH>GRN,0.738645086173715,0.26135491382628495,IND>OTH>GRN>LNP,North-Eastern Metro,ALP,ALP,LNP,0.6331100134018667,0.3668899865981333,0.13311001340186668,ALP-LNP,ON>IND>OTH>GRN,0.6331100134018667,0.3668899865981333,ON>IND>OTH>GRN,0.738645086173715,0.26135491382628495,IND>OTH>GRN>LNP,2022,reference
Carrum,South-Eastern Metro,ALP,ALP,LNP,0.5996348874504338,0.4003651125495662,0.0996348874504338,ALP-LNP,ON>IND>GRN>OTH,0.5996348874504338,0.4003651125495662,ON>IND>GRN>OTH,0.6368767697334021,0.3631232302665978,IND>GRN>OTH>LNP,South-Eastern Metro,ALP,ALP,LNP,0.5996348874504338,0.4003651125495662,0.0996348874504338,ALP-LNP,ON>IND>GRN>OTH,0.5996348874504338,0.4003651125495662,ON>IND>GRN>OTH,0.6368767697334021,0.3631232302665978,IND>GRN>OTH>LNP,2022,reference
Caulfield,Southern Metro,LNP,LNP,ALP,0.5133748618611971,0.486625138138803,0.013374861861197074,LNP-ALP,ON>IND>OTH>GRN,0.486625138138803,0.5133748618611971,ON>IND>OTH>GRN,0.708530174358691,0.291469825641309,IND>OTH>GRN>LNP,Southern Metro,LNP,LNP,ALP,0.5133748618611971,0.486625138138803,0.013374861861197074,LNP-ALP,ON>IND>OTH>GRN,0.486625138138803,0.5133748618611971,ON>IND>OTH>GRN,0.708530174358691,0.291469825641309,IND>OTH>GRN>LNP,2022,reference
Clarinda,South-Eastern Metro,ALP,ALP,LNP,0.6071414346021642,0.39285856539783576,0.10714143460216419,ALP-LNP,ON>GRN>OTH>IND,0.6071414346021642,0.39285856539783576,ON>GRN>OTH>IND,0.7220102721046407,0.2779897278953592,GRN>OTH>IND>LNP,South-Eastern Metro,ALP,ALP,LNP,0.6071414346021642,0.39285856539783576,0.10714143460216419,ALP-LNP,ON>GRN>OTH>IND,0.6071414346021642,0.39285856539783576,ON>GRN>OTH>IND,0.7220102721046407,0.2779897278953592,GRN>OTH>IND>LNP,2022,reference
Cranbourne,South-Eastern Metro,ALP,ALP,LNP,0.5997235428577595,0.4002764571422406,0.09972354285775953,ALP-LNP,ON>IND>GRN>OTH,0.5997235428577595,0.4002764571422406,ON>IND>GRN>OTH,0.6620741208821077,0.33792587911789235,IND>GRN>OTH>LNP,South-Eastern Metro,ALP,ALP,LNP,0.5997235428577595,0.4002764571422406,0.09972354285775953,ALP-LNP,ON>IND>GRN>OTH,0.5997235428577595,0.4002764571422406,ON>IND>GRN>OTH,0.6620741208821077,0.33792587911789235,IND>GRN>OTH>LNP,2022,reference
Croydon,North-Eastern Metro,LNP,LNP,ALP,0.5131812961639656,0.4868187038360345,0.013181296163965572,LNP-ALP,IND>ON>GRN>OTH,0.4868187038360345,0.5131812961639656,IND>ON>GRN>OTH,0.6193929115798169,0.38060708842018304,IND>GRN>OTH>LNP,North-Eastern Metro,LNP,LNP,ALP,0.5131812961639656,0.4868187038360345,0.013181296163965572,LNP-ALP,IND>ON>GRN>OTH,0.4868187038360345,0.5131812961639656,IND>ON>GRN>OTH,0.6193929115798169,0.38060708842018304,IND>GRN>OTH>LNP,2022,reference
Dandenong,South-Eastern Metro,ALP,ALP,LNP,0.6993042040845434,0.30069579591545664,0.1993042040845434,ALP-LNP,ON>IND>GRN>OTH,0.6993042040845434,0.30069579591545664,ON>IND>GRN>OTH,0.7465572091480644,0.25344279085193555,IND>GRN>OTH>LNP,South-Eastern Metro,ALP,ALP,LNP,0.6993042040845434,0.30069579591545664,0.1993042040845434,ALP-LNP,ON>IND>GRN>OTH,0.6993042040845434,0.30069579591545664,ON>IND>GRN>OTH,0.7465572091480644,0.25344279085193555,IND>GRN>OTH>LNP,2022,reference
Eildon,Northern Victoria,LNP,LNP,ALP,0.5717284375130174,0.42827156248698267,0.07172843751301738,LNP-ALP,ON>IND>OTH>GRN,0.42827156248698267,0.5717284375130174,ON>IND>OTH>GRN,0.4925299223886025,0.5074700776113975,IND>OTH>GRN>LNP,Northern Victoria,LNP,LNP,ALP,0.5717284375130174,0.42827156248698267,0.07172843751301738,LNP-ALP,ON>IND>OTH>GRN,0.42827156248698267,0.5717284375130174,ON>IND>OTH>GRN,0.4925299223886025,0.5074700776113975,IND>OTH>GRN>LNP,2022,reference
Eltham,North-Eastern Metro,ALP,ALP,LNP,0.5889387962484504,0.41106120375154964,0.08893879624845036,ALP-LNP,IND>ON>OTH>GRN,0.5889387962484504,0.41106120375154964,IND>ON>OTH>GRN,0.6985859616435044,0.30141403835649555,IND>OTH>GRN>LNP,North-Eastern Metro,ALP,ALP,LNP,0.5889387962484504,0.41106120375154964,0.08893879624845036,ALP-LNP,IND>ON>OTH>GRN,0.5889387962484504,0.41106120375154964,IND>ON>OTH>GRN,0.6985859616435044,0.30141403835649555,IND>OTH>GRN>LNP,2022,reference
Essendon,Northern Metro,ALP,ALP,LNP,0.6083770201287849,0.39162297987121514,0.10837702012878492,ALP-LNP,ON>IND>OTH>GRN,0.6083770201287849,0.39162297987121514,ON>IND>OTH>GRN,0.707892515470869,0.2921074845291311,IND>OTH>GRN>LNP,Northern Metro,ALP,ALP,LNP,0.6083770201287849,0.39162297987121514,0.10837702012878492,ALP-LNP,ON>IND>OTH>GRN,0.6083770201287849,0.39162297987121514,ON>IND>OTH>GRN,0.707892515470869,0.2921074845291311,IND>OTH>GRN>LNP,2022,reference
Eureka,Western Victoria,ALP,ALP,LNP,0.5633625432815835,0.4366374567184165,0.06336254328158353,ALP-LNP,ON>IND>GRN>OTH,0.5633625432815835,0.4366374567184165,ON>IND>GRN>OTH,0.579171977186337,0.42082802281366305,IND>GRN>OTH>LNP,Western Victoria,ALP,ALP,LNP,0.5633625432815835,0.4366374567184165,0.06336254328158353,ALP-LNP,ON>IND>GRN>OTH,0.5633625432815835,0.4366374567184165,ON>IND>GRN>OTH,0.579171977186337,0.42082802281366305,IND>GRN>OTH>LNP,2022,reference
Euroa,Northern Victoria,LNP,LNP,ALP,0.6072293964748147,0.3927706035251854,0.10722939647481466,LNP-ALP,IND>ON>GRN>OTH,0.3927706035251854,0.6072293964748147,IND>ON>GRN>OTH,0.46460280256113823,0.5353971974388618,IND>GRN>OTH>LNP,Northern Victoria,LNP,LNP,ALP,0.6072293964748147,0.3927706035251854,0.10722939647481466,LNP-ALP,IND>ON>GRN>OTH,0.3927706035251854,0.6072293964748147,IND>ON>GRN>OTH,0.46460280256113823,0.5353971974388618,IND>GRN>OTH>LNP,2022,reference
Evelyn,Eastern Victoria,LNP,LNP,ALP,0.5569337009757843,0.4430662990242157,0.05693370097578432,LNP-ALP,ON>IND>OTH>GRN,0.4430662990242157,0.5569337009757843,ON>IND>OTH>GRN,0.5269445363677513,0.47305546363224865,IND>OTH>GRN>LNP,Eastern Victoria,LNP,LNP,ALP,0.5569337009757843,0.4430662990242157,0.05693370097578432,LNP-ALP,ON>IND>OTH>GRN,0.4430662990242157,0.5569337009757843,ON>IND>OTH>GRN,0.5269445363677513,0.47305546363224865,IND>OTH>GRN>LNP,2022,reference
Footscray,Western Metro,ALP,ALP,GRN,0.5757898611579069,0.4242101388420932,0.07578986115790687,ALP-GRN,ON>IND>OTH>LNP,0.7518970078033212,0.2481029921966787,ON>IND>OTH>GRN,0.8976526528213011,0.10234734717869887,IND>OTH>LNP>GRN,Western Metro,ALP,ALP,GRN,0.5757898611579069,0.4242101388420932,0.07578986115790687,ALP-GRN,ON>IND>OTH>LNP,0.7518970078033212,0.2481029921966787,ON>IND>OTH>GRN,0.8976526528213011,0.10234734717869887,IND>OTH>LNP>GRN,2022,reference
Frankston,South-Eastern Metro,ALP,ALP,LNP,0.5987585071094935,0.4012414928905064,0.09875850710949352,ALP-LNP,ON>IND>GRN>OTH,0.5987585071094935,0.4012414928905064,ON>IND>GRN>OTH,0.6711410460850834,0.32885895391491654,IND>GRN>OTH>LNP,South-Eastern Metro,ALP,ALP,LNP,0.5987585071094935,0.4012414928905064,0.09875850710949352,ALP-LNP,ON>IND>GRN>OTH,0.5987585071094935,0.4012414928905064,ON>IND>GRN>OTH,0.6711410460850834,0.32885895391491654,IND>GRN>OTH>LNP,2022,reference
Geelong,Western Victoria,ALP,ALP,LNP,0.6199074887811354,0.3800925112188646,0.11990748878113544,ALP-LNP,ON>IND>OTH>GRN,0.6199074887811354,0.3800925112188646,ON>IND>OTH>GRN,0.6566706854697804,0.3433293145302196,IND>OTH>GRN>LNP,Western Victoria,ALP,ALP,LNP,0.6199074887811354,0.3800925112188646,0.11990748878113544,ALP-LNP,ON>IND>OTH>GRN,0.6199074887811354,0.3800925112188646,ON>IND>OTH>GRN,0.6566706854697804,0.3433293145302196,IND>OTH>GRN>LNP,2022,reference
Gippsland East,Eastern Victoria,LNP,LNP,ALP,0.71669411066297,0.28330588933703005,0.21669411066296995,LNP-ALP,ON>IND>GRN>OTH,0.28330588933703005,0.71669411066297,ON>IND>GRN>OTH,0.36354888921775047,0.6364511107822495,IND>GRN>OTH>LNP,Eastern Victoria,LNP,LNP,ALP,0.71669411066297,0.28330588933703005,0.21669411066296995,LNP-ALP,ON>IND>GRN>OTH,0.28330588933703005,0.71669411066297,ON>IND>GRN>OTH,0.36354888921775047,0.6364511107822495,IND>GRN>OTH>LNP,2022,reference
Gippsland South,Eastern Victoria,LNP,LNP,ALP,0.6477538570393722,0.3522461429606278,0.14775385703937216,LNP-ALP,ON>IND>GRN>OTH,0.3522461429606278,0.6477538570393722,ON>IND>GRN>OTH,0.43201806789786634,0.5679819321021337,IND>OTH>GRN>LNP,Eastern Victoria,LNP,LNP,ALP,0.6477538570393722,0.3522461429606278,0.14775385703937216,LNP-ALP,ON>IND>GRN>OTH,0.3522461429606278,0.6477538570393722,ON>IND>GRN>OTH,0.43201806789786634,0.5679819321021337,IND>OTH>GRN>LNP,2022,reference
Glen Waverley,North-Eastern Metro,ALP,ALP,LNP,0.5237673109885643,0.4762326890114356,0.023767310988564327,ALP-LNP,IND>ON>OTH>GRN,0.5237673109885643,0.4762326890114356,IND>ON>OTH>GRN,0.6898950677318648,0.3101049322681351,IND>OTH>GRN>LNP,North-Eastern Metro,ALP,ALP,LNP,0.5237673109885643,0.4762326890114356,0.023767310988564327,ALP-LNP,IND>ON>OTH>GRN,0.5237673109885643,0.4762326890114356,IND>ON>OTH>GRN,0.6898950677318648,0.3101049322681351,IND>OTH>GRN>LNP,2022,reference
Greenvale,Northern Metro,ALP,ALP,LNP,0.6268582802367328,0.3731417197632671,0.12685828023673285,ALP-LNP,ON>IND>GRN>OTH,0.6268582802367328,0.3731417197632671,ON>IND>GRN>OTH,0.6753642957743271,0.32463570422567295,IND>GRN>OTH>LNP,Northern Metro,ALP,ALP,LNP,0.6268582802367328,0.3731417197632671,0.12685828023673285,ALP-LNP,ON>IND>GRN>OTH,0.6268582802367328,0.3731417197632671,ON>IND>GRN>OTH,0.6753642957743271,0.32463570422567295,IND>GRN>OTH>LNP,2022,reference
Hastings,Eastern Victoria,ALP,ALP,LNP,0.5048849537209477,0.4951150462790524,0.00488495372094766,ALP-LNP,ON>IND>GRN>OTH,0.5048849537209477,0.4951150462790524,ON>IND>GRN>OTH,0.5522748389250808,0.4477251610749192,IND>GRN>OTH>LNP,Eastern Victoria,ALP,ALP,LNP,0.5048849537209477,0.4951150462790524,0.00488495372094766,ALP-LNP,ON>IND>GRN>OTH,0.5048849537209477,0.4951150462790524,ON>IND>GRN>OTH,0.5522748389250808,0.4477251610749192,IND>GRN>OTH>LNP,2022,reference
Hawthorn,Southern Metro,LNP,ALP,LNP,0.5012867359076838,0.4987132640923162,0.0012867359076838003,ALP-LNP,ON>OTH>GRN>IND,0.5012867359076838,0.4987132640923162,ON>OTH>GRN>IND,0.7227163433350057,0.27728365666499427,OTH>GRN>IND>LNP,Southern Metro,LNP,ALP,LNP,0.5012867359076838,0.4987132640923162,0.0012867359076838003,ALP-LNP,ON>OTH>GRN>IND,0.5012867359076838,0.4987132640923162,ON>OTH>GRN>IND,0.7227163433350057,0.27728365666499427,OTH>GRN>IND>LNP,2022,reference
Ivanhoe,North-Eastern Metro,ALP,ALP,LNP,0.6225646771058513,0.3774353228941487,0.12256467710585128,ALP-LNP,ON>IND>OTH>GRN,0.6225646771058513,0.3774353228941487,ON>IND>OTH>GRN,0.7391123158086611,0.26088768419133884,IND>OTH>GRN>LNP,North-Eastern Metro,ALP,ALP,LNP,0.6225646771058513,0.3774353228941487,0.12256467710585128,ALP-LNP,ON>IND>OTH>GRN,0.6225646771058513,0.3774353228941487,ON>IND>OTH>GRN,0.7391123158086611,0.26088768419133884,IND>OTH>GRN>LNP,2022,reference
Kalkallo,Northern Metro,ALP,ALP,LNP,0.6592732548613143,0.3407267451386858,0.15927325486131427,ALP-LNP,ON>IND>GRN>OTH,0.6592732548613143,0.3407267451386858,ON>IND>GRN>OTH,0.6682014717077963,0.3317985282922037,IND>GRN>OTH>LNP,Northern Metro,ALP,ALP,LNP,0.6592732548613143,0.3407267451386858,0.15927325486131427,ALP-LNP,ON>IND>GRN>OTH,0.6592732548613143,0.3407267451386858,ON>IND>GRN>OTH,0.6682014717077963,0.3317985282922037,IND>GRN>OTH>LNP,2022,reference
Kew,Southern Metro,LNP,LNP,ALP,0.5361526032790547,0.46384739672094527,0.036152603279054674,LNP-ALP,ON>OTH>GRN>IND,0.46384739672094527,0.5361526032790547,ON>OTH>GRN>IND,0.706756752929058,0.2932432470709419,OTH>GRN>IND>LNP,Southern Metro,LNP,LNP,ALP,0.5361526032790547,0.46384739672094527,0.036152603279054674,LNP-ALP,ON>OTH>GRN>IND,0.46384739672094527,0.5361526032790547,ON>OTH>GRN>IND,0.706756752929058,0.2932432470709419,OTH>GRN>IND>LNP,2022,reference
Kororoit,Western Metro,ALP,ALP,LNP,0.6505350632422116,0.34946493675778845,0.15053506324221155,ALP-LNP,ON>IND>GRN>OTH,0.6505350632422116,0.34946493675778845,ON>IND>GRN>OTH,0.6970886150931365,0.3029113849068636,IND>GRN>OTH>LNP,Western Metro,ALP,ALP,LNP,0.6505350632422116,0.34946493675778845,0.15053506324221155,ALP-LNP,ON>IND>GRN>OTH,0.6505350632422116,0.34946493675778845,ON>IND>GRN>OTH,0.6970886150931365,0.3029113849068636,IND>GRN>OTH>LNP,2022,reference
Lara,Western Victoria,ALP,ALP,LNP,0.6661811633695648,0.3338188366304352,0.1661811633695648,ALP-LNP,ON>IND>GRN>OTH,0.6661811633695648,0.3338188366304352,ON>IND>GRN>OTH,0.6687362884881466,0.33126371151185335,IND>GRN>OTH>LNP,Western Victoria,ALP,ALP,LNP,0.6661811633695648,0.3338188366304352,0.1661811633695648,ALP-LNP,ON>IND>GRN>OTH,0.6661811633695648,0.3338188366304352,ON>IND>GRN>OTH,0.6687362884881466,0.33126371151185335,IND>GRN>OTH>LNP,2022,reference
Laverton,Western Metro,ALP,ALP,LNP,0.6684634165159821,0.33153658348401793,0.16846341651598207,ALP-LNP,ON>IND>GRN>OTH,0.6684634165159821,0.33153658348401793,ON>IND>GRN>OTH,0.7228029056986727,0.27719709430132733,IND>GRN>OTH>LNP,Western Metro,ALP,ALP,LNP,0.6684634165159821,0.33153658348401793,0.16846341651598207,ALP-LNP,ON>IND>GRN>OTH,0.6684634165159821,0.33153658348401793,ON>IND>GRN>OTH,0.7228029056986727,0.27719709430132733,IND>GRN>OTH>LNP,2022,reference
Lowan,Western Victoria,LNP,LNP,ALP,0.7048672277256453,0.29513277227435475,0.20486722772564525,LNP-ALP,ON>IND>GRN>OTH,0.29513277227435475,0.7048672277256453,ON>IND>GRN>OTH,0.38449590052429766,0.6155040994757024,IND>GRN>OTH>LNP,Western Victoria,LNP,LNP,ALP,0.7048672277256453,0.29513277227435475,0.20486722772564525,LNP-ALP,ON>IND>GRN>OTH,0.29513277227435475,0.7048672277256453,ON>IND>GRN>OTH,0.38449590052429766,0.6155040994757024,IND>GRN>OTH>LNP,2022,reference
Macedon,Northern Victoria,ALP,ALP,LNP,0.5742062538580066,0.4257937461419935,0.07420625385800661,ALP-LNP,ON>IND>OTH>GRN,0.5742062538580066,0.4257937461419935,ON>IND>OTH>GRN,0.6026832756316239,0.397316724368376,IND>OTH>GRN>LNP,Northern Victoria,ALP,ALP,LNP,0.5742062538580066,0.4257937461419935,0.07420625385800661,ALP-LNP,ON>IND>OTH>GRN,0.5742062538580066,0.4257937461419935,ON>IND>OTH>GRN,0.6026832756316239,0.397316724368376,IND>OTH>GRN>LNP,2022,reference
Malvern,Southern Metro,LNP,LNP,ALP,0.5689208425594944,0.4310791574405057,0.06892084255949438,LNP-ALP,ON>IND>OTH>GRN,0.4310791574405057,0.5689208425594944,ON>IND>OTH>GRN,0.6841727541053264,0.31582724589467365,IND>OTH>GRN>LNP,Southern Metro,LNP,LNP,ALP,0.5689208425594944,0.4310791574405057,0.06892084255949438,LNP-ALP,ON>IND>OTH>GRN,0.4310791574405057,0.5689208425594944,ON>IND>OTH>GRN,0.6841727541053264,0.31582724589467365,IND>OTH>GRN>LNP,2022,reference
Melbourne,Northern Metro,GRN,GRN,ALP,0.5759861643259107,0.4240138356740894,0.07598616432591065,GRN-ALP,ON>IND>OTH>LNP,0.7583876446919544,0.2416123553080456,ON>IND>OTH>GRN,0.8907012731313586,0.10929872686864142,IND>OTH>LNP>GRN,Northern Metro,GRN,GRN,ALP,0.5759861643259107,0.4240138356740894,0.07598616432591065,GRN-ALP,ON>IND>OTH>LNP,0.7583876446919544,0.2416123553080456,ON>IND>OTH>GRN,0.8907012731313586,0.10929872686864142,IND>OTH>LNP>GRN,2022,reference
Melton,Western Victoria,ALP,ALP,LNP,0.5264474142648269,0.47355258573517317,0.026447414264826885,ALP-LNP,ON>GRN>OTH>IND,0.5264474142648269,0.47355258573517317,ON>GRN>OTH>IND,0.6084735918899294,0.3915264081100706,GRN>OTH>LNP>IND,Western Victoria,ALP,ALP,LNP,0.5264474142648269,0.47355258573517317,0.026447414264826885,ALP-LNP,ON>GRN>OTH>IND,0.5264474142648269,0.47355258573517317,ON>GRN>OTH>IND,0.6084735918899294,0.3915264081100706,GRN>OTH>LNP>IND,2022,reference
Mildura,Northern Victoria,LNP,IND,LNP,0.5226305737760435,0.4773694262239565,0.022630573776043494,IND-LNP,ON>GRN>OTH>ALP,0.3474123139774484,0.6525876860225517,ON>GRN>OTH>IND,0.4894761262796124,0.5105238737203875,GRN>OTH>LNP>IND,Northern Victoria,LNP,IND,LNP,0.5226305737760435,0.4773694262239565,0.022630573776043494,IND-LNP,ON>GRN>OTH>ALP,0.3474123139774484,0.6525876860225517,ON>GRN>OTH>IND,0.4894761262796124,0.5105238737203875,GRN>OTH>LNP>IND,2022,reference
Mill Park,North-Eastern Metro,ALP,ALP,LNP,0.6528457942568574,0.3471542057431426,0.1528457942568574,ALP-LNP,IND>ON>GRN>OTH,0.6528457942568574,0.3471542057431426,IND>ON>GRN>OTH,0.7000755817373925,0.29992441826260763,IND>GRN>OTH>LNP,North-Eastern Metro,ALP,ALP,LNP,0.6528457942568574,0.3471542057431426,0.1528457942568574,ALP-LNP,IND>ON>GRN>OTH,0.6528457942568574,0.3471542057431426,IND>ON>GRN>OTH,0.7000755817373925,0.29992441826260763,IND>GRN>OTH>LNP,2022,reference
Monbulk,Eastern Victoria,ALP,ALP,LNP,0.5563729182092338,0.4436270817907662,0.05637291820923385,ALP-LNP,ON>IND>OTH>GRN,0.5563729182092338,0.4436270817907662,ON>IND>OTH>GRN,0.5894697342725213,0.41053026572747875,IND>OTH>GRN>LNP,Eastern Victoria,ALP,ALP,LNP,0.5563729182092338,0.4436270817907662,0.05637291820923385,ALP-LNP,ON>IND>OTH>GRN,0.5563729182092338,0.4436270817907662,ON>IND>OTH>GRN,0.5894697342725213,0.41053026572747875,IND>OTH>GRN>LNP,2022,reference
Mordialloc,South-Eastern Metro,ALP,ALP,LNP,0.5917363872688648,0.40826361273113526,0.0917363872688648,ALP-LNP,ON>IND>OTH>GRN,0.5917363872688648,0.40826361273113526,ON>IND>OTH>GRN,0.7134073498891854,0.2865926501108147,IND>OTH>GRN>LNP,South-Eastern Metro,ALP,ALP,LNP,0.5917363872688648,0.40826361273113526,0.0917363872688648,ALP-LNP,ON>IND>OTH>GRN,0.5917363872688648,0.40826361273113526,ON>IND>OTH>GRN,0.7134073498891854,0.2865926501108147,IND>OTH>GRN>LNP,2022,reference
Mornington,Eastern Victoria,LNP,LNP,ALP,0.6014522114508677,0.39854778854913236,0.10145221145086769,LNP-ALP,ON>OTH>GRN>IND,0.39854778854913236,0.6014522114508677,ON>OTH>GRN>IND,0.46651857486319526,0.5334814251368046,OTH>GRN>IND>LNP,Eastern Victoria,LNP,LNP,ALP,0.6014522114508677,0.39854778854913236,0.10145221145086769,LNP-ALP,ON>OTH>GRN>IND,0.39854778854913236,0.6014522114508677,ON>OTH>GRN>IND,0.46651857486319526,0.5334814251368046,OTH>GRN>IND>LNP,2022,reference
Morwell,Eastern Victoria,LNP,LNP,ALP,0.509449287120632,0.4905507128793681,0.009449287120631977,LNP-ALP,ON>GRN>IND>OTH,0.4905507128793681,0.509449287120632,ON>GRN>IND>OTH,0.5315946159695794,0.4684053840304206,GRN>IND>OTH>LNP,Eastern Victoria,LNP,LNP,ALP,0.509449287120632,0.4905507128793681,0.009449287120631977,LNP-ALP,ON>GRN>IND>OTH,0.4905507128793681,0.509449287120632,ON>GRN>IND>OTH,0.5315946159695794,0.4684053840304206,GRN>IND>OTH>LNP,2022,reference
Mulgrave,South-Eastern Metro,ALP,ALP,LNP,0.6793883547946803,0.3206116452053197,0.1793883547946803,ALP-LNP,ON>GRN>OTH>IND,0.6793883547946803,0.3206116452053197,ON>GRN>OTH>IND,0.748590478168037,0.25140952183196297,GRN>OTH>IND>LNP,South-Eastern Metro,ALP,ALP,LNP,0.6793883547946803,0.3206116452053197,0.1793883547946803,ALP-LNP,ON>GRN>OTH>IND,0.6793883547946803,0.3206116452053197,ON>GRN>OTH>IND,0.748590478168037,0.25140952183196297,GRN>OTH>IND>LNP,2022,reference
Murray Plains,Northern Victoria,LNP,LNP,ALP,0.726763609695189,0.273236390304811,0.22676360969518905,LNP-ALP,ON>IND>GRN>OTH,0.273236390304811,0.726763609695189,ON>IND>GRN>OTH,0.3498882120812215,0.6501117879187785,IND>GRN>OTH>LNP,Northern Victoria,LNP,LNP,ALP,0.726763609695189,0.273236390304811,0.22676360969518905,LNP-ALP,ON>IND>GRN>OTH,0.273236390304811,0.726763609695189,ON>IND>GRN>OTH,0.3498882120812215,0.6501117879187785,IND>GRN>OTH>LNP,2022,reference
Narracan,Eastern Victoria,LNP,LNP,ALP,0.5616750646823111,0.43832493531768885,0.0616750646823111,LNP-ALP,ON>OTH>IND>GRN,0.43832493531768885,0.5616750646823111,ON>OTH>IND>GRN,0.5301441884923728,0.4698558115076273,OTH>IND>GRN>LNP,Eastern Victoria,LNP,LNP,ALP,0.5616750646823111,0.43832493531768885,0.0616750646823111,LNP-ALP,ON>OTH>IND>GRN,0.43832493531768885,0.5616750646823111,ON>OTH>IND>GRN,0.5301441884923728,0.4698558115076273,OTH>IND>GRN>LNP,2022,reference
Narre Warren North,South-Eastern Metro,ALP,ALP,LNP,0.6148192983861064,0.38518070161389356,0.11481929838610638,ALP-LNP,ON>IND>GRN>OTH,0.6148192983861064,0.38518070161389356,ON>IND>GRN>OTH,0.6797428850820793,0.32025711491792086,IND>GRN>OTH>LNP,South-Eastern Metro,ALP,ALP,LNP,0.6148192983861064,0.38518070161389356,0.11481929838610638,ALP-LNP,ON>IND>GRN>OTH,0.6148192983861064,0.38518070161389356,ON>IND>GRN>OTH,0.6797428850820793,0.32025711491792086,IND>GRN>OTH>LNP,2022,reference
Narre Warren South,South-Eastern Metro,ALP,ALP,LNP,0.6123127462983913,0.38768725370160884,0.11231274629839127,ALP-LNP,ON>IND>GRN>OTH,0.6123127462983913,0.38768725370160884,ON>IND>GRN>OTH,0.6803773229389329,0.3196226770610671,IND>GRN>OTH>LNP,South-Eastern Metro,ALP,ALP,LNP,0.6123127462983913,0.38768725370160884,0.11231274629839127,ALP-LNP,ON>IND>GRN>OTH,0.6123127462983913,0.38768725370160884,ON>IND>GRN>OTH,0.6803773229389329,0.3196226770610671,IND>GRN>OTH>LNP,2022,reference
Nepean,Eastern Victoria,LNP,LNP,ALP,0.5674579373660746,0.4325420626339253,0.06745793736607464,LNP-ALP,ON>IND>OTH>GRN,0.4325420626339253,0.5674579373660746,ON>IND>OTH>GRN,0.51730777136394,0.48269222863606,IND>OTH>GRN>LNP,Eastern Victoria,LNP,LNP,ALP,0.5674579373660746,0.4325420626339253,0.06745793736607464,LNP-ALP,ON>IND>OTH>GRN,0.4325420626339253,0.5674579373660746,ON>IND>OTH>GRN,0.51730777136394,0.48269222863606,IND>OTH>GRN>LNP,2022,reference
Niddrie,Western Metro,ALP,ALP,LNP,0.5792293272210983,0.4207706727789017,0.07922932722109832,ALP-LNP,IND>ON>GRN>OTH,0.5792293272210983,0.4207706727789017,IND>ON>GRN>OTH,0.7044537846282792,0.2955462153717208,IND>GRN>OTH>LNP,Western Metro,ALP,ALP,LNP,0.5792293272210983,0.4207706727789017,0.07922932722109832,ALP-LNP,IND>ON>GRN>OTH,0.5792293272210983,0.4207706727789017,IND>ON>GRN>OTH,0.7044537846282792,0.2955462153717208,IND>GRN>OTH>LNP,2022,reference
Northcote,Northern Metro,ALP,ALP,GRN,0.5116428506302505,0.48835714936974944,0.0116428506302505,ALP-GRN,ON>IND>LNP>OTH,0.8079195433852342,0.19208045661476586,ON>IND>OTH>GRN,0.8833818786066914,0.11661812139330871,IND>LNP>OTH>GRN,Northern Metro,ALP,ALP,GRN,0.5116428506302505,0.48835714936974944,0.0116428506302505,ALP-GRN,ON>IND>LNP>OTH,0.8079195433852342,0.19208045661476586,ON>IND>OTH>GRN,0.8833818786066914,0.11661812139330871,IND>LNP>OTH>GRN,2022,reference
Oakleigh,Southern Metro,ALP,ALP,LNP,0.6371312521804469,0.3628687478195531,0.13713125218044686,ALP-LNP,ON>IND>OTH>GRN,0.6371312521804469,0.3628687478195531,ON>IND>OTH>GRN,0.7476486325260296,0.25235136747397036,IND>OTH>GRN>LNP,Southern Metro,ALP,ALP,LNP,0.6371312521804469,0.3628687478195531,0.13713125218044686,ALP-LNP,ON>IND>OTH>GRN,0.6371312521804469,0.3628687478195531,ON>IND>OTH>GRN,0.7476486325260296,0.25235136747397036,IND>OTH>GRN>LNP,2022,reference
Ovens Valley,Northern Victoria,LNP,LNP,ALP,0.6465051566928421,0.3534948433071579,0.14650515669284214,LNP-ALP,ON>IND>GRN>OTH,0.3534948433071579,0.6465051566928421,ON>IND>GRN>OTH,0.3951735089367771,0.604826491063223,IND>GRN>OTH>LNP,Northern Victoria,LNP,LNP,ALP,0.6465051566928421,0.3534948433071579,0.14650515669284214,LNP-ALP,ON>IND>GRN>OTH,0.3534948433071579,0.6465051566928421,ON>IND>GRN>OTH,0.3951735089367771,0.604826491063223,IND>GRN>OTH>LNP,2022,reference
Pakenham,Eastern Victoria,ALP,ALP,LNP,0.5007920821268574,0.4992079178731426,0.0007920821268574407,ALP-LNP,ON>GRN>IND>OTH,0.5007920821268574,0.4992079178731426,ON>GRN>IND>OTH,0.5311847194646996,0.46881528053530047,GRN>IND>OTH>LNP,Eastern Victoria,ALP,ALP,LNP,0.5007920821268574,0.4992079178731426,0.0007920821268574407,ALP-LNP,ON>GRN>IND>OTH,0.5007920821268574,0.4992079178731426,ON>GRN>IND>OTH,0.5311847194646996,0.46881528053530047,GRN>IND>OTH>LNP,2022,reference
Pascoe Vale,Northern Metro,ALP,ALP,GRN,0.5581752962835442,0.44182470371645577,0.05817529628354423,ALP-GRN,ON>IND>OTH>LNP,0.6978708723520046,0.3021291276479953,ON>IND>OTH>GRN,0.8111366009114208,0.18886339908857916,IND>OTH>LNP>GRN,Northern Metro,ALP,ALP,GRN,0.5581752962835442,0.44182470371645577,0.05817529628354423,ALP-GRN,ON>IND>OTH>LNP,0.6978708723520046,0.3021291276479953,ON>IND>OTH>GRN,0.8111366009114208,0.18886339908857916,IND>OTH>LNP>GRN,2022,reference
Point Cook,Western Metro,ALP,ALP,LNP,0.608153446843965,0.391846553156035,0.108153446843965,ALP-LNP,ON>GRN>IND>OTH,0.608153446843965,0.391846553156035,ON>GRN>IND>OTH,0.6589813220742567,0.34101867792574325,GRN>IND>OTH>LNP,Western Metro,ALP,ALP,LNP,0.608153446843965,0.391846553156035,0.108153446843965,ALP-LNP,ON>GRN>IND>OTH,0.608153446843965,0.391846553156035,ON>GRN>IND>OTH,0.6589813220742567,0.34101867792574325,GRN>IND>OTH>LNP,2022,reference
Polwarth,Western Victoria,LNP,LNP,ALP,0.5424480133946256,0.4575519866053745,0.04244801339462556,LNP-ALP,ON>IND>OTH>GRN,0.4575519866053745,0.5424480133946256,ON>IND>OTH>GRN,0.5142058901070178,0.4857941098929823,IND>OTH>GRN>LNP,Western Victoria,LNP,LNP,ALP,0.5424480133946256,0.4575519866053745,0.04244801339462556,LNP-ALP,ON>IND>OTH>GRN,0.4575519866053745,0.5424480133946256,ON>IND>OTH>GRN,0.5142058901070178,0.4857941098929823,IND>OTH>GRN>LNP,2022,reference
Prahran,Southern Metro,Greens,GRN,LNP,0.6175920904187144,0.3824079095812856,0.11759209041871443,GRN-LNP,ON>IND>OTH>ALP,0.6289242077047406,0.3710757922952594,ON>IND>OTH>GRN,0.8017950212771487,0.1982049787228513,IND>OTH>LNP>GRN,Southern Metro,Greens,GRN,LNP,0.6175920904187144,0.3824079095812856,0.11759209041871443,GRN-LNP,ON>IND>OTH>ALP,0.6289242077047406,0.3710757922952594,ON>IND>OTH>GRN,0.8017950212771487,0.1982049787228513,IND>OTH>LNP>GRN,2022,reference
Preston,Northern Metro,ALP,ALP,GRN,0.5986255861430387,0.4013744138569614,0.09862558614303873,ALP-GRN,ON>IND>OTH>LNP,0.6880578004325156,0.31194219956748437,ON>IND>OTH>GRN,0.8043205246721818,0.19567947532781801,IND>OTH>LNP>GRN,Northern Metro,ALP,ALP,GRN,0.5986255861430387,0.4013744138569614,0.09862558614303873,ALP-GRN,ON>IND>OTH>LNP,0.6880578004325156,0.31194219956748437,ON>IND>OTH>GRN,0.8043205246721818,0.19567947532781801,IND>OTH>LNP>GRN,2022,reference
Richmond,Northern Metro,GRN,GRN,ALP,0.5409588615887525,0.45904113841124744,0.040958861588752504,GRN-ALP,ON>IND>OTH>LNP,0.7860157249661311,0.21398427503386877,ON>IND>OTH>GRN,0.8774561799379856,0.1225438200620143,IND>LNP>OTH>GRN,Northern Metro,GRN,GRN,ALP,0.5409588615887525,0.45904113841124744,0.040958861588752504,GRN-ALP,ON>IND>OTH>LNP,0.7860157249661311,0.21398427503386877,ON>IND>OTH>GRN,0.8774561799379856,0.1225438200620143,IND>LNP>OTH>GRN,2022,reference
Ringwood,North-Eastern Metro,LNP,ALP,LNP,0.561991868519926,0.43800813148007395,0.061991868519926,ALP-LNP,IND>ON>OTH>GRN,0.561991868519926,0.43800813148007395,IND>ON>OTH>GRN,0.6679222644036729,0.33207773559632714,IND>OTH>GRN>LNP,North-Eastern Metro,LNP,ALP,LNP,0.561991868519926,0.43800813148007395,0.061991868519926,ALP-LNP,IND>ON>OTH>GRN,0.561991868519926,0.43800813148007395,IND>ON>OTH>GRN,0.6679222644036729,0.33207773559632714,IND>OTH>GRN>LNP,2022,reference
Ripon,Western Victoria,ALP,ALP,LNP,0.5201797598397779,0.4798202401602221,0.020179759839777933,ALP-LNP,ON>IND>GRN>OTH,0.5201797598397779,0.4798202401602221,ON>IND>GRN>OTH,0.5387383674458404,0.4612616325541597,IND>GRN>OTH>LNP,Western Victoria,ALP,ALP,LNP,0.5201797598397779,0.4798202401602221,0.020179759839777933,ALP-LNP,ON>IND>GRN>OTH,0.5201797598397779,0.4798202401602221,ON>IND>GRN>OTH,0.5387383674458404,0.4612616325541597,IND>GRN>OTH>LNP,2022,reference
Rowville,South-Eastern Metro,LNP,LNP,ALP,0.5349868205084966,0.46501317949150345,0.03498682050849655,LNP-ALP,ON>OTH>GRN>IND,0.46501317949150345,0.5349868205084966,ON>OTH>GRN>IND,0.6058612423130946,0.3941387576869054,OTH>GRN>IND>LNP,South-Eastern Metro,LNP,LNP,ALP,0.5349868205084966,0.46501317949150345,0.03498682050849655,LNP-ALP,ON>OTH>GRN>IND,0.46501317949150345,0.5349868205084966,ON>OTH>GRN>IND,0.6058612423130946,0.3941387576869054,OTH>GRN>IND>LNP,2022,reference
Sandringham,Southern Metro,LNP,LNP,ALP,0.5492490974304051,0.45075090256959494,0.049249097430405064,LNP-ALP,ON>IND>OTH>GRN,0.45075090256959494,0.5492490974304051,ON>IND>OTH>GRN,0.6260947311734328,0.37390526882656716,IND>OTH>GRN>LNP,Southern Metro,LNP,LNP,ALP,0.5492490974304051,0.45075090256959494,0.049249097430405064,LNP-ALP,ON>IND>OTH>GRN,0.45075090256959494,0.5492490974304051,ON>IND>OTH>GRN,0.6260947311734328,0.37390526882656716,IND>OTH>GRN>LNP,2022,reference
Shepparton,Northern Victoria,LNP,LNP,IND,0.5430146501747725,0.45698534982522754,0.04301465017477246,LNP-IND,ON>GRN>OTH>ALP,0.3299577359742231,0.6700422640257768,ON>GRN>OTH>IND,0.42935767327442415,0.5706423267255758,GRN>OTH>IND>LNP,Northern Victoria,LNP,LNP,IND,0.5430146501747725,0.45698534982522754,0.04301465017477246,LNP-IND,ON>GRN>OTH>ALP,0.3299577359742231,0.6700422640257768,ON>GRN>OTH>IND,0.42935767327442415,0.5706423267255758,GRN>OTH>IND>LNP,2022,reference
South Barwon,Western Victoria,ALP,ALP,LNP,0.5664980796491199,0.4335019203508801,0.06649807964911991,ALP-LNP,IND>ON>GRN>OTH,0.5664980796491199,0.4335019203508801,IND>ON>GRN>OTH,0.6334781927166019,0.36652180728339817,IND>GRN>OTH>LNP,Western Victoria,ALP,ALP,LNP,0.5664980796491199,0.4335019203508801,0.06649807964911991,ALP-LNP,IND>ON>GRN>OTH,0.5664980796491199,0.4335019203508801,IND>ON>GRN>OTH,0.6334781927166019,0.36652180728339817,IND>GRN>OTH>LNP,2022,reference
South-West Coast,Western Victoria,LNP,LNP,IND,0.5627750549257571,0.437224945074243,0.06277505492575708,LNP-IND,ON>GRN>OTH>ALP,0.4033847542615768,0.5966152457384233,ON>GRN>OTH>IND,0.44433360065859306,0.5556663993414069,GRN>OTH>IND>LNP,Western Victoria,LNP,LNP,IND,0.5627750549257571,0.437224945074243,0.06277505492575708,LNP-IND,ON>GRN>OTH>ALP,0.4033847542615768,0.5966152457384233,ON>GRN>OTH>IND,0.44433360065859306,0.5556663993414069,GRN>OTH>IND>LNP,2022,reference
St Albans,Western Metro,ALP,ALP,LNP,0.6283558066707888,0.37164419332921117,0.12835580667078883,ALP-LNP,ON>IND>GRN>OTH,0.6283558066707888,0.37164419332921117,ON>IND>GRN>OTH,0.701260723136176,0.29873927686382395,IND>GRN>OTH>LNP,Western Metro,ALP,ALP,LNP,0.6283558066707888,0.37164419332921117,0.12835580667078883,ALP-LNP,ON>IND>GRN>OTH,0.6283558066707888,0.37164419332921117,ON>IND>GRN>OTH,0.701260723136176,0.29873927686382395,IND>GRN>OTH>LNP,2022,reference
Sunbury,Western Metro,ALP,ALP,LNP,0.5724072436394155,0.4275927563605845,0.07240724363941553,ALP-LNP,ON>IND>GRN>OTH,0.5724072436394155,0.4275927563605845,ON>IND>GRN>OTH,0.6046066385055862,0.39539336149441395,IND>GRN>OTH>LNP,Western Metro,ALP,ALP,LNP,0.5724072436394155,0.4275927563605845,0.07240724363941553,ALP-LNP,ON>IND>GRN>OTH,0.5724072436394155,0.4275927563605845,ON>IND>GRN>OTH,0.6046066385055862,0.39539336149441395,IND>GRN>OTH>LNP,2022,reference
Sydenham,Western Metro,ALP,ALP,LNP,0.6010159148119649,0.3989840851880352,0.10101591481196492,ALP-LNP,ON>IND>GRN>OTH,0.6010159148119649,0.3989840851880352,ON>IND>GRN>OTH,0.6716085837402609,0.3283914162597392,IND>GRN>OTH>LNP,Western Metro,ALP,ALP,LNP,0.6010159148119649,0.3989840851880352,0.10101591481196492,ALP-LNP,ON>IND>GRN>OTH,0.6010159148119649,0.3989840851880352,ON>IND>GRN>OTH,0.6716085837402609,0.3283914162597392,IND>GRN>OTH>LNP,2022,reference
Tarneit,Western Metro,ALP,ALP,LNP,0.6395412479251436,0.3604587520748565,0.13954124792514355,ALP-LNP,ON>IND>GRN>OTH,0.6395412479251436,0.3604587520748565,ON>IND>GRN>OTH,0.6953235577056975,0.30467644229430246,IND>GRN>OTH>LNP,Western Metro,ALP,ALP,LNP,0.6395412479251436,0.3604587520748565,0.13954124792514355,ALP-LNP,ON>IND>GRN>OTH,0.6395412479251436,0.3604587520748565,ON>IND>GRN>OTH,0.6953235577056975,0.30467644229430246,IND>GRN>OTH>LNP,2022,reference
Thomastown,Northern Metro,ALP,ALP,LNP,0.6813521660987865,0.31864783390121354,0.18135216609878646,ALP-LNP,ON>IND>GRN>OTH,0.6813521660987865,0.31864783390121354,ON>IND>GRN>OTH,0.7249088106172746,0.2750911893827255,IND>GRN>OTH>LNP,Northern Metro,ALP,ALP,LNP,0.6813521660987865,0.31864783390121354,0.18135216609878646,ALP-LNP,ON>IND>GRN>OTH,0.6813521660987865,0.31864783390121354,ON>IND>GRN>OTH,0.7249088106172746,0.2750911893827255,IND>GRN>OTH>LNP,2022,reference
Warrandyte,North-Eastern Metro,LNP,LNP,ALP,0.5507976445246138,0.4492023554753863,0.05079764452461377,LNP-ALP,ON>IND>OTH>GRN,0.4492023554753863,0.5507976445246138,ON>IND>OTH>GRN,0.6091347373026402,0.3908652626973598,IND>OTH>GRN>LNP,North-Eastern Metro,LNP,LNP,ALP,0.5507976445246138,0.4492023554753863,0.05079764452461377,LNP-ALP,ON>IND>OTH>GRN,0.4492023554753863,0.5507976445246138,ON>IND>OTH>GRN,0.6091347373026402,0.3908652626973598,IND>OTH>GRN>LNP,2022,reference
Wendouree,Western Victoria,ALP,ALP,LNP,0.6034135332894873,0.39658646671051273,0.10341353328948732,ALP-LNP,ON>IND>GRN>OTH,0.6034135332894873,0.39658646671051273,ON>IND>GRN>OTH,0.6660471873043714,0.3339528126956286,IND>GRN>OTH>LNP,Western Victoria,ALP,ALP,LNP,0.6034135332894873,0.39658646671051273,0.10341353328948732,ALP-LNP,ON>IND>GRN>OTH,0.6034135332894873,0.39658646671051273,ON>IND>GRN>OTH,0.6660471873043714,0.3339528126956286,IND>GRN>OTH>LNP,2022,reference
Werribee,Western Metro,ALP,ALP,LNP,0.6054309759349923,0.39456902406500766,0.10543097593499229,ALP-LNP,ON>GRN>IND>OTH,0.6054309759349923,0.39456902406500766,ON>GRN>IND>OTH,0.6158956578138357,0.38410434218616435,GRN>IND>OTH>LNP,Western Metro,ALP,ALP,LNP,0.6054309759349923,0.39456902406500766,0.10543097593499229,ALP-LNP,ON>GRN>IND>OTH,0.6054309759349923,0.39456902406500766,ON>GRN>IND>OTH,0.6158956578138357,0.38410434218616435,GRN>IND>OTH>LNP,2022,reference
Williamstown,Western Metro,ALP,ALP,LNP,0.6542384588752814,0.3457615411247186,0.15423845887528143,ALP-LNP,ON>IND>OTH>GRN,0.6542384588752814,0.3457615411247186,ON>IND>OTH>GRN,0.7745513084228449,0.22544869157715505,IND>OTH>GRN>LNP,Western Metro,ALP,ALP,LNP,0.6542384588752814,0.3457615411247186,0.15423845887528143,ALP-LNP,ON>IND>OTH>GRN,0.6542384588752814,0.3457615411247186,ON>IND>OTH>GRN,0.7745513084228449,0.22544869157715505,IND>OTH>GRN>LNP,2022,reference
Yan Yean,Northern Victoria,ALP,ALP,LNP,0.5736594622387053,0.42634053776129466,0.07365946223870534,ALP-LNP,IND>ON>GRN>OTH,0.5736594622387053,0.42634053776129466,IND>ON>GRN>OTH,0.5978830494192148,0.40211695058078534,IND>GRN>OTH>LNP,Northern Victoria,ALP,ALP,LNP,0.5736594622387053,0.42634053776129466,0.07365946223870534,ALP-LNP,IND>ON>GRN>OTH,0.5736594622387053,0.42634053776129466,IND>ON>GRN>OTH,0.5978830494192148,0.40211695058078534,IND>GRN>OTH>LNP,2022,reference
Albert Park,Southern Metro,ALP,ALP,LNP,0.6298586786064749,0.37014132139352507,0.12985867860647493,ALP-LNP,ON>IND>OTH>GRN,0.6298586786064749,0.37014132139352507,ON>IND>OTH>GRN,0.7734458283614782,0.2265541716385218,IND>OTH>GRN>LNP,Southern Metro,ALP,ALP,LNP,0.6298586786064749,0.37014132139352507,0.12985867860647493,ALP-LNP,ON>IND>OTH>GRN,0.6298586786064749,0.37014132139352507,ON>IND>OTH>GRN,0.7698369797512142,0.23016302024878574,IND>OTH>GRN>LNP,2022,no_siphon
Ashwood,Southern Metro,ALP,ALP,LNP,0.5489907253085564,0.45100927469144364,0.048990725308556415,ALP-LNP,ON>IND>OTH>GRN,0.5489907253085564,0.45100927469144364,ON>IND>OTH>GRN,0.7101173039854389,0.2898826960145612,IND>OTH>GRN>LNP,Southern Metro,ALP,ALP,LNP,0.5489907253085564,0.45100927469144364,0.048990725308556415,ALP-LNP,ON>IND>OTH>GRN,0.5489907253085564,0.45100927469144364,ON>IND>OTH>GRN,0.708752044104253,0.29124795589574703,IND>OTH>GRN>LNP,2022,no_siphon
Bass,Eastern Victoria,ALP,LNP,ALP,0.5178511601642946,0.48214883983570545,0.017851160164294555,LNP-ALP,ON>IND>GRN>OTH,0.48214883983570545,0.5178511601642946,ON>IND>GRN>OTH,0.5210783255712443,0.4789216744287557,IND>GRN>OTH>LNP,Eastern Victoria,ALP,LNP,ALP,0.5178511601642946,0.48214883983570545,0.017851160164294555,LNP-ALP,ON>IND>GRN>OTH,0.48214883983570545,0.5178511601642946,ON>IND>GRN>OTH,0.518320707951188,0.481679292048812,IND>GRN>OTH>LNP,2022,no_siphon
Bayswater,North-Eastern Metro,ALP,ALP,LNP,0.5243042346996111,0.475695765300389,0.02430423469961107,ALP-LNP,ON>IND>GRN>OTH,0.5243042346996111,0.475695765300389,ON>IND>GRN>OTH,0.6389344297432812,0.3610655702567188,IND>GRN>OTH>LNP,North-Eastern Metro,ALP,ALP,LNP,0.5243042346996111,0.475695765300389,0.02430423469961107,ALP-LNP,ON>IND>GRN>OTH,0.5243042346996111,0.475695765300389,ON>IND>GRN>OTH,0.6354784182260803,0.3645215817739197,IND>GRN>OTH>LNP,2022,no_siphon
Bellarine,Western Victoria,ALP,ALP,LNP,0.5739079583547639,0.4260920416452361,0.07390795835476394,ALP-LNP,ON>IND>OTH>GRN,0.5739079583547639,0.4260920416452361,ON>IND>OTH>GRN,0.6232721305386489,0.37672786946135106,IND>OTH>GRN>LNP,Western Victoria,ALP,ALP,LNP,0.5739079583547639,0.4260920416452361,0.07390795835476394,ALP-LNP,ON>IND>OTH>GRN,0.5739079583547639,0.4260920416452361,ON>IND>OTH>GRN,0.6220542391045781,0.37794576089542187,IND>OTH>GRN>LNP,2022,no_siphon
Benambra,Northern Victoria,LNP,LNP,IND,0.526596932059948,0.4734030679400521,0.026596932059947953,LNP-IND,ON>GRN>OTH>ALP,0.34009642196916756,0.6599035780308324,ON>GRN>OTH>IND,0.37831660247551263,0.6216833975244874,GRN>OTH>IND>LNP,Northern Victoria,LNP,LNP,IND,0.526596932059948,0.4734030679400521,0.026596932059947953,LNP-IND,ON>GRN>OTH>ALP,0.34009642196916756,0.6599035780308324,ON>GRN>OTH>IND,0.3698017188008497,0.6301982811991503,GRN>OTH>IND>LNP,2022,no_siphon
Bendigo East,Northern Victoria,ALP,ALP,LNP,0.5992950749444832,0.40070492505551686,0.0992950749444832,ALP-LNP,ON>IND>OTH>GRN,0.5992950749444832,0.40070492505551686,ON>IND>OTH>GRN,0.6721186022688302,0.3278813977311698,IND>OTH>GRN>LNP,Northern Victoria,ALP,ALP,LNP,0.5992950749444832,0.40070492505551686,0.0992950749444832,ALP-LNP,ON>IND>OTH>GRN,0.5992950749444832,0.40070492505551686,ON>IND>OTH>GRN,0.6704287472697776,0.32957125273022236,IND>OTH>GRN>LNP,2022,no_siphon
Bendigo West,Northern Victoria,ALP,ALP,LNP,0.637300201850661,0.36269979814933895,0.13730020185066105,ALP-LNP,ON>IND>GRN>OTH,0.637300201850661,0.36269979814933895,ON>IND>GRN>OTH,0.6766160115690786,0.32338398843092137,IND>GRN>OTH>LNP,Northern Victoria,ALP,ALP,LNP,0.637300201850661,0.36269979814933895,0.13730020185066105,ALP-LNP,ON>IND>GRN>OTH,0.637300201850661,0.36269979814933895,ON>IND>GRN>OTH,0.6725502258912335,0.3274497741087666,IND>GRN>OTH>LNP,2022,no_siphon
Bentleigh,Southern Metro,ALP,ALP,LNP,0.5816167081041431,0.418383291895857,0.08161670810414312,ALP-LNP,ON>IND>OTH>GRN,0.5816167081041431,0.418383291895857,ON>IND>OTH>GRN,0.7220127491162543,0.27798725088374576,IND>OTH>GRN>LNP,Southern Metro,ALP,ALP,LNP,0.5816167081041431,0.418383291895857,0.08161670810414312,ALP-LNP,ON>IND>OTH>GRN,0.5816167081041431,0.418383291895857,ON>IND>OTH>GRN,0.7204917020363042,0.27950829796369586,IND>OTH>GRN>LNP,2022,no_siphon
Berwick,South-Eastern Metro,LNP,LNP,ALP,0.5432866182461333,0.45671338175386667,0.043286618246133335,LNP-ALP,IND>ON>OTH>GRN,0.45671338175386667,0.5432866182461333,IND>ON>OTH>GRN,0.5402577226623584,0.4597422773376416,IND>OTH>GRN>LNP,South-Eastern Metro,LNP,LNP,ALP,0.5432866182461231,0.4567133817538769,0.04328661824612312,LNP-ALP,IND>ON>OTH>GRN,0.4567133817538769,0.5432866182461231,IND>ON>OTH>GRN,0.5400455339918606,0.4599544660081394,IND>OTH>GRN>LNP,2022,no_siphon
Box Hill,North-Eastern Metro,ALP,ALP,LNP,0.5595205584867091,0.44047944151329094,0.05952055848670912,ALP-LNP,ON>IND>OTH>GRN,0.5595205584867091,0.44047944151329094,ON>IND>OTH>GRN,0.7082445702634158,0.29175542973658425,IND>OTH>GRN>LNP,North-Eastern Metro,ALP,ALP,LNP,0.5595205584867091,0.44047944151329094,0.05952055848670912,ALP-LNP,ON>IND>OTH>GRN,0.5595205584867091,0.44047944151329094,ON>IND>OTH>GRN,0.7068467448167418,0.29315325518325824,IND>OTH>GRN>LNP,2022,no_siphon
Brighton,Southern Metro,LNP,LNP,ALP,0.5353336398007497,0.46466636019925034,0.03533363980074966,LNP-ALP,ON>OTH>IND>GRN,0.46466636019925034,0.5353336398007497,ON>OTH>IND>GRN,0.6922059514029387,0.30779404859706133,OTH>IND>GRN>LNP,Southern Metro,LNP,LNP,ALP,0.5353336398007497,0.46466636019925034,0.03533363980074966,LNP-ALP,ON>OTH>IND>GRN,0.46466636019925034,0.5353336398007497,ON>OTH>IND>GRN,0.6866242778347494,0.3133757221652506,OTH>IND>GRN>LNP,2022,no_siphon
Broadmeadows,Northern Metro,ALP,ALP,LNP,0.6690291004858195,0.33097089951418046,0.16902910048581954,ALP-LNP,ON>IND>GRN>OTH,0.6690291004858195,0.33097089951418046,ON>IND>GRN>OTH,0.7029420519794259,0.2970579480205741,IND>GRN>OTH>LNP,Northern Metro,ALP,ALP,LNP,0.6690291004858195,0.33097089951418046,0.16902910048581954,ALP-LNP,ON>IND>GRN>OTH,0.6690291004858195,0.33097089951418046,ON>IND>GRN>OTH,0.6942377120998277,0.30576228790017246,IND>GRN>OTH>LNP,2022,no_siphon
Brunswick,Northern Metro,GRN,GRN,ALP,0.5967317126448386,0.40326828735516146,0.0967317126448386,GRN-ALP,ON>IND>LNP>OTH,0.8228976101809578,0.17710238981904228,ON>IND>OTH>GRN,0.8903343669013377,0.1096656330986623,IND>LNP>OTH>GRN,Northern Metro,GRN,GRN,ALP,0.5967317126448386,0.40326828735516146,0.0967317126448386,GRN-ALP,ON>IND>LNP>OTH,0.8228976101809578,0.17710238981904228,ON>IND>OTH>GRN,0.8819666583817142,0.11803334161828588,IND>LNP>OTH>GRN,2022,no_siphon
Bulleen,North-Eastern Metro,LNP,LNP,ALP,0.5571426502491057,0.4428573497508944,0.0571426502491057,LNP-ALP,ON>IND>OTH>GRN,0.4428573497508944,0.5571426502491057,ON>IND>OTH>GRN,0.648745591755223,0.35125440824477716,IND>OTH>GRN>LNP,North-Eastern Metro,LNP,LNP,ALP,0.5571426502491057,0.4428573497508944,0.0571426502491057,LNP-ALP,ON>IND>OTH>GRN,0.4428573497508944,0.5571426502491057,ON>IND>OTH>GRN,0.6477046869590136,0.3522953130409865,IND>OTH>GRN>LNP,2022,no_siphon
Bundoora,North-Eastern Metro,ALP,ALP,LNP,0.6331100134018667,0.3668899865981333,0.13311001340186668,ALP-LNP,ON>IND>OTH>GRN,0.6331100134018667,0.3668899865981333,ON>IND>OTH>GRN,0.7396711176810434,0.2603288823189566,IND>OTH>GRN>LNP,North-Eastern Metro,ALP,ALP,LNP,0.6331100134018667,0.3668899865981333,0.13311001340186668,ALP-LNP,ON>IND>OTH>GRN,0.6331100134018667,0.3668899865981333,ON>IND>OTH>GRN,0.738645086173715,0.26135491382628495,IND>OTH>GRN>LNP,2022,no_siphon
Carrum,South-Eastern Metro,ALP,ALP,LNP,0.5996348874504338,0.4003651125495662,0.0996348874504338,ALP-LNP,ON>IND>GRN>OTH,0.5996348874504338,0.4003651125495662,ON>IND>GRN>OTH,0.6394612584350035,0.36053874156499655,IND>GRN>OTH>LNP,South-Eastern Metro,ALP,ALP,LNP,0.5996348874504338,0.4003651125495662,0.0996348874504338,ALP-LNP,ON>IND>GRN>OTH,0.5996348874504338,0.4003651125495662,ON>IND>GRN>OTH,0.6368767697334021,0.3631232302665978,IND>GRN>OTH>LNP,2022,no_siphon
Caulfield,Southern Metro,LNP,LNP,ALP,0.5133748618611971,0.486625138138803,0.013374861861197074,LNP-ALP,ON>IND>OTH>GRN,0.486625138138803,0.5133748618611971,ON>IND>OTH>GRN,0.7121374486850551,0.28786255131494487,IND>OTH>GRN>LNP,Southern Metro,LNP,LNP,ALP,0.5133748618611971,0.486625138138803,0.013374861861197074,LNP-ALP,ON>IND>OTH>GRN,0.486625138138803,0.5133748618611971,ON>IND>OTH>GRN,0.708530174358691,0.291469825641309,IND>OTH>GRN>LNP,2022,no_siphon
Clarinda,South-Eastern Metro,ALP,ALP,LNP,0.6071414346021642,0.39285856539783576,0.10714143460216419,ALP-LNP,ON>GRN>OTH>IND,0.6071414346021642,0.39285856539783576,ON>GRN>OTH>IND,0.7280056542533334,0.27199434574666664,GRN>OTH>IND>LNP,South-Eastern Metro,ALP,ALP,LNP,0.6071414346021642,0.39285856539783576,0.10714143460216419,ALP-LNP,ON>GRN>OTH>IND,0.6071414346021642,0.39285856539783576,ON>GRN>OTH>IND,0.7220102721046407,0.2779897278953592,GRN>OTH>IND>LNP,2022,no_siphon
Cranbourne,South-Eastern Metro,ALP,ALP,LNP,0.5997235428577595,0.4002764571422406,0.09972354285775953,ALP-LNP,ON>IND>GRN>OTH,0.5997235428577595,0.4002764571422406,ON>IND>GRN>OTH,0.667294884476702,0.33270511552329796,IND>GRN>OTH>LNP,South-Eastern Metro,ALP,ALP,LNP,0.5997235428577595,0.4002764571422406,0.09972354285775953,ALP-LNP,ON>IND>GRN>OTH,0.5997235428577595,0.4002764571422406,ON>IND>GRN>OTH,0.6620741208821077,0.33792587911789235,IND>GRN>OTH>LNP,2022,no_siphon
Croydon,North-Eastern Metro,LNP,LNP,ALP,0.5131812961639741,0.4868187038360259,0.013181296163974121,LNP-ALP,IND>ON>GRN>OTH,0.4868187038360259,0.5131812961639741,IND>ON>GRN>OTH,0.6218370868654883,0.3781629131345116,IND>GRN>OTH>LNP,North-Eastern Metro,LNP,LNP,ALP,0.5131812961639656,0.4868187038360345,0.013181296163965572,LNP-ALP,IND>ON>GRN>OTH,0.4868187038360345,0.5131812961639656,IND>ON>GRN>OTH,0.6193929115798169,0.38060708842018304,IND>GRN>OTH>LNP,2022,no_siphon
Dandenong,South-Eastern Metro,ALP,ALP,LNP,0.6993042040845434,0.30069579591545664,0.1993042040845434,ALP-LNP,ON>IND>GRN>OTH,0.6993042040845434,0.30069579591545664,ON>IND>GRN>OTH,0.7500790508858244,0.2499209491141756,IND>GRN>OTH>LNP,South-Eastern Metro,ALP,ALP,LNP,0.6993042040845434,0.30069579591545664,0.1993042040845434,ALP-LNP,ON>IND>GRN>OTH,0.6993042040845434,0.30069579591545664,ON>IND>GRN>OTH,0.7465572091480644,0.25344279085193555,IND>GRN>OTH>LNP,2022,no_siphon
Eildon,Northern Victoria,LNP,LNP,ALP,0.5717284375130174,0.42827156248698267,0.07172843751301738,LNP-ALP,ON>IND>OTH>GRN,0.42827156248698267,0.5717284375130174,ON>IND>OTH>GRN,0.49324748150839565,0.5067525184916044,IND>OTH>GRN>LNP,Northern Victoria,LNP,LNP,ALP,0.5717284375130174,0.42827156248698267,0.07172843751301738,LNP-ALP,ON>IND>OTH>GRN,0.42827156248698267,0.5717284375130174,ON>IND>OTH>GRN,0.4925299223886025,0.5074700776113975,IND>OTH>GRN>LNP,2022,no_siphon
Eltham,North-Eastern Metro,ALP,ALP,LNP,0.5889387962484414,0.4110612037515586,0.08893879624844137,ALP-LNP,IND>ON>OTH>GRN,0.5889387962484414,0.4110612037515586,IND>ON>OTH>GRN,0.6988843544338672,0.3011156455661328,IND>OTH>GRN>LNP,North-Eastern Metro,ALP,ALP,LNP,0.5889387962484504,0.41106120375154964,0.08893879624845036,ALP-LNP,IND>ON>OTH>GRN,0.5889387962484504,0.41106120375154964,IND>ON>OTH>GRN,0.6985859616435044,0.30141403835649555,IND>OTH>GRN>LNP,2022,no_siphon
Essendon,Northern Metro,ALP,ALP,LNP,0.6083770201287849,0.39162297987121514,0.10837702012878492,ALP-LNP,ON>IND>OTH>GRN,0.6083770201287849,0.39162297987121514,ON>IND>OTH>GRN,0.709647450727158,0.29035254927284204,IND>OTH>GRN>LNP,Northern Metro,ALP,ALP,LNP,0.6083770201287849,0.39162297987121514,0.10837702012878492,ALP-LNP,ON>IND>OTH>GRN,0.6083770201287849,0.39162297987121514,ON>IND>OTH>GRN,0.707892515470869,0.2921074845291311,IND>OTH>GRN>LNP,2022,no_siphon
Eureka,Western Victoria,ALP,ALP,LNP,0.5633625432815835,0.4366374567184165,0.06336254328158353,ALP-LNP,ON>IND>GRN>OTH,0.5633625432815835,0.4366374567184165,ON>IND>GRN>OTH,0.5819504828350002,0.4180495171649998,IND>GRN>OTH>LNP,Western Victoria,ALP,ALP,LNP,0.5633625432815835,0.4366374567184165,0.06336254328158353,ALP-LNP,ON>IND>GRN>OTH,0.5633625432815835,0.4366374567184165,ON>IND>GRN>OTH,0.579171977186337,0.42082802281366305,IND>GRN>OTH>LNP,2022,no_siphon
Euroa,Northern Victoria,LNP,LNP,ALP,0.607229396484252,0.39277060351574805,0.107229396484252,LNP-ALP,IND>ON>GRN>OTH,0.39277060351574805,0.607229396484252,IND>ON>GRN>OTH,0.4658571070432009,0.5341428929567992,IND>GRN>OTH>LNP,Northern Victoria,LNP,LNP,ALP,0.6072293964748147,0.3927706035251854,0.10722939647481466,LNP-ALP,IND>ON>GRN>OTH,0.3927706035251854,0.6072293964748147,IND>ON>GRN>OTH,0.46460280256113823,0.5353971974388618,IND>GRN>OTH>LNP,2022,no_siphon
Evelyn,Eastern Victoria,LNP,LNP,ALP,0.5569337009757843,0.4430662990242157,0.05693370097578432,LNP-ALP,ON>IND>OTH>GRN,0.4430662990242157,0.5569337009757843,ON>IND>OTH>GRN,0.5277567536599389,0.47224324634006104,IND>OTH>GRN>LNP,Eastern Victoria,LNP,LNP,ALP,0.5569337009757843,0.4430662990242157,0.05693370097578432,LNP-ALP,ON>IND>OTH>GRN,0.4430662990242157,0.5569337009757843,ON>IND>OTH>GRN,0.5269445363677513,0.47305546363224865,IND>OTH>GRN>LNP,2022,no_siphon
Footscray,Western Metro,ALP,ALP,GRN,0.5757898611579069,0.4242101388420932,0.07578986115790687,ALP-GRN,ON>IND>OTH>LNP,0.7518970078033212,0.2481029921966787,ON>IND>OTH>GRN,0.9019510800544118,0.09804891994558819,IND>OTH>LNP>GRN,Western Metro,ALP,ALP,GRN,0.5757898611579069,0.4242101388420932,0.07578986115790687,ALP-GRN,ON>IND>OTH>LNP,0.7518970078033212,0.2481029921966787,ON>IND>OTH>GRN,0.8976526528213011,0.10234734717869887,IND>OTH>LNP>GRN,2022,no_siphon
Frankston,South-Eastern Metro,ALP,ALP,LNP,0.5987585071094935,0.4012414928905064,0.09875850710949352,ALP-LNP,ON>IND>GRN>OTH,0.5987585071094935,0.4012414928905064,ON>IND>GRN>OTH,0.6765820329655566,0.3234179670344433,IND>GRN>OTH>LNP,South-Eastern Metro,ALP,ALP,LNP,0.5987585071094935,0.4012414928905064,0.09875850710949352,ALP-LNP,ON>IND>GRN>OTH,0.5987585071094935,0.4012414928905064,ON>IND>GRN>OTH,0.6711410460850834,0.32885895391491654,IND>GRN>OTH>LNP,2022,no_siphon
Geelong,Western Victoria,ALP,ALP,LNP,0.6199074887811354,0.3800925112188646,0.11990748878113544,ALP-LNP,ON>IND>OTH>GRN,0.6199074887811354,0.3800925112188646,ON>IND>OTH>GRN,0.6606416331689667,0.3393583668310332,IND>OTH>GRN>LNP,Western Victoria,ALP,ALP,LNP,0.6199074887811354,0.3800925112188646,0.11990748878113544,ALP-LNP,ON>IND>OTH>GRN,0.6199074887811354,0.3800925112188646,ON>IND>OTH>GRN,0.6566706854697804,0.3433293145302196,IND>OTH>GRN>LNP,2022,no_siphon
Gippsland East,Eastern Victoria,LNP,LNP,ALP,0.71669411066297,0.28330588933703005,0.21669411066296995,LNP-ALP,ON>IND>GRN>OTH,0.28330588933703005,0.71669411066297,ON>IND>GRN>OTH,0.365747745487101,0.634252254512899,IND>GRN>OTH>LNP,Eastern Victoria,LNP,LNP,ALP,0.71669411066297,0.28330588933703005,0.21669411066296995,LNP-ALP,ON>IND>GRN>OTH,0.28330588933703005,0.71669411066297,ON>IND>GRN>OTH,0.36354888921775047,0.6364511107822495,IND>GRN>OTH>LNP,2022,no_siphon
Gippsland South,Eastern Victoria,LNP,LNP,ALP,0.6477538570393722,0.3522461429606278,0.14775385703937216,LNP-ALP,ON>IND>GRN>OTH,0.3522461429606278,0.6477538570393722,ON>IND>GRN>OTH,0.43326190939107667,0.5667380906089233,IND>OTH>GRN>LNP,Eastern Victoria,LNP,LNP,ALP,0.6477538570393722,0.3522461429606278,0.14775385703937216,LNP-ALP,ON>IND>GRN>OTH,0.3522461429606278,0.6477538570393722,ON>IND>GRN>OTH,0.43201806789786634,0.5679819321021337,IND>OTH>GRN>LNP,2022,no_siphon
Glen Waverley,North-Eastern Metro,ALP,ALP,LNP,0.5237673109797795,0.4762326890202206,0.023767310979779466,ALP-LNP,IND>ON>OTH>GRN,0.5237673109797795,0.4762326890202206,IND>ON>OTH>GRN,0.6904221368824844,0.3095778631175155,IND>OTH>GRN>LNP,North-Eastern Metro,ALP,ALP,LNP,0.5237673109885643,0.4762326890114356,0.023767310988564327,ALP-LNP,IND>ON>OTH>GRN,0.5237673109885643,0.4762326890114356,IND>ON>OTH>GRN,0.6898950677318648,0.3101049322681351,IND>OTH>GRN>LNP,2022,no_siphon
Greenvale,Northern Metro,ALP,ALP,LNP,0.6268582802367328,0.3731417197632671,0.12685828023673285,ALP-LNP,ON>IND>GRN>OTH,0.6268582802367328,0.3731417197632671,ON>IND>GRN>OTH,0.6828972634862132,0.3171027365137869,IND>GRN>OTH>LNP,Northern Metro,ALP,ALP,LNP,0.6268582802367328,0.3731417197632671,0.12685828023673285,ALP-LNP,ON>IND>GRN>OTH,0.6268582802367328,0.3731417197632671,ON>IND>GRN>OTH,0.6753642957743271,0.32463570422567295,IND>GRN>OTH>LNP,2022,no_siphon
Hastings,Eastern Victoria,ALP,ALP,LNP,0.5048849537209477,0.4951150462790524,0.00488495372094766,ALP-LNP,ON>IND>GRN>OTH,0.5048849537209477,0.4951150462790524,ON>IND>GRN>OTH,0.5539038112012761,0.4460961887987239,IND>GRN>OTH>LNP,Eastern Victoria,ALP,ALP,LNP,0.5048849537209477,0.4951150462790524,0.00488495372094766,ALP-LNP,ON>IND>GRN>OTH,0.5048849537209477,0.4951150462790524,ON>IND>GRN>OTH,0.5522748389250808,0.4477251610749192,IND>GRN>OTH>LNP,2022,no_siphon
Hawthorn,Southern Metro,LNP,ALP,LNP,0.5012867359076838,0.4987132640923162,0.0012867359076838003,ALP-LNP,ON>OTH>GRN>IND,0.5012867359076838,0.4987132640923162,ON>OTH>GRN>IND,0.729894647110819,0.2701053528891811,OTH>GRN>IND>LNP,Southern Metro,LNP,ALP,LNP,0.5012867359076838,0.4987132640923162,0.0012867359076838003,ALP-LNP,ON>OTH>GRN>IND,0.5012867359076838,0.4987132640923162,ON>OTH>GRN>IND,0.7227163433350057,0.27728365666499427,OTH>GRN>IND>LNP,2022,no_siphon
Ivanhoe,North-Eastern Metro,ALP,ALP,LNP,0.6225646771058513,0.3774353228941487,0.12256467710585128,ALP-LNP,ON>IND>OTH>GRN,0.6225646771058513,0.3774353228941487,ON>IND>OTH>GRN,0.7402307882070389,0.2597692117929611,IND>OTH>GRN>LNP,North-Eastern Metro,ALP,ALP,LNP,0.6225646771058513,0.3774353228941487,0.12256467710585128,ALP-LNP,ON>IND>OTH>GRN,0.6225646771058513,0.3774353228941487,ON>IND>OTH>GRN,0.7391123158086611,0.26088768419133884,IND>OTH>GRN>LNP,2022,no_siphon
Kalkallo,Northern Metro,ALP,ALP,LNP,0.6592732548613143,0.3407267451386858,0.15927325486131427,ALP-LNP,ON>IND>GRN>OTH,0.6592732548613143,0.3407267451386858,ON>IND>GRN>OTH,0.6715356606238728,0.32846433937612723,IND>GRN>OTH>LNP,Northern Metro,ALP,ALP,LNP,0.6592732548613143,0.3407267451386858,0.15927325486131427,ALP-LNP,ON>IND>GRN>OTH,0.6592732548613143,0.3407267451386858,ON>IND>GRN>OTH,0.6682014717077963,0.3317985282922037,IND>GRN>OTH>LNP,2022,no_siphon
Kew,Southern Metro,LNP,LNP,ALP,0.5361526032790547,0.46384739672094527,0.036152603279054674,LNP-ALP,ON>OTH>GRN>IND,0.46384739672094527,0.5361526032790547,ON>OTH>GRN>IND,0.714749324857747,0.285250675142253,OTH>GRN>IND>LNP,Southern Metro,LNP,LNP,ALP,0.5361526032790547,0.46384739672094527,0.036152603279054674,LNP-ALP,ON>OTH>GRN>IND,0.46384739672094527,0.5361526032790547,ON>OTH>GRN>IND,0.706756752929058,0.2932432470709419,OTH>GRN>IND>LNP,2022,no_siphon
Kororoit,Western Metro,ALP,ALP,LNP,0.6505350632422116,0.34946493675778845,0.15053506324221155,ALP-LNP,ON>IND>GRN>OTH,0.6505350632422116,0.34946493675778845,ON>IND>GRN>OTH,0.7030071824621872,0.2969928175378128,IND>GRN>OTH>LNP,Western Metro,ALP,ALP,LNP,0.6505350632422116,0.34946493675778845,0.15053506324221155,ALP-LNP,ON>IND>GRN>OTH,0.6505350632422116,0.34946493675778845,ON>IND>GRN>OTH,0.6970886150931365,0.3029113849068636,IND>GRN>OTH>LNP,2022,no_siphon
Lara,Western Victoria,ALP,ALP,LNP,0.6661811633695648,0.3338188366304352,0.1661811633695648,ALP-LNP,ON>IND>GRN>OTH,0.6661811633695648,0.3338188366304352,ON>IND>GRN>OTH,0.6716675127666832,0.3283324872333167,IND>GRN>OTH>LNP,Western Victoria,ALP,ALP,LNP,0.6661811633695648,0.3338188366304352,0.1661811633695648,ALP-LNP,ON>IND>GRN>OTH,0.6661811633695648,0.3338188366304352,ON>IND>GRN>OTH,0.6687362884881466,0.33126371151185335,IND>GRN>OTH>LNP,2022,no_siphon
Laverton,Western Metro,ALP,ALP,LNP,0.6684634165159821,0.33153658348401793,0.16846341651598207,ALP-LNP,ON>IND>GRN>OTH,0.6684634165159821,0.33153658348401793,ON>IND>GRN>OTH,0.7290684779633113,0.2709315220366887,IND>GRN>OTH>LNP,Western Metro,ALP,ALP,LNP,0.6684634165159821,0.33153658348401793,0.16846341651598207,ALP-LNP,ON>IND>GRN>OTH,0.6684634165159821,0.33153658348401793,ON>IND>GRN>OTH,0.7228029056986727,0.27719709430132733,IND>GRN>OTH>LNP,2022,no_siphon
Lowan,Western Victoria,LNP,LNP,ALP,0.7048672277256453,0.29513277227435475,0.20486722772564525,LNP-ALP,ON>IND>GRN>OTH,0.29513277227435475,0.7048672277256453,ON>IND>GRN>OTH,0.3867449985373368,0.6132550014626632,IND>GRN>OTH>LNP,Western Victoria,LNP,LNP,ALP,0.7048672277256453,0.29513277227435475,0.20486722772564525,LNP-ALP,ON>IND>GRN>OTH,0.29513277227435475,0.7048672277256453,ON>IND>GRN>OTH,0.38449590052429766,0.6155040994757024,IND>GRN>OTH>LNP,2022,no_siphon
Macedon,Northern Victoria,ALP,ALP,LNP,0.5742062538580066,0.4257937461419935,0.07420625385800661,ALP-LNP,ON>IND>OTH>GRN,0.5742062538580066,0.4257937461419935,ON>IND>OTH>GRN,0.6039904616341515,0.3960095383658486,IND>OTH>GRN>LNP,Northern Victoria,ALP,ALP,LNP,0.5742062538580066,0.4257937461419935,0.07420625385800661,ALP-LNP,ON>IND>OTH>GRN,0.5742062538580066,0.4257937461419935,ON>IND>OTH>GRN,0.6026832756316239,0.397316724368376,IND>OTH>GRN>LNP,2022,no_siphon
Malvern,Southern Metro,LNP,LNP,ALP,0.5689208425594944,0.4310791574405057,0.06892084255949438,LNP-ALP,ON>IND>OTH>GRN,0.4310791574405057,0.5689208425594944,ON>IND>OTH>GRN,0.6857271105331052,0.31427288946689486,IND>OTH>GRN>LNP,Southern Metro,LNP,LNP,ALP,0.5689208425594944,0.4310791574405057,0.06892084255949438,LNP-ALP,ON>IND>OTH>GRN,0.4310791574405057,0.5689208425594944,ON>IND>OTH>GRN,0.6841727541053264,0.31582724589467365,IND>OTH>GRN>LNP,2022,no_siphon
Melbourne,Northern Metro,GRN,GRN,ALP,0.5759861643259107,0.4240138356740894,0.07598616432591065,GRN-ALP,ON>IND>OTH>LNP,0.7583876446919544,0.2416123553080456,ON>IND>OTH>GRN,0.8952901137321533,0.10470988626784666,IND>OTH>LNP>GRN,Northern Metro,GRN,GRN,ALP,0.5759861643259107,0.4240138356740894,0.07598616432591065,GRN-ALP,ON>IND>OTH>LNP,0.7583876446919544,0.2416123553080456,ON>IND>OTH>GRN,0.8907012731313586,0.10929872686864142,IND>OTH>LNP>GRN,2022,no_siphon
Melton,Western Victoria,ALP,ALP,LNP,0.5264474142648269,0.47355258573517317,0.026447414264826885,ALP-LNP,ON>GRN>OTH>IND,0.5264474142648269,0.47355258573517317,ON>GRN>OTH>IND,0.6153927199365077,0.3846072800634923,GRN>OTH>LNP>IND,Western Victoria,ALP,ALP,LNP,0.5264474142648269,0.47355258573517317,0.026447414264826885,ALP-LNP,ON>GRN>OTH>IND,0.5264474142648269,0.47355258573517317,ON>GRN>OTH>IND,0.6084735918899294,0.3915264081100706,GRN>OTH>LNP>IND,2022,no_siphon
Mildura,Northern Victoria,LNP,IND,LNP,0.5226305737760435,0.4773694262239565,0.022630573776043494,IND-LNP,ON>GRN>OTH>ALP,0.3474123139774484,0.6525876860225517,ON>GRN>OTH>IND,0.49628994664973575,0.5037100533502642,GRN>OTH>LNP>IND,Northern Victoria,LNP,IND,LNP,0.5226305737760435,0.4773694262239565,0.022630573776043494,IND-LNP,ON>GRN>OTH>ALP,0.3474123139774484,0.6525876860225517,ON>GRN>OTH>IND,0.4894761262796124,0.5105238737203875,GRN>OTH>LNP>IND,2022,no_siphon
Mill Park,North-Eastern Metro,ALP,ALP,LNP,0.6528457942480684,0.3471542057519317,0.15284579424806843,ALP-LNP,IND>ON>GRN>OTH,0.6528457942480684,0.3471542057519317,IND>ON>GRN>OTH,0.7041557988199829,0.2958442011800172,IND>GRN>OTH>LNP,North-Eastern Metro,ALP,ALP,LNP,0.6528457942568574,0.3471542057431426,0.1528457942568574,ALP-LNP,IND>ON>GRN>OTH,0.6528457942568574,0.3471542057431426,IND>ON>GRN>OTH,0.7000755817373925,0.29992441826260763,IND>GRN>OTH>LNP,2022,no_siphon
Monbulk,Eastern Victoria,ALP,ALP,LNP,0.5563729182092338,0.4436270817907662,0.05637291820923385,ALP-LNP,ON>IND>OTH>GRN,0.5563729182092338,0.4436270817907662,ON>IND>OTH>GRN,0.5920739561934671,0.4079260438065328,IND>OTH>GRN>LNP,Eastern Victoria,ALP,ALP,LNP,0.5563729182092338,0.4436270817907662,0.05637291820923385,ALP-LNP,ON>IND>OTH>GRN,0.5563729182092338,0.4436270817907662,ON>IND>OTH>GRN,0.5894697342725213,0.41053026572747875,IND>OTH>GRN>LNP,2022,no_siphon
Mordialloc,South-Eastern Metro,ALP,ALP,LNP,0.5917363872688648,0.40826361273113526,0.0917363872688648,ALP-LNP,ON>IND>OTH>GRN,0.5917363872688648,0.40826361273113526,ON>IND>OTH>GRN,0.7168873610343088,0.2831126389656912,IND>OTH>GRN>LNP,South-Eastern Metro,ALP,ALP,LNP,0.5917363872688648,0.40826361273113526,0.0917363872688648,ALP-LNP,ON>IND>OTH>GRN,0.5917363872688648,0.40826361273113526,ON>IND>OTH>GRN,0.7134073498891854,0.2865926501108147,IND>OTH>GRN>LNP,2022,no_siphon
Mornington,Eastern Victoria,LNP,LNP,ALP,0.6014522114508677,0.39854778854913236,0.10145221145086769,LNP-ALP,ON>OTH>GRN>IND,0.39854778854913236,0.6014522114508677,ON>OTH>GRN>IND,0.47138955683695616,0.5286104431630437,OTH>GRN>IND>LNP,Eastern Victoria,LNP,LNP,ALP,0.6014522114508677,0.39854778854913236,0.10145221145086769,LNP-ALP,ON>OTH>GRN>IND,0.39854778854913236,0.6014522114508677,ON>OTH>GRN>IND,0.46651857486319526,0.5334814251368046,OTH>GRN>IND>LNP,2022,no_siphon
Morwell,Eastern Victoria,LNP,LNP,ALP,0.509449287120632,0.4905507128793681,0.009449287120631977,LNP-ALP,ON>GRN>IND>OTH,0.4905507128793681,0.509449287120632,ON>GRN>IND>OTH,0.5413944359082044,0.4586055640917956,GRN>IND>OTH>LNP,Eastern Victoria,LNP,LNP,ALP,0.509449287120632,0.4905507128793681,0.009449287120631977,LNP-ALP,ON>GRN>IND>OTH,0.4905507128793681,0.509449287120632,ON>GRN>IND>OTH,0.5315946159695794,0.4684053840304206,GRN>IND>OTH>LNP,2022,no_siphon
Mulgrave,South-Eastern Metro,ALP,ALP,LNP,0.6793883547946803,0.3206116452053197,0.1793883547946803,ALP-LNP,ON>GRN>OTH>IND,0.6793883547946803,0.3206116452053197,ON>GRN>OTH>IND,0.756374347516339,0.24362565248366108,GRN>OTH>IND>LNP,South-Eastern Metro,ALP,ALP,LNP,0.6793883547946803,0.3206116452053197,0.1793883547946803,ALP-LNP,ON>GRN>OTH>IND,0.6793883547946803,0.3206116452053197,ON>GRN>OTH>IND,0.748590478168037,0.25140952183196297,GRN>OTH>IND>LNP,2022,no_siphon
Murray Plains,Northern Victoria,LNP,LNP,ALP,0.726763609695189,0.273236390304811,0.22676360969518905,LNP-ALP,ON>IND>GRN>OTH,0.273236390304811,0.726763609695189,ON>IND>GRN>OTH,0.3523071310816487,0.6476928689183514,IND>GRN>OTH>LNP,Northern Victoria,LNP,LNP,ALP,0.726763609695189,0.273236390304811,0.22676360969518905,LNP-ALP,ON>IND>GRN>OTH,0.273236390304811,0.726763609695189,ON>IND>GRN>OTH,0.3498882120812215,0.6501117879187785,IND>GRN>OTH>LNP,2022,no_siphon
Narracan,Eastern Victoria,LNP,LNP,ALP,0.5616750646823111,0.43832493531768885,0.0616750646823111,LNP-ALP,ON>OTH>IND>GRN,0.43832493531768885,0.5616750646823111,ON>OTH>IND>GRN,0.5315972459294808,0.46840275407051934,OTH>IND>GRN>LNP,Eastern Victoria,LNP,LNP,ALP,0.5616750646823111,0.43832493531768885,0.0616750646823111,LNP-ALP,ON>OTH>IND>GRN,0.43832493531768885,0.5616750646823111,ON>OTH>IND>GRN,0.5301441884923728,0.4698558115076273,OTH>IND>GRN>LNP,2022,no_siphon
Narre Warren North,South-Eastern Metro,ALP,ALP,LNP,0.6148192983861064,0.38518070161389356,0.11481929838610638,ALP-LNP,ON>IND>GRN>OTH,0.6148192983861064,0.38518070161389356,ON>IND>GRN>OTH,0.6844455774981495,0.31555442250185056,IND>GRN>OTH>LNP,South-Eastern Metro,ALP,ALP,LNP,0.6148192983861064,0.38518070161389356,0.11481929838610638,ALP-LNP,ON>IND>GRN>OTH,0.6148192983861064,0.38518070161389356,ON>IND>GRN>OTH,0.6797428850820793,0.32025711491792086,IND>GRN>OTH>LNP,2022,no_siphon
Narre Warren South,South-Eastern Metro,ALP,ALP,LNP,0.6123127462983913,0.38768725370160884,0.11231274629839127,ALP-LNP,ON>IND>GRN>OTH,0.6123127462983913,0.38768725370160884,ON>IND>GRN>OTH,0.6845492718404125,0.31545072815958763,IND>GRN>OTH>LNP,South-Eastern Metro,ALP,ALP,LNP,0.6123127462983913,0.38768725370160884,0.11231274629839127,ALP-LNP,ON>IND>GRN>OTH,0.6123127462983913,0.38768725370160884,ON>IND>GRN>OTH,0.6803773229389329,0.3196226770610671,IND>GRN>OTH>LNP,2022,no_siphon
Nepean,Eastern Victoria,LNP,LNP,ALP,0.5674579373660746,0.4325420626339253,0.06745793736607464,LNP-ALP,ON>IND>OTH>GRN,0.4325420626339253,0.5674579373660746,ON>IND>OTH>GRN,0.5187879966318157,0.48121200336818426,IND>OTH>GRN>LNP,Eastern Victoria,LNP,LNP,ALP,0.5674579373660746,0.4325420626339253,0.06745793736607464,LNP-ALP,ON>IND>OTH>GRN,0.4325420626339253,0.5674579373660746,ON>IND>OTH>GRN,0.51730777136394,0.48269222863606,IND>OTH>GRN>LNP,2022,no_siphon
Niddrie,Western Metro,ALP,ALP,LNP,0.5792293272210898,0.4207706727789103,0.07922932722108977,ALP-LNP,IND>ON>GRN>OTH,0.5792293272210898,0.4207706727789103,IND>ON>GRN>OTH,0.7080089385112767,0.2919910614887234,IND>GRN>OTH>LNP,Western Metro,ALP,ALP,LNP,0.5792293272210983,0.4207706727789017,0.07922932722109832,ALP-LNP,IND>ON>GRN>OTH,0.5792293272210983,0.4207706727789017,IND>ON>GRN>OTH,0.7044537846282792,0.2955462153717208,IND>GRN>OTH>LNP,2022,no_siphon
Northcote,Northern Metro,ALP,ALP,GRN,0.5116428506302505,0.48835714936974944,0.0116428506302505,ALP-GRN,ON>IND>LNP>OTH,0.8079195433852342,0.19208045661476586,ON>IND>OTH>GRN,0.8918549190143276,0.10814508098567248,IND>LNP>OTH>GRN,Northern Metro,ALP,ALP,GRN,0.5116428506302505,0.48835714936974944,0.0116428506302505,ALP-GRN,ON>IND>LNP>OTH,0.8079195433852342,0.19208045661476586,ON>IND>OTH>GRN,0.8833818786066914,0.11661812139330871,IND>LNP>OTH>GRN,2022,no_siphon
Oakleigh,Southern Metro,ALP,ALP,LNP,0.6371312521804469,0.3628687478195531,0.13713125218044686,ALP-LNP,ON>IND>OTH>GRN,0.6371312521804469,0.3628687478195531,ON>IND>OTH>GRN,0.7490611079685242,0.25093889203147574,IND>OTH>GRN>LNP,Southern Metro,ALP,ALP,LNP,0.6371312521804469,0.3628687478195531,0.13713125218044686,ALP-LNP,ON>IND>OTH>GRN,0.6371312521804469,0.3628687478195531,ON>IND>OTH>GRN,0.7476486325260296,0.25235136747397036,IND>OTH>GRN>LNP,2022,no_siphon
Ovens Valley,Northern Victoria,LNP,LNP,ALP,0.6465051566928421,0.3534948433071579,0.14650515669284214,LNP-ALP,ON>IND>GRN>OTH,0.3534948433071579,0.6465051566928421,ON>IND>GRN>OTH,0.3987335753427656,0.6012664246572345,IND>GRN>OTH>LNP,Northern Victoria,LNP,LNP,ALP,0.6465051566928421,0.3534948433071579,0.14650515669284214,LNP-ALP,ON>IND>GRN>OTH,0.3534948433071579,0.6465051566928421,ON>IND>GRN>OTH,0.3951735089367771,0.604826491063223,IND>GRN>OTH>LNP,2022,no_siphon
Pakenham,Eastern Victoria,ALP,ALP,LNP,0.5007920821268574,0.4992079178731426,0.0007920821268574407,ALP-LNP,ON>GRN>IND>OTH,0.5007920821268574,0.4992079178731426,ON>GRN>IND>OTH,0.5358705296619091,0.464129470338091,GRN>IND>OTH>LNP,Eastern Victoria,ALP,ALP,LNP,0.5007920821268574,0.4992079178731426,0.0007920821268574407,ALP-LNP,ON>GRN>IND>OTH,0.5007920821268574,0.4992079178731426,ON>GRN>IND>OTH,0.5311847194646996,0.46881528053530047,GRN>IND>OTH>LNP,2022,no_siphon
Pascoe Vale,Northern Metro,ALP,ALP,GRN,0.5581752962835442,0.44182470371645577,0.05817529628354423,ALP-GRN,ON>IND>OTH>LNP,0.6978708723520046,0.3021291276479953,ON>IND>OTH>GRN,0.8202031976911601,0.1797968023088399,IND>OTH>LNP>GRN,Northern Metro,ALP,ALP,GRN,0.5581752962835442,0.44182470371645577,0.05817529628354423,ALP-GRN,ON>IND>OTH>LNP,0.6978708723520046,0.3021291276479953,ON>IND>OTH>GRN,0.8111366009114208,0.18886339908857916,IND>OTH>LNP>GRN,2022,no_siphon
Point Cook,Western Metro,ALP,ALP,LNP,0.608153446843965,0.391846553156035,0.108153446843965,ALP-LNP,ON>GRN>IND>OTH,0.608153446843965,0.391846553156035,ON>GRN>IND>OTH,0.6670974751049894,0.33290252489501065,GRN>IND>OTH>LNP,Western Metro,ALP,ALP,LNP,0.608153446843965,0.391846553156035,0.108153446843965,ALP-LNP,ON>GRN>IND>OTH,0.608153446843965,0.391846553156035,ON>GRN>IND>OTH,0.6589813220742567,0.34101867792574325,GRN>IND>OTH>LNP,2022,no_siphon
Polwarth,Western Victoria,LNP,LNP,ALP,0.5424480133946256,0.4575519866053745,0.04244801339462556,LNP-ALP,ON>IND>OTH>GRN,0.4575519866053745,0.5424480133946256,ON>IND>OTH>GRN,0.515153093547939,0.484846906452061,IND>OTH>GRN>LNP,Western Victoria,LNP,LNP,ALP,0.5424480133946256,0.4575519866053745,0.04244801339462556,LNP-ALP,ON>IND>OTH>GRN,0.4575519866053745,0.5424480133946256,ON>IND>OTH>GRN,0.5142058901070178,0.4857941098929823,IND>OTH>GRN>LNP,2022,no_siphon
Prahran,Southern Metro,Greens,GRN,LNP,0.6175920904187144,0.3824079095812856,0.11759209041871443,GRN-LNP,ON>IND>OTH>ALP,0.6289242077047406,0.3710757922952594,ON>IND>OTH>GRN,0.8079403248202158,0.1920596751797842,IND>OTH>LNP>GRN,Southern Metro,Greens,GRN,LNP,0.6175920904187144,0.3824079095812856,0.11759209041871443,GRN-LNP,ON>IND>OTH>ALP,0.6289242077047406,0.3710757922952594,ON>IND>OTH>GRN,0.8017950212771487,0.1982049787228513,IND>OTH>LNP>GRN,2022,no_siphon
Preston,Northern Metro,ALP,ALP,GRN,0.5986255861430387,0.4013744138569614,0.09862558614303873,ALP-GRN,ON>IND>OTH>LNP,0.6880578004325156,0.31194219956748437,ON>IND>OTH>GRN,0.813185439137379,0.186814560862621,IND>OTH>LNP>GRN,Northern Metro,ALP,ALP,GRN,0.5986255861430387,0.4013744138569614,0.09862558614303873,ALP-GRN,ON>IND>OTH>LNP,0.6880578004325156,0.31194219956748437,ON>IND>OTH>GRN,0.8043205246721818,0.19567947532781801,IND>OTH>LNP>GRN,2022,no_siphon
Richmond,Northern Metro,GRN,GRN,ALP,0.5409588615887525,0.45904113841124744,0.040958861588752504,GRN-ALP,ON>IND>OTH>LNP,0.7860157249661311,0.21398427503386877,ON>IND>OTH>GRN,0.8890513604580412,0.11094863954195874,IND>LNP>OTH>GRN,Northern Metro,GRN,GRN,ALP,0.5409588615887525,0.45904113841124744,0.040958861588752504,GRN-ALP,ON>IND>OTH>LNP,0.7860157249661311,0.21398427503386877,ON>IND>OTH>GRN,0.8774561799379856,0.1225438200620143,IND>LNP>OTH>GRN,2022,no_siphon
Ringwood,North-Eastern Metro,LNP,ALP,LNP,0.5619918685199171,0.4380081314800829,0.061991868519917115,ALP-LNP,IND>ON>OTH>GRN,0.5619918685199171,0.4380081314800829,IND>ON>OTH>GRN,0.6683444591162404,0.33165554088375965,IND>OTH>GRN>LNP,North-Eastern Metro,LNP,ALP,LNP,0.561991868519926,0.43800813148007395,0.061991868519926,ALP-LNP,IND>ON>OTH>GRN,0.561991868519926,0.43800813148007395,IND>ON>OTH>GRN,0.6679222644036729,0.33207773559632714,IND>OTH>GRN>LNP,2022,no_siphon
Ripon,Western Victoria,ALP,ALP,LNP,0.5201797598397779,0.4798202401602221,0.020179759839777933,ALP-LNP,ON>IND>GRN>OTH,0.5201797598397779,0.4798202401602221,ON>IND>GRN>OTH,0.5418190980159674,0.45818090198403266,IND>GRN>OTH>LNP,Western Victoria,ALP,ALP,LNP,0.5201797598397779,0.4798202401602221,0.020179759839777933,ALP-LNP,ON>IND>GRN>OTH,0.5201797598397779,0.4798202401602221,ON>IND>GRN>OTH,0.5387383674458404,0.4612616325541597,IND>GRN>OTH>LNP,2022,no_siphon
Rowville,South-Eastern Metro,LNP,LNP,ALP,0.5349868205084966,0.46501317949150345,0.03498682050849655,LNP-ALP,ON>OTH>GRN>IND,0.46501317949150345,0.5349868205084966,ON>OTH>GRN>IND,0.6100005626723681,0.3899994373276319,OTH>GRN>IND>LNP,South-Eastern Metro,LNP,LNP,ALP,0.5349868205084966,0.46501317949150345,0.03498682050849655,LNP-ALP,ON>OTH>GRN>IND,0.46501317949150345,0.5349868205084966,ON>OTH>GRN>IND,0.6058612423130946,0.3941387576869054,OTH>GRN>IND>LNP,2022,no_siphon
Sandringham,Southern Metro,LNP,LNP,ALP,0.5492490974304051,0.45075090256959494,0.049249097430405064,LNP-ALP,ON>IND>OTH>GRN,0.45075090256959494,0.5492490974304051,ON>IND>OTH>GRN,0.629994508794266,0.370005491205734,IND>OTH>GRN>LNP,Southern Metro,LNP,LNP,ALP,0.5492490974304051,0.45075090256959494,0.049249097430405064,LNP-ALP,ON>IND>OTH>GRN,0.45075090256959494,0.5492490974304051,ON>IND>OTH>GRN,0.6260947311734328,0.37390526882656716,IND>OTH>GRN>LNP,2022,no_siphon
Shepparton,Northern Victoria,LNP,LNP,IND,0.5430146501747725,0.45698534982522754,0.04301465017477246,LNP-IND,ON>GRN>OTH>ALP,0.3299577359742231,0.6700422640257768,ON>GRN>OTH>IND,0.4431161545569117,0.5568838454430882,GRN>OTH>IND>LNP,Northern Victoria,LNP,LNP,IND,0.5430146501747725,0.45698534982522754,0.04301465017477246,LNP-IND,ON>GRN>OTH>ALP,0.3299577359742231,0.6700422640257768,ON>GRN>OTH>IND,0.42935767327442415,0.5706423267255758,GRN>OTH>IND>LNP,2022,no_siphon
South Barwon,Western Victoria,ALP,ALP,LNP,0.5664980796491088,0.43350192035089125,0.06649807964910881,ALP-LNP,IND>ON>GRN>OTH,0.5664980796491088,0.43350192035089125,IND>ON>GRN>OTH,0.6361531237668658,0.36384687623313416,IND>GRN>OTH>LNP,Western Victoria,ALP,ALP,LNP,0.5664980796491199,0.4335019203508801,0.06649807964911991,ALP-LNP,IND>ON>GRN>OTH,0.5664980796491199,0.4335019203508801,IND>ON>GRN>OTH,0.6334781927166019,0.36652180728339817,IND>GRN>OTH>LNP,2022,no_siphon
South-West Coast,Western Victoria,LNP,LNP,IND,0.5627750549257571,0.437224945074243,0.06277505492575708,LNP-IND,ON>GRN>OTH>ALP,0.4033847542615768,0.5966152457384233,ON>GRN>OTH>IND,0.45123000044035444,0.5487699995596456,GRN>OTH>IND>LNP,Western Victoria,LNP,LNP,IND,0.5627750549257571,0.437224945074243,0.06277505492575708,LNP-IND,ON>GRN>OTH>ALP,0.4033847542615768,0.5966152457384233,ON>GRN>OTH>IND,0.44433360065859306,0.5556663993414069,GRN>OTH>IND>LNP,2022,no_siphon
St Albans,Western Metro,ALP,ALP,LNP,0.6283558066707888,0.37164419332921117,0.12835580667078883,ALP-LNP,ON>IND>GRN>OTH,0.6283558066707888,0.37164419332921117,ON>IND>GRN>OTH,0.70797186486258,0.29202813513741993,IND>GRN>OTH>LNP,Western Metro,ALP,ALP,LNP,0.6283558066707888,0.37164419332921117,0.12835580667078883,ALP-LNP,ON>IND>GRN>OTH,0.6283558066707888,0.37164419332921117,ON>IND>GRN>OTH,0.701260723136176,0.29873927686382395,IND>GRN>OTH>LNP,2022,no_siphon
Sunbury,Western Metro,ALP,ALP,LNP,0.5724072436394155,0.4275927563605845,0.07240724363941553,ALP-LNP,ON>IND>GRN>OTH,0.5724072436394155,0.4275927563605845,ON>IND>GRN>OTH,0.6076526372119417,0.3923473627880584,IND>GRN>OTH>LNP,Western Metro,ALP,ALP,LNP,0.5724072436394155,0.4275927563605845,0.07240724363941553,ALP-LNP,ON>IND>GRN>OTH,0.5724072436394155,0.4275927563605845,ON>IND>GRN>OTH,0.6046066385055862,0.39539336149441395,IND>GRN>OTH>LNP,2022,no_siphon
Sydenham,Western Metro,ALP,ALP,LNP,0.6010159148119649,0.3989840851880352,0.10101591481196492,ALP-LNP,ON>IND>GRN>OTH,0.6010159148119649,0.3989840851880352,ON>IND>GRN>OTH,0.6762902295373434,0.3237097704626567,IND>GRN>OTH>LNP,Western Metro,ALP,ALP,LNP,0.6010159148119649,0.3989840851880352,0.10101591481196492,ALP-LNP,ON>IND>GRN>OTH,0.6010159148119649,0.3989840851880352,ON>IND>GRN>OTH,0.6716085837402609,0.3283914162597392,IND>GRN>OTH>LNP,2022,no_siphon
Tarneit,Western Metro,ALP,ALP,LNP,0.6395412479251436,0.3604587520748565,0.13954124792514355,ALP-LNP,ON>IND>GRN>OTH,0.6395412479251436,0.3604587520748565,ON>IND>GRN>OTH,0.7006673550239579,0.299332644976042,IND>GRN>OTH>LNP,Western Metro,ALP,ALP,LNP,0.6395412479251436,0.3604587520748565,0.13954124792514355,ALP-LNP,ON>IND>GRN>OTH,0.6395412479251436,0.3604587520748565,ON>IND>GRN>OTH,0.6953235577056975,0.30467644229430246,IND>GRN>OTH>LNP,2022,no_siphon
Thomastown,Northern Metro,ALP,ALP,LNP,0.6813521660987865,0.31864783390121354,0.18135216609878646,ALP-LNP,ON>IND>GRN>OTH,0.6813521660987865,0.31864783390121354,ON>IND>GRN>OTH,0.7300440583003974,0.2699559416996026,IND>GRN>OTH>LNP,Northern Metro,ALP,ALP,LNP,0.6813521660987865,0.31864783390121354,0.18135216609878646,ALP-LNP,ON>IND>GRN>OTH,0.6813521660987865,0.31864783390121354,ON>IND>GRN>OTH,0.7249088106172746,0.2750911893827255,IND>GRN>OTH>LNP,2022,no_siphon
Warrandyte,North-Eastern Metro,LNP,LNP,ALP,0.5507976445246138,0.4492023554753863,0.05079764452461377,LNP-ALP,ON>IND>OTH>GRN,0.4492023554753863,0.5507976445246138,ON>IND>OTH>GRN,0.6099589384445963,0.39004106155540375,IND>OTH>GRN>LNP,North-Eastern Metro,LNP,LNP,ALP,0.5507976445246138,0.4492023554753863,0.05079764452461377,LNP-ALP,ON>IND>OTH>GRN,0.4492023554753863,0.5507976445246138,ON>IND>OTH>GRN,0.6091347373026402,0.3908652626973598,IND>OTH>GRN>LNP,2022,no_siphon
Wendouree,Western Victoria,ALP,ALP,LNP,0.6034135332894873,0.39658646671051273,0.10341353328948732,ALP-LNP,ON>IND>GRN>OTH,0.6034135332894873,0.39658646671051273,ON>IND>GRN>OTH,0.6687712010141156,0.3312287989858844,IND>GRN>OTH>LNP,Western Victoria,ALP,ALP,LNP,0.6034135332894873,0.39658646671051273,0.10341353328948732,ALP-LNP,ON>IND>GRN>OTH,0.6034135332894873,0.39658646671051273,ON>IND>GRN>OTH,0.6660471873043714,0.3339528126956286,IND>GRN>OTH>LNP,2022,no_siphon
Werribee,Western Metro,ALP,ALP,LNP,0.6054309759349923,0.39456902406500766,0.10543097593499229,ALP-LNP,ON>GRN>IND>OTH,0.6054309759349923,0.39456902406500766,ON>GRN>IND>OTH,0.621476512907544,0.37852348709245603,GRN>IND>OTH>LNP,Western Metro,ALP,ALP,LNP,0.6054309759349923,0.39456902406500766,0.10543097593499229,ALP-LNP,ON>GRN>IND>OTH,0.6054309759349923,0.39456902406500766,ON>GRN>IND>OTH,0.6158956578138357,0.38410434218616435,GRN>IND>OTH>LNP,2022,no_siphon
Williamstown,Western Metro,ALP,ALP,LNP,0.6542384588752814,0.3457615411247186,0.15423845887528143,ALP-LNP,ON>IND>OTH>GRN,0.6542384588752814,0.3457615411247186,ON>IND>OTH>GRN,0.77830996722954,0.22169003277045995,IND>OTH>GRN>LNP,Western Metro,ALP,ALP,LNP,0.6542384588752814,0.3457615411247186,0.15423845887528143,ALP-LNP,ON>IND>OTH>GRN,0.6542384588752814,0.3457615411247186,ON>IND>OTH>GRN,0.7745513084228449,0.22544869157715505,IND>OTH>GRN>LNP,2022,no_siphon
Yan Yean,Northern Victoria,ALP,ALP,LNP,0.5736594622292808,0.4263405377707193,0.07365946222928077,ALP-LNP,IND>ON>GRN>OTH,0.5736594622292808,0.4263405377707193,IND>ON>GRN>OTH,0.6007606395703822,0.3992393604296179,IND>GRN>OTH>LNP,Northern Victoria,ALP,ALP,LNP,0.5736594622387053,0.42634053776129466,0.07365946223870534,ALP-LNP,IND>ON>GRN>OTH,0.5736594622387053,0.42634053776129466,IND>ON>GRN>OTH,0.5978830494192148,0.40211695058078534,IND>GRN>OTH>LNP,2022,no_siphon
Albert Park,Southern Metro,ALP,ALP,LNP,0.601101946305542,0.39889805369445797,0.10110194630554203,ALP-LNP,ON>IND>OTH>GRN,0.601101946305542,0.39889805369445797,ON>IND>OTH>GRN,0.7434767999227059,0.25652320007729407,IND>OTH>GRN>LNP,Southern Metro,ALP,ALP,LNP,0.6298586786064749,0.37014132139352507,0.12985867860647493,ALP-LNP,ON>IND>OTH>GRN,0.6298586786064749,0.37014132139352507,ON>IND>OTH>GRN,0.7698369797512142,0.23016302024878574,IND>OTH>GRN>LNP,2022,no_geography
Ashwood,Southern Metro,ALP,ALP,LNP,0.5416773750785047,0.45832262492149545,0.041677375078504664,ALP-LNP,ON>IND>OTH>GRN,0.5416773750785047,0.45832262492149545,ON>IND>OTH>GRN,0.7107075345677708,0.2892924654322293,IND>OTH>GRN>LNP,Southern Metro,ALP,ALP,LNP,0.5489907253085564,0.45100927469144364,0.048990725308556415,ALP-LNP,ON>IND>OTH>GRN,0.5489907253085564,0.45100927469144364,ON>IND>OTH>GRN,0.708752044104253,0.29124795589574703,IND>OTH>GRN>LNP,2022,no_geography
Bass,Eastern Victoria,ALP,LNP,ALP,0.5085026915767041,0.4914973084232958,0.008502691576704136,LNP-ALP,ON>IND>GRN>OTH,0.4914973084232958,0.5085026915767041,ON>IND>GRN>OTH,0.5283589130755679,0.47164108692443213,IND>GRN>OTH>LNP,Eastern Victoria,ALP,LNP,ALP,0.5178511601642946,0.48214883983570545,0.017851160164294555,LNP-ALP,ON>IND>GRN>OTH,0.48214883983570545,0.5178511601642946,ON>IND>GRN>OTH,0.518320707951188,0.481679292048812,IND>GRN>OTH>LNP,2022,no_geography
Bayswater,North-Eastern Metro,ALP,ALP,LNP,0.5170619064369749,0.48293809356302514,0.017061906436974916,ALP-LNP,ON>IND>GRN>OTH,0.5170619064369749,0.48293809356302514,ON>IND>GRN>OTH,0.6356586141715037,0.3643413858284963,IND>GRN>OTH>LNP,North-Eastern Metro,ALP,ALP,LNP,0.5243042346996111,0.475695765300389,0.02430423469961107,ALP-LNP,ON>IND>GRN>OTH,0.5243042346996111,0.475695765300389,ON>IND>GRN>OTH,0.6354784182260803,0.3645215817739197,IND>GRN>OTH>LNP,2022,no_geography
Bellarine,Western Victoria,ALP,ALP,LNP,0.5803896878227671,0.41961031217723294,0.08038968782276712,ALP-LNP,ON>IND>OTH>GRN,0.5803896878227671,0.41961031217723294,ON>IND>OTH>GRN,0.6312351982394016,0.3687648017605985,IND>OTH>GRN>LNP,Western Victoria,ALP,ALP,LNP,0.5739079583547639,0.4260920416452361,0.07390795835476394,ALP-LNP,ON>IND>OTH>GRN,0.5739079583547639,0.4260920416452361,ON>IND>OTH>GRN,0.6220542391045781,0.37794576089542187,IND>OTH>GRN>LNP,2022,no_geography
Benambra,Northern Victoria,LNP,LNP,IND,0.5218631034589071,0.478136896541093,0.021863103458907074,LNP-IND,ON>GRN>OTH>ALP,0.36088920116578266,0.6391107988342173,ON>GRN>OTH>IND,0.39818369268083903,0.601816307319161,GRN>OTH>IND>LNP,Northern Victoria,LNP,LNP,IND,0.526596932059948,0.4734030679400521,0.026596932059947953,LNP-IND,ON>GRN>OTH>ALP,0.34009642196916756,0.6599035780308324,ON>GRN>OTH>IND,0.3698017188008497,0.6301982811991503,GRN>OTH>IND>LNP,2022,no_geography
Bendigo East,Northern Victoria,ALP,ALP,LNP,0.6051369896813463,0.39486301031865373,0.10513698968134633,ALP-LNP,ON>IND>OTH>GRN,0.6051369896813463,0.39486301031865373,ON>IND>OTH>GRN,0.6782872993344883,0.3217127006655117,IND>OTH>GRN>LNP,Northern Victoria,ALP,ALP,LNP,0.5992950749444832,0.40070492505551686,0.0992950749444832,ALP-LNP,ON>IND>OTH>GRN,0.5992950749444832,0.40070492505551686,ON>IND>OTH>GRN,0.6704287472697776,0.32957125273022236,IND>OTH>GRN>LNP,2022,no_geography
Bendigo West,Northern Victoria,ALP,ALP,LNP,0.6442527855951081,0.35574721440489193,0.14425278559510812,ALP-LNP,ON>IND>GRN>OTH,0.6442527855951081,0.35574721440489193,ON>IND>GRN>OTH,0.6858268798414464,0.31417312015855364,IND>GRN>OTH>LNP,Northern Victoria,ALP,ALP,LNP,0.637300201850661,0.36269979814933895,0.13730020185066105,ALP-LNP,ON>IND>GRN>OTH,0.637300201850661,0.36269979814933895,ON>IND>GRN>OTH,0.6725502258912335,0.3274497741087666,IND>GRN>OTH>LNP,2022,no_geography
Bentleigh,Southern Metro,ALP,ALP,LNP,0.5743773850178492,0.42562261498215087,0.07437738501784918,ALP-LNP,ON>IND>OTH>GRN,0.5743773850178492,0.42562261498215087,ON>IND>OTH>GRN,0.7217879625045227,0.27821203749547735,IND>OTH>GRN>LNP,Southern Metro,ALP,ALP,LNP,0.5816167081041431,0.418383291895857,0.08161670810414312,ALP-LNP,ON>IND>OTH>GRN,0.5816167081041431,0.418383291895857,ON>IND>OTH>GRN,0.7204917020363042,0.27950829796369586,IND>OTH>GRN>LNP,2022,no_geography
Berwick,South-Eastern Metro,LNP,LNP,ALP,0.5382624217306985,0.46173757826930156,0.03826242173069849,LNP-ALP,IND>ON>OTH>GRN,0.46173757826930156,0.5382624217306985,IND>ON>OTH>GRN,0.5459859771720844,0.45401402282791553,IND>OTH>GRN>LNP,South-Eastern Metro,LNP,LNP,ALP,0.5432866182461231,0.4567133817538769,0.04328661824612312,LNP-ALP,IND>ON>OTH>GRN,0.4567133817538769,0.5432866182461231,IND>ON>OTH>GRN,0.5400455339918606,0.4599544660081394,IND>OTH>GRN>LNP,2022,no_geography
Box Hill,North-Eastern Metro,ALP,ALP,LNP,0.5514052570082827,0.44859474299171725,0.05140525700828269,ALP-LNP,ON>IND>OTH>GRN,0.5514052570082827,0.44859474299171725,ON>IND>OTH>GRN,0.7086933337566654,0.2913066662433345,IND>OTH>GRN>LNP,North-Eastern Metro,ALP,ALP,LNP,0.5595205584867091,0.44047944151329094,0.05952055848670912,ALP-LNP,ON>IND>OTH>GRN,0.5595205584867091,0.44047944151329094,ON>IND>OTH>GRN,0.7068467448167418,0.29315325518325824,IND>OTH>GRN>LNP,2022,no_geography
Brighton,Southern Metro,LNP,LNP,ALP,0.5655105927354536,0.43448940726454643,0.06551059273545357,LNP-ALP,ON>OTH>IND>GRN,0.43448940726454643,0.5655105927354536,ON>OTH>IND>GRN,0.6546115418825436,0.3453884581174565,OTH>IND>GRN>LNP,Southern Metro,LNP,LNP,ALP,0.5353336398007497,0.46466636019925034,0.03533363980074966,LNP-ALP,ON>OTH>IND>GRN,0.46466636019925034,0.5353336398007497,ON>OTH>IND>GRN,0.6866242778347494,0.3133757221652506,OTH>IND>GRN>LNP,2022,no_geography
Broadmeadows,Northern Metro,ALP,ALP,LNP,0.6576438432770325,0.3423561567229676,0.1576438432770325,ALP-LNP,ON>IND>GRN>OTH,0.6576438432770325,0.3423561567229676,ON>IND>GRN>OTH,0.6940780291777716,0.30592197082222844,IND>GRN>OTH>LNP,Northern Metro,ALP,ALP,LNP,0.6690291004858195,0.33097089951418046,0.16902910048581954,ALP-LNP,ON>IND>GRN>OTH,0.6690291004858195,0.33097089951418046,ON>IND>GRN>OTH,0.6942377120998277,0.30576228790017246,IND>GRN>OTH>LNP,2022,no_geography
Brunswick,Northern Metro,GRN,GRN,ALP,0.5984571900745287,0.40154280992547126,0.09845719007452869,GRN-ALP,ON>IND>LNP>OTH,0.7715336178039347,0.22846638219606535,ON>IND>OTH>GRN,0.8464782564704748,0.15352174352952525,IND>LNP>OTH>GRN,Northern Metro,GRN,GRN,ALP,0.5967317126448386,0.40326828735516146,0.0967317126448386,GRN-ALP,ON>IND>LNP>OTH,0.8228976101809578,0.17710238981904228,ON>IND>OTH>GRN,0.8819666583817142,0.11803334161828588,IND>LNP>OTH>GRN,2022,no_geography
Bulleen,North-Eastern Metro,LNP,LNP,ALP,0.5638234585572934,0.4361765414427066,0.06382345855729343,LNP-ALP,ON>IND>OTH>GRN,0.4361765414427066,0.5638234585572934,ON>IND>OTH>GRN,0.6488819731355704,0.35111802686442967,IND>OTH>GRN>LNP,North-Eastern Metro,LNP,LNP,ALP,0.5571426502491057,0.4428573497508944,0.0571426502491057,LNP-ALP,ON>IND>OTH>GRN,0.4428573497508944,0.5571426502491057,ON>IND>OTH>GRN,0.6477046869590136,0.3522953130409865,IND>OTH>GRN>LNP,2022,no_geography
Bundoora,North-Eastern Metro,ALP,ALP,LNP,0.6245313466807572,0.37546865331924284,0.12453134668075716,ALP-LNP,ON>IND>OTH>GRN,0.6245313466807572,0.37546865331924284,ON>IND>OTH>GRN,0.7399167093576784,0.26008329064232166,IND>OTH>GRN>LNP,North-Eastern Metro,ALP,ALP,LNP,0.6331100134018667,0.3668899865981333,0.13311001340186668,ALP-LNP,ON>IND>OTH>GRN,0.6331100134018667,0.3668899865981333,ON>IND>OTH>GRN,0.738645086173715,0.26135491382628495,IND>OTH>GRN>LNP,2022,no_geography
Carrum,South-Eastern Metro,ALP,ALP,LNP,0.6046725103093867,0.3953274896906132,0.10467251030938673,ALP-LNP,ON>IND>GRN>OTH,0.6046725103093867,0.3953274896906132,ON>IND>GRN>OTH,0.6455964299653055,0.35440357003469447,IND>GRN>OTH>LNP,South-Eastern Metro,ALP,ALP,LNP,0.5996348874504338,0.4003651125495662,0.0996348874504338,ALP-LNP,ON>IND>GRN>OTH,0.5996348874504338,0.4003651125495662,ON>IND>GRN>OTH,0.6368767697334021,0.3631232302665978,IND>GRN>OTH>LNP,2022,no_geography
Caulfield,Southern Metro,LNP,LNP,ALP,0.5371712319769342,0.4628287680230659,0.03717123197693417,LNP-ALP,ON>IND>OTH>GRN,0.4628287680230659,0.5371712319769342,ON>IND>OTH>GRN,0.6856476755216109,0.31435232447838907,IND>OTH>GRN>LNP,Southern Metro,LNP,LNP,ALP,0.5133748618611971,0.486625138138803,0.013374861861197074,LNP-ALP,ON>IND>OTH>GRN,0.486625138138803,0.5133748618611971,ON>IND>OTH>GRN,0.708530174358691,0.291469825641309,IND>OTH>GRN>LNP,2022,no_geography
Clarinda,South-Eastern Metro,ALP,ALP,LNP,0.5979254508419173,0.4020745491580828,0.09792545084191728,ALP-LNP,ON>GRN>OTH>IND,0.5979254508419173,0.4020745491580828,ON>GRN>OTH>IND,0.7233977601956457,0.2766022398043543,GRN>OTH>IND>LNP,South-Eastern Metro,ALP,ALP,LNP,0.6071414346021642,0.39285856539783576,0.10714143460216419,ALP-LNP,ON>GRN>OTH>IND,0.6071414346021642,0.39285856539783576,ON>GRN>OTH>IND,0.7220102721046407,0.2779897278953592,GRN>OTH>IND>LNP,2022,no_geography
Cranbourne,South-Eastern Metro,ALP,ALP,LNP,0.5913062690665324,0.4086937309334677,0.09130626906653239,ALP-LNP,ON>IND>GRN>OTH,0.5913062690665324,0.4086937309334677,ON>IND>GRN>OTH,0.6616738542964988,0.3383261457035013,IND>GRN>OTH>LNP,South-Eastern Metro,ALP,ALP,LNP,0.5997235428577595,0.4002764571422406,0.09972354285775953,ALP-LNP,ON>IND>GRN>OTH,0.5997235428577595,0.4002764571422406,ON>IND>GRN>OTH,0.6620741208821077,0.33792587911789235,IND>GRN>OTH>LNP,2022,no_geography
Croydon,North-Eastern Metro,LNP,LNP,ALP,0.5202144240912928,0.47978557590870724,0.020214424091292815,LNP-ALP,IND>ON>GRN>OTH,0.47978557590870724,0.5202144240912928,IND>ON>GRN>OTH,0.6201401657111353,0.3798598342888648,IND>GRN>OTH>LNP,North-Eastern Metro,LNP,LNP,ALP,0.5131812961639656,0.4868187038360345,0.013181296163965572,LNP-ALP,IND>ON>GRN>OTH,0.4868187038360345,0.5131812961639656,IND>ON>GRN>OTH,0.6193929115798169,0.38060708842018304,IND>GRN>OTH>LNP,2022,no_geography
Dandenong,South-Eastern Metro,ALP,ALP,LNP,0.6918600386694339,0.30813996133056615,0.1918600386694339,ALP-LNP,ON>IND>GRN>OTH,0.6918600386694339,0.30813996133056615,ON>IND>GRN>OTH,0.7470370010142974,0.2529629989857026,IND>GRN>OTH>LNP,South-Eastern Metro,ALP,ALP,LNP,0.6993042040845434,0.30069579591545664,0.1993042040845434,ALP-LNP,ON>IND>GRN>OTH,0.6993042040845434,0.30069579591545664,ON>IND>GRN>OTH,0.7465572091480644,0.25344279085193555,IND>GRN>OTH>LNP,2022,no_geography
Eildon,Northern Victoria,LNP,LNP,ALP,0.5634360608544752,0.4365639391455249,0.06343606085447517,LNP-ALP,ON>IND>OTH>GRN,0.4365639391455249,0.5634360608544752,ON>IND>OTH>GRN,0.49779141065673554,0.5022085893432645,IND>OTH>GRN>LNP,Northern Victoria,LNP,LNP,ALP,0.5717284375130174,0.42827156248698267,0.07172843751301738,LNP-ALP,ON>IND>OTH>GRN,0.42827156248698267,0.5717284375130174,ON>IND>OTH>GRN,0.4925299223886025,0.5074700776113975,IND>OTH>GRN>LNP,2022,no_geography
Eltham,North-Eastern Metro,ALP,ALP,LNP,0.5820718392956056,0.4179281607043944,0.08207183929560558,ALP-LNP,IND>ON>OTH>GRN,0.5820718392956056,0.4179281607043944,IND>ON>OTH>GRN,0.6997687759457119,0.3002312240542882,IND>OTH>GRN>LNP,North-Eastern Metro,ALP,ALP,LNP,0.5889387962484504,0.41106120375154964,0.08893879624845036,ALP-LNP,IND>ON>OTH>GRN,0.5889387962484504,0.41106120375154964,IND>ON>OTH>GRN,0.6985859616435044,0.30141403835649555,IND>OTH>GRN>LNP,2022,no_geography
Essendon,Northern Metro,ALP,ALP,LNP,0.597169633065162,0.402830366934838,0.09716963306516202,ALP-LNP,ON>IND>OTH>GRN,0.597169633065162,0.402830366934838,ON>IND>OTH>GRN,0.7097546492096585,0.2902453507903416,IND>OTH>GRN>LNP,Northern Metro,ALP,ALP,LNP,0.6083770201287849,0.39162297987121514,0.10837702012878492,ALP-LNP,ON>IND>OTH>GRN,0.6083770201287849,0.39162297987121514,ON>IND>OTH>GRN,0.707892515470869,0.2921074845291311,IND>OTH>GRN>LNP,2022,no_geography
Eureka,Western Victoria,ALP,ALP,LNP,0.5723256937329743,0.42767430626702574,0.07232569373297426,ALP-LNP,ON>IND>GRN>OTH,0.5723256937329743,0.42767430626702574,ON>IND>GRN>OTH,0.5890346014345875,0.4109653985654125,IND>GRN>OTH>LNP,Western Victoria,ALP,ALP,LNP,0.5633625432815835,0.4366374567184165,0.06336254328158353,ALP-LNP,ON>IND>GRN>OTH,0.5633625432815835,0.4366374567184165,ON>IND>GRN>OTH,0.579171977186337,0.42082802281366305,IND>GRN>OTH>LNP,2022,no_geography
Euroa,Northern Victoria,LNP,LNP,ALP,0.6022214716062434,0.39777852839375666,0.1022214716062434,LNP-ALP,IND>ON>GRN>OTH,0.39777852839375666,0.6022214716062434,IND>ON>GRN>OTH,0.4694942127266381,0.530505787273362,IND>GRN>OTH>LNP,Northern Victoria,LNP,LNP,ALP,0.6072293964748147,0.3927706035251854,0.10722939647481466,LNP-ALP,IND>ON>GRN>OTH,0.3927706035251854,0.6072293964748147,IND>ON>GRN>OTH,0.46460280256113823,0.5353971974388618,IND>GRN>OTH>LNP,2022,no_geography
Evelyn,Eastern Victoria,LNP,LNP,ALP,0.5513565673066606,0.4486434326933394,0.051356567306660605,LNP-ALP,ON>IND>OTH>GRN,0.4486434326933394,0.5513565673066606,ON>IND>OTH>GRN,0.5341746557071456,0.4658253442928544,IND>OTH>GRN>LNP,Eastern Victoria,LNP,LNP,ALP,0.5569337009757843,0.4430662990242157,0.05693370097578432,LNP-ALP,ON>IND>OTH>GRN,0.4430662990242157,0.5569337009757843,ON>IND>OTH>GRN,0.5269445363677513,0.47305546363224865,IND>OTH>GRN>LNP,2022,no_geography
Footscray,Western Metro,ALP,ALP,GRN,0.5731318312504277,0.4268681687495724,0.07313183125042766,ALP-GRN,ON>IND>OTH>LNP,0.717839988993894,0.28216001100610605,ON>IND>OTH>GRN,0.8630222976257518,0.13697770237424825,IND>OTH>LNP>GRN,Western Metro,ALP,ALP,GRN,0.5757898611579069,0.4242101388420932,0.07578986115790687,ALP-GRN,ON>IND>OTH>LNP,0.7518970078033212,0.2481029921966787,ON>IND>OTH>GRN,0.8976526528213011,0.10234734717869887,IND>OTH>LNP>GRN,2022,no_geography
Frankston,South-Eastern Metro,ALP,ALP,LNP,0.589108084575779,0.41089191542422093,0.08910808457577901,ALP-LNP,ON>IND>GRN>OTH,0.589108084575779,0.41089191542422093,ON>IND>GRN>OTH,0.6718821082737858,0.3281178917262142,IND>GRN>OTH>LNP,South-Eastern Metro,ALP,ALP,LNP,0.5987585071094935,0.4012414928905064,0.09875850710949352,ALP-LNP,ON>IND>GRN>OTH,0.5987585071094935,0.4012414928905064,ON>IND>GRN>OTH,0.6711410460850834,0.32885895391491654,IND>GRN>OTH>LNP,2022,no_geography
Geelong,Western Victoria,ALP,ALP,LNP,0.6290465177939316,0.37095348220606844,0.12904651779393161,ALP-LNP,ON>IND>OTH>GRN,0.6290465177939316,0.37095348220606844,ON>IND>OTH>GRN,0.67054592703429,0.32945407296571,IND>OTH>GRN>LNP,Western Victoria,ALP,ALP,LNP,0.6199074887811354,0.3800925112188646,0.11990748878113544,ALP-LNP,ON>IND>OTH>GRN,0.6199074887811354,0.3800925112188646,ON>IND>OTH>GRN,0.6566706854697804,0.3433293145302196,IND>OTH>GRN>LNP,2022,no_geography
Gippsland East,Eastern Victoria,LNP,LNP,ALP,0.7092650677562528,0.2907349322437472,0.20926506775625275,LNP-ALP,ON>IND>GRN>OTH,0.2907349322437472,0.7092650677562528,ON>IND>GRN>OTH,0.37147023055362893,0.6285297694463711,IND>GRN>OTH>LNP,Eastern Victoria,LNP,LNP,ALP,0.71669411066297,0.28330588933703005,0.21669411066296995,LNP-ALP,ON>IND>GRN>OTH,0.28330588933703005,0.71669411066297,ON>IND>GRN>OTH,0.36354888921775047,0.6364511107822495,IND>GRN>OTH>LNP,2022,no_geography
Gippsland South,Eastern Victoria,LNP,LNP,ALP,0.6460217586486531,0.3539782413513469,0.14602175864865308,LNP-ALP,ON>IND>OTH>GRN,0.3539782413513469,0.6460217586486531,ON>IND>OTH>GRN,0.43859336572539054,0.5614066342746095,IND>OTH>GRN>LNP,Eastern Victoria,LNP,LNP,ALP,0.6477538570393722,0.3522461429606278,0.14775385703937216,LNP-ALP,ON>IND>GRN>OTH,0.3522461429606278,0.6477538570393722,ON>IND>GRN>OTH,0.43201806789786634,0.5679819321021337,IND>OTH>GRN>LNP,2022,no_geography
Glen Waverley,North-Eastern Metro,ALP,ALP,LNP,0.5172401807526319,0.48275981924736805,0.017240180752631895,ALP-LNP,IND>ON>OTH>GRN,0.5172401807526319,0.48275981924736805,IND>ON>OTH>GRN,0.6909441224716714,0.30905587752832864,IND>OTH>GRN>LNP,North-Eastern Metro,ALP,ALP,LNP,0.5237673109885643,0.4762326890114356,0.023767310988564327,ALP-LNP,IND>ON>OTH>GRN,0.5237673109885643,0.4762326890114356,IND>ON>OTH>GRN,0.6898950677318648,0.3101049322681351,IND>OTH>GRN>LNP,2022,no_geography
Greenvale,Northern Metro,ALP,ALP,LNP,0.6162912205721953,0.38370877942780474,0.11629122057219532,ALP-LNP,ON>IND>GRN>OTH,0.6162912205721953,0.38370877942780474,ON>IND>GRN>OTH,0.6753420941079541,0.32465790589204596,IND>GRN>OTH>LNP,Northern Metro,ALP,ALP,LNP,0.6268582802367328,0.3731417197632671,0.12685828023673285,ALP-LNP,ON>IND>GRN>OTH,0.6268582802367328,0.3731417197632671,ON>IND>GRN>OTH,0.6753642957743271,0.32463570422567295,IND>GRN>OTH>LNP,2022,no_geography
Hastings,Eastern Victoria,ALP,ALP,LNP,0.5108862156655066,0.48911378433449343,0.010886215665506627,ALP-LNP,ON>IND>GRN>OTH,0.5108862156655066,0.48911378433449343,ON>IND>GRN>OTH,0.5585792866188093,0.44142071338119065,IND>GRN>OTH>LNP,Eastern Victoria,ALP,ALP,LNP,0.5048849537209477,0.4951150462790524,0.00488495372094766,ALP-LNP,ON>IND>GRN>OTH,0.5048849537209477,0.4951150462790524,ON>IND>GRN>OTH,0.5522748389250808,0.4477251610749192,IND>GRN>OTH>LNP,2022,no_geography
Hawthorn,Southern Metro,LNP,LNP,ALP,0.5315289284448294,0.46847107155517065,0.03152892844482935,LNP-ALP,ON>OTH>GRN>IND,0.46847107155517065,0.5315289284448294,ON>OTH>GRN>IND,0.680762917832829,0.319237082167171,OTH>GRN>IND>LNP,Southern Metro,LNP,ALP,LNP,0.5012867359076838,0.4987132640923162,0.0012867359076838003,ALP-LNP,ON>OTH>GRN>IND,0.5012867359076838,0.4987132640923162,ON>OTH>GRN>IND,0.7227163433350057,0.27728365666499427,OTH>GRN>IND>LNP,2022,no_geography
Ivanhoe,North-Eastern Metro,ALP,ALP,LNP,0.6134252084273453,0.38657479157265473,0.11342520842734527,ALP-LNP,ON>IND>OTH>GRN,0.6134252084273453,0.38657479157265473,ON>IND>OTH>GRN,0.7416516918334118,0.2583483081665881,IND>OTH>GRN>LNP,North-Eastern Metro,ALP,ALP,LNP,0.6225646771058513,0.3774353228941487,0.12256467710585128,ALP-LNP,ON>IND>OTH>GRN,0.6225646771058513,0.3774353228941487,ON>IND>OTH>GRN,0.7391123158086611,0.26088768419133884,IND>OTH>GRN>LNP,2022,no_geography
Kalkallo,Northern Metro,ALP,ALP,LNP,0.6649936413235541,0.33500635867644585,0.1649936413235541,ALP-LNP,ON>IND>GRN>OTH,0.6649936413235541,0.33500635867644585,ON>IND>GRN>OTH,0.6778666509231055,0.32213334907689445,IND>GRN>OTH>LNP,Northern Metro,ALP,ALP,LNP,0.6592732548613143,0.3407267451386858,0.15927325486131427,ALP-LNP,ON>IND>GRN>OTH,0.6592732548613143,0.3407267451386858,ON>IND>GRN>OTH,0.6682014717077963,0.3317985282922037,IND>GRN>OTH>LNP,2022,no_geography
Kew,Southern Metro,LNP,LNP,ALP,0.5649817083588908,0.4350182916411091,0.06498170835889083,LNP-ALP,ON>OTH>GRN>IND,0.4350182916411091,0.5649817083588908,ON>OTH>GRN>IND,0.6681864811687672,0.3318135188312327,OTH>GRN>IND>LNP,Southern Metro,LNP,LNP,ALP,0.5361526032790547,0.46384739672094527,0.036152603279054674,LNP-ALP,ON>OTH>GRN>IND,0.46384739672094527,0.5361526032790547,ON>OTH>GRN>IND,0.706756752929058,0.2932432470709419,OTH>GRN>IND>LNP,2022,no_geography
Kororoit,Western Metro,ALP,ALP,LNP,0.6406393628416325,0.3593606371583675,0.14063936284163248,ALP-LNP,ON>IND>GRN>OTH,0.6406393628416325,0.3593606371583675,ON>IND>GRN>OTH,0.6974285252577823,0.3025714747422177,IND>GRN>OTH>LNP,Western Metro,ALP,ALP,LNP,0.6505350632422116,0.34946493675778845,0.15053506324221155,ALP-LNP,ON>IND>GRN>OTH,0.6505350632422116,0.34946493675778845,ON>IND>GRN>OTH,0.6970886150931365,0.3029113849068636,IND>GRN>OTH>LNP,2022,no_geography
Lara,Western Victoria,ALP,ALP,LNP,0.6729230920486539,0.3270769079513461,0.17292309204865386,ALP-LNP,ON>IND>GRN>OTH,0.6729230920486539,0.3270769079513461,ON>IND>GRN>OTH,0.6808486378941573,0.31915136210584266,IND>GRN>OTH>LNP,Western Victoria,ALP,ALP,LNP,0.6661811633695648,0.3338188366304352,0.1661811633695648,ALP-LNP,ON>IND>GRN>OTH,0.6661811633695648,0.3338188366304352,ON>IND>GRN>OTH,0.6687362884881466,0.33126371151185335,IND>GRN>OTH>LNP,2022,no_geography
Laverton,Western Metro,ALP,ALP,LNP,0.6582851230685395,0.3417148769314606,0.15828512306853948,ALP-LNP,ON>IND>GRN>OTH,0.6582851230685395,0.3417148769314606,ON>IND>GRN>OTH,0.7239985106880241,0.27600148931197593,IND>GRN>OTH>LNP,Western Metro,ALP,ALP,LNP,0.6684634165159821,0.33153658348401793,0.16846341651598207,ALP-LNP,ON>IND>GRN>OTH,0.6684634165159821,0.33153658348401793,ON>IND>GRN>OTH,0.7228029056986727,0.27719709430132733,IND>GRN>OTH>LNP,2022,no_geography
Lowan,Western Victoria,LNP,LNP,ALP,0.6973938954385586,0.30260610456144144,0.19739389543855856,LNP-ALP,ON>IND>GRN>OTH,0.30260610456144144,0.6973938954385586,ON>IND>GRN>OTH,0.39286236730488916,0.6071376326951109,IND>GRN>OTH>LNP,Western Victoria,LNP,LNP,ALP,0.7048672277256453,0.29513277227435475,0.20486722772564525,LNP-ALP,ON>IND>GRN>OTH,0.29513277227435475,0.7048672277256453,ON>IND>GRN>OTH,0.38449590052429766,0.6155040994757024,IND>GRN>OTH>LNP,2022,no_geography
Macedon,Northern Victoria,ALP,ALP,LNP,0.5840883450503839,0.41591165494961624,0.08408834505038387,ALP-LNP,ON>IND>OTH>GRN,0.5840883450503839,0.41591165494961624,ON>IND>OTH>GRN,0.6099866181821317,0.39001338181786827,IND>OTH>GRN>LNP,Northern Victoria,ALP,ALP,LNP,0.5742062538580066,0.4257937461419935,0.07420625385800661,ALP-LNP,ON>IND>OTH>GRN,0.5742062538580066,0.4257937461419935,ON>IND>OTH>GRN,0.6026832756316239,0.397316724368376,IND>OTH>GRN>LNP,2022,no_geography
Malvern,Southern Metro,LNP,LNP,ALP,0.589121811678316,0.41087818832168405,0.08912181167831601,LNP-ALP,ON>IND>OTH>GRN,0.41087818832168405,0.589121811678316,ON>IND>OTH>GRN,0.6672983505640132,0.33270164943598685,IND>OTH>GRN>LNP,Southern Metro,LNP,LNP,ALP,0.5689208425594944,0.4310791574405057,0.06892084255949438,LNP-ALP,ON>IND>OTH>GRN,0.4310791574405057,0.5689208425594944,ON>IND>OTH>GRN,0.6841727541053264,0.31582724589467365,IND>OTH>GRN>LNP,2022,no_geography
Melbourne,Northern Metro,GRN,GRN,ALP,0.5792121392385653,0.42078786076143465,0.0792121392385653,GRN-ALP,ON>IND>OTH>LNP,0.7142886433122684,0.2857113566877316,ON>IND>OTH>GRN,0.8572803981347095,0.1427196018652905,IND>OTH>LNP>GRN,Northern Metro,GRN,GRN,ALP,0.5759861643259107,0.4240138356740894,0.07598616432591065,GRN-ALP,ON>IND>OTH>LNP,0.7583876446919544,0.2416123553080456,ON>IND>OTH>GRN,0.8907012731313586,0.10929872686864142,IND>OTH>LNP>GRN,2022,no_geography
Melton,Western Victoria,ALP,ALP,LNP,0.537765398477097,0.4622346015229029,0.037765398477097034,ALP-LNP,ON>GRN>OTH>IND,0.537765398477097,0.4622346015229029,ON>GRN>OTH>IND,0.6234313917058306,0.3765686082941694,GRN>OTH>LNP>IND,Western Victoria,ALP,ALP,LNP,0.5264474142648269,0.47355258573517317,0.026447414264826885,ALP-LNP,ON>GRN>OTH>IND,0.5264474142648269,0.47355258573517317,ON>GRN>OTH>IND,0.6084735918899294,0.3915264081100706,GRN>OTH>LNP>IND,2022,no_geography
Mildura,Northern Victoria,LNP,IND,LNP,0.5259497166898739,0.47405028331012605,0.025949716689873892,IND-LNP,ON>GRN>OTH>ALP,0.36996877082262636,0.6300312291773736,ON>GRN>OTH>IND,0.5140526850754353,0.4859473149245646,GRN>OTH>LNP>IND,Northern Victoria,LNP,IND,LNP,0.5226305737760435,0.4773694262239565,0.022630573776043494,IND-LNP,ON>GRN>OTH>ALP,0.3474123139774484,0.6525876860225517,ON>GRN>OTH>IND,0.4894761262796124,0.5105238737203875,GRN>OTH>LNP>IND,2022,no_geography
Mill Park,North-Eastern Metro,ALP,ALP,LNP,0.6450625418753833,0.35493745812461674,0.14506254187538326,ALP-LNP,IND>ON>GRN>OTH,0.6450625418753833,0.35493745812461674,IND>ON>GRN>OTH,0.6998991892523931,0.30010081074760697,IND>GRN>OTH>LNP,North-Eastern Metro,ALP,ALP,LNP,0.6528457942568574,0.3471542057431426,0.1528457942568574,ALP-LNP,IND>ON>GRN>OTH,0.6528457942568574,0.3471542057431426,IND>ON>GRN>OTH,0.7000755817373925,0.29992441826260763,IND>GRN>OTH>LNP,2022,no_geography
Monbulk,Eastern Victoria,ALP,ALP,LNP,0.5657622547882802,0.4342377452117197,0.06576225478828024,ALP-LNP,ON>IND>OTH>GRN,0.5657622547882802,0.4342377452117197,ON>IND>OTH>GRN,0.6033094147734955,0.39669058522650447,IND>OTH>GRN>LNP,Eastern Victoria,ALP,ALP,LNP,0.5563729182092338,0.4436270817907662,0.05637291820923385,ALP-LNP,ON>IND>OTH>GRN,0.5563729182092338,0.4436270817907662,ON>IND>OTH>GRN,0.5894697342725213,0.41053026572747875,IND>OTH>GRN>LNP,2022,no_geography
Mordialloc,South-Eastern Metro,ALP,ALP,LNP,0.5825441551907018,0.41745584480929826,0.0825441551907018,ALP-LNP,ON>IND>OTH>GRN,0.5825441551907018,0.41745584480929826,ON>IND>OTH>GRN,0.7146605574953391,0.285339442504661,IND>OTH>GRN>LNP,South-Eastern Metro,ALP,ALP,LNP,0.5917363872688648,0.40826361273113526,0.0917363872688648,ALP-LNP,ON>IND>OTH>GRN,0.5917363872688648,0.40826361273113526,ON>IND>OTH>GRN,0.7134073498891854,0.2865926501108147,IND>OTH>GRN>LNP,2022,no_geography
Mornington,Eastern Victoria,LNP,LNP,ALP,0.5930748907739628,0.40692510922603725,0.0930748907739628,LNP-ALP,ON>OTH>GRN>IND,0.40692510922603725,0.5930748907739628,ON>OTH>GRN>IND,0.4806762196914479,0.5193237803085521,OTH>GRN>IND>LNP,Eastern Victoria,LNP,LNP,ALP,0.6014522114508677,0.39854778854913236,0.10145221145086769,LNP-ALP,ON>OTH>GRN>IND,0.39854778854913236,0.6014522114508677,ON>OTH>GRN>IND,0.46651857486319526,0.5334814251368046,OTH>GRN>IND>LNP,2022,no_geography
Morwell,Eastern Victoria,LNP,LNP,ALP,0.5004921032104644,0.4995078967895355,0.0004921032104644452,LNP-ALP,ON>GRN>IND>OTH,0.4995078967895355,0.5004921032104644,ON>GRN>IND>OTH,0.5449684387776842,0.45503156122231575,GRN>IND>OTH>LNP,Eastern Victoria,LNP,LNP,ALP,0.509449287120632,0.4905507128793681,0.009449287120631977,LNP-ALP,ON>GRN>IND>OTH,0.4905507128793681,0.509449287120632,ON>GRN>IND>OTH,0.5315946159695794,0.4684053840304206,GRN>IND>OTH>LNP,2022,no_geography
Mulgrave,South-Eastern Metro,ALP,ALP,LNP,0.6695186388429187,0.3304813611570814,0.16951863884291873,ALP-LNP,ON>GRN>OTH>IND,0.6695186388429187,0.3304813611570814,ON>GRN>OTH>IND,0.749684360643337,0.2503156393566631,GRN>OTH>IND>LNP,South-Eastern Metro,ALP,ALP,LNP,0.6793883547946803,0.3206116452053197,0.1793883547946803,ALP-LNP,ON>GRN>OTH>IND,0.6793883547946803,0.3206116452053197,ON>GRN>OTH>IND,0.748590478168037,0.25140952183196297,GRN>OTH>IND>LNP,2022,no_geography
Murray Plains,Northern Victoria,LNP,LNP,ALP,0.7184849055440855,0.2815150944559146,0.2184849055440855,LNP-ALP,ON>IND>GRN>OTH,0.2815150944559146,0.7184849055440855,ON>IND>GRN>OTH,0.3587258569599248,0.6412741430400752,IND>GRN>OTH>LNP,Northern Victoria,LNP,LNP,ALP,0.726763609695189,0.273236390304811,0.22676360969518905,LNP-ALP,ON>IND>GRN>OTH,0.273236390304811,0.726763609695189,ON>IND>GRN>OTH,0.3498882120812215,0.6501117879187785,IND>GRN>OTH>LNP,2022,no_geography
Narracan,Eastern Victoria,LNP,LNP,ALP,0.5566224171250361,0.443377582874964,0.05662241712503613,LNP-ALP,ON>OTH>IND>GRN,0.443377582874964,0.5566224171250361,ON>OTH>IND>GRN,0.5362674736904556,0.46373252630954453,OTH>IND>GRN>LNP,Eastern Victoria,LNP,LNP,ALP,0.5616750646823111,0.43832493531768885,0.0616750646823111,LNP-ALP,ON>OTH>IND>GRN,0.43832493531768885,0.5616750646823111,ON>OTH>IND>GRN,0.5301441884923728,0.4698558115076273,OTH>IND>GRN>LNP,2022,no_geography
Narre Warren North,South-Eastern Metro,ALP,ALP,LNP,0.6068168924234822,0.39318310757651787,0.10681689242348225,ALP-LNP,ON>IND>GRN>OTH,0.6068168924234822,0.39318310757651787,ON>IND>GRN>OTH,0.6795781068800086,0.3204218931199915,IND>GRN>OTH>LNP,South-Eastern Metro,ALP,ALP,LNP,0.6148192983861064,0.38518070161389356,0.11481929838610638,ALP-LNP,ON>IND>GRN>OTH,0.6148192983861064,0.38518070161389356,ON>IND>GRN>OTH,0.6797428850820793,0.32025711491792086,IND>GRN>OTH>LNP,2022,no_geography
Narre Warren South,South-Eastern Metro,ALP,ALP,LNP,0.6047848440136846,0.39521515598631546,0.1047848440136846,ALP-LNP,ON>IND>GRN>OTH,0.6047848440136846,0.39521515598631546,ON>IND>GRN>OTH,0.6802710777130392,0.3197289222869609,IND>GRN>OTH>LNP,South-Eastern Metro,ALP,ALP,LNP,0.6123127462983913,0.38768725370160884,0.11231274629839127,ALP-LNP,ON>IND>GRN>OTH,0.6123127462983913,0.38768725370160884,ON>IND>GRN>OTH,0.6803773229389329,0.3196226770610671,IND>GRN>OTH>LNP,2022,no_geography
Nepean,Eastern Victoria,LNP,LNP,ALP,0.5616061435201206,0.43839385647987933,0.061606143520120615,LNP-ALP,ON>IND>OTH>GRN,0.43839385647987933,0.5616061435201206,ON>IND>OTH>GRN,0.5253258352346106,0.4746741647653893,IND>OTH>GRN>LNP,Eastern Victoria,LNP,LNP,ALP,0.5674579373660746,0.4325420626339253,0.06745793736607464,LNP-ALP,ON>IND>OTH>GRN,0.4325420626339253,0.5674579373660746,ON>IND>OTH>GRN,0.51730777136394,0.48269222863606,IND>OTH>GRN>LNP,2022,no_geography
Niddrie,Western Metro,ALP,ALP,LNP,0.5726820400050201,0.4273179599949799,0.0726820400050201,ALP-LNP,IND>ON>GRN>OTH,0.5726820400050201,0.4273179599949799,IND>ON>GRN>OTH,0.7052839330496374,0.2947160669503627,IND>GRN>OTH>LNP,Western Metro,ALP,ALP,LNP,0.5792293272210983,0.4207706727789017,0.07922932722109832,ALP-LNP,IND>ON>GRN>OTH,0.5792293272210983,0.4207706727789017,IND>ON>GRN>OTH,0.7044537846282792,0.2955462153717208,IND>GRN>OTH>LNP,2022,no_geography
Northcote,Northern Metro,ALP,ALP,GRN,0.5107042879396072,0.48929571206039285,0.010704287939607204,ALP-GRN,ON>IND>LNP>OTH,0.7654729909999123,0.23452700900008783,ON>IND>OTH>GRN,0.8468439532019008,0.15315604679809933,IND>LNP>OTH>GRN,Northern Metro,ALP,ALP,GRN,0.5116428506302505,0.48835714936974944,0.0116428506302505,ALP-GRN,ON>IND>LNP>OTH,0.8079195433852342,0.19208045661476586,ON>IND>OTH>GRN,0.8833818786066914,0.11661812139330871,IND>LNP>OTH>GRN,2022,no_geography
Oakleigh,Southern Metro,ALP,ALP,LNP,0.6285310729818905,0.3714689270181096,0.12853107298189048,ALP-LNP,ON>IND>OTH>GRN,0.6285310729818905,0.3714689270181096,ON>IND>OTH>GRN,0.7497711098889791,0.25022889011102095,IND>OTH>GRN>LNP,Southern Metro,ALP,ALP,LNP,0.6371312521804469,0.3628687478195531,0.13713125218044686,ALP-LNP,ON>IND>OTH>GRN,0.6371312521804469,0.3628687478195531,ON>IND>OTH>GRN,0.7476486325260296,0.25235136747397036,IND>OTH>GRN>LNP,2022,no_geography
Ovens Valley,Northern Victoria,LNP,LNP,ALP,0.6351990708092754,0.36480092919072465,0.1351990708092754,LNP-ALP,ON>IND>GRN>OTH,0.36480092919072465,0.6351990708092754,ON>IND>GRN>OTH,0.40781472106875033,0.5921852789312497,IND>GRN>OTH>LNP,Northern Victoria,LNP,LNP,ALP,0.6465051566928421,0.3534948433071579,0.14650515669284214,LNP-ALP,ON>IND>GRN>OTH,0.3534948433071579,0.6465051566928421,ON>IND>GRN>OTH,0.3951735089367771,0.604826491063223,IND>GRN>OTH>LNP,2022,no_geography
Pakenham,Eastern Victoria,ALP,ALP,LNP,0.5084583535982319,0.4915416464017681,0.008458353598231882,ALP-LNP,ON>GRN>IND>OTH,0.5084583535982319,0.4915416464017681,ON>GRN>IND>OTH,0.5443648129512697,0.45563518704873035,GRN>IND>OTH>LNP,Eastern Victoria,ALP,ALP,LNP,0.5007920821268574,0.4992079178731426,0.0007920821268574407,ALP-LNP,ON>GRN>IND>OTH,0.5007920821268574,0.4992079178731426,ON>GRN>IND>OTH,0.5311847194646996,0.46881528053530047,GRN>IND>OTH>LNP,2022,no_geography
Pascoe Vale,Northern Metro,ALP,ALP,GRN,0.5537667154747715,0.4462332845252284,0.05376671547477152,ALP-GRN,ON>IND>OTH>LNP,0.6813092076138542,0.3186907923861459,ON>IND>OTH>GRN,0.8144948673403404,0.18550513265965968,IND>OTH>LNP>GRN,Northern Metro,ALP,ALP,GRN,0.5581752962835442,0.44182470371645577,0.05817529628354423,ALP-GRN,ON>IND>OTH>LNP,0.6978708723520046,0.3021291276479953,ON>IND>OTH>GRN,0.8111366009114208,0.18886339908857916,IND>OTH>LNP>GRN,2022,no_geography
Point Cook,Western Metro,ALP,ALP,LNP,0.5966997501819921,0.403300249818008,0.09669975018199206,ALP-LNP,ON>GRN>IND>OTH,0.5966997501819921,0.403300249818008,ON>GRN>IND>OTH,0.6588583283949877,0.34114167160501235,GRN>IND>OTH>LNP,Western Metro,ALP,ALP,LNP,0.608153446843965,0.391846553156035,0.108153446843965,ALP-LNP,ON>GRN>IND>OTH,0.608153446843965,0.391846553156035,ON>GRN>IND>OTH,0.6589813220742567,0.34101867792574325,GRN>IND>OTH>LNP,2022,no_geography
Polwarth,Western Victoria,LNP,LNP,ALP,0.5335247543202336,0.4664752456797664,0.03352475432023361,LNP-ALP,ON>IND>OTH>GRN,0.4664752456797664,0.5335247543202336,ON>IND>OTH>GRN,0.5203480946445612,0.47965190535543883,IND>OTH>GRN>LNP,Western Victoria,LNP,LNP,ALP,0.5424480133946256,0.4575519866053745,0.04244801339462556,LNP-ALP,ON>IND>OTH>GRN,0.4575519866053745,0.5424480133946256,ON>IND>OTH>GRN,0.5142058901070178,0.4857941098929823,IND>OTH>GRN>LNP,2022,no_geography
Prahran,Southern Metro,Greens,GRN,LNP,0.5876801721999806,0.4123198278000194,0.08768017219998059,GRN-LNP,ON>IND>OTH>ALP,0.5928498673673698,0.4071501326326303,ON>IND>OTH>GRN,0.750720069928441,0.24927993007155907,IND>OTH>LNP>GRN,Southern Metro,Greens,GRN,LNP,0.6175920904187144,0.3824079095812856,0.11759209041871443,GRN-LNP,ON>IND>OTH>ALP,0.6289242077047406,0.3710757922952594,ON>IND>OTH>GRN,0.8017950212771487,0.1982049787228513,IND>OTH>LNP>GRN,2022,no_geography
Preston,Northern Metro,ALP,ALP,LNP,0.6715751548897868,0.32842484511021325,0.1715751548897868,ALP-LNP,ON>IND>OTH>GRN,0.6715751548897868,0.32842484511021325,ON>IND>OTH>GRN,0.8083965585546771,0.19160344144532304,IND>OTH>LNP>GRN,Northern Metro,ALP,ALP,GRN,0.5986255861430387,0.4013744138569614,0.09862558614303873,ALP-GRN,ON>IND>OTH>LNP,0.6880578004325156,0.31194219956748437,ON>IND>OTH>GRN,0.8043205246721818,0.19567947532781801,IND>OTH>LNP>GRN,2022,no_geography
Richmond,Northern Metro,GRN,GRN,ALP,0.5428975068797376,0.45710249312026235,0.04289750687973759,GRN-ALP,ON>IND>OTH>LNP,0.7404563747026099,0.2595436252973901,ON>IND>OTH>GRN,0.8579005068035356,0.14209949319646437,IND>OTH>LNP>GRN,Northern Metro,GRN,GRN,ALP,0.5409588615887525,0.45904113841124744,0.040958861588752504,GRN-ALP,ON>IND>OTH>LNP,0.7860157249661311,0.21398427503386877,ON>IND>OTH>GRN,0.8774561799379856,0.1225438200620143,IND>LNP>OTH>GRN,2022,no_geography
Ringwood,North-Eastern Metro,LNP,ALP,LNP,0.5530576607758012,0.44694233922419874,0.05305766077580121,ALP-LNP,IND>ON>OTH>GRN,0.5530576607758012,0.44694233922419874,IND>ON>OTH>GRN,0.6691719528639446,0.3308280471360554,IND>OTH>GRN>LNP,North-Eastern Metro,LNP,ALP,LNP,0.561991868519926,0.43800813148007395,0.061991868519926,ALP-LNP,IND>ON>OTH>GRN,0.561991868519926,0.43800813148007395,IND>ON>OTH>GRN,0.6679222644036729,0.33207773559632714,IND>OTH>GRN>LNP,2022,no_geography
Ripon,Western Victoria,ALP,ALP,LNP,0.5297876297734707,0.47021237022652923,0.029787629773470714,ALP-LNP,ON>IND>GRN>OTH,0.5297876297734707,0.47021237022652923,ON>IND>GRN>OTH,0.5498190894259437,0.45018091057405635,IND>GRN>OTH>LNP,Western Victoria,ALP,ALP,LNP,0.5201797598397779,0.4798202401602221,0.020179759839777933,ALP-LNP,ON>IND>GRN>OTH,0.5201797598397779,0.4798202401602221,ON>IND>GRN>OTH,0.5387383674458404,0.4612616325541597,IND>GRN>OTH>LNP,2022,no_geography
Rowville,South-Eastern Metro,LNP,LNP,ALP,0.5441131370071183,0.4558868629928817,0.044113137007118275,LNP-ALP,ON>OTH>GRN>IND,0.4558868629928817,0.5441131370071183,ON>OTH>GRN>IND,0.606398563746895,0.393601436253105,OTH>GRN>IND>LNP,South-Eastern Metro,LNP,LNP,ALP,0.5349868205084966,0.46501317949150345,0.03498682050849655,LNP-ALP,ON>OTH>GRN>IND,0.46501317949150345,0.5349868205084966,ON>OTH>GRN>IND,0.6058612423130946,0.3941387576869054,OTH>GRN>IND>LNP,2022,no_geography
Sandringham,Southern Metro,LNP,LNP,ALP,0.5601630116891476,0.4398369883108524,0.060163011689147616,LNP-ALP,ON>IND>OTH>GRN,0.4398369883108524,0.5601630116891476,ON>IND>OTH>GRN,0.6279315243098706,0.3720684756901294,IND>OTH>GRN>LNP,Southern Metro,LNP,LNP,ALP,0.5492490974304051,0.45075090256959494,0.049249097430405064,LNP-ALP,ON>IND>OTH>GRN,0.45075090256959494,0.5492490974304051,ON>IND>OTH>GRN,0.6260947311734328,0.37390526882656716,IND>OTH>GRN>LNP,2022,no_geography
Shepparton,Northern Victoria,LNP,LNP,IND,0.5421943724206703,0.45780562757932974,0.042194372420670256,LNP-IND,ON>GRN>OTH>ALP,0.3408127455767184,0.6591872544232815,ON>GRN>OTH>IND,0.4482570537947152,0.5517429462052849,GRN>OTH>IND>LNP,Northern Victoria,LNP,LNP,IND,0.5430146501747725,0.45698534982522754,0.04301465017477246,LNP-IND,ON>GRN>OTH>ALP,0.3299577359742231,0.6700422640257768,ON>GRN>OTH>IND,0.42935767327442415,0.5706423267255758,GRN>OTH>IND>LNP,2022,no_geography
South Barwon,Western Victoria,ALP,ALP,LNP,0.5724308937655856,0.4275691062344144,0.07243089376558565,ALP-LNP,IND>ON>GRN>OTH,0.5724308937655856,0.4275691062344144,IND>ON>GRN>OTH,0.645058554955621,0.354941445044379,IND>GRN>OTH>LNP,Western Victoria,ALP,ALP,LNP,0.5664980796491199,0.4335019203508801,0.06649807964911991,ALP-LNP,IND>ON>GRN>OTH,0.5664980796491199,0.4335019203508801,IND>ON>GRN>OTH,0.6334781927166019,0.36652180728339817,IND>GRN>OTH>LNP,2022,no_geography
South-West Coast,Western Victoria,LNP,LNP,IND,0.5580435848715796,0.44195641512842043,0.05804358487157957,LNP-IND,ON>GRN>OTH>ALP,0.4197495973250223,0.5802504026749777,ON>GRN>OTH>IND,0.4681316845594044,0.5318683154405957,GRN>OTH>IND>LNP,Western Victoria,LNP,LNP,IND,0.5627750549257571,0.437224945074243,0.06277505492575708,LNP-IND,ON>GRN>OTH>ALP,0.4033847542615768,0.5966152457384233,ON>GRN>OTH>IND,0.44433360065859306,0.5556663993414069,GRN>OTH>IND>LNP,2022,no_geography
St Albans,Western Metro,ALP,ALP,LNP,0.6185406694708736,0.38145933052912645,0.1185406694708736,ALP-LNP,ON>IND>GRN>OTH,0.6185406694708736,0.38145933052912645,ON>IND>GRN>OTH,0.701961756183241,0.29803824381675903,IND>GRN>OTH>LNP,Western Metro,ALP,ALP,LNP,0.6283558066707888,0.37164419332921117,0.12835580667078883,ALP-LNP,ON>IND>GRN>OTH,0.6283558066707888,0.37164419332921117,ON>IND>GRN>OTH,0.701260723136176,0.29873927686382395,IND>GRN>OTH>LNP,2022,no_geography
Sunbury,Western Metro,ALP,ALP,LNP,0.5783280313220589,0.4216719686779411,0.0783280313220589,ALP-LNP,ON>IND>GRN>OTH,0.5783280313220589,0.4216719686779411,ON>IND>GRN>OTH,0.6143016074575207,0.3856983925424793,IND>GRN>OTH>LNP,Western Metro,ALP,ALP,LNP,0.5724072436394155,0.4275927563605845,0.07240724363941553,ALP-LNP,ON>IND>GRN>OTH,0.5724072436394155,0.4275927563605845,ON>IND>GRN>OTH,0.6046066385055862,0.39539336149441395,IND>GRN>OTH>LNP,2022,no_geography
Sydenham,Western Metro,ALP,ALP,LNP,0.5927577254974506,0.4072422745025494,0.09275772549745065,ALP-LNP,ON>IND>GRN>OTH,0.5927577254974506,0.4072422745025494,ON>IND>GRN>OTH,0.6715397471373175,0.32846025286268254,IND>GRN>OTH>LNP,Western Metro,ALP,ALP,LNP,0.6010159148119649,0.3989840851880352,0.10101591481196492,ALP-LNP,ON>IND>GRN>OTH,0.6010159148119649,0.3989840851880352,ON>IND>GRN>OTH,0.6716085837402609,0.3283914162597392,IND>GRN>OTH>LNP,2022,no_geography
Tarneit,Western Metro,ALP,ALP,LNP,0.6309138157298841,0.36908618427011586,0.13091381572988414,ALP-LNP,ON>IND>GRN>OTH,0.6309138157298841,0.36908618427011586,ON>IND>GRN>OTH,0.6952833437832586,0.3047166562167414,IND>GRN>OTH>LNP,Western Metro,ALP,ALP,LNP,0.6395412479251436,0.3604587520748565,0.13954124792514355,ALP-LNP,ON>IND>GRN>OTH,0.6395412479251436,0.3604587520748565,ON>IND>GRN>OTH,0.6953235577056975,0.30467644229430246,IND>GRN>OTH>LNP,2022,no_geography
Thomastown,Northern Metro,ALP,ALP,LNP,0.6725713090803127,0.3274286909196874,0.1725713090803127,ALP-LNP,ON>IND>GRN>OTH,0.6725713090803127,0.3274286909196874,ON>IND>GRN>OTH,0.7252962605406839,0.27470373945931625,IND>GRN>OTH>LNP,Northern Metro,ALP,ALP,LNP,0.6813521660987865,0.31864783390121354,0.18135216609878646,ALP-LNP,ON>IND>GRN>OTH,0.6813521660987865,0.31864783390121354,ON>IND>GRN>OTH,0.7249088106172746,0.2750911893827255,IND>GRN>OTH>LNP,2022,no_geography
Warrandyte,North-Eastern Metro,LNP,LNP,ALP,0.5576628256987668,0.4423371743012333,0.057662825698766795,LNP-ALP,ON>IND>OTH>GRN,0.4423371743012333,0.5576628256987668,ON>IND>OTH>GRN,0.6099491426331016,0.3900508573668985,IND>OTH>GRN>LNP,North-Eastern Metro,LNP,LNP,ALP,0.5507976445246138,0.4492023554753863,0.05079764452461377,LNP-ALP,ON>IND>OTH>GRN,0.4492023554753863,0.5507976445246138,ON>IND>OTH>GRN,0.6091347373026402,0.3908652626973598,IND>OTH>GRN>LNP,2022,no_geography
Wendouree,Western Victoria,ALP,ALP,LNP,0.6088610232582723,0.39113897674172776,0.1088610232582723,ALP-LNP,ON>IND>GRN>OTH,0.6088610232582723,0.39113897674172776,ON>IND>GRN>OTH,0.6764885998709804,0.3235114001290196,IND>GRN>OTH>LNP,Western Victoria,ALP,ALP,LNP,0.6034135332894873,0.39658646671051273,0.10341353328948732,ALP-LNP,ON>IND>GRN>OTH,0.6034135332894873,0.39658646671051273,ON>IND>GRN>OTH,0.6660471873043714,0.3339528126956286,IND>GRN>OTH>LNP,2022,no_geography
Werribee,Western Metro,ALP,ALP,LNP,0.613591063444187,0.38640893655581293,0.11359106344418701,ALP-LNP,ON>GRN>IND>OTH,0.613591063444187,0.38640893655581293,ON>GRN>IND>OTH,0.6295582165190552,0.37044178348094475,GRN>IND>OTH>LNP,Western Metro,ALP,ALP,LNP,0.6054309759349923,0.39456902406500766,0.10543097593499229,ALP-LNP,ON>GRN>IND>OTH,0.6054309759349923,0.39456902406500766,ON>GRN>IND>OTH,0.6158956578138357,0.38410434218616435,GRN>IND>OTH>LNP,2022,no_geography
Williamstown,Western Metro,ALP,ALP,LNP,0.6252929084467767,0.3747070915532234,0.12529290844677665,ALP-LNP,ON>IND>OTH>GRN,0.6252929084467767,0.3747070915532234,ON>IND>OTH>GRN,0.748788597403747,0.25121140259625296,IND>OTH>GRN>LNP,Western Metro,ALP,ALP,LNP,0.6542384588752814,0.3457615411247186,0.15423845887528143,ALP-LNP,ON>IND>OTH>GRN,0.6542384588752814,0.3457615411247186,ON>IND>OTH>GRN,0.7745513084228449,0.22544869157715505,IND>OTH>GRN>LNP,2022,no_geography
Yan Yean,Northern Victoria,ALP,ALP,LNP,0.5793817568080994,0.42061824319190055,0.07938175680809945,ALP-LNP,IND>ON>GRN>OTH,0.5793817568080994,0.42061824319190055,IND>ON>GRN>OTH,0.6075504189054151,0.39244958109458494,IND>GRN>OTH>LNP,Northern Victoria,ALP,ALP,LNP,0.5736594622387053,0.42634053776129466,0.07365946223870534,ALP-LNP,IND>ON>GRN>OTH,0.5736594622387053,0.42634053776129466,IND>ON>GRN>OTH,0.5978830494192148,0.40211695058078534,IND>GRN>OTH>LNP,2022,no_geography
Albert Park,Southern Metro,ALP,ALP,LNP,0.6302925757574074,0.36970742424259256,0.13029257575740738,ALP-LNP,ON>IND>OTH>GRN,0.6302925757574074,0.36970742424259256,ON>IND>OTH>GRN,0.77165913446786,0.22834086553213997,IND>OTH>GRN>LNP,Southern Metro,ALP,ALP,LNP,0.6298586786064749,0.37014132139352507,0.12985867860647493,ALP-LNP,ON>IND>OTH>GRN,0.6298586786064749,0.37014132139352507,ON>IND>OTH>GRN,0.7698369797512142,0.23016302024878574,IND>OTH>GRN>LNP,2022,no_constraints
Ashwood,Southern Metro,ALP,ALP,LNP,0.5489907253085564,0.45100927469144364,0.048990725308556415,ALP-LNP,ON>IND>OTH>GRN,0.5489907253085564,0.45100927469144364,ON>IND>OTH>GRN,0.708752044104253,0.29124795589574703,IND>OTH>GRN>LNP,Southern Metro,ALP,ALP,LNP,0.5489907253085564,0.45100927469144364,0.048990725308556415,ALP-LNP,ON>IND>OTH>GRN,0.5489907253085564,0.45100927469144364,ON>IND>OTH>GRN,0.708752044104253,0.29124795589574703,IND>OTH>GRN>LNP,2022,no_constraints
Bass,Eastern Victoria,ALP,LNP,ALP,0.5178516237402886,0.48214837625971135,0.01785162374028859,LNP-ALP,ON>IND>GRN>OTH,0.48214837625971135,0.5178516237402886,ON>IND>GRN>OTH,0.518320707951188,0.481679292048812,IND>GRN>OTH>LNP,Eastern Victoria,ALP,LNP,ALP,0.5178511601642946,0.48214883983570545,0.017851160164294555,LNP-ALP,ON>IND>GRN>OTH,0.48214883983570545,0.5178511601642946,ON>IND>GRN>OTH,0.518320707951188,0.481679292048812,IND>GRN>OTH>LNP,2022,no_constraints
Bayswater,North-Eastern Metro,ALP,ALP,LNP,0.5243042346996111,0.475695765300389,0.02430423469961107,ALP-LNP,ON>IND>GRN>OTH,0.5243042346996111,0.475695765300389,ON>IND>GRN>OTH,0.6354784182260803,0.3645215817739197,IND>GRN>OTH>LNP,North-Eastern Metro,ALP,ALP,LNP,0.5243042346996111,0.475695765300389,0.02430423469961107,ALP-LNP,ON>IND>GRN>OTH,0.5243042346996111,0.475695765300389,ON>IND>GRN>OTH,0.6354784182260803,0.3645215817739197,IND>GRN>OTH>LNP,2022,no_constraints
Bellarine,Western Victoria,ALP,ALP,LNP,0.5739073099014297,0.4260926900985703,0.07390730990142969,ALP-LNP,ON>IND>OTH>GRN,0.5739073099014297,0.4260926900985703,ON>IND>OTH>GRN,0.6220542391045781,0.37794576089542187,IND>OTH>GRN>LNP,Western Victoria,ALP,ALP,LNP,0.5739079583547639,0.4260920416452361,0.07390795835476394,ALP-LNP,ON>IND>OTH>GRN,0.5739079583547639,0.4260920416452361,ON>IND>OTH>GRN,0.6220542391045781,0.37794576089542187,IND>OTH>GRN>LNP,2022,no_constraints
Benambra,Northern Victoria,LNP,LNP,IND,0.5265972877733974,0.47340271222660263,0.026597287773397427,LNP-IND,ON>GRN>OTH>ALP,0.34010487602336653,0.6598951239766335,ON>GRN>OTH>IND,0.3698850112947214,0.6301149887052786,GRN>OTH>IND>LNP,Northern Victoria,LNP,LNP,IND,0.526596932059948,0.4734030679400521,0.026596932059947953,LNP-IND,ON>GRN>OTH>ALP,0.34009642196916756,0.6599035780308324,ON>GRN>OTH>IND,0.3698017188008497,0.6301982811991503,GRN>OTH>IND>LNP,2022,no_constraints
Bendigo East,Northern Victoria,ALP,ALP,LNP,0.5992942023176597,0.4007057976823404,0.09929420231765973,ALP-LNP,ON>IND>OTH>GRN,0.5992942023176597,0.4007057976823404,ON>IND>OTH>GRN,0.6704287472697776,0.32957125273022236,IND>OTH>GRN>LNP,Northern Victoria,ALP,ALP,LNP,0.5992950749444832,0.40070492505551686,0.0992950749444832,ALP-LNP,ON>IND>OTH>GRN,0.5992950749444832,0.40070492505551686,ON>IND>OTH>GRN,0.6704287472697776,0.32957125273022236,IND>OTH>GRN>LNP,2022,no_constraints
Bendigo West,Northern Victoria,ALP,ALP,LNP,0.637299903326676,0.36270009667332404,0.13729990332667596,ALP-LNP,ON>IND>GRN>OTH,0.637299903326676,0.36270009667332404,ON>IND>GRN>OTH,0.6725502258912335,0.3274497741087666,IND>GRN>OTH>LNP,Northern Victoria,ALP,ALP,LNP,0.637300201850661,0.36269979814933895,0.13730020185066105,ALP-LNP,ON>IND>GRN>OTH,0.637300201850661,0.36269979814933895,ON>IND>GRN>OTH,0.6725502258912335,0.3274497741087666,IND>GRN>OTH>LNP,2022,no_constraints
Bentleigh,Southern Metro,ALP,ALP,LNP,0.5816167081041431,0.418383291895857,0.08161670810414312,ALP-LNP,ON>IND>OTH>GRN,0.5816167081041431,0.418383291895857,ON>IND>OTH>GRN,0.7204917020363042,0.27950829796369586,IND>OTH>GRN>LNP,Southern Metro,ALP,ALP,LNP,0.5816167081041431,0.418383291895857,0.08161670810414312,ALP-LNP,ON>IND>OTH>GRN,0.5816167081041431,0.418383291895857,ON>IND>OTH>GRN,0.7204917020363042,0.27950829796369586,IND>OTH>GRN>LNP,2022,no_constraints
Berwick,South-Eastern Metro,LNP,LNP,ALP,0.5432866182461231,0.4567133817538769,0.04328661824612312,LNP-ALP,IND>ON>OTH>GRN,0.4567133817538769,0.5432866182461231,IND>ON>OTH>GRN,0.5400455339918606,0.4599544660081394,IND>OTH>GRN>LNP,South-Eastern Metro,LNP,LNP,ALP,0.5432866182461231,0.4567133817538769,0.04328661824612312,LNP-ALP,IND>ON>OTH>GRN,0.4567133817538769,0.5432866182461231,IND>ON>OTH>GRN,0.5400455339918606,0.4599544660081394,IND>OTH>GRN>LNP,2022,no_constraints
Box Hill,North-Eastern Metro,ALP,ALP,LNP,0.5595205584867091,0.44047944151329094,0.05952055848670912,ALP-LNP,ON>IND>OTH>GRN,0.5595205584867091,0.44047944151329094,ON>IND>OTH>GRN,0.7068467448167418,0.29315325518325824,IND>OTH>GRN>LNP,North-Eastern Metro,ALP,ALP,LNP,0.5595205584867091,0.44047944151329094,0.05952055848670912,ALP-LNP,ON>IND>OTH>GRN,0.5595205584867091,0.44047944151329094,ON>IND>OTH>GRN,0.7068467448167418,0.29315325518325824,IND>OTH>GRN>LNP,2022,no_constraints
Brighton,Southern Metro,LNP,LNP,ALP,0.5353336398007497,0.46466636019925034,0.03533363980074966,LNP-ALP,ON>OTH>IND>GRN,0.46466636019925034,0.5353336398007497,ON>OTH>IND>GRN,0.6876382517690953,0.31236174823090473,OTH>IND>GRN>LNP,Southern Metro,LNP,LNP,ALP,0.5353336398007497,0.46466636019925034,0.03533363980074966,LNP-ALP,ON>OTH>IND>GRN,0.46466636019925034,0.5353336398007497,ON>OTH>IND>GRN,0.6866242778347494,0.3133757221652506,OTH>IND>GRN>LNP,2022,no_constraints
Broadmeadows,Northern Metro,ALP,ALP,LNP,0.6690291004858195,0.33097089951418046,0.16902910048581954,ALP-LNP,ON>IND>GRN>OTH,0.6690291004858195,0.33097089951418046,ON>IND>GRN>OTH,0.6942377120998277,0.30576228790017246,IND>GRN>OTH>LNP,Northern Metro,ALP,ALP,LNP,0.6690291004858195,0.33097089951418046,0.16902910048581954,ALP-LNP,ON>IND>GRN>OTH,0.6690291004858195,0.33097089951418046,ON>IND>GRN>OTH,0.6942377120998277,0.30576228790017246,IND>GRN>OTH>LNP,2022,no_constraints
Brunswick,Northern Metro,GRN,GRN,ALP,0.5967317126448386,0.40326828735516146,0.0967317126448386,GRN-ALP,ON>IND>LNP>OTH,0.8235024226265233,0.17649757737347677,ON>IND>OTH>GRN,0.8819666583817142,0.11803334161828588,IND>LNP>OTH>GRN,Northern Metro,GRN,GRN,ALP,0.5967317126448386,0.40326828735516146,0.0967317126448386,GRN-ALP,ON>IND>LNP>OTH,0.8228976101809578,0.17710238981904228,ON>IND>OTH>GRN,0.8819666583817142,0.11803334161828588,IND>LNP>OTH>GRN,2022,no_constraints
Bulleen,North-Eastern Metro,LNP,LNP,ALP,0.5571426502491057,0.4428573497508944,0.0571426502491057,LNP-ALP,ON>IND>OTH>GRN,0.4428573497508944,0.5571426502491057,ON>IND>OTH>GRN,0.6477046869590136,0.3522953130409865,IND>OTH>GRN>LNP,North-Eastern Metro,LNP,LNP,ALP,0.5571426502491057,0.4428573497508944,0.0571426502491057,LNP-ALP,ON>IND>OTH>GRN,0.4428573497508944,0.5571426502491057,ON>IND>OTH>GRN,0.6477046869590136,0.3522953130409865,IND>OTH>GRN>LNP,2022,no_constraints
Bundoora,North-Eastern Metro,ALP,ALP,LNP,0.6331100134018667,0.3668899865981333,0.13311001340186668,ALP-LNP,ON>IND>OTH>GRN,0.6331100134018667,0.3668899865981333,ON>IND>OTH>GRN,0.738645086173715,0.26135491382628495,IND>OTH>GRN>LNP,North-Eastern Metro,ALP,ALP,LNP,0.6331100134018667,0.3668899865981333,0.13311001340186668,ALP-LNP,ON>IND>OTH>GRN,0.6331100134018667,0.3668899865981333,ON>IND>OTH>GRN,0.738645086173715,0.26135491382628495,IND>OTH>GRN>LNP,2022,no_constraints
Carrum,South-Eastern Metro,ALP,ALP,LNP,0.5996344835007859,0.40036551649921415,0.09963448350078585,ALP-LNP,ON>IND>GRN>OTH,0.5996344835007859,0.40036551649921415,ON>IND>GRN>OTH,0.6368767697334021,0.3631232302665978,IND>GRN>OTH>LNP,South-Eastern Metro,ALP,ALP,LNP,0.5996348874504338,0.4003651125495662,0.0996348874504338,ALP-LNP,ON>IND>GRN>OTH,0.5996348874504338,0.4003651125495662,ON>IND>GRN>OTH,0.6368767697334021,0.3631232302665978,IND>GRN>OTH>LNP,2022,no_constraints
Caulfield,Southern Metro,LNP,LNP,ALP,0.513100378960185,0.48689962103981504,0.01310037896018501,LNP-ALP,ON>IND>OTH>GRN,0.48689962103981504,0.513100378960185,ON>IND>OTH>GRN,0.7099927162239908,0.2900072837760092,IND>OTH>GRN>LNP,Southern Metro,LNP,LNP,ALP,0.5133748618611971,0.486625138138803,0.013374861861197074,LNP-ALP,ON>IND>OTH>GRN,0.486625138138803,0.5133748618611971,ON>IND>OTH>GRN,0.708530174358691,0.291469825641309,IND>OTH>GRN>LNP,2022,no_constraints
Clarinda,South-Eastern Metro,ALP,ALP,LNP,0.6071414346021642,0.39285856539783576,0.10714143460216419,ALP-LNP,ON>GRN>OTH>IND,0.6071414346021642,0.39285856539783576,ON>GRN>OTH>IND,0.7220147773489292,0.2779852226510709,GRN>OTH>IND>LNP,South-Eastern Metro,ALP,ALP,LNP,0.6071414346021642,0.39285856539783576,0.10714143460216419,ALP-LNP,ON>GRN>OTH>IND,0.6071414346021642,0.39285856539783576,ON>GRN>OTH>IND,0.7220102721046407,0.2779897278953592,GRN>OTH>IND>LNP,2022,no_constraints
Cranbourne,South-Eastern Metro,ALP,ALP,LNP,0.599742104120064,0.4002578958799361,0.09974210412006401,ALP-LNP,ON>IND>GRN>OTH,0.599742104120064,0.4002578958799361,ON>IND>GRN>OTH,0.6621336213792959,0.3378663786207041,IND>GRN>OTH>LNP,South-Eastern Metro,ALP,ALP,LNP,0.5997235428577595,0.4002764571422406,0.09972354285775953,ALP-LNP,ON>IND>GRN>OTH,0.5997235428577595,0.4002764571422406,ON>IND>GRN>OTH,0.6620741208821077,0.33792587911789235,IND>GRN>OTH>LNP,2022,no_constraints
Croydon,North-Eastern Metro,LNP,LNP,ALP,0.5131812961639656,0.4868187038360345,0.013181296163965572,LNP-ALP,IND>ON>GRN>OTH,0.4868187038360345,0.5131812961639656,IND>ON>GRN>OTH,0.6193929115798169,0.38060708842018304,IND>GRN>OTH>LNP,North-Eastern Metro,LNP,LNP,ALP,0.5131812961639656,0.4868187038360345,0.013181296163965572,LNP-ALP,IND>ON>GRN>OTH,0.4868187038360345,0.5131812961639656,IND>ON>GRN>OTH,0.6193929115798169,0.38060708842018304,IND>GRN>OTH>LNP,2022,no_constraints
Dandenong,South-Eastern Metro,ALP,ALP,LNP,0.6993102674706005,0.30068973252939946,0.19931026747060054,ALP-LNP,ON>IND>GRN>OTH,0.6993102674706005,0.30068973252939946,ON>IND>GRN>OTH,0.7466015148383114,0.2533984851616886,IND>GRN>OTH>LNP,South-Eastern Metro,ALP,ALP,LNP,0.6993042040845434,0.30069579591545664,0.1993042040845434,ALP-LNP,ON>IND>GRN>OTH,0.6993042040845434,0.30069579591545664,ON>IND>GRN>OTH,0.7465572091480644,0.25344279085193555,IND>GRN>OTH>LNP,2022,no_constraints
Eildon,Northern Victoria,LNP,LNP,ALP,0.571731293230088,0.4282687067699121,0.07173129323008798,LNP-ALP,ON>IND>OTH>GRN,0.4282687067699121,0.571731293230088,ON>IND>OTH>GRN,0.4925299223886025,0.5074700776113975,IND>OTH>GRN>LNP,Northern Victoria,LNP,LNP,ALP,0.5717284375130174,0.42827156248698267,0.07172843751301738,LNP-ALP,ON>IND>OTH>GRN,0.42827156248698267,0.5717284375130174,ON>IND>OTH>GRN,0.4925299223886025,0.5074700776113975,IND>OTH>GRN>LNP,2022,no_constraints
Eltham,North-Eastern Metro,ALP,ALP,LNP,0.5889387962484504,0.41106120375154964,0.08893879624845036,ALP-LNP,IND>ON>OTH>GRN,0.5889387962484504,0.41106120375154964,IND>ON>OTH>GRN,0.698682362627859,0.301317637372141,IND>OTH>GRN>LNP,North-Eastern Metro,ALP,ALP,LNP,0.5889387962484504,0.41106120375154964,0.08893879624845036,ALP-LNP,IND>ON>OTH>GRN,0.5889387962484504,0.41106120375154964,IND>ON>OTH>GRN,0.6985859616435044,0.30141403835649555,IND>OTH>GRN>LNP,2022,no_constraints
Essendon,Northern Metro,ALP,ALP,LNP,0.6083770201287849,0.39162297987121514,0.10837702012878492,ALP-LNP,ON>IND>OTH>GRN,0.6083770201287849,0.39162297987121514,ON>IND>OTH>GRN,0.707892515470869,0.2921074845291311,IND>OTH>GRN>LNP,Northern Metro,ALP,ALP,LNP,0.6083770201287849,0.39162297987121514,0.10837702012878492,ALP-LNP,ON>IND>OTH>GRN,0.6083770201287849,0.39162297987121514,ON>IND>OTH>GRN,0.707892515470869,0.2921074845291311,IND>OTH>GRN>LNP,2022,no_constraints
Eureka,Western Victoria,ALP,ALP,LNP,0.5633620369008119,0.4366379630991881,0.06336203690081188,ALP-LNP,ON>IND>GRN>OTH,0.5633620369008119,0.4366379630991881,ON>IND>GRN>OTH,0.579171977186337,0.42082802281366305,IND>GRN>OTH>LNP,Western Victoria,ALP,ALP,LNP,0.5633625432815835,0.4366374567184165,0.06336254328158353,ALP-LNP,ON>IND>GRN>OTH,0.5633625432815835,0.4366374567184165,ON>IND>GRN>OTH,0.579171977186337,0.42082802281366305,IND>GRN>OTH>LNP,2022,no_constraints
Euroa,Northern Victoria,LNP,LNP,ALP,0.6072294591679619,0.39277054083203816,0.1072294591679619,LNP-ALP,IND>ON>GRN>OTH,0.39277054083203816,0.6072294591679619,IND>ON>GRN>OTH,0.46460280256113823,0.5353971974388618,IND>GRN>OTH>LNP,Northern Victoria,LNP,LNP,ALP,0.6072293964748147,0.3927706035251854,0.10722939647481466,LNP-ALP,IND>ON>GRN>OTH,0.3927706035251854,0.6072293964748147,IND>ON>GRN>OTH,0.46460280256113823,0.5353971974388618,IND>GRN>OTH>LNP,2022,no_constraints
Evelyn,Eastern Victoria,LNP,LNP,ALP,0.5569345770574518,0.44306542294254825,0.05693457705745175,LNP-ALP,ON>IND>OTH>GRN,0.44306542294254825,0.5569345770574518,ON>IND>OTH>GRN,0.5269445363677513,0.47305546363224865,IND>OTH>GRN>LNP,Eastern Victoria,LNP,LNP,ALP,0.5569337009757843,0.4430662990242157,0.05693370097578432,LNP-ALP,ON>IND>OTH>GRN,0.4430662990242157,0.5569337009757843,ON>IND>OTH>GRN,0.5269445363677513,0.47305546363224865,IND>OTH>GRN>LNP,2022,no_constraints
Footscray,Western Metro,ALP,ALP,GRN,0.5757898611579069,0.4242101388420932,0.07578986115790687,ALP-GRN,ON>IND>OTH>LNP,0.7522031742658143,0.24779682573418566,ON>IND>OTH>GRN,0.8976526528213011,0.10234734717869887,IND>OTH>LNP>GRN,Western Metro,ALP,ALP,GRN,0.5757898611579069,0.4242101388420932,0.07578986115790687,ALP-GRN,ON>IND>OTH>LNP,0.7518970078033212,0.2481029921966787,ON>IND>OTH>GRN,0.8976526528213011,0.10234734717869887,IND>OTH>LNP>GRN,2022,no_constraints
Frankston,South-Eastern Metro,ALP,ALP,LNP,0.5987585071094935,0.4012414928905064,0.09875850710949352,ALP-LNP,ON>IND>GRN>OTH,0.5987585071094935,0.4012414928905064,ON>IND>GRN>OTH,0.6711410460850834,0.32885895391491654,IND>GRN>OTH>LNP,South-Eastern Metro,ALP,ALP,LNP,0.5987585071094935,0.4012414928905064,0.09875850710949352,ALP-LNP,ON>IND>GRN>OTH,0.5987585071094935,0.4012414928905064,ON>IND>GRN>OTH,0.6711410460850834,0.32885895391491654,IND>GRN>OTH>LNP,2022,no_constraints
Geelong,Western Victoria,ALP,ALP,LNP,0.619906221114962,0.3800937788850381,0.11990622111496196,ALP-LNP,ON>IND>OTH>GRN,0.619906221114962,0.3800937788850381,ON>IND>OTH>GRN,0.6566706854697804,0.3433293145302196,IND>OTH>GRN>LNP,Western Victoria,ALP,ALP,LNP,0.6199074887811354,0.3800925112188646,0.11990748878113544,ALP-LNP,ON>IND>OTH>GRN,0.6199074887811354,0.3800925112188646,ON>IND>OTH>GRN,0.6566706854697804,0.3433293145302196,IND>OTH>GRN>LNP,2022,no_constraints
Gippsland East,Eastern Victoria,LNP,LNP,ALP,0.7166946986200662,0.2833053013799338,0.21669469862006618,LNP-ALP,ON>IND>GRN>OTH,0.2833053013799338,0.7166946986200662,ON>IND>GRN>OTH,0.36354888921775047,0.6364511107822495,IND>GRN>OTH>LNP,Eastern Victoria,LNP,LNP,ALP,0.71669411066297,0.28330588933703005,0.21669411066296995,LNP-ALP,ON>IND>GRN>OTH,0.28330588933703005,0.71669411066297,ON>IND>GRN>OTH,0.36354888921775047,0.6364511107822495,IND>GRN>OTH>LNP,2022,no_constraints
Gippsland South,Eastern Victoria,LNP,LNP,ALP,0.6477544006554107,0.3522455993445893,0.14775440065541068,LNP-ALP,ON>IND>GRN>OTH,0.3522455993445893,0.6477544006554107,ON>IND>GRN>OTH,0.43201806789786634,0.5679819321021337,IND>OTH>GRN>LNP,Eastern Victoria,LNP,LNP,ALP,0.6477538570393722,0.3522461429606278,0.14775385703937216,LNP-ALP,ON>IND>GRN>OTH,0.3522461429606278,0.6477538570393722,ON>IND>GRN>OTH,0.43201806789786634,0.5679819321021337,IND>OTH>GRN>LNP,2022,no_constraints
Glen Waverley,North-Eastern Metro,ALP,ALP,LNP,0.5237673109885643,0.4762326890114356,0.023767310988564327,ALP-LNP,IND>ON>OTH>GRN,0.5237673109885643,0.4762326890114356,IND>ON>OTH>GRN,0.6898950677318648,0.3101049322681351,IND>OTH>GRN>LNP,North-Eastern Metro,ALP,ALP,LNP,0.5237673109885643,0.4762326890114356,0.023767310988564327,ALP-LNP,IND>ON>OTH>GRN,0.5237673109885643,0.4762326890114356,IND>ON>OTH>GRN,0.6898950677318648,0.3101049322681351,IND>OTH>GRN>LNP,2022,no_constraints
Greenvale,Northern Metro,ALP,ALP,LNP,0.6269116720791074,0.3730883279208927,0.12691167207910736,ALP-LNP,ON>IND>GRN>OTH,0.6269116720791074,0.3730883279208927,ON>IND>GRN>OTH,0.6755210089921128,0.3244789910078872,IND>GRN>OTH>LNP,Northern Metro,ALP,ALP,LNP,0.6268582802367328,0.3731417197632671,0.12685828023673285,ALP-LNP,ON>IND>GRN>OTH,0.6268582802367328,0.3731417197632671,ON>IND>GRN>OTH,0.6753642957743271,0.32463570422567295,IND>GRN>OTH>LNP,2022,no_constraints
Hastings,Eastern Victoria,ALP,ALP,LNP,0.5048845002996998,0.4951154997003003,0.004884500299699779,ALP-LNP,ON>IND>GRN>OTH,0.5048845002996998,0.4951154997003003,ON>IND>GRN>OTH,0.5522748389250808,0.4477251610749192,IND>GRN>OTH>LNP,Eastern Victoria,ALP,ALP,LNP,0.5048849537209477,0.4951150462790524,0.00488495372094766,ALP-LNP,ON>IND>GRN>OTH,0.5048849537209477,0.4951150462790524,ON>IND>GRN>OTH,0.5522748389250808,0.4477251610749192,IND>GRN>OTH>LNP,2022,no_constraints
Hawthorn,Southern Metro,LNP,ALP,LNP,0.5013681372855182,0.49863186271448173,0.0013681372855182117,ALP-LNP,ON>OTH>GRN>IND,0.5013681372855182,0.49863186271448173,ON>OTH>GRN>IND,0.7238283418045485,0.2761716581954515,OTH>GRN>IND>LNP,Southern Metro,LNP,ALP,LNP,0.5012867359076838,0.4987132640923162,0.0012867359076838003,ALP-LNP,ON>OTH>GRN>IND,0.5012867359076838,0.4987132640923162,ON>OTH>GRN>IND,0.7227163433350057,0.27728365666499427,OTH>GRN>IND>LNP,2022,no_constraints
Ivanhoe,North-Eastern Metro,ALP,ALP,LNP,0.6225646771058513,0.3774353228941487,0.12256467710585128,ALP-LNP,ON>IND>OTH>GRN,0.6225646771058513,0.3774353228941487,ON>IND>OTH>GRN,0.7392876155385868,0.26071238446141315,IND>OTH>GRN>LNP,North-Eastern Metro,ALP,ALP,LNP,0.6225646771058513,0.3774353228941487,0.12256467710585128,ALP-LNP,ON>IND>OTH>GRN,0.6225646771058513,0.3774353228941487,ON>IND>OTH>GRN,0.7391123158086611,0.26088768419133884,IND>OTH>GRN>LNP,2022,no_constraints
Kalkallo,Northern Metro,ALP,ALP,LNP,0.6592729568527205,0.3407270431472796,0.15927295685272047,ALP-LNP,ON>IND>GRN>OTH,0.6592729568527205,0.3407270431472796,ON>IND>GRN>OTH,0.6682014717077963,0.3317985282922037,IND>GRN>OTH>LNP,Northern Metro,ALP,ALP,LNP,0.6592732548613143,0.3407267451386858,0.15927325486131427,ALP-LNP,ON>IND>GRN>OTH,0.6592732548613143,0.3407267451386858,ON>IND>GRN>OTH,0.6682014717077963,0.3317985282922037,IND>GRN>OTH>LNP,2022,no_constraints
Kew,Southern Metro,LNP,LNP,ALP,0.5360953048714913,0.4639046951285087,0.03609530487149126,LNP-ALP,ON>OTH>GRN>IND,0.4639046951285087,0.5360953048714913,ON>OTH>GRN>IND,0.7075752199799688,0.2924247800200312,OTH>GRN>IND>LNP,Southern Metro,LNP,LNP,ALP,0.5361526032790547,0.46384739672094527,0.036152603279054674,LNP-ALP,ON>OTH>GRN>IND,0.46384739672094527,0.5361526032790547,ON>OTH>GRN>IND,0.706756752929058,0.2932432470709419,OTH>GRN>IND>LNP,2022,no_constraints
Kororoit,Western Metro,ALP,ALP,LNP,0.6505720646616485,0.3494279353383515,0.15057206466164852,ALP-LNP,ON>IND>GRN>OTH,0.6505720646616485,0.3494279353383515,ON>IND>GRN>OTH,0.6971853146922965,0.30281468530770356,IND>GRN>OTH>LNP,Western Metro,ALP,ALP,LNP,0.6505350632422116,0.34946493675778845,0.15053506324221155,ALP-LNP,ON>IND>GRN>OTH,0.6505350632422116,0.34946493675778845,ON>IND>GRN>OTH,0.6970886150931365,0.3029113849068636,IND>GRN>OTH>LNP,2022,no_constraints
Lara,Western Victoria,ALP,ALP,LNP,0.6661805967553636,0.3338194032446364,0.16618059675536356,ALP-LNP,ON>IND>GRN>OTH,0.6661805967553636,0.3338194032446364,ON>IND>GRN>OTH,0.6687362884881466,0.33126371151185335,IND>GRN>OTH>LNP,Western Victoria,ALP,ALP,LNP,0.6661811633695648,0.3338188366304352,0.1661811633695648,ALP-LNP,ON>IND>GRN>OTH,0.6661811633695648,0.3338188366304352,ON>IND>GRN>OTH,0.6687362884881466,0.33126371151185335,IND>GRN>OTH>LNP,2022,no_constraints
Laverton,Western Metro,ALP,ALP,LNP,0.6684818923614873,0.3315181076385127,0.16848189236148725,ALP-LNP,ON>IND>GRN>OTH,0.6684818923614873,0.3315181076385127,ON>IND>GRN>OTH,0.7228029056986727,0.27719709430132733,IND>GRN>OTH>LNP,Western Metro,ALP,ALP,LNP,0.6684634165159821,0.33153658348401793,0.16846341651598207,ALP-LNP,ON>IND>GRN>OTH,0.6684634165159821,0.33153658348401793,ON>IND>GRN>OTH,0.7228029056986727,0.27719709430132733,IND>GRN>OTH>LNP,2022,no_constraints
Lowan,Western Victoria,LNP,LNP,ALP,0.7048677180261598,0.2951322819738403,0.20486771802615977,LNP-ALP,ON>IND>GRN>OTH,0.2951322819738403,0.7048677180261598,ON>IND>GRN>OTH,0.38449590052429766,0.6155040994757024,IND>GRN>OTH>LNP,Western Victoria,LNP,LNP,ALP,0.7048672277256453,0.29513277227435475,0.20486722772564525,LNP-ALP,ON>IND>GRN>OTH,0.29513277227435475,0.7048672277256453,ON>IND>GRN>OTH,0.38449590052429766,0.6155040994757024,IND>GRN>OTH>LNP,2022,no_constraints
Macedon,Northern Victoria,ALP,ALP,LNP,0.5742035408893786,0.4257964591106215,0.07420354088937864,ALP-LNP,ON>IND>OTH>GRN,0.5742035408893786,0.4257964591106215,ON>IND>OTH>GRN,0.6026832756316239,0.397316724368376,IND>OTH>GRN>LNP,Northern Victoria,ALP,ALP,LNP,0.5742062538580066,0.4257937461419935,0.07420625385800661,ALP-LNP,ON>IND>OTH>GRN,0.5742062538580066,0.4257937461419935,ON>IND>OTH>GRN,0.6026832756316239,0.397316724368376,IND>OTH>GRN>LNP,2022,no_constraints
Malvern,Southern Metro,LNP,LNP,ALP,0.568758265329473,0.43124173467052695,0.06875826532947305,LNP-ALP,ON>IND>OTH>GRN,0.43124173467052695,0.568758265329473,ON>IND>OTH>GRN,0.6855296379257766,0.3144703620742234,IND>OTH>GRN>LNP,Southern Metro,LNP,LNP,ALP,0.5689208425594944,0.4310791574405057,0.06892084255949438,LNP-ALP,ON>IND>OTH>GRN,0.4310791574405057,0.5689208425594944,ON>IND>OTH>GRN,0.6841727541053264,0.31582724589467365,IND>OTH>GRN>LNP,2022,no_constraints
Melbourne,Northern Metro,GRN,GRN,ALP,0.5759861643259107,0.4240138356740894,0.07598616432591065,GRN-ALP,ON>IND>OTH>LNP,0.7589129263339252,0.2410870736660749,ON>IND>OTH>GRN,0.8906999900781079,0.10930000992189215,IND>OTH>LNP>GRN,Northern Metro,GRN,GRN,ALP,0.5759861643259107,0.4240138356740894,0.07598616432591065,GRN-ALP,ON>IND>OTH>LNP,0.7583876446919544,0.2416123553080456,ON>IND>OTH>GRN,0.8907012731313586,0.10929872686864142,IND>OTH>LNP>GRN,2022,no_constraints
Melton,Western Victoria,ALP,ALP,LNP,0.5264469932757647,0.4735530067242352,0.02644699327576472,ALP-LNP,ON>GRN>OTH>IND,0.5264469932757647,0.4735530067242352,ON>GRN>OTH>IND,0.6084735918899294,0.3915264081100706,GRN>OTH>LNP>IND,Western Victoria,ALP,ALP,LNP,0.5264474142648269,0.47355258573517317,0.026447414264826885,ALP-LNP,ON>GRN>OTH>IND,0.5264474142648269,0.47355258573517317,ON>GRN>OTH>IND,0.6084735918899294,0.3915264081100706,GRN>OTH>LNP>IND,2022,no_constraints
Mildura,Northern Victoria,LNP,IND,LNP,0.5226301701176632,0.4773698298823367,0.022630170117663218,IND-LNP,ON>GRN>OTH>ALP,0.347419783769776,0.6525802162302241,ON>GRN>OTH>IND,0.489197658191913,0.5108023418080869,GRN>OTH>LNP>IND,Northern Victoria,LNP,IND,LNP,0.5226305737760435,0.4773694262239565,0.022630573776043494,IND-LNP,ON>GRN>OTH>ALP,0.3474123139774484,0.6525876860225517,ON>GRN>OTH>IND,0.4894761262796124,0.5105238737203875,GRN>OTH>LNP>IND,2022,no_constraints
Mill Park,North-Eastern Metro,ALP,ALP,LNP,0.6528499639985552,0.34715003600144484,0.15284996399855522,ALP-LNP,IND>ON>GRN>OTH,0.6528499639985552,0.34715003600144484,IND>ON>GRN>OTH,0.7001105663631083,0.2998894336368917,IND>GRN>OTH>LNP,North-Eastern Metro,ALP,ALP,LNP,0.6528457942568574,0.3471542057431426,0.1528457942568574,ALP-LNP,IND>ON>GRN>OTH,0.6528457942568574,0.3471542057431426,IND>ON>GRN>OTH,0.7000755817373925,0.29992441826260763,IND>GRN>OTH>LNP,2022,no_constraints
Monbulk,Eastern Victoria,ALP,ALP,LNP,0.5563720452950083,0.4436279547049917,0.05637204529500828,ALP-LNP,ON>IND>OTH>GRN,0.5563720452950083,0.4436279547049917,ON>IND>OTH>GRN,0.5894697342725213,0.41053026572747875,IND>OTH>GRN>LNP,Eastern Victoria,ALP,ALP,LNP,0.5563729182092338,0.4436270817907662,0.05637291820923385,ALP-LNP,ON>IND>OTH>GRN,0.5563729182092338,0.4436270817907662,ON>IND>OTH>GRN,0.5894697342725213,0.41053026572747875,IND>OTH>GRN>LNP,2022,no_constraints
Mordialloc,South-Eastern Metro,ALP,ALP,LNP,0.5917363872688648,0.40826361273113526,0.0917363872688648,ALP-LNP,ON>IND>OTH>GRN,0.5917363872688648,0.40826361273113526,ON>IND>OTH>GRN,0.7134073498891854,0.2865926501108147,IND>OTH>GRN>LNP,South-Eastern Metro,ALP,ALP,LNP,0.5917363872688648,0.40826361273113526,0.0917363872688648,ALP-LNP,ON>IND>OTH>GRN,0.5917363872688648,0.40826361273113526,ON>IND>OTH>GRN,0.7134073498891854,0.2865926501108147,IND>OTH>GRN>LNP,2022,no_constraints
Mornington,Eastern Victoria,LNP,LNP,ALP,0.6014528319130864,0.39854716808691365,0.1014528319130864,LNP-ALP,ON>OTH>GRN>IND,0.39854716808691365,0.6014528319130864,ON>OTH>GRN>IND,0.46651857486319526,0.5334814251368046,OTH>GRN>IND>LNP,Eastern Victoria,LNP,LNP,ALP,0.6014522114508677,0.39854778854913236,0.10145221145086769,LNP-ALP,ON>OTH>GRN>IND,0.39854778854913236,0.6014522114508677,ON>OTH>GRN>IND,0.46651857486319526,0.5334814251368046,OTH>GRN>IND>LNP,2022,no_constraints
Morwell,Eastern Victoria,LNP,LNP,ALP,0.5094498877261685,0.49055011227383144,0.009449887726168504,LNP-ALP,ON>GRN>IND>OTH,0.49055011227383144,0.5094498877261685,ON>GRN>IND>OTH,0.5315946159695794,0.4684053840304206,GRN>IND>OTH>LNP,Eastern Victoria,LNP,LNP,ALP,0.509449287120632,0.4905507128793681,0.009449287120631977,LNP-ALP,ON>GRN>IND>OTH,0.4905507128793681,0.509449287120632,ON>GRN>IND>OTH,0.5315946159695794,0.4684053840304206,GRN>IND>OTH>LNP,2022,no_constraints
Mulgrave,South-Eastern Metro,ALP,ALP,LNP,0.6793883547946803,0.3206116452053197,0.1793883547946803,ALP-LNP,ON>GRN>OTH>IND,0.6793883547946803,0.3206116452053197,ON>GRN>OTH>IND,0.748590478168037,0.25140952183196297,GRN>OTH>IND>LNP,South-Eastern Metro,ALP,ALP,LNP,0.6793883547946803,0.3206116452053197,0.1793883547946803,ALP-LNP,ON>GRN>OTH>IND,0.6793883547946803,0.3206116452053197,ON>GRN>OTH>IND,0.748590478168037,0.25140952183196297,GRN>OTH>IND>LNP,2022,no_constraints
Murray Plains,Northern Victoria,LNP,LNP,ALP,0.7267641664195079,0.2732358335804922,0.22676416641950792,LNP-ALP,ON>IND>GRN>OTH,0.2732358335804922,0.7267641664195079,ON>IND>GRN>OTH,0.3498882120812215,0.6501117879187785,IND>GRN>OTH>LNP,Northern Victoria,LNP,LNP,ALP,0.726763609695189,0.273236390304811,0.22676360969518905,LNP-ALP,ON>IND>GRN>OTH,0.273236390304811,0.726763609695189,ON>IND>GRN>OTH,0.3498882120812215,0.6501117879187785,IND>GRN>OTH>LNP,2022,no_constraints
Narracan,Eastern Victoria,LNP,LNP,ALP,0.5615369493286972,0.4384630506713027,0.061536949328697244,LNP-ALP,ON>OTH>IND>GRN,0.4384630506713027,0.5615369493286972,ON>OTH>IND>GRN,0.5313503301644417,0.4686496698355584,OTH>IND>GRN>LNP,Eastern Victoria,LNP,LNP,ALP,0.5616750646823111,0.43832493531768885,0.0616750646823111,LNP-ALP,ON>OTH>IND>GRN,0.43832493531768885,0.5616750646823111,ON>OTH>IND>GRN,0.5301441884923728,0.4698558115076273,OTH>IND>GRN>LNP,2022,no_constraints
Narre Warren North,South-Eastern Metro,ALP,ALP,LNP,0.6148192983861064,0.38518070161389356,0.11481929838610638,ALP-LNP,ON>IND>GRN>OTH,0.6148192983861064,0.38518070161389356,ON>IND>GRN>OTH,0.6797428850820793,0.32025711491792086,IND>GRN>OTH>LNP,South-Eastern Metro,ALP,ALP,LNP,0.6148192983861064,0.38518070161389356,0.11481929838610638,ALP-LNP,ON>IND>GRN>OTH,0.6148192983861064,0.38518070161389356,ON>IND>GRN>OTH,0.6797428850820793,0.32025711491792086,IND>GRN>OTH>LNP,2022,no_constraints
Narre Warren South,South-Eastern Metro,ALP,ALP,LNP,0.6123212515322608,0.38767874846773925,0.1123212515322608,ALP-LNP,ON>IND>GRN>OTH,0.6123212515322608,0.38767874846773925,ON>IND>GRN>OTH,0.680421315667296,0.3195786843327041,IND>GRN>OTH>LNP,South-Eastern Metro,ALP,ALP,LNP,0.6123127462983913,0.38768725370160884,0.11231274629839127,ALP-LNP,ON>IND>GRN>OTH,0.6123127462983913,0.38768725370160884,ON>IND>GRN>OTH,0.6803773229389329,0.3196226770610671,IND>GRN>OTH>LNP,2022,no_constraints
Nepean,Eastern Victoria,LNP,LNP,ALP,0.5674588505159742,0.4325411494840258,0.06745885051597422,LNP-ALP,ON>IND>OTH>GRN,0.4325411494840258,0.5674588505159742,ON>IND>OTH>GRN,0.51730777136394,0.48269222863606,IND>OTH>GRN>LNP,Eastern Victoria,LNP,LNP,ALP,0.5674579373660746,0.4325420626339253,0.06745793736607464,LNP-ALP,ON>IND>OTH>GRN,0.4325420626339253,0.5674579373660746,ON>IND>OTH>GRN,0.51730777136394,0.48269222863606,IND>OTH>GRN>LNP,2022,no_constraints
Niddrie,Western Metro,ALP,ALP,LNP,0.5792293272210983,0.4207706727789017,0.07922932722109832,ALP-LNP,IND>ON>GRN>OTH,0.5792293272210983,0.4207706727789017,IND>ON>GRN>OTH,0.7044537846282792,0.2955462153717208,IND>GRN>OTH>LNP,Western Metro,ALP,ALP,LNP,0.5792293272210983,0.4207706727789017,0.07922932722109832,ALP-LNP,IND>ON>GRN>OTH,0.5792293272210983,0.4207706727789017,IND>ON>GRN>OTH,0.7044537846282792,0.2955462153717208,IND>GRN>OTH>LNP,2022,no_constraints
Northcote,Northern Metro,ALP,ALP,GRN,0.5116428506302505,0.48835714936974944,0.0116428506302505,ALP-GRN,ON>IND>LNP>OTH,0.8083732297443775,0.19162677025562252,ON>IND>OTH>GRN,0.8833816656181959,0.1166183343818041,IND>LNP>OTH>GRN,Northern Metro,ALP,ALP,GRN,0.5116428506302505,0.48835714936974944,0.0116428506302505,ALP-GRN,ON>IND>LNP>OTH,0.8079195433852342,0.19208045661476586,ON>IND>OTH>GRN,0.8833818786066914,0.11661812139330871,IND>LNP>OTH>GRN,2022,no_constraints
Oakleigh,Southern Metro,ALP,ALP,LNP,0.6371312521804469,0.3628687478195531,0.13713125218044686,ALP-LNP,ON>IND>OTH>GRN,0.6371312521804469,0.3628687478195531,ON>IND>OTH>GRN,0.7476486325260296,0.25235136747397036,IND>OTH>GRN>LNP,Southern Metro,ALP,ALP,LNP,0.6371312521804469,0.3628687478195531,0.13713125218044686,ALP-LNP,ON>IND>OTH>GRN,0.6371312521804469,0.3628687478195531,ON>IND>OTH>GRN,0.7476486325260296,0.25235136747397036,IND>OTH>GRN>LNP,2022,no_constraints
Ovens Valley,Northern Victoria,LNP,LNP,ALP,0.6465055772999669,0.353494422700033,0.14650557729996694,LNP-ALP,ON>IND>GRN>OTH,0.353494422700033,0.6465055772999669,ON>IND>GRN>OTH,0.3951735089367771,0.604826491063223,IND>GRN>OTH>LNP,Northern Victoria,LNP,LNP,ALP,0.6465051566928421,0.3534948433071579,0.14650515669284214,LNP-ALP,ON>IND>GRN>OTH,0.3534948433071579,0.6465051566928421,ON>IND>GRN>OTH,0.3951735089367771,0.604826491063223,IND>GRN>OTH>LNP,2022,no_constraints
Pakenham,Eastern Victoria,ALP,ALP,LNP,0.5007916723805941,0.49920832761940603,0.0007916723805940773,ALP-LNP,ON>GRN>IND>OTH,0.5007916723805941,0.49920832761940603,ON>GRN>IND>OTH,0.5311847194646996,0.46881528053530047,GRN>IND>OTH>LNP,Eastern Victoria,ALP,ALP,LNP,0.5007920821268574,0.4992079178731426,0.0007920821268574407,ALP-LNP,ON>GRN>IND>OTH,0.5007920821268574,0.4992079178731426,ON>GRN>IND>OTH,0.5311847194646996,0.46881528053530047,GRN>IND>OTH>LNP,2022,no_constraints
Pascoe Vale,Northern Metro,ALP,ALP,GRN,0.5581752962835442,0.44182470371645577,0.05817529628354423,ALP-GRN,ON>IND>OTH>LNP,0.6984183808526022,0.30158161914739773,ON>IND>OTH>GRN,0.8111366009114208,0.18886339908857916,IND>OTH>LNP>GRN,Northern Metro,ALP,ALP,GRN,0.5581752962835442,0.44182470371645577,0.05817529628354423,ALP-GRN,ON>IND>OTH>LNP,0.6978708723520046,0.3021291276479953,ON>IND>OTH>GRN,0.8111366009114208,0.18886339908857916,IND>OTH>LNP>GRN,2022,no_constraints
Point Cook,Western Metro,ALP,ALP,LNP,0.608153446843965,0.391846553156035,0.108153446843965,ALP-LNP,ON>GRN>IND>OTH,0.608153446843965,0.391846553156035,ON>GRN>IND>OTH,0.6589813220742567,0.34101867792574325,GRN>IND>OTH>LNP,Western Metro,ALP,ALP,LNP,0.608153446843965,0.391846553156035,0.108153446843965,ALP-LNP,ON>GRN>IND>OTH,0.608153446843965,0.391846553156035,ON>GRN>IND>OTH,0.6589813220742567,0.34101867792574325,GRN>IND>OTH>LNP,2022,no_constraints
Polwarth,Western Victoria,LNP,LNP,ALP,0.5424499281160987,0.45755007188390134,0.04244992811609871,LNP-ALP,ON>IND>OTH>GRN,0.45755007188390134,0.5424499281160987,ON>IND>OTH>GRN,0.5142058901070178,0.4857941098929823,IND>OTH>GRN>LNP,Western Victoria,LNP,LNP,ALP,0.5424480133946256,0.4575519866053745,0.04244801339462556,LNP-ALP,ON>IND>OTH>GRN,0.4575519866053745,0.5424480133946256,ON>IND>OTH>GRN,0.5142058901070178,0.4857941098929823,IND>OTH>GRN>LNP,2022,no_constraints
Prahran,Southern Metro,Greens,GRN,LNP,0.6175920904187144,0.3824079095812856,0.11759209041871443,GRN-LNP,ON>IND>OTH>ALP,0.6293756662034999,0.3706243337965,ON>IND>OTH>GRN,0.8017950212771487,0.1982049787228513,IND>OTH>LNP>GRN,Southern Metro,Greens,GRN,LNP,0.6175920904187144,0.3824079095812856,0.11759209041871443,GRN-LNP,ON>IND>OTH>ALP,0.6289242077047406,0.3710757922952594,ON>IND>OTH>GRN,0.8017950212771487,0.1982049787228513,IND>OTH>LNP>GRN,2022,no_constraints
Preston,Northern Metro,ALP,ALP,GRN,0.5986255861430387,0.4013744138569614,0.09862558614303873,ALP-GRN,ON>IND>OTH>LNP,0.6884323239855228,0.31156767601447727,ON>IND>OTH>GRN,0.8043205246721818,0.19567947532781801,IND>OTH>LNP>GRN,Northern Metro,ALP,ALP,GRN,0.5986255861430387,0.4013744138569614,0.09862558614303873,ALP-GRN,ON>IND>OTH>LNP,0.6880578004325156,0.31194219956748437,ON>IND>OTH>GRN,0.8043205246721818,0.19567947532781801,IND>OTH>LNP>GRN,2022,no_constraints
Richmond,Northern Metro,GRN,GRN,ALP,0.5409588615887525,0.45904113841124744,0.040958861588752504,GRN-ALP,ON>IND>OTH>LNP,0.7865096067183153,0.21349039328168465,ON>IND>OTH>GRN,0.8774561799379856,0.1225438200620143,IND>LNP>OTH>GRN,Northern Metro,GRN,GRN,ALP,0.5409588615887525,0.45904113841124744,0.040958861588752504,GRN-ALP,ON>IND>OTH>LNP,0.7860157249661311,0.21398427503386877,ON>IND>OTH>GRN,0.8774561799379856,0.1225438200620143,IND>LNP>OTH>GRN,2022,no_constraints
Ringwood,North-Eastern Metro,LNP,ALP,LNP,0.561991868519926,0.43800813148007395,0.061991868519926,ALP-LNP,IND>ON>OTH>GRN,0.561991868519926,0.43800813148007395,IND>ON>OTH>GRN,0.6679222644036729,0.33207773559632714,IND>OTH>GRN>LNP,North-Eastern Metro,LNP,ALP,LNP,0.561991868519926,0.43800813148007395,0.061991868519926,ALP-LNP,IND>ON>OTH>GRN,0.561991868519926,0.43800813148007395,IND>ON>OTH>GRN,0.6679222644036729,0.33207773559632714,IND>OTH>GRN>LNP,2022,no_constraints
Ripon,Western Victoria,ALP,ALP,LNP,0.5201792604001747,0.47982073959982535,0.020179260400174703,ALP-LNP,ON>IND>GRN>OTH,0.5201792604001747,0.47982073959982535,ON>IND>GRN>OTH,0.5387399044942222,0.4612600955057779,IND>GRN>OTH>LNP,Western Victoria,ALP,ALP,LNP,0.5201797598397779,0.4798202401602221,0.020179759839777933,ALP-LNP,ON>IND>GRN>OTH,0.5201797598397779,0.4798202401602221,ON>IND>GRN>OTH,0.5387383674458404,0.4612616325541597,IND>GRN>OTH>LNP,2022,no_constraints
Rowville,South-Eastern Metro,LNP,LNP,ALP,0.5349868205084966,0.46501317949150345,0.03498682050849655,LNP-ALP,ON>OTH>GRN>IND,0.46501317949150345,0.5349868205084966,ON>OTH>GRN>IND,0.6058858693600359,0.3941141306399642,OTH>GRN>IND>LNP,South-Eastern Metro,LNP,LNP,ALP,0.5349868205084966,0.46501317949150345,0.03498682050849655,LNP-ALP,ON>OTH>GRN>IND,0.46501317949150345,0.5349868205084966,ON>OTH>GRN>IND,0.6058612423130946,0.3941387576869054,OTH>GRN>IND>LNP,2022,no_constraints
Sandringham,Southern Metro,LNP,LNP,ALP,0.5492490974304051,0.45075090256959494,0.049249097430405064,LNP-ALP,ON>IND>OTH>GRN,0.45075090256959494,0.5492490974304051,ON>IND>OTH>GRN,0.6260947311734328,0.37390526882656716,IND>OTH>GRN>LNP,Southern Metro,LNP,LNP,ALP,0.5492490974304051,0.45075090256959494,0.049249097430405064,LNP-ALP,ON>IND>OTH>GRN,0.45075090256959494,0.5492490974304051,ON>IND>OTH>GRN,0.6260947311734328,0.37390526882656716,IND>OTH>GRN>LNP,2022,no_constraints
Shepparton,Northern Victoria,LNP,LNP,IND,0.5430150091413221,0.45698499085867794,0.04301500914132206,LNP-IND,ON>GRN>OTH>ALP,0.3299572912116467,0.6700427087883533,ON>GRN>OTH>IND,0.42935767327442415,0.5706423267255758,GRN>OTH>IND>LNP,Northern Victoria,LNP,LNP,IND,0.5430146501747725,0.45698534982522754,0.04301465017477246,LNP-IND,ON>GRN>OTH>ALP,0.3299577359742231,0.6700422640257768,ON>GRN>OTH>IND,0.42935767327442415,0.5706423267255758,GRN>OTH>IND>LNP,2022,no_constraints
South Barwon,Western Victoria,ALP,ALP,LNP,0.5664980796491199,0.4335019203508801,0.06649807964911991,ALP-LNP,IND>ON>GRN>OTH,0.5664980796491199,0.4335019203508801,IND>ON>GRN>OTH,0.6334781927166019,0.36652180728339817,IND>GRN>OTH>LNP,Western Victoria,ALP,ALP,LNP,0.5664980796491199,0.4335019203508801,0.06649807964911991,ALP-LNP,IND>ON>GRN>OTH,0.5664980796491199,0.4335019203508801,IND>ON>GRN>OTH,0.6334781927166019,0.36652180728339817,IND>GRN>OTH>LNP,2022,no_constraints
South-West Coast,Western Victoria,LNP,LNP,IND,0.5627752742071961,0.43722472579280397,0.06277527420719609,LNP-IND,ON>GRN>OTH>ALP,0.403392772814337,0.5966072271856631,ON>GRN>OTH>IND,0.4443815937119506,0.5556184062880495,GRN>OTH>IND>LNP,Western Victoria,LNP,LNP,IND,0.5627750549257571,0.437224945074243,0.06277505492575708,LNP-IND,ON>GRN>OTH>ALP,0.4033847542615768,0.5966152457384233,ON>GRN>OTH>IND,0.44433360065859306,0.5556663993414069,GRN>OTH>IND>LNP,2022,no_constraints
St Albans,Western Metro,ALP,ALP,LNP,0.6283558066707888,0.37164419332921117,0.12835580667078883,ALP-LNP,ON>IND>GRN>OTH,0.6283558066707888,0.37164419332921117,ON>IND>GRN>OTH,0.701260723136176,0.29873927686382395,IND>GRN>OTH>LNP,Western Metro,ALP,ALP,LNP,0.6283558066707888,0.37164419332921117,0.12835580667078883,ALP-LNP,ON>IND>GRN>OTH,0.6283558066707888,0.37164419332921117,ON>IND>GRN>OTH,0.701260723136176,0.29873927686382395,IND>GRN>OTH>LNP,2022,no_constraints
Sunbury,Western Metro,ALP,ALP,LNP,0.5724067784764394,0.42759322152356066,0.07240677847643939,ALP-LNP,ON>IND>GRN>OTH,0.5724067784764394,0.42759322152356066,ON>IND>GRN>OTH,0.6046066385055862,0.39539336149441395,IND>GRN>OTH>LNP,Western Metro,ALP,ALP,LNP,0.5724072436394155,0.4275927563605845,0.07240724363941553,ALP-LNP,ON>IND>GRN>OTH,0.5724072436394155,0.4275927563605845,ON>IND>GRN>OTH,0.6046066385055862,0.39539336149441395,IND>GRN>OTH>LNP,2022,no_constraints
Sydenham,Western Metro,ALP,ALP,LNP,0.6010159148119649,0.3989840851880352,0.10101591481196492,ALP-LNP,ON>IND>GRN>OTH,0.6010159148119649,0.3989840851880352,ON>IND>GRN>OTH,0.6716085837402609,0.3283914162597392,IND>GRN>OTH>LNP,Western Metro,ALP,ALP,LNP,0.6010159148119649,0.3989840851880352,0.10101591481196492,ALP-LNP,ON>IND>GRN>OTH,0.6010159148119649,0.3989840851880352,ON>IND>GRN>OTH,0.6716085837402609,0.3283914162597392,IND>GRN>OTH>LNP,2022,no_constraints
Tarneit,Western Metro,ALP,ALP,LNP,0.6395412479251436,0.3604587520748565,0.13954124792514355,ALP-LNP,ON>IND>GRN>OTH,0.6395412479251436,0.3604587520748565,ON>IND>GRN>OTH,0.6953235577056975,0.30467644229430246,IND>GRN>OTH>LNP,Western Metro,ALP,ALP,LNP,0.6395412479251436,0.3604587520748565,0.13954124792514355,ALP-LNP,ON>IND>GRN>OTH,0.6395412479251436,0.3604587520748565,ON>IND>GRN>OTH,0.6953235577056975,0.30467644229430246,IND>GRN>OTH>LNP,2022,no_constraints
Thomastown,Northern Metro,ALP,ALP,LNP,0.6814109431265657,0.3185890568734343,0.1814109431265657,ALP-LNP,ON>IND>GRN>OTH,0.6814109431265657,0.3185890568734343,ON>IND>GRN>OTH,0.7250892143403318,0.2749107856596683,IND>GRN>OTH>LNP,Northern Metro,ALP,ALP,LNP,0.6813521660987865,0.31864783390121354,0.18135216609878646,ALP-LNP,ON>IND>GRN>OTH,0.6813521660987865,0.31864783390121354,ON>IND>GRN>OTH,0.7249088106172746,0.2750911893827255,IND>GRN>OTH>LNP,2022,no_constraints
Warrandyte,North-Eastern Metro,LNP,LNP,ALP,0.5507976445246138,0.4492023554753863,0.05079764452461377,LNP-ALP,ON>IND>OTH>GRN,0.4492023554753863,0.5507976445246138,ON>IND>OTH>GRN,0.6091347373026402,0.3908652626973598,IND>OTH>GRN>LNP,North-Eastern Metro,LNP,LNP,ALP,0.5507976445246138,0.4492023554753863,0.05079764452461377,LNP-ALP,ON>IND>OTH>GRN,0.4492023554753863,0.5507976445246138,ON>IND>OTH>GRN,0.6091347373026402,0.3908652626973598,IND>OTH>GRN>LNP,2022,no_constraints
Wendouree,Western Victoria,ALP,ALP,LNP,0.6034131343544951,0.396586865645505,0.10341313435449506,ALP-LNP,ON>IND>GRN>OTH,0.6034131343544951,0.396586865645505,ON>IND>GRN>OTH,0.6660471873043714,0.3339528126956286,IND>GRN>OTH>LNP,Western Victoria,ALP,ALP,LNP,0.6034135332894873,0.39658646671051273,0.10341353328948732,ALP-LNP,ON>IND>GRN>OTH,0.6034135332894873,0.39658646671051273,ON>IND>GRN>OTH,0.6660471873043714,0.3339528126956286,IND>GRN>OTH>LNP,2022,no_constraints
Werribee,Western Metro,ALP,ALP,LNP,0.6054305957311088,0.39456940426889126,0.1054305957311088,ALP-LNP,ON>GRN>IND>OTH,0.6054305957311088,0.39456940426889126,ON>GRN>IND>OTH,0.6158956578138357,0.38410434218616435,GRN>IND>OTH>LNP,Western Metro,ALP,ALP,LNP,0.6054309759349923,0.39456902406500766,0.10543097593499229,ALP-LNP,ON>GRN>IND>OTH,0.6054309759349923,0.39456902406500766,ON>GRN>IND>OTH,0.6158956578138357,0.38410434218616435,GRN>IND>OTH>LNP,2022,no_constraints
Williamstown,Western Metro,ALP,ALP,LNP,0.6546355744231689,0.34536442557683117,0.1546355744231689,ALP-LNP,ON>IND>OTH>GRN,0.6546355744231689,0.34536442557683117,ON>IND>OTH>GRN,0.7759218540629672,0.22407814593703276,IND>OTH>GRN>LNP,Western Metro,ALP,ALP,LNP,0.6542384588752814,0.3457615411247186,0.15423845887528143,ALP-LNP,ON>IND>OTH>GRN,0.6542384588752814,0.3457615411247186,ON>IND>OTH>GRN,0.7745513084228449,0.22544869157715505,IND>OTH>GRN>LNP,2022,no_constraints
Yan Yean,Northern Victoria,ALP,ALP,LNP,0.5736594622387053,0.42634053776129466,0.07365946223870534,ALP-LNP,IND>ON>GRN>OTH,0.5736594622387053,0.42634053776129466,IND>ON>GRN>OTH,0.5978830494192148,0.40211695058078534,IND>GRN>OTH>LNP,Northern Victoria,ALP,ALP,LNP,0.5736594622387053,0.42634053776129466,0.07365946223870534,ALP-LNP,IND>ON>GRN>OTH,0.5736594622387053,0.42634053776129466,IND>ON>GRN>OTH,0.5978830494192148,0.40211695058078534,IND>GRN>OTH>LNP,2022,no_constraints
Albert Park,Southern Metro,ALP,ALP,LNP,0.6298833931387776,0.37011660686122233,0.12988339313877761,ALP-LNP,ON>IND>OTH>GRN,0.6298833931387776,0.37011660686122233,ON>IND>OTH>GRN,0.7719313346535858,0.22806866534641423,IND>OTH>GRN>LNP,Southern Metro,ALP,ALP,LNP,0.6298586786064749,0.37014132139352507,0.12985867860647493,ALP-LNP,ON>IND>OTH>GRN,0.6298586786064749,0.37014132139352507,ON>IND>OTH>GRN,0.7698369797512142,0.23016302024878574,IND>OTH>GRN>LNP,2022,no_synthetic_priority
Ashwood,Southern Metro,ALP,ALP,LNP,0.5490156858988043,0.45098431410119577,0.04901568589880434,ALP-LNP,ON>IND>OTH>GRN,0.5490156858988043,0.45098431410119577,ON>IND>OTH>GRN,0.7104920092261859,0.28950799077381417,IND>OTH>GRN>LNP,Southern Metro,ALP,ALP,LNP,0.5489907253085564,0.45100927469144364,0.048990725308556415,ALP-LNP,ON>IND>OTH>GRN,0.5489907253085564,0.45100927469144364,ON>IND>OTH>GRN,0.708752044104253,0.29124795589574703,IND>OTH>GRN>LNP,2022,no_synthetic_priority
Bass,Eastern Victoria,ALP,LNP,ALP,0.5177813031183717,0.4822186968816284,0.017781303118371672,LNP-ALP,ON>IND>GRN>OTH,0.4822186968816284,0.5177813031183717,ON>IND>GRN>OTH,0.5205996711435869,0.47940032885641326,IND>GRN>OTH>LNP,Eastern Victoria,ALP,LNP,ALP,0.5178511601642946,0.48214883983570545,0.017851160164294555,LNP-ALP,ON>IND>GRN>OTH,0.48214883983570545,0.5178511601642946,ON>IND>GRN>OTH,0.518320707951188,0.481679292048812,IND>GRN>OTH>LNP,2022,no_synthetic_priority
Bayswater,North-Eastern Metro,ALP,ALP,LNP,0.5243412424199817,0.4756587575800183,0.0243412424199817,ALP-LNP,ON>IND>GRN>OTH,0.5243412424199817,0.4756587575800183,ON>IND>GRN>OTH,0.6357786308898974,0.36422136911010267,IND>GRN>OTH>LNP,North-Eastern Metro,ALP,ALP,LNP,0.5243042346996111,0.475695765300389,0.02430423469961107,ALP-LNP,ON>IND>GRN>OTH,0.5243042346996111,0.475695765300389,ON>IND>GRN>OTH,0.6354784182260803,0.3645215817739197,IND>GRN>OTH>LNP,2022,no_synthetic_priority
Bellarine,Western Victoria,ALP,ALP,LNP,0.5739491891511262,0.4260508108488738,0.07394918915112625,ALP-LNP,ON>IND>OTH>GRN,0.5739491891511262,0.4260508108488738,ON>IND>OTH>GRN,0.6253424328761488,0.3746575671238513,IND>OTH>GRN>LNP,Western Victoria,ALP,ALP,LNP,0.5739079583547639,0.4260920416452361,0.07390795835476394,ALP-LNP,ON>IND>OTH>GRN,0.5739079583547639,0.4260920416452361,ON>IND>OTH>GRN,0.6220542391045781,0.37794576089542187,IND>OTH>GRN>LNP,2022,no_synthetic_priority
Benambra,Northern Victoria,LNP,LNP,IND,0.5265287491728101,0.4734712508271899,0.026528749172810118,LNP-IND,ON>GRN>OTH>ALP,0.34016412398281165,0.6598358760171884,ON>GRN>OTH>IND,0.36996589821808873,0.6300341017819112,GRN>OTH>IND>LNP,Northern Victoria,LNP,LNP,IND,0.526596932059948,0.4734030679400521,0.026596932059947953,LNP-IND,ON>GRN>OTH>ALP,0.34009642196916756,0.6599035780308324,ON>GRN>OTH>IND,0.3698017188008497,0.6301982811991503,GRN>OTH>IND>LNP,2022,no_synthetic_priority
Bendigo East,Northern Victoria,ALP,ALP,LNP,0.5993491899353545,0.40065081006464565,0.09934918993535446,ALP-LNP,ON>IND>OTH>GRN,0.5993491899353545,0.40065081006464565,ON>IND>OTH>GRN,0.674704719027301,0.325295280972699,IND>OTH>GRN>LNP,Northern Victoria,ALP,ALP,LNP,0.5992950749444832,0.40070492505551686,0.0992950749444832,ALP-LNP,ON>IND>OTH>GRN,0.5992950749444832,0.40070492505551686,ON>IND>OTH>GRN,0.6704287472697776,0.32957125273022236,IND>OTH>GRN>LNP,2022,no_synthetic_priority
Bendigo West,Northern Victoria,ALP,ALP,LNP,0.637350580463847,0.3626494195361531,0.13735058046384696,ALP-LNP,ON>IND>GRN>OTH,0.637350580463847,0.3626494195361531,ON>IND>GRN>OTH,0.673368222254698,0.326631777745302,IND>GRN>OTH>LNP,Northern Victoria,ALP,ALP,LNP,0.637300201850661,0.36269979814933895,0.13730020185066105,ALP-LNP,ON>IND>GRN>OTH,0.637300201850661,0.36269979814933895,ON>IND>GRN>OTH,0.6725502258912335,0.3274497741087666,IND>GRN>OTH>LNP,2022,no_synthetic_priority
Bentleigh,Southern Metro,ALP,ALP,LNP,0.5816510378998343,0.4183489621001658,0.0816510378998343,ALP-LNP,ON>IND>OTH>GRN,0.5816510378998343,0.4183489621001658,ON>IND>OTH>GRN,0.7221196977565976,0.27788030224340254,IND>OTH>GRN>LNP,Southern Metro,ALP,ALP,LNP,0.5816167081041431,0.418383291895857,0.08161670810414312,ALP-LNP,ON>IND>OTH>GRN,0.5816167081041431,0.418383291895857,ON>IND>OTH>GRN,0.7204917020363042,0.27950829796369586,IND>OTH>GRN>LNP,2022,no_synthetic_priority
Berwick,South-Eastern Metro,LNP,LNP,ALP,0.5432866182461231,0.4567133817538769,0.04328661824612312,LNP-ALP,IND>ON>OTH>GRN,0.4567133817538769,0.5432866182461231,IND>ON>OTH>GRN,0.5460238389849656,0.45397616101503435,IND>OTH>GRN>LNP,South-Eastern Metro,LNP,LNP,ALP,0.5432866182461231,0.4567133817538769,0.04328661824612312,LNP-ALP,IND>ON>OTH>GRN,0.4567133817538769,0.5432866182461231,IND>ON>OTH>GRN,0.5400455339918606,0.4599544660081394,IND>OTH>GRN>LNP,2022,no_synthetic_priority
Box Hill,North-Eastern Metro,ALP,ALP,LNP,0.5595428291718979,0.44045717082810215,0.059542829171897904,ALP-LNP,ON>IND>OTH>GRN,0.5595428291718979,0.44045717082810215,ON>IND>OTH>GRN,0.7088731338749642,0.29112686612503574,IND>OTH>GRN>LNP,North-Eastern Metro,ALP,ALP,LNP,0.5595205584867091,0.44047944151329094,0.05952055848670912,ALP-LNP,ON>IND>OTH>GRN,0.5595205584867091,0.44047944151329094,ON>IND>OTH>GRN,0.7068467448167418,0.29315325518325824,IND>OTH>GRN>LNP,2022,no_synthetic_priority
Brighton,Southern Metro,LNP,LNP,ALP,0.5353157670007322,0.4646842329992678,0.035315767000732246,LNP-ALP,ON>OTH>IND>GRN,0.4646842329992678,0.5353157670007322,ON>OTH>IND>GRN,0.6889305541573284,0.3110694458426717,OTH>IND>GRN>LNP,Southern Metro,LNP,LNP,ALP,0.5353336398007497,0.46466636019925034,0.03533363980074966,LNP-ALP,ON>OTH>IND>GRN,0.46466636019925034,0.5353336398007497,ON>OTH>IND>GRN,0.6866242778347494,0.3133757221652506,OTH>IND>GRN>LNP,2022,no_synthetic_priority
Broadmeadows,Northern Metro,ALP,ALP,LNP,0.6690718396616908,0.3309281603383093,0.16907183966169081,ALP-LNP,ON>IND>GRN>OTH,0.6690718396616908,0.3309281603383093,ON>IND>GRN>OTH,0.6954772627276217,0.30452273727237833,IND>GRN>OTH>LNP,Northern Metro,ALP,ALP,LNP,0.6690291004858195,0.33097089951418046,0.16902910048581954,ALP-LNP,ON>IND>GRN>OTH,0.6690291004858195,0.33097089951418046,ON>IND>GRN>OTH,0.6942377120998277,0.30576228790017246,IND>GRN>OTH>LNP,2022,no_synthetic_priority
Brunswick,Northern Metro,GRN,GRN,ALP,0.5967371871607792,0.4032628128392209,0.09673718716077917,GRN-ALP,ON>IND>LNP>OTH,0.8229191096512413,0.17708089034875876,ON>IND>OTH>GRN,0.8811068729273661,0.11889312707263383,IND>LNP>OTH>GRN,Northern Metro,GRN,GRN,ALP,0.5967317126448386,0.40326828735516146,0.0967317126448386,GRN-ALP,ON>IND>LNP>OTH,0.8228976101809578,0.17710238981904228,ON>IND>OTH>GRN,0.8819666583817142,0.11803334161828588,IND>LNP>OTH>GRN,2022,no_synthetic_priority
Bulleen,North-Eastern Metro,LNP,LNP,ALP,0.5571168052198945,0.44288319478010557,0.057116805219894484,LNP-ALP,ON>IND>OTH>GRN,0.44288319478010557,0.5571168052198945,ON>IND>OTH>GRN,0.6506711871136356,0.34932881288636447,IND>OTH>GRN>LNP,North-Eastern Metro,LNP,LNP,ALP,0.5571426502491057,0.4428573497508944,0.0571426502491057,LNP-ALP,ON>IND>OTH>GRN,0.4428573497508944,0.5571426502491057,ON>IND>OTH>GRN,0.6477046869590136,0.3522953130409865,IND>OTH>GRN>LNP,2022,no_synthetic_priority
Bundoora,North-Eastern Metro,ALP,ALP,LNP,0.6331422619686085,0.36685773803139154,0.13314226196860846,ALP-LNP,ON>IND>OTH>GRN,0.6331422619686085,0.36685773803139154,ON>IND>OTH>GRN,0.741549075196559,0.258450924803441,IND>OTH>GRN>LNP,North-Eastern Metro,ALP,ALP,LNP,0.6331100134018667,0.3668899865981333,0.13311001340186668,ALP-LNP,ON>IND>OTH>GRN,0.6331100134018667,0.3668899865981333,ON>IND>OTH>GRN,0.738645086173715,0.26135491382628495,IND>OTH>GRN>LNP,2022,no_synthetic_priority
Carrum,South-Eastern Metro,ALP,ALP,LNP,0.5997032202757492,0.4002967797242509,0.09970322027574918,ALP-LNP,ON>IND>GRN>OTH,0.5997032202757492,0.4002967797242509,ON>IND>GRN>OTH,0.6377299336668529,0.362270066333147,IND>GRN>OTH>LNP,South-Eastern Metro,ALP,ALP,LNP,0.5996348874504338,0.4003651125495662,0.0996348874504338,ALP-LNP,ON>IND>GRN>OTH,0.5996348874504338,0.4003651125495662,ON>IND>GRN>OTH,0.6368767697334021,0.3631232302665978,IND>GRN>OTH>LNP,2022,no_synthetic_priority
Caulfield,Southern Metro,LNP,LNP,ALP,0.5133540723301807,0.48664592766981934,0.01335407233018071,LNP-ALP,ON>IND>OTH>GRN,0.48664592766981934,0.5133540723301807,ON>IND>OTH>GRN,0.7103710225442764,0.2896289774557236,IND>OTH>GRN>LNP,Southern Metro,LNP,LNP,ALP,0.5133748618611971,0.486625138138803,0.013374861861197074,LNP-ALP,ON>IND>OTH>GRN,0.486625138138803,0.5133748618611971,ON>IND>OTH>GRN,0.708530174358691,0.291469825641309,IND>OTH>GRN>LNP,2022,no_synthetic_priority
Clarinda,South-Eastern Metro,ALP,ALP,LNP,0.60718397747583,0.39281602252417,0.10718397747582997,ALP-LNP,ON>GRN>OTH>IND,0.60718397747583,0.39281602252417,ON>GRN>OTH>IND,0.7215676595350367,0.2784323404649633,GRN>OTH>IND>LNP,South-Eastern Metro,ALP,ALP,LNP,0.6071414346021642,0.39285856539783576,0.10714143460216419,ALP-LNP,ON>GRN>OTH>IND,0.6071414346021642,0.39285856539783576,ON>GRN>OTH>IND,0.7220102721046407,0.2779897278953592,GRN>OTH>IND>LNP,2022,no_synthetic_priority
Cranbourne,South-Eastern Metro,ALP,ALP,LNP,0.5997854270413774,0.40021457295862267,0.09978542704137738,ALP-LNP,ON>IND>GRN>OTH,0.5997854270413774,0.40021457295862267,ON>IND>GRN>OTH,0.664158820428066,0.3358411795719341,IND>GRN>OTH>LNP,South-Eastern Metro,ALP,ALP,LNP,0.5997235428577595,0.4002764571422406,0.09972354285775953,ALP-LNP,ON>IND>GRN>OTH,0.5997235428577595,0.4002764571422406,ON>IND>GRN>OTH,0.6620741208821077,0.33792587911789235,IND>GRN>OTH>LNP,2022,no_synthetic_priority
Croydon,North-Eastern Metro,LNP,LNP,ALP,0.5131812961639656,0.4868187038360345,0.013181296163965572,LNP-ALP,IND>ON>GRN>OTH,0.4868187038360345,0.5131812961639656,IND>ON>GRN>OTH,0.6195432527886501,0.3804567472113499,IND>GRN>OTH>LNP,North-Eastern Metro,LNP,LNP,ALP,0.5131812961639656,0.4868187038360345,0.013181296163965572,LNP-ALP,IND>ON>GRN>OTH,0.4868187038360345,0.5131812961639656,IND>ON>GRN>OTH,0.6193929115798169,0.38060708842018304,IND>GRN>OTH>LNP,2022,no_synthetic_priority
Dandenong,South-Eastern Metro,ALP,ALP,LNP,0.6993533891831745,0.30064661081682553,0.19935338918317447,ALP-LNP,ON>IND>GRN>OTH,0.6993533891831745,0.30064661081682553,ON>IND>GRN>OTH,0.7479092227619109,0.25209077723808915,IND>GRN>OTH>LNP,South-Eastern Metro,ALP,ALP,LNP,0.6993042040845434,0.30069579591545664,0.1993042040845434,ALP-LNP,ON>IND>GRN>OTH,0.6993042040845434,0.30069579591545664,ON>IND>GRN>OTH,0.7465572091480644,0.25344279085193555,IND>GRN>OTH>LNP,2022,no_synthetic_priority
Eildon,Northern Victoria,LNP,LNP,ALP,0.5716624155418712,0.42833758445812875,0.07166241554187125,LNP-ALP,ON>IND>OTH>GRN,0.42833758445812875,0.5716624155418712,ON>IND>OTH>GRN,0.4987194066040692,0.5012805933959308,IND>OTH>GRN>LNP,Northern Victoria,LNP,LNP,ALP,0.5717284375130174,0.42827156248698267,0.07172843751301738,LNP-ALP,ON>IND>OTH>GRN,0.42827156248698267,0.5717284375130174,ON>IND>OTH>GRN,0.4925299223886025,0.5074700776113975,IND>OTH>GRN>LNP,2022,no_synthetic_priority
Eltham,North-Eastern Metro,ALP,ALP,LNP,0.5889387962484504,0.41106120375154964,0.08893879624845036,ALP-LNP,IND>ON>OTH>GRN,0.5889387962484504,0.41106120375154964,IND>ON>OTH>GRN,0.7001556700607887,0.2998443299392113,IND>OTH>GRN>LNP,North-Eastern Metro,ALP,ALP,LNP,0.5889387962484504,0.41106120375154964,0.08893879624845036,ALP-LNP,IND>ON>OTH>GRN,0.5889387962484504,0.41106120375154964,IND>ON>OTH>GRN,0.6985859616435044,0.30141403835649555,IND>OTH>GRN>LNP,2022,no_synthetic_priority
Essendon,Northern Metro,ALP,ALP,LNP,0.6084222205483709,0.3915777794516291,0.10842222054837092,ALP-LNP,ON>IND>OTH>GRN,0.6084222205483709,0.3915777794516291,ON>IND>OTH>GRN,0.7106640002291463,0.2893359997708537,IND>OTH>GRN>LNP,Northern Metro,ALP,ALP,LNP,0.6083770201287849,0.39162297987121514,0.10837702012878492,ALP-LNP,ON>IND>OTH>GRN,0.6083770201287849,0.39162297987121514,ON>IND>OTH>GRN,0.707892515470869,0.2921074845291311,IND>OTH>GRN>LNP,2022,no_synthetic_priority
Eureka,Western Victoria,ALP,ALP,LNP,0.5634388506514049,0.4365611493485951,0.06343885065140487,ALP-LNP,ON>IND>GRN>OTH,0.5634388506514049,0.4365611493485951,ON>IND>GRN>OTH,0.5800955136003326,0.4199044863996673,IND>GRN>OTH>LNP,Western Victoria,ALP,ALP,LNP,0.5633625432815835,0.4366374567184165,0.06336254328158353,ALP-LNP,ON>IND>GRN>OTH,0.5633625432815835,0.4366374567184165,ON>IND>GRN>OTH,0.579171977186337,0.42082802281366305,IND>GRN>OTH>LNP,2022,no_synthetic_priority
Euroa,Northern Victoria,LNP,LNP,ALP,0.6072293964748147,0.3927706035251854,0.10722939647481466,LNP-ALP,IND>ON>GRN>OTH,0.3927706035251854,0.6072293964748147,IND>ON>GRN>OTH,0.46963537741603895,0.530364622583961,IND>GRN>OTH>LNP,Northern Victoria,LNP,LNP,ALP,0.6072293964748147,0.3927706035251854,0.10722939647481466,LNP-ALP,IND>ON>GRN>OTH,0.3927706035251854,0.6072293964748147,IND>ON>GRN>OTH,0.46460280256113823,0.5353971974388618,IND>GRN>OTH>LNP,2022,no_synthetic_priority
Evelyn,Eastern Victoria,LNP,LNP,ALP,0.5568779968211096,0.44312200317889033,0.05687799682110961,LNP-ALP,ON>IND>OTH>GRN,0.44312200317889033,0.5568779968211096,ON>IND>OTH>GRN,0.5319733181824491,0.4680266818175509,IND>OTH>GRN>LNP,Eastern Victoria,LNP,LNP,ALP,0.5569337009757843,0.4430662990242157,0.05693370097578432,LNP-ALP,ON>IND>OTH>GRN,0.4430662990242157,0.5569337009757843,ON>IND>OTH>GRN,0.5269445363677513,0.47305546363224865,IND>OTH>GRN>LNP,2022,no_synthetic_priority
Footscray,Western Metro,ALP,ALP,GRN,0.5757813904827963,0.42421860951720375,0.07578139048279631,ALP-GRN,ON>IND>OTH>LNP,0.7519258845746759,0.24807411542532415,ON>IND>OTH>GRN,0.8845148527396789,0.11548514726032111,IND>OTH>LNP>GRN,Western Metro,ALP,ALP,GRN,0.5757898611579069,0.4242101388420932,0.07578986115790687,ALP-GRN,ON>IND>OTH>LNP,0.7518970078033212,0.2481029921966787,ON>IND>OTH>GRN,0.8976526528213011,0.10234734717869887,IND>OTH>LNP>GRN,2022,no_synthetic_priority
Frankston,South-Eastern Metro,ALP,ALP,LNP,0.5988096966821749,0.40119030331782507,0.09880969668217487,ALP-LNP,ON>IND>GRN>OTH,0.5988096966821749,0.40119030331782507,ON>IND>GRN>OTH,0.6729368980516417,0.3270631019483583,IND>GRN>OTH>LNP,South-Eastern Metro,ALP,ALP,LNP,0.5987585071094935,0.4012414928905064,0.09875850710949352,ALP-LNP,ON>IND>GRN>OTH,0.5987585071094935,0.4012414928905064,ON>IND>GRN>OTH,0.6711410460850834,0.32885895391491654,IND>GRN>OTH>LNP,2022,no_synthetic_priority
Geelong,Western Victoria,ALP,ALP,LNP,0.6199861017019825,0.3800138982980175,0.11998610170198254,ALP-LNP,ON>IND>OTH>GRN,0.6199861017019825,0.3800138982980175,ON>IND>OTH>GRN,0.6629705737378616,0.33702942626213833,IND>OTH>GRN>LNP,Western Victoria,ALP,ALP,LNP,0.6199074887811354,0.3800925112188646,0.11990748878113544,ALP-LNP,ON>IND>OTH>GRN,0.6199074887811354,0.3800925112188646,ON>IND>OTH>GRN,0.6566706854697804,0.3433293145302196,IND>OTH>GRN>LNP,2022,no_synthetic_priority
Gippsland East,Eastern Victoria,LNP,LNP,ALP,0.7166055104196458,0.2833944895803542,0.21660551041964582,LNP-ALP,ON>IND>GRN>OTH,0.2833944895803542,0.7166055104196458,ON>IND>GRN>OTH,0.3692303812792696,0.6307696187207305,IND>GRN>OTH>LNP,Eastern Victoria,LNP,LNP,ALP,0.71669411066297,0.28330588933703005,0.21669411066296995,LNP-ALP,ON>IND>GRN>OTH,0.28330588933703005,0.71669411066297,ON>IND>GRN>OTH,0.36354888921775047,0.6364511107822495,IND>GRN>OTH>LNP,2022,no_synthetic_priority
Gippsland South,Eastern Victoria,LNP,LNP,ALP,0.6476719386245923,0.35232806137540773,0.14767193862459227,LNP-ALP,ON>IND>GRN>OTH,0.35232806137540773,0.6476719386245923,ON>IND>GRN>OTH,0.43554078271458,0.56445921728542,IND>OTH>GRN>LNP,Eastern Victoria,LNP,LNP,ALP,0.6477538570393722,0.3522461429606278,0.14775385703937216,LNP-ALP,ON>IND>GRN>OTH,0.3522461429606278,0.6477538570393722,ON>IND>GRN>OTH,0.43201806789786634,0.5679819321021337,IND>OTH>GRN>LNP,2022,no_synthetic_priority
Glen Waverley,North-Eastern Metro,ALP,ALP,LNP,0.5237673109885643,0.4762326890114356,0.023767310988564327,ALP-LNP,IND>ON>OTH>GRN,0.5237673109885643,0.4762326890114356,IND>ON>OTH>GRN,0.6914296211818735,0.30857037881812655,IND>OTH>GRN>LNP,North-Eastern Metro,ALP,ALP,LNP,0.5237673109885643,0.4762326890114356,0.023767310988564327,ALP-LNP,IND>ON>OTH>GRN,0.5237673109885643,0.4762326890114356,IND>ON>OTH>GRN,0.6898950677318648,0.3101049322681351,IND>OTH>GRN>LNP,2022,no_synthetic_priority
Greenvale,Northern Metro,ALP,ALP,LNP,0.6268917248983911,0.3731082751016089,0.12689172489839107,ALP-LNP,ON>IND>GRN>OTH,0.6268917248983911,0.3731082751016089,ON>IND>GRN>OTH,0.6769464387496609,0.32305356125033907,IND>GRN>OTH>LNP,Northern Metro,ALP,ALP,LNP,0.6268582802367328,0.3731417197632671,0.12685828023673285,ALP-LNP,ON>IND>GRN>OTH,0.6268582802367328,0.3731417197632671,ON>IND>GRN>OTH,0.6753642957743271,0.32463570422567295,IND>GRN>OTH>LNP,2022,no_synthetic_priority
Hastings,Eastern Victoria,ALP,ALP,LNP,0.5049532805310921,0.4950467194689079,0.004953280531092119,ALP-LNP,ON>IND>GRN>OTH,0.5049532805310921,0.4950467194689079,ON>IND>GRN>OTH,0.5527928758180758,0.4472071241819242,IND>GRN>OTH>LNP,Eastern Victoria,ALP,ALP,LNP,0.5048849537209477,0.4951150462790524,0.00488495372094766,ALP-LNP,ON>IND>GRN>OTH,0.5048849537209477,0.4951150462790524,ON>IND>GRN>OTH,0.5522748389250808,0.4477251610749192,IND>GRN>OTH>LNP,2022,no_synthetic_priority
Hawthorn,Southern Metro,LNP,ALP,LNP,0.5012999629144618,0.49870003708553823,0.001299962914461772,ALP-LNP,ON>OTH>GRN>IND,0.5012999629144618,0.49870003708553823,ON>OTH>GRN>IND,0.7158599910493332,0.2841400089506669,OTH>GRN>IND>LNP,Southern Metro,LNP,ALP,LNP,0.5012867359076838,0.4987132640923162,0.0012867359076838003,ALP-LNP,ON>OTH>GRN>IND,0.5012867359076838,0.4987132640923162,ON>OTH>GRN>IND,0.7227163433350057,0.27728365666499427,OTH>GRN>IND>LNP,2022,no_synthetic_priority
Ivanhoe,North-Eastern Metro,ALP,ALP,LNP,0.6225968582889737,0.37740314171102624,0.12259685828897371,ALP-LNP,ON>IND>OTH>GRN,0.6225968582889737,0.37740314171102624,ON>IND>OTH>GRN,0.7404990631687158,0.25950093683128417,IND>OTH>GRN>LNP,North-Eastern Metro,ALP,ALP,LNP,0.6225646771058513,0.3774353228941487,0.12256467710585128,ALP-LNP,ON>IND>OTH>GRN,0.6225646771058513,0.3774353228941487,ON>IND>OTH>GRN,0.7391123158086611,0.26088768419133884,IND>OTH>GRN>LNP,2022,no_synthetic_priority
Kalkallo,Northern Metro,ALP,ALP,LNP,0.6593236665135764,0.34067633348642357,0.15932366651357643,ALP-LNP,ON>IND>GRN>OTH,0.6593236665135764,0.34067633348642357,ON>IND>GRN>OTH,0.6715658276752582,0.32843417232474176,IND>GRN>OTH>LNP,Northern Metro,ALP,ALP,LNP,0.6592732548613143,0.3407267451386858,0.15927325486131427,ALP-LNP,ON>IND>GRN>OTH,0.6592732548613143,0.3407267451386858,ON>IND>GRN>OTH,0.6682014717077963,0.3317985282922037,IND>GRN>OTH>LNP,2022,no_synthetic_priority
Kew,Southern Metro,LNP,LNP,ALP,0.5361389210491162,0.46386107895088374,0.0361389210491162,LNP-ALP,ON>OTH>GRN>IND,0.46386107895088374,0.5361389210491162,ON>OTH>GRN>IND,0.7003167326932727,0.2996832673067273,OTH>GRN>IND>LNP,Southern Metro,LNP,LNP,ALP,0.5361526032790547,0.46384739672094527,0.036152603279054674,LNP-ALP,ON>OTH>GRN>IND,0.46384739672094527,0.5361526032790547,ON>OTH>GRN>IND,0.706756752929058,0.2932432470709419,OTH>GRN>IND>LNP,2022,no_synthetic_priority
Kororoit,Western Metro,ALP,ALP,LNP,0.6505788623999019,0.3494211376000981,0.15057886239990192,ALP-LNP,ON>IND>GRN>OTH,0.6505788623999019,0.3494211376000981,ON>IND>GRN>OTH,0.6966670839643939,0.303332916035606,IND>GRN>OTH>LNP,Western Metro,ALP,ALP,LNP,0.6505350632422116,0.34946493675778845,0.15053506324221155,ALP-LNP,ON>IND>GRN>OTH,0.6505350632422116,0.34946493675778845,ON>IND>GRN>OTH,0.6970886150931365,0.3029113849068636,IND>GRN>OTH>LNP,2022,no_synthetic_priority
Lara,Western Victoria,ALP,ALP,LNP,0.6662770128137344,0.33372298718626553,0.16627701281373441,ALP-LNP,ON>IND>GRN>OTH,0.6662770128137344,0.33372298718626553,ON>IND>GRN>OTH,0.6695491823445355,0.3304508176554644,IND>GRN>OTH>LNP,Western Victoria,ALP,ALP,LNP,0.6661811633695648,0.3338188366304352,0.1661811633695648,ALP-LNP,ON>IND>GRN>OTH,0.6661811633695648,0.3338188366304352,ON>IND>GRN>OTH,0.6687362884881466,0.33126371151185335,IND>GRN>OTH>LNP,2022,no_synthetic_priority
Laverton,Western Metro,ALP,ALP,LNP,0.6685062015098495,0.3314937984901504,0.16850620150984952,ALP-LNP,ON>IND>GRN>OTH,0.6685062015098495,0.3314937984901504,ON>IND>GRN>OTH,0.7231794685194435,0.27682053148055646,IND>GRN>OTH>LNP,Western Metro,ALP,ALP,LNP,0.6684634165159821,0.33153658348401793,0.16846341651598207,ALP-LNP,ON>IND>GRN>OTH,0.6684634165159821,0.33153658348401793,ON>IND>GRN>OTH,0.7228029056986727,0.27719709430132733,IND>GRN>OTH>LNP,2022,no_synthetic_priority
Lowan,Western Victoria,LNP,LNP,ALP,0.7047933435168121,0.2952066564831879,0.2047933435168121,LNP-ALP,ON>IND>GRN>OTH,0.2952066564831879,0.7047933435168121,ON>IND>GRN>OTH,0.38460717183511867,0.6153928281648814,IND>GRN>OTH>LNP,Western Victoria,LNP,LNP,ALP,0.7048672277256453,0.29513277227435475,0.20486722772564525,LNP-ALP,ON>IND>GRN>OTH,0.29513277227435475,0.7048672277256453,ON>IND>GRN>OTH,0.38449590052429766,0.6155040994757024,IND>GRN>OTH>LNP,2022,no_synthetic_priority
Macedon,Northern Victoria,ALP,ALP,LNP,0.5742689755955066,0.4257310244044935,0.0742689755955066,ALP-LNP,ON>IND>OTH>GRN,0.5742689755955066,0.4257310244044935,ON>IND>OTH>GRN,0.6078464881206511,0.392153511879349,IND>OTH>GRN>LNP,Northern Victoria,ALP,ALP,LNP,0.5742062538580066,0.4257937461419935,0.07420625385800661,ALP-LNP,ON>IND>OTH>GRN,0.5742062538580066,0.4257937461419935,ON>IND>OTH>GRN,0.6026832756316239,0.397316724368376,IND>OTH>GRN>LNP,2022,no_synthetic_priority
Malvern,Southern Metro,LNP,LNP,ALP,0.5689049810686219,0.4310950189313782,0.06890498106862186,LNP-ALP,ON>IND>OTH>GRN,0.4310950189313782,0.5689049810686219,ON>IND>OTH>GRN,0.6860415512806763,0.3139584487193237,IND>OTH>GRN>LNP,Southern Metro,LNP,LNP,ALP,0.5689208425594944,0.4310791574405057,0.06892084255949438,LNP-ALP,ON>IND>OTH>GRN,0.4310791574405057,0.5689208425594944,ON>IND>OTH>GRN,0.6841727541053264,0.31582724589467365,IND>OTH>GRN>LNP,2022,no_synthetic_priority
Melbourne,Northern Metro,GRN,GRN,ALP,0.5759930906295504,0.4240069093704496,0.0759930906295504,GRN-ALP,ON>IND>OTH>LNP,0.758411256657226,0.24158874334277403,ON>IND>OTH>GRN,0.8780079375247213,0.12199206247527868,IND>OTH>LNP>GRN,Northern Metro,GRN,GRN,ALP,0.5759861643259107,0.4240138356740894,0.07598616432591065,GRN-ALP,ON>IND>OTH>LNP,0.7583876446919544,0.2416123553080456,ON>IND>OTH>GRN,0.8907012731313586,0.10929872686864142,IND>OTH>LNP>GRN,2022,no_synthetic_priority
Melton,Western Victoria,ALP,ALP,LNP,0.5265231741941235,0.4734768258058765,0.026523174194123533,ALP-LNP,ON>GRN>OTH>IND,0.5265231741941235,0.4734768258058765,ON>GRN>OTH>IND,0.6097887925042137,0.39021120749578625,GRN>OTH>LNP>IND,Western Victoria,ALP,ALP,LNP,0.5264474142648269,0.47355258573517317,0.026447414264826885,ALP-LNP,ON>GRN>OTH>IND,0.5264474142648269,0.47355258573517317,ON>GRN>OTH>IND,0.6084735918899294,0.3915264081100706,GRN>OTH>LNP>IND,2022,no_synthetic_priority
Mildura,Northern Victoria,LNP,IND,LNP,0.5227079467115444,0.4772920532884556,0.022707946711544413,IND-LNP,ON>GRN>OTH>ALP,0.3474891412247954,0.6525108587752046,ON>GRN>OTH>IND,0.49304765208605295,0.5069523479139472,GRN>OTH>LNP>IND,Northern Victoria,LNP,IND,LNP,0.5226305737760435,0.4773694262239565,0.022630573776043494,IND-LNP,ON>GRN>OTH>ALP,0.3474123139774484,0.6525876860225517,ON>GRN>OTH>IND,0.4894761262796124,0.5105238737203875,GRN>OTH>LNP>IND,2022,no_synthetic_priority
Mill Park,North-Eastern Metro,ALP,ALP,LNP,0.6528457942568574,0.3471542057431426,0.1528457942568574,ALP-LNP,IND>ON>GRN>OTH,0.6528457942568574,0.3471542057431426,IND>ON>GRN>OTH,0.703176446688133,0.29682355331186716,IND>GRN>OTH>LNP,North-Eastern Metro,ALP,ALP,LNP,0.6528457942568574,0.3471542057431426,0.1528457942568574,ALP-LNP,IND>ON>GRN>OTH,0.6528457942568574,0.3471542057431426,IND>ON>GRN>OTH,0.7000755817373925,0.29992441826260763,IND>GRN>OTH>LNP,2022,no_synthetic_priority
Monbulk,Eastern Victoria,ALP,ALP,LNP,0.5564284209675271,0.44357157903247285,0.05642842096752709,ALP-LNP,ON>IND>OTH>GRN,0.5564284209675271,0.44357157903247285,ON>IND>OTH>GRN,0.5940559970200394,0.4059440029799605,IND>OTH>GRN>LNP,Eastern Victoria,ALP,ALP,LNP,0.5563729182092338,0.4436270817907662,0.05637291820923385,ALP-LNP,ON>IND>OTH>GRN,0.5563729182092338,0.4436270817907662,ON>IND>OTH>GRN,0.5894697342725213,0.41053026572747875,IND>OTH>GRN>LNP,2022,no_synthetic_priority
Mordialloc,South-Eastern Metro,ALP,ALP,LNP,0.5917782558129825,0.4082217441870176,0.09177825581298249,ALP-LNP,ON>IND>OTH>GRN,0.5917782558129825,0.4082217441870176,ON>IND>OTH>GRN,0.7150183911189304,0.2849816088810697,IND>OTH>GRN>LNP,South-Eastern Metro,ALP,ALP,LNP,0.5917363872688648,0.40826361273113526,0.0917363872688648,ALP-LNP,ON>IND>OTH>GRN,0.5917363872688648,0.40826361273113526,ON>IND>OTH>GRN,0.7134073498891854,0.2865926501108147,IND>OTH>GRN>LNP,2022,no_synthetic_priority
Mornington,Eastern Victoria,LNP,LNP,ALP,0.6014064945404184,0.39859350545958167,0.10140649454041839,LNP-ALP,ON>OTH>GRN>IND,0.39859350545958167,0.6014064945404184,ON>OTH>GRN>IND,0.4699868618460329,0.5300131381539671,OTH>GRN>IND>LNP,Eastern Victoria,LNP,LNP,ALP,0.6014522114508677,0.39854778854913236,0.10145221145086769,LNP-ALP,ON>OTH>GRN>IND,0.39854778854913236,0.6014522114508677,ON>OTH>GRN>IND,0.46651857486319526,0.5334814251368046,OTH>GRN>IND>LNP,2022,no_synthetic_priority
Morwell,Eastern Victoria,LNP,LNP,ALP,0.509341498383249,0.4906585016167509,0.009341498383249047,LNP-ALP,ON>GRN>IND>OTH,0.4906585016167509,0.509341498383249,ON>GRN>IND>OTH,0.537942827330571,0.4620571726694291,GRN>IND>OTH>LNP,Eastern Victoria,LNP,LNP,ALP,0.509449287120632,0.4905507128793681,0.009449287120631977,LNP-ALP,ON>GRN>IND>OTH,0.4905507128793681,0.509449287120632,ON>GRN>IND>OTH,0.5315946159695794,0.4684053840304206,GRN>IND>OTH>LNP,2022,no_synthetic_priority
Mulgrave,South-Eastern Metro,ALP,ALP,LNP,0.6794296747770696,0.3205703252229305,0.17942967477706961,ALP-LNP,ON>GRN>OTH>IND,0.6794296747770696,0.3205703252229305,ON>GRN>OTH>IND,0.7486561023073474,0.25134389769265264,GRN>OTH>IND>LNP,South-Eastern Metro,ALP,ALP,LNP,0.6793883547946803,0.3206116452053197,0.1793883547946803,ALP-LNP,ON>GRN>OTH>IND,0.6793883547946803,0.3206116452053197,ON>GRN>OTH>IND,0.748590478168037,0.25140952183196297,GRN>OTH>IND>LNP,2022,no_synthetic_priority
Murray Plains,Northern Victoria,LNP,LNP,ALP,0.7266797159716073,0.2733202840283928,0.2266797159716073,LNP-ALP,ON>IND>GRN>OTH,0.2733202840283928,0.7266797159716073,ON>IND>GRN>OTH,0.35636251277712044,0.6436374872228796,IND>GRN>OTH>LNP,Northern Victoria,LNP,LNP,ALP,0.726763609695189,0.273236390304811,0.22676360969518905,LNP-ALP,ON>IND>GRN>OTH,0.273236390304811,0.726763609695189,ON>IND>GRN>OTH,0.3498882120812215,0.6501117879187785,IND>GRN>OTH>LNP,2022,no_synthetic_priority
Narracan,Eastern Victoria,LNP,LNP,ALP,0.561604638589612,0.43839536141038815,0.06160463858961196,LNP-ALP,ON>OTH>IND>GRN,0.43839536141038815,0.561604638589612,ON>OTH>IND>GRN,0.5301441884923728,0.4698558115076273,OTH>IND>GRN>LNP,Eastern Victoria,LNP,LNP,ALP,0.5616750646823111,0.43832493531768885,0.0616750646823111,LNP-ALP,ON>OTH>IND>GRN,0.43832493531768885,0.5616750646823111,ON>OTH>IND>GRN,0.5301441884923728,0.4698558115076273,OTH>IND>GRN>LNP,2022,no_synthetic_priority
Narre Warren North,South-Eastern Metro,ALP,ALP,LNP,0.6148799699099641,0.38512003009003587,0.11487996990996407,ALP-LNP,ON>IND>GRN>OTH,0.6148799699099641,0.38512003009003587,ON>IND>GRN>OTH,0.682689083534804,0.31731091646519605,IND>GRN>OTH>LNP,South-Eastern Metro,ALP,ALP,LNP,0.6148192983861064,0.38518070161389356,0.11481929838610638,ALP-LNP,ON>IND>GRN>OTH,0.6148192983861064,0.38518070161389356,ON>IND>GRN>OTH,0.6797428850820793,0.32025711491792086,IND>GRN>OTH>LNP,2022,no_synthetic_priority
Narre Warren South,South-Eastern Metro,ALP,ALP,LNP,0.6123703473777371,0.38762965262226295,0.1123703473777371,ALP-LNP,ON>IND>GRN>OTH,0.6123703473777371,0.38762965262226295,ON>IND>GRN>OTH,0.683321632540476,0.3166783674595241,IND>GRN>OTH>LNP,South-Eastern Metro,ALP,ALP,LNP,0.6123127462983913,0.38768725370160884,0.11231274629839127,ALP-LNP,ON>IND>GRN>OTH,0.6123127462983913,0.38768725370160884,ON>IND>GRN>OTH,0.6803773229389329,0.3196226770610671,IND>GRN>OTH>LNP,2022,no_synthetic_priority
Nepean,Eastern Victoria,LNP,LNP,ALP,0.5673998762912521,0.43260012370874784,0.0673998762912521,LNP-ALP,ON>IND>OTH>GRN,0.43260012370874784,0.5673998762912521,ON>IND>OTH>GRN,0.5222891110450393,0.47771088895496067,IND>OTH>GRN>LNP,Eastern Victoria,LNP,LNP,ALP,0.5674579373660746,0.4325420626339253,0.06745793736607464,LNP-ALP,ON>IND>OTH>GRN,0.4325420626339253,0.5674579373660746,ON>IND>OTH>GRN,0.51730777136394,0.48269222863606,IND>OTH>GRN>LNP,2022,no_synthetic_priority
Niddrie,Western Metro,ALP,ALP,LNP,0.5792293272210983,0.4207706727789017,0.07922932722109832,ALP-LNP,IND>ON>GRN>OTH,0.5792293272210983,0.4207706727789017,IND>ON>GRN>OTH,0.7045763515119842,0.29542364848801594,IND>GRN>OTH>LNP,Western Metro,ALP,ALP,LNP,0.5792293272210983,0.4207706727789017,0.07922932722109832,ALP-LNP,IND>ON>GRN>OTH,0.5792293272210983,0.4207706727789017,IND>ON>GRN>OTH,0.7044537846282792,0.2955462153717208,IND>GRN>OTH>LNP,2022,no_synthetic_priority
Northcote,Northern Metro,ALP,ALP,GRN,0.5116350239334976,0.4883649760665025,0.011635023933497579,ALP-GRN,ON>IND>LNP>OTH,0.8079502803190719,0.1920497196809281,ON>IND>OTH>GRN,0.8824025251291462,0.1175974748708538,IND>LNP>OTH>GRN,Northern Metro,ALP,ALP,GRN,0.5116428506302505,0.48835714936974944,0.0116428506302505,ALP-GRN,ON>IND>LNP>OTH,0.8079195433852342,0.19208045661476586,ON>IND>OTH>GRN,0.8833818786066914,0.11661812139330871,IND>LNP>OTH>GRN,2022,no_synthetic_priority
Oakleigh,Southern Metro,ALP,ALP,LNP,0.6371724891439943,0.36282751085600573,0.13717248914399427,ALP-LNP,ON>IND>OTH>GRN,0.6371724891439943,0.36282751085600573,ON>IND>OTH>GRN,0.7486748763773777,0.25132512362262227,IND>OTH>GRN>LNP,Southern Metro,ALP,ALP,LNP,0.6371312521804469,0.3628687478195531,0.13713125218044686,ALP-LNP,ON>IND>OTH>GRN,0.6371312521804469,0.3628687478195531,ON>IND>OTH>GRN,0.7476486325260296,0.25235136747397036,IND>OTH>GRN>LNP,2022,no_synthetic_priority
Ovens Valley,Northern Victoria,LNP,LNP,ALP,0.6464417746980591,0.3535582253019409,0.14644177469805908,LNP-ALP,ON>IND>GRN>OTH,0.3535582253019409,0.6464417746980591,ON>IND>GRN>OTH,0.39544247291646656,0.6045575270835335,IND>GRN>OTH>LNP,Northern Victoria,LNP,LNP,ALP,0.6465051566928421,0.3534948433071579,0.14650515669284214,LNP-ALP,ON>IND>GRN>OTH,0.3534948433071579,0.6465051566928421,ON>IND>GRN>OTH,0.3951735089367771,0.604826491063223,IND>GRN>OTH>LNP,2022,no_synthetic_priority
Pakenham,Eastern Victoria,ALP,ALP,LNP,0.5008656882600041,0.499134311739996,0.0008656882600041049,ALP-LNP,ON>GRN>IND>OTH,0.5008656882600041,0.499134311739996,ON>GRN>IND>OTH,0.5312262262770268,0.46877377372297335,GRN>IND>OTH>LNP,Eastern Victoria,ALP,ALP,LNP,0.5007920821268574,0.4992079178731426,0.0007920821268574407,ALP-LNP,ON>GRN>IND>OTH,0.5007920821268574,0.4992079178731426,ON>GRN>IND>OTH,0.5311847194646996,0.46881528053530047,GRN>IND>OTH>LNP,2022,no_synthetic_priority
Pascoe Vale,Northern Metro,ALP,ALP,GRN,0.558164682178072,0.441835317821928,0.058164682178072025,ALP-GRN,ON>IND>OTH>LNP,0.6979087213876134,0.3020912786123866,ON>IND>OTH>GRN,0.8045210999938196,0.19547890000618035,IND>OTH>LNP>GRN,Northern Metro,ALP,ALP,GRN,0.5581752962835442,0.44182470371645577,0.05817529628354423,ALP-GRN,ON>IND>OTH>LNP,0.6978708723520046,0.3021291276479953,ON>IND>OTH>GRN,0.8111366009114208,0.18886339908857916,IND>OTH>LNP>GRN,2022,no_synthetic_priority
Point Cook,Western Metro,ALP,ALP,LNP,0.6082051383900664,0.3917948616099336,0.1082051383900664,ALP-LNP,ON>GRN>IND>OTH,0.6082051383900664,0.3917948616099336,ON>GRN>IND>OTH,0.6592134498087033,0.3407865501912967,GRN>IND>OTH>LNP,Western Metro,ALP,ALP,LNP,0.608153446843965,0.391846553156035,0.108153446843965,ALP-LNP,ON>GRN>IND>OTH,0.608153446843965,0.391846553156035,ON>GRN>IND>OTH,0.6589813220742567,0.34101867792574325,GRN>IND>OTH>LNP,2022,no_synthetic_priority
Polwarth,Western Victoria,LNP,LNP,ALP,0.542403746514283,0.45759625348571703,0.042403746514283025,LNP-ALP,ON>IND>OTH>GRN,0.45759625348571703,0.542403746514283,ON>IND>OTH>GRN,0.5180841125427684,0.48191588745723163,IND>OTH>GRN>LNP,Western Victoria,LNP,LNP,ALP,0.5424480133946256,0.4575519866053745,0.04244801339462556,LNP-ALP,ON>IND>OTH>GRN,0.4575519866053745,0.5424480133946256,ON>IND>OTH>GRN,0.5142058901070178,0.4857941098929823,IND>OTH>GRN>LNP,2022,no_synthetic_priority
Prahran,Southern Metro,Greens,GRN,LNP,0.6176183077801569,0.38238169221984314,0.11761830778015692,GRN-LNP,ON>IND>OTH>ALP,0.6289461848674744,0.3710538151325255,ON>IND>OTH>GRN,0.8013195097784579,0.19868049022154216,IND>OTH>LNP>GRN,Southern Metro,Greens,GRN,LNP,0.6175920904187144,0.3824079095812856,0.11759209041871443,GRN-LNP,ON>IND>OTH>ALP,0.6289242077047406,0.3710757922952594,ON>IND>OTH>GRN,0.8017950212771487,0.1982049787228513,IND>OTH>LNP>GRN,2022,no_synthetic_priority
Preston,Northern Metro,ALP,ALP,GRN,0.5986114189629435,0.4013885810370565,0.09861141896294345,ALP-GRN,ON>IND>OTH>LNP,0.6881083194428369,0.3118916805571632,ON>IND>OTH>GRN,0.7977729237153889,0.20222707628461098,IND>OTH>LNP>GRN,Northern Metro,ALP,ALP,GRN,0.5986255861430387,0.4013744138569614,0.09862558614303873,ALP-GRN,ON>IND>OTH>LNP,0.6880578004325156,0.31194219956748437,ON>IND>OTH>GRN,0.8043205246721818,0.19567947532781801,IND>OTH>LNP>GRN,2022,no_synthetic_priority
Richmond,Northern Metro,GRN,GRN,ALP,0.5409651637618469,0.45903483623815305,0.04096516376184689,GRN-ALP,ON>IND>OTH>LNP,0.786037209252697,0.21396279074730284,ON>IND>OTH>GRN,0.8825337875321088,0.11746621246789121,IND>OTH>LNP>GRN,Northern Metro,GRN,GRN,ALP,0.5409588615887525,0.45904113841124744,0.040958861588752504,GRN-ALP,ON>IND>OTH>LNP,0.7860157249661311,0.21398427503386877,ON>IND>OTH>GRN,0.8774561799379856,0.1225438200620143,IND>LNP>OTH>GRN,2022,no_synthetic_priority
Ringwood,North-Eastern Metro,LNP,ALP,LNP,0.561991868519926,0.43800813148007395,0.061991868519926,ALP-LNP,IND>ON>OTH>GRN,0.561991868519926,0.43800813148007395,IND>ON>OTH>GRN,0.6708498170163252,0.3291501829836749,IND>OTH>GRN>LNP,North-Eastern Metro,LNP,ALP,LNP,0.561991868519926,0.43800813148007395,0.061991868519926,ALP-LNP,IND>ON>OTH>GRN,0.561991868519926,0.43800813148007395,IND>ON>OTH>GRN,0.6679222644036729,0.33207773559632714,IND>OTH>GRN>LNP,2022,no_synthetic_priority
Ripon,Western Victoria,ALP,ALP,LNP,0.5202550212332557,0.4797449787667442,0.020255021233255732,ALP-LNP,ON>IND>GRN>OTH,0.5202550212332557,0.4797449787667442,ON>IND>GRN>OTH,0.5426198844362587,0.4573801155637413,IND>GRN>OTH>LNP,Western Victoria,ALP,ALP,LNP,0.5201797598397779,0.4798202401602221,0.020179759839777933,ALP-LNP,ON>IND>GRN>OTH,0.5201797598397779,0.4798202401602221,ON>IND>GRN>OTH,0.5387383674458404,0.4612616325541597,IND>GRN>OTH>LNP,2022,no_synthetic_priority
Rowville,South-Eastern Metro,LNP,LNP,ALP,0.5349553663864638,0.4650446336135362,0.03495536638646379,LNP-ALP,ON>OTH>GRN>IND,0.4650446336135362,0.5349553663864638,ON>OTH>GRN>IND,0.6078420855609443,0.3921579144390557,OTH>GRN>IND>LNP,South-Eastern Metro,LNP,LNP,ALP,0.5349868205084966,0.46501317949150345,0.03498682050849655,LNP-ALP,ON>OTH>GRN>IND,0.46501317949150345,0.5349868205084966,ON>OTH>GRN>IND,0.6058612423130946,0.3941387576869054,OTH>GRN>IND>LNP,2022,no_synthetic_priority
Sandringham,Southern Metro,LNP,LNP,ALP,0.5492231776171003,0.4507768223828997,0.04922317761710027,LNP-ALP,ON>IND>OTH>GRN,0.4507768223828997,0.5492231776171003,ON>IND>OTH>GRN,0.6276737413038228,0.37232625869617725,IND>OTH>GRN>LNP,Southern Metro,LNP,LNP,ALP,0.5492490974304051,0.45075090256959494,0.049249097430405064,LNP-ALP,ON>IND>OTH>GRN,0.45075090256959494,0.5492490974304051,ON>IND>OTH>GRN,0.6260947311734328,0.37390526882656716,IND>OTH>GRN>LNP,2022,no_synthetic_priority
Shepparton,Northern Victoria,LNP,LNP,IND,0.5429450936889656,0.45705490631103435,0.0429450936889656,LNP-IND,ON>GRN>OTH>ALP,0.33003771295268064,0.6699622870473193,ON>GRN>OTH>IND,0.43104900589017575,0.5689509941098242,GRN>OTH>IND>LNP,Northern Victoria,LNP,LNP,IND,0.5430146501747725,0.45698534982522754,0.04301465017477246,LNP-IND,ON>GRN>OTH>ALP,0.3299577359742231,0.6700422640257768,ON>GRN>OTH>IND,0.42935767327442415,0.5706423267255758,GRN>OTH>IND>LNP,2022,no_synthetic_priority
South Barwon,Western Victoria,ALP,ALP,LNP,0.5664980796491199,0.4335019203508801,0.06649807964911991,ALP-LNP,IND>ON>GRN>OTH,0.5664980796491199,0.4335019203508801,IND>ON>GRN>OTH,0.63369094971094,0.36630905028906,IND>GRN>OTH>LNP,Western Victoria,ALP,ALP,LNP,0.5664980796491199,0.4335019203508801,0.06649807964911991,ALP-LNP,IND>ON>GRN>OTH,0.5664980796491199,0.4335019203508801,IND>ON>GRN>OTH,0.6334781927166019,0.36652180728339817,IND>GRN>OTH>LNP,2022,no_synthetic_priority
South-West Coast,Western Victoria,LNP,LNP,IND,0.5627330232240347,0.43726697677596527,0.06273302322403473,LNP-IND,ON>GRN>OTH>ALP,0.40342648952628823,0.5965735104737118,ON>GRN>OTH>IND,0.44213669735451583,0.5578633026454842,GRN>OTH>IND>LNP,Western Victoria,LNP,LNP,IND,0.5627750549257571,0.437224945074243,0.06277505492575708,LNP-IND,ON>GRN>OTH>ALP,0.4033847542615768,0.5966152457384233,ON>GRN>OTH>IND,0.44433360065859306,0.5556663993414069,GRN>OTH>IND>LNP,2022,no_synthetic_priority
St Albans,Western Metro,ALP,ALP,LNP,0.6284016407962322,0.3715983592037679,0.12840164079623217,ALP-LNP,ON>IND>GRN>OTH,0.6284016407962322,0.3715983592037679,ON>IND>GRN>OTH,0.7019531673560663,0.2980468326439337,IND>GRN>OTH>LNP,Western Metro,ALP,ALP,LNP,0.6283558066707888,0.37164419332921117,0.12835580667078883,ALP-LNP,ON>IND>GRN>OTH,0.6283558066707888,0.37164419332921117,ON>IND>GRN>OTH,0.701260723136176,0.29873927686382395,IND>GRN>OTH>LNP,2022,no_synthetic_priority
Sunbury,Western Metro,ALP,ALP,LNP,0.5724859314178372,0.42751406858216284,0.07248593141783721,ALP-LNP,ON>IND>GRN>OTH,0.5724859314178372,0.42751406858216284,ON>IND>GRN>OTH,0.6060761065795433,0.39392389342045686,IND>GRN>OTH>LNP,Western Metro,ALP,ALP,LNP,0.5724072436394155,0.4275927563605845,0.07240724363941553,ALP-LNP,ON>IND>GRN>OTH,0.5724072436394155,0.4275927563605845,ON>IND>GRN>OTH,0.6046066385055862,0.39539336149441395,IND>GRN>OTH>LNP,2022,no_synthetic_priority
Sydenham,Western Metro,ALP,ALP,LNP,0.6010699561725839,0.3989300438274161,0.10106995617258385,ALP-LNP,ON>IND>GRN>OTH,0.6010699561725839,0.3989300438274161,ON>IND>GRN>OTH,0.672803031407477,0.327196968592523,IND>GRN>OTH>LNP,Western Metro,ALP,ALP,LNP,0.6010159148119649,0.3989840851880352,0.10101591481196492,ALP-LNP,ON>IND>GRN>OTH,0.6010159148119649,0.3989840851880352,ON>IND>GRN>OTH,0.6716085837402609,0.3283914162597392,IND>GRN>OTH>LNP,2022,no_synthetic_priority
Tarneit,Western Metro,ALP,ALP,LNP,0.6395890299142641,0.36041097008573586,0.13958902991426414,ALP-LNP,ON>IND>GRN>OTH,0.6395890299142641,0.36041097008573586,ON>IND>GRN>OTH,0.6957799503229475,0.3042200496770526,IND>GRN>OTH>LNP,Western Metro,ALP,ALP,LNP,0.6395412479251436,0.3604587520748565,0.13954124792514355,ALP-LNP,ON>IND>GRN>OTH,0.6395412479251436,0.3604587520748565,ON>IND>GRN>OTH,0.6953235577056975,0.30467644229430246,IND>GRN>OTH>LNP,2022,no_synthetic_priority
Thomastown,Northern Metro,ALP,ALP,LNP,0.6814017978723074,0.31859820212769274,0.18140179787230737,ALP-LNP,ON>IND>GRN>OTH,0.6814017978723074,0.31859820212769274,ON>IND>GRN>OTH,0.7254666830413286,0.27453331695867145,IND>GRN>OTH>LNP,Northern Metro,ALP,ALP,LNP,0.6813521660987865,0.31864783390121354,0.18135216609878646,ALP-LNP,ON>IND>GRN>OTH,0.6813521660987865,0.31864783390121354,ON>IND>GRN>OTH,0.7249088106172746,0.2750911893827255,IND>GRN>OTH>LNP,2022,no_synthetic_priority
Warrandyte,North-Eastern Metro,LNP,LNP,ALP,0.550768291693118,0.449231708306882,0.05076829169311803,LNP-ALP,ON>IND>OTH>GRN,0.449231708306882,0.550768291693118,ON>IND>OTH>GRN,0.6119878645672836,0.38801213543271645,IND>OTH>GRN>LNP,North-Eastern Metro,LNP,LNP,ALP,0.5507976445246138,0.4492023554753863,0.05079764452461377,LNP-ALP,ON>IND>OTH>GRN,0.4492023554753863,0.5507976445246138,ON>IND>OTH>GRN,0.6091347373026402,0.3908652626973598,IND>OTH>GRN>LNP,2022,no_synthetic_priority
Wendouree,Western Victoria,ALP,ALP,LNP,0.6034808571651725,0.39651914283482753,0.10348085716517252,ALP-LNP,ON>IND>GRN>OTH,0.6034808571651725,0.39651914283482753,ON>IND>GRN>OTH,0.6664700279364152,0.33352997206358476,IND>GRN>OTH>LNP,Western Victoria,ALP,ALP,LNP,0.6034135332894873,0.39658646671051273,0.10341353328948732,ALP-LNP,ON>IND>GRN>OTH,0.6034135332894873,0.39658646671051273,ON>IND>GRN>OTH,0.6660471873043714,0.3339528126956286,IND>GRN>OTH>LNP,2022,no_synthetic_priority
Werribee,Western Metro,ALP,ALP,LNP,0.6054992751244448,0.39450072487555526,0.10549927512444479,ALP-LNP,ON>GRN>IND>OTH,0.6054992751244448,0.39450072487555526,ON>GRN>IND>OTH,0.616094463197777,0.3839055368022229,GRN>IND>OTH>LNP,Western Metro,ALP,ALP,LNP,0.6054309759349923,0.39456902406500766,0.10543097593499229,ALP-LNP,ON>GRN>IND>OTH,0.6054309759349923,0.39456902406500766,ON>GRN>IND>OTH,0.6158956578138357,0.38410434218616435,GRN>IND>OTH>LNP,2022,no_synthetic_priority
Williamstown,Western Metro,ALP,ALP,LNP,0.6542750447191821,0.345724955280818,0.15427504471918208,ALP-LNP,ON>IND>OTH>GRN,0.6542750447191821,0.345724955280818,ON>IND>OTH>GRN,0.7754436303275575,0.22455636967244252,IND>OTH>GRN>LNP,Western Metro,ALP,ALP,LNP,0.6542384588752814,0.3457615411247186,0.15423845887528143,ALP-LNP,ON>IND>OTH>GRN,0.6542384588752814,0.3457615411247186,ON>IND>OTH>GRN,0.7745513084228449,0.22544869157715505,IND>OTH>GRN>LNP,2022,no_synthetic_priority
Yan Yean,Northern Victoria,ALP,ALP,LNP,0.5736594622387053,0.42634053776129466,0.07365946223870534,ALP-LNP,IND>ON>GRN>OTH,0.5736594622387053,0.42634053776129466,IND>ON>GRN>OTH,0.6015505395587372,0.39844946044126284,IND>GRN>OTH>LNP,Northern Victoria,ALP,ALP,LNP,0.5736594622387053,0.42634053776129466,0.07365946223870534,ALP-LNP,IND>ON>GRN>OTH,0.5736594622387053,0.42634053776129466,IND>ON>GRN>OTH,0.5978830494192148,0.40211695058078534,IND>GRN>OTH>LNP,2022,no_synthetic_priority
Albert Park,Southern Metro,ALP,ALP,LNP,0.6011272753244765,0.3988727246755235,0.10112727532447652,ALP-LNP,ON>IND>OTH>GRN,0.6011272753244765,0.3988727246755235,ON>IND>OTH>GRN,0.747869065460251,0.25213093453974894,IND>OTH>GRN>LNP,Southern Metro,ALP,ALP,LNP,0.6298586786064749,0.37014132139352507,0.12985867860647493,ALP-LNP,ON>IND>OTH>GRN,0.6298586786064749,0.37014132139352507,ON>IND>OTH>GRN,0.7698369797512142,0.23016302024878574,IND>OTH>GRN>LNP,2022,simplified
Ashwood,Southern Metro,ALP,ALP,LNP,0.5417016610702208,0.45829833892977934,0.041701661070220775,ALP-LNP,ON>IND>OTH>GRN,0.5417016610702208,0.45829833892977934,ON>IND>OTH>GRN,0.7141688391580469,0.28583116084195326,IND>OTH>GRN>LNP,Southern Metro,ALP,ALP,LNP,0.5489907253085564,0.45100927469144364,0.048990725308556415,ALP-LNP,ON>IND>OTH>GRN,0.5489907253085564,0.45100927469144364,ON>IND>OTH>GRN,0.708752044104253,0.29124795589574703,IND>OTH>GRN>LNP,2022,simplified
Bass,Eastern Victoria,ALP,LNP,ALP,0.5084253787651307,0.49157462123486934,0.00842537876513072,LNP-ALP,ON>IND>GRN>OTH,0.49157462123486934,0.5084253787651307,ON>IND>GRN>OTH,0.5340351469718324,0.46596485302816765,IND>GRN>OTH>LNP,Eastern Victoria,ALP,LNP,ALP,0.5178511601642946,0.48214883983570545,0.017851160164294555,LNP-ALP,ON>IND>GRN>OTH,0.48214883983570545,0.5178511601642946,ON>IND>GRN>OTH,0.518320707951188,0.481679292048812,IND>GRN>OTH>LNP,2022,simplified
Bayswater,North-Eastern Metro,ALP,ALP,LNP,0.5170973773612306,0.48290262263876943,0.017097377361230626,ALP-LNP,ON>IND>GRN>OTH,0.5170973773612306,0.48290262263876943,ON>IND>GRN>OTH,0.639581593328142,0.360418406671858,IND>GRN>OTH>LNP,North-Eastern Metro,ALP,ALP,LNP,0.5243042346996111,0.475695765300389,0.02430423469961107,ALP-LNP,ON>IND>GRN>OTH,0.5243042346996111,0.475695765300389,ON>IND>GRN>OTH,0.6354784182260803,0.3645215817739197,IND>GRN>OTH>LNP,2022,simplified
Bellarine,Western Victoria,ALP,ALP,LNP,0.5804332872268098,0.41956671277319024,0.08043328722680976,ALP-LNP,ON>IND>OTH>GRN,0.5804332872268098,0.41956671277319024,ON>IND>OTH>GRN,0.6361146978154023,0.36388530218459775,IND>OTH>GRN>LNP,Western Victoria,ALP,ALP,LNP,0.5739079583547639,0.4260920416452361,0.07390795835476394,ALP-LNP,ON>IND>OTH>GRN,0.5739079583547639,0.4260920416452361,ON>IND>OTH>GRN,0.6220542391045781,0.37794576089542187,IND>OTH>GRN>LNP,2022,simplified
Benambra,Northern Victoria,LNP,LNP,IND,0.5217965828673615,0.47820341713263853,0.021796582867361525,LNP-IND,ON>GRN>OTH>ALP,0.36097296107014426,0.6390270389298558,ON>GRN>OTH>IND,0.408160847390212,0.591839152609788,GRN>OTH>IND>LNP,Northern Victoria,LNP,LNP,IND,0.526596932059948,0.4734030679400521,0.026596932059947953,LNP-IND,ON>GRN>OTH>ALP,0.34009642196916756,0.6599035780308324,ON>GRN>OTH>IND,0.3698017188008497,0.6301982811991503,GRN>OTH>IND>LNP,2022,simplified
Bendigo East,Northern Victoria,ALP,ALP,LNP,0.6051942128611475,0.3948057871388526,0.1051942128611475,ALP-LNP,ON>IND>OTH>GRN,0.6051942128611475,0.3948057871388526,ON>IND>OTH>GRN,0.6846474463406155,0.3153525536593845,IND>OTH>GRN>LNP,Northern Victoria,ALP,ALP,LNP,0.5992950749444832,0.40070492505551686,0.0992950749444832,ALP-LNP,ON>IND>OTH>GRN,0.5992950749444832,0.40070492505551686,ON>IND>OTH>GRN,0.6704287472697776,0.32957125273022236,IND>OTH>GRN>LNP,2022,simplified
Bendigo West,Northern Victoria,ALP,ALP,LNP,0.6443053132245423,0.35569468677545774,0.14430531322454232,ALP-LNP,ON>IND>GRN>OTH,0.6443053132245423,0.35569468677545774,ON>IND>GRN>OTH,0.691017311398993,0.30898268860100697,IND>GRN>OTH>LNP,Northern Victoria,ALP,ALP,LNP,0.637300201850661,0.36269979814933895,0.13730020185066105,ALP-LNP,ON>IND>GRN>OTH,0.637300201850661,0.36269979814933895,ON>IND>GRN>OTH,0.6725502258912335,0.3274497741087666,IND>GRN>OTH>LNP,2022,simplified
Bentleigh,Southern Metro,ALP,ALP,LNP,0.5744107869977501,0.42558921300225,0.07441078699775006,ALP-LNP,ON>IND>OTH>GRN,0.5744107869977501,0.42558921300225,ON>IND>OTH>GRN,0.7250720993176621,0.27492790068233797,IND>OTH>GRN>LNP,Southern Metro,ALP,ALP,LNP,0.5816167081041431,0.418383291895857,0.08161670810414312,ALP-LNP,ON>IND>OTH>GRN,0.5816167081041431,0.418383291895857,ON>IND>OTH>GRN,0.7204917020363042,0.27950829796369586,IND>OTH>GRN>LNP,2022,simplified
Berwick,South-Eastern Metro,LNP,LNP,ALP,0.5382624217307086,0.4617375782692914,0.038262421730708596,LNP-ALP,IND>ON>OTH>GRN,0.4617375782692914,0.5382624217307086,IND>ON>OTH>GRN,0.55258021078845,0.44741978921155,IND>OTH>GRN>LNP,South-Eastern Metro,LNP,LNP,ALP,0.5432866182461231,0.4567133817538769,0.04328661824612312,LNP-ALP,IND>ON>OTH>GRN,0.4567133817538769,0.5432866182461231,IND>ON>OTH>GRN,0.5400455339918606,0.4599544660081394,IND>OTH>GRN>LNP,2022,simplified
Box Hill,North-Eastern Metro,ALP,ALP,LNP,0.5514269257937816,0.44857307420621845,0.05142692579378161,ALP-LNP,ON>IND>OTH>GRN,0.5514269257937816,0.44857307420621845,ON>IND>OTH>GRN,0.7122733390462961,0.28772666095370386,IND>OTH>GRN>LNP,North-Eastern Metro,ALP,ALP,LNP,0.5595205584867091,0.44047944151329094,0.05952055848670912,ALP-LNP,ON>IND>OTH>GRN,0.5595205584867091,0.44047944151329094,ON>IND>OTH>GRN,0.7068467448167418,0.29315325518325824,IND>OTH>GRN>LNP,2022,simplified
Brighton,Southern Metro,LNP,LNP,ALP,0.5654926005220468,0.43450739947795325,0.06549260052204675,LNP-ALP,ON>OTH>IND>GRN,0.43450739947795325,0.5654926005220468,ON>OTH>IND>GRN,0.6617488041041791,0.3382511958958209,OTH>IND>GRN>LNP,Southern Metro,LNP,LNP,ALP,0.5353336398007497,0.46466636019925034,0.03533363980074966,LNP-ALP,ON>OTH>IND>GRN,0.46466636019925034,0.5353336398007497,ON>OTH>IND>GRN,0.6866242778347494,0.3133757221652506,OTH>IND>GRN>LNP,2022,simplified
Broadmeadows,Northern Metro,ALP,ALP,LNP,0.6576848076502738,0.34231519234972624,0.15768480765027382,ALP-LNP,ON>IND>GRN>OTH,0.6576848076502738,0.34231519234972624,ON>IND>GRN>OTH,0.7040894730585786,0.2959105269414215,IND>GRN>OTH>LNP,Northern Metro,ALP,ALP,LNP,0.6690291004858195,0.33097089951418046,0.16902910048581954,ALP-LNP,ON>IND>GRN>OTH,0.6690291004858195,0.33097089951418046,ON>IND>GRN>OTH,0.6942377120998277,0.30576228790017246,IND>GRN>OTH>LNP,2022,simplified
Brunswick,Northern Metro,GRN,GRN,ALP,0.5984645470329528,0.40153545296704723,0.09846454703295282,GRN-ALP,ON>IND>LNP>OTH,0.7719598661405151,0.22804013385948488,ON>IND>OTH>GRN,0.8523910088082362,0.1476089911917639,IND>LNP>OTH>GRN,Northern Metro,GRN,GRN,ALP,0.5967317126448386,0.40326828735516146,0.0967317126448386,GRN-ALP,ON>IND>LNP>OTH,0.8228976101809578,0.17710238981904228,ON>IND>OTH>GRN,0.8819666583817142,0.11803334161828588,IND>LNP>OTH>GRN,2022,simplified
Bulleen,North-Eastern Metro,LNP,LNP,ALP,0.563798312029944,0.436201687970056,0.06379831202994402,LNP-ALP,ON>IND>OTH>GRN,0.436201687970056,0.563798312029944,ON>IND>OTH>GRN,0.6530449955346802,0.3469550044653199,IND>OTH>GRN>LNP,North-Eastern Metro,LNP,LNP,ALP,0.5571426502491057,0.4428573497508944,0.0571426502491057,LNP-ALP,ON>IND>OTH>GRN,0.4428573497508944,0.5571426502491057,ON>IND>OTH>GRN,0.6477046869590136,0.3522953130409865,IND>OTH>GRN>LNP,2022,simplified
Bundoora,North-Eastern Metro,ALP,ALP,LNP,0.6245627236801378,0.37543727631986223,0.12456272368013777,ALP-LNP,ON>IND>OTH>GRN,0.6245627236801378,0.37543727631986223,ON>IND>OTH>GRN,0.7440228150450384,0.2559771849549616,IND>OTH>GRN>LNP,North-Eastern Metro,ALP,ALP,LNP,0.6331100134018667,0.3668899865981333,0.13311001340186668,ALP-LNP,ON>IND>OTH>GRN,0.6331100134018667,0.3668899865981333,ON>IND>OTH>GRN,0.738645086173715,0.26135491382628495,IND>OTH>GRN>LNP,2022,simplified
Carrum,South-Eastern Metro,ALP,ALP,LNP,0.6047438418068583,0.3952561581931417,0.10474384180685825,ALP-LNP,ON>IND>GRN>OTH,0.6047438418068583,0.3952561581931417,ON>IND>GRN>OTH,0.6492520034478382,0.3507479965521618,IND>GRN>OTH>LNP,South-Eastern Metro,ALP,ALP,LNP,0.5996348874504338,0.4003651125495662,0.0996348874504338,ALP-LNP,ON>IND>GRN>OTH,0.5996348874504338,0.4003651125495662,ON>IND>GRN>OTH,0.6368767697334021,0.3631232302665978,IND>GRN>OTH>LNP,2022,simplified
Caulfield,Southern Metro,LNP,LNP,ALP,0.5371499255480564,0.46285007445194365,0.037149925548056406,LNP-ALP,ON>IND>OTH>GRN,0.46285007445194365,0.5371499255480564,ON>IND>OTH>GRN,0.6899638805841783,0.31003611941582165,IND>OTH>GRN>LNP,Southern Metro,LNP,LNP,ALP,0.5133748618611971,0.486625138138803,0.013374861861197074,LNP-ALP,ON>IND>OTH>GRN,0.486625138138803,0.5133748618611971,ON>IND>OTH>GRN,0.708530174358691,0.291469825641309,IND>OTH>GRN>LNP,2022,simplified
Clarinda,South-Eastern Metro,ALP,ALP,LNP,0.5979661036730689,0.40203389632693104,0.0979661036730689,ALP-LNP,ON>GRN>OTH>IND,0.5979661036730689,0.40203389632693104,ON>GRN>OTH>IND,0.7291519687528893,0.2708480312471107,GRN>OTH>IND>LNP,South-Eastern Metro,ALP,ALP,LNP,0.6071414346021642,0.39285856539783576,0.10714143460216419,ALP-LNP,ON>GRN>OTH>IND,0.6071414346021642,0.39285856539783576,ON>GRN>OTH>IND,0.7220102721046407,0.2779897278953592,GRN>OTH>IND>LNP,2022,simplified
Cranbourne,South-Eastern Metro,ALP,ALP,LNP,0.5913655834249351,0.40863441657506494,0.09136558342493506,ALP-LNP,ON>IND>GRN>OTH,0.5913655834249351,0.40863441657506494,ON>IND>GRN>OTH,0.6692857375555287,0.3307142624444714,IND>GRN>OTH>LNP,South-Eastern Metro,ALP,ALP,LNP,0.5997235428577595,0.4002764571422406,0.09972354285775953,ALP-LNP,ON>IND>GRN>OTH,0.5997235428577595,0.4002764571422406,ON>IND>GRN>OTH,0.6620741208821077,0.33792587911789235,IND>GRN>OTH>LNP,2022,simplified
Croydon,North-Eastern Metro,LNP,LNP,ALP,0.5202144240913024,0.47978557590869764,0.020214424091302363,LNP-ALP,IND>ON>GRN>OTH,0.47978557590869764,0.5202144240913024,IND>ON>GRN>OTH,0.6228627099336365,0.3771372900663636,IND>GRN>OTH>LNP,North-Eastern Metro,LNP,LNP,ALP,0.5131812961639656,0.4868187038360345,0.013181296163965572,LNP-ALP,IND>ON>GRN>OTH,0.4868187038360345,0.5131812961639656,IND>ON>GRN>OTH,0.6193929115798169,0.38060708842018304,IND>GRN>OTH>LNP,2022,simplified
Dandenong,South-Eastern Metro,ALP,ALP,LNP,0.691907181289692,0.308092818710308,0.19190718128969197,ALP-LNP,ON>IND>GRN>OTH,0.691907181289692,0.308092818710308,ON>IND>GRN>OTH,0.7521281984805824,0.2478718015194176,IND>GRN>OTH>LNP,South-Eastern Metro,ALP,ALP,LNP,0.6993042040845434,0.30069579591545664,0.1993042040845434,ALP-LNP,ON>IND>GRN>OTH,0.6993042040845434,0.30069579591545664,ON>IND>GRN>OTH,0.7465572091480644,0.25344279085193555,IND>GRN>OTH>LNP,2022,simplified
Eildon,Northern Victoria,LNP,LNP,ALP,0.5633618153136871,0.43663818468631294,0.06336181531368712,LNP-ALP,ON>IND>OTH>GRN,0.43663818468631294,0.5633618153136871,ON>IND>OTH>GRN,0.5050268838817431,0.49497311611825695,IND>OTH>GRN>LNP,Northern Victoria,LNP,LNP,ALP,0.5717284375130174,0.42827156248698267,0.07172843751301738,LNP-ALP,ON>IND>OTH>GRN,0.42827156248698267,0.5717284375130174,ON>IND>OTH>GRN,0.4925299223886025,0.5074700776113975,IND>OTH>GRN>LNP,2022,simplified
Eltham,North-Eastern Metro,ALP,ALP,LNP,0.5820718392955955,0.4179281607044045,0.08207183929559547,ALP-LNP,IND>ON>OTH>GRN,0.5820718392955955,0.4179281607044045,IND>ON>OTH>GRN,0.7021328252243445,0.2978671747756555,IND>OTH>GRN>LNP,North-Eastern Metro,ALP,ALP,LNP,0.5889387962484504,0.41106120375154964,0.08893879624845036,ALP-LNP,IND>ON>OTH>GRN,0.5889387962484504,0.41106120375154964,IND>ON>OTH>GRN,0.6985859616435044,0.30141403835649555,IND>OTH>GRN>LNP,2022,simplified
Essendon,Northern Metro,ALP,ALP,LNP,0.5972136118735448,0.4027863881264552,0.09721361187354483,ALP-LNP,ON>IND>OTH>GRN,0.5972136118735448,0.4027863881264552,ON>IND>OTH>GRN,0.7144944081767891,0.285505591823211,IND>OTH>GRN>LNP,Northern Metro,ALP,ALP,LNP,0.6083770201287849,0.39162297987121514,0.10837702012878492,ALP-LNP,ON>IND>OTH>GRN,0.6083770201287849,0.39162297987121514,ON>IND>OTH>GRN,0.707892515470869,0.2921074845291311,IND>OTH>GRN>LNP,2022,simplified
Eureka,Western Victoria,ALP,ALP,LNP,0.5724101453044189,0.42758985469558114,0.07241014530441892,ALP-LNP,ON>IND>GRN>OTH,0.5724101453044189,0.42758985469558114,ON>IND>GRN>OTH,0.593289714354472,0.40671028564552797,IND>GRN>OTH>LNP,Western Victoria,ALP,ALP,LNP,0.5633625432815835,0.4366374567184165,0.06336254328158353,ALP-LNP,ON>IND>GRN>OTH,0.5633625432815835,0.4366374567184165,ON>IND>GRN>OTH,0.579171977186337,0.42082802281366305,IND>GRN>OTH>LNP,2022,simplified
Euroa,Northern Victoria,LNP,LNP,ALP,0.6022214716156226,0.3977785283843775,0.10222147161562256,LNP-ALP,IND>ON>GRN>OTH,0.3977785283843775,0.6022214716156226,IND>ON>GRN>OTH,0.47644731942835444,0.5235526805716456,IND>GRN>OTH>LNP,Northern Victoria,LNP,LNP,ALP,0.6072293964748147,0.3927706035251854,0.10722939647481466,LNP-ALP,IND>ON>GRN>OTH,0.3927706035251854,0.6072293964748147,IND>ON>GRN>OTH,0.46460280256113823,0.5353971974388618,IND>GRN>OTH>LNP,2022,simplified
Evelyn,Eastern Victoria,LNP,LNP,ALP,0.5512976630855252,0.4487023369144748,0.05129766308552519,LNP-ALP,ON>IND>OTH>GRN,0.4487023369144748,0.5512976630855252,ON>IND>OTH>GRN,0.5403927484083245,0.4596072515916755,IND>OTH>GRN>LNP,Eastern Victoria,LNP,LNP,ALP,0.5569337009757843,0.4430662990242157,0.05693370097578432,LNP-ALP,ON>IND>OTH>GRN,0.4430662990242157,0.5569337009757843,ON>IND>OTH>GRN,0.5269445363677513,0.47305546363224865,IND>OTH>GRN>LNP,2022,simplified
Footscray,Western Metro,ALP,ALP,GRN,0.5731214077823664,0.42687859221763363,0.07312140778236642,ALP-GRN,ON>IND>OTH>LNP,0.7180742039787574,0.2819257960212426,ON>IND>OTH>GRN,0.8528232567703992,0.14717674322960084,IND>OTH>LNP>GRN,Western Metro,ALP,ALP,GRN,0.5757898611579069,0.4242101388420932,0.07578986115790687,ALP-GRN,ON>IND>OTH>LNP,0.7518970078033212,0.2481029921966787,ON>IND>OTH>GRN,0.8976526528213011,0.10234734717869887,IND>OTH>LNP>GRN,2022,simplified
Frankston,South-Eastern Metro,ALP,ALP,LNP,0.5891571484315657,0.41084285156843425,0.08915714843156575,ALP-LNP,ON>IND>GRN>OTH,0.5891571484315657,0.41084285156843425,ON>IND>GRN>OTH,0.6792956599588473,0.32070434004115267,IND>GRN>OTH>LNP,South-Eastern Metro,ALP,ALP,LNP,0.5987585071094935,0.4012414928905064,0.09875850710949352,ALP-LNP,ON>IND>GRN>OTH,0.5987585071094935,0.4012414928905064,ON>IND>GRN>OTH,0.6711410460850834,0.32885895391491654,IND>GRN>OTH>LNP,2022,simplified
Geelong,Western Victoria,ALP,ALP,LNP,0.6291296459850649,0.37087035401493507,0.12912964598506493,ALP-LNP,ON>IND>OTH>GRN,0.6291296459850649,0.37087035401493507,ON>IND>OTH>GRN,0.681433016084245,0.318566983915755,IND>OTH>GRN>LNP,Western Victoria,ALP,ALP,LNP,0.6199074887811354,0.3800925112188646,0.11990748878113544,ALP-LNP,ON>IND>OTH>GRN,0.6199074887811354,0.3800925112188646,ON>IND>OTH>GRN,0.6566706854697804,0.3433293145302196,IND>OTH>GRN>LNP,2022,simplified
Gippsland East,Eastern Victoria,LNP,LNP,ALP,0.7091670113064419,0.2908329886935581,0.20916701130644189,LNP-ALP,ON>IND>GRN>OTH,0.2908329886935581,0.7091670113064419,ON>IND>GRN>OTH,0.3803087952882382,0.6196912047117619,IND>GRN>OTH>LNP,Eastern Victoria,LNP,LNP,ALP,0.71669411066297,0.28330588933703005,0.21669411066296995,LNP-ALP,ON>IND>GRN>OTH,0.28330588933703005,0.71669411066297,ON>IND>GRN>OTH,0.36354888921775047,0.6364511107822495,IND>GRN>OTH>LNP,2022,simplified
Gippsland South,Eastern Victoria,LNP,LNP,ALP,0.6459282536342233,0.3540717463657766,0.14592825363422335,LNP-ALP,ON>IND>OTH>GRN,0.3540717463657766,0.6459282536342233,ON>IND>OTH>GRN,0.4437280944146776,0.5562719055853225,IND>OTH>GRN>LNP,Eastern Victoria,LNP,LNP,ALP,0.6477538570393722,0.3522461429606278,0.14775385703937216,LNP-ALP,ON>IND>GRN>OTH,0.3522461429606278,0.6477538570393722,ON>IND>GRN>OTH,0.43201806789786634,0.5679819321021337,IND>OTH>GRN>LNP,2022,simplified
Glen Waverley,North-Eastern Metro,ALP,ALP,LNP,0.5172401807426837,0.4827598192573163,0.01724018074268374,ALP-LNP,IND>ON>OTH>GRN,0.5172401807426837,0.4827598192573163,IND>ON>OTH>GRN,0.6931076739954426,0.30689232600455735,IND>OTH>GRN>LNP,North-Eastern Metro,ALP,ALP,LNP,0.5237673109885643,0.4762326890114356,0.023767310988564327,ALP-LNP,IND>ON>OTH>GRN,0.5237673109885643,0.4762326890114356,IND>ON>OTH>GRN,0.6898950677318648,0.3101049322681351,IND>OTH>GRN>LNP,2022,simplified
Greenvale,Northern Metro,ALP,ALP,LNP,0.6163339076678971,0.38366609233210286,0.11633390766789709,ALP-LNP,ON>IND>GRN>OTH,0.6163339076678971,0.38366609233210286,ON>IND>GRN>OTH,0.6848213502612719,0.3151786497387281,IND>GRN>OTH>LNP,Northern Metro,ALP,ALP,LNP,0.6268582802367328,0.3731417197632671,0.12685828023673285,ALP-LNP,ON>IND>GRN>OTH,0.6268582802367328,0.3731417197632671,ON>IND>GRN>OTH,0.6753642957743271,0.32463570422567295,IND>GRN>OTH>LNP,2022,simplified
Hastings,Eastern Victoria,ALP,ALP,LNP,0.5109618349209207,0.4890381650790793,0.010961834920920732,ALP-LNP,ON>IND>GRN>OTH,0.5109618349209207,0.4890381650790793,ON>IND>GRN>OTH,0.5610212913051607,0.4389787086948394,IND>GRN>OTH>LNP,Eastern Victoria,ALP,ALP,LNP,0.5048849537209477,0.4951150462790524,0.00488495372094766,ALP-LNP,ON>IND>GRN>OTH,0.5048849537209477,0.4951150462790524,ON>IND>GRN>OTH,0.5522748389250808,0.4477251610749192,IND>GRN>OTH>LNP,2022,simplified
Hawthorn,Southern Metro,LNP,LNP,ALP,0.5314643003134368,0.46853569968656317,0.03146430031343683,LNP-ALP,ON>OTH>GRN>IND,0.46853569968656317,0.5314643003134368,ON>OTH>GRN>IND,0.6825655335704052,0.3174344664295948,OTH>GRN>IND>LNP,Southern Metro,LNP,ALP,LNP,0.5012867359076838,0.4987132640923162,0.0012867359076838003,ALP-LNP,ON>OTH>GRN>IND,0.5012867359076838,0.4987132640923162,ON>OTH>GRN>IND,0.7227163433350057,0.27728365666499427,OTH>GRN>IND>LNP,2022,simplified
Ivanhoe,North-Eastern Metro,ALP,ALP,LNP,0.613456519864253,0.38654348013574696,0.11345651986425298,ALP-LNP,ON>IND>OTH>GRN,0.613456519864253,0.38654348013574696,ON>IND>OTH>GRN,0.7448409292255433,0.2551590707744567,IND>OTH>GRN>LNP,North-Eastern Metro,ALP,ALP,LNP,0.6225646771058513,0.3774353228941487,0.12256467710585128,ALP-LNP,ON>IND>OTH>GRN,0.6225646771058513,0.3774353228941487,ON>IND>OTH>GRN,0.7391123158086611,0.26088768419133884,IND>OTH>GRN>LNP,2022,simplified
Kalkallo,Northern Metro,ALP,ALP,LNP,0.6650462652071604,0.3349537347928397,0.16504626520716037,ALP-LNP,ON>IND>GRN>OTH,0.6650462652071604,0.3349537347928397,ON>IND>GRN>OTH,0.6849889942349774,0.31501100576502267,IND>GRN>OTH>LNP,Northern Metro,ALP,ALP,LNP,0.6592732548613143,0.3407267451386858,0.15927325486131427,ALP-LNP,ON>IND>GRN>OTH,0.6592732548613143,0.3407267451386858,ON>IND>GRN>OTH,0.6682014717077963,0.3317985282922037,IND>GRN>OTH>LNP,2022,simplified
Kew,Southern Metro,LNP,LNP,ALP,0.5649322577024246,0.4350677422975754,0.06493225770242461,LNP-ALP,ON>OTH>GRN>IND,0.4350677422975754,0.5649322577024246,ON>OTH>GRN>IND,0.6704936435155621,0.3295063564844379,OTH>GRN>IND>LNP,Southern Metro,LNP,LNP,ALP,0.5361526032790547,0.46384739672094527,0.036152603279054674,LNP-ALP,ON>OTH>GRN>IND,0.46384739672094527,0.5361526032790547,ON>OTH>GRN>IND,0.706756752929058,0.2932432470709419,OTH>GRN>IND>LNP,2022,simplified
Kororoit,Western Metro,ALP,ALP,LNP,0.6406813431795009,0.3593186568204991,0.14068134317950087,ALP-LNP,ON>IND>GRN>OTH,0.6406813431795009,0.3593186568204991,ON>IND>GRN>OTH,0.7031525338755659,0.2968474661244342,IND>GRN>OTH>LNP,Western Metro,ALP,ALP,LNP,0.6505350632422116,0.34946493675778845,0.15053506324221155,ALP-LNP,ON>IND>GRN>OTH,0.6505350632422116,0.34946493675778845,ON>IND>GRN>OTH,0.6970886150931365,0.3029113849068636,IND>GRN>OTH>LNP,2022,simplified
Lara,Western Victoria,ALP,ALP,LNP,0.6730231476859393,0.32697685231406065,0.1730231476859393,ALP-LNP,ON>IND>GRN>OTH,0.6730231476859393,0.32697685231406065,ON>IND>GRN>OTH,0.6848755233053408,0.31512447669465915,IND>GRN>OTH>LNP,Western Victoria,ALP,ALP,LNP,0.6661811633695648,0.3338188366304352,0.1661811633695648,ALP-LNP,ON>IND>GRN>OTH,0.6661811633695648,0.3338188366304352,ON>IND>GRN>OTH,0.6687362884881466,0.33126371151185335,IND>GRN>OTH>LNP,2022,simplified
Laverton,Western Metro,ALP,ALP,LNP,0.6583261313571223,0.3416738686428777,0.15832613135712226,ALP-LNP,ON>IND>GRN>OTH,0.6583261313571223,0.3416738686428777,ON>IND>GRN>OTH,0.7309011119082265,0.26909888809177346,IND>GRN>OTH>LNP,Western Metro,ALP,ALP,LNP,0.6684634165159821,0.33153658348401793,0.16846341651598207,ALP-LNP,ON>IND>GRN>OTH,0.6684634165159821,0.33153658348401793,ON>IND>GRN>OTH,0.7228029056986727,0.27719709430132733,IND>GRN>OTH>LNP,2022,simplified
Lowan,Western Victoria,LNP,LNP,ALP,0.6973121256494084,0.30268787435059163,0.19731212564940837,LNP-ALP,ON>IND>GRN>OTH,0.30268787435059163,0.6973121256494084,ON>IND>GRN>OTH,0.39571457306100344,0.6042854269389966,IND>GRN>OTH>LNP,Western Victoria,LNP,LNP,ALP,0.7048672277256453,0.29513277227435475,0.20486722772564525,LNP-ALP,ON>IND>GRN>OTH,0.29513277227435475,0.7048672277256453,ON>IND>GRN>OTH,0.38449590052429766,0.6155040994757024,IND>GRN>OTH>LNP,2022,simplified
Macedon,Northern Victoria,ALP,ALP,LNP,0.5841588792867753,0.4158411207132246,0.08415887928677535,ALP-LNP,ON>IND>OTH>GRN,0.5841588792867753,0.4158411207132246,ON>IND>OTH>GRN,0.6170952134244471,0.3829047865755529,IND>OTH>GRN>LNP,Northern Victoria,ALP,ALP,LNP,0.5742062538580066,0.4257937461419935,0.07420625385800661,ALP-LNP,ON>IND>OTH>GRN,0.5742062538580066,0.4257937461419935,ON>IND>OTH>GRN,0.6026832756316239,0.397316724368376,IND>OTH>GRN>LNP,2022,simplified
Malvern,Southern Metro,LNP,LNP,ALP,0.5891055558172817,0.4108944441827183,0.08910555581728175,LNP-ALP,ON>IND>OTH>GRN,0.4108944441827183,0.5891055558172817,ON>IND>OTH>GRN,0.669981491753097,0.3300185082469031,IND>OTH>GRN>LNP,Southern Metro,LNP,LNP,ALP,0.5689208425594944,0.4310791574405057,0.06892084255949438,LNP-ALP,ON>IND>OTH>GRN,0.4310791574405057,0.5689208425594944,ON>IND>OTH>GRN,0.6841727541053264,0.31582724589467365,IND>OTH>GRN>LNP,2022,simplified
Melbourne,Northern Metro,GRN,GRN,ALP,0.5792206623024095,0.4207793376975904,0.07922066230240954,GRN-ALP,ON>IND>OTH>LNP,0.7146639038436213,0.28533609615637867,ON>IND>OTH>GRN,0.8477843030890577,0.15221569691094225,IND>OTH>LNP>GRN,Northern Metro,GRN,GRN,ALP,0.5759861643259107,0.4240138356740894,0.07598616432591065,GRN-ALP,ON>IND>OTH>LNP,0.7583876446919544,0.2416123553080456,ON>IND>OTH>GRN,0.8907012731313586,0.10929872686864142,IND>OTH>LNP>GRN,2022,simplified
Melton,Western Victoria,ALP,ALP,LNP,0.537845874836098,0.4621541251639019,0.037845874836098026,ALP-LNP,ON>GRN>OTH>IND,0.537845874836098,0.4621541251639019,ON>GRN>OTH>IND,0.6322792625958429,0.36772073740415706,GRN>OTH>LNP>IND,Western Victoria,ALP,ALP,LNP,0.5264474142648269,0.47355258573517317,0.026447414264826885,ALP-LNP,ON>GRN>OTH>IND,0.5264474142648269,0.47355258573517317,ON>GRN>OTH>IND,0.6084735918899294,0.3915264081100706,GRN>OTH>LNP>IND,2022,simplified
Mildura,Northern Victoria,LNP,IND,LNP,0.5260252032768342,0.4739747967231657,0.02602520327683422,IND-LNP,ON>GRN>OTH>ALP,0.3700616965839231,0.6299383034160769,ON>GRN>OTH>IND,0.5265211261338101,0.47347887386618986,GRN>OTH>LNP>IND,Northern Victoria,LNP,IND,LNP,0.5226305737760435,0.4773694262239565,0.022630573776043494,IND-LNP,ON>GRN>OTH>ALP,0.3474123139774484,0.6525876860225517,ON>GRN>OTH>IND,0.4894761262796124,0.5105238737203875,GRN>OTH>LNP>IND,2022,simplified
Mill Park,North-Eastern Metro,ALP,ALP,LNP,0.6450625418655963,0.3549374581344038,0.1450625418655963,ALP-LNP,IND>ON>GRN>OTH,0.6450625418655963,0.3549374581344038,IND>ON>GRN>OTH,0.7073865238284572,0.29261347617154276,IND>GRN>OTH>LNP,North-Eastern Metro,ALP,ALP,LNP,0.6528457942568574,0.3471542057431426,0.1528457942568574,ALP-LNP,IND>ON>GRN>OTH,0.6528457942568574,0.3471542057431426,IND>ON>GRN>OTH,0.7000755817373925,0.29992441826260763,IND>GRN>OTH>LNP,2022,simplified
Monbulk,Eastern Victoria,ALP,ALP,LNP,0.5658209460433085,0.43417905395669154,0.06582094604330846,ALP-LNP,ON>IND>OTH>GRN,0.5658209460433085,0.43417905395669154,ON>IND>OTH>GRN,0.611159639197471,0.388840360802529,IND>OTH>GRN>LNP,Eastern Victoria,ALP,ALP,LNP,0.5563729182092338,0.4436270817907662,0.05637291820923385,ALP-LNP,ON>IND>OTH>GRN,0.5563729182092338,0.4436270817907662,ON>IND>OTH>GRN,0.5894697342725213,0.41053026572747875,IND>OTH>GRN>LNP,2022,simplified
Mordialloc,South-Eastern Metro,ALP,ALP,LNP,0.5825848921727006,0.41741510782729946,0.0825848921727006,ALP-LNP,ON>IND>OTH>GRN,0.5825848921727006,0.41741510782729946,ON>IND>OTH>GRN,0.7200368468861712,0.2799631531138289,IND>OTH>GRN>LNP,South-Eastern Metro,ALP,ALP,LNP,0.5917363872688648,0.40826361273113526,0.0917363872688648,ALP-LNP,ON>IND>OTH>GRN,0.5917363872688648,0.40826361273113526,ON>IND>OTH>GRN,0.7134073498891854,0.2865926501108147,IND>OTH>GRN>LNP,2022,simplified
Mornington,Eastern Victoria,LNP,LNP,ALP,0.5929989180186264,0.4070010819813737,0.09299891801862636,LNP-ALP,ON>OTH>GRN>IND,0.4070010819813737,0.5929989180186264,ON>OTH>GRN>IND,0.4895859470343936,0.5104140529656064,OTH>GRN>IND>LNP,Eastern Victoria,LNP,LNP,ALP,0.6014522114508677,0.39854778854913236,0.10145221145086769,LNP-ALP,ON>OTH>GRN>IND,0.39854778854913236,0.6014522114508677,ON>OTH>GRN>IND,0.46651857486319526,0.5334814251368046,OTH>GRN>IND>LNP,2022,simplified
Morwell,Eastern Victoria,LNP,LNP,ALP,0.5003794237735583,0.49962057622644174,0.00037942377355826284,LNP-ALP,ON>GRN>IND>OTH,0.49962057622644174,0.5003794237735583,ON>GRN>IND>OTH,0.5622433223469506,0.4377566776530493,GRN>IND>OTH>LNP,Eastern Victoria,LNP,LNP,ALP,0.509449287120632,0.4905507128793681,0.009449287120631977,LNP-ALP,ON>GRN>IND>OTH,0.4905507128793681,0.509449287120632,ON>GRN>IND>OTH,0.5315946159695794,0.4684053840304206,GRN>IND>OTH>LNP,2022,simplified
Mulgrave,South-Eastern Metro,ALP,ALP,LNP,0.6695581231119049,0.33044187688809523,0.16955812311190488,ALP-LNP,ON>GRN>OTH>IND,0.6695581231119049,0.33044187688809523,ON>GRN>OTH>IND,0.7579473416640501,0.24205265833595002,GRN>OTH>IND>LNP,South-Eastern Metro,ALP,ALP,LNP,0.6793883547946803,0.3206116452053197,0.1793883547946803,ALP-LNP,ON>GRN>OTH>IND,0.6793883547946803,0.3206116452053197,ON>GRN>OTH>IND,0.748590478168037,0.25140952183196297,GRN>OTH>IND>LNP,2022,simplified
Murray Plains,Northern Victoria,LNP,LNP,ALP,0.7183920579356905,0.2816079420643095,0.2183920579356905,LNP-ALP,ON>IND>GRN>OTH,0.2816079420643095,0.7183920579356905,ON>IND>GRN>OTH,0.36858067369992575,0.6314193263000744,IND>GRN>OTH>LNP,Northern Victoria,LNP,LNP,ALP,0.726763609695189,0.273236390304811,0.22676360969518905,LNP-ALP,ON>IND>GRN>OTH,0.273236390304811,0.726763609695189,ON>IND>GRN>OTH,0.3498882120812215,0.6501117879187785,IND>GRN>OTH>LNP,2022,simplified
Narracan,Eastern Victoria,LNP,LNP,ALP,0.5564023666342073,0.44359763336579267,0.05640236663420728,LNP-ALP,ON>OTH>IND>GRN,0.44359763336579267,0.5564023666342073,ON>OTH>IND>GRN,0.5392110975083096,0.46078890249169047,OTH>IND>GRN>LNP,Eastern Victoria,LNP,LNP,ALP,0.5616750646823111,0.43832493531768885,0.0616750646823111,LNP-ALP,ON>OTH>IND>GRN,0.43832493531768885,0.5616750646823111,ON>OTH>IND>GRN,0.5301441884923728,0.4698558115076273,OTH>IND>GRN>LNP,2022,simplified
Narre Warren North,South-Eastern Metro,ALP,ALP,LNP,0.6068750444794769,0.3931249555205232,0.10687504447947693,ALP-LNP,ON>IND>GRN>OTH,0.6068750444794769,0.3931249555205232,ON>IND>GRN>OTH,0.6874870910937126,0.31251290890628736,IND>GRN>OTH>LNP,South-Eastern Metro,ALP,ALP,LNP,0.6148192983861064,0.38518070161389356,0.11481929838610638,ALP-LNP,ON>IND>GRN>OTH,0.6148192983861064,0.38518070161389356,ON>IND>GRN>OTH,0.6797428850820793,0.32025711491792086,IND>GRN>OTH>LNP,2022,simplified
Narre Warren South,South-Eastern Metro,ALP,ALP,LNP,0.604840053129568,0.3951599468704321,0.10484005312956801,ALP-LNP,ON>IND>GRN>OTH,0.604840053129568,0.3951599468704321,ON>IND>GRN>OTH,0.6876583905728771,0.31234160942712297,IND>GRN>OTH>LNP,South-Eastern Metro,ALP,ALP,LNP,0.6123127462983913,0.38768725370160884,0.11231274629839127,ALP-LNP,ON>IND>GRN>OTH,0.6123127462983913,0.38768725370160884,ON>IND>GRN>OTH,0.6803773229389329,0.3196226770610671,IND>GRN>OTH>LNP,2022,simplified
Nepean,Eastern Victoria,LNP,LNP,ALP,0.561544746979581,0.438455253020419,0.06154474697958101,LNP-ALP,ON>IND>OTH>GRN,0.438455253020419,0.561544746979581,ON>IND>OTH>GRN,0.5322251946523213,0.4677748053476787,IND>OTH>GRN>LNP,Eastern Victoria,LNP,LNP,ALP,0.5674579373660746,0.4325420626339253,0.06745793736607464,LNP-ALP,ON>IND>OTH>GRN,0.4325420626339253,0.5674579373660746,ON>IND>OTH>GRN,0.51730777136394,0.48269222863606,IND>OTH>GRN>LNP,2022,simplified
Niddrie,Western Metro,ALP,ALP,LNP,0.5726820400050106,0.4273179599949895,0.07268204000501055,ALP-LNP,IND>ON>GRN>OTH,0.5726820400050106,0.4273179599949895,IND>ON>GRN>OTH,0.7091735377686924,0.2908264622313077,IND>GRN>OTH>LNP,Western Metro,ALP,ALP,LNP,0.5792293272210983,0.4207706727789017,0.07922932722109832,ALP-LNP,IND>ON>GRN>OTH,0.5792293272210983,0.4207706727789017,IND>ON>GRN>OTH,0.7044537846282792,0.2955462153717208,IND>GRN>OTH>LNP,2022,simplified
Northcote,Northern Metro,ALP,ALP,GRN,0.5106937699900324,0.4893062300099677,0.010693769990032354,ALP-GRN,ON>IND>LNP>OTH,0.7658077043734094,0.2341922956265906,ON>IND>OTH>GRN,0.8526308492691984,0.14736915073080165,IND>LNP>OTH>GRN,Northern Metro,ALP,ALP,GRN,0.5116428506302505,0.48835714936974944,0.0116428506302505,ALP-GRN,ON>IND>LNP>OTH,0.8079195433852342,0.19208045661476586,ON>IND>OTH>GRN,0.8833818786066914,0.11661812139330871,IND>LNP>OTH>GRN,2022,simplified
Oakleigh,Southern Metro,ALP,ALP,LNP,0.6285711954527601,0.3714288045472399,0.12857119545276008,ALP-LNP,ON>IND>OTH>GRN,0.6285711954527601,0.3714288045472399,ON>IND>OTH>GRN,0.7526162693854149,0.24738373061458502,IND>OTH>GRN>LNP,Southern Metro,ALP,ALP,LNP,0.6371312521804469,0.3628687478195531,0.13713125218044686,ALP-LNP,ON>IND>OTH>GRN,0.6371312521804469,0.3628687478195531,ON>IND>OTH>GRN,0.7476486325260296,0.25235136747397036,IND>OTH>GRN>LNP,2022,simplified
Ovens Valley,Northern Victoria,LNP,LNP,ALP,0.6351289241239256,0.3648710758760743,0.13512892412392563,LNP-ALP,ON>IND>GRN>OTH,0.3648710758760743,0.6351289241239256,ON>IND>GRN>OTH,0.4123629468089383,0.5876370531910617,IND>GRN>OTH>LNP,Northern Victoria,LNP,LNP,ALP,0.6465051566928421,0.3534948433071579,0.14650515669284214,LNP-ALP,ON>IND>GRN>OTH,0.3534948433071579,0.6465051566928421,ON>IND>GRN>OTH,0.3951735089367771,0.604826491063223,IND>GRN>OTH>LNP,2022,simplified
Pakenham,Eastern Victoria,ALP,ALP,LNP,0.5085353863580703,0.4914646136419298,0.008535386358070274,ALP-LNP,ON>GRN>IND>OTH,0.5085353863580703,0.4914646136419298,ON>GRN>IND>OTH,0.5495297146534595,0.4504702853465406,GRN>IND>OTH>LNP,Eastern Victoria,ALP,ALP,LNP,0.5007920821268574,0.4992079178731426,0.0007920821268574407,ALP-LNP,ON>GRN>IND>OTH,0.5007920821268574,0.4992079178731426,ON>GRN>IND>OTH,0.5311847194646996,0.46881528053530047,GRN>IND>OTH>LNP,2022,simplified
Pascoe Vale,Northern Metro,ALP,ALP,GRN,0.5537558642781506,0.4462441357218494,0.0537558642781506,ALP-GRN,ON>IND>OTH>LNP,0.6815478187377595,0.3184521812622405,ON>IND>OTH>GRN,0.8167052860418844,0.18329471395811553,IND>OTH>LNP>GRN,Northern Metro,ALP,ALP,GRN,0.5581752962835442,0.44182470371645577,0.05817529628354423,ALP-GRN,ON>IND>OTH>LNP,0.6978708723520046,0.3021291276479953,ON>IND>OTH>GRN,0.8111366009114208,0.18886339908857916,IND>OTH>LNP>GRN,2022,simplified
Point Cook,Western Metro,ALP,ALP,LNP,0.5967490675818924,0.40325093241810767,0.09674906758189239,ALP-LNP,ON>GRN>IND>OTH,0.5967490675818924,0.40325093241810767,ON>GRN>IND>OTH,0.6676146584603873,0.3323853415396127,GRN>IND>OTH>LNP,Western Metro,ALP,ALP,LNP,0.608153446843965,0.391846553156035,0.108153446843965,ALP-LNP,ON>GRN>IND>OTH,0.608153446843965,0.391846553156035,ON>GRN>IND>OTH,0.6589813220742567,0.34101867792574325,GRN>IND>OTH>LNP,2022,simplified
Polwarth,Western Victoria,LNP,LNP,ALP,0.5334749736424839,0.4665250263575162,0.03347497364248386,LNP-ALP,ON>IND>OTH>GRN,0.4665250263575162,0.5334749736424839,ON>IND>OTH>GRN,0.5254655490012955,0.4745344509987045,IND>OTH>GRN>LNP,Western Victoria,LNP,LNP,ALP,0.5424480133946256,0.4575519866053745,0.04244801339462556,LNP-ALP,ON>IND>OTH>GRN,0.4575519866053745,0.5424480133946256,ON>IND>OTH>GRN,0.5142058901070178,0.4857941098929823,IND>OTH>GRN>LNP,2022,simplified
Prahran,Southern Metro,Greens,GRN,LNP,0.5877075287697591,0.412292471230241,0.08770752876975907,GRN-LNP,ON>IND>OTH>ALP,0.5931741142263215,0.40682588577367845,ON>IND>OTH>GRN,0.7553762988309775,0.2446237011690225,IND>OTH>LNP>GRN,Southern Metro,Greens,GRN,LNP,0.6175920904187144,0.3824079095812856,0.11759209041871443,GRN-LNP,ON>IND>OTH>ALP,0.6289242077047406,0.3710757922952594,ON>IND>OTH>GRN,0.8017950212771487,0.1982049787228513,IND>OTH>LNP>GRN,2022,simplified
Preston,Northern Metro,ALP,ALP,LNP,0.6717623397204863,0.32823766027951373,0.17176233972048627,ALP-LNP,ON>IND>OTH>GRN,0.6717623397204863,0.32823766027951373,ON>IND>OTH>GRN,0.8108238272198509,0.1891761727801492,IND>OTH>LNP>GRN,Northern Metro,ALP,ALP,GRN,0.5986255861430387,0.4013744138569614,0.09862558614303873,ALP-GRN,ON>IND>OTH>LNP,0.6880578004325156,0.31194219956748437,ON>IND>OTH>GRN,0.8043205246721818,0.19567947532781801,IND>OTH>LNP>GRN,2022,simplified
Richmond,Northern Metro,GRN,GRN,ALP,0.5429052619286692,0.4570947380713309,0.04290526192866917,GRN-ALP,ON>IND>OTH>LNP,0.7408084691648578,0.2591915308351423,ON>IND>OTH>GRN,0.8532478573549066,0.1467521426450934,IND>OTH>LNP>GRN,Northern Metro,GRN,GRN,ALP,0.5409588615887525,0.45904113841124744,0.040958861588752504,GRN-ALP,ON>IND>OTH>LNP,0.7860157249661311,0.21398427503386877,ON>IND>OTH>GRN,0.8774561799379856,0.1225438200620143,IND>LNP>OTH>GRN,2022,simplified
Ringwood,North-Eastern Metro,LNP,ALP,LNP,0.5530576607757911,0.44694233922420884,0.053057660775791105,ALP-LNP,IND>ON>OTH>GRN,0.5530576607757911,0.44694233922420884,IND>ON>OTH>GRN,0.6726827851427616,0.32731721485723836,IND>OTH>GRN>LNP,North-Eastern Metro,LNP,ALP,LNP,0.561991868519926,0.43800813148007395,0.061991868519926,ALP-LNP,IND>ON>OTH>GRN,0.561991868519926,0.43800813148007395,IND>ON>OTH>GRN,0.6679222644036729,0.33207773559632714,IND>OTH>GRN>LNP,2022,simplified
Ripon,Western Victoria,ALP,ALP,LNP,0.5298709237326675,0.4701290762673325,0.02987092373266753,ALP-LNP,ON>IND>GRN>OTH,0.5298709237326675,0.4701290762673325,ON>IND>GRN>OTH,0.5577464239302563,0.44225357606974364,IND>GRN>OTH>LNP,Western Victoria,ALP,ALP,LNP,0.5201797598397779,0.4798202401602221,0.020179759839777933,ALP-LNP,ON>IND>GRN>OTH,0.5201797598397779,0.4798202401602221,ON>IND>GRN>OTH,0.5387383674458404,0.4612616325541597,IND>GRN>OTH>LNP,2022,simplified
Rowville,South-Eastern Metro,LNP,LNP,ALP,0.5440828518384011,0.45591714816159895,0.044082851838401105,LNP-ALP,ON>OTH>GRN>IND,0.45591714816159895,0.5440828518384011,ON>OTH>GRN>IND,0.6127400650944802,0.38725993490551985,OTH>GRN>IND>LNP,South-Eastern Metro,LNP,LNP,ALP,0.5349868205084966,0.46501317949150345,0.03498682050849655,LNP-ALP,ON>OTH>GRN>IND,0.46501317949150345,0.5349868205084966,ON>OTH>GRN>IND,0.6058612423130946,0.3941387576869054,OTH>GRN>IND>LNP,2022,simplified
Sandringham,Southern Metro,LNP,LNP,ALP,0.5601377923988603,0.43986220760113964,0.0601377923988603,LNP-ALP,ON>IND>OTH>GRN,0.43986220760113964,0.5601377923988603,ON>IND>OTH>GRN,0.6337265299929223,0.36627347000707766,IND>OTH>GRN>LNP,Southern Metro,LNP,LNP,ALP,0.5492490974304051,0.45075090256959494,0.049249097430405064,LNP-ALP,ON>IND>OTH>GRN,0.45075090256959494,0.5492490974304051,ON>IND>OTH>GRN,0.6260947311734328,0.37390526882656716,IND>OTH>GRN>LNP,2022,simplified
Shepparton,Northern Victoria,LNP,LNP,IND,0.5421273548291144,0.45787264517088555,0.04212735482911445,LNP-IND,ON>GRN>OTH>ALP,0.3408961934734224,0.6591038065265775,ON>GRN>OTH>IND,0.4647217082135417,0.5352782917864582,GRN>OTH>IND>LNP,Northern Victoria,LNP,LNP,IND,0.5430146501747725,0.45698534982522754,0.04301465017477246,LNP-IND,ON>GRN>OTH>ALP,0.3299577359742231,0.6700422640257768,ON>GRN>OTH>IND,0.42935767327442415,0.5706423267255758,GRN>OTH>IND>LNP,2022,simplified
South Barwon,Western Victoria,ALP,ALP,LNP,0.5724308937655745,0.4275691062344255,0.07243089376557454,ALP-LNP,IND>ON>GRN>OTH,0.5724308937655745,0.4275691062344255,IND>ON>GRN>OTH,0.6481549464394951,0.3518450535605049,IND>GRN>OTH>LNP,Western Victoria,ALP,ALP,LNP,0.5664980796491199,0.4335019203508801,0.06649807964911991,ALP-LNP,IND>ON>GRN>OTH,0.5664980796491199,0.4335019203508801,IND>ON>GRN>OTH,0.6334781927166019,0.36652180728339817,IND>GRN>OTH>LNP,2022,simplified
South-West Coast,Western Victoria,LNP,LNP,IND,0.558002577900775,0.441997422099225,0.05800257790077501,LNP-IND,ON>GRN>OTH>ALP,0.41980403856776904,0.580195961432231,ON>GRN>OTH>IND,0.47362839087359515,0.5263716091264049,GRN>OTH>IND>LNP,Western Victoria,LNP,LNP,IND,0.5627750549257571,0.437224945074243,0.06277505492575708,LNP-IND,ON>GRN>OTH>ALP,0.4033847542615768,0.5966152457384233,ON>GRN>OTH>IND,0.44433360065859306,0.5556663993414069,GRN>OTH>IND>LNP,2022,simplified
St Albans,Western Metro,ALP,ALP,LNP,0.6185846002716805,0.3814153997283195,0.1185846002716805,ALP-LNP,ON>IND>GRN>OTH,0.6185846002716805,0.3814153997283195,ON>IND>GRN>OTH,0.7097559296748155,0.29024407032518457,IND>GRN>OTH>LNP,Western Metro,ALP,ALP,LNP,0.6283558066707888,0.37164419332921117,0.12835580667078883,ALP-LNP,ON>IND>GRN>OTH,0.6283558066707888,0.37164419332921117,ON>IND>GRN>OTH,0.701260723136176,0.29873927686382395,IND>GRN>OTH>LNP,2022,simplified
Sunbury,Western Metro,ALP,ALP,LNP,0.5784101721824965,0.4215898278175036,0.07841017218249646,ALP-LNP,ON>IND>GRN>OTH,0.5784101721824965,0.4215898278175036,ON>IND>GRN>OTH,0.6192205369560971,0.3807794630439029,IND>GRN>OTH>LNP,Western Metro,ALP,ALP,LNP,0.5724072436394155,0.4275927563605845,0.07240724363941553,ALP-LNP,ON>IND>GRN>OTH,0.5724072436394155,0.4275927563605845,ON>IND>GRN>OTH,0.6046066385055862,0.39539336149441395,IND>GRN>OTH>LNP,2022,simplified
Sydenham,Western Metro,ALP,ALP,LNP,0.5928095227167873,0.4071904772832127,0.09280952271678733,ALP-LNP,ON>IND>GRN>OTH,0.5928095227167873,0.4071904772832127,ON>IND>GRN>OTH,0.6776615187111709,0.3223384812888292,IND>GRN>OTH>LNP,Western Metro,ALP,ALP,LNP,0.6010159148119649,0.3989840851880352,0.10101591481196492,ALP-LNP,ON>IND>GRN>OTH,0.6010159148119649,0.3989840851880352,ON>IND>GRN>OTH,0.6716085837402609,0.3283914162597392,IND>GRN>OTH>LNP,2022,simplified
Tarneit,Western Metro,ALP,ALP,LNP,0.6309596135066698,0.36904038649333015,0.13095961350666985,ALP-LNP,ON>IND>GRN>OTH,0.6309596135066698,0.36904038649333015,ON>IND>GRN>OTH,0.701217883606802,0.298782116393198,IND>GRN>OTH>LNP,Western Metro,ALP,ALP,LNP,0.6395412479251436,0.3604587520748565,0.13954124792514355,ALP-LNP,ON>IND>GRN>OTH,0.6395412479251436,0.3604587520748565,ON>IND>GRN>OTH,0.6953235577056975,0.30467644229430246,IND>GRN>OTH>LNP,2022,simplified
Thomastown,Northern Metro,ALP,ALP,LNP,0.6726365844688231,0.32736341553117687,0.17263658446882313,ALP-LNP,ON>IND>GRN>OTH,0.6726365844688231,0.32736341553117687,ON>IND>GRN>OTH,0.7313367852591387,0.2686632147408613,IND>GRN>OTH>LNP,Northern Metro,ALP,ALP,LNP,0.6813521660987865,0.31864783390121354,0.18135216609878646,ALP-LNP,ON>IND>GRN>OTH,0.6813521660987865,0.31864783390121354,ON>IND>GRN>OTH,0.7249088106172746,0.2750911893827255,IND>GRN>OTH>LNP,2022,simplified
Warrandyte,North-Eastern Metro,LNP,LNP,ALP,0.5576342661729113,0.44236573382708866,0.05763426617291134,LNP-ALP,ON>IND>OTH>GRN,0.44236573382708866,0.5576342661729113,ON>IND>OTH>GRN,0.6137826454282241,0.386217354571776,IND>OTH>GRN>LNP,North-Eastern Metro,LNP,LNP,ALP,0.5507976445246138,0.4492023554753863,0.05079764452461377,LNP-ALP,ON>IND>OTH>GRN,0.4492023554753863,0.5507976445246138,ON>IND>OTH>GRN,0.6091347373026402,0.3908652626973598,IND>OTH>GRN>LNP,2022,simplified
Wendouree,Western Victoria,ALP,ALP,LNP,0.6089312189895644,0.39106878101043563,0.10893121898956437,ALP-LNP,ON>IND>GRN>OTH,0.6089312189895644,0.39106878101043563,ON>IND>GRN>OTH,0.6798546680263207,0.3201453319736793,IND>GRN>OTH>LNP,Western Victoria,ALP,ALP,LNP,0.6034135332894873,0.39658646671051273,0.10341353328948732,ALP-LNP,ON>IND>GRN>OTH,0.6034135332894873,0.39658646671051273,ON>IND>GRN>OTH,0.6660471873043714,0.3339528126956286,IND>GRN>OTH>LNP,2022,simplified
Werribee,Western Metro,ALP,ALP,LNP,0.6136625422032704,0.3863374577967296,0.11366254220327043,ALP-LNP,ON>GRN>IND>OTH,0.6136625422032704,0.3863374577967296,ON>GRN>IND>OTH,0.6358802935830774,0.36411970641692254,GRN>IND>OTH>LNP,Western Metro,ALP,ALP,LNP,0.6054309759349923,0.39456902406500766,0.10543097593499229,ALP-LNP,ON>GRN>IND>OTH,0.6054309759349923,0.39456902406500766,ON>GRN>IND>OTH,0.6158956578138357,0.38410434218616435,GRN>IND>OTH>LNP,2022,simplified
Williamstown,Western Metro,ALP,ALP,LNP,0.6253304039381555,0.3746695960618444,0.12533040393815553,ALP-LNP,ON>IND>OTH>GRN,0.6253304039381555,0.3746695960618444,ON>IND>OTH>GRN,0.7524818698203377,0.24751813017966232,IND>OTH>GRN>LNP,Western Metro,ALP,ALP,LNP,0.6542384588752814,0.3457615411247186,0.15423845887528143,ALP-LNP,ON>IND>OTH>GRN,0.6542384588752814,0.3457615411247186,ON>IND>OTH>GRN,0.7745513084228449,0.22544869157715505,IND>OTH>GRN>LNP,2022,simplified
Yan Yean,Northern Victoria,ALP,ALP,LNP,0.5793817567986769,0.4206182432013232,0.07938175679867687,ALP-LNP,IND>ON>GRN>OTH,0.5793817567986769,0.4206182432013232,IND>ON>GRN>OTH,0.6145370412621511,0.38546295873784886,IND>GRN>OTH>LNP,Northern Victoria,ALP,ALP,LNP,0.5736594622387053,0.42634053776129466,0.07365946223870534,ALP-LNP,IND>ON>GRN>OTH,0.5736594622387053,0.42634053776129466,IND>ON>GRN>OTH,0.5978830494192148,0.40211695058078534,IND>GRN>OTH>LNP,2022,simplified
Albert Park,Southern Metro,ALP,ALP,LNP,0.5715991318510334,0.42840086814896655,0.07159913185103339,ALP-LNP,OTH>IND>ON>GRN,0.5715991318510334,0.42840086814896655,OTH>IND>ON>GRN,0.6819968728391441,0.3180031271608558,OTH>IND>GRN>LNP,Southern Metro,ALP,ALP,LNP,0.5715991318510334,0.42840086814896655,0.07159913185103339,ALP-LNP,OTH>IND>ON>GRN,0.5715991318510334,0.42840086814896655,OTH>IND>ON>GRN,0.6819968728391441,0.3180031271608558,OTH>IND>GRN>LNP,ON18,reference
Ashwood,Southern Metro,ALP,LNP,ALP,0.5055595078846656,0.4944404921153343,0.005559507884665638,LNP-ALP,OTH>IND>ON>GRN,0.4944404921153343,0.5055595078846656,OTH>IND>ON>GRN,0.6378528492631621,0.36214715073683784,OTH>IND>GRN>LNP,Southern Metro,ALP,LNP,ALP,0.5055595078846656,0.4944404921153343,0.005559507884665638,LNP-ALP,OTH>IND>ON>GRN,0.4944404921153343,0.5055595078846656,OTH>IND>ON>GRN,0.6378528492631621,0.36214715073683784,OTH>IND>GRN>LNP,ON18,reference
Bass,Eastern Victoria,ALP,LNP,ALP,0.6139313031199971,0.38606869688000295,0.11393130311999711,LNP-ALP,OTH>IND>GRN>ON,0.38606869688000295,0.6139313031199971,OTH>IND>GRN>ON,0.406098359828046,0.5939016401719541,OTH>IND>GRN>LNP,Eastern Victoria,ALP,LNP,ALP,0.6139313031199971,0.38606869688000295,0.11393130311999711,LNP-ALP,OTH>IND>GRN>ON,0.38606869688000295,0.6139313031199971,OTH>IND>GRN>ON,0.406098359828046,0.5939016401719541,OTH>IND>GRN>LNP,ON18,reference
Bayswater,North-Eastern Metro,ALP,LNP,ALP,0.5513778968829866,0.44862210311701345,0.05137789688298655,LNP-ALP,IND>OTH>GRN>ON,0.44862210311701345,0.5513778968829866,IND>OTH>GRN>ON,0.5422446618579294,0.4577553381420706,IND>OTH>GRN>LNP,North-Eastern Metro,ALP,LNP,ALP,0.5513778968829866,0.44862210311701345,0.05137789688298655,LNP-ALP,IND>OTH>GRN>ON,0.44862210311701345,0.5513778968829866,IND>OTH>GRN>ON,0.5422446618579294,0.4577553381420706,IND>OTH>GRN>LNP,ON18,reference
Bellarine,Western Victoria,ALP,ALP,LNP,0.5044331326215711,0.49556686737842903,0.004433132621571079,ALP-LNP,OTH>IND>GRN>ON,0.5044331326215711,0.49556686737842903,OTH>IND>GRN>ON,0.5420566270459038,0.45794337295409626,OTH>IND>GRN>LNP,Western Victoria,ALP,ALP,LNP,0.5044331326215711,0.49556686737842903,0.004433132621571079,ALP-LNP,OTH>IND>GRN>ON,0.5044331326215711,0.49556686737842903,OTH>IND>GRN>ON,0.5420566270459038,0.45794337295409626,OTH>IND>GRN>LNP,ON18,reference
Benambra,Northern Victoria,LNP,LNP,IND,0.5847235128377374,0.4152764871622626,0.08472351283773738,LNP-IND,OTH>GRN>ALP>ON,0.2626884094634705,0.7373115905365295,OTH>GRN>ON>IND,0.26733373791022125,0.7326662620897787,OTH>GRN>IND>LNP,Northern Victoria,LNP,LNP,IND,0.5847235128377374,0.4152764871622626,0.08472351283773738,LNP-IND,OTH>GRN>ALP>ON,0.2626884094634705,0.7373115905365295,OTH>GRN>ON>IND,0.26733373791022125,0.7326662620897787,OTH>GRN>IND>LNP,ON18,reference
Bendigo East,Northern Victoria,ALP,ALP,LNP,0.5197087013423702,0.48029129865762976,0.01970870134237024,ALP-LNP,OTH>IND>GRN>ON,0.5197087013423702,0.48029129865762976,OTH>IND>GRN>ON,0.5712226840655437,0.4287773159344563,OTH>IND>GRN>LNP,Northern Victoria,ALP,ALP,LNP,0.5197087013423702,0.48029129865762976,0.01970870134237024,ALP-LNP,OTH>IND>GRN>ON,0.5197087013423702,0.48029129865762976,OTH>IND>GRN>ON,0.5712226840655437,0.4287773159344563,OTH>IND>GRN>LNP,ON18,reference
Bendigo West,Northern Victoria,ALP,ALP,LNP,0.5566246514275568,0.44337534857244326,0.056624651427556794,ALP-LNP,IND>OTH>GRN>ON,0.5566246514275568,0.44337534857244326,IND>OTH>GRN>ON,0.5757200807436866,0.4242799192563135,IND>OTH>GRN>LNP,Northern Victoria,ALP,ALP,LNP,0.5566246514275568,0.44337534857244326,0.056624651427556794,ALP-LNP,IND>OTH>GRN>ON,0.5566246514275568,0.44337534857244326,IND>OTH>GRN>ON,0.5757200807436866,0.4242799192563135,IND>OTH>GRN>LNP,ON18,reference
Bentleigh,Southern Metro,ALP,ALP,LNP,0.5159827802807622,0.4840172197192378,0.015982780280762166,ALP-LNP,OTH>IND>GRN>ON,0.5159827802807622,0.4840172197192378,OTH>IND>GRN>ON,0.6312556092654293,0.3687443907345707,OTH>IND>GRN>LNP,Southern Metro,ALP,ALP,LNP,0.5159827802807622,0.4840172197192378,0.015982780280762166,ALP-LNP,OTH>IND>GRN>ON,0.5159827802807622,0.4840172197192378,OTH>IND>GRN>ON,0.6312556092654293,0.3687443907345707,OTH>IND>GRN>LNP,ON18,reference
Berwick,South-Eastern Metro,LNP,LNP,ALP,0.6297608993124253,0.3702391006875747,0.1297608993124253,LNP-ALP,IND>OTH>GRN>ON,0.3702391006875747,0.6297608993124253,IND>OTH>GRN>ON,0.42788701116691524,0.5721129888330848,IND>OTH>GRN>LNP,South-Eastern Metro,LNP,LNP,ALP,0.6297608993124253,0.3702391006875747,0.1297608993124253,LNP-ALP,IND>OTH>GRN>ON,0.3702391006875747,0.6297608993124253,IND>OTH>GRN>ON,0.42788701116691524,0.5721129888330848,IND>OTH>GRN>LNP,ON18,reference
Box Hill,North-Eastern Metro,ALP,ALP,LNP,0.5065558966918502,0.49344410330814986,0.006555896691850194,ALP-LNP,IND>OTH>ON>GRN,0.5065558966918502,0.49344410330814986,IND>OTH>ON>GRN,0.6474899240706452,0.3525100759293548,IND>OTH>GRN>LNP,North-Eastern Metro,ALP,ALP,LNP,0.5065558966918502,0.49344410330814986,0.006555896691850194,ALP-LNP,IND>OTH>ON>GRN,0.5065558966918502,0.49344410330814986,IND>OTH>ON>GRN,0.6474899240706452,0.3525100759293548,IND>OTH>GRN>LNP,ON18,reference
Brighton,Southern Metro,LNP,LNP,ALP,0.5915585830821483,0.4084414169178517,0.09155858308214826,LNP-ALP,OTH>IND>ON>GRN,0.4084414169178517,0.5915585830821483,OTH>IND>ON>GRN,0.6182053025078574,0.3817946974921425,OTH>IND>GRN>LNP,Southern Metro,LNP,LNP,ALP,0.5915585830821483,0.4084414169178517,0.09155858308214826,LNP-ALP,OTH>IND>ON>GRN,0.4084414169178517,0.5915585830821483,OTH>IND>ON>GRN,0.6182053025078574,0.3817946974921425,OTH>IND>GRN>LNP,ON18,reference
Broadmeadows,Northern Metro,ALP,ALP,ON,0.5923534207237885,0.4076465792762115,0.09235342072378849,ALP-ON,IND>GRN>OTH>LNP,0.6046216964015513,0.3953783035984487,IND>GRN>OTH>ON,0.5923534207237885,0.4076465792762115,IND>GRN>OTH>LNP,Northern Metro,ALP,ALP,ON,0.5923534207237885,0.4076465792762115,0.09235342072378849,ALP-ON,IND>GRN>OTH>LNP,0.6046216964015513,0.3953783035984487,IND>GRN>OTH>ON,0.5923534207237885,0.4076465792762115,IND>GRN>OTH>LNP,ON18,reference
Brunswick,Northern Metro,GRN,GRN,ALP,0.6339740962317608,0.3660259037682391,0.13397409623176082,GRN-ALP,IND>OTH>LNP>ON,0.7765688579623058,0.22343114203769418,IND>OTH>ON>GRN,0.7975876598333702,0.20241234016662984,IND>OTH>LNP>GRN,Northern Metro,GRN,GRN,ALP,0.6339740962317608,0.3660259037682391,0.13397409623176082,GRN-ALP,IND>OTH>LNP>ON,0.7765688579623058,0.22343114203769418,IND>OTH>ON>GRN,0.7975876598333702,0.20241234016662984,IND>OTH>LNP>GRN,ON18,reference
Bulleen,North-Eastern Metro,LNP,LNP,ALP,0.6194133594756183,0.38058664052438174,0.11941335947561826,LNP-ALP,IND>OTH>ON>GRN,0.38058664052438174,0.6194133594756183,IND>OTH>ON>GRN,0.5754201678247791,0.424579832175221,IND>OTH>GRN>LNP,North-Eastern Metro,LNP,LNP,ALP,0.6194133594756183,0.38058664052438174,0.11941335947561826,LNP-ALP,IND>OTH>ON>GRN,0.38058664052438174,0.6194133594756183,IND>OTH>ON>GRN,0.5754201678247791,0.424579832175221,IND>OTH>GRN>LNP,ON18,reference
Bundoora,North-Eastern Metro,ALP,ALP,LNP,0.5693022567276226,0.4306977432723774,0.06930225672762258,ALP-LNP,IND>OTH>GRN>ON,0.5693022567276226,0.4306977432723774,IND>OTH>GRN>ON,0.6545370264380934,0.3454629735619067,IND>OTH>GRN>LNP,North-Eastern Metro,ALP,ALP,LNP,0.5693022567276226,0.4306977432723774,0.06930225672762258,ALP-LNP,IND>OTH>GRN>ON,0.5693022567276226,0.4306977432723774,IND>OTH>GRN>ON,0.6545370264380934,0.3454629735619067,IND>OTH>GRN>LNP,ON18,reference
Carrum,South-Eastern Metro,ALP,LNP,ALP,0.5012929920261568,0.4987070079738431,0.0012929920261568473,LNP-ALP,IND>OTH>GRN>ON,0.4987070079738431,0.5012929920261568,IND>OTH>GRN>ON,0.5139215774080195,0.48607842259198053,IND>OTH>GRN>LNP,South-Eastern Metro,ALP,LNP,ALP,0.5012929920261568,0.4987070079738431,0.0012929920261568473,LNP-ALP,IND>OTH>GRN>ON,0.4987070079738431,0.5012929920261568,IND>OTH>GRN>ON,0.5139215774080195,0.48607842259198053,IND>OTH>GRN>LNP,ON18,reference
Caulfield,Southern Metro,LNP,LNP,ALP,0.5715734569630625,0.42842654303693756,0.0715734569630625,LNP-ALP,OTH>IND>ON>GRN,0.42842654303693756,0.5715734569630625,OTH>IND>ON>GRN,0.6309549129688603,0.3690450870311397,OTH>IND>GRN>LNP,Southern Metro,LNP,LNP,ALP,0.5715734569630625,0.42842654303693756,0.0715734569630625,LNP-ALP,OTH>IND>ON>GRN,0.42842654303693756,0.5715734569630625,OTH>IND>ON>GRN,0.6309549129688603,0.3690450870311397,OTH>IND>GRN>LNP,ON18,reference
Clarinda,South-Eastern Metro,ALP,ALP,LNP,0.544650061894758,0.455349938105242,0.04465006189475795,ALP-LNP,OTH>GRN>IND>ON,0.544650061894758,0.455349938105242,OTH>GRN>IND>ON,0.6154275931771487,0.38457240682285143,OTH>GRN>IND>LNP,South-Eastern Metro,ALP,ALP,LNP,0.544650061894758,0.455349938105242,0.04465006189475795,ALP-LNP,OTH>GRN>IND>ON,0.544650061894758,0.455349938105242,OTH>GRN>IND>ON,0.6154275931771487,0.38457240682285143,OTH>GRN>IND>LNP,ON18,reference
Cranbourne,South-Eastern Metro,ALP,ALP,ON,0.5224954773710356,0.47750452262896437,0.022495477371035633,ALP-ON,IND>GRN>OTH>LNP,0.5148695116797462,0.4851304883202539,IND>GRN>OTH>ON,0.5224954773710356,0.47750452262896437,IND>GRN>OTH>LNP,South-Eastern Metro,ALP,ALP,ON,0.5224954773710356,0.47750452262896437,0.022495477371035633,ALP-ON,IND>GRN>OTH>LNP,0.5148695116797462,0.4851304883202539,IND>GRN>OTH>ON,0.5224954773710356,0.47750452262896437,IND>GRN>OTH>LNP,ON18,reference
Croydon,North-Eastern Metro,LNP,LNP,ALP,0.5878351980185085,0.4121648019814915,0.08783519801850848,LNP-ALP,IND>OTH>GRN>ON,0.4121648019814915,0.5878351980185085,IND>OTH>GRN>ON,0.5234105011862905,0.47658949881370954,IND>OTH>GRN>LNP,North-Eastern Metro,LNP,LNP,ALP,0.5878351980185085,0.4121648019814915,0.08783519801850848,LNP-ALP,IND>OTH>GRN>ON,0.4121648019814915,0.5878351980185085,IND>OTH>GRN>ON,0.5234105011862905,0.47658949881370954,IND>OTH>GRN>LNP,ON18,reference
Dandenong,South-Eastern Metro,ALP,ALP,ON,0.6291152685543587,0.37088473144564127,0.12911526855435873,ALP-ON,IND>OTH>GRN>LNP,0.6244741482396692,0.37552585176033076,IND>OTH>GRN>ON,0.6291152685543587,0.37088473144564127,IND>OTH>GRN>LNP,South-Eastern Metro,ALP,ALP,ON,0.6291152685543587,0.37088473144564127,0.12911526855435873,ALP-ON,IND>OTH>GRN>LNP,0.6244741482396692,0.37552585176033076,IND>OTH>GRN>ON,0.6291152685543587,0.37088473144564127,IND>OTH>GRN>LNP,ON18,reference
Eildon,Northern Victoria,LNP,LNP,ALP,0.6501973099472966,0.34980269005270337,0.15019730994729663,LNP-ALP,IND>OTH>GRN>ON,0.34980269005270337,0.6501973099472966,IND>OTH>GRN>ON,0.39017554820088196,0.609824451799118,IND>OTH>GRN>LNP,Northern Victoria,LNP,LNP,ALP,0.6501973099472966,0.34980269005270337,0.15019730994729663,LNP-ALP,IND>OTH>GRN>ON,0.34980269005270337,0.6501973099472966,IND>OTH>GRN>ON,0.39017554820088196,0.609824451799118,IND>OTH>GRN>LNP,ON18,reference
Eltham,North-Eastern Metro,ALP,ALP,LNP,0.5192952403101858,0.48070475968981424,0.019295240310185813,ALP-LNP,IND>OTH>GRN>ON,0.5192952403101858,0.48070475968981424,IND>OTH>GRN>ON,0.602764631095678,0.39723536890432193,IND>OTH>GRN>LNP,North-Eastern Metro,ALP,ALP,LNP,0.5192952403101858,0.48070475968981424,0.019295240310185813,ALP-LNP,IND>OTH>GRN>ON,0.5192952403101858,0.48070475968981424,IND>OTH>GRN>ON,0.602764631095678,0.39723536890432193,IND>OTH>GRN>LNP,ON18,reference
Essendon,Northern Metro,ALP,ALP,LNP,0.5323148473482124,0.4676851526517875,0.03231484734821244,ALP-LNP,IND>OTH>GRN>ON,0.5323148473482124,0.4676851526517875,IND>OTH>GRN>ON,0.5948166744609468,0.40518332553905323,IND>OTH>GRN>LNP,Northern Metro,ALP,ALP,LNP,0.5323148473482124,0.4676851526517875,0.03231484734821244,ALP-LNP,IND>OTH>GRN>ON,0.5323148473482124,0.4676851526517875,IND>OTH>GRN>ON,0.5948166744609468,0.40518332553905323,IND>OTH>GRN>LNP,ON18,reference
Eureka,Western Victoria,ALP,ON,ALP,0.5446246812692546,0.4553753187307455,0.04462468126925456,ON-ALP,IND>OTH>GRN>LNP,0.46535741656085955,0.5346425834391405,IND>OTH>GRN>ON,0.4553753187307455,0.5446246812692546,IND>OTH>GRN>LNP,Western Victoria,ALP,ON,ALP,0.5446246812692546,0.4553753187307455,0.04462468126925456,ON-ALP,IND>OTH>GRN>LNP,0.46535741656085955,0.5346425834391405,IND>OTH>GRN>ON,0.4553753187307455,0.5446246812692546,IND>OTH>GRN>LNP,ON18,reference
Euroa,Northern Victoria,LNP,LNP,ON,0.6405343526901971,0.35946564730980296,0.1405343526901971,LNP-ON,IND>OTH>GRN>ALP,0.3127999677506619,0.6872000322493381,IND>OTH>GRN>ON,0.35800562925156804,0.641994370748432,IND>OTH>GRN>LNP,Northern Victoria,LNP,LNP,ON,0.6405343526901971,0.35946564730980296,0.1405343526901971,LNP-ON,IND>OTH>GRN>ALP,0.3127999677506619,0.6872000322493381,IND>OTH>GRN>ON,0.35800562925156804,0.641994370748432,IND>OTH>GRN>LNP,ON18,reference
Evelyn,Eastern Victoria,LNP,LNP,ALP,0.6373394608824398,0.3626605391175603,0.13733946088243976,LNP-ALP,IND>OTH>GRN>ON,0.3626605391175603,0.6373394608824398,IND>OTH>GRN>ON,0.42894974586541984,0.5710502541345802,IND>OTH>GRN>LNP,Eastern Victoria,LNP,LNP,ALP,0.6373394608824398,0.3626605391175603,0.13733946088243976,LNP-ALP,IND>OTH>GRN>ON,0.3626605391175603,0.6373394608824398,IND>OTH>GRN>ON,0.42894974586541984,0.5710502541345802,IND>OTH>GRN>LNP,ON18,reference
Footscray,Western Metro,ALP,ALP,GRN,0.5557249630936127,0.4442750369063873,0.055724963093612745,ALP-GRN,IND>OTH>ON>LNP,0.6914810265439532,0.3085189734560469,IND>OTH>ON>GRN,0.7767497907438936,0.22325020925610634,IND>OTH>LNP>GRN,Western Metro,ALP,ALP,GRN,0.5557249630936127,0.4442750369063873,0.055724963093612745,ALP-GRN,IND>OTH>ON>LNP,0.6914810265439532,0.3085189734560469,IND>OTH>ON>GRN,0.7767497907438936,0.22325020925610634,IND>OTH>LNP>GRN,ON18,reference
Frankston,South-Eastern Metro,ALP,ALP,LNP,0.5136108382414896,0.4863891617585104,0.013610838241489565,ALP-LNP,IND>OTH>GRN>ON,0.5136108382414896,0.4863891617585104,IND>OTH>GRN>ON,0.5481823914897118,0.4518176085102881,IND>OTH>GRN>LNP,South-Eastern Metro,ALP,ALP,LNP,0.5136108382414896,0.4863891617585104,0.013610838241489565,ALP-LNP,IND>OTH>GRN>ON,0.5136108382414896,0.4863891617585104,IND>OTH>GRN>ON,0.5481823914897118,0.4518176085102881,IND>OTH>GRN>LNP,ON18,reference
Geelong,Western Victoria,ALP,ALP,ON,0.52499969557295,0.47500030442704994,0.02499969557295001,ALP-ON,OTH>IND>GRN>LNP,0.5222203591755288,0.47777964082447116,OTH>IND>GRN>ON,0.52499969557295,0.47500030442704994,OTH>IND>GRN>LNP,Western Victoria,ALP,ALP,ON,0.52499969557295,0.47500030442704994,0.02499969557295001,ALP-ON,OTH>IND>GRN>LNP,0.5222203591755288,0.47777964082447116,OTH>IND>GRN>ON,0.52499969557295,0.47500030442704994,OTH>IND>GRN>LNP,ON18,reference
Gippsland East,Eastern Victoria,LNP,LNP,ON,0.6415742550110408,0.3584257449889592,0.14157425501104082,LNP-ON,IND>OTH>GRN>ALP,0.20711489600115623,0.7928851039988438,IND>OTH>GRN>ON,0.2569558224052228,0.7430441775947773,IND>OTH>GRN>LNP,Eastern Victoria,LNP,LNP,ON,0.6415742550110408,0.3584257449889592,0.14157425501104082,LNP-ON,IND>OTH>GRN>ALP,0.20711489600115623,0.7928851039988438,IND>OTH>GRN>ON,0.2569558224052228,0.7430441775947773,IND>OTH>GRN>LNP,ON18,reference
Gippsland South,Eastern Victoria,LNP,LNP,ON,0.6389225237157928,0.36107747628420717,0.13892252371579283,LNP-ON,OTH>IND>GRN>ALP,0.2638190584206222,0.7361809415793777,OTH>IND>GRN>ON,0.31009412493615607,0.6899058750638439,OTH>IND>GRN>LNP,Eastern Victoria,LNP,LNP,ON,0.6389225237157928,0.36107747628420717,0.13892252371579283,LNP-ON,OTH>IND>GRN>ALP,0.2638190584206222,0.7361809415793777,OTH>IND>GRN>ON,0.31009412493615607,0.6899058750638439,OTH>IND>GRN>LNP,ON18,reference
Glen Waverley,North-Eastern Metro,ALP,LNP,ALP,0.5359970474448517,0.4640029525551483,0.03599704744485166,LNP-ALP,IND>OTH>GRN>ON,0.4640029525551483,0.5359970474448517,IND>OTH>GRN>ON,0.6224615799926758,0.3775384200073242,IND>OTH>GRN>LNP,North-Eastern Metro,ALP,LNP,ALP,0.5359970474448517,0.4640029525551483,0.03599704744485166,LNP-ALP,IND>OTH>GRN>ON,0.4640029525551483,0.5359970474448517,IND>OTH>GRN>ON,0.6224615799926758,0.3775384200073242,IND>OTH>GRN>LNP,ON18,reference
Greenvale,Northern Metro,ALP,ALP,LNP,0.5709339082826647,0.4290660917173354,0.07093390828266466,ALP-LNP,IND>GRN>OTH>ON,0.5709339082826647,0.4290660917173354,IND>GRN>OTH>ON,0.5897999655413022,0.41020003445869774,IND>GRN>OTH>LNP,Northern Metro,ALP,ALP,LNP,0.5709339082826647,0.4290660917173354,0.07093390828266466,ALP-LNP,IND>GRN>OTH>ON,0.5709339082826647,0.4290660917173354,IND>GRN>OTH>ON,0.5897999655413022,0.41020003445869774,IND>GRN>OTH>LNP,ON18,reference
Hastings,Eastern Victoria,ALP,LNP,ALP,0.583608873377022,0.416391126622978,0.08360887337702205,LNP-ALP,IND>OTH>GRN>ON,0.416391126622978,0.583608873377022,IND>OTH>GRN>ON,0.43899375347513353,0.5610062465248665,IND>OTH>GRN>LNP,Eastern Victoria,ALP,LNP,ALP,0.583608873377022,0.416391126622978,0.08360887337702205,LNP-ALP,IND>OTH>GRN>ON,0.416391126622978,0.583608873377022,IND>OTH>GRN>ON,0.43899375347513353,0.5610062465248665,IND>OTH>GRN>LNP,ON18,reference
Hawthorn,Southern Metro,LNP,LNP,ALP,0.5518891165906791,0.44811088340932087,0.051889116590679074,LNP-ALP,OTH>ON>GRN>IND,0.44811088340932087,0.5518891165906791,OTH>ON>GRN>IND,0.6676864004678923,0.3323135995321077,OTH>GRN>IND>LNP,Southern Metro,LNP,LNP,ALP,0.5518891165906791,0.44811088340932087,0.051889116590679074,LNP-ALP,OTH>ON>GRN>IND,0.44811088340932087,0.5518891165906791,OTH>ON>GRN>IND,0.6676864004678923,0.3323135995321077,OTH>GRN>IND>LNP,ON18,reference
Ivanhoe,North-Eastern Metro,ALP,ALP,LNP,0.5628551015064063,0.43714489849359384,0.06285510150640627,ALP-LNP,OTH>IND>ON>GRN,0.5628551015064063,0.43714489849359384,OTH>IND>ON>GRN,0.6558867561430697,0.34411324385693043,OTH>IND>GRN>LNP,North-Eastern Metro,ALP,ALP,LNP,0.5628551015064063,0.43714489849359384,0.06285510150640627,ALP-LNP,OTH>IND>ON>GRN,0.5628551015064063,0.43714489849359384,OTH>IND>ON>GRN,0.6558867561430697,0.34411324385693043,OTH>IND>GRN>LNP,ON18,reference
Kalkallo,Northern Metro,ALP,ALP,LNP,0.5839685375687724,0.4160314624312276,0.08396853756877243,ALP-LNP,IND>GRN>OTH>ON,0.5839685375687724,0.4160314624312276,IND>GRN>OTH>ON,0.5774534439628645,0.4225465560371356,IND>GRN>OTH>LNP,Northern Metro,ALP,ALP,LNP,0.5839685375687724,0.4160314624312276,0.08396853756877243,ALP-LNP,IND>GRN>OTH>ON,0.5839685375687724,0.4160314624312276,IND>GRN>OTH>ON,0.5774534439628645,0.4225465560371356,IND>GRN>OTH>LNP,ON18,reference
Kew,Southern Metro,LNP,LNP,ALP,0.5890621429685791,0.410937857031421,0.08906214296857906,LNP-ALP,OTH>ON>GRN>IND,0.410937857031421,0.5890621429685791,OTH>ON>GRN>IND,0.6492504230139955,0.3507495769860045,OTH>GRN>IND>LNP,Southern Metro,LNP,LNP,ALP,0.5890621429685791,0.410937857031421,0.08906214296857906,LNP-ALP,OTH>ON>GRN>IND,0.410937857031421,0.5890621429685791,OTH>ON>GRN>IND,0.6492504230139955,0.3507495769860045,OTH>GRN>IND>LNP,ON18,reference
Kororoit,Western Metro,ALP,ALP,ON,0.5859728139858629,0.41402718601413724,0.08597281398586287,ALP-ON,IND>GRN>OTH>LNP,0.5895738717762707,0.41042612822372937,IND>GRN>OTH>ON,0.5859728139858629,0.41402718601413724,IND>GRN>OTH>LNP,Western Metro,ALP,ALP,ON,0.5859728139858629,0.41402718601413724,0.08597281398586287,ALP-ON,IND>GRN>OTH>LNP,0.5895738717762707,0.41042612822372937,IND>GRN>OTH>ON,0.5859728139858629,0.41402718601413724,IND>GRN>OTH>LNP,ON18,reference
Lara,Western Victoria,ALP,ALP,ON,0.5073217402067544,0.4926782597932457,0.007321740206754357,ALP-ON,IND>OTH>GRN>LNP,0.5400468532761495,0.4599531467238504,IND>OTH>GRN>ON,0.5073217402067544,0.4926782597932457,IND>OTH>GRN>LNP,Western Victoria,ALP,ALP,ON,0.5073217402067544,0.4926782597932457,0.007321740206754357,ALP-ON,IND>OTH>GRN>LNP,0.5400468532761495,0.4599531467238504,IND>OTH>GRN>ON,0.5073217402067544,0.4926782597932457,IND>OTH>GRN>LNP,ON18,reference
Laverton,Western Metro,ALP,ALP,ON,0.6168192541812643,0.38318074581873574,0.11681925418126426,ALP-ON,IND>GRN>OTH>LNP,0.60568845095672,0.39431154904328003,IND>GRN>OTH>ON,0.6168192541812643,0.38318074581873574,IND>GRN>OTH>LNP,Western Metro,ALP,ALP,ON,0.6168192541812643,0.38318074581873574,0.11681925418126426,ALP-ON,IND>GRN>OTH>LNP,0.60568845095672,0.39431154904328003,IND>GRN>OTH>ON,0.6168192541812643,0.38318074581873574,IND>GRN>OTH>LNP,ON18,reference
Lowan,Western Victoria,LNP,LNP,ON,0.6686894859237621,0.33131051407623785,0.1686894859237621,LNP-ON,IND>OTH>GRN>ALP,0.21926096464433723,0.7807390353556628,IND>OTH>GRN>ON,0.27913995594469454,0.7208600440553055,IND>OTH>GRN>LNP,Western Victoria,LNP,LNP,ON,0.6686894859237621,0.33131051407623785,0.1686894859237621,LNP-ON,IND>OTH>GRN>ALP,0.21926096464433723,0.7807390353556628,IND>OTH>GRN>ON,0.27913995594469454,0.7208600440553055,IND>OTH>GRN>LNP,ON18,reference
Macedon,Northern Victoria,ALP,LNP,ALP,0.5046571063627429,0.49534289363725714,0.004657106362742858,LNP-ALP,OTH>IND>GRN>ON,0.49534289363725714,0.5046571063627429,OTH>IND>GRN>ON,0.501741595025695,0.498258404974305,OTH>IND>GRN>LNP,Northern Victoria,ALP,LNP,ALP,0.5046571063627429,0.49534289363725714,0.004657106362742858,LNP-ALP,OTH>IND>GRN>ON,0.49534289363725714,0.5046571063627429,OTH>IND>GRN>ON,0.501741595025695,0.498258404974305,OTH>IND>GRN>LNP,ON18,reference
Malvern,Southern Metro,LNP,LNP,ALP,0.6293376107733148,0.37066238922668515,0.12933761077331485,LNP-ALP,IND>OTH>ON>GRN,0.37066238922668515,0.6293376107733148,IND>OTH>ON>GRN,0.6200253947649865,0.3799746052350135,IND>OTH>GRN>LNP,Southern Metro,LNP,LNP,ALP,0.6293376107733148,0.37066238922668515,0.12933761077331485,LNP-ALP,IND>OTH>ON>GRN,0.37066238922668515,0.6293376107733148,IND>OTH>ON>GRN,0.6200253947649865,0.3799746052350135,IND>OTH>GRN>LNP,ON18,reference
Melbourne,Northern Metro,GRN,GRN,ALP,0.600303060027875,0.3996969399721251,0.10030306002787504,GRN-ALP,IND>OTH>ON>LNP,0.7052239840107389,0.29477601598926106,IND>OTH>ON>GRN,0.7899795295768155,0.21002047042318459,IND>OTH>LNP>GRN,Northern Metro,GRN,GRN,ALP,0.600303060027875,0.3996969399721251,0.10030306002787504,GRN-ALP,IND>OTH>ON>LNP,0.7052239840107389,0.29477601598926106,IND>OTH>ON>GRN,0.7899795295768155,0.21002047042318459,IND>OTH>LNP>GRN,ON18,reference
Melton,Western Victoria,ALP,ON,ALP,0.5246285437852226,0.4753714562147775,0.024628543785222612,ON-ALP,GRN>OTH>LNP>IND,0.4431272505377169,0.5568727494622832,GRN>OTH>IND>ON,0.4753714562147775,0.5246285437852226,GRN>OTH>LNP>IND,Western Victoria,ALP,ON,ALP,0.5246285437852226,0.4753714562147775,0.024628543785222612,ON-ALP,GRN>OTH>LNP>IND,0.4431272505377169,0.5568727494622832,GRN>OTH>IND>ON,0.4753714562147775,0.5246285437852226,GRN>OTH>LNP>IND,ON18,reference
Mildura,Northern Victoria,LNP,LNP,IND,0.545101022865059,0.45489897713494104,0.045101022865059015,LNP-IND,OTH>GRN>ALP>ON,0.2767430069006749,0.7232569930993251,OTH>GRN>ON>IND,0.3718325717327057,0.6281674282672944,OTH>GRN>LNP>IND,Northern Victoria,LNP,LNP,IND,0.545101022865059,0.45489897713494104,0.045101022865059015,LNP-IND,OTH>GRN>ALP>ON,0.2767430069006749,0.7232569930993251,OTH>GRN>ON>IND,0.3718325717327057,0.6281674282672944,OTH>GRN>LNP>IND,ON18,reference
Mill Park,North-Eastern Metro,ALP,ALP,ON,0.5704277772918002,0.42957222270819984,0.07042777729180016,ALP-ON,IND>GRN>OTH>LNP,0.5666014809664262,0.4333985190335738,IND>GRN>OTH>ON,0.5704277772918002,0.42957222270819984,IND>GRN>OTH>LNP,North-Eastern Metro,ALP,ALP,ON,0.5704277772918002,0.42957222270819984,0.07042777729180016,ALP-ON,IND>GRN>OTH>LNP,0.5666014809664262,0.4333985190335738,IND>GRN>OTH>ON,0.5704277772918002,0.42957222270819984,IND>GRN>OTH>LNP,ON18,reference
Monbulk,Eastern Victoria,ALP,LNP,ALP,0.526829207172024,0.47317079282797603,0.026829207172023972,LNP-ALP,OTH>IND>GRN>ON,0.47317079282797603,0.526829207172024,OTH>IND>GRN>ON,0.483794416453788,0.516205583546212,OTH>IND>GRN>LNP,Eastern Victoria,ALP,LNP,ALP,0.526829207172024,0.47317079282797603,0.026829207172023972,LNP-ALP,OTH>IND>GRN>ON,0.47317079282797603,0.526829207172024,OTH>IND>GRN>ON,0.483794416453788,0.516205583546212,OTH>IND>GRN>LNP,ON18,reference
Mordialloc,South-Eastern Metro,ALP,ALP,LNP,0.5174958270263741,0.48250417297362597,0.01749582702637409,ALP-LNP,OTH>IND>GRN>ON,0.5174958270263741,0.48250417297362597,OTH>IND>GRN>ON,0.6054370142201753,0.3945629857798248,OTH>IND>GRN>LNP,South-Eastern Metro,ALP,ALP,LNP,0.5174958270263741,0.48250417297362597,0.01749582702637409,ALP-LNP,OTH>IND>GRN>ON,0.5174958270263741,0.48250417297362597,OTH>IND>GRN>ON,0.6054370142201753,0.3945629857798248,OTH>IND>GRN>LNP,ON18,reference
Mornington,Eastern Victoria,LNP,LNP,IND,0.6362593000596124,0.36374069994038766,0.1362593000596124,LNP-IND,OTH>GRN>ON>ALP,0.32717455452814814,0.6728254454718519,OTH>GRN>ON>IND,0.383084903232993,0.6169150967670071,OTH>GRN>IND>LNP,Eastern Victoria,LNP,LNP,IND,0.6362593000596124,0.36374069994038766,0.1362593000596124,LNP-IND,OTH>GRN>ON>ALP,0.32717455452814814,0.6728254454718519,OTH>GRN>ON>IND,0.383084903232993,0.6169150967670071,OTH>GRN>IND>LNP,ON18,reference
Morwell,Eastern Victoria,LNP,LNP,ON,0.5361974905296528,0.4638025094703471,0.03619749052965282,LNP-ON,GRN>OTH>IND>ALP,0.38101892576717,0.6189810742328301,GRN>OTH>IND>ON,0.37776478054701945,0.6222352194529807,GRN>OTH>IND>LNP,Eastern Victoria,LNP,LNP,ON,0.5361974905296528,0.4638025094703471,0.03619749052965282,LNP-ON,GRN>OTH>IND>ALP,0.38101892576717,0.6189810742328301,GRN>OTH>IND>ON,0.37776478054701945,0.6222352194529807,GRN>OTH>IND>LNP,ON18,reference
Mulgrave,South-Eastern Metro,ALP,ALP,LNP,0.617121865084153,0.382878134915847,0.11712186508415301,ALP-LNP,OTH>GRN>IND>ON,0.617121865084153,0.382878134915847,OTH>GRN>IND>ON,0.6446628128635793,0.35533718713642065,OTH>GRN>IND>LNP,South-Eastern Metro,ALP,ALP,LNP,0.617121865084153,0.382878134915847,0.11712186508415301,ALP-LNP,OTH>GRN>IND>ON,0.617121865084153,0.382878134915847,OTH>GRN>IND>ON,0.6446628128635793,0.35533718713642065,OTH>GRN>IND>LNP,ON18,reference
Murray Plains,Northern Victoria,LNP,LNP,ON,0.641291716917289,0.358708283082711,0.14129171691728903,LNP-ON,IND>GRN>OTH>ALP,0.19296653283110934,0.8070334671688907,IND>GRN>OTH>ON,0.23991186904004277,0.7600881309599572,IND>GRN>OTH>LNP,Northern Victoria,LNP,LNP,ON,0.641291716917289,0.358708283082711,0.14129171691728903,LNP-ON,IND>GRN>OTH>ALP,0.19296653283110934,0.8070334671688907,IND>GRN>OTH>ON,0.23991186904004277,0.7600881309599572,IND>GRN>OTH>LNP,ON18,reference
Narracan,Eastern Victoria,LNP,LNP,ALP,0.6289530989099753,0.3710469010900247,0.1289530989099753,LNP-ALP,OTH>IND>GRN>ON,0.3710469010900247,0.6289530989099753,OTH>IND>GRN>ON,0.4092295823041608,0.5907704176958392,OTH>IND>GRN>LNP,Eastern Victoria,LNP,LNP,ALP,0.6289530989099753,0.3710469010900247,0.1289530989099753,LNP-ALP,OTH>IND>GRN>ON,0.3710469010900247,0.6289530989099753,OTH>IND>GRN>ON,0.4092295823041608,0.5907704176958392,OTH>IND>GRN>LNP,ON18,reference
Narre Warren North,South-Eastern Metro,ALP,ALP,ON,0.5416618000955942,0.4583381999044059,0.04166180009559417,ALP-ON,IND>GRN>OTH>LNP,0.5272415419611444,0.47275845803885563,IND>GRN>OTH>ON,0.5416618000955942,0.4583381999044059,IND>GRN>OTH>LNP,South-Eastern Metro,ALP,ALP,ON,0.5416618000955942,0.4583381999044059,0.04166180009559417,ALP-ON,IND>GRN>OTH>LNP,0.5272415419611444,0.47275845803885563,IND>GRN>OTH>ON,0.5416618000955942,0.4583381999044059,IND>GRN>OTH>LNP,ON18,reference
Narre Warren South,South-Eastern Metro,ALP,ALP,LNP,0.5266390550826583,0.47336094491734176,0.02663905508265829,ALP-LNP,IND>GRN>OTH>ON,0.5266390550826583,0.47336094491734176,IND>GRN>OTH>ON,0.5486180549185725,0.4513819450814276,IND>GRN>OTH>LNP,South-Eastern Metro,ALP,ALP,LNP,0.5266390550826583,0.47336094491734176,0.02663905508265829,ALP-LNP,IND>GRN>OTH>ON,0.5266390550826583,0.47336094491734176,IND>GRN>OTH>ON,0.5486180549185725,0.4513819450814276,IND>GRN>OTH>LNP,ON18,reference
Nepean,Eastern Victoria,LNP,LNP,ALP,0.6463651436090112,0.35363485639098874,0.1463651436090112,LNP-ALP,OTH>IND>GRN>ON,0.35363485639098874,0.6463651436090112,OTH>IND>GRN>ON,0.4195952324930733,0.5804047675069267,OTH>IND>GRN>LNP,Eastern Victoria,LNP,LNP,ALP,0.6463651436090112,0.35363485639098874,0.1463651436090112,LNP-ALP,OTH>IND>GRN>ON,0.35363485639098874,0.6463651436090112,OTH>IND>GRN>ON,0.4195952324930733,0.5804047675069267,OTH>IND>GRN>LNP,ON18,reference
Niddrie,Western Metro,ALP,LNP,ALP,0.5099146790706626,0.4900853209293374,0.009914679070662569,LNP-ALP,IND>OTH>GRN>ON,0.4900853209293374,0.5099146790706626,IND>OTH>GRN>ON,0.5587836109743018,0.44121638902569815,IND>OTH>GRN>LNP,Western Metro,ALP,LNP,ALP,0.5099146790706626,0.4900853209293374,0.009914679070662569,LNP-ALP,IND>OTH>GRN>ON,0.4900853209293374,0.5099146790706626,IND>OTH>GRN>ON,0.5587836109743018,0.44121638902569815,IND>OTH>GRN>LNP,ON18,reference
Northcote,Northern Metro,ALP,GRN,ALP,0.5162992196233737,0.4837007803766264,0.016299219623373662,GRN-ALP,IND>OTH>LNP>ON,0.745690106634771,0.25430989336522897,IND>OTH>ON>GRN,0.7682282222362813,0.23177177776371874,IND>OTH>LNP>GRN,Northern Metro,ALP,GRN,ALP,0.5162992196233737,0.4837007803766264,0.016299219623373662,GRN-ALP,IND>OTH>LNP>ON,0.745690106634771,0.25430989336522897,IND>OTH>ON>GRN,0.7682282222362813,0.23177177776371874,IND>OTH>LNP>GRN,ON18,reference
Oakleigh,Southern Metro,ALP,ALP,LNP,0.564244216335697,0.4357557836643031,0.06424421633569699,ALP-LNP,OTH>IND>GRN>ON,0.564244216335697,0.4357557836643031,OTH>IND>GRN>ON,0.6422894451815273,0.3577105548184728,OTH>IND>GRN>LNP,Southern Metro,ALP,ALP,LNP,0.564244216335697,0.4357557836643031,0.06424421633569699,ALP-LNP,OTH>IND>GRN>ON,0.564244216335697,0.4357557836643031,OTH>IND>GRN>ON,0.6422894451815273,0.3577105548184728,OTH>IND>GRN>LNP,ON18,reference
Ovens Valley,Northern Victoria,LNP,LNP,ON,0.6303058813241866,0.3696941186758134,0.13030588132418663,LNP-ON,IND>GRN>OTH>ALP,0.2733170024624808,0.7266829975375193,IND>GRN>OTH>ON,0.30110386155113,0.6988961384488701,IND>GRN>OTH>LNP,Northern Victoria,LNP,LNP,ON,0.6303058813241866,0.3696941186758134,0.13030588132418663,LNP-ON,IND>GRN>OTH>ALP,0.2733170024624808,0.7266829975375193,IND>GRN>OTH>ON,0.30110386155113,0.6988961384488701,IND>GRN>OTH>LNP,ON18,reference
Pakenham,Eastern Victoria,ALP,LNP,ALP,0.5866020478845931,0.4133979521154068,0.08660204788459314,LNP-ALP,IND>GRN>OTH>ON,0.4133979521154068,0.5866020478845931,IND>GRN>OTH>ON,0.4116470153618334,0.5883529846381665,IND>GRN>OTH>LNP,Eastern Victoria,ALP,LNP,ALP,0.5866020478845931,0.4133979521154068,0.08660204788459314,LNP-ALP,IND>GRN>OTH>ON,0.4133979521154068,0.5866020478845931,IND>GRN>OTH>ON,0.4116470153618334,0.5883529846381665,IND>GRN>OTH>LNP,ON18,reference
Pascoe Vale,Northern Metro,ALP,ALP,GRN,0.5380449763634625,0.46195502363653757,0.03804497636346249,ALP-GRN,OTH>IND>LNP>ON,0.6320165998391365,0.3679834001608635,OTH>IND>ON>GRN,0.7003043623916476,0.2996956376083524,OTH>IND>LNP>GRN,Northern Metro,ALP,ALP,GRN,0.5380449763634625,0.46195502363653757,0.03804497636346249,ALP-GRN,OTH>IND>LNP>ON,0.6320165998391365,0.3679834001608635,OTH>IND>ON>GRN,0.7003043623916476,0.2996956376083524,OTH>IND>LNP>GRN,ON18,reference
Point Cook,Western Metro,ALP,ALP,ON,0.5390712663617622,0.4609287336382379,0.03907126636176217,ALP-ON,OTH>GRN>IND>LNP,0.5352027685773845,0.46479723142261564,OTH>GRN>IND>ON,0.5390712663617622,0.4609287336382379,OTH>GRN>IND>LNP,Western Metro,ALP,ALP,ON,0.5390712663617622,0.4609287336382379,0.03907126636176217,ALP-ON,OTH>GRN>IND>LNP,0.5352027685773845,0.46479723142261564,OTH>GRN>IND>ON,0.5390712663617622,0.4609287336382379,OTH>GRN>IND>LNP,ON18,reference
Polwarth,Western Victoria,LNP,LNP,ALP,0.6095125282982864,0.39048747170171366,0.1095125282982864,LNP-ALP,IND>OTH>GRN>ON,0.39048747170171366,0.6095125282982864,IND>OTH>GRN>ON,0.43489528453633786,0.5651047154636623,IND>OTH>GRN>LNP,Western Victoria,LNP,LNP,ALP,0.6095125282982864,0.39048747170171366,0.1095125282982864,LNP-ALP,IND>OTH>GRN>ON,0.39048747170171366,0.6095125282982864,IND>OTH>GRN>ON,0.43489528453633786,0.5651047154636623,IND>OTH>GRN>LNP,ON18,reference
Prahran,Southern Metro,Greens,GRN,LNP,0.5619731095258877,0.4380268904741123,0.06197310952588775,GRN-LNP,IND>OTH>ON>ALP,0.575725055394011,0.424274944605989,IND>OTH>ON>GRN,0.7090646946994894,0.29093530530051065,IND>OTH>LNP>GRN,Southern Metro,Greens,GRN,LNP,0.5619731095258877,0.4380268904741123,0.06197310952588775,GRN-LNP,IND>OTH>ON>ALP,0.575725055394011,0.424274944605989,IND>OTH>ON>GRN,0.7090646946994894,0.29093530530051065,IND>OTH>LNP>GRN,ON18,reference
Preston,Northern Metro,ALP,ALP,ON,0.661648776722651,0.3383512232773491,0.161648776722651,ALP-ON,OTH>IND>LNP>GRN,0.6152282405152532,0.3847717594847469,OTH>IND>GRN>ON,0.661648776722651,0.3383512232773491,OTH>IND>LNP>GRN,Northern Metro,ALP,ALP,ON,0.661648776722651,0.3383512232773491,0.161648776722651,ALP-ON,OTH>IND>LNP>GRN,0.6152282405152532,0.3847717594847469,OTH>IND>GRN>ON,0.661648776722651,0.3383512232773491,OTH>IND>LNP>GRN,ON18,reference
Richmond,Northern Metro,GRN,GRN,ALP,0.5658364174596044,0.4341635825403955,0.06583641745960445,GRN-ALP,IND>OTH>ON>LNP,0.7390437749803309,0.26095622501966914,IND>OTH>ON>GRN,0.8005903903022908,0.19940960969770913,IND>OTH>LNP>GRN,Northern Metro,GRN,GRN,ALP,0.5658364174596044,0.4341635825403955,0.06583641745960445,GRN-ALP,IND>OTH>ON>LNP,0.7390437749803309,0.26095622501966914,IND>OTH>ON>GRN,0.8005903903022908,0.19940960969770913,IND>OTH>LNP>GRN,ON18,reference
Ringwood,North-Eastern Metro,LNP,ALP,LNP,0.5033862105597979,0.496613789440202,0.003386210559797931,ALP-LNP,IND>OTH>ON>GRN,0.5033862105597979,0.496613789440202,IND>OTH>ON>GRN,0.5963736599665261,0.4036263400334739,IND>OTH>GRN>LNP,North-Eastern Metro,LNP,ALP,LNP,0.5033862105597979,0.496613789440202,0.003386210559797931,ALP-LNP,IND>OTH>ON>GRN,0.5033862105597979,0.496613789440202,IND>OTH>ON>GRN,0.5963736599665261,0.4036263400334739,IND>OTH>GRN>LNP,ON18,reference
Ripon,Western Victoria,ALP,LNP,ALP,0.5669683931828278,0.43303160681717234,0.06696839318282777,LNP-ALP,IND>GRN>OTH>ON,0.43303160681717234,0.5669683931828278,IND>GRN>OTH>ON,0.4232726225157639,0.5767273774842362,IND>GRN>OTH>LNP,Western Victoria,ALP,LNP,ALP,0.5669683931828278,0.43303160681717234,0.06696839318282777,LNP-ALP,IND>GRN>OTH>ON,0.43303160681717234,0.5669683931828278,IND>GRN>OTH>ON,0.4232726225157639,0.5767273774842362,IND>GRN>OTH>LNP,ON18,reference
Rowville,South-Eastern Metro,LNP,LNP,ALP,0.5972378774837346,0.4027621225162655,0.09723787748373458,LNP-ALP,OTH>GRN>IND>ON,0.4027621225162655,0.5972378774837346,OTH>GRN>IND>ON,0.5268816580746444,0.4731183419253556,OTH>GRN>IND>LNP,South-Eastern Metro,LNP,LNP,ALP,0.5972378774837346,0.4027621225162655,0.09723787748373458,LNP-ALP,OTH>GRN>IND>ON,0.4027621225162655,0.5972378774837346,OTH>GRN>IND>ON,0.5268816580746444,0.4731183419253556,OTH>GRN>IND>LNP,ON18,reference
Sandringham,Southern Metro,LNP,LNP,ALP,0.6126918117976609,0.38730818820233925,0.11269181179766086,LNP-ALP,OTH>IND>ON>GRN,0.38730818820233925,0.6126918117976609,OTH>IND>ON>GRN,0.5525265135079037,0.44747348649209623,OTH>IND>GRN>LNP,Southern Metro,LNP,LNP,ALP,0.6126918117976609,0.38730818820233925,0.11269181179766086,LNP-ALP,OTH>IND>ON>GRN,0.38730818820233925,0.6126918117976609,OTH>IND>ON>GRN,0.5525265135079037,0.44747348649209623,OTH>IND>GRN>LNP,ON18,reference
Shepparton,Northern Victoria,LNP,LNP,IND,0.6029853721184973,0.39701462788150266,0.10298537211849734,LNP-IND,OTH>GRN>ALP>ON,0.2534232848678649,0.7465767151321351,OTH>GRN>ON>IND,0.3031428389560064,0.6968571610439936,OTH>GRN>IND>LNP,Northern Victoria,LNP,LNP,IND,0.6029853721184973,0.39701462788150266,0.10298537211849734,LNP-IND,OTH>GRN>ALP>ON,0.2534232848678649,0.7465767151321351,OTH>GRN>ON>IND,0.3031428389560064,0.6968571610439936,OTH>GRN>IND>LNP,ON18,reference
South Barwon,Western Victoria,ALP,LNP,ALP,0.5182840492653528,0.48171595073464724,0.018284049265352764,LNP-ALP,IND>OTH>GRN>ON,0.48171595073464724,0.5182840492653528,IND>OTH>GRN>ON,0.5302195099066329,0.46978049009336714,IND>OTH>GRN>LNP,Western Victoria,ALP,LNP,ALP,0.5182840492653528,0.48171595073464724,0.018284049265352764,LNP-ALP,IND>OTH>GRN>ON,0.48171595073464724,0.5182840492653528,IND>OTH>GRN>ON,0.5302195099066329,0.46978049009336714,IND>OTH>GRN>LNP,ON18,reference
South-West Coast,Western Victoria,LNP,LNP,IND,0.600638257179532,0.39936174282046805,0.10063825717953201,LNP-IND,OTH>GRN>ON>ALP,0.34017261962406625,0.6598273803759338,OTH>GRN>ON>IND,0.36734262960510694,0.6326573703948931,OTH>GRN>IND>LNP,Western Victoria,LNP,LNP,IND,0.600638257179532,0.39936174282046805,0.10063825717953201,LNP-IND,OTH>GRN>ON>ALP,0.34017261962406625,0.6598273803759338,OTH>GRN>ON>IND,0.36734262960510694,0.6326573703948931,OTH>GRN>IND>LNP,ON18,reference
St Albans,Western Metro,ALP,ALP,LNP,0.5587610128349706,0.44123898716502946,0.058761012834970594,ALP-LNP,IND>GRN>OTH>ON,0.5587610128349706,0.44123898716502946,IND>GRN>OTH>ON,0.5885743887767241,0.4114256112232759,IND>GRN>OTH>LNP,Western Metro,ALP,ALP,LNP,0.5587610128349706,0.44123898716502946,0.058761012834970594,ALP-LNP,IND>GRN>OTH>ON,0.5587610128349706,0.44123898716502946,IND>GRN>OTH>ON,0.5885743887767241,0.4114256112232759,IND>GRN>OTH>LNP,ON18,reference
Sunbury,Western Metro,ALP,LNP,ALP,0.5302323679914854,0.4697676320085146,0.03023236799148543,LNP-ALP,IND>OTH>GRN>ON,0.4697676320085146,0.5302323679914854,IND>OTH>GRN>ON,0.47294549543610914,0.5270545045638908,IND>OTH>GRN>LNP,Western Metro,ALP,LNP,ALP,0.5302323679914854,0.4697676320085146,0.03023236799148543,LNP-ALP,IND>OTH>GRN>ON,0.4697676320085146,0.5302323679914854,IND>OTH>GRN>ON,0.47294549543610914,0.5270545045638908,IND>OTH>GRN>LNP,ON18,reference
Sydenham,Western Metro,ALP,ALP,LNP,0.524450234479348,0.47554976552065203,0.02445023447934802,ALP-LNP,IND>GRN>OTH>ON,0.524450234479348,0.47554976552065203,IND>GRN>OTH>ON,0.5433324796475689,0.4566675203524312,IND>GRN>OTH>LNP,Western Metro,ALP,ALP,LNP,0.524450234479348,0.47554976552065203,0.02445023447934802,ALP-LNP,IND>GRN>OTH>ON,0.524450234479348,0.47554976552065203,IND>GRN>OTH>ON,0.5433324796475689,0.4566675203524312,IND>GRN>OTH>LNP,ON18,reference
Tarneit,Western Metro,ALP,ALP,LNP,0.56787976142627,0.43212023857373005,0.06787976142626995,ALP-LNP,IND>GRN>OTH>ON,0.56787976142627,0.43212023857373005,IND>GRN>OTH>ON,0.5820884159960106,0.4179115840039895,IND>GRN>OTH>LNP,Western Metro,ALP,ALP,LNP,0.56787976142627,0.43212023857373005,0.06787976142626995,ALP-LNP,IND>GRN>OTH>ON,0.56787976142627,0.43212023857373005,IND>GRN>OTH>ON,0.5820884159960106,0.4179115840039895,IND>GRN>OTH>LNP,ON18,reference
Thomastown,Northern Metro,ALP,ALP,ON,0.6038124661884077,0.39618753381159233,0.10381246618840767,ALP-ON,IND>GRN>OTH>LNP,0.6088326659947001,0.39116733400529996,IND>GRN>OTH>ON,0.6038124661884077,0.39618753381159233,IND>GRN>OTH>LNP,Northern Metro,ALP,ALP,ON,0.6038124661884077,0.39618753381159233,0.10381246618840767,ALP-ON,IND>GRN>OTH>LNP,0.6088326659947001,0.39116733400529996,IND>GRN>OTH>ON,0.6038124661884077,0.39618753381159233,IND>GRN>OTH>LNP,ON18,reference
Warrandyte,North-Eastern Metro,LNP,LNP,ALP,0.6183380904214457,0.38166190957855434,0.11833809042144572,LNP-ALP,IND>OTH>GRN>ON,0.38166190957855434,0.6183380904214457,IND>OTH>GRN>ON,0.533263166317683,0.46673683368231705,IND>OTH>GRN>LNP,North-Eastern Metro,LNP,LNP,ALP,0.6183380904214457,0.38166190957855434,0.11833809042144572,LNP-ALP,IND>OTH>GRN>ON,0.38166190957855434,0.6183380904214457,IND>OTH>GRN>ON,0.533263166317683,0.46673683368231705,IND>OTH>GRN>LNP,ON18,reference
Wendouree,Western Victoria,ALP,ALP,LNP,0.5069730154817956,0.49302698451820437,0.00697301548179563,ALP-LNP,IND>OTH>GRN>ON,0.5069730154817956,0.49302698451820437,IND>OTH>GRN>ON,0.5384259779442336,0.46157402205576636,IND>OTH>GRN>LNP,Western Victoria,ALP,ALP,LNP,0.5069730154817956,0.49302698451820437,0.00697301548179563,ALP-LNP,IND>OTH>GRN>ON,0.5069730154817956,0.49302698451820437,IND>OTH>GRN>ON,0.5384259779442336,0.46157402205576636,IND>OTH>GRN>LNP,ON18,reference
Werribee,Western Metro,ALP,ON,ALP,0.5066755560359563,0.49332444396404374,0.006675556035956265,ON-ALP,OTH>GRN>IND>LNP,0.5166115729300761,0.4833884270699239,OTH>GRN>IND>ON,0.49332444396404374,0.5066755560359563,OTH>GRN>IND>LNP,Western Metro,ALP,ON,ALP,0.5066755560359563,0.49332444396404374,0.006675556035956265,ON-ALP,OTH>GRN>IND>LNP,0.5166115729300761,0.4833884270699239,OTH>GRN>IND>ON,0.49332444396404374,0.5066755560359563,OTH>GRN>IND>LNP,ON18,reference
Williamstown,Western Metro,ALP,ALP,LNP,0.583695264077537,0.41630473592246303,0.08369526407753702,ALP-LNP,IND>OTH>GRN>ON,0.583695264077537,0.41630473592246303,IND>OTH>GRN>ON,0.6485213050541917,0.3514786949458083,IND>OTH>GRN>LNP,Western Metro,ALP,ALP,LNP,0.583695264077537,0.41630473592246303,0.08369526407753702,ALP-LNP,IND>OTH>GRN>ON,0.583695264077537,0.41630473592246303,IND>OTH>GRN>ON,0.6485213050541917,0.3514786949458083,IND>OTH>GRN>LNP,ON18,reference
Yan Yean,Northern Victoria,ALP,LNP,ALP,0.5131386778820516,0.4868613221179485,0.013138677882051586,LNP-ALP,IND>GRN>OTH>ON,0.4868613221179485,0.5131386778820516,IND>GRN>OTH>ON,0.48896433017717933,0.5110356698228208,IND>GRN>OTH>LNP,Northern Victoria,ALP,LNP,ALP,0.5131386778820516,0.4868613221179485,0.013138677882051586,LNP-ALP,IND>GRN>OTH>ON,0.4868613221179485,0.5131386778820516,IND>GRN>OTH>ON,0.48896433017717933,0.5110356698228208,IND>GRN>OTH>LNP,ON18,reference
Albert Park,Southern Metro,ALP,ALP,LNP,0.5713210189198414,0.4286789810801585,0.07132101891984144,ALP-LNP,OTH>IND>ON>GRN,0.5713210189198414,0.4286789810801585,OTH>IND>ON>GRN,0.683891434987275,0.316108565012725,OTH>IND>GRN>LNP,Southern Metro,ALP,ALP,LNP,0.5715991318510334,0.42840086814896655,0.07159913185103339,ALP-LNP,OTH>IND>ON>GRN,0.5715991318510334,0.42840086814896655,OTH>IND>ON>GRN,0.6819968728391441,0.3180031271608558,OTH>IND>GRN>LNP,ON18,no_siphon
Ashwood,Southern Metro,ALP,LNP,ALP,0.5056916352678926,0.4943083647321074,0.005691635267892625,LNP-ALP,OTH>IND>ON>GRN,0.4943083647321074,0.5056916352678926,OTH>IND>ON>GRN,0.6381900750799196,0.36180992492008035,OTH>IND>GRN>LNP,Southern Metro,ALP,LNP,ALP,0.5055595078846656,0.4944404921153343,0.005559507884665638,LNP-ALP,OTH>IND>ON>GRN,0.4944404921153343,0.5055595078846656,OTH>IND>ON>GRN,0.6378528492631621,0.36214715073683784,OTH>IND>GRN>LNP,ON18,no_siphon
Bass,Eastern Victoria,ALP,LNP,ALP,0.6147375263117092,0.3852624736882908,0.11473752631170919,LNP-ALP,OTH>IND>GRN>ON,0.3852624736882908,0.6147375263117092,OTH>IND>GRN>ON,0.4068897995083577,0.5931102004916423,OTH>IND>GRN>LNP,Eastern Victoria,ALP,LNP,ALP,0.6139313031199971,0.38606869688000295,0.11393130311999711,LNP-ALP,OTH>IND>GRN>ON,0.38606869688000295,0.6139313031199971,OTH>IND>GRN>ON,0.406098359828046,0.5939016401719541,OTH>IND>GRN>LNP,ON18,no_siphon
Bayswater,North-Eastern Metro,ALP,LNP,ALP,0.5515019416524939,0.4484980583475061,0.05150194165249389,LNP-ALP,IND>OTH>GRN>ON,0.4484980583475061,0.5515019416524939,IND>OTH>GRN>ON,0.5425831047768722,0.4574168952231278,IND>OTH>GRN>LNP,North-Eastern Metro,ALP,LNP,ALP,0.5513778968829866,0.44862210311701345,0.05137789688298655,LNP-ALP,IND>OTH>GRN>ON,0.44862210311701345,0.5513778968829866,IND>OTH>GRN>ON,0.5422446618579294,0.4577553381420706,IND>OTH>GRN>LNP,ON18,no_siphon
Bellarine,Western Victoria,ALP,ALP,LNP,0.5040123176378992,0.4959876823621009,0.004012317637899221,ALP-LNP,OTH>IND>GRN>ON,0.5040123176378992,0.4959876823621009,OTH>IND>GRN>ON,0.5426360859094607,0.45736391409053945,OTH>IND>GRN>LNP,Western Victoria,ALP,ALP,LNP,0.5044331326215711,0.49556686737842903,0.004433132621571079,ALP-LNP,OTH>IND>GRN>ON,0.5044331326215711,0.49556686737842903,OTH>IND>GRN>ON,0.5420566270459038,0.45794337295409626,OTH>IND>GRN>LNP,ON18,no_siphon
Benambra,Northern Victoria,LNP,LNP,IND,0.5849312025146662,0.41506879748533376,0.08493120251466624,LNP-IND,OTH>GRN>ALP>ON,0.26268356226799483,0.7373164377320052,OTH>GRN>ON>IND,0.27427346288696836,0.7257265371130317,OTH>GRN>IND>LNP,Northern Victoria,LNP,LNP,IND,0.5847235128377374,0.4152764871622626,0.08472351283773738,LNP-IND,OTH>GRN>ALP>ON,0.2626884094634705,0.7373115905365295,OTH>GRN>ON>IND,0.26733373791022125,0.7326662620897787,OTH>GRN>IND>LNP,ON18,no_siphon
Bendigo East,Northern Victoria,ALP,ALP,LNP,0.5193938812995387,0.4806061187004613,0.019393881299538673,ALP-LNP,OTH>IND>GRN>ON,0.5193938812995387,0.4806061187004613,OTH>IND>GRN>ON,0.57179284526916,0.42820715473084,OTH>IND>GRN>LNP,Northern Victoria,ALP,ALP,LNP,0.5197087013423702,0.48029129865762976,0.01970870134237024,ALP-LNP,OTH>IND>GRN>ON,0.5197087013423702,0.48029129865762976,OTH>IND>GRN>ON,0.5712226840655437,0.4287773159344563,OTH>IND>GRN>LNP,ON18,no_siphon
Bendigo West,Northern Victoria,ALP,ALP,LNP,0.556319494679848,0.4436805053201521,0.05631949467984798,ALP-LNP,IND>OTH>GRN>ON,0.556319494679848,0.4436805053201521,IND>OTH>GRN>ON,0.5765653797614033,0.4234346202385968,IND>OTH>GRN>LNP,Northern Victoria,ALP,ALP,LNP,0.5566246514275568,0.44337534857244326,0.056624651427556794,ALP-LNP,IND>OTH>GRN>ON,0.5566246514275568,0.44337534857244326,IND>OTH>GRN>ON,0.5757200807436866,0.4242799192563135,IND>OTH>GRN>LNP,ON18,no_siphon
Bentleigh,Southern Metro,ALP,ALP,LNP,0.5158617510142246,0.48413824898577545,0.0158617510142246,ALP-LNP,OTH>IND>GRN>ON,0.5158617510142246,0.48413824898577545,OTH>IND>GRN>ON,0.6315904216543875,0.36840957834561255,OTH>IND>GRN>LNP,Southern Metro,ALP,ALP,LNP,0.5159827802807622,0.4840172197192378,0.015982780280762166,ALP-LNP,OTH>IND>GRN>ON,0.5159827802807622,0.4840172197192378,OTH>IND>GRN>ON,0.6312556092654293,0.3687443907345707,OTH>IND>GRN>LNP,ON18,no_siphon
Berwick,South-Eastern Metro,LNP,LNP,ALP,0.6297853012011672,0.37021469879883284,0.12978530120116716,LNP-ALP,IND>OTH>GRN>ON,0.37021469879883284,0.6297853012011672,IND>OTH>GRN>ON,0.4279097919548045,0.5720902080451955,IND>OTH>GRN>LNP,South-Eastern Metro,LNP,LNP,ALP,0.6297608993124253,0.3702391006875747,0.1297608993124253,LNP-ALP,IND>OTH>GRN>ON,0.3702391006875747,0.6297608993124253,IND>OTH>GRN>ON,0.42788701116691524,0.5721129888330848,IND>OTH>GRN>LNP,ON18,no_siphon
Box Hill,North-Eastern Metro,ALP,ALP,LNP,0.506504194222531,0.49349580577746893,0.006504194222531012,ALP-LNP,IND>OTH>ON>GRN,0.506504194222531,0.49349580577746893,IND>OTH>ON>GRN,0.647825589871327,0.352174410128673,IND>OTH>GRN>LNP,North-Eastern Metro,ALP,ALP,LNP,0.5065558966918502,0.49344410330814986,0.006555896691850194,ALP-LNP,IND>OTH>ON>GRN,0.5065558966918502,0.49344410330814986,IND>OTH>ON>GRN,0.6474899240706452,0.3525100759293548,IND>OTH>GRN>LNP,ON18,no_siphon
Brighton,Southern Metro,LNP,LNP,ALP,0.5922223550655465,0.4077776449344534,0.09222235506554655,LNP-ALP,OTH>IND>ON>GRN,0.4077776449344534,0.5922223550655465,OTH>IND>ON>GRN,0.6227040733021396,0.3772959266978605,OTH>IND>GRN>LNP,Southern Metro,LNP,LNP,ALP,0.5915585830821483,0.4084414169178517,0.09155858308214826,LNP-ALP,OTH>IND>ON>GRN,0.4084414169178517,0.5915585830821483,OTH>IND>ON>GRN,0.6182053025078574,0.3817946974921425,OTH>IND>GRN>LNP,ON18,no_siphon
Broadmeadows,Northern Metro,ALP,ALP,ON,0.5981093324197697,0.4018906675802304,0.09810933241976971,ALP-ON,IND>GRN>OTH>LNP,0.6036074311671127,0.39639256883288726,IND>GRN>OTH>ON,0.5981093324197697,0.4018906675802304,IND>GRN>OTH>LNP,Northern Metro,ALP,ALP,ON,0.5923534207237885,0.4076465792762115,0.09235342072378849,ALP-ON,IND>GRN>OTH>LNP,0.6046216964015513,0.3953783035984487,IND>GRN>OTH>ON,0.5923534207237885,0.4076465792762115,IND>GRN>OTH>LNP,ON18,no_siphon
Brunswick,Northern Metro,GRN,GRN,ALP,0.6334318677595122,0.3665681322404878,0.1334318677595122,GRN-ALP,IND>OTH>LNP>ON,0.776498593969159,0.22350140603084098,IND>OTH>ON>GRN,0.8003984926393949,0.19960150736060517,IND>OTH>LNP>GRN,Northern Metro,GRN,GRN,ALP,0.6339740962317608,0.3660259037682391,0.13397409623176082,GRN-ALP,IND>OTH>LNP>ON,0.7765688579623058,0.22343114203769418,IND>OTH>ON>GRN,0.7975876598333702,0.20241234016662984,IND>OTH>LNP>GRN,ON18,no_siphon
Bulleen,North-Eastern Metro,LNP,LNP,ALP,0.6194167393202604,0.38058326067973963,0.11941673932026042,LNP-ALP,IND>OTH>ON>GRN,0.38058326067973963,0.6194167393202604,IND>OTH>ON>GRN,0.5754528105200062,0.42454718947999387,IND>OTH>GRN>LNP,North-Eastern Metro,LNP,LNP,ALP,0.6194133594756183,0.38058664052438174,0.11941335947561826,LNP-ALP,IND>OTH>ON>GRN,0.38058664052438174,0.6194133594756183,IND>OTH>ON>GRN,0.5754201678247791,0.424579832175221,IND>OTH>GRN>LNP,ON18,no_siphon
Bundoora,North-Eastern Metro,ALP,ALP,LNP,0.5692243722731554,0.4307756277268447,0.06922437227315537,ALP-LNP,IND>OTH>GRN>ON,0.5692243722731554,0.4307756277268447,IND>OTH>GRN>ON,0.6546829724886419,0.3453170275113581,IND>OTH>GRN>LNP,North-Eastern Metro,ALP,ALP,LNP,0.5693022567276226,0.4306977432723774,0.06930225672762258,ALP-LNP,IND>OTH>GRN>ON,0.5693022567276226,0.4306977432723774,IND>OTH>GRN>ON,0.6545370264380934,0.3454629735619067,IND>OTH>GRN>LNP,ON18,no_siphon
Carrum,South-Eastern Metro,ALP,LNP,ALP,0.5014723668301383,0.49852763316986165,0.0014723668301382942,LNP-ALP,IND>OTH>GRN>ON,0.49852763316986165,0.5014723668301383,IND>OTH>GRN>ON,0.5144482905356533,0.4855517094643466,IND>OTH>GRN>LNP,South-Eastern Metro,ALP,LNP,ALP,0.5012929920261568,0.4987070079738431,0.0012929920261568473,LNP-ALP,IND>OTH>GRN>ON,0.4987070079738431,0.5012929920261568,IND>OTH>GRN>ON,0.5139215774080195,0.48607842259198053,IND>OTH>GRN>LNP,ON18,no_siphon
Caulfield,Southern Metro,LNP,LNP,ALP,0.5717121309200803,0.4282878690799197,0.07171213092008033,LNP-ALP,OTH>IND>ON>GRN,0.4282878690799197,0.5717121309200803,OTH>IND>ON>GRN,0.6329080073886811,0.367091992611319,OTH>IND>GRN>LNP,Southern Metro,LNP,LNP,ALP,0.5715734569630625,0.42842654303693756,0.0715734569630625,LNP-ALP,OTH>IND>ON>GRN,0.42842654303693756,0.5715734569630625,OTH>IND>ON>GRN,0.6309549129688603,0.3690450870311397,OTH>IND>GRN>LNP,ON18,no_siphon
Clarinda,South-Eastern Metro,ALP,ALP,LNP,0.5430838094604183,0.4569161905395816,0.04308380946041834,ALP-LNP,OTH>GRN>IND>ON,0.5430838094604183,0.4569161905395816,OTH>GRN>IND>ON,0.6188432533556132,0.3811567466443869,OTH>GRN>IND>LNP,South-Eastern Metro,ALP,ALP,LNP,0.544650061894758,0.455349938105242,0.04465006189475795,ALP-LNP,OTH>GRN>IND>ON,0.544650061894758,0.455349938105242,OTH>GRN>IND>ON,0.6154275931771487,0.38457240682285143,OTH>GRN>IND>LNP,ON18,no_siphon
Cranbourne,South-Eastern Metro,ALP,ALP,ON,0.5241544702566222,0.47584552974337774,0.024154470256622207,ALP-ON,IND>GRN>OTH>LNP,0.5140020471535608,0.48599795284643915,IND>GRN>OTH>ON,0.5241544702566222,0.47584552974337774,IND>GRN>OTH>LNP,South-Eastern Metro,ALP,ALP,ON,0.5224954773710356,0.47750452262896437,0.022495477371035633,ALP-ON,IND>GRN>OTH>LNP,0.5148695116797462,0.4851304883202539,IND>GRN>OTH>ON,0.5224954773710356,0.47750452262896437,IND>GRN>OTH>LNP,ON18,no_siphon
Croydon,North-Eastern Metro,LNP,LNP,ALP,0.5878938686386938,0.4121061313613063,0.08789386863869375,LNP-ALP,IND>OTH>GRN>ON,0.4121061313613063,0.5878938686386938,IND>OTH>GRN>ON,0.5235319993094686,0.47646800069053147,IND>OTH>GRN>LNP,North-Eastern Metro,LNP,LNP,ALP,0.5878351980185085,0.4121648019814915,0.08783519801850848,LNP-ALP,IND>OTH>GRN>ON,0.4121648019814915,0.5878351980185085,IND>OTH>GRN>ON,0.5234105011862905,0.47658949881370954,IND>OTH>GRN>LNP,ON18,no_siphon
Dandenong,South-Eastern Metro,ALP,ALP,ON,0.62932157013069,0.37067842986931004,0.12932157013069,ALP-ON,IND>OTH>GRN>LNP,0.6243887125745177,0.37561128742548233,IND>OTH>GRN>ON,0.62932157013069,0.37067842986931004,IND>OTH>GRN>LNP,South-Eastern Metro,ALP,ALP,ON,0.6291152685543587,0.37088473144564127,0.12911526855435873,ALP-ON,IND>OTH>GRN>LNP,0.6244741482396692,0.37552585176033076,IND>OTH>GRN>ON,0.6291152685543587,0.37088473144564127,IND>OTH>GRN>LNP,ON18,no_siphon
Eildon,Northern Victoria,LNP,LNP,ALP,0.6503624648112802,0.3496375351887198,0.15036246481128024,LNP-ALP,IND>OTH>GRN>ON,0.3496375351887198,0.6503624648112802,IND>OTH>GRN>ON,0.390419804088184,0.6095801959118161,IND>OTH>GRN>LNP,Northern Victoria,LNP,LNP,ALP,0.6501973099472966,0.34980269005270337,0.15019730994729663,LNP-ALP,IND>OTH>GRN>ON,0.34980269005270337,0.6501973099472966,IND>OTH>GRN>ON,0.39017554820088196,0.609824451799118,IND>OTH>GRN>LNP,ON18,no_siphon
Eltham,North-Eastern Metro,ALP,ALP,LNP,0.519294653263748,0.4807053467362519,0.01929465326374802,ALP-LNP,IND>OTH>GRN>ON,0.519294653263748,0.4807053467362519,IND>OTH>GRN>ON,0.6027655990057318,0.39723440099426827,IND>OTH>GRN>LNP,North-Eastern Metro,ALP,ALP,LNP,0.5192952403101858,0.48070475968981424,0.019295240310185813,ALP-LNP,IND>OTH>GRN>ON,0.5192952403101858,0.48070475968981424,IND>OTH>GRN>ON,0.602764631095678,0.39723536890432193,IND>OTH>GRN>LNP,ON18,no_siphon
Essendon,Northern Metro,ALP,ALP,LNP,0.532130910803383,0.467869089196617,0.03213091080338304,ALP-LNP,IND>OTH>GRN>ON,0.532130910803383,0.467869089196617,IND>OTH>GRN>ON,0.5953668494700262,0.40463315052997384,IND>OTH>GRN>LNP,Northern Metro,ALP,ALP,LNP,0.5323148473482124,0.4676851526517875,0.03231484734821244,ALP-LNP,IND>OTH>GRN>ON,0.5323148473482124,0.4676851526517875,IND>OTH>GRN>ON,0.5948166744609468,0.40518332553905323,IND>OTH>GRN>LNP,ON18,no_siphon
Eureka,Western Victoria,ALP,LNP,ALP,0.5350266929851994,0.4649733070148006,0.03502669298519945,LNP-ALP,IND>OTH>GRN>ON,0.4649733070148006,0.5350266929851994,IND>OTH>GRN>ON,0.45609440909966525,0.5439055909003347,IND>OTH>GRN>LNP,Western Victoria,ALP,ON,ALP,0.5446246812692546,0.4553753187307455,0.04462468126925456,ON-ALP,IND>OTH>GRN>LNP,0.46535741656085955,0.5346425834391405,IND>OTH>GRN>ON,0.4553753187307455,0.5446246812692546,IND>OTH>GRN>LNP,ON18,no_siphon
Euroa,Northern Victoria,LNP,LNP,ON,0.6406880283762457,0.3593119716237543,0.14068802837624572,LNP-ON,IND>OTH>GRN>ALP,0.3127392986692382,0.6872607013307618,IND>OTH>GRN>ON,0.3580457715002748,0.6419542284997253,IND>OTH>GRN>LNP,Northern Victoria,LNP,LNP,ON,0.6405343526901971,0.35946564730980296,0.1405343526901971,LNP-ON,IND>OTH>GRN>ALP,0.3127999677506619,0.6872000322493381,IND>OTH>GRN>ON,0.35800562925156804,0.641994370748432,IND>OTH>GRN>LNP,ON18,no_siphon
Evelyn,Eastern Victoria,LNP,LNP,ALP,0.6374336754879965,0.3625663245120036,0.13743367548799645,LNP-ALP,IND>OTH>GRN>ON,0.3625663245120036,0.6374336754879965,IND>OTH>GRN>ON,0.4291461531870456,0.5708538468129545,IND>OTH>GRN>LNP,Eastern Victoria,LNP,LNP,ALP,0.6373394608824398,0.3626605391175603,0.13733946088243976,LNP-ALP,IND>OTH>GRN>ON,0.3626605391175603,0.6373394608824398,IND>OTH>GRN>ON,0.42894974586541984,0.5710502541345802,IND>OTH>GRN>LNP,ON18,no_siphon
Footscray,Western Metro,ALP,ALP,GRN,0.5557249630936201,0.44427503690638,0.05572496309362007,ALP-GRN,IND>OTH>ON>LNP,0.6914810265439462,0.30851897345605384,IND>OTH>ON>GRN,0.7802659473377496,0.21973405266225046,IND>OTH>LNP>GRN,Western Metro,ALP,ALP,GRN,0.5557249630936127,0.4442750369063873,0.055724963093612745,ALP-GRN,IND>OTH>ON>LNP,0.6914810265439532,0.3085189734560469,IND>OTH>ON>GRN,0.7767497907438936,0.22325020925610634,IND>OTH>LNP>GRN,ON18,no_siphon
Frankston,South-Eastern Metro,ALP,ALP,LNP,0.5133621717308835,0.4866378282691165,0.013362171730883499,ALP-LNP,IND>OTH>GRN>ON,0.5133621717308835,0.4866378282691165,IND>OTH>GRN>ON,0.5494737460546839,0.4505262539453161,IND>OTH>GRN>LNP,South-Eastern Metro,ALP,ALP,LNP,0.5136108382414896,0.4863891617585104,0.013610838241489565,ALP-LNP,IND>OTH>GRN>ON,0.5136108382414896,0.4863891617585104,IND>OTH>GRN>ON,0.5481823914897118,0.4518176085102881,IND>OTH>GRN>LNP,ON18,no_siphon
Geelong,Western Victoria,ALP,ALP,ON,0.527088094059134,0.47291190594086596,0.027088094059134038,ALP-ON,OTH>IND>GRN>LNP,0.5211043442484223,0.4788956557515776,OTH>IND>GRN>ON,0.527088094059134,0.47291190594086596,OTH>IND>GRN>LNP,Western Victoria,ALP,ALP,ON,0.52499969557295,0.47500030442704994,0.02499969557295001,ALP-ON,OTH>IND>GRN>LNP,0.5222203591755288,0.47777964082447116,OTH>IND>GRN>ON,0.52499969557295,0.47500030442704994,OTH>IND>GRN>LNP,ON18,no_siphon
Gippsland East,Eastern Victoria,LNP,LNP,ON,0.6424868630200914,0.35751313697990866,0.1424868630200914,LNP-ON,IND>OTH>GRN>ALP,0.206861120424587,0.7931388795754131,IND>OTH>GRN>ON,0.25731811868734195,0.7426818813126581,IND>OTH>GRN>LNP,Eastern Victoria,LNP,LNP,ON,0.6415742550110408,0.3584257449889592,0.14157425501104082,LNP-ON,IND>OTH>GRN>ALP,0.20711489600115623,0.7928851039988438,IND>OTH>GRN>ON,0.2569558224052228,0.7430441775947773,IND>OTH>GRN>LNP,ON18,no_siphon
Gippsland South,Eastern Victoria,LNP,LNP,ON,0.6415870515232088,0.3584129484767911,0.14158705152320883,LNP-ON,OTH>IND>GRN>ALP,0.26286200567437584,0.7371379943256242,OTH>IND>GRN>ON,0.3107163008306186,0.6892836991693814,OTH>IND>GRN>LNP,Eastern Victoria,LNP,LNP,ON,0.6389225237157928,0.36107747628420717,0.13892252371579283,LNP-ON,OTH>IND>GRN>ALP,0.2638190584206222,0.7361809415793777,OTH>IND>GRN>ON,0.31009412493615607,0.6899058750638439,OTH>IND>GRN>LNP,ON18,no_siphon
Glen Waverley,North-Eastern Metro,ALP,LNP,ALP,0.5360393210619168,0.46396067893808335,0.03603932106191676,LNP-ALP,IND>OTH>GRN>ON,0.46396067893808335,0.5360393210619168,IND>OTH>GRN>ON,0.6225466730165283,0.3774533269834716,IND>OTH>GRN>LNP,North-Eastern Metro,ALP,LNP,ALP,0.5359970474448517,0.4640029525551483,0.03599704744485166,LNP-ALP,IND>OTH>GRN>ON,0.4640029525551483,0.5359970474448517,IND>OTH>GRN>ON,0.6224615799926758,0.3775384200073242,IND>OTH>GRN>LNP,ON18,no_siphon
Greenvale,Northern Metro,ALP,ALP,LNP,0.5692782615838108,0.43072173841618916,0.06927826158381079,ALP-LNP,IND>GRN>OTH>ON,0.5692782615838108,0.43072173841618916,IND>GRN>OTH>ON,0.5942230811672881,0.405776918832712,IND>GRN>OTH>LNP,Northern Metro,ALP,ALP,LNP,0.5709339082826647,0.4290660917173354,0.07093390828266466,ALP-LNP,IND>GRN>OTH>ON,0.5709339082826647,0.4290660917173354,IND>GRN>OTH>ON,0.5897999655413022,0.41020003445869774,IND>GRN>OTH>LNP,ON18,no_siphon
Hastings,Eastern Victoria,ALP,LNP,ALP,0.5836570571962996,0.41634294280370043,0.08365705719629957,LNP-ALP,IND>OTH>GRN>ON,0.41634294280370043,0.5836570571962996,IND>OTH>GRN>ON,0.4390380832933716,0.5609619167066284,IND>OTH>GRN>LNP,Eastern Victoria,ALP,LNP,ALP,0.583608873377022,0.416391126622978,0.08360887337702205,LNP-ALP,IND>OTH>GRN>ON,0.416391126622978,0.583608873377022,IND>OTH>GRN>ON,0.43899375347513353,0.5610062465248665,IND>OTH>GRN>LNP,ON18,no_siphon
Hawthorn,Southern Metro,LNP,LNP,ALP,0.5518891165906791,0.44811088340932087,0.051889116590679074,LNP-ALP,OTH>ON>GRN>IND,0.44811088340932087,0.5518891165906791,OTH>ON>GRN>IND,0.6739079893466914,0.3260920106533086,OTH>GRN>IND>LNP,Southern Metro,LNP,LNP,ALP,0.5518891165906791,0.44811088340932087,0.051889116590679074,LNP-ALP,OTH>ON>GRN>IND,0.44811088340932087,0.5518891165906791,OTH>ON>GRN>IND,0.6676864004678923,0.3323135995321077,OTH>GRN>IND>LNP,ON18,no_siphon
Ivanhoe,North-Eastern Metro,ALP,ALP,LNP,0.5628334583713722,0.4371665416286277,0.06283345837137222,ALP-LNP,OTH>IND>ON>GRN,0.5628334583713722,0.4371665416286277,OTH>IND>ON>GRN,0.6559733221216412,0.34402667787835894,OTH>IND>GRN>LNP,North-Eastern Metro,ALP,ALP,LNP,0.5628551015064063,0.43714489849359384,0.06285510150640627,ALP-LNP,OTH>IND>ON>GRN,0.5628551015064063,0.43714489849359384,OTH>IND>ON>GRN,0.6558867561430697,0.34411324385693043,OTH>IND>GRN>LNP,ON18,no_siphon
Kalkallo,Northern Metro,ALP,ALP,LNP,0.583298354880504,0.4167016451194961,0.08329835488050397,ALP-LNP,IND>GRN>OTH>ON,0.583298354880504,0.4167016451194961,IND>GRN>OTH>ON,0.5786212025585113,0.4213787974414887,IND>GRN>OTH>LNP,Northern Metro,ALP,ALP,LNP,0.5839685375687724,0.4160314624312276,0.08396853756877243,ALP-LNP,IND>GRN>OTH>ON,0.5839685375687724,0.4160314624312276,IND>GRN>OTH>ON,0.5774534439628645,0.4225465560371356,IND>GRN>OTH>LNP,ON18,no_siphon
Kew,Southern Metro,LNP,LNP,ALP,0.5890621429685791,0.410937857031421,0.08906214296857906,LNP-ALP,OTH>ON>GRN>IND,0.410937857031421,0.5890621429685791,OTH>ON>GRN>IND,0.6563349879161705,0.34366501208382944,OTH>GRN>IND>LNP,Southern Metro,LNP,LNP,ALP,0.5890621429685791,0.410937857031421,0.08906214296857906,LNP-ALP,OTH>ON>GRN>IND,0.410937857031421,0.5890621429685791,OTH>ON>GRN>IND,0.6492504230139955,0.3507495769860045,OTH>GRN>IND>LNP,ON18,no_siphon
Kororoit,Western Metro,ALP,ALP,ON,0.5883197857269782,0.4116802142730219,0.08831978572697818,ALP-ON,IND>GRN>OTH>LNP,0.5893022211911872,0.4106977788088127,IND>GRN>OTH>ON,0.5883197857269782,0.4116802142730219,IND>GRN>OTH>LNP,Western Metro,ALP,ALP,ON,0.5859728139858629,0.41402718601413724,0.08597281398586287,ALP-ON,IND>GRN>OTH>LNP,0.5895738717762707,0.41042612822372937,IND>GRN>OTH>ON,0.5859728139858629,0.41402718601413724,IND>GRN>OTH>LNP,ON18,no_siphon
Lara,Western Victoria,ALP,ALP,ON,0.5076717463285485,0.4923282536714515,0.007671746328548501,ALP-ON,IND>OTH>GRN>LNP,0.5398725215288955,0.4601274784711044,IND>OTH>GRN>ON,0.5076717463285485,0.4923282536714515,IND>OTH>GRN>LNP,Western Victoria,ALP,ALP,ON,0.5073217402067544,0.4926782597932457,0.007321740206754357,ALP-ON,IND>OTH>GRN>LNP,0.5400468532761495,0.4599531467238504,IND>OTH>GRN>ON,0.5073217402067544,0.4926782597932457,IND>OTH>GRN>LNP,ON18,no_siphon
Laverton,Western Metro,ALP,ALP,ON,0.6194248211306236,0.3805751788693764,0.11942482113062358,ALP-ON,IND>GRN>OTH>LNP,0.6050079577909594,0.3949920422090406,IND>GRN>OTH>ON,0.6194248211306236,0.3805751788693764,IND>GRN>OTH>LNP,Western Metro,ALP,ALP,ON,0.6168192541812643,0.38318074581873574,0.11681925418126426,ALP-ON,IND>GRN>OTH>LNP,0.60568845095672,0.39431154904328003,IND>GRN>OTH>ON,0.6168192541812643,0.38318074581873574,IND>GRN>OTH>LNP,ON18,no_siphon
Lowan,Western Victoria,LNP,LNP,ON,0.6708175202531483,0.32918247974685166,0.17081752025314834,LNP-ON,IND>OTH>GRN>ALP,0.21880951542280522,0.7811904845771948,IND>OTH>GRN>ON,0.279923757282813,0.7200762427171871,IND>OTH>GRN>LNP,Western Victoria,LNP,LNP,ON,0.6686894859237621,0.33131051407623785,0.1686894859237621,LNP-ON,IND>OTH>GRN>ALP,0.21926096464433723,0.7807390353556628,IND>OTH>GRN>ON,0.27913995594469454,0.7208600440553055,IND>OTH>GRN>LNP,ON18,no_siphon
Macedon,Northern Victoria,ALP,LNP,ALP,0.5053442524426992,0.49465574755730085,0.005344252442699204,LNP-ALP,OTH>IND>GRN>ON,0.49465574755730085,0.5053442524426992,OTH>IND>GRN>ON,0.5024977169171,0.49750228308290007,OTH>IND>GRN>LNP,Northern Victoria,ALP,LNP,ALP,0.5046571063627429,0.49534289363725714,0.004657106362742858,LNP-ALP,OTH>IND>GRN>ON,0.49534289363725714,0.5046571063627429,OTH>IND>GRN>ON,0.501741595025695,0.498258404974305,OTH>IND>GRN>LNP,ON18,no_siphon
Malvern,Southern Metro,LNP,LNP,ALP,0.62935310823446,0.37064689176554,0.12935310823446,LNP-ALP,IND>OTH>ON>GRN,0.37064689176554,0.62935310823446,IND>OTH>ON>GRN,0.620155074249972,0.379844925750028,IND>OTH>GRN>LNP,Southern Metro,LNP,LNP,ALP,0.6293376107733148,0.37066238922668515,0.12933761077331485,LNP-ALP,IND>OTH>ON>GRN,0.37066238922668515,0.6293376107733148,IND>OTH>ON>GRN,0.6200253947649865,0.3799746052350135,IND>OTH>GRN>LNP,ON18,no_siphon
Melbourne,Northern Metro,GRN,GRN,ALP,0.6003030600278714,0.39969693997212874,0.10030306002787137,GRN-ALP,IND>OTH>ON>LNP,0.7052239840107414,0.2947760159892587,IND>OTH>ON>GRN,0.7934514516122434,0.20654854838775671,IND>OTH>LNP>GRN,Northern Metro,GRN,GRN,ALP,0.600303060027875,0.3996969399721251,0.10030306002787504,GRN-ALP,IND>OTH>ON>LNP,0.7052239840107389,0.29477601598926106,IND>OTH>ON>GRN,0.7899795295768155,0.21002047042318459,IND>OTH>LNP>GRN,ON18,no_siphon
Melton,Western Victoria,ALP,ON,ALP,0.5204600083997355,0.4795399916002645,0.020460008399735496,ON-ALP,GRN>OTH>LNP>IND,0.43884160601533284,0.5611583939846672,GRN>OTH>IND>ON,0.4795399916002645,0.5204600083997355,GRN>OTH>LNP>IND,Western Victoria,ALP,ON,ALP,0.5246285437852226,0.4753714562147775,0.024628543785222612,ON-ALP,GRN>OTH>LNP>IND,0.4431272505377169,0.5568727494622832,GRN>OTH>IND>ON,0.4753714562147775,0.5246285437852226,GRN>OTH>LNP>IND,ON18,no_siphon
Mildura,Northern Victoria,LNP,LNP,IND,0.5454440174316703,0.4545559825683298,0.04544401743167026,LNP-IND,OTH>GRN>ALP>ON,0.27674300690012243,0.7232569930998777,OTH>GRN>ON>IND,0.37674585527960075,0.6232541447203992,OTH>GRN>LNP>IND,Northern Victoria,LNP,LNP,IND,0.545101022865059,0.45489897713494104,0.045101022865059015,LNP-IND,OTH>GRN>ALP>ON,0.2767430069006749,0.7232569930993251,OTH>GRN>ON>IND,0.3718325717327057,0.6281674282672944,OTH>GRN>LNP>IND,ON18,no_siphon
Mill Park,North-Eastern Metro,ALP,ALP,ON,0.5717897806380511,0.42821021936194886,0.07178978063805108,ALP-ON,IND>GRN>OTH>LNP,0.5656393066776294,0.43436069332237054,IND>GRN>OTH>ON,0.5717897806380511,0.42821021936194886,IND>GRN>OTH>LNP,North-Eastern Metro,ALP,ALP,ON,0.5704277772918002,0.42957222270819984,0.07042777729180016,ALP-ON,IND>GRN>OTH>LNP,0.5666014809664262,0.4333985190335738,IND>GRN>OTH>ON,0.5704277772918002,0.42957222270819984,IND>GRN>OTH>LNP,ON18,no_siphon
Monbulk,Eastern Victoria,ALP,LNP,ALP,0.528519447039415,0.471480552960585,0.028519447039415002,LNP-ALP,OTH>IND>GRN>ON,0.471480552960585,0.528519447039415,OTH>IND>GRN>ON,0.48539837175970796,0.5146016282402921,OTH>IND>GRN>LNP,Eastern Victoria,ALP,LNP,ALP,0.526829207172024,0.47317079282797603,0.026829207172023972,LNP-ALP,OTH>IND>GRN>ON,0.47317079282797603,0.526829207172024,OTH>IND>GRN>ON,0.483794416453788,0.516205583546212,OTH>IND>GRN>LNP,ON18,no_siphon
Mordialloc,South-Eastern Metro,ALP,ALP,LNP,0.5163008487935371,0.483699151206463,0.016300848793537104,ALP-LNP,OTH>IND>GRN>ON,0.5163008487935371,0.483699151206463,OTH>IND>GRN>ON,0.607657707773964,0.39234229222603606,OTH>IND>GRN>LNP,South-Eastern Metro,ALP,ALP,LNP,0.5174958270263741,0.48250417297362597,0.01749582702637409,ALP-LNP,OTH>IND>GRN>ON,0.5174958270263741,0.48250417297362597,OTH>IND>GRN>ON,0.6054370142201753,0.3945629857798248,OTH>IND>GRN>LNP,ON18,no_siphon
Mornington,Eastern Victoria,LNP,LNP,IND,0.6362593000599651,0.3637406999400349,0.13625930005996512,LNP-IND,OTH>GRN>ON>ALP,0.32717455452780325,0.6728254454721968,OTH>GRN>ON>IND,0.38749240058159057,0.6125075994184094,OTH>GRN>IND>LNP,Eastern Victoria,LNP,LNP,IND,0.6362593000596124,0.36374069994038766,0.1362593000596124,LNP-IND,OTH>GRN>ON>ALP,0.32717455452814814,0.6728254454718519,OTH>GRN>ON>IND,0.383084903232993,0.6169150967670071,OTH>GRN>IND>LNP,ON18,no_siphon
Morwell,Eastern Victoria,LNP,LNP,ON,0.5459821374354291,0.45401786256457094,0.045982137435429116,LNP-ON,GRN>OTH>IND>ALP,0.37818564022342793,0.6218143597765721,GRN>OTH>IND>ON,0.3824252914955228,0.6175747085044773,GRN>OTH>IND>LNP,Eastern Victoria,LNP,LNP,ON,0.5361974905296528,0.4638025094703471,0.03619749052965282,LNP-ON,GRN>OTH>IND>ALP,0.38101892576717,0.6189810742328301,GRN>OTH>IND>ON,0.37776478054701945,0.6222352194529807,GRN>OTH>IND>LNP,ON18,no_siphon
Mulgrave,South-Eastern Metro,ALP,ALP,LNP,0.6148514303360681,0.38514856966393185,0.11485143033606815,ALP-LNP,OTH>GRN>IND>ON,0.6148514303360681,0.38514856966393185,OTH>GRN>IND>ON,0.6499241815243687,0.3500758184756312,OTH>GRN>IND>LNP,South-Eastern Metro,ALP,ALP,LNP,0.617121865084153,0.382878134915847,0.11712186508415301,ALP-LNP,OTH>GRN>IND>ON,0.617121865084153,0.382878134915847,OTH>GRN>IND>ON,0.6446628128635793,0.35533718713642065,OTH>GRN>IND>LNP,ON18,no_siphon
Murray Plains,Northern Victoria,LNP,LNP,ON,0.643587998043042,0.35641200195695805,0.143587998043042,LNP-ON,IND>GRN>OTH>ALP,0.19219964045169063,0.8078003595483093,IND>GRN>OTH>ON,0.2406661057621214,0.7593338942378786,IND>GRN>OTH>LNP,Northern Victoria,LNP,LNP,ON,0.641291716917289,0.358708283082711,0.14129171691728903,LNP-ON,IND>GRN>OTH>ALP,0.19296653283110934,0.8070334671688907,IND>GRN>OTH>ON,0.23991186904004277,0.7600881309599572,IND>GRN>OTH>LNP,ON18,no_siphon
Narracan,Eastern Victoria,LNP,LNP,ALP,0.6296896329128476,0.37031036708715237,0.12968963291284763,LNP-ALP,OTH>IND>GRN>ON,0.37031036708715237,0.6296896329128476,OTH>IND>GRN>ON,0.41028906789209385,0.5897109321079061,OTH>IND>GRN>LNP,Eastern Victoria,LNP,LNP,ALP,0.6289530989099753,0.3710469010900247,0.1289530989099753,LNP-ALP,OTH>IND>GRN>ON,0.3710469010900247,0.6289530989099753,OTH>IND>GRN>ON,0.4092295823041608,0.5907704176958392,OTH>IND>GRN>LNP,ON18,no_siphon
Narre Warren North,South-Eastern Metro,ALP,ALP,LNP,0.5264412949879101,0.47355870501208985,0.026441294987910147,ALP-LNP,IND>GRN>OTH>ON,0.5264412949879101,0.47355870501208985,IND>GRN>OTH>ON,0.5430496152034932,0.45695038479650685,IND>GRN>OTH>LNP,South-Eastern Metro,ALP,ALP,ON,0.5416618000955942,0.4583381999044059,0.04166180009559417,ALP-ON,IND>GRN>OTH>LNP,0.5272415419611444,0.47275845803885563,IND>GRN>OTH>ON,0.5416618000955942,0.4583381999044059,IND>GRN>OTH>LNP,ON18,no_siphon
Narre Warren South,South-Eastern Metro,ALP,ALP,LNP,0.525861624430556,0.4741383755694441,0.02586162443055595,ALP-LNP,IND>GRN>OTH>ON,0.525861624430556,0.4741383755694441,IND>GRN>OTH>ON,0.5497485926199472,0.4502514073800528,IND>GRN>OTH>LNP,South-Eastern Metro,ALP,ALP,LNP,0.5266390550826583,0.47336094491734176,0.02663905508265829,ALP-LNP,IND>GRN>OTH>ON,0.5266390550826583,0.47336094491734176,IND>GRN>OTH>ON,0.5486180549185725,0.4513819450814276,IND>GRN>OTH>LNP,ON18,no_siphon
Nepean,Eastern Victoria,LNP,LNP,ALP,0.6467722018361994,0.35322779816380057,0.14677220183619943,LNP-ALP,OTH>IND>GRN>ON,0.35322779816380057,0.6467722018361994,OTH>IND>GRN>ON,0.42020525644385215,0.5797947435561478,OTH>IND>GRN>LNP,Eastern Victoria,LNP,LNP,ALP,0.6463651436090112,0.35363485639098874,0.1463651436090112,LNP-ALP,OTH>IND>GRN>ON,0.35363485639098874,0.6463651436090112,OTH>IND>GRN>ON,0.4195952324930733,0.5804047675069267,OTH>IND>GRN>LNP,ON18,no_siphon
Niddrie,Western Metro,ALP,LNP,ALP,0.5099984834480891,0.49000151655191093,0.009998483448089068,LNP-ALP,IND>OTH>GRN>ON,0.49000151655191093,0.5099984834480891,IND>OTH>GRN>ON,0.5589731215920695,0.4410268784079306,IND>OTH>GRN>LNP,Western Metro,ALP,LNP,ALP,0.5099146790706626,0.4900853209293374,0.009914679070662569,LNP-ALP,IND>OTH>GRN>ON,0.4900853209293374,0.5099146790706626,IND>OTH>GRN>ON,0.5587836109743018,0.44121638902569815,IND>OTH>GRN>LNP,ON18,no_siphon
Northcote,Northern Metro,ALP,GRN,ALP,0.5157499328385402,0.4842500671614598,0.015749932838540204,GRN-ALP,IND>OTH>LNP>ON,0.7456901066347725,0.2543098933652274,IND>OTH>ON>GRN,0.7705229453221244,0.22947705467787569,IND>OTH>LNP>GRN,Northern Metro,ALP,GRN,ALP,0.5162992196233737,0.4837007803766264,0.016299219623373662,GRN-ALP,IND>OTH>LNP>ON,0.745690106634771,0.25430989336522897,IND>OTH>ON>GRN,0.7682282222362813,0.23177177776371874,IND>OTH>LNP>GRN,ON18,no_siphon
Oakleigh,Southern Metro,ALP,ALP,LNP,0.5639940130794401,0.43600598692056003,0.06399401307944008,ALP-LNP,OTH>IND>GRN>ON,0.5639940130794401,0.43600598692056003,OTH>IND>GRN>ON,0.6427271332564589,0.35727286674354114,OTH>IND>GRN>LNP,Southern Metro,ALP,ALP,LNP,0.564244216335697,0.4357557836643031,0.06424421633569699,ALP-LNP,OTH>IND>GRN>ON,0.564244216335697,0.4357557836643031,OTH>IND>GRN>ON,0.6422894451815273,0.3577105548184728,OTH>IND>GRN>LNP,ON18,no_siphon
Ovens Valley,Northern Victoria,LNP,LNP,ON,0.6356189950369835,0.3643810049630166,0.1356189950369835,LNP-ON,IND>GRN>OTH>ALP,0.2716489643965388,0.7283510356034613,IND>GRN>OTH>ON,0.3029872924961377,0.6970127075038623,IND>GRN>OTH>LNP,Northern Victoria,LNP,LNP,ON,0.6303058813241866,0.3696941186758134,0.13030588132418663,LNP-ON,IND>GRN>OTH>ALP,0.2733170024624808,0.7266829975375193,IND>GRN>OTH>ON,0.30110386155113,0.6988961384488701,IND>GRN>OTH>LNP,ON18,no_siphon
Pakenham,Eastern Victoria,ALP,LNP,ALP,0.5881311246852332,0.4118688753147668,0.08813112468523321,LNP-ALP,IND>GRN>OTH>ON,0.4118688753147668,0.5881311246852332,IND>GRN>OTH>ON,0.41427693069150534,0.5857230693084946,IND>GRN>OTH>LNP,Eastern Victoria,ALP,LNP,ALP,0.5866020478845931,0.4133979521154068,0.08660204788459314,LNP-ALP,IND>GRN>OTH>ON,0.4133979521154068,0.5866020478845931,IND>GRN>OTH>ON,0.4116470153618334,0.5883529846381665,IND>GRN>OTH>LNP,ON18,no_siphon
Pascoe Vale,Northern Metro,ALP,ALP,GRN,0.5389580078102221,0.461041992189778,0.03895800781022207,ALP-GRN,OTH>IND>LNP>ON,0.6314035789703388,0.36859642102966117,OTH>IND>ON>GRN,0.7061420194998496,0.29385798050015044,OTH>IND>LNP>GRN,Northern Metro,ALP,ALP,GRN,0.5380449763634625,0.46195502363653757,0.03804497636346249,ALP-GRN,OTH>IND>LNP>ON,0.6320165998391365,0.3679834001608635,OTH>IND>ON>GRN,0.7003043623916476,0.2996956376083524,OTH>IND>LNP>GRN,ON18,no_siphon
Point Cook,Western Metro,ALP,ALP,ON,0.5429642123671985,0.45703578763280156,0.042964212367198495,ALP-ON,OTH>GRN>IND>LNP,0.5332719747408692,0.4667280252591309,OTH>GRN>IND>ON,0.5429642123671985,0.45703578763280156,OTH>GRN>IND>LNP,Western Metro,ALP,ALP,ON,0.5390712663617622,0.4609287336382379,0.03907126636176217,ALP-ON,OTH>GRN>IND>LNP,0.5352027685773845,0.46479723142261564,OTH>GRN>IND>ON,0.5390712663617622,0.4609287336382379,OTH>GRN>IND>LNP,ON18,no_siphon
Polwarth,Western Victoria,LNP,LNP,ALP,0.610062005142461,0.38993799485753905,0.110062005142461,LNP-ALP,IND>OTH>GRN>ON,0.38993799485753905,0.610062005142461,IND>OTH>GRN>ON,0.4354558311208667,0.5645441688791334,IND>OTH>GRN>LNP,Western Victoria,LNP,LNP,ALP,0.6095125282982864,0.39048747170171366,0.1095125282982864,LNP-ALP,IND>OTH>GRN>ON,0.39048747170171366,0.6095125282982864,IND>OTH>GRN>ON,0.43489528453633786,0.5651047154636623,IND>OTH>GRN>LNP,ON18,no_siphon
Prahran,Southern Metro,Greens,GRN,LNP,0.5619731095203981,0.43802689047960186,0.06197310952039814,GRN-LNP,IND>OTH>ON>ALP,0.5757250553938026,0.42427494460619736,IND>OTH>ON>GRN,0.7142988447197993,0.2857011552802007,IND>OTH>LNP>GRN,Southern Metro,Greens,GRN,LNP,0.5619731095258877,0.4380268904741123,0.06197310952588775,GRN-LNP,IND>OTH>ON>ALP,0.575725055394011,0.424274944605989,IND>OTH>ON>GRN,0.7090646946994894,0.29093530530051065,IND>OTH>LNP>GRN,ON18,no_siphon
Preston,Northern Metro,ALP,ALP,ON,0.6669889326854413,0.33301106731455876,0.16698893268544135,ALP-ON,OTH>IND>LNP>GRN,0.6138270916460978,0.3861729083539022,OTH>IND>GRN>ON,0.6669889326854413,0.33301106731455876,OTH>IND>LNP>GRN,Northern Metro,ALP,ALP,ON,0.661648776722651,0.3383512232773491,0.161648776722651,ALP-ON,OTH>IND>LNP>GRN,0.6152282405152532,0.3847717594847469,OTH>IND>GRN>ON,0.661648776722651,0.3383512232773491,OTH>IND>LNP>GRN,ON18,no_siphon
Richmond,Northern Metro,GRN,GRN,ALP,0.5655637728562198,0.43443622714378016,0.06556377285621984,GRN-ALP,IND>OTH>ON>LNP,0.7388715971291198,0.2611284028708802,IND>OTH>ON>GRN,0.8061238311443804,0.1938761688556196,IND>OTH>LNP>GRN,Northern Metro,GRN,GRN,ALP,0.5658364174596044,0.4341635825403955,0.06583641745960445,GRN-ALP,IND>OTH>ON>LNP,0.7390437749803309,0.26095622501966914,IND>OTH>ON>GRN,0.8005903903022908,0.19940960969770913,IND>OTH>LNP>GRN,ON18,no_siphon
Ringwood,North-Eastern Metro,LNP,ALP,LNP,0.5033862105597897,0.49661378944021023,0.003386210559789715,ALP-LNP,IND>OTH>ON>GRN,0.5033862105597897,0.49661378944021023,IND>OTH>ON>GRN,0.5964666569651778,0.4035333430348223,IND>OTH>GRN>LNP,North-Eastern Metro,LNP,ALP,LNP,0.5033862105597979,0.496613789440202,0.003386210559797931,ALP-LNP,IND>OTH>ON>GRN,0.5033862105597979,0.496613789440202,IND>OTH>ON>GRN,0.5963736599665261,0.4036263400334739,IND>OTH>GRN>LNP,ON18,no_siphon
Ripon,Western Victoria,ALP,LNP,ALP,0.5677228443342427,0.4322771556657574,0.0677228443342427,LNP-ALP,IND>GRN>OTH>ON,0.4322771556657574,0.5677228443342427,IND>GRN>OTH>ON,0.42442094164046973,0.5755790583595304,IND>GRN>OTH>LNP,Western Victoria,ALP,LNP,ALP,0.5669683931828278,0.43303160681717234,0.06696839318282777,LNP-ALP,IND>GRN>OTH>ON,0.43303160681717234,0.5669683931828278,IND>GRN>OTH>ON,0.4232726225157639,0.5767273774842362,IND>GRN>OTH>LNP,ON18,no_siphon
Rowville,South-Eastern Metro,LNP,LNP,ALP,0.5990233700256572,0.40097662997434286,0.0990233700256572,LNP-ALP,OTH>GRN>IND>ON,0.40097662997434286,0.5990233700256572,OTH>GRN>IND>ON,0.5302866470265226,0.46971335297347744,OTH>GRN>IND>LNP,South-Eastern Metro,LNP,LNP,ALP,0.5972378774837346,0.4027621225162655,0.09723787748373458,LNP-ALP,OTH>GRN>IND>ON,0.4027621225162655,0.5972378774837346,OTH>GRN>IND>ON,0.5268816580746444,0.4731183419253556,OTH>GRN>IND>LNP,ON18,no_siphon
Sandringham,Southern Metro,LNP,LNP,ALP,0.6134451362232988,0.3865548637767013,0.11344513622329877,LNP-ALP,OTH>IND>ON>GRN,0.3865548637767013,0.6134451362232988,OTH>IND>ON>GRN,0.555176931383362,0.4448230686166381,OTH>IND>GRN>LNP,Southern Metro,LNP,LNP,ALP,0.6126918117976609,0.38730818820233925,0.11269181179766086,LNP-ALP,OTH>IND>ON>GRN,0.38730818820233925,0.6126918117976609,OTH>IND>ON>GRN,0.5525265135079037,0.44747348649209623,OTH>IND>GRN>LNP,ON18,no_siphon
Shepparton,Northern Victoria,LNP,LNP,IND,0.6033949669545281,0.39660503304547184,0.1033949669545281,LNP-IND,OTH>GRN>ALP>ON,0.25341811895313965,0.7465818810468603,OTH>GRN>ON>IND,0.31366875691214935,0.6863312430878507,OTH>GRN>IND>LNP,Northern Victoria,LNP,LNP,IND,0.6029853721184973,0.39701462788150266,0.10298537211849734,LNP-IND,OTH>GRN>ALP>ON,0.2534232848678649,0.7465767151321351,OTH>GRN>ON>IND,0.3031428389560064,0.6968571610439936,OTH>GRN>IND>LNP,ON18,no_siphon
South Barwon,Western Victoria,ALP,LNP,ALP,0.518391506264533,0.48160849373546705,0.01839150626453301,LNP-ALP,IND>OTH>GRN>ON,0.48160849373546705,0.518391506264533,IND>OTH>GRN>ON,0.5303658872582109,0.4696341127417892,IND>OTH>GRN>LNP,Western Victoria,ALP,LNP,ALP,0.5182840492653528,0.48171595073464724,0.018284049265352764,LNP-ALP,IND>OTH>GRN>ON,0.48171595073464724,0.5182840492653528,IND>OTH>GRN>ON,0.5302195099066329,0.46978049009336714,IND>OTH>GRN>LNP,ON18,no_siphon
South-West Coast,Western Victoria,LNP,LNP,IND,0.6006386014793768,0.39936139852062325,0.10063860147937675,LNP-IND,OTH>GRN>ON>ALP,0.3401718194093587,0.6598281805906414,OTH>GRN>ON>IND,0.37327552140593995,0.6267244785940601,OTH>GRN>IND>LNP,Western Victoria,LNP,LNP,IND,0.600638257179532,0.39936174282046805,0.10063825717953201,LNP-IND,OTH>GRN>ON>ALP,0.34017261962406625,0.6598273803759338,OTH>GRN>ON>IND,0.36734262960510694,0.6326573703948931,OTH>GRN>IND>LNP,ON18,no_siphon
St Albans,Western Metro,ALP,ALP,LNP,0.5574789157186535,0.44252108428134646,0.05747891571865349,ALP-LNP,IND>GRN>OTH>ON,0.5574789157186535,0.44252108428134646,IND>GRN>OTH>ON,0.5915655467606057,0.40843445323939437,IND>GRN>OTH>LNP,Western Metro,ALP,ALP,LNP,0.5587610128349706,0.44123898716502946,0.058761012834970594,ALP-LNP,IND>GRN>OTH>ON,0.5587610128349706,0.44123898716502946,IND>GRN>OTH>ON,0.5885743887767241,0.4114256112232759,IND>GRN>OTH>LNP,ON18,no_siphon
Sunbury,Western Metro,ALP,LNP,ALP,0.5310305447232809,0.4689694552767191,0.03103054472328093,LNP-ALP,IND>OTH>GRN>ON,0.4689694552767191,0.5310305447232809,IND>OTH>GRN>ON,0.4737967221898149,0.526203277810185,IND>OTH>GRN>LNP,Western Metro,ALP,LNP,ALP,0.5302323679914854,0.4697676320085146,0.03023236799148543,LNP-ALP,IND>OTH>GRN>ON,0.4697676320085146,0.5302323679914854,IND>OTH>GRN>ON,0.47294549543610914,0.5270545045638908,IND>OTH>GRN>LNP,ON18,no_siphon
Sydenham,Western Metro,ALP,ALP,LNP,0.5239045608246351,0.47609543917536495,0.0239045608246351,ALP-LNP,IND>GRN>OTH>ON,0.5239045608246351,0.47609543917536495,IND>GRN>OTH>ON,0.5448306674150183,0.4551693325849818,IND>GRN>OTH>LNP,Western Metro,ALP,ALP,LNP,0.524450234479348,0.47554976552065203,0.02445023447934802,ALP-LNP,IND>GRN>OTH>ON,0.524450234479348,0.47554976552065203,IND>GRN>OTH>ON,0.5433324796475689,0.4566675203524312,IND>GRN>OTH>LNP,ON18,no_siphon
Tarneit,Western Metro,ALP,ALP,LNP,0.5672513186359394,0.4327486813640606,0.06725131863593936,ALP-LNP,IND>GRN>OTH>ON,0.5672513186359394,0.4327486813640606,IND>GRN>OTH>ON,0.584568355019855,0.41543164498014495,IND>GRN>OTH>LNP,Western Metro,ALP,ALP,LNP,0.56787976142627,0.43212023857373005,0.06787976142626995,ALP-LNP,IND>GRN>OTH>ON,0.56787976142627,0.43212023857373005,IND>GRN>OTH>ON,0.5820884159960106,0.4179115840039895,IND>GRN>OTH>LNP,ON18,no_siphon
Thomastown,Northern Metro,ALP,ALP,ON,0.6058868185981928,0.3941131814018072,0.10588681859819282,ALP-ON,IND>GRN>OTH>LNP,0.608165608640075,0.3918343913599251,IND>GRN>OTH>ON,0.6058868185981928,0.3941131814018072,IND>GRN>OTH>LNP,Northern Metro,ALP,ALP,ON,0.6038124661884077,0.39618753381159233,0.10381246618840767,ALP-ON,IND>GRN>OTH>LNP,0.6088326659947001,0.39116733400529996,IND>GRN>OTH>ON,0.6038124661884077,0.39618753381159233,IND>GRN>OTH>LNP,ON18,no_siphon
Warrandyte,North-Eastern Metro,LNP,LNP,ALP,0.6183442628252777,0.3816557371747223,0.11834426282527766,LNP-ALP,IND>OTH>GRN>ON,0.3816557371747223,0.6183442628252777,IND>OTH>GRN>ON,0.5332749170993085,0.46672508290069153,IND>OTH>GRN>LNP,North-Eastern Metro,LNP,LNP,ALP,0.6183380904214457,0.38166190957855434,0.11833809042144572,LNP-ALP,IND>OTH>GRN>ON,0.38166190957855434,0.6183380904214457,IND>OTH>GRN>ON,0.533263166317683,0.46673683368231705,IND>OTH>GRN>LNP,ON18,no_siphon
Wendouree,Western Victoria,ALP,ALP,LNP,0.5069076612883446,0.4930923387116553,0.006907661288344635,ALP-LNP,IND>OTH>GRN>ON,0.5069076612883446,0.4930923387116553,IND>OTH>GRN>ON,0.5385188440136118,0.46148115598638817,IND>OTH>GRN>LNP,Western Victoria,ALP,ALP,LNP,0.5069730154817956,0.49302698451820437,0.00697301548179563,ALP-LNP,IND>OTH>GRN>ON,0.5069730154817956,0.49302698451820437,IND>OTH>GRN>ON,0.5384259779442336,0.46157402205576636,IND>OTH>GRN>LNP,ON18,no_siphon
Werribee,Western Metro,ALP,ON,ALP,0.5041012983941251,0.4958987016058749,0.004101298394125097,ON-ALP,OTH>GRN>IND>LNP,0.5143042701451048,0.4856957298548951,OTH>GRN>IND>ON,0.4958987016058749,0.5041012983941251,OTH>GRN>IND>LNP,Western Metro,ALP,ON,ALP,0.5066755560359563,0.49332444396404374,0.006675556035956265,ON-ALP,OTH>GRN>IND>LNP,0.5166115729300761,0.4833884270699239,OTH>GRN>IND>ON,0.49332444396404374,0.5066755560359563,OTH>GRN>IND>LNP,ON18,no_siphon
Williamstown,Western Metro,ALP,ALP,LNP,0.5832252232955482,0.4167747767044519,0.08322522329554816,ALP-LNP,IND>OTH>GRN>ON,0.5832252232955482,0.4167747767044519,IND>OTH>GRN>ON,0.6504869827887676,0.34951301721123235,IND>OTH>GRN>LNP,Western Metro,ALP,ALP,LNP,0.583695264077537,0.41630473592246303,0.08369526407753702,ALP-LNP,IND>OTH>GRN>ON,0.583695264077537,0.41630473592246303,IND>OTH>GRN>ON,0.6485213050541917,0.3514786949458083,IND>OTH>GRN>LNP,ON18,no_siphon
Yan Yean,Northern Victoria,ALP,LNP,ALP,0.5139295704851564,0.4860704295148437,0.013929570485156417,LNP-ALP,IND>GRN>OTH>ON,0.4860704295148437,0.5139295704851564,IND>GRN>OTH>ON,0.489996695484996,0.5100033045150041,IND>GRN>OTH>LNP,Northern Victoria,ALP,LNP,ALP,0.5131386778820516,0.4868613221179485,0.013138677882051586,LNP-ALP,IND>GRN>OTH>ON,0.4868613221179485,0.5131386778820516,IND>GRN>OTH>ON,0.48896433017717933,0.5110356698228208,IND>GRN>OTH>LNP,ON18,no_siphon
Albert Park,Southern Metro,ALP,ALP,LNP,0.5431487162668203,0.45685128373317974,0.043148716266820264,ALP-LNP,OTH>IND>ON>GRN,0.5431487162668203,0.45685128373317974,OTH>IND>ON>GRN,0.6606971682447803,0.33930283175521975,OTH>IND>GRN>LNP,Southern Metro,ALP,ALP,LNP,0.5715991318510334,0.42840086814896655,0.07159913185103339,ALP-LNP,OTH>IND>ON>GRN,0.5715991318510334,0.42840086814896655,OTH>IND>ON>GRN,0.6819968728391441,0.3180031271608558,OTH>IND>GRN>LNP,ON18,no_geography
Ashwood,Southern Metro,ALP,LNP,ALP,0.5127901462964145,0.48720985370358544,0.012790146296414506,LNP-ALP,OTH>IND>ON>GRN,0.48720985370358544,0.5127901462964145,OTH>IND>ON>GRN,0.6401839653108413,0.3598160346891587,OTH>IND>GRN>LNP,Southern Metro,ALP,LNP,ALP,0.5055595078846656,0.4944404921153343,0.005559507884665638,LNP-ALP,OTH>IND>ON>GRN,0.4944404921153343,0.5055595078846656,OTH>IND>ON>GRN,0.6378528492631621,0.36214715073683784,OTH>IND>GRN>LNP,ON18,no_geography
Bass,Eastern Victoria,ALP,LNP,ALP,0.5999972759287275,0.4000027240712725,0.09999727592872754,LNP-ALP,OTH>IND>GRN>ON,0.4000027240712725,0.5999972759287275,OTH>IND>GRN>ON,0.4112908544308213,0.5887091455691787,OTH>IND>GRN>LNP,Eastern Victoria,ALP,LNP,ALP,0.6139313031199971,0.38606869688000295,0.11393130311999711,LNP-ALP,OTH>IND>GRN>ON,0.38606869688000295,0.6139313031199971,OTH>IND>GRN>ON,0.406098359828046,0.5939016401719541,OTH>IND>GRN>LNP,ON18,no_geography
Bayswater,North-Eastern Metro,ALP,LNP,ALP,0.5602345259860593,0.4397654740139407,0.06023452598605927,LNP-ALP,IND>OTH>GRN>ON,0.4397654740139407,0.5602345259860593,IND>OTH>GRN>ON,0.5428559399897148,0.4571440600102852,IND>OTH>GRN>LNP,North-Eastern Metro,ALP,LNP,ALP,0.5513778968829866,0.44862210311701345,0.05137789688298655,LNP-ALP,IND>OTH>GRN>ON,0.44862210311701345,0.5513778968829866,IND>OTH>GRN>ON,0.5422446618579294,0.4577553381420706,IND>OTH>GRN>LNP,ON18,no_geography
Bellarine,Western Victoria,ALP,ALP,LNP,0.5109960861898003,0.48900391381019964,0.010996086189800303,ALP-LNP,OTH>IND>GRN>ON,0.5109960861898003,0.48900391381019964,OTH>IND>GRN>ON,0.5498046105898594,0.45019538941014065,OTH>IND>GRN>LNP,Western Victoria,ALP,ALP,LNP,0.5044331326215711,0.49556686737842903,0.004433132621571079,ALP-LNP,OTH>IND>GRN>ON,0.5044331326215711,0.49556686737842903,OTH>IND>GRN>ON,0.5420566270459038,0.45794337295409626,OTH>IND>GRN>LNP,ON18,no_geography
Benambra,Northern Victoria,LNP,LNP,IND,0.5834192962891437,0.41658070371085626,0.08341929628914369,LNP-IND,OTH>GRN>ALP>ON,0.2883047656664813,0.7116952343335187,OTH>GRN>ON>IND,0.2898698141409815,0.7101301858590185,OTH>GRN>IND>LNP,Northern Victoria,LNP,LNP,IND,0.5847235128377374,0.4152764871622626,0.08472351283773738,LNP-IND,OTH>GRN>ALP>ON,0.2626884094634705,0.7373115905365295,OTH>GRN>ON>IND,0.26733373791022125,0.7326662620897787,OTH>GRN>IND>LNP,ON18,no_geography
Bendigo East,Northern Victoria,ALP,ALP,LNP,0.5259195065852377,0.47408049341476227,0.025919506585237673,ALP-LNP,OTH>IND>GRN>ON,0.5259195065852377,0.47408049341476227,OTH>IND>GRN>ON,0.5771836726613635,0.4228163273386365,OTH>IND>GRN>LNP,Northern Victoria,ALP,ALP,LNP,0.5197087013423702,0.48029129865762976,0.01970870134237024,ALP-LNP,OTH>IND>GRN>ON,0.5197087013423702,0.48029129865762976,OTH>IND>GRN>ON,0.5712226840655437,0.4287773159344563,OTH>IND>GRN>LNP,ON18,no_geography
Bendigo West,Northern Victoria,ALP,ALP,LNP,0.5648454790935576,0.43515452090644247,0.06484547909355765,ALP-LNP,IND>OTH>GRN>ON,0.5648454790935576,0.43515452090644247,IND>OTH>GRN>ON,0.5845385528099702,0.41546144719002986,IND>OTH>GRN>LNP,Northern Victoria,ALP,ALP,LNP,0.5566246514275568,0.44337534857244326,0.056624651427556794,ALP-LNP,IND>OTH>GRN>ON,0.5566246514275568,0.44337534857244326,IND>OTH>GRN>ON,0.5757200807436866,0.4242799192563135,IND>OTH>GRN>LNP,ON18,no_geography
Bentleigh,Southern Metro,ALP,ALP,LNP,0.5084024077491738,0.4915975922508263,0.00840240774917378,ALP-LNP,OTH>IND>GRN>ON,0.5084024077491738,0.4915975922508263,OTH>IND>GRN>ON,0.6328566022032625,0.3671433977967376,OTH>IND>GRN>LNP,Southern Metro,ALP,ALP,LNP,0.5159827802807622,0.4840172197192378,0.015982780280762166,ALP-LNP,OTH>IND>GRN>ON,0.5159827802807622,0.4840172197192378,OTH>IND>GRN>ON,0.6312556092654293,0.3687443907345707,OTH>IND>GRN>LNP,ON18,no_geography
Berwick,South-Eastern Metro,LNP,LNP,ALP,0.6236533341025687,0.3763466658974313,0.12365333410256873,LNP-ALP,IND>OTH>GRN>ON,0.3763466658974313,0.6236533341025687,IND>OTH>GRN>ON,0.4325298472294804,0.5674701527705196,IND>OTH>GRN>LNP,South-Eastern Metro,LNP,LNP,ALP,0.6297608993124253,0.3702391006875747,0.1297608993124253,LNP-ALP,IND>OTH>GRN>ON,0.3702391006875747,0.6297608993124253,IND>OTH>GRN>ON,0.42788701116691524,0.5721129888330848,IND>OTH>GRN>LNP,ON18,no_geography
Box Hill,North-Eastern Metro,ALP,LNP,ALP,0.5006508129519931,0.49934918704800685,0.0006508129519930961,LNP-ALP,IND>OTH>ON>GRN,0.49934918704800685,0.5006508129519931,IND>OTH>ON>GRN,0.6497425164778079,0.35025748352219205,IND>OTH>GRN>LNP,North-Eastern Metro,ALP,ALP,LNP,0.5065558966918502,0.49344410330814986,0.006555896691850194,ALP-LNP,IND>OTH>ON>GRN,0.5065558966918502,0.49344410330814986,IND>OTH>ON>GRN,0.6474899240706452,0.3525100759293548,IND>OTH>GRN>LNP,ON18,no_geography
Brighton,Southern Metro,LNP,LNP,ALP,0.620124439019649,0.37987556098035097,0.12012443901964898,LNP-ALP,OTH>IND>ON>GRN,0.37987556098035097,0.620124439019649,OTH>IND>ON>GRN,0.592313877281342,0.40768612271865795,OTH>IND>GRN>LNP,Southern Metro,LNP,LNP,ALP,0.5915585830821483,0.4084414169178517,0.09155858308214826,LNP-ALP,OTH>IND>ON>GRN,0.4084414169178517,0.5915585830821483,OTH>IND>ON>GRN,0.6182053025078574,0.3817946974921425,OTH>IND>GRN>LNP,ON18,no_geography
Broadmeadows,Northern Metro,ALP,ALP,ON,0.5928994125619849,0.4071005874380151,0.09289941256198486,ALP-ON,IND>GRN>OTH>LNP,0.5899169625721381,0.41008303742786184,IND>GRN>OTH>ON,0.5928994125619849,0.4071005874380151,IND>GRN>OTH>LNP,Northern Metro,ALP,ALP,ON,0.5923534207237885,0.4076465792762115,0.09235342072378849,ALP-ON,IND>GRN>OTH>LNP,0.6046216964015513,0.3953783035984487,IND>GRN>OTH>ON,0.5923534207237885,0.4076465792762115,IND>GRN>OTH>LNP,ON18,no_geography
Brunswick,Northern Metro,GRN,GRN,ALP,0.6334662847368938,0.36653371526310613,0.13346628473689381,GRN-ALP,IND>OTH>LNP>ON,0.7267495292482418,0.2732504707517583,IND>OTH>ON>GRN,0.7780065724736994,0.22199342752630055,IND>OTH>LNP>GRN,Northern Metro,GRN,GRN,ALP,0.6339740962317608,0.3660259037682391,0.13397409623176082,GRN-ALP,IND>OTH>LNP>ON,0.7765688579623058,0.22343114203769418,IND>OTH>ON>GRN,0.7975876598333702,0.20241234016662984,IND>OTH>LNP>GRN,ON18,no_geography
Bulleen,North-Eastern Metro,LNP,LNP,ALP,0.6253835373708767,0.3746164626291233,0.1253835373708767,LNP-ALP,IND>OTH>ON>GRN,0.3746164626291233,0.6253835373708767,IND>OTH>ON>GRN,0.5769307726903906,0.4230692273096094,IND>OTH>GRN>LNP,North-Eastern Metro,LNP,LNP,ALP,0.6194133594756183,0.38058664052438174,0.11941335947561826,LNP-ALP,IND>OTH>ON>GRN,0.38058664052438174,0.6194133594756183,IND>OTH>ON>GRN,0.5754201678247791,0.424579832175221,IND>OTH>GRN>LNP,ON18,no_geography
Bundoora,North-Eastern Metro,ALP,ALP,LNP,0.5604233410974704,0.43957665890252967,0.060423341097470384,ALP-LNP,IND>OTH>GRN>ON,0.5604233410974704,0.43957665890252967,IND>OTH>GRN>ON,0.6561304766042879,0.34386952339571214,IND>OTH>GRN>LNP,North-Eastern Metro,ALP,ALP,LNP,0.5693022567276226,0.4306977432723774,0.06930225672762258,ALP-LNP,IND>OTH>GRN>ON,0.5693022567276226,0.4306977432723774,IND>OTH>GRN>ON,0.6545370264380934,0.3454629735619067,IND>OTH>GRN>LNP,ON18,no_geography
Carrum,South-Eastern Metro,ALP,ALP,LNP,0.505571364418692,0.49442863558130806,0.005571364418691993,ALP-LNP,IND>OTH>GRN>ON,0.505571364418692,0.49442863558130806,IND>OTH>GRN>ON,0.5185721011779584,0.4814278988220416,IND>OTH>GRN>LNP,South-Eastern Metro,ALP,LNP,ALP,0.5012929920261568,0.4987070079738431,0.0012929920261568473,LNP-ALP,IND>OTH>GRN>ON,0.4987070079738431,0.5012929920261568,IND>OTH>GRN>ON,0.5139215774080195,0.48607842259198053,IND>OTH>GRN>LNP,ON18,no_geography
Caulfield,Southern Metro,LNP,LNP,ALP,0.5944448521018582,0.4055551478981418,0.09444485210185816,LNP-ALP,OTH>IND>ON>GRN,0.4055551478981418,0.5944448521018582,OTH>IND>ON>GRN,0.6130179767097795,0.3869820232902206,OTH>IND>GRN>LNP,Southern Metro,LNP,LNP,ALP,0.5715734569630625,0.42842654303693756,0.0715734569630625,LNP-ALP,OTH>IND>ON>GRN,0.42842654303693756,0.5715734569630625,OTH>IND>ON>GRN,0.6309549129688603,0.3690450870311397,OTH>IND>GRN>LNP,ON18,no_geography
Clarinda,South-Eastern Metro,ALP,ALP,LNP,0.5336832050978422,0.46631679490215794,0.03368320509784217,ALP-LNP,OTH>GRN>IND>ON,0.5336832050978422,0.46631679490215794,OTH>GRN>IND>ON,0.6171474991677601,0.38285250083224,OTH>GRN>IND>LNP,South-Eastern Metro,ALP,ALP,LNP,0.544650061894758,0.455349938105242,0.04465006189475795,ALP-LNP,OTH>GRN>IND>ON,0.544650061894758,0.455349938105242,OTH>GRN>IND>ON,0.6154275931771487,0.38457240682285143,OTH>GRN>IND>LNP,ON18,no_geography
Cranbourne,South-Eastern Metro,ALP,ALP,ON,0.52278388574708,0.47721611425292,0.022783885747080013,ALP-ON,IND>GRN>OTH>LNP,0.501631433013807,0.49836856698619303,IND>GRN>OTH>ON,0.52278388574708,0.47721611425292,IND>GRN>OTH>LNP,South-Eastern Metro,ALP,ALP,ON,0.5224954773710356,0.47750452262896437,0.022495477371035633,ALP-ON,IND>GRN>OTH>LNP,0.5148695116797462,0.4851304883202539,IND>GRN>OTH>ON,0.5224954773710356,0.47750452262896437,IND>GRN>OTH>LNP,ON18,no_geography
Croydon,North-Eastern Metro,LNP,LNP,ALP,0.5967420208780695,0.40325797912193057,0.09674202087806949,LNP-ALP,IND>OTH>GRN>ON,0.40325797912193057,0.5967420208780695,IND>OTH>GRN>ON,0.5244001432510852,0.47559985674891486,IND>OTH>GRN>LNP,North-Eastern Metro,LNP,LNP,ALP,0.5878351980185085,0.4121648019814915,0.08783519801850848,LNP-ALP,IND>OTH>GRN>ON,0.4121648019814915,0.5878351980185085,IND>OTH>GRN>ON,0.5234105011862905,0.47658949881370954,IND>OTH>GRN>LNP,ON18,no_geography
Dandenong,South-Eastern Metro,ALP,ALP,ON,0.6299654893723109,0.3700345106276891,0.1299654893723109,ALP-ON,IND>OTH>GRN>LNP,0.6146216380174325,0.38537836198256753,IND>OTH>GRN>ON,0.6299654893723109,0.3700345106276891,IND>OTH>GRN>LNP,South-Eastern Metro,ALP,ALP,ON,0.6291152685543587,0.37088473144564127,0.12911526855435873,ALP-ON,IND>OTH>GRN>LNP,0.6244741482396692,0.37552585176033076,IND>OTH>GRN>ON,0.6291152685543587,0.37088473144564127,IND>OTH>GRN>LNP,ON18,no_geography
Eildon,Northern Victoria,LNP,LNP,ALP,0.6396515628837036,0.3603484371162965,0.13965156288370362,LNP-ALP,IND>OTH>GRN>ON,0.3603484371162965,0.6396515628837036,IND>OTH>GRN>ON,0.391878766768656,0.608121233231344,IND>OTH>GRN>LNP,Northern Victoria,LNP,LNP,ALP,0.6501973099472966,0.34980269005270337,0.15019730994729663,LNP-ALP,IND>OTH>GRN>ON,0.34980269005270337,0.6501973099472966,IND>OTH>GRN>ON,0.39017554820088196,0.609824451799118,IND>OTH>GRN>LNP,ON18,no_geography
Eltham,North-Eastern Metro,ALP,ALP,LNP,0.5113243523878669,0.48867564761213306,0.011324352387866887,ALP-LNP,IND>OTH>GRN>ON,0.5113243523878669,0.48867564761213306,IND>OTH>GRN>ON,0.6044841505128263,0.3955158494871737,IND>OTH>GRN>LNP,North-Eastern Metro,ALP,ALP,LNP,0.5192952403101858,0.48070475968981424,0.019295240310185813,ALP-LNP,IND>OTH>GRN>ON,0.5192952403101858,0.48070475968981424,IND>OTH>GRN>ON,0.602764631095678,0.39723536890432193,IND>OTH>GRN>LNP,ON18,no_geography
Essendon,Northern Metro,ALP,ALP,LNP,0.5203590457082217,0.4796409542917784,0.020359045708221668,ALP-LNP,IND>OTH>GRN>ON,0.5203590457082217,0.4796409542917784,IND>OTH>GRN>ON,0.5970013489270828,0.40299865107291716,IND>OTH>GRN>LNP,Northern Metro,ALP,ALP,LNP,0.5323148473482124,0.4676851526517875,0.03231484734821244,ALP-LNP,IND>OTH>GRN>ON,0.5323148473482124,0.4676851526517875,IND>OTH>GRN>ON,0.5948166744609468,0.40518332553905323,IND>OTH>GRN>LNP,ON18,no_geography
Eureka,Western Victoria,ALP,ON,ALP,0.5403785993093542,0.4596214006906459,0.04037859930935417,ON-ALP,IND>OTH>GRN>LNP,0.4801209879544631,0.519879012045537,IND>OTH>GRN>ON,0.4596214006906459,0.5403785993093542,IND>OTH>GRN>LNP,Western Victoria,ALP,ON,ALP,0.5446246812692546,0.4553753187307455,0.04462468126925456,ON-ALP,IND>OTH>GRN>LNP,0.46535741656085955,0.5346425834391405,IND>OTH>GRN>ON,0.4553753187307455,0.5446246812692546,IND>OTH>GRN>LNP,ON18,no_geography
Euroa,Northern Victoria,LNP,LNP,ON,0.6409398030689929,0.35906019693100716,0.1409398030689929,LNP-ON,IND>OTH>GRN>ALP,0.32396580937502245,0.6760341906249776,IND>OTH>GRN>ON,0.35914816614898093,0.6408518338510191,IND>OTH>GRN>LNP,Northern Victoria,LNP,LNP,ON,0.6405343526901971,0.35946564730980296,0.1405343526901971,LNP-ON,IND>OTH>GRN>ALP,0.3127999677506619,0.6872000322493381,IND>OTH>GRN>ON,0.35800562925156804,0.641994370748432,IND>OTH>GRN>LNP,ON18,no_geography
Evelyn,Eastern Victoria,LNP,LNP,ALP,0.631318594860268,0.368681405139732,0.13131859486026798,LNP-ALP,IND>OTH>GRN>ON,0.368681405139732,0.631318594860268,IND>OTH>GRN>ON,0.4344392551790455,0.5655607448209544,IND>OTH>GRN>LNP,Eastern Victoria,LNP,LNP,ALP,0.6373394608824398,0.3626605391175603,0.13733946088243976,LNP-ALP,IND>OTH>GRN>ON,0.3626605391175603,0.6373394608824398,IND>OTH>GRN>ON,0.42894974586541984,0.5710502541345802,IND>OTH>GRN>LNP,ON18,no_geography
Footscray,Western Metro,ALP,ALP,GRN,0.5576537550508085,0.44234624494919156,0.0576537550508085,ALP-GRN,IND>OTH>ON>LNP,0.6583245118526186,0.34167548814738136,IND>OTH>ON>GRN,0.7505456415885433,0.24945435841145674,IND>OTH>LNP>GRN,Western Metro,ALP,ALP,GRN,0.5557249630936127,0.4442750369063873,0.055724963093612745,ALP-GRN,IND>OTH>ON>LNP,0.6914810265439532,0.3085189734560469,IND>OTH>ON>GRN,0.7767497907438936,0.22325020925610634,IND>OTH>LNP>GRN,ON18,no_geography
Frankston,South-Eastern Metro,ALP,ALP,LNP,0.5015905705662214,0.4984094294337786,0.001590570566221361,ALP-LNP,IND>OTH>GRN>ON,0.5015905705662214,0.4984094294337786,IND>OTH>GRN>ON,0.5492404558973434,0.4507595441026567,IND>OTH>GRN>LNP,South-Eastern Metro,ALP,ALP,LNP,0.5136108382414896,0.4863891617585104,0.013610838241489565,ALP-LNP,IND>OTH>GRN>ON,0.5136108382414896,0.4863891617585104,IND>OTH>GRN>ON,0.5481823914897118,0.4518176085102881,IND>OTH>GRN>LNP,ON18,no_geography
Geelong,Western Victoria,ALP,ALP,ON,0.5357503332025202,0.4642496667974798,0.03575033320252019,ALP-ON,OTH>IND>GRN>LNP,0.5323902407391545,0.46760975926084547,OTH>IND>GRN>ON,0.5357503332025202,0.4642496667974798,OTH>IND>GRN>LNP,Western Victoria,ALP,ALP,ON,0.52499969557295,0.47500030442704994,0.02499969557295001,ALP-ON,OTH>IND>GRN>LNP,0.5222203591755288,0.47777964082447116,OTH>IND>GRN>ON,0.52499969557295,0.47500030442704994,OTH>IND>GRN>LNP,ON18,no_geography
Gippsland East,Eastern Victoria,LNP,LNP,ON,0.6427187281597935,0.3572812718402066,0.14271872815979347,LNP-ON,IND>OTH>GRN>ALP,0.22083792638197847,0.7791620736180215,IND>OTH>GRN>ON,0.259607094111502,0.740392905888498,IND>OTH>GRN>LNP,Eastern Victoria,LNP,LNP,ON,0.6415742550110408,0.3584257449889592,0.14157425501104082,LNP-ON,IND>OTH>GRN>ALP,0.20711489600115623,0.7928851039988438,IND>OTH>GRN>ON,0.2569558224052228,0.7430441775947773,IND>OTH>GRN>LNP,ON18,no_geography
Gippsland South,Eastern Victoria,LNP,LNP,ON,0.6407165607527553,0.3592834392472447,0.1407165607527553,LNP-ON,OTH>IND>GRN>ALP,0.2764265238100225,0.7235734761899775,OTH>IND>GRN>ON,0.31280722029864244,0.6871927797013576,OTH>IND>GRN>LNP,Eastern Victoria,LNP,LNP,ON,0.6389225237157928,0.36107747628420717,0.13892252371579283,LNP-ON,OTH>IND>GRN>ALP,0.2638190584206222,0.7361809415793777,OTH>IND>GRN>ON,0.31009412493615607,0.6899058750638439,OTH>IND>GRN>LNP,ON18,no_geography
Glen Waverley,North-Eastern Metro,ALP,LNP,ALP,0.5425209374254149,0.4574790625745851,0.04252093742541485,LNP-ALP,IND>OTH>GRN>ON,0.4574790625745851,0.5425209374254149,IND>OTH>GRN>ON,0.6238625705792126,0.3761374294207874,IND>OTH>GRN>LNP,North-Eastern Metro,ALP,LNP,ALP,0.5359970474448517,0.4640029525551483,0.03599704744485166,LNP-ALP,IND>OTH>GRN>ON,0.4640029525551483,0.5359970474448517,IND>OTH>GRN>ON,0.6224615799926758,0.3775384200073242,IND>OTH>GRN>LNP,ON18,no_geography
Greenvale,Northern Metro,ALP,ALP,LNP,0.5568446047199064,0.4431553952800937,0.05684460471990638,ALP-LNP,IND>GRN>OTH>ON,0.5568446047199064,0.4431553952800937,IND>GRN>OTH>ON,0.590370803244988,0.40962919675501197,IND>GRN>OTH>LNP,Northern Metro,ALP,ALP,LNP,0.5709339082826647,0.4290660917173354,0.07093390828266466,ALP-LNP,IND>GRN>OTH>ON,0.5709339082826647,0.4290660917173354,IND>GRN>OTH>ON,0.5897999655413022,0.41020003445869774,IND>GRN>OTH>LNP,ON18,no_geography
Hastings,Eastern Victoria,ALP,LNP,ALP,0.5726270746720601,0.4273729253279399,0.07262707467206009,LNP-ALP,IND>OTH>GRN>ON,0.4273729253279399,0.5726270746720601,IND>OTH>GRN>ON,0.4404050176925839,0.5595949823074161,IND>OTH>GRN>LNP,Eastern Victoria,ALP,LNP,ALP,0.583608873377022,0.416391126622978,0.08360887337702205,LNP-ALP,IND>OTH>GRN>ON,0.416391126622978,0.583608873377022,IND>OTH>GRN>ON,0.43899375347513353,0.5610062465248665,IND>OTH>GRN>LNP,ON18,no_geography
Hawthorn,Southern Metro,LNP,LNP,ALP,0.584593536568104,0.415406463431896,0.08459353656810398,LNP-ALP,OTH>ON>GRN>IND,0.415406463431896,0.584593536568104,OTH>ON>GRN>IND,0.6296597276814287,0.3703402723185712,OTH>GRN>IND>LNP,Southern Metro,LNP,LNP,ALP,0.5518891165906791,0.44811088340932087,0.051889116590679074,LNP-ALP,OTH>ON>GRN>IND,0.44811088340932087,0.5518891165906791,OTH>ON>GRN>IND,0.6676864004678923,0.3323135995321077,OTH>GRN>IND>LNP,ON18,no_geography
Ivanhoe,North-Eastern Metro,ALP,ALP,LNP,0.5540844745177437,0.44591552548225627,0.054084474517743675,ALP-LNP,OTH>IND>ON>GRN,0.5540844745177437,0.44591552548225627,OTH>IND>ON>GRN,0.6588032778399071,0.3411967221600929,OTH>IND>GRN>LNP,North-Eastern Metro,ALP,ALP,LNP,0.5628551015064063,0.43714489849359384,0.06285510150640627,ALP-LNP,OTH>IND>ON>GRN,0.5628551015064063,0.43714489849359384,OTH>IND>ON>GRN,0.6558867561430697,0.34411324385693043,OTH>IND>GRN>LNP,ON18,no_geography
Kalkallo,Northern Metro,ALP,ALP,LNP,0.5919601753293882,0.4080398246706118,0.09196017532938816,ALP-LNP,IND>GRN>OTH>ON,0.5919601753293882,0.4080398246706118,IND>GRN>OTH>ON,0.584835247506081,0.4151647524939191,IND>GRN>OTH>LNP,Northern Metro,ALP,ALP,LNP,0.5839685375687724,0.4160314624312276,0.08396853756877243,ALP-LNP,IND>GRN>OTH>ON,0.5839685375687724,0.4160314624312276,IND>GRN>OTH>ON,0.5774534439628645,0.4225465560371356,IND>GRN>OTH>LNP,ON18,no_geography
Kew,Southern Metro,LNP,LNP,ALP,0.6183414781465248,0.38165852185347515,0.11834147814652485,LNP-ALP,OTH>ON>GRN>IND,0.38165852185347515,0.6183414781465248,OTH>ON>GRN>IND,0.6143360942065189,0.38566390579348103,OTH>GRN>IND>LNP,Southern Metro,LNP,LNP,ALP,0.5890621429685791,0.410937857031421,0.08906214296857906,LNP-ALP,OTH>ON>GRN>IND,0.410937857031421,0.5890621429685791,OTH>ON>GRN>IND,0.6492504230139955,0.3507495769860045,OTH>GRN>IND>LNP,ON18,no_geography
Kororoit,Western Metro,ALP,ALP,ON,0.5867652747867242,0.4132347252132757,0.08676527478672424,ALP-ON,IND>GRN>OTH>LNP,0.5757975927278703,0.4242024072721296,IND>GRN>OTH>ON,0.5867652747867242,0.4132347252132757,IND>GRN>OTH>LNP,Western Metro,ALP,ALP,ON,0.5859728139858629,0.41402718601413724,0.08597281398586287,ALP-ON,IND>GRN>OTH>LNP,0.5895738717762707,0.41042612822372937,IND>GRN>OTH>ON,0.5859728139858629,0.41402718601413724,IND>GRN>OTH>LNP,ON18,no_geography
Lara,Western Victoria,ALP,ALP,ON,0.5138841944801792,0.48611580551982075,0.01388419448017919,ALP-ON,IND>OTH>GRN>LNP,0.5494787415945559,0.4505212584054441,IND>OTH>GRN>ON,0.5138841944801792,0.48611580551982075,IND>OTH>GRN>LNP,Western Victoria,ALP,ALP,ON,0.5073217402067544,0.4926782597932457,0.007321740206754357,ALP-ON,IND>OTH>GRN>LNP,0.5400468532761495,0.4599531467238504,IND>OTH>GRN>ON,0.5073217402067544,0.4926782597932457,IND>OTH>GRN>LNP,ON18,no_geography
Laverton,Western Metro,ALP,ALP,ON,0.6184535810098345,0.3815464189901655,0.1184535810098345,ALP-ON,IND>GRN>OTH>LNP,0.5921540415089309,0.407845958491069,IND>GRN>OTH>ON,0.6184535810098345,0.3815464189901655,IND>GRN>OTH>LNP,Western Metro,ALP,ALP,ON,0.6168192541812643,0.38318074581873574,0.11681925418126426,ALP-ON,IND>GRN>OTH>LNP,0.60568845095672,0.39431154904328003,IND>GRN>OTH>ON,0.6168192541812643,0.38318074581873574,IND>GRN>OTH>LNP,ON18,no_geography
Lowan,Western Victoria,LNP,LNP,ON,0.6704915828518277,0.32950841714817225,0.17049158285182775,LNP-ON,IND>OTH>GRN>ALP,0.23199820943535282,0.7680017905646472,IND>OTH>GRN>ON,0.2824107340277229,0.7175892659722771,IND>OTH>GRN>LNP,Western Victoria,LNP,LNP,ON,0.6686894859237621,0.33131051407623785,0.1686894859237621,LNP-ON,IND>OTH>GRN>ALP,0.21926096464433723,0.7807390353556628,IND>OTH>GRN>ON,0.27913995594469454,0.7208600440553055,IND>OTH>GRN>LNP,ON18,no_geography
Macedon,Northern Victoria,ALP,ALP,LNP,0.507099862645489,0.492900137354511,0.007099862645489008,ALP-LNP,OTH>IND>GRN>ON,0.507099862645489,0.492900137354511,OTH>IND>GRN>ON,0.5056282601461861,0.494371739853814,OTH>IND>GRN>LNP,Northern Victoria,ALP,LNP,ALP,0.5046571063627429,0.49534289363725714,0.004657106362742858,LNP-ALP,OTH>IND>GRN>ON,0.49534289363725714,0.5046571063627429,OTH>IND>GRN>ON,0.501741595025695,0.498258404974305,OTH>IND>GRN>LNP,ON18,no_geography
Malvern,Southern Metro,LNP,LNP,ALP,0.6468389313358103,0.3531610686641898,0.14683893133581027,LNP-ALP,IND>OTH>ON>GRN,0.3531610686641898,0.6468389313358103,IND>OTH>ON>GRN,0.6085281041828215,0.39147189581717845,IND>OTH>GRN>LNP,Southern Metro,LNP,LNP,ALP,0.6293376107733148,0.37066238922668515,0.12933761077331485,LNP-ALP,IND>OTH>ON>GRN,0.37066238922668515,0.6293376107733148,IND>OTH>ON>GRN,0.6200253947649865,0.3799746052350135,IND>OTH>GRN>LNP,ON18,no_geography
Melbourne,Northern Metro,GRN,GRN,ALP,0.5995427646759954,0.4004572353240047,0.09954276467599543,GRN-ALP,IND>OTH>ON>LNP,0.6626275754607142,0.3373724245392859,IND>OTH>ON>GRN,0.7646897898709041,0.23531021012909578,IND>OTH>LNP>GRN,Northern Metro,GRN,GRN,ALP,0.600303060027875,0.3996969399721251,0.10030306002787504,GRN-ALP,IND>OTH>ON>LNP,0.7052239840107389,0.29477601598926106,IND>OTH>ON>GRN,0.7899795295768155,0.21002047042318459,IND>OTH>LNP>GRN,ON18,no_geography
Melton,Western Victoria,ALP,ON,ALP,0.513032416465214,0.486967583534786,0.013032416465214025,ON-ALP,GRN>OTH>LNP>IND,0.457707479931487,0.542292520068513,GRN>OTH>IND>ON,0.486967583534786,0.513032416465214,GRN>OTH>LNP>IND,Western Victoria,ALP,ON,ALP,0.5246285437852226,0.4753714562147775,0.024628543785222612,ON-ALP,GRN>OTH>LNP>IND,0.4431272505377169,0.5568727494622832,GRN>OTH>IND>ON,0.4753714562147775,0.5246285437852226,GRN>OTH>LNP>IND,ON18,no_geography
Mildura,Northern Victoria,LNP,LNP,IND,0.5452327483540989,0.45476725164590126,0.04523274835409885,LNP-IND,OTH>GRN>ALP>ON,0.3046020548210497,0.6953979451789504,OTH>GRN>ON>IND,0.39019291450147997,0.6098070854985201,OTH>GRN>LNP>IND,Northern Victoria,LNP,LNP,IND,0.545101022865059,0.45489897713494104,0.045101022865059015,LNP-IND,OTH>GRN>ALP>ON,0.2767430069006749,0.7232569930993251,OTH>GRN>ON>IND,0.3718325717327057,0.6281674282672944,OTH>GRN>LNP>IND,ON18,no_geography
Mill Park,North-Eastern Metro,ALP,ALP,ON,0.5709621371208822,0.42903786287911777,0.07096213712088217,ALP-ON,IND>GRN>OTH>LNP,0.5539838958388646,0.4460161041611354,IND>GRN>OTH>ON,0.5709621371208822,0.42903786287911777,IND>GRN>OTH>LNP,North-Eastern Metro,ALP,ALP,ON,0.5704277772918002,0.42957222270819984,0.07042777729180016,ALP-ON,IND>GRN>OTH>LNP,0.5666014809664262,0.4333985190335738,IND>GRN>OTH>ON,0.5704277772918002,0.42957222270819984,IND>GRN>OTH>LNP,ON18,no_geography
Monbulk,Eastern Victoria,ALP,LNP,ALP,0.5171728479646864,0.4828271520353136,0.017172847964686433,LNP-ALP,OTH>IND>GRN>ON,0.4828271520353136,0.5171728479646864,OTH>IND>GRN>ON,0.4956801016509448,0.5043198983490552,OTH>IND>GRN>LNP,Eastern Victoria,ALP,LNP,ALP,0.526829207172024,0.47317079282797603,0.026829207172023972,LNP-ALP,OTH>IND>GRN>ON,0.47317079282797603,0.526829207172024,OTH>IND>GRN>ON,0.483794416453788,0.516205583546212,OTH>IND>GRN>LNP,ON18,no_geography
Mordialloc,South-Eastern Metro,ALP,ALP,LNP,0.5071713053672606,0.4928286946327395,0.0071713053672606275,ALP-LNP,OTH>IND>GRN>ON,0.5071713053672606,0.4928286946327395,OTH>IND>GRN>ON,0.6068958188445568,0.39310418115544327,OTH>IND>GRN>LNP,South-Eastern Metro,ALP,ALP,LNP,0.5174958270263741,0.48250417297362597,0.01749582702637409,ALP-LNP,OTH>IND>GRN>ON,0.5174958270263741,0.48250417297362597,OTH>IND>GRN>ON,0.6054370142201753,0.3945629857798248,OTH>IND>GRN>LNP,ON18,no_geography
Mornington,Eastern Victoria,LNP,LNP,IND,0.6348227865436689,0.36517721345633114,0.13482278654366886,LNP-IND,OTH>GRN>ON>ALP,0.33702272041089515,0.6629772795891049,OTH>GRN>ON>IND,0.3958500389503357,0.6041499610496643,OTH>GRN>IND>LNP,Eastern Victoria,LNP,LNP,IND,0.6362593000596124,0.36374069994038766,0.1362593000596124,LNP-IND,OTH>GRN>ON>ALP,0.32717455452814814,0.6728254454718519,OTH>GRN>ON>IND,0.383084903232993,0.6169150967670071,OTH>GRN>IND>LNP,ON18,no_geography
Morwell,Eastern Victoria,LNP,LNP,ON,0.542698674110479,0.4573013258895211,0.04269867411047901,LNP-ON,GRN>OTH>IND>ALP,0.3935522331969205,0.6064477668030795,GRN>OTH>IND>ON,0.38736681177010424,0.6126331882298958,GRN>OTH>IND>LNP,Eastern Victoria,LNP,LNP,ON,0.5361974905296528,0.4638025094703471,0.03619749052965282,LNP-ON,GRN>OTH>IND>ALP,0.38101892576717,0.6189810742328301,GRN>OTH>IND>ON,0.37776478054701945,0.6222352194529807,GRN>OTH>IND>LNP,ON18,no_geography
Mulgrave,South-Eastern Metro,ALP,ALP,LNP,0.6050270672418334,0.3949729327581666,0.10502706724183342,ALP-LNP,OTH>GRN>IND>ON,0.6050270672418334,0.3949729327581666,OTH>GRN>IND>ON,0.6460795684851529,0.353920431514847,OTH>GRN>IND>LNP,South-Eastern Metro,ALP,ALP,LNP,0.617121865084153,0.382878134915847,0.11712186508415301,ALP-LNP,OTH>GRN>IND>ON,0.617121865084153,0.382878134915847,OTH>GRN>IND>ON,0.6446628128635793,0.35533718713642065,OTH>GRN>IND>LNP,ON18,no_geography
Murray Plains,Northern Victoria,LNP,LNP,ON,0.6428145469783851,0.3571854530216148,0.14281454697838514,LNP-ON,IND>GRN>OTH>ALP,0.20815935630237165,0.7918406436976284,IND>GRN>OTH>ON,0.24391625955804655,0.7560837404419535,IND>GRN>OTH>LNP,Northern Victoria,LNP,LNP,ON,0.641291716917289,0.358708283082711,0.14129171691728903,LNP-ON,IND>GRN>OTH>ALP,0.19296653283110934,0.8070334671688907,IND>GRN>OTH>ON,0.23991186904004277,0.7600881309599572,IND>GRN>OTH>LNP,ON18,no_geography
Narracan,Eastern Victoria,LNP,LNP,ALP,0.617549123102209,0.38245087689779106,0.117549123102209,LNP-ALP,OTH>IND>GRN>ON,0.38245087689779106,0.617549123102209,OTH>IND>GRN>ON,0.41325990880311037,0.5867400911968896,OTH>IND>GRN>LNP,Eastern Victoria,LNP,LNP,ALP,0.6289530989099753,0.3710469010900247,0.1289530989099753,LNP-ALP,OTH>IND>GRN>ON,0.3710469010900247,0.6289530989099753,OTH>IND>GRN>ON,0.4092295823041608,0.5907704176958392,OTH>IND>GRN>LNP,ON18,no_geography
Narre Warren North,South-Eastern Metro,ALP,ALP,LNP,0.5147615998006586,0.4852384001993414,0.014761599800658609,ALP-LNP,IND>GRN>OTH>ON,0.5147615998006586,0.4852384001993414,IND>GRN>OTH>ON,0.542175916777344,0.45782408322265605,IND>GRN>OTH>LNP,South-Eastern Metro,ALP,ALP,ON,0.5416618000955942,0.4583381999044059,0.04166180009559417,ALP-ON,IND>GRN>OTH>LNP,0.5272415419611444,0.47275845803885563,IND>GRN>OTH>ON,0.5416618000955942,0.4583381999044059,IND>GRN>OTH>LNP,ON18,no_geography
Narre Warren South,South-Eastern Metro,ALP,ALP,LNP,0.5146862371579459,0.48531376284205413,0.014686237157945925,ALP-LNP,IND>GRN>OTH>ON,0.5146862371579459,0.48531376284205413,IND>GRN>OTH>ON,0.549212726760569,0.4507872732394311,IND>GRN>OTH>LNP,South-Eastern Metro,ALP,ALP,LNP,0.5266390550826583,0.47336094491734176,0.02663905508265829,ALP-LNP,IND>GRN>OTH>ON,0.5266390550826583,0.47336094491734176,IND>GRN>OTH>ON,0.5486180549185725,0.4513819450814276,IND>GRN>OTH>LNP,ON18,no_geography
Nepean,Eastern Victoria,LNP,LNP,ALP,0.6399342693740644,0.3600657306259356,0.1399342693740644,LNP-ALP,OTH>IND>GRN>ON,0.3600657306259356,0.6399342693740644,OTH>IND>GRN>ON,0.42574724723897867,0.5742527527610213,OTH>IND>GRN>LNP,Eastern Victoria,LNP,LNP,ALP,0.6463651436090112,0.35363485639098874,0.1463651436090112,LNP-ALP,OTH>IND>GRN>ON,0.35363485639098874,0.6463651436090112,OTH>IND>GRN>ON,0.4195952324930733,0.5804047675069267,OTH>IND>GRN>LNP,ON18,no_geography
Niddrie,Western Metro,ALP,LNP,ALP,0.5199426197437769,0.4800573802562232,0.019942619743776868,LNP-ALP,IND>OTH>GRN>ON,0.4800573802562232,0.5199426197437769,IND>OTH>GRN>ON,0.5596406386134649,0.44035936138653514,IND>OTH>GRN>LNP,Western Metro,ALP,LNP,ALP,0.5099146790706626,0.4900853209293374,0.009914679070662569,LNP-ALP,IND>OTH>GRN>ON,0.4900853209293374,0.5099146790706626,IND>OTH>GRN>ON,0.5587836109743018,0.44121638902569815,IND>OTH>GRN>LNP,ON18,no_geography
Northcote,Northern Metro,ALP,GRN,ALP,0.5141409943840971,0.48585900561590295,0.014140994384097105,GRN-ALP,IND>OTH>LNP>ON,0.7045537700883941,0.2954462299116059,IND>OTH>ON>GRN,0.7493985765395839,0.2506014234604162,IND>OTH>LNP>GRN,Northern Metro,ALP,GRN,ALP,0.5162992196233737,0.4837007803766264,0.016299219623373662,GRN-ALP,IND>OTH>LNP>ON,0.745690106634771,0.25430989336522897,IND>OTH>ON>GRN,0.7682282222362813,0.23177177776371874,IND>OTH>LNP>GRN,ON18,no_geography
Oakleigh,Southern Metro,ALP,ALP,LNP,0.5547745013125895,0.4452254986874104,0.05477450131258954,ALP-LNP,OTH>IND>GRN>ON,0.5547745013125895,0.4452254986874104,OTH>IND>GRN>ON,0.6447142959686678,0.3552857040313322,OTH>IND>GRN>LNP,Southern Metro,ALP,ALP,LNP,0.564244216335697,0.4357557836643031,0.06424421633569699,ALP-LNP,OTH>IND>GRN>ON,0.564244216335697,0.4357557836643031,OTH>IND>GRN>ON,0.6422894451815273,0.3577105548184728,OTH>IND>GRN>LNP,ON18,no_geography
Ovens Valley,Northern Victoria,LNP,LNP,ON,0.6339885025880477,0.3660114974119524,0.13398850258804773,LNP-ON,IND>GRN>OTH>ALP,0.29041572391731063,0.7095842760826894,IND>GRN>OTH>ON,0.30920857447223266,0.6907914255277674,IND>GRN>OTH>LNP,Northern Victoria,LNP,LNP,ON,0.6303058813241866,0.3696941186758134,0.13030588132418663,LNP-ON,IND>GRN>OTH>ALP,0.2733170024624808,0.7266829975375193,IND>GRN>OTH>ON,0.30110386155113,0.6988961384488701,IND>GRN>OTH>LNP,ON18,no_geography
Pakenham,Eastern Victoria,ALP,LNP,ALP,0.575517971555844,0.424482028444156,0.07551797155584405,LNP-ALP,IND>GRN>OTH>ON,0.424482028444156,0.575517971555844,IND>GRN>OTH>ON,0.421706261226732,0.578293738773268,IND>GRN>OTH>LNP,Eastern Victoria,ALP,LNP,ALP,0.5866020478845931,0.4133979521154068,0.08660204788459314,LNP-ALP,IND>GRN>OTH>ON,0.4133979521154068,0.5866020478845931,IND>GRN>OTH>ON,0.4116470153618334,0.5883529846381665,IND>GRN>OTH>LNP,ON18,no_geography
Pascoe Vale,Northern Metro,ALP,ALP,GRN,0.5331177731335691,0.46688222686643094,0.03311777313356912,ALP-GRN,OTH>IND>LNP>ON,0.616158840865257,0.38384115913474304,OTH>IND>ON>GRN,0.7034238466807695,0.29657615331923054,OTH>IND>LNP>GRN,Northern Metro,ALP,ALP,GRN,0.5380449763634625,0.46195502363653757,0.03804497636346249,ALP-GRN,OTH>IND>LNP>ON,0.6320165998391365,0.3679834001608635,OTH>IND>ON>GRN,0.7003043623916476,0.2996956376083524,OTH>IND>LNP>GRN,ON18,no_geography
Point Cook,Western Metro,ALP,ALP,LNP,0.5207292074395863,0.4792707925604138,0.020729207439586284,ALP-LNP,OTH>GRN>IND>ON,0.5207292074395863,0.4792707925604138,OTH>GRN>IND>ON,0.539659403965373,0.46034059603462707,OTH>GRN>IND>LNP,Western Metro,ALP,ALP,ON,0.5390712663617622,0.4609287336382379,0.03907126636176217,ALP-ON,OTH>GRN>IND>LNP,0.5352027685773845,0.46479723142261564,OTH>GRN>IND>ON,0.5390712663617622,0.4609287336382379,OTH>GRN>IND>LNP,ON18,no_geography
Polwarth,Western Victoria,LNP,LNP,ALP,0.6003123338370765,0.3996876661629236,0.1003123338370765,LNP-ALP,IND>OTH>GRN>ON,0.3996876661629236,0.6003123338370765,IND>OTH>GRN>ON,0.43778287661018794,0.5622171233898121,IND>OTH>GRN>LNP,Western Victoria,LNP,LNP,ALP,0.6095125282982864,0.39048747170171366,0.1095125282982864,LNP-ALP,IND>OTH>GRN>ON,0.39048747170171366,0.6095125282982864,IND>OTH>GRN>ON,0.43489528453633786,0.5651047154636623,IND>OTH>GRN>LNP,ON18,no_geography
Prahran,Southern Metro,Greens,GRN,LNP,0.5374701230788508,0.46252987692114933,0.03747012307885078,GRN-LNP,IND>OTH>ON>ALP,0.5410906489189674,0.4589093510810326,IND>OTH>ON>GRN,0.6655635185317013,0.33443648146829874,IND>OTH>LNP>GRN,Southern Metro,Greens,GRN,LNP,0.5619731095258877,0.4380268904741123,0.06197310952588775,GRN-LNP,IND>OTH>ON>ALP,0.575725055394011,0.424274944605989,IND>OTH>ON>GRN,0.7090646946994894,0.29093530530051065,IND>OTH>LNP>GRN,ON18,no_geography
Preston,Northern Metro,ALP,ALP,ON,0.6652237897029404,0.3347762102970596,0.16522378970294038,ALP-ON,OTH>IND>LNP>GRN,0.5966336021224563,0.40336639787754364,OTH>IND>GRN>ON,0.6652237897029404,0.3347762102970596,OTH>IND>LNP>GRN,Northern Metro,ALP,ALP,ON,0.661648776722651,0.3383512232773491,0.161648776722651,ALP-ON,OTH>IND>LNP>GRN,0.6152282405152532,0.3847717594847469,OTH>IND>GRN>ON,0.661648776722651,0.3383512232773491,OTH>IND>LNP>GRN,ON18,no_geography
Richmond,Northern Metro,GRN,GRN,ALP,0.5643329581869961,0.43566704181300386,0.06433295818699614,GRN-ALP,IND>OTH>ON>LNP,0.6944562597946501,0.30554374020534997,IND>OTH>ON>GRN,0.7739523938645971,0.2260476061354029,IND>OTH>LNP>GRN,Northern Metro,GRN,GRN,ALP,0.5658364174596044,0.4341635825403955,0.06583641745960445,GRN-ALP,IND>OTH>ON>LNP,0.7390437749803309,0.26095622501966914,IND>OTH>ON>GRN,0.8005903903022908,0.19940960969770913,IND>OTH>LNP>GRN,ON18,no_geography
Ringwood,North-Eastern Metro,LNP,LNP,ALP,0.5052708533175315,0.49472914668246853,0.005270853317531521,LNP-ALP,IND>OTH>ON>GRN,0.49472914668246853,0.5052708533175315,IND>OTH>ON>GRN,0.5981443250002422,0.4018556749997579,IND>OTH>GRN>LNP,North-Eastern Metro,LNP,ALP,LNP,0.5033862105597979,0.496613789440202,0.003386210559797931,ALP-LNP,IND>OTH>ON>GRN,0.5033862105597979,0.496613789440202,IND>OTH>ON>GRN,0.5963736599665261,0.4036263400334739,IND>OTH>GRN>LNP,ON18,no_geography
Ripon,Western Victoria,ALP,LNP,ALP,0.5500418656801385,0.44995813431986165,0.050041865680138464,LNP-ALP,IND>GRN>OTH>ON,0.44995813431986165,0.5500418656801385,IND>GRN>OTH>ON,0.42928523945160724,0.5707147605483929,IND>GRN>OTH>LNP,Western Victoria,ALP,LNP,ALP,0.5669683931828278,0.43303160681717234,0.06696839318282777,LNP-ALP,IND>GRN>OTH>ON,0.43303160681717234,0.5669683931828278,IND>GRN>OTH>ON,0.4232726225157639,0.5767273774842362,IND>GRN>OTH>LNP,ON18,no_geography
Rowville,South-Eastern Metro,LNP,LNP,ALP,0.6071551811542839,0.39284481884571615,0.10715518115428391,LNP-ALP,OTH>GRN>IND>ON,0.39284481884571615,0.6071551811542839,OTH>GRN>IND>ON,0.5281978161547266,0.47180218384527345,OTH>GRN>IND>LNP,South-Eastern Metro,LNP,LNP,ALP,0.5972378774837346,0.4027621225162655,0.09723787748373458,LNP-ALP,OTH>GRN>IND>ON,0.4027621225162655,0.5972378774837346,OTH>GRN>IND>ON,0.5268816580746444,0.4731183419253556,OTH>GRN>IND>LNP,ON18,no_geography
Sandringham,Southern Metro,LNP,LNP,ALP,0.6233284327222485,0.37667156727775164,0.12332843272224847,LNP-ALP,OTH>IND>ON>GRN,0.37667156727775164,0.6233284327222485,OTH>IND>ON>GRN,0.5546857053076246,0.4453142946923753,OTH>IND>GRN>LNP,Southern Metro,LNP,LNP,ALP,0.6126918117976609,0.38730818820233925,0.11269181179766086,LNP-ALP,OTH>IND>ON>GRN,0.38730818820233925,0.6126918117976609,OTH>IND>ON>GRN,0.5525265135079037,0.44747348649209623,OTH>IND>GRN>LNP,ON18,no_geography
Shepparton,Northern Victoria,LNP,LNP,IND,0.6046531850929956,0.3953468149070044,0.1046531850929956,LNP-IND,OTH>GRN>ALP>ON,0.2672552658328022,0.7327447341671979,OTH>GRN>ON>IND,0.31812339673246787,0.6818766032675321,OTH>GRN>IND>LNP,Northern Victoria,LNP,LNP,IND,0.6029853721184973,0.39701462788150266,0.10298537211849734,LNP-IND,OTH>GRN>ALP>ON,0.2534232848678649,0.7465767151321351,OTH>GRN>ON>IND,0.3031428389560064,0.6968571610439936,OTH>GRN>IND>LNP,ON18,no_geography
South Barwon,Western Victoria,ALP,LNP,ALP,0.5108385378564058,0.4891614621435943,0.010838537856405761,LNP-ALP,IND>OTH>GRN>ON,0.4891614621435943,0.5108385378564058,IND>OTH>GRN>ON,0.5377266837201111,0.4622733162798889,IND>OTH>GRN>LNP,Western Victoria,ALP,LNP,ALP,0.5182840492653528,0.48171595073464724,0.018284049265352764,LNP-ALP,IND>OTH>GRN>ON,0.48171595073464724,0.5182840492653528,IND>OTH>GRN>ON,0.5302195099066329,0.46978049009336714,IND>OTH>GRN>LNP,ON18,no_geography
South-West Coast,Western Victoria,LNP,LNP,IND,0.5991576469516098,0.40084235304839017,0.09915764695160978,LNP-IND,OTH>GRN>ON>ALP,0.359068719864231,0.640931280135769,OTH>GRN>ON>IND,0.38682283737238105,0.6131771626276189,OTH>GRN>IND>LNP,Western Victoria,LNP,LNP,IND,0.600638257179532,0.39936174282046805,0.10063825717953201,LNP-IND,OTH>GRN>ON>ALP,0.34017261962406625,0.6598273803759338,OTH>GRN>ON>IND,0.36734262960510694,0.6326573703948931,OTH>GRN>IND>LNP,ON18,no_geography
St Albans,Western Metro,ALP,ALP,LNP,0.5453855610303885,0.45461443896961157,0.04538556103038849,ALP-LNP,IND>GRN>OTH>ON,0.5453855610303885,0.45461443896961157,IND>GRN>OTH>ON,0.5897187932663907,0.4102812067336094,IND>GRN>OTH>LNP,Western Metro,ALP,ALP,LNP,0.5587610128349706,0.44123898716502946,0.058761012834970594,ALP-LNP,IND>GRN>OTH>ON,0.5587610128349706,0.44123898716502946,IND>GRN>OTH>ON,0.5885743887767241,0.4114256112232759,IND>GRN>OTH>LNP,ON18,no_geography
Sunbury,Western Metro,ALP,LNP,ALP,0.5221003537001025,0.4778996462998974,0.02210035370010255,LNP-ALP,IND>OTH>GRN>ON,0.4778996462998974,0.5221003537001025,IND>OTH>GRN>ON,0.47853723261139197,0.521462767388608,IND>OTH>GRN>LNP,Western Metro,ALP,LNP,ALP,0.5302323679914854,0.4697676320085146,0.03023236799148543,LNP-ALP,IND>OTH>GRN>ON,0.4697676320085146,0.5302323679914854,IND>OTH>GRN>ON,0.47294549543610914,0.5270545045638908,IND>OTH>GRN>LNP,ON18,no_geography
Sydenham,Western Metro,ALP,ALP,LNP,0.5119368820760636,0.48806311792393653,0.011936882076063582,ALP-LNP,IND>GRN>OTH>ON,0.5119368820760636,0.48806311792393653,IND>GRN>OTH>ON,0.5438062643872442,0.45619373561275584,IND>GRN>OTH>LNP,Western Metro,ALP,ALP,LNP,0.524450234479348,0.47554976552065203,0.02445023447934802,ALP-LNP,IND>GRN>OTH>ON,0.524450234479348,0.47554976552065203,IND>GRN>OTH>ON,0.5433324796475689,0.4566675203524312,IND>GRN>OTH>LNP,ON18,no_geography
Tarneit,Western Metro,ALP,ALP,LNP,0.5559997657886417,0.4440002342113583,0.05599976578864174,ALP-LNP,IND>GRN>OTH>ON,0.5559997657886417,0.4440002342113583,IND>GRN>OTH>ON,0.5827276290806194,0.4172723709193807,IND>GRN>OTH>LNP,Western Metro,ALP,ALP,LNP,0.56787976142627,0.43212023857373005,0.06787976142626995,ALP-LNP,IND>GRN>OTH>ON,0.56787976142627,0.43212023857373005,IND>GRN>OTH>ON,0.5820884159960106,0.4179115840039895,IND>GRN>OTH>LNP,ON18,no_geography
Thomastown,Northern Metro,ALP,ALP,ON,0.6047292428185953,0.39527075718140464,0.1047292428185953,ALP-ON,IND>GRN>OTH>LNP,0.5962292606591245,0.40377073934087543,IND>GRN>OTH>ON,0.6047292428185953,0.39527075718140464,IND>GRN>OTH>LNP,Northern Metro,ALP,ALP,ON,0.6038124661884077,0.39618753381159233,0.10381246618840767,ALP-ON,IND>GRN>OTH>LNP,0.6088326659947001,0.39116733400529996,IND>GRN>OTH>ON,0.6038124661884077,0.39618753381159233,IND>GRN>OTH>LNP,ON18,no_geography
Warrandyte,North-Eastern Metro,LNP,LNP,ALP,0.6252588642313114,0.37474113576868856,0.12525886423131138,LNP-ALP,IND>OTH>GRN>ON,0.37474113576868856,0.6252588642313114,IND>OTH>GRN>ON,0.5346921879333856,0.4653078120666145,IND>OTH>GRN>LNP,North-Eastern Metro,LNP,LNP,ALP,0.6183380904214457,0.38166190957855434,0.11833809042144572,LNP-ALP,IND>OTH>GRN>ON,0.38166190957855434,0.6183380904214457,IND>OTH>GRN>ON,0.533263166317683,0.46673683368231705,IND>OTH>GRN>LNP,ON18,no_geography
Wendouree,Western Victoria,ALP,ALP,LNP,0.5143119270794406,0.4856880729205593,0.014311927079440623,ALP-LNP,IND>OTH>GRN>ON,0.5143119270794406,0.4856880729205593,IND>OTH>GRN>ON,0.5445097060740853,0.4554902939259146,IND>OTH>GRN>LNP,Western Victoria,ALP,ALP,LNP,0.5069730154817956,0.49302698451820437,0.00697301548179563,ALP-LNP,IND>OTH>GRN>ON,0.5069730154817956,0.49302698451820437,IND>OTH>GRN>ON,0.5384259779442336,0.46157402205576636,IND>OTH>GRN>LNP,ON18,no_geography
Werribee,Western Metro,ALP,ALP,ON,0.5030293503299037,0.4969706496700963,0.0030293503299037017,ALP-ON,OTH>GRN>IND>LNP,0.5277529774095959,0.47224702259040413,OTH>GRN>IND>ON,0.5030293503299037,0.4969706496700963,OTH>GRN>IND>LNP,Western Metro,ALP,ON,ALP,0.5066755560359563,0.49332444396404374,0.006675556035956265,ON-ALP,OTH>GRN>IND>LNP,0.5166115729300761,0.4833884270699239,OTH>GRN>IND>ON,0.49332444396404374,0.5066755560359563,OTH>GRN>IND>LNP,ON18,no_geography
Williamstown,Western Metro,ALP,ALP,LNP,0.5535195974555732,0.4464804025444267,0.05351959745557322,ALP-LNP,IND>OTH>GRN>ON,0.5535195974555732,0.4464804025444267,IND>OTH>GRN>ON,0.629765556935118,0.37023444306488196,IND>OTH>GRN>LNP,Western Metro,ALP,ALP,LNP,0.583695264077537,0.41630473592246303,0.08369526407753702,ALP-LNP,IND>OTH>GRN>ON,0.583695264077537,0.41630473592246303,IND>OTH>GRN>ON,0.6485213050541917,0.3514786949458083,IND>OTH>GRN>LNP,ON18,no_geography
Yan Yean,Northern Victoria,ALP,LNP,ALP,0.50430696225358,0.49569303774642,0.00430696225357996,LNP-ALP,IND>GRN>OTH>ON,0.49569303774642,0.50430696225358,IND>GRN>OTH>ON,0.4966578045268039,0.5033421954731961,IND>GRN>OTH>LNP,Northern Victoria,ALP,LNP,ALP,0.5131386778820516,0.4868613221179485,0.013138677882051586,LNP-ALP,IND>GRN>OTH>ON,0.4868613221179485,0.5131386778820516,IND>GRN>OTH>ON,0.48896433017717933,0.5110356698228208,IND>GRN>OTH>LNP,ON18,no_geography
Albert Park,Southern Metro,ALP,ALP,LNP,0.5720571350360624,0.42794286496393763,0.07205713503606237,ALP-LNP,OTH>IND>ON>GRN,0.5720571350360624,0.42794286496393763,OTH>IND>ON>GRN,0.6839202610477226,0.31607973895227737,OTH>IND>GRN>LNP,Southern Metro,ALP,ALP,LNP,0.5715991318510334,0.42840086814896655,0.07159913185103339,ALP-LNP,OTH>IND>ON>GRN,0.5715991318510334,0.42840086814896655,OTH>IND>ON>GRN,0.6819968728391441,0.3180031271608558,OTH>IND>GRN>LNP,ON18,no_constraints
Ashwood,Southern Metro,ALP,LNP,ALP,0.5055595078846656,0.4944404921153343,0.005559507884665638,LNP-ALP,OTH>IND>ON>GRN,0.4944404921153343,0.5055595078846656,OTH>IND>ON>GRN,0.6378528492631621,0.36214715073683784,OTH>IND>GRN>LNP,Southern Metro,ALP,LNP,ALP,0.5055595078846656,0.4944404921153343,0.005559507884665638,LNP-ALP,OTH>IND>ON>GRN,0.4944404921153343,0.5055595078846656,OTH>IND>ON>GRN,0.6378528492631621,0.36214715073683784,OTH>IND>GRN>LNP,ON18,no_constraints
Bass,Eastern Victoria,ALP,LNP,ALP,0.6139313031199971,0.38606869688000295,0.11393130311999711,LNP-ALP,OTH>IND>GRN>ON,0.38606869688000295,0.6139313031199971,OTH>IND>GRN>ON,0.406098359828046,0.5939016401719541,OTH>IND>GRN>LNP,Eastern Victoria,ALP,LNP,ALP,0.6139313031199971,0.38606869688000295,0.11393130311999711,LNP-ALP,OTH>IND>GRN>ON,0.38606869688000295,0.6139313031199971,OTH>IND>GRN>ON,0.406098359828046,0.5939016401719541,OTH>IND>GRN>LNP,ON18,no_constraints
Bayswater,North-Eastern Metro,ALP,LNP,ALP,0.5513778968829866,0.44862210311701345,0.05137789688298655,LNP-ALP,IND>OTH>GRN>ON,0.44862210311701345,0.5513778968829866,IND>OTH>GRN>ON,0.5422446618579294,0.4577553381420706,IND>OTH>GRN>LNP,North-Eastern Metro,ALP,LNP,ALP,0.5513778968829866,0.44862210311701345,0.05137789688298655,LNP-ALP,IND>OTH>GRN>ON,0.44862210311701345,0.5513778968829866,IND>OTH>GRN>ON,0.5422446618579294,0.4577553381420706,IND>OTH>GRN>LNP,ON18,no_constraints
Bellarine,Western Victoria,ALP,ALP,LNP,0.5044331326215711,0.49556686737842903,0.004433132621571079,ALP-LNP,OTH>IND>GRN>ON,0.5044331326215711,0.49556686737842903,OTH>IND>GRN>ON,0.5420566270459038,0.45794337295409626,OTH>IND>GRN>LNP,Western Victoria,ALP,ALP,LNP,0.5044331326215711,0.49556686737842903,0.004433132621571079,ALP-LNP,OTH>IND>GRN>ON,0.5044331326215711,0.49556686737842903,OTH>IND>GRN>ON,0.5420566270459038,0.45794337295409626,OTH>IND>GRN>LNP,ON18,no_constraints
Benambra,Northern Victoria,LNP,LNP,IND,0.5847253648219191,0.4152746351780809,0.08472536482191906,LNP-IND,OTH>GRN>ALP>ON,0.2626482546682121,0.7373517453317878,OTH>GRN>ON>IND,0.2674304116247124,0.7325695883752875,OTH>GRN>IND>LNP,Northern Victoria,LNP,LNP,IND,0.5847235128377374,0.4152764871622626,0.08472351283773738,LNP-IND,OTH>GRN>ALP>ON,0.2626884094634705,0.7373115905365295,OTH>GRN>ON>IND,0.26733373791022125,0.7326662620897787,OTH>GRN>IND>LNP,ON18,no_constraints
Bendigo East,Northern Victoria,ALP,ALP,LNP,0.5197087013423702,0.48029129865762976,0.01970870134237024,ALP-LNP,OTH>IND>GRN>ON,0.5197087013423702,0.48029129865762976,OTH>IND>GRN>ON,0.5712226840655437,0.4287773159344563,OTH>IND>GRN>LNP,Northern Victoria,ALP,ALP,LNP,0.5197087013423702,0.48029129865762976,0.01970870134237024,ALP-LNP,OTH>IND>GRN>ON,0.5197087013423702,0.48029129865762976,OTH>IND>GRN>ON,0.5712226840655437,0.4287773159344563,OTH>IND>GRN>LNP,ON18,no_constraints
Bendigo West,Northern Victoria,ALP,ALP,LNP,0.5566246514275568,0.44337534857244326,0.056624651427556794,ALP-LNP,IND>OTH>GRN>ON,0.5566246514275568,0.44337534857244326,IND>OTH>GRN>ON,0.5757200807436866,0.4242799192563135,IND>OTH>GRN>LNP,Northern Victoria,ALP,ALP,LNP,0.5566246514275568,0.44337534857244326,0.056624651427556794,ALP-LNP,IND>OTH>GRN>ON,0.5566246514275568,0.44337534857244326,IND>OTH>GRN>ON,0.5757200807436866,0.4242799192563135,IND>OTH>GRN>LNP,ON18,no_constraints
Bentleigh,Southern Metro,ALP,ALP,LNP,0.5159827802807622,0.4840172197192378,0.015982780280762166,ALP-LNP,OTH>IND>GRN>ON,0.5159827802807622,0.4840172197192378,OTH>IND>GRN>ON,0.6312556092654293,0.3687443907345707,OTH>IND>GRN>LNP,Southern Metro,ALP,ALP,LNP,0.5159827802807622,0.4840172197192378,0.015982780280762166,ALP-LNP,OTH>IND>GRN>ON,0.5159827802807622,0.4840172197192378,OTH>IND>GRN>ON,0.6312556092654293,0.3687443907345707,OTH>IND>GRN>LNP,ON18,no_constraints
Berwick,South-Eastern Metro,LNP,LNP,ALP,0.6297608993124253,0.3702391006875747,0.1297608993124253,LNP-ALP,IND>OTH>GRN>ON,0.3702391006875747,0.6297608993124253,IND>OTH>GRN>ON,0.42788701116691524,0.5721129888330848,IND>OTH>GRN>LNP,South-Eastern Metro,LNP,LNP,ALP,0.6297608993124253,0.3702391006875747,0.1297608993124253,LNP-ALP,IND>OTH>GRN>ON,0.3702391006875747,0.6297608993124253,IND>OTH>GRN>ON,0.42788701116691524,0.5721129888330848,IND>OTH>GRN>LNP,ON18,no_constraints
Box Hill,North-Eastern Metro,ALP,ALP,LNP,0.5065558966918502,0.49344410330814986,0.006555896691850194,ALP-LNP,IND>OTH>ON>GRN,0.5065558966918502,0.49344410330814986,IND>OTH>ON>GRN,0.6474899240706452,0.3525100759293548,IND>OTH>GRN>LNP,North-Eastern Metro,ALP,ALP,LNP,0.5065558966918502,0.49344410330814986,0.006555896691850194,ALP-LNP,IND>OTH>ON>GRN,0.5065558966918502,0.49344410330814986,IND>OTH>ON>GRN,0.6474899240706452,0.3525100759293548,IND>OTH>GRN>LNP,ON18,no_constraints
Brighton,Southern Metro,LNP,LNP,ALP,0.5915585830821483,0.4084414169178517,0.09155858308214826,LNP-ALP,OTH>IND>ON>GRN,0.4084414169178517,0.5915585830821483,OTH>IND>ON>GRN,0.6193095274053239,0.3806904725946761,OTH>IND>GRN>LNP,Southern Metro,LNP,LNP,ALP,0.5915585830821483,0.4084414169178517,0.09155858308214826,LNP-ALP,OTH>IND>ON>GRN,0.4084414169178517,0.5915585830821483,OTH>IND>ON>GRN,0.6182053025078574,0.3817946974921425,OTH>IND>GRN>LNP,ON18,no_constraints
Broadmeadows,Northern Metro,ALP,ALP,ON,0.5923534207237885,0.4076465792762115,0.09235342072378849,ALP-ON,IND>GRN>OTH>LNP,0.6046216964015513,0.3953783035984487,IND>GRN>OTH>ON,0.5923534207237885,0.4076465792762115,IND>GRN>OTH>LNP,Northern Metro,ALP,ALP,ON,0.5923534207237885,0.4076465792762115,0.09235342072378849,ALP-ON,IND>GRN>OTH>LNP,0.6046216964015513,0.3953783035984487,IND>GRN>OTH>ON,0.5923534207237885,0.4076465792762115,IND>GRN>OTH>LNP,ON18,no_constraints
Brunswick,Northern Metro,GRN,GRN,ALP,0.6339813644118327,0.36601863558816733,0.13398136441183273,GRN-ALP,IND>OTH>LNP>ON,0.7773524968504816,0.2226475031495184,IND>OTH>ON>GRN,0.7975981421224163,0.2024018578775837,IND>OTH>LNP>GRN,Northern Metro,GRN,GRN,ALP,0.6339740962317608,0.3660259037682391,0.13397409623176082,GRN-ALP,IND>OTH>LNP>ON,0.7765688579623058,0.22343114203769418,IND>OTH>ON>GRN,0.7975876598333702,0.20241234016662984,IND>OTH>LNP>GRN,ON18,no_constraints
Bulleen,North-Eastern Metro,LNP,LNP,ALP,0.6194133594756183,0.38058664052438174,0.11941335947561826,LNP-ALP,IND>OTH>ON>GRN,0.38058664052438174,0.6194133594756183,IND>OTH>ON>GRN,0.5754201678247791,0.424579832175221,IND>OTH>GRN>LNP,North-Eastern Metro,LNP,LNP,ALP,0.6194133594756183,0.38058664052438174,0.11941335947561826,LNP-ALP,IND>OTH>ON>GRN,0.38058664052438174,0.6194133594756183,IND>OTH>ON>GRN,0.5754201678247791,0.424579832175221,IND>OTH>GRN>LNP,ON18,no_constraints
Bundoora,North-Eastern Metro,ALP,ALP,LNP,0.5693022567276226,0.4306977432723774,0.06930225672762258,ALP-LNP,IND>OTH>GRN>ON,0.5693022567276226,0.4306977432723774,IND>OTH>GRN>ON,0.6545370264380934,0.3454629735619067,IND>OTH>GRN>LNP,North-Eastern Metro,ALP,ALP,LNP,0.5693022567276226,0.4306977432723774,0.06930225672762258,ALP-LNP,IND>OTH>GRN>ON,0.5693022567276226,0.4306977432723774,IND>OTH>GRN>ON,0.6545370264380934,0.3454629735619067,IND>OTH>GRN>LNP,ON18,no_constraints
Carrum,South-Eastern Metro,ALP,LNP,ALP,0.5012929920261568,0.4987070079738431,0.0012929920261568473,LNP-ALP,IND>OTH>GRN>ON,0.4987070079738431,0.5012929920261568,IND>OTH>GRN>ON,0.5139215774080195,0.48607842259198053,IND>OTH>GRN>LNP,South-Eastern Metro,ALP,LNP,ALP,0.5012929920261568,0.4987070079738431,0.0012929920261568473,LNP-ALP,IND>OTH>GRN>ON,0.4987070079738431,0.5012929920261568,IND>OTH>GRN>ON,0.5139215774080195,0.48607842259198053,IND>OTH>GRN>LNP,ON18,no_constraints
Caulfield,Southern Metro,LNP,LNP,ALP,0.5712789191786343,0.42872108082136584,0.07127891917863427,LNP-ALP,OTH>IND>ON>GRN,0.42872108082136584,0.5712789191786343,OTH>IND>ON>GRN,0.6325243143379463,0.3674756856620538,OTH>IND>GRN>LNP,Southern Metro,LNP,LNP,ALP,0.5715734569630625,0.42842654303693756,0.0715734569630625,LNP-ALP,OTH>IND>ON>GRN,0.42842654303693756,0.5715734569630625,OTH>IND>ON>GRN,0.6309549129688603,0.3690450870311397,OTH>IND>GRN>LNP,ON18,no_constraints
Clarinda,South-Eastern Metro,ALP,ALP,LNP,0.5446554540714036,0.4553445459285965,0.04465545407140359,ALP-LNP,OTH>GRN>IND>ON,0.5446554540714036,0.4553445459285965,OTH>GRN>IND>ON,0.6154350634332255,0.3845649365667746,OTH>GRN>IND>LNP,South-Eastern Metro,ALP,ALP,LNP,0.544650061894758,0.455349938105242,0.04465006189475795,ALP-LNP,OTH>GRN>IND>ON,0.544650061894758,0.455349938105242,OTH>GRN>IND>ON,0.6154275931771487,0.38457240682285143,OTH>GRN>IND>LNP,ON18,no_constraints
Cranbourne,South-Eastern Metro,ALP,ALP,ON,0.5225568739092167,0.47744312609078327,0.02255687390921668,ALP-ON,IND>GRN>OTH>LNP,0.5149106434193095,0.4850893565806906,IND>GRN>OTH>ON,0.5225568739092167,0.47744312609078327,IND>GRN>OTH>LNP,South-Eastern Metro,ALP,ALP,ON,0.5224954773710356,0.47750452262896437,0.022495477371035633,ALP-ON,IND>GRN>OTH>LNP,0.5148695116797462,0.4851304883202539,IND>GRN>OTH>ON,0.5224954773710356,0.47750452262896437,IND>GRN>OTH>LNP,ON18,no_constraints
Croydon,North-Eastern Metro,LNP,LNP,ALP,0.5878351980185085,0.4121648019814915,0.08783519801850848,LNP-ALP,IND>OTH>GRN>ON,0.4121648019814915,0.5878351980185085,IND>OTH>GRN>ON,0.5234105011862905,0.47658949881370954,IND>OTH>GRN>LNP,North-Eastern Metro,LNP,LNP,ALP,0.5878351980185085,0.4121648019814915,0.08783519801850848,LNP-ALP,IND>OTH>GRN>ON,0.4121648019814915,0.5878351980185085,IND>OTH>GRN>ON,0.5234105011862905,0.47658949881370954,IND>OTH>GRN>LNP,ON18,no_constraints
Dandenong,South-Eastern Metro,ALP,ALP,ON,0.6293211487416068,0.37067885125839317,0.12932114874160683,ALP-ON,IND>OTH>GRN>LNP,0.6246016555396423,0.3753983444603577,IND>OTH>GRN>ON,0.6293211487416068,0.37067885125839317,IND>OTH>GRN>LNP,South-Eastern Metro,ALP,ALP,ON,0.6291152685543587,0.37088473144564127,0.12911526855435873,ALP-ON,IND>OTH>GRN>LNP,0.6244741482396692,0.37552585176033076,IND>OTH>GRN>ON,0.6291152685543587,0.37088473144564127,IND>OTH>GRN>LNP,ON18,no_constraints
Eildon,Northern Victoria,LNP,LNP,ALP,0.6501973099472966,0.34980269005270337,0.15019730994729663,LNP-ALP,IND>OTH>GRN>ON,0.34980269005270337,0.6501973099472966,IND>OTH>GRN>ON,0.39017554820088196,0.609824451799118,IND>OTH>GRN>LNP,Northern Victoria,LNP,LNP,ALP,0.6501973099472966,0.34980269005270337,0.15019730994729663,LNP-ALP,IND>OTH>GRN>ON,0.34980269005270337,0.6501973099472966,IND>OTH>GRN>ON,0.39017554820088196,0.609824451799118,IND>OTH>GRN>LNP,ON18,no_constraints
Eltham,North-Eastern Metro,ALP,ALP,LNP,0.5193708770933158,0.4806291229066842,0.019370877093315753,ALP-LNP,IND>OTH>GRN>ON,0.5193708770933158,0.4806291229066842,IND>OTH>GRN>ON,0.6028645106429971,0.397135489357003,IND>OTH>GRN>LNP,North-Eastern Metro,ALP,ALP,LNP,0.5192952403101858,0.48070475968981424,0.019295240310185813,ALP-LNP,IND>OTH>GRN>ON,0.5192952403101858,0.48070475968981424,IND>OTH>GRN>ON,0.602764631095678,0.39723536890432193,IND>OTH>GRN>LNP,ON18,no_constraints
Essendon,Northern Metro,ALP,ALP,LNP,0.5323148473482124,0.4676851526517875,0.03231484734821244,ALP-LNP,IND>OTH>GRN>ON,0.5323148473482124,0.4676851526517875,IND>OTH>GRN>ON,0.5948166744609468,0.40518332553905323,IND>OTH>GRN>LNP,Northern Metro,ALP,ALP,LNP,0.5323148473482124,0.4676851526517875,0.03231484734821244,ALP-LNP,IND>OTH>GRN>ON,0.5323148473482124,0.4676851526517875,IND>OTH>GRN>ON,0.5948166744609468,0.40518332553905323,IND>OTH>GRN>LNP,ON18,no_constraints
Eureka,Western Victoria,ALP,ON,ALP,0.5446246812692546,0.4553753187307455,0.04462468126925456,ON-ALP,IND>OTH>GRN>LNP,0.46535741656085955,0.5346425834391405,IND>OTH>GRN>ON,0.4553753187307455,0.5446246812692546,IND>OTH>GRN>LNP,Western Victoria,ALP,ON,ALP,0.5446246812692546,0.4553753187307455,0.04462468126925456,ON-ALP,IND>OTH>GRN>LNP,0.46535741656085955,0.5346425834391405,IND>OTH>GRN>ON,0.4553753187307455,0.5446246812692546,IND>OTH>GRN>LNP,ON18,no_constraints
Euroa,Northern Victoria,LNP,LNP,ON,0.6405343526901971,0.35946564730980296,0.1405343526901971,LNP-ON,IND>OTH>GRN>ALP,0.3127999677506619,0.6872000322493381,IND>OTH>GRN>ON,0.35800562925156804,0.641994370748432,IND>OTH>GRN>LNP,Northern Victoria,LNP,LNP,ON,0.6405343526901971,0.35946564730980296,0.1405343526901971,LNP-ON,IND>OTH>GRN>ALP,0.3127999677506619,0.6872000322493381,IND>OTH>GRN>ON,0.35800562925156804,0.641994370748432,IND>OTH>GRN>LNP,ON18,no_constraints
Evelyn,Eastern Victoria,LNP,LNP,ALP,0.6373394608824398,0.3626605391175603,0.13733946088243976,LNP-ALP,IND>OTH>GRN>ON,0.3626605391175603,0.6373394608824398,IND>OTH>GRN>ON,0.42894974586541984,0.5710502541345802,IND>OTH>GRN>LNP,Eastern Victoria,LNP,LNP,ALP,0.6373394608824398,0.3626605391175603,0.13733946088243976,LNP-ALP,IND>OTH>GRN>ON,0.3626605391175603,0.6373394608824398,IND>OTH>GRN>ON,0.42894974586541984,0.5710502541345802,IND>OTH>GRN>LNP,ON18,no_constraints
Footscray,Western Metro,ALP,ALP,GRN,0.5557249630936127,0.4442750369063873,0.055724963093612745,ALP-GRN,IND>OTH>ON>LNP,0.6917979674120398,0.30820203258796025,IND>OTH>ON>GRN,0.7767497907438936,0.22325020925610634,IND>OTH>LNP>GRN,Western Metro,ALP,ALP,GRN,0.5557249630936127,0.4442750369063873,0.055724963093612745,ALP-GRN,IND>OTH>ON>LNP,0.6914810265439532,0.3085189734560469,IND>OTH>ON>GRN,0.7767497907438936,0.22325020925610634,IND>OTH>LNP>GRN,ON18,no_constraints
Frankston,South-Eastern Metro,ALP,ALP,LNP,0.5136108382414896,0.4863891617585104,0.013610838241489565,ALP-LNP,IND>OTH>GRN>ON,0.5136108382414896,0.4863891617585104,IND>OTH>GRN>ON,0.5481823914897118,0.4518176085102881,IND>OTH>GRN>LNP,South-Eastern Metro,ALP,ALP,LNP,0.5136108382414896,0.4863891617585104,0.013610838241489565,ALP-LNP,IND>OTH>GRN>ON,0.5136108382414896,0.4863891617585104,IND>OTH>GRN>ON,0.5481823914897118,0.4518176085102881,IND>OTH>GRN>LNP,ON18,no_constraints
Geelong,Western Victoria,ALP,ALP,ON,0.52499969557295,0.47500030442704994,0.02499969557295001,ALP-ON,OTH>IND>GRN>LNP,0.5222203591755288,0.47777964082447116,OTH>IND>GRN>ON,0.52499969557295,0.47500030442704994,OTH>IND>GRN>LNP,Western Victoria,ALP,ALP,ON,0.52499969557295,0.47500030442704994,0.02499969557295001,ALP-ON,OTH>IND>GRN>LNP,0.5222203591755288,0.47777964082447116,OTH>IND>GRN>ON,0.52499969557295,0.47500030442704994,OTH>IND>GRN>LNP,ON18,no_constraints
Gippsland East,Eastern Victoria,LNP,LNP,ON,0.6415742550110408,0.3584257449889592,0.14157425501104082,LNP-ON,IND>OTH>GRN>ALP,0.20711489600115623,0.7928851039988438,IND>OTH>GRN>ON,0.2569558224052228,0.7430441775947773,IND>OTH>GRN>LNP,Eastern Victoria,LNP,LNP,ON,0.6415742550110408,0.3584257449889592,0.14157425501104082,LNP-ON,IND>OTH>GRN>ALP,0.20711489600115623,0.7928851039988438,IND>OTH>GRN>ON,0.2569558224052228,0.7430441775947773,IND>OTH>GRN>LNP,ON18,no_constraints
Gippsland South,Eastern Victoria,LNP,LNP,ON,0.6389224110286464,0.3610775889713536,0.13892241102864644,LNP-ON,OTH>IND>GRN>ALP,0.26381895081457724,0.7361810491854228,OTH>IND>GRN>ON,0.3100939387693336,0.6899060612306663,OTH>IND>GRN>LNP,Eastern Victoria,LNP,LNP,ON,0.6389225237157928,0.36107747628420717,0.13892252371579283,LNP-ON,OTH>IND>GRN>ALP,0.2638190584206222,0.7361809415793777,OTH>IND>GRN>ON,0.31009412493615607,0.6899058750638439,OTH>IND>GRN>LNP,ON18,no_constraints
Glen Waverley,North-Eastern Metro,ALP,LNP,ALP,0.5359970474448517,0.4640029525551483,0.03599704744485166,LNP-ALP,IND>OTH>GRN>ON,0.4640029525551483,0.5359970474448517,IND>OTH>GRN>ON,0.6224615799926758,0.3775384200073242,IND>OTH>GRN>LNP,North-Eastern Metro,ALP,LNP,ALP,0.5359970474448517,0.4640029525551483,0.03599704744485166,LNP-ALP,IND>OTH>GRN>ON,0.4640029525551483,0.5359970474448517,IND>OTH>GRN>ON,0.6224615799926758,0.3775384200073242,IND>OTH>GRN>LNP,ON18,no_constraints
Greenvale,Northern Metro,ALP,ALP,LNP,0.571025262326347,0.4289747376736531,0.07102526232634698,ALP-LNP,IND>GRN>OTH>ON,0.571025262326347,0.4289747376736531,IND>GRN>OTH>ON,0.5899737019134376,0.4100262980865624,IND>GRN>OTH>LNP,Northern Metro,ALP,ALP,LNP,0.5709339082826647,0.4290660917173354,0.07093390828266466,ALP-LNP,IND>GRN>OTH>ON,0.5709339082826647,0.4290660917173354,IND>GRN>OTH>ON,0.5897999655413022,0.41020003445869774,IND>GRN>OTH>LNP,ON18,no_constraints
Hastings,Eastern Victoria,ALP,LNP,ALP,0.583608873377022,0.416391126622978,0.08360887337702205,LNP-ALP,IND>OTH>GRN>ON,0.416391126622978,0.583608873377022,IND>OTH>GRN>ON,0.43899375347513353,0.5610062465248665,IND>OTH>GRN>LNP,Eastern Victoria,ALP,LNP,ALP,0.583608873377022,0.416391126622978,0.08360887337702205,LNP-ALP,IND>OTH>GRN>ON,0.416391126622978,0.583608873377022,IND>OTH>GRN>ON,0.43899375347513353,0.5610062465248665,IND>OTH>GRN>LNP,ON18,no_constraints
Hawthorn,Southern Metro,LNP,LNP,ALP,0.5517984533493978,0.44820154665060213,0.05179845334939781,LNP-ALP,OTH>ON>GRN>IND,0.44820154665060213,0.5517984533493978,OTH>ON>GRN>IND,0.6689249223237951,0.331075077676205,OTH>GRN>IND>LNP,Southern Metro,LNP,LNP,ALP,0.5518891165906791,0.44811088340932087,0.051889116590679074,LNP-ALP,OTH>ON>GRN>IND,0.44811088340932087,0.5518891165906791,OTH>ON>GRN>IND,0.6676864004678923,0.3323135995321077,OTH>GRN>IND>LNP,ON18,no_constraints
Ivanhoe,North-Eastern Metro,ALP,ALP,LNP,0.5628551015064063,0.43714489849359384,0.06285510150640627,ALP-LNP,OTH>IND>ON>GRN,0.5628551015064063,0.43714489849359384,OTH>IND>ON>GRN,0.6560713455735837,0.34392865442641635,OTH>IND>GRN>LNP,North-Eastern Metro,ALP,ALP,LNP,0.5628551015064063,0.43714489849359384,0.06285510150640627,ALP-LNP,OTH>IND>ON>GRN,0.5628551015064063,0.43714489849359384,OTH>IND>ON>GRN,0.6558867561430697,0.34411324385693043,OTH>IND>GRN>LNP,ON18,no_constraints
Kalkallo,Northern Metro,ALP,ALP,LNP,0.5839685375687724,0.4160314624312276,0.08396853756877243,ALP-LNP,IND>GRN>OTH>ON,0.5839685375687724,0.4160314624312276,IND>GRN>OTH>ON,0.5774534439628645,0.4225465560371356,IND>GRN>OTH>LNP,Northern Metro,ALP,ALP,LNP,0.5839685375687724,0.4160314624312276,0.08396853756877243,ALP-LNP,IND>GRN>OTH>ON,0.5839685375687724,0.4160314624312276,IND>GRN>OTH>ON,0.5774534439628645,0.4225465560371356,IND>GRN>OTH>LNP,ON18,no_constraints
Kew,Southern Metro,LNP,LNP,ALP,0.5889985398676651,0.4110014601323348,0.08899853986766515,LNP-ALP,OTH>ON>GRN>IND,0.4110014601323348,0.5889985398676651,OTH>ON>GRN>IND,0.6501589481309651,0.3498410518690349,OTH>GRN>IND>LNP,Southern Metro,LNP,LNP,ALP,0.5890621429685791,0.410937857031421,0.08906214296857906,LNP-ALP,OTH>ON>GRN>IND,0.410937857031421,0.5890621429685791,OTH>ON>GRN>IND,0.6492504230139955,0.3507495769860045,OTH>GRN>IND>LNP,ON18,no_constraints
Kororoit,Western Metro,ALP,ALP,ON,0.5860758197112472,0.4139241802887528,0.08607581971124723,ALP-ON,IND>GRN>OTH>LNP,0.5896434377234977,0.4103565622765024,IND>GRN>OTH>ON,0.5860758197112472,0.4139241802887528,IND>GRN>OTH>LNP,Western Metro,ALP,ALP,ON,0.5859728139858629,0.41402718601413724,0.08597281398586287,ALP-ON,IND>GRN>OTH>LNP,0.5895738717762707,0.41042612822372937,IND>GRN>OTH>ON,0.5859728139858629,0.41402718601413724,IND>GRN>OTH>LNP,ON18,no_constraints
Lara,Western Victoria,ALP,ALP,ON,0.5073217402067544,0.4926782597932457,0.007321740206754357,ALP-ON,IND>OTH>GRN>LNP,0.5400468532761495,0.4599531467238504,IND>OTH>GRN>ON,0.5073217402067544,0.4926782597932457,IND>OTH>GRN>LNP,Western Victoria,ALP,ALP,ON,0.5073217402067544,0.4926782597932457,0.007321740206754357,ALP-ON,IND>OTH>GRN>LNP,0.5400468532761495,0.4599531467238504,IND>OTH>GRN>ON,0.5073217402067544,0.4926782597932457,IND>OTH>GRN>LNP,ON18,no_constraints
Laverton,Western Metro,ALP,ALP,ON,0.6168192541812643,0.38318074581873574,0.11681925418126426,ALP-ON,IND>GRN>OTH>LNP,0.60568845095672,0.39431154904328003,IND>GRN>OTH>ON,0.6168192541812643,0.38318074581873574,IND>GRN>OTH>LNP,Western Metro,ALP,ALP,ON,0.6168192541812643,0.38318074581873574,0.11681925418126426,ALP-ON,IND>GRN>OTH>LNP,0.60568845095672,0.39431154904328003,IND>GRN>OTH>ON,0.6168192541812643,0.38318074581873574,IND>GRN>OTH>LNP,ON18,no_constraints
Lowan,Western Victoria,LNP,LNP,ON,0.6686894859237621,0.33131051407623785,0.1686894859237621,LNP-ON,IND>OTH>GRN>ALP,0.21926096464433723,0.7807390353556628,IND>OTH>GRN>ON,0.27913995594469454,0.7208600440553055,IND>OTH>GRN>LNP,Western Victoria,LNP,LNP,ON,0.6686894859237621,0.33131051407623785,0.1686894859237621,LNP-ON,IND>OTH>GRN>ALP,0.21926096464433723,0.7807390353556628,IND>OTH>GRN>ON,0.27913995594469454,0.7208600440553055,IND>OTH>GRN>LNP,ON18,no_constraints
Macedon,Northern Victoria,ALP,LNP,ALP,0.5046571063627429,0.49534289363725714,0.004657106362742858,LNP-ALP,OTH>IND>GRN>ON,0.49534289363725714,0.5046571063627429,OTH>IND>GRN>ON,0.501741595025695,0.498258404974305,OTH>IND>GRN>LNP,Northern Victoria,ALP,LNP,ALP,0.5046571063627429,0.49534289363725714,0.004657106362742858,LNP-ALP,OTH>IND>GRN>ON,0.49534289363725714,0.5046571063627429,OTH>IND>GRN>ON,0.501741595025695,0.498258404974305,OTH>IND>GRN>LNP,ON18,no_constraints
Malvern,Southern Metro,LNP,LNP,ALP,0.6291595610697703,0.3708404389302297,0.12915956106977033,LNP-ALP,IND>OTH>ON>GRN,0.3708404389302297,0.6291595610697703,IND>OTH>ON>GRN,0.6215114132064615,0.3784885867935384,IND>OTH>GRN>LNP,Southern Metro,LNP,LNP,ALP,0.6293376107733148,0.37066238922668515,0.12933761077331485,LNP-ALP,IND>OTH>ON>GRN,0.37066238922668515,0.6293376107733148,IND>OTH>ON>GRN,0.6200253947649865,0.3799746052350135,IND>OTH>GRN>LNP,ON18,no_constraints
Melbourne,Northern Metro,GRN,GRN,ALP,0.6003030600278757,0.39969693997212435,0.1003030600278757,GRN-ALP,IND>OTH>ON>LNP,0.705775296761255,0.294224703238745,IND>OTH>ON>GRN,0.7899795295768154,0.21002047042318472,IND>OTH>LNP>GRN,Northern Metro,GRN,GRN,ALP,0.600303060027875,0.3996969399721251,0.10030306002787504,GRN-ALP,IND>OTH>ON>LNP,0.7052239840107389,0.29477601598926106,IND>OTH>ON>GRN,0.7899795295768155,0.21002047042318459,IND>OTH>LNP>GRN,ON18,no_constraints
Melton,Western Victoria,ALP,ON,ALP,0.5246285437852226,0.4753714562147775,0.024628543785222612,ON-ALP,GRN>OTH>LNP>IND,0.4431272505377169,0.5568727494622832,GRN>OTH>IND>ON,0.4753714562147775,0.5246285437852226,GRN>OTH>LNP>IND,Western Victoria,ALP,ON,ALP,0.5246285437852226,0.4753714562147775,0.024628543785222612,ON-ALP,GRN>OTH>LNP>IND,0.4431272505377169,0.5568727494622832,GRN>OTH>IND>ON,0.4753714562147775,0.5246285437852226,GRN>OTH>LNP>IND,ON18,no_constraints
Mildura,Northern Victoria,LNP,LNP,IND,0.5451010228650669,0.45489897713493316,0.0451010228650669,LNP-IND,OTH>GRN>ALP>ON,0.27675170528260495,0.7232482947173952,OTH>GRN>ON>IND,0.3718325717323666,0.6281674282676334,OTH>GRN>LNP>IND,Northern Victoria,LNP,LNP,IND,0.545101022865059,0.45489897713494104,0.045101022865059015,LNP-IND,OTH>GRN>ALP>ON,0.2767430069006749,0.7232569930993251,OTH>GRN>ON>IND,0.3718325717327057,0.6281674282672944,OTH>GRN>LNP>IND,ON18,no_constraints
Mill Park,North-Eastern Metro,ALP,ALP,ON,0.5704634343558608,0.42953656564413917,0.07046343435586078,ALP-ON,IND>GRN>OTH>LNP,0.5666256318856606,0.4333743681143393,IND>GRN>OTH>ON,0.5704634343558608,0.42953656564413917,IND>GRN>OTH>LNP,North-Eastern Metro,ALP,ALP,ON,0.5704277772918002,0.42957222270819984,0.07042777729180016,ALP-ON,IND>GRN>OTH>LNP,0.5666014809664262,0.4333985190335738,IND>GRN>OTH>ON,0.5704277772918002,0.42957222270819984,IND>GRN>OTH>LNP,ON18,no_constraints
Monbulk,Eastern Victoria,ALP,LNP,ALP,0.526829207172024,0.47317079282797603,0.026829207172023972,LNP-ALP,OTH>IND>GRN>ON,0.47317079282797603,0.526829207172024,OTH>IND>GRN>ON,0.483794416453788,0.516205583546212,OTH>IND>GRN>LNP,Eastern Victoria,ALP,LNP,ALP,0.526829207172024,0.47317079282797603,0.026829207172023972,LNP-ALP,OTH>IND>GRN>ON,0.47317079282797603,0.526829207172024,OTH>IND>GRN>ON,0.483794416453788,0.516205583546212,OTH>IND>GRN>LNP,ON18,no_constraints
Mordialloc,South-Eastern Metro,ALP,ALP,LNP,0.5174958270263741,0.48250417297362597,0.01749582702637409,ALP-LNP,OTH>IND>GRN>ON,0.5174958270263741,0.48250417297362597,OTH>IND>GRN>ON,0.6054370142201753,0.3945629857798248,OTH>IND>GRN>LNP,South-Eastern Metro,ALP,ALP,LNP,0.5174958270263741,0.48250417297362597,0.01749582702637409,ALP-LNP,OTH>IND>GRN>ON,0.5174958270263741,0.48250417297362597,OTH>IND>GRN>ON,0.6054370142201753,0.3945629857798248,OTH>IND>GRN>LNP,ON18,no_constraints
Mornington,Eastern Victoria,LNP,LNP,IND,0.6362593000596124,0.36374069994038766,0.1362593000596124,LNP-IND,OTH>GRN>ON>ALP,0.32717455452814814,0.6728254454718519,OTH>GRN>ON>IND,0.383084903232993,0.6169150967670071,OTH>GRN>IND>LNP,Eastern Victoria,LNP,LNP,IND,0.6362593000596124,0.36374069994038766,0.1362593000596124,LNP-IND,OTH>GRN>ON>ALP,0.32717455452814814,0.6728254454718519,OTH>GRN>ON>IND,0.383084903232993,0.6169150967670071,OTH>GRN>IND>LNP,ON18,no_constraints
Morwell,Eastern Victoria,LNP,LNP,ON,0.5361974905296528,0.4638025094703471,0.03619749052965282,LNP-ON,GRN>OTH>IND>ALP,0.38101892576717,0.6189810742328301,GRN>OTH>IND>ON,0.37776478054701945,0.6222352194529807,GRN>OTH>IND>LNP,Eastern Victoria,LNP,LNP,ON,0.5361974905296528,0.4638025094703471,0.03619749052965282,LNP-ON,GRN>OTH>IND>ALP,0.38101892576717,0.6189810742328301,GRN>OTH>IND>ON,0.37776478054701945,0.6222352194529807,GRN>OTH>IND>LNP,ON18,no_constraints
Mulgrave,South-Eastern Metro,ALP,ALP,LNP,0.617121865084153,0.382878134915847,0.11712186508415301,ALP-LNP,OTH>GRN>IND>ON,0.617121865084153,0.382878134915847,OTH>GRN>IND>ON,0.6446628128635793,0.35533718713642065,OTH>GRN>IND>LNP,South-Eastern Metro,ALP,ALP,LNP,0.617121865084153,0.382878134915847,0.11712186508415301,ALP-LNP,OTH>GRN>IND>ON,0.617121865084153,0.382878134915847,OTH>GRN>IND>ON,0.6446628128635793,0.35533718713642065,OTH>GRN>IND>LNP,ON18,no_constraints
Murray Plains,Northern Victoria,LNP,LNP,ON,0.641291716917289,0.358708283082711,0.14129171691728903,LNP-ON,IND>GRN>OTH>ALP,0.19296653283110934,0.8070334671688907,IND>GRN>OTH>ON,0.23991186904004277,0.7600881309599572,IND>GRN>OTH>LNP,Northern Victoria,LNP,LNP,ON,0.641291716917289,0.358708283082711,0.14129171691728903,LNP-ON,IND>GRN>OTH>ALP,0.19296653283110934,0.8070334671688907,IND>GRN>OTH>ON,0.23991186904004277,0.7600881309599572,IND>GRN>OTH>LNP,ON18,no_constraints
Narracan,Eastern Victoria,LNP,LNP,ALP,0.6282578929830044,0.3717421070169956,0.12825789298300438,LNP-ALP,OTH>IND>GRN>ON,0.3717421070169956,0.6282578929830044,OTH>IND>GRN>ON,0.41035641916896437,0.5896435808310356,OTH>IND>GRN>LNP,Eastern Victoria,LNP,LNP,ALP,0.6289530989099753,0.3710469010900247,0.1289530989099753,LNP-ALP,OTH>IND>GRN>ON,0.3710469010900247,0.6289530989099753,OTH>IND>GRN>ON,0.4092295823041608,0.5907704176958392,OTH>IND>GRN>LNP,ON18,no_constraints
Narre Warren North,South-Eastern Metro,ALP,ALP,ON,0.5416618000955942,0.4583381999044059,0.04166180009559417,ALP-ON,IND>GRN>OTH>LNP,0.5272415419611444,0.47275845803885563,IND>GRN>OTH>ON,0.5416618000955942,0.4583381999044059,IND>GRN>OTH>LNP,South-Eastern Metro,ALP,ALP,ON,0.5416618000955942,0.4583381999044059,0.04166180009559417,ALP-ON,IND>GRN>OTH>LNP,0.5272415419611444,0.47275845803885563,IND>GRN>OTH>ON,0.5416618000955942,0.4583381999044059,IND>GRN>OTH>LNP,ON18,no_constraints
Narre Warren South,South-Eastern Metro,ALP,ALP,LNP,0.5266697896008972,0.47333021039910284,0.026669789600897165,ALP-LNP,IND>GRN>OTH>ON,0.5266697896008972,0.47333021039910284,IND>GRN>OTH>ON,0.5486631591942625,0.4513368408057376,IND>GRN>OTH>LNP,South-Eastern Metro,ALP,ALP,LNP,0.5266390550826583,0.47336094491734176,0.02663905508265829,ALP-LNP,IND>GRN>OTH>ON,0.5266390550826583,0.47336094491734176,IND>GRN>OTH>ON,0.5486180549185725,0.4513819450814276,IND>GRN>OTH>LNP,ON18,no_constraints
Nepean,Eastern Victoria,LNP,LNP,ALP,0.6463651436090112,0.35363485639098874,0.1463651436090112,LNP-ALP,OTH>IND>GRN>ON,0.35363485639098874,0.6463651436090112,OTH>IND>GRN>ON,0.4195952324930733,0.5804047675069267,OTH>IND>GRN>LNP,Eastern Victoria,LNP,LNP,ALP,0.6463651436090112,0.35363485639098874,0.1463651436090112,LNP-ALP,OTH>IND>GRN>ON,0.35363485639098874,0.6463651436090112,OTH>IND>GRN>ON,0.4195952324930733,0.5804047675069267,OTH>IND>GRN>LNP,ON18,no_constraints
Niddrie,Western Metro,ALP,LNP,ALP,0.5099146790706626,0.4900853209293374,0.009914679070662569,LNP-ALP,IND>OTH>GRN>ON,0.4900853209293374,0.5099146790706626,IND>OTH>GRN>ON,0.5587836109743018,0.44121638902569815,IND>OTH>GRN>LNP,Western Metro,ALP,LNP,ALP,0.5099146790706626,0.4900853209293374,0.009914679070662569,LNP-ALP,IND>OTH>GRN>ON,0.4900853209293374,0.5099146790706626,IND>OTH>GRN>ON,0.5587836109743018,0.44121638902569815,IND>OTH>GRN>LNP,ON18,no_constraints
Northcote,Northern Metro,ALP,GRN,ALP,0.5162992196233742,0.48370078037662584,0.016299219623374217,GRN-ALP,IND>OTH>LNP>ON,0.7461561821925587,0.25384381780744136,IND>OTH>ON>GRN,0.7682282222362811,0.23177177776371893,IND>OTH>LNP>GRN,Northern Metro,ALP,GRN,ALP,0.5162992196233737,0.4837007803766264,0.016299219623373662,GRN-ALP,IND>OTH>LNP>ON,0.745690106634771,0.25430989336522897,IND>OTH>ON>GRN,0.7682282222362813,0.23177177776371874,IND>OTH>LNP>GRN,ON18,no_constraints
Oakleigh,Southern Metro,ALP,ALP,LNP,0.564244216335697,0.4357557836643031,0.06424421633569699,ALP-LNP,OTH>IND>GRN>ON,0.564244216335697,0.4357557836643031,OTH>IND>GRN>ON,0.6422894451815273,0.3577105548184728,OTH>IND>GRN>LNP,Southern Metro,ALP,ALP,LNP,0.564244216335697,0.4357557836643031,0.06424421633569699,ALP-LNP,OTH>IND>GRN>ON,0.564244216335697,0.4357557836643031,OTH>IND>GRN>ON,0.6422894451815273,0.3577105548184728,OTH>IND>GRN>LNP,ON18,no_constraints
Ovens Valley,Northern Victoria,LNP,LNP,ON,0.6303058813241866,0.3696941186758134,0.13030588132418663,LNP-ON,IND>GRN>OTH>ALP,0.2733170024624808,0.7266829975375193,IND>GRN>OTH>ON,0.30110386155113,0.6988961384488701,IND>GRN>OTH>LNP,Northern Victoria,LNP,LNP,ON,0.6303058813241866,0.3696941186758134,0.13030588132418663,LNP-ON,IND>GRN>OTH>ALP,0.2733170024624808,0.7266829975375193,IND>GRN>OTH>ON,0.30110386155113,0.6988961384488701,IND>GRN>OTH>LNP,ON18,no_constraints
Pakenham,Eastern Victoria,ALP,LNP,ALP,0.5866020478845931,0.4133979521154068,0.08660204788459314,LNP-ALP,IND>GRN>OTH>ON,0.4133979521154068,0.5866020478845931,IND>GRN>OTH>ON,0.4116470153618334,0.5883529846381665,IND>GRN>OTH>LNP,Eastern Victoria,ALP,LNP,ALP,0.5866020478845931,0.4133979521154068,0.08660204788459314,LNP-ALP,IND>GRN>OTH>ON,0.4133979521154068,0.5866020478845931,IND>GRN>OTH>ON,0.4116470153618334,0.5883529846381665,IND>GRN>OTH>LNP,ON18,no_constraints
Pascoe Vale,Northern Metro,ALP,ALP,GRN,0.5380449763634625,0.46195502363653757,0.03804497636346249,ALP-GRN,OTH>IND>LNP>ON,0.6325834444791203,0.3674165555208797,OTH>IND>ON>GRN,0.7003043623916476,0.2996956376083524,OTH>IND>LNP>GRN,Northern Metro,ALP,ALP,GRN,0.5380449763634625,0.46195502363653757,0.03804497636346249,ALP-GRN,OTH>IND>LNP>ON,0.6320165998391365,0.3679834001608635,OTH>IND>ON>GRN,0.7003043623916476,0.2996956376083524,OTH>IND>LNP>GRN,ON18,no_constraints
Point Cook,Western Metro,ALP,ALP,ON,0.5390712663617622,0.4609287336382379,0.03907126636176217,ALP-ON,OTH>GRN>IND>LNP,0.5352027685773845,0.46479723142261564,OTH>GRN>IND>ON,0.5390712663617622,0.4609287336382379,OTH>GRN>IND>LNP,Western Metro,ALP,ALP,ON,0.5390712663617622,0.4609287336382379,0.03907126636176217,ALP-ON,OTH>GRN>IND>LNP,0.5352027685773845,0.46479723142261564,OTH>GRN>IND>ON,0.5390712663617622,0.4609287336382379,OTH>GRN>IND>LNP,ON18,no_constraints
Polwarth,Western Victoria,LNP,LNP,ALP,0.6095125282982864,0.39048747170171366,0.1095125282982864,LNP-ALP,IND>OTH>GRN>ON,0.39048747170171366,0.6095125282982864,IND>OTH>GRN>ON,0.43489528453633786,0.5651047154636623,IND>OTH>GRN>LNP,Western Victoria,LNP,LNP,ALP,0.6095125282982864,0.39048747170171366,0.1095125282982864,LNP-ALP,IND>OTH>GRN>ON,0.39048747170171366,0.6095125282982864,IND>OTH>GRN>ON,0.43489528453633786,0.5651047154636623,IND>OTH>GRN>LNP,ON18,no_constraints
Prahran,Southern Metro,Greens,GRN,LNP,0.5619731095258877,0.4380268904741123,0.06197310952588775,GRN-LNP,IND>OTH>ON>ALP,0.5761999141134906,0.42380008588650947,IND>OTH>ON>GRN,0.7090646946994894,0.29093530530051065,IND>OTH>LNP>GRN,Southern Metro,Greens,GRN,LNP,0.5619731095258877,0.4380268904741123,0.06197310952588775,GRN-LNP,IND>OTH>ON>ALP,0.575725055394011,0.424274944605989,IND>OTH>ON>GRN,0.7090646946994894,0.29093530530051065,IND>OTH>LNP>GRN,ON18,no_constraints
Preston,Northern Metro,ALP,ALP,ON,0.661648776722651,0.3383512232773491,0.161648776722651,ALP-ON,OTH>IND>LNP>GRN,0.6156379375736412,0.38436206242635895,OTH>IND>GRN>ON,0.661648776722651,0.3383512232773491,OTH>IND>LNP>GRN,Northern Metro,ALP,ALP,ON,0.661648776722651,0.3383512232773491,0.161648776722651,ALP-ON,OTH>IND>LNP>GRN,0.6152282405152532,0.3847717594847469,OTH>IND>GRN>ON,0.661648776722651,0.3383512232773491,OTH>IND>LNP>GRN,ON18,no_constraints
Richmond,Northern Metro,GRN,GRN,ALP,0.5658364174596044,0.4341635825403955,0.06583641745960445,GRN-ALP,IND>OTH>ON>LNP,0.7395664082433958,0.2604335917566042,IND>OTH>ON>GRN,0.8005903903022908,0.19940960969770913,IND>OTH>LNP>GRN,Northern Metro,GRN,GRN,ALP,0.5658364174596044,0.4341635825403955,0.06583641745960445,GRN-ALP,IND>OTH>ON>LNP,0.7390437749803309,0.26095622501966914,IND>OTH>ON>GRN,0.8005903903022908,0.19940960969770913,IND>OTH>LNP>GRN,ON18,no_constraints
Ringwood,North-Eastern Metro,LNP,ALP,LNP,0.5033862105597979,0.496613789440202,0.003386210559797931,ALP-LNP,IND>OTH>ON>GRN,0.5033862105597979,0.496613789440202,IND>OTH>ON>GRN,0.5963736599665261,0.4036263400334739,IND>OTH>GRN>LNP,North-Eastern Metro,LNP,ALP,LNP,0.5033862105597979,0.496613789440202,0.003386210559797931,ALP-LNP,IND>OTH>ON>GRN,0.5033862105597979,0.496613789440202,IND>OTH>ON>GRN,0.5963736599665261,0.4036263400334739,IND>OTH>GRN>LNP,ON18,no_constraints
Ripon,Western Victoria,ALP,LNP,ALP,0.5669661003611494,0.43303389963885075,0.06696610036114936,LNP-ALP,IND>GRN>OTH>ON,0.43303389963885075,0.5669661003611494,IND>GRN>OTH>ON,0.42327529661847346,0.5767247033815265,IND>GRN>OTH>LNP,Western Victoria,ALP,LNP,ALP,0.5669683931828278,0.43303160681717234,0.06696839318282777,LNP-ALP,IND>GRN>OTH>ON,0.43303160681717234,0.5669683931828278,IND>GRN>OTH>ON,0.4232726225157639,0.5767273774842362,IND>GRN>OTH>LNP,ON18,no_constraints
Rowville,South-Eastern Metro,LNP,LNP,ALP,0.5972201483416614,0.40277985165833863,0.09722014834166137,LNP-ALP,OTH>GRN>IND>ON,0.40277985165833863,0.5972201483416614,OTH>GRN>IND>ON,0.5269085563804256,0.47309144361957445,OTH>GRN>IND>LNP,South-Eastern Metro,LNP,LNP,ALP,0.5972378774837346,0.4027621225162655,0.09723787748373458,LNP-ALP,OTH>GRN>IND>ON,0.4027621225162655,0.5972378774837346,OTH>GRN>IND>ON,0.5268816580746444,0.4731183419253556,OTH>GRN>IND>LNP,ON18,no_constraints
Sandringham,Southern Metro,LNP,LNP,ALP,0.6126918117976609,0.38730818820233925,0.11269181179766086,LNP-ALP,OTH>IND>ON>GRN,0.38730818820233925,0.6126918117976609,OTH>IND>ON>GRN,0.5525265135079037,0.44747348649209623,OTH>IND>GRN>LNP,Southern Metro,LNP,LNP,ALP,0.6126918117976609,0.38730818820233925,0.11269181179766086,LNP-ALP,OTH>IND>ON>GRN,0.38730818820233925,0.6126918117976609,OTH>IND>ON>GRN,0.5525265135079037,0.44747348649209623,OTH>IND>GRN>LNP,ON18,no_constraints
Shepparton,Northern Victoria,LNP,LNP,IND,0.6029853721184973,0.39701462788150266,0.10298537211849734,LNP-IND,OTH>GRN>ALP>ON,0.2534232848678649,0.7465767151321351,OTH>GRN>ON>IND,0.3031428389560064,0.6968571610439936,OTH>GRN>IND>LNP,Northern Victoria,LNP,LNP,IND,0.6029853721184973,0.39701462788150266,0.10298537211849734,LNP-IND,OTH>GRN>ALP>ON,0.2534232848678649,0.7465767151321351,OTH>GRN>ON>IND,0.3031428389560064,0.6968571610439936,OTH>GRN>IND>LNP,ON18,no_constraints
South Barwon,Western Victoria,ALP,LNP,ALP,0.5182840492653528,0.48171595073464724,0.018284049265352764,LNP-ALP,IND>OTH>GRN>ON,0.48171595073464724,0.5182840492653528,IND>OTH>GRN>ON,0.5302195099066329,0.46978049009336714,IND>OTH>GRN>LNP,Western Victoria,ALP,LNP,ALP,0.5182840492653528,0.48171595073464724,0.018284049265352764,LNP-ALP,IND>OTH>GRN>ON,0.48171595073464724,0.5182840492653528,IND>OTH>GRN>ON,0.5302195099066329,0.46978049009336714,IND>OTH>GRN>LNP,ON18,no_constraints
South-West Coast,Western Victoria,LNP,LNP,IND,0.6006387623075918,0.39936123769240817,0.10063876230759183,LNP-IND,OTH>GRN>ON>ALP,0.3401834004013532,0.6598165995986468,OTH>GRN>ON>IND,0.3674292391425487,0.6325707608574513,OTH>GRN>IND>LNP,Western Victoria,LNP,LNP,IND,0.600638257179532,0.39936174282046805,0.10063825717953201,LNP-IND,OTH>GRN>ON>ALP,0.34017261962406625,0.6598273803759338,OTH>GRN>ON>IND,0.36734262960510694,0.6326573703948931,OTH>GRN>IND>LNP,ON18,no_constraints
St Albans,Western Metro,ALP,ALP,LNP,0.5587610128349706,0.44123898716502946,0.058761012834970594,ALP-LNP,IND>GRN>OTH>ON,0.5587610128349706,0.44123898716502946,IND>GRN>OTH>ON,0.5885743887767241,0.4114256112232759,IND>GRN>OTH>LNP,Western Metro,ALP,ALP,LNP,0.5587610128349706,0.44123898716502946,0.058761012834970594,ALP-LNP,IND>GRN>OTH>ON,0.5587610128349706,0.44123898716502946,IND>GRN>OTH>ON,0.5885743887767241,0.4114256112232759,IND>GRN>OTH>LNP,ON18,no_constraints
Sunbury,Western Metro,ALP,LNP,ALP,0.5302323679914854,0.4697676320085146,0.03023236799148543,LNP-ALP,IND>OTH>GRN>ON,0.4697676320085146,0.5302323679914854,IND>OTH>GRN>ON,0.47294549543610914,0.5270545045638908,IND>OTH>GRN>LNP,Western Metro,ALP,LNP,ALP,0.5302323679914854,0.4697676320085146,0.03023236799148543,LNP-ALP,IND>OTH>GRN>ON,0.4697676320085146,0.5302323679914854,IND>OTH>GRN>ON,0.47294549543610914,0.5270545045638908,IND>OTH>GRN>LNP,ON18,no_constraints
Sydenham,Western Metro,ALP,ALP,LNP,0.524450234479348,0.47554976552065203,0.02445023447934802,ALP-LNP,IND>GRN>OTH>ON,0.524450234479348,0.47554976552065203,IND>GRN>OTH>ON,0.5433324796475689,0.4566675203524312,IND>GRN>OTH>LNP,Western Metro,ALP,ALP,LNP,0.524450234479348,0.47554976552065203,0.02445023447934802,ALP-LNP,IND>GRN>OTH>ON,0.524450234479348,0.47554976552065203,IND>GRN>OTH>ON,0.5433324796475689,0.4566675203524312,IND>GRN>OTH>LNP,ON18,no_constraints
Tarneit,Western Metro,ALP,ALP,LNP,0.56787976142627,0.43212023857373005,0.06787976142626995,ALP-LNP,IND>GRN>OTH>ON,0.56787976142627,0.43212023857373005,IND>GRN>OTH>ON,0.5820884159960106,0.4179115840039895,IND>GRN>OTH>LNP,Western Metro,ALP,ALP,LNP,0.56787976142627,0.43212023857373005,0.06787976142626995,ALP-LNP,IND>GRN>OTH>ON,0.56787976142627,0.43212023857373005,IND>GRN>OTH>ON,0.5820884159960106,0.4179115840039895,IND>GRN>OTH>LNP,ON18,no_constraints
Thomastown,Northern Metro,ALP,ALP,ON,0.6040027990682716,0.39599720093172847,0.10400279906827159,ALP-ON,IND>GRN>OTH>LNP,0.608925222112271,0.39107477788772904,IND>GRN>OTH>ON,0.6040027990682716,0.39599720093172847,IND>GRN>OTH>LNP,Northern Metro,ALP,ALP,ON,0.6038124661884077,0.39618753381159233,0.10381246618840767,ALP-ON,IND>GRN>OTH>LNP,0.6088326659947001,0.39116733400529996,IND>GRN>OTH>ON,0.6038124661884077,0.39618753381159233,IND>GRN>OTH>LNP,ON18,no_constraints
Warrandyte,North-Eastern Metro,LNP,LNP,ALP,0.6183380904214457,0.38166190957855434,0.11833809042144572,LNP-ALP,IND>OTH>GRN>ON,0.38166190957855434,0.6183380904214457,IND>OTH>GRN>ON,0.533263166317683,0.46673683368231705,IND>OTH>GRN>LNP,North-Eastern Metro,LNP,LNP,ALP,0.6183380904214457,0.38166190957855434,0.11833809042144572,LNP-ALP,IND>OTH>GRN>ON,0.38166190957855434,0.6183380904214457,IND>OTH>GRN>ON,0.533263166317683,0.46673683368231705,IND>OTH>GRN>LNP,ON18,no_constraints
Wendouree,Western Victoria,ALP,ALP,LNP,0.5069730154817956,0.49302698451820437,0.00697301548179563,ALP-LNP,IND>OTH>GRN>ON,0.5069730154817956,0.49302698451820437,IND>OTH>GRN>ON,0.5384259779442336,0.46157402205576636,IND>OTH>GRN>LNP,Western Victoria,ALP,ALP,LNP,0.5069730154817956,0.49302698451820437,0.00697301548179563,ALP-LNP,IND>OTH>GRN>ON,0.5069730154817956,0.49302698451820437,IND>OTH>GRN>ON,0.5384259779442336,0.46157402205576636,IND>OTH>GRN>LNP,ON18,no_constraints
Werribee,Western Metro,ALP,ON,ALP,0.5066755560359563,0.49332444396404374,0.006675556035956265,ON-ALP,OTH>GRN>IND>LNP,0.5166115729300761,0.4833884270699239,OTH>GRN>IND>ON,0.49332444396404374,0.5066755560359563,OTH>GRN>IND>LNP,Western Metro,ALP,ON,ALP,0.5066755560359563,0.49332444396404374,0.006675556035956265,ON-ALP,OTH>GRN>IND>LNP,0.5166115729300761,0.4833884270699239,OTH>GRN>IND>ON,0.49332444396404374,0.5066755560359563,OTH>GRN>IND>LNP,ON18,no_constraints
Williamstown,Western Metro,ALP,ALP,LNP,0.584987076882983,0.41501292311701704,0.08498707688298301,ALP-LNP,IND>OTH>GRN>ON,0.584987076882983,0.41501292311701704,IND>OTH>GRN>ON,0.649923278143006,0.35007672185699396,IND>OTH>GRN>LNP,Western Metro,ALP,ALP,LNP,0.583695264077537,0.41630473592246303,0.08369526407753702,ALP-LNP,IND>OTH>GRN>ON,0.583695264077537,0.41630473592246303,IND>OTH>GRN>ON,0.6485213050541917,0.3514786949458083,IND>OTH>GRN>LNP,ON18,no_constraints
Yan Yean,Northern Victoria,ALP,LNP,ALP,0.5131386778820516,0.4868613221179485,0.013138677882051586,LNP-ALP,IND>GRN>OTH>ON,0.4868613221179485,0.5131386778820516,IND>GRN>OTH>ON,0.48896433017717933,0.5110356698228208,IND>GRN>OTH>LNP,Northern Victoria,ALP,LNP,ALP,0.5131386778820516,0.4868613221179485,0.013138677882051586,LNP-ALP,IND>GRN>OTH>ON,0.4868613221179485,0.5131386778820516,IND>GRN>OTH>ON,0.48896433017717933,0.5110356698228208,IND>GRN>OTH>LNP,ON18,no_constraints
Albert Park,Southern Metro,ALP,ALP,LNP,0.571927512063706,0.42807248793629404,0.07192751206370596,ALP-LNP,OTH>IND>ON>GRN,0.571927512063706,0.42807248793629404,OTH>IND>ON>GRN,0.6842260426856953,0.31577395731430463,OTH>IND>GRN>LNP,Southern Metro,ALP,ALP,LNP,0.5715991318510334,0.42840086814896655,0.07159913185103339,ALP-LNP,OTH>IND>ON>GRN,0.5715991318510334,0.42840086814896655,OTH>IND>ON>GRN,0.6819968728391441,0.3180031271608558,OTH>IND>GRN>LNP,ON18,no_synthetic_priority
Ashwood,Southern Metro,ALP,LNP,ALP,0.5055595078846639,0.49444049211533614,0.005559507884663861,LNP-ALP,OTH>IND>ON>GRN,0.49444049211533614,0.5055595078846639,OTH>IND>ON>GRN,0.6389150295146593,0.3610849704853408,OTH>IND>GRN>LNP,Southern Metro,ALP,LNP,ALP,0.5055595078846656,0.4944404921153343,0.005559507884665638,LNP-ALP,OTH>IND>ON>GRN,0.4944404921153343,0.5055595078846656,OTH>IND>ON>GRN,0.6378528492631621,0.36214715073683784,OTH>IND>GRN>LNP,ON18,no_synthetic_priority
Bass,Eastern Victoria,ALP,LNP,ALP,0.6092616099968214,0.39073839000317856,0.10926160999682144,LNP-ALP,OTH>IND>GRN>ON,0.39073839000317856,0.6092616099968214,OTH>IND>GRN>ON,0.41035585098860566,0.5896441490113944,OTH>IND>GRN>LNP,Eastern Victoria,ALP,LNP,ALP,0.6139313031199971,0.38606869688000295,0.11393130311999711,LNP-ALP,OTH>IND>GRN>ON,0.38606869688000295,0.6139313031199971,OTH>IND>GRN>ON,0.406098359828046,0.5939016401719541,OTH>IND>GRN>LNP,ON18,no_synthetic_priority
Bayswater,North-Eastern Metro,ALP,LNP,ALP,0.5476985320356541,0.4523014679643459,0.047698532035654106,LNP-ALP,IND>OTH>GRN>ON,0.4523014679643459,0.5476985320356541,IND>OTH>GRN>ON,0.5446895270689286,0.4553104729310714,IND>OTH>GRN>LNP,North-Eastern Metro,ALP,LNP,ALP,0.5513778968829866,0.44862210311701345,0.05137789688298655,LNP-ALP,IND>OTH>GRN>ON,0.44862210311701345,0.5513778968829866,IND>OTH>GRN>ON,0.5422446618579294,0.4577553381420706,IND>OTH>GRN>LNP,ON18,no_synthetic_priority
Bellarine,Western Victoria,ALP,ALP,LNP,0.5082182652944381,0.4917817347055619,0.008218265294438143,ALP-LNP,OTH>IND>GRN>ON,0.5082182652944381,0.4917817347055619,OTH>IND>GRN>ON,0.5462633264703828,0.4537366735296173,OTH>IND>GRN>LNP,Western Victoria,ALP,ALP,LNP,0.5044331326215711,0.49556686737842903,0.004433132621571079,ALP-LNP,OTH>IND>GRN>ON,0.5044331326215711,0.49556686737842903,OTH>IND>GRN>ON,0.5420566270459038,0.45794337295409626,OTH>IND>GRN>LNP,ON18,no_synthetic_priority
Benambra,Northern Victoria,LNP,LNP,IND,0.5864512941839016,0.4135487058160983,0.08645129418390163,LNP-IND,OTH>GRN>ALP>ON,0.265388997684992,0.734611002315008,OTH>GRN>ON>IND,0.27026051130776485,0.7297394886922351,OTH>GRN>IND>LNP,Northern Victoria,LNP,LNP,IND,0.5847235128377374,0.4152764871622626,0.08472351283773738,LNP-IND,OTH>GRN>ALP>ON,0.2626884094634705,0.7373115905365295,OTH>GRN>ON>IND,0.26733373791022125,0.7326662620897787,OTH>GRN>IND>LNP,ON18,no_synthetic_priority
Bendigo East,Northern Victoria,ALP,ALP,LNP,0.5227380520544618,0.4772619479455382,0.022738052054461777,ALP-LNP,OTH>IND>GRN>ON,0.5227380520544618,0.4772619479455382,OTH>IND>GRN>ON,0.5739657540193943,0.4260342459806057,OTH>IND>GRN>LNP,Northern Victoria,ALP,ALP,LNP,0.5197087013423702,0.48029129865762976,0.01970870134237024,ALP-LNP,OTH>IND>GRN>ON,0.5197087013423702,0.48029129865762976,OTH>IND>GRN>ON,0.5712226840655437,0.4287773159344563,OTH>IND>GRN>LNP,ON18,no_synthetic_priority
Bendigo West,Northern Victoria,ALP,ALP,LNP,0.5592190259479024,0.4407809740520977,0.059219025947902404,ALP-LNP,IND>OTH>GRN>ON,0.5592190259479024,0.4407809740520977,IND>OTH>GRN>ON,0.5790677228534352,0.4209322771465649,IND>OTH>GRN>LNP,Northern Victoria,ALP,ALP,LNP,0.5566246514275568,0.44337534857244326,0.056624651427556794,ALP-LNP,IND>OTH>GRN>ON,0.5566246514275568,0.44337534857244326,IND>OTH>GRN>ON,0.5757200807436866,0.4242799192563135,IND>OTH>GRN>LNP,ON18,no_synthetic_priority
Bentleigh,Southern Metro,ALP,ALP,LNP,0.5186806316207516,0.48131936837924844,0.01868063162075162,ALP-LNP,OTH>IND>GRN>ON,0.5186806316207516,0.48131936837924844,OTH>IND>GRN>ON,0.6325000294311945,0.3674999705688055,OTH>IND>GRN>LNP,Southern Metro,ALP,ALP,LNP,0.5159827802807622,0.4840172197192378,0.015982780280762166,ALP-LNP,OTH>IND>GRN>ON,0.5159827802807622,0.4840172197192378,OTH>IND>GRN>ON,0.6312556092654293,0.3687443907345707,OTH>IND>GRN>LNP,ON18,no_synthetic_priority
Berwick,South-Eastern Metro,LNP,LNP,ALP,0.6242196923786913,0.37578030762130865,0.12421969237869135,LNP-ALP,IND>OTH>GRN>ON,0.37578030762130865,0.6242196923786913,IND>OTH>GRN>ON,0.4327708271343789,0.5672291728656211,IND>OTH>GRN>LNP,South-Eastern Metro,LNP,LNP,ALP,0.6297608993124253,0.3702391006875747,0.1297608993124253,LNP-ALP,IND>OTH>GRN>ON,0.3702391006875747,0.6297608993124253,IND>OTH>GRN>ON,0.42788701116691524,0.5721129888330848,IND>OTH>GRN>LNP,ON18,no_synthetic_priority
Box Hill,North-Eastern Metro,ALP,ALP,LNP,0.5066921153442354,0.4933078846557646,0.006692115344235416,ALP-LNP,IND>OTH>ON>GRN,0.5066921153442354,0.4933078846557646,IND>OTH>ON>GRN,0.6491345853220891,0.35086541467791094,IND>OTH>GRN>LNP,North-Eastern Metro,ALP,ALP,LNP,0.5065558966918502,0.49344410330814986,0.006555896691850194,ALP-LNP,IND>OTH>ON>GRN,0.5065558966918502,0.49344410330814986,IND>OTH>ON>GRN,0.6474899240706452,0.3525100759293548,IND>OTH>GRN>LNP,ON18,no_synthetic_priority
Brighton,Southern Metro,LNP,LNP,ALP,0.591696550051052,0.40830344994894807,0.09169655005105204,LNP-ALP,OTH>IND>ON>GRN,0.40830344994894807,0.591696550051052,OTH>IND>ON>GRN,0.6203530229724055,0.3796469770275945,OTH>IND>GRN>LNP,Southern Metro,LNP,LNP,ALP,0.5915585830821483,0.4084414169178517,0.09155858308214826,LNP-ALP,OTH>IND>ON>GRN,0.4084414169178517,0.5915585830821483,OTH>IND>ON>GRN,0.6182053025078574,0.3817946974921425,OTH>IND>GRN>LNP,ON18,no_synthetic_priority
Broadmeadows,Northern Metro,ALP,ALP,ON,0.5934229242139508,0.4065770757860493,0.09342292421395082,ALP-ON,IND>GRN>OTH>LNP,0.6046410797065915,0.3953589202934084,IND>GRN>OTH>ON,0.5934229242139508,0.4065770757860493,IND>GRN>OTH>LNP,Northern Metro,ALP,ALP,ON,0.5923534207237885,0.4076465792762115,0.09235342072378849,ALP-ON,IND>GRN>OTH>LNP,0.6046216964015513,0.3953783035984487,IND>GRN>OTH>ON,0.5923534207237885,0.4076465792762115,IND>GRN>OTH>LNP,ON18,no_synthetic_priority
Brunswick,Northern Metro,GRN,GRN,ALP,0.6304323234118027,0.36956767658819734,0.13043232341180266,GRN-ALP,IND>OTH>LNP>ON,0.776508414299016,0.223491585700984,IND>OTH>ON>GRN,0.7904736018998365,0.20952639810016346,IND>OTH>LNP>GRN,Northern Metro,GRN,GRN,ALP,0.6339740962317608,0.3660259037682391,0.13397409623176082,GRN-ALP,IND>OTH>LNP>ON,0.7765688579623058,0.22343114203769418,IND>OTH>ON>GRN,0.7975876598333702,0.20241234016662984,IND>OTH>LNP>GRN,ON18,no_synthetic_priority
Bulleen,North-Eastern Metro,LNP,LNP,ALP,0.6193872341715638,0.3806127658284362,0.11938723417156383,LNP-ALP,IND>OTH>ON>GRN,0.3806127658284362,0.6193872341715638,IND>OTH>ON>GRN,0.5780949624285167,0.42190503757148334,IND>OTH>GRN>LNP,North-Eastern Metro,LNP,LNP,ALP,0.6194133594756183,0.38058664052438174,0.11941335947561826,LNP-ALP,IND>OTH>ON>GRN,0.38058664052438174,0.6194133594756183,IND>OTH>ON>GRN,0.5754201678247791,0.424579832175221,IND>OTH>GRN>LNP,ON18,no_synthetic_priority
Bundoora,North-Eastern Metro,ALP,ALP,LNP,0.5746536948543279,0.4253463051456721,0.07465369485432793,ALP-LNP,IND>OTH>GRN>ON,0.5746536948543279,0.4253463051456721,IND>OTH>GRN>ON,0.6571975560949079,0.3428024439050921,IND>OTH>GRN>LNP,North-Eastern Metro,ALP,ALP,LNP,0.5693022567276226,0.4306977432723774,0.06930225672762258,ALP-LNP,IND>OTH>GRN>ON,0.5693022567276226,0.4306977432723774,IND>OTH>GRN>ON,0.6545370264380934,0.3454629735619067,IND>OTH>GRN>LNP,ON18,no_synthetic_priority
Carrum,South-Eastern Metro,ALP,ALP,LNP,0.5035603526439673,0.4964396473560327,0.0035603526439672573,ALP-LNP,IND>OTH>GRN>ON,0.5035603526439673,0.4964396473560327,IND>OTH>GRN>ON,0.5186565232679724,0.4813434767320276,IND>OTH>GRN>LNP,South-Eastern Metro,ALP,LNP,ALP,0.5012929920261568,0.4987070079738431,0.0012929920261568473,LNP-ALP,IND>OTH>GRN>ON,0.4987070079738431,0.5012929920261568,IND>OTH>GRN>ON,0.5139215774080195,0.48607842259198053,IND>OTH>GRN>LNP,ON18,no_synthetic_priority
Caulfield,Southern Metro,LNP,LNP,ALP,0.5720090426714165,0.4279909573285836,0.0720090426714165,LNP-ALP,OTH>IND>ON>GRN,0.4279909573285836,0.5720090426714165,OTH>IND>ON>GRN,0.6326498492096666,0.3673501507903335,OTH>IND>GRN>LNP,Southern Metro,LNP,LNP,ALP,0.5715734569630625,0.42842654303693756,0.0715734569630625,LNP-ALP,OTH>IND>ON>GRN,0.42842654303693756,0.5715734569630625,OTH>IND>ON>GRN,0.6309549129688603,0.3690450870311397,OTH>IND>GRN>LNP,ON18,no_synthetic_priority
Clarinda,South-Eastern Metro,ALP,ALP,LNP,0.5474067612320789,0.4525932387679212,0.047406761232078876,ALP-LNP,OTH>GRN>IND>ON,0.5474067612320789,0.4525932387679212,OTH>GRN>IND>ON,0.6161074723793044,0.38389252762069564,OTH>GRN>IND>LNP,South-Eastern Metro,ALP,ALP,LNP,0.544650061894758,0.455349938105242,0.04465006189475795,ALP-LNP,OTH>GRN>IND>ON,0.544650061894758,0.455349938105242,OTH>GRN>IND>ON,0.6154275931771487,0.38457240682285143,OTH>GRN>IND>LNP,ON18,no_synthetic_priority
Cranbourne,South-Eastern Metro,ALP,ALP,ON,0.5239271863496375,0.47607281365036247,0.02392718634963753,ALP-ON,IND>GRN>OTH>LNP,0.5167961082893575,0.4832038917106425,IND>GRN>OTH>ON,0.5239271863496375,0.47607281365036247,IND>GRN>OTH>LNP,South-Eastern Metro,ALP,ALP,ON,0.5224954773710356,0.47750452262896437,0.022495477371035633,ALP-ON,IND>GRN>OTH>LNP,0.5148695116797462,0.4851304883202539,IND>GRN>OTH>ON,0.5224954773710356,0.47750452262896437,IND>GRN>OTH>LNP,ON18,no_synthetic_priority
Croydon,North-Eastern Metro,LNP,LNP,ALP,0.583890576281338,0.4161094237186621,0.083890576281338,LNP-ALP,IND>OTH>GRN>ON,0.4161094237186621,0.583890576281338,IND>OTH>GRN>ON,0.5258924439636391,0.4741075560363609,IND>OTH>GRN>LNP,North-Eastern Metro,LNP,LNP,ALP,0.5878351980185085,0.4121648019814915,0.08783519801850848,LNP-ALP,IND>OTH>GRN>ON,0.4121648019814915,0.5878351980185085,IND>OTH>GRN>ON,0.5234105011862905,0.47658949881370954,IND>OTH>GRN>LNP,ON18,no_synthetic_priority
Dandenong,South-Eastern Metro,ALP,ALP,ON,0.6291245040981017,0.3708754959018983,0.12912450409810172,ALP-ON,IND>OTH>GRN>LNP,0.6244878504375866,0.3755121495624134,IND>OTH>GRN>ON,0.6291245040981017,0.3708754959018983,IND>OTH>GRN>LNP,South-Eastern Metro,ALP,ALP,ON,0.6291152685543587,0.37088473144564127,0.12911526855435873,ALP-ON,IND>OTH>GRN>LNP,0.6244741482396692,0.37552585176033076,IND>OTH>GRN>ON,0.6291152685543587,0.37088473144564127,IND>OTH>GRN>LNP,ON18,no_synthetic_priority
Eildon,Northern Victoria,LNP,LNP,ALP,0.6459886020915689,0.3540113979084311,0.14598860209156894,LNP-ALP,IND>OTH>GRN>ON,0.3540113979084311,0.6459886020915689,IND>OTH>GRN>ON,0.39475991408513966,0.6052400859148603,IND>OTH>GRN>LNP,Northern Victoria,LNP,LNP,ALP,0.6501973099472966,0.34980269005270337,0.15019730994729663,LNP-ALP,IND>OTH>GRN>ON,0.34980269005270337,0.6501973099472966,IND>OTH>GRN>ON,0.39017554820088196,0.609824451799118,IND>OTH>GRN>LNP,ON18,no_synthetic_priority
Eltham,North-Eastern Metro,ALP,ALP,LNP,0.5213313411945637,0.47866865880543635,0.021331341194563702,ALP-LNP,IND>OTH>GRN>ON,0.5213313411945637,0.47866865880543635,IND>OTH>GRN>ON,0.6035557511166614,0.3964442488833387,IND>OTH>GRN>LNP,North-Eastern Metro,ALP,ALP,LNP,0.5192952403101858,0.48070475968981424,0.019295240310185813,ALP-LNP,IND>OTH>GRN>ON,0.5192952403101858,0.48070475968981424,IND>OTH>GRN>ON,0.602764631095678,0.39723536890432193,IND>OTH>GRN>LNP,ON18,no_synthetic_priority
Essendon,Northern Metro,ALP,ALP,LNP,0.5364090532494982,0.4635909467505019,0.03640905324949817,ALP-LNP,IND>OTH>GRN>ON,0.5364090532494982,0.4635909467505019,IND>OTH>GRN>ON,0.597057220782393,0.402942779217607,IND>OTH>GRN>LNP,Northern Metro,ALP,ALP,LNP,0.5323148473482124,0.4676851526517875,0.03231484734821244,ALP-LNP,IND>OTH>GRN>ON,0.5323148473482124,0.4676851526517875,IND>OTH>GRN>ON,0.5948166744609468,0.40518332553905323,IND>OTH>GRN>LNP,ON18,no_synthetic_priority
Eureka,Western Victoria,ALP,ON,ALP,0.539432158259164,0.46056784174083604,0.03943215825916402,ON-ALP,IND>OTH>GRN>LNP,0.4696922878862808,0.5303077121137192,IND>OTH>GRN>ON,0.46056784174083604,0.539432158259164,IND>OTH>GRN>LNP,Western Victoria,ALP,ON,ALP,0.5446246812692546,0.4553753187307455,0.04462468126925456,ON-ALP,IND>OTH>GRN>LNP,0.46535741656085955,0.5346425834391405,IND>OTH>GRN>ON,0.4553753187307455,0.5446246812692546,IND>OTH>GRN>LNP,ON18,no_synthetic_priority
Euroa,Northern Victoria,LNP,LNP,ON,0.6405955211976364,0.35940447880236365,0.1405955211976364,LNP-ON,IND>OTH>GRN>ALP,0.3129158763884093,0.6870841236115908,IND>OTH>GRN>ON,0.3581659353780548,0.6418340646219453,IND>OTH>GRN>LNP,Northern Victoria,LNP,LNP,ON,0.6405343526901971,0.35946564730980296,0.1405343526901971,LNP-ON,IND>OTH>GRN>ALP,0.3127999677506619,0.6872000322493381,IND>OTH>GRN>ON,0.35800562925156804,0.641994370748432,IND>OTH>GRN>LNP,ON18,no_synthetic_priority
Evelyn,Eastern Victoria,LNP,LNP,ALP,0.633308916717481,0.366691083282519,0.13330891671748102,LNP-ALP,IND>OTH>GRN>ON,0.366691083282519,0.633308916717481,IND>OTH>GRN>ON,0.4328604097707861,0.5671395902292139,IND>OTH>GRN>LNP,Eastern Victoria,LNP,LNP,ALP,0.6373394608824398,0.3626605391175603,0.13733946088243976,LNP-ALP,IND>OTH>GRN>ON,0.3626605391175603,0.6373394608824398,IND>OTH>GRN>ON,0.42894974586541984,0.5710502541345802,IND>OTH>GRN>LNP,ON18,no_synthetic_priority
Footscray,Western Metro,ALP,ALP,GRN,0.5568413581700191,0.4431586418299809,0.05684135817001912,ALP-GRN,IND>OTH>ON>LNP,0.6913869011597836,0.3086130988402164,IND>OTH>ON>GRN,0.7652724840611713,0.2347275159388287,IND>OTH>LNP>GRN,Western Metro,ALP,ALP,GRN,0.5557249630936127,0.4442750369063873,0.055724963093612745,ALP-GRN,IND>OTH>ON>LNP,0.6914810265439532,0.3085189734560469,IND>OTH>ON>GRN,0.7767497907438936,0.22325020925610634,IND>OTH>LNP>GRN,ON18,no_synthetic_priority
Frankston,South-Eastern Metro,ALP,ALP,LNP,0.5171864243038732,0.48281357569612676,0.017186424303873182,ALP-LNP,IND>OTH>GRN>ON,0.5171864243038732,0.48281357569612676,IND>OTH>GRN>ON,0.5504907959170211,0.44950920408297895,IND>OTH>GRN>LNP,South-Eastern Metro,ALP,ALP,LNP,0.5136108382414896,0.4863891617585104,0.013610838241489565,ALP-LNP,IND>OTH>GRN>ON,0.5136108382414896,0.4863891617585104,IND>OTH>GRN>ON,0.5481823914897118,0.4518176085102881,IND>OTH>GRN>LNP,ON18,no_synthetic_priority
Geelong,Western Victoria,ALP,ALP,ON,0.5279449393059765,0.4720550606940235,0.027944939305976524,ALP-ON,OTH>IND>GRN>LNP,0.5251223066373553,0.4748776933626447,OTH>IND>GRN>ON,0.5279449393059765,0.4720550606940235,OTH>IND>GRN>LNP,Western Victoria,ALP,ALP,ON,0.52499969557295,0.47500030442704994,0.02499969557295001,ALP-ON,OTH>IND>GRN>LNP,0.5222203591755288,0.47777964082447116,OTH>IND>GRN>ON,0.52499969557295,0.47500030442704994,OTH>IND>GRN>LNP,ON18,no_synthetic_priority
Gippsland East,Eastern Victoria,LNP,LNP,ON,0.6416658064445105,0.3583341935554895,0.14166580644451054,LNP-ON,IND>OTH>GRN>ALP,0.20728186818615948,0.7927181318138405,IND>OTH>GRN>ON,0.2571890462006638,0.7428109537993363,IND>OTH>GRN>LNP,Eastern Victoria,LNP,LNP,ON,0.6415742550110408,0.3584257449889592,0.14157425501104082,LNP-ON,IND>OTH>GRN>ALP,0.20711489600115623,0.7928851039988438,IND>OTH>GRN>ON,0.2569558224052228,0.7430441775947773,IND>OTH>GRN>LNP,ON18,no_synthetic_priority
Gippsland South,Eastern Victoria,LNP,LNP,ON,0.6382391481965256,0.36176085180347445,0.1382391481965256,LNP-ON,OTH>IND>GRN>ALP,0.26894768823215637,0.7310523117678436,OTH>IND>GRN>ON,0.3151371938468125,0.6848628061531875,OTH>IND>GRN>LNP,Eastern Victoria,LNP,LNP,ON,0.6389225237157928,0.36107747628420717,0.13892252371579283,LNP-ON,OTH>IND>GRN>ALP,0.2638190584206222,0.7361809415793777,OTH>IND>GRN>ON,0.31009412493615607,0.6899058750638439,OTH>IND>GRN>LNP,ON18,no_synthetic_priority
Glen Waverley,North-Eastern Metro,ALP,LNP,ALP,0.5332341421524803,0.4667658578475198,0.03323414215248033,LNP-ALP,IND>OTH>GRN>ON,0.4667658578475198,0.5332341421524803,IND>OTH>GRN>ON,0.623779509590675,0.37622049040932515,IND>OTH>GRN>LNP,North-Eastern Metro,ALP,LNP,ALP,0.5359970474448517,0.4640029525551483,0.03599704744485166,LNP-ALP,IND>OTH>GRN>ON,0.4640029525551483,0.5359970474448517,IND>OTH>GRN>ON,0.6224615799926758,0.3775384200073242,IND>OTH>GRN>LNP,ON18,no_synthetic_priority
Greenvale,Northern Metro,ALP,ALP,LNP,0.5725336522993318,0.4274663477006682,0.07253365229933184,ALP-LNP,IND>GRN>OTH>ON,0.5725336522993318,0.4274663477006682,IND>GRN>OTH>ON,0.5914897601735056,0.4085102398264943,IND>GRN>OTH>LNP,Northern Metro,ALP,ALP,LNP,0.5709339082826647,0.4290660917173354,0.07093390828266466,ALP-LNP,IND>GRN>OTH>ON,0.5709339082826647,0.4290660917173354,IND>GRN>OTH>ON,0.5897999655413022,0.41020003445869774,IND>GRN>OTH>LNP,ON18,no_synthetic_priority
Hastings,Eastern Victoria,ALP,LNP,ALP,0.5801904849605313,0.41980951503946873,0.08019048496053127,LNP-ALP,IND>OTH>GRN>ON,0.41980951503946873,0.5801904849605313,IND>OTH>GRN>ON,0.4428406680562637,0.5571593319437363,IND>OTH>GRN>LNP,Eastern Victoria,ALP,LNP,ALP,0.583608873377022,0.416391126622978,0.08360887337702205,LNP-ALP,IND>OTH>GRN>ON,0.416391126622978,0.583608873377022,IND>OTH>GRN>ON,0.43899375347513353,0.5610062465248665,IND>OTH>GRN>LNP,ON18,no_synthetic_priority
Hawthorn,Southern Metro,LNP,LNP,ALP,0.5518438771482136,0.44815612285178646,0.05184387714821359,LNP-ALP,OTH>ON>GRN>IND,0.44815612285178646,0.5518438771482136,OTH>ON>GRN>IND,0.661022918015903,0.33897708198409704,OTH>GRN>IND>LNP,Southern Metro,LNP,LNP,ALP,0.5518891165906791,0.44811088340932087,0.051889116590679074,LNP-ALP,OTH>ON>GRN>IND,0.44811088340932087,0.5518891165906791,OTH>ON>GRN>IND,0.6676864004678923,0.3323135995321077,OTH>GRN>IND>LNP,ON18,no_synthetic_priority
Ivanhoe,North-Eastern Metro,ALP,ALP,LNP,0.5628582719209115,0.4371417280790885,0.06285827192091153,ALP-LNP,OTH>IND>ON>GRN,0.5628582719209115,0.4371417280790885,OTH>IND>ON>GRN,0.6567845916140834,0.34321540838591663,OTH>IND>GRN>LNP,North-Eastern Metro,ALP,ALP,LNP,0.5628551015064063,0.43714489849359384,0.06285510150640627,ALP-LNP,OTH>IND>ON>GRN,0.5628551015064063,0.43714489849359384,OTH>IND>ON>GRN,0.6558867561430697,0.34411324385693043,OTH>IND>GRN>LNP,ON18,no_synthetic_priority
Kalkallo,Northern Metro,ALP,ALP,LNP,0.5855849852679377,0.4144150147320624,0.08558498526793767,ALP-LNP,IND>GRN>OTH>ON,0.5855849852679377,0.4144150147320624,IND>GRN>OTH>ON,0.5802057474301924,0.4197942525698077,IND>GRN>OTH>LNP,Northern Metro,ALP,ALP,LNP,0.5839685375687724,0.4160314624312276,0.08396853756877243,ALP-LNP,IND>GRN>OTH>ON,0.5839685375687724,0.4160314624312276,IND>GRN>OTH>ON,0.5774534439628645,0.4225465560371356,IND>GRN>OTH>LNP,ON18,no_synthetic_priority
Kew,Southern Metro,LNP,LNP,ALP,0.5890621429511377,0.4109378570488623,0.08906214295113768,LNP-ALP,OTH>ON>GRN>IND,0.4109378570488623,0.5890621429511377,OTH>ON>GRN>IND,0.6428142114032801,0.3571857885967199,OTH>GRN>IND>LNP,Southern Metro,LNP,LNP,ALP,0.5890621429685791,0.410937857031421,0.08906214296857906,LNP-ALP,OTH>ON>GRN>IND,0.410937857031421,0.5890621429685791,OTH>ON>GRN>IND,0.6492504230139955,0.3507495769860045,OTH>GRN>IND>LNP,ON18,no_synthetic_priority
Kororoit,Western Metro,ALP,ALP,ON,0.5864088120663656,0.4135911879336345,0.08640881206636564,ALP-ON,IND>GRN>OTH>LNP,0.5896830311088405,0.4103169688911595,IND>GRN>OTH>ON,0.5864088120663656,0.4135911879336345,IND>GRN>OTH>LNP,Western Metro,ALP,ALP,ON,0.5859728139858629,0.41402718601413724,0.08597281398586287,ALP-ON,IND>GRN>OTH>LNP,0.5895738717762707,0.41042612822372937,IND>GRN>OTH>ON,0.5859728139858629,0.41402718601413724,IND>GRN>OTH>LNP,ON18,no_synthetic_priority
Lara,Western Victoria,ALP,ALP,ON,0.5125258615886663,0.48747413841133375,0.01252586158866631,ALP-ON,IND>OTH>GRN>LNP,0.5451478299193002,0.45485217008069984,IND>OTH>GRN>ON,0.5125258615886663,0.48747413841133375,IND>OTH>GRN>LNP,Western Victoria,ALP,ALP,ON,0.5073217402067544,0.4926782597932457,0.007321740206754357,ALP-ON,IND>OTH>GRN>LNP,0.5400468532761495,0.4599531467238504,IND>OTH>GRN>ON,0.5073217402067544,0.4926782597932457,IND>OTH>GRN>LNP,ON18,no_synthetic_priority
Laverton,Western Metro,ALP,ALP,ON,0.6170538320522366,0.3829461679477633,0.11705383205223663,ALP-ON,IND>GRN>OTH>LNP,0.6058008535966128,0.39419914640338716,IND>GRN>OTH>ON,0.6170538320522366,0.3829461679477633,IND>GRN>OTH>LNP,Western Metro,ALP,ALP,ON,0.6168192541812643,0.38318074581873574,0.11681925418126426,ALP-ON,IND>GRN>OTH>LNP,0.60568845095672,0.39431154904328003,IND>GRN>OTH>ON,0.6168192541812643,0.38318074581873574,IND>GRN>OTH>LNP,ON18,no_synthetic_priority
Lowan,Western Victoria,LNP,LNP,ON,0.668678241610017,0.331321758389983,0.168678241610017,LNP-ON,IND>OTH>GRN>ALP,0.21932532590525403,0.780674674094746,IND>OTH>GRN>ON,0.27919767070570234,0.7208023292942977,IND>OTH>GRN>LNP,Western Victoria,LNP,LNP,ON,0.6686894859237621,0.33131051407623785,0.1686894859237621,LNP-ON,IND>OTH>GRN>ALP,0.21926096464433723,0.7807390353556628,IND>OTH>GRN>ON,0.27913995594469454,0.7208600440553055,IND>OTH>GRN>LNP,ON18,no_synthetic_priority
Macedon,Northern Victoria,ALP,LNP,ALP,0.5020869170318133,0.4979130829681867,0.0020869170318132957,LNP-ALP,OTH>IND>GRN>ON,0.4979130829681867,0.5020869170318133,OTH>IND>GRN>ON,0.504730652430336,0.49526934756966406,OTH>IND>GRN>LNP,Northern Victoria,ALP,LNP,ALP,0.5046571063627429,0.49534289363725714,0.004657106362742858,LNP-ALP,OTH>IND>GRN>ON,0.49534289363725714,0.5046571063627429,OTH>IND>GRN>ON,0.501741595025695,0.498258404974305,OTH>IND>GRN>LNP,ON18,no_synthetic_priority
Malvern,Southern Metro,LNP,LNP,ALP,0.6292639243887517,0.37073607561124833,0.12926392438875167,LNP-ALP,IND>OTH>ON>GRN,0.37073607561124833,0.6292639243887517,IND>OTH>ON>GRN,0.6221374196235934,0.37786258037640663,IND>OTH>GRN>LNP,Southern Metro,LNP,LNP,ALP,0.6293376107733148,0.37066238922668515,0.12933761077331485,LNP-ALP,IND>OTH>ON>GRN,0.37066238922668515,0.6293376107733148,IND>OTH>ON>GRN,0.6200253947649865,0.3799746052350135,IND>OTH>GRN>LNP,ON18,no_synthetic_priority
Melbourne,Northern Metro,GRN,GRN,ALP,0.5993655667228203,0.40063443327717985,0.09936556672282026,GRN-ALP,IND>OTH>ON>LNP,0.7051133468492894,0.2948866531507106,IND>OTH>ON>GRN,0.7782317644322447,0.22176823556775538,IND>OTH>LNP>GRN,Northern Metro,GRN,GRN,ALP,0.600303060027875,0.3996969399721251,0.10030306002787504,GRN-ALP,IND>OTH>ON>LNP,0.7052239840107389,0.29477601598926106,IND>OTH>ON>GRN,0.7899795295768155,0.21002047042318459,IND>OTH>LNP>GRN,ON18,no_synthetic_priority
Melton,Western Victoria,ALP,ON,ALP,0.5232486953597292,0.47675130464027093,0.023248695359729177,ON-ALP,GRN>OTH>LNP>IND,0.44893432604059896,0.5510656739594011,GRN>OTH>IND>ON,0.47675130464027093,0.5232486953597292,GRN>OTH>LNP>IND,Western Victoria,ALP,ON,ALP,0.5246285437852226,0.4753714562147775,0.024628543785222612,ON-ALP,GRN>OTH>LNP>IND,0.4431272505377169,0.5568727494622832,GRN>OTH>IND>ON,0.4753714562147775,0.5246285437852226,GRN>OTH>LNP>IND,ON18,no_synthetic_priority
Mildura,Northern Victoria,LNP,LNP,IND,0.5457848671266152,0.4542151328733849,0.045784867126615225,LNP-IND,OTH>GRN>ALP>ON,0.27674300690235437,0.7232569930976457,OTH>GRN>ON>IND,0.37183257173557793,0.6281674282644221,OTH>GRN>LNP>IND,Northern Victoria,LNP,LNP,IND,0.545101022865059,0.45489897713494104,0.045101022865059015,LNP-IND,OTH>GRN>ALP>ON,0.2767430069006749,0.7232569930993251,OTH>GRN>ON>IND,0.3718325717327057,0.6281674282672944,OTH>GRN>LNP>IND,ON18,no_synthetic_priority
Mill Park,North-Eastern Metro,ALP,ALP,ON,0.5725324315411608,0.4274675684588391,0.07253243154116085,ALP-ON,IND>GRN>OTH>LNP,0.5697226138217634,0.4302773861782366,IND>GRN>OTH>ON,0.5725324315411608,0.4274675684588391,IND>GRN>OTH>LNP,North-Eastern Metro,ALP,ALP,ON,0.5704277772918002,0.42957222270819984,0.07042777729180016,ALP-ON,IND>GRN>OTH>LNP,0.5666014809664262,0.4333985190335738,IND>GRN>OTH>ON,0.5704277772918002,0.42957222270819984,IND>GRN>OTH>LNP,ON18,no_synthetic_priority
Monbulk,Eastern Victoria,ALP,LNP,ALP,0.5205292481354664,0.4794707518645336,0.020529248135466416,LNP-ALP,OTH>IND>GRN>ON,0.4794707518645336,0.5205292481354664,OTH>IND>GRN>ON,0.4910085867415212,0.5089914132584789,OTH>IND>GRN>LNP,Eastern Victoria,ALP,LNP,ALP,0.526829207172024,0.47317079282797603,0.026829207172023972,LNP-ALP,OTH>IND>GRN>ON,0.47317079282797603,0.526829207172024,OTH>IND>GRN>ON,0.483794416453788,0.516205583546212,OTH>IND>GRN>LNP,ON18,no_synthetic_priority
Mordialloc,South-Eastern Metro,ALP,ALP,LNP,0.5221234428544563,0.4778765571455437,0.022123442854456332,ALP-LNP,OTH>IND>GRN>ON,0.5221234428544563,0.4778765571455437,OTH>IND>GRN>ON,0.607610520042735,0.3923894799572651,OTH>IND>GRN>LNP,South-Eastern Metro,ALP,ALP,LNP,0.5174958270263741,0.48250417297362597,0.01749582702637409,ALP-LNP,OTH>IND>GRN>ON,0.5174958270263741,0.48250417297362597,OTH>IND>GRN>ON,0.6054370142201753,0.3945629857798248,OTH>IND>GRN>LNP,ON18,no_synthetic_priority
Mornington,Eastern Victoria,LNP,LNP,IND,0.6375897370408384,0.36241026295916157,0.13758973704083843,LNP-IND,OTH>GRN>ON>ALP,0.3286171736375935,0.6713828263624065,OTH>GRN>ON>IND,0.38542354673626494,0.6145764532637351,OTH>GRN>IND>LNP,Eastern Victoria,LNP,LNP,IND,0.6362593000596124,0.36374069994038766,0.1362593000596124,LNP-IND,OTH>GRN>ON>ALP,0.32717455452814814,0.6728254454718519,OTH>GRN>ON>IND,0.383084903232993,0.6169150967670071,OTH>GRN>IND>LNP,ON18,no_synthetic_priority
Morwell,Eastern Victoria,LNP,LNP,ON,0.5362602314494751,0.463739768550525,0.0362602314494751,LNP-ON,GRN>OTH>IND>ALP,0.38227230485357444,0.6177276951464257,GRN>OTH>IND>ON,0.37904597048759886,0.6209540295124012,GRN>OTH>IND>LNP,Eastern Victoria,LNP,LNP,ON,0.5361974905296528,0.4638025094703471,0.03619749052965282,LNP-ON,GRN>OTH>IND>ALP,0.38101892576717,0.6189810742328301,GRN>OTH>IND>ON,0.37776478054701945,0.6222352194529807,GRN>OTH>IND>LNP,ON18,no_synthetic_priority
Mulgrave,South-Eastern Metro,ALP,ALP,LNP,0.6191130804359143,0.3808869195640857,0.11911308043591429,ALP-LNP,OTH>GRN>IND>ON,0.6191130804359143,0.3808869195640857,OTH>GRN>IND>ON,0.6457806350147822,0.3542193649852178,OTH>GRN>IND>LNP,South-Eastern Metro,ALP,ALP,LNP,0.617121865084153,0.382878134915847,0.11712186508415301,ALP-LNP,OTH>GRN>IND>ON,0.617121865084153,0.382878134915847,OTH>GRN>IND>ON,0.6446628128635793,0.35533718713642065,OTH>GRN>IND>LNP,ON18,no_synthetic_priority
Murray Plains,Northern Victoria,LNP,LNP,ON,0.6417860503163569,0.358213949683643,0.14178605031635694,LNP-ON,IND>GRN>OTH>ALP,0.19678854049816302,0.803211459501837,IND>GRN>OTH>ON,0.24440168242381471,0.7555983175761853,IND>GRN>OTH>LNP,Northern Victoria,LNP,LNP,ON,0.641291716917289,0.358708283082711,0.14129171691728903,LNP-ON,IND>GRN>OTH>ALP,0.19296653283110934,0.8070334671688907,IND>GRN>OTH>ON,0.23991186904004277,0.7600881309599572,IND>GRN>OTH>LNP,ON18,no_synthetic_priority
Narracan,Eastern Victoria,LNP,LNP,ALP,0.6289530989099753,0.3710469010900247,0.1289530989099753,LNP-ALP,OTH>IND>GRN>ON,0.3710469010900247,0.6289530989099753,OTH>IND>GRN>ON,0.4092295823041608,0.5907704176958392,OTH>IND>GRN>LNP,Eastern Victoria,LNP,LNP,ALP,0.6289530989099753,0.3710469010900247,0.1289530989099753,LNP-ALP,OTH>IND>GRN>ON,0.3710469010900247,0.6289530989099753,OTH>IND>GRN>ON,0.4092295823041608,0.5907704176958392,OTH>IND>GRN>LNP,ON18,no_synthetic_priority
Narre Warren North,South-Eastern Metro,ALP,ALP,ON,0.5436998781084756,0.45630012189152436,0.04369987810847564,ALP-ON,IND>GRN>OTH>LNP,0.5302408643317118,0.46975913566828825,IND>GRN>OTH>ON,0.5436998781084756,0.45630012189152436,IND>GRN>OTH>LNP,South-Eastern Metro,ALP,ALP,ON,0.5416618000955942,0.4583381999044059,0.04166180009559417,ALP-ON,IND>GRN>OTH>LNP,0.5272415419611444,0.47275845803885563,IND>GRN>OTH>ON,0.5416618000955942,0.4583381999044059,IND>GRN>OTH>LNP,ON18,no_synthetic_priority
Narre Warren South,South-Eastern Metro,ALP,ALP,LNP,0.5293943542062507,0.4706056457937493,0.029394354206250695,ALP-LNP,IND>GRN>OTH>ON,0.5293943542062507,0.4706056457937493,IND>GRN>OTH>ON,0.5505531536235724,0.4494468463764276,IND>GRN>OTH>LNP,South-Eastern Metro,ALP,ALP,LNP,0.5266390550826583,0.47336094491734176,0.02663905508265829,ALP-LNP,IND>GRN>OTH>ON,0.5266390550826583,0.47336094491734176,IND>GRN>OTH>ON,0.5486180549185725,0.4513819450814276,IND>GRN>OTH>LNP,ON18,no_synthetic_priority
Nepean,Eastern Victoria,LNP,LNP,ALP,0.6430809456759552,0.35691905432404475,0.1430809456759552,LNP-ALP,OTH>IND>GRN>ON,0.35691905432404475,0.6430809456759552,OTH>IND>GRN>ON,0.422713338429868,0.577286661570132,OTH>IND>GRN>LNP,Eastern Victoria,LNP,LNP,ALP,0.6463651436090112,0.35363485639098874,0.1463651436090112,LNP-ALP,OTH>IND>GRN>ON,0.35363485639098874,0.6463651436090112,OTH>IND>GRN>ON,0.4195952324930733,0.5804047675069267,OTH>IND>GRN>LNP,ON18,no_synthetic_priority
Niddrie,Western Metro,ALP,LNP,ALP,0.5064345969167316,0.49356540308326835,0.00643459691673165,LNP-ALP,IND>OTH>GRN>ON,0.49356540308326835,0.5064345969167316,IND>OTH>GRN>ON,0.5604446182892794,0.4395553817107207,IND>OTH>GRN>LNP,Western Metro,ALP,LNP,ALP,0.5099146790706626,0.4900853209293374,0.009914679070662569,LNP-ALP,IND>OTH>GRN>ON,0.4900853209293374,0.5099146790706626,IND>OTH>GRN>ON,0.5587836109743018,0.44121638902569815,IND>OTH>GRN>LNP,ON18,no_synthetic_priority
Northcote,Northern Metro,ALP,GRN,ALP,0.5136689779483207,0.4863310220516794,0.01366897794832067,GRN-ALP,IND>OTH>LNP>ON,0.7456654300891068,0.25433456991089315,IND>OTH>ON>GRN,0.760772828010266,0.23922717198973398,IND>OTH>LNP>GRN,Northern Metro,ALP,GRN,ALP,0.5162992196233737,0.4837007803766264,0.016299219623373662,GRN-ALP,IND>OTH>LNP>ON,0.745690106634771,0.25430989336522897,IND>OTH>ON>GRN,0.7682282222362813,0.23177177776371874,IND>OTH>LNP>GRN,ON18,no_synthetic_priority
Oakleigh,Southern Metro,ALP,ALP,LNP,0.5673797414034294,0.4326202585965707,0.0673797414034294,ALP-LNP,OTH>IND>GRN>ON,0.5673797414034294,0.4326202585965707,OTH>IND>GRN>ON,0.6434413385928308,0.3565586614071693,OTH>IND>GRN>LNP,Southern Metro,ALP,ALP,LNP,0.564244216335697,0.4357557836643031,0.06424421633569699,ALP-LNP,OTH>IND>GRN>ON,0.564244216335697,0.4357557836643031,OTH>IND>GRN>ON,0.6422894451815273,0.3577105548184728,OTH>IND>GRN>LNP,ON18,no_synthetic_priority
Ovens Valley,Northern Victoria,LNP,LNP,ON,0.6302382441311644,0.3697617558688357,0.13023824413116436,LNP-ON,IND>GRN>OTH>ALP,0.2736116455700114,0.7263883544299887,IND>GRN>OTH>ON,0.30137943756433994,0.6986205624356602,IND>GRN>OTH>LNP,Northern Victoria,LNP,LNP,ON,0.6303058813241866,0.3696941186758134,0.13030588132418663,LNP-ON,IND>GRN>OTH>ALP,0.2733170024624808,0.7266829975375193,IND>GRN>OTH>ON,0.30110386155113,0.6988961384488701,IND>GRN>OTH>LNP,ON18,no_synthetic_priority
Pakenham,Eastern Victoria,ALP,LNP,ALP,0.5865813696354715,0.4134186303645285,0.08658136963547147,LNP-ALP,IND>GRN>OTH>ON,0.4134186303645285,0.5865813696354715,IND>GRN>OTH>ON,0.41167801664839326,0.5883219833516067,IND>GRN>OTH>LNP,Eastern Victoria,ALP,LNP,ALP,0.5866020478845931,0.4133979521154068,0.08660204788459314,LNP-ALP,IND>GRN>OTH>ON,0.4133979521154068,0.5866020478845931,IND>GRN>OTH>ON,0.4116470153618334,0.5883529846381665,IND>GRN>OTH>LNP,ON18,no_synthetic_priority
Pascoe Vale,Northern Metro,ALP,ALP,GRN,0.5410315126657844,0.45896848733421564,0.04103151266578442,ALP-GRN,OTH>IND>LNP>ON,0.6320385879032042,0.3679614120967958,OTH>IND>ON>GRN,0.6932616856749434,0.3067383143250566,OTH>IND>LNP>GRN,Northern Metro,ALP,ALP,GRN,0.5380449763634625,0.46195502363653757,0.03804497636346249,ALP-GRN,OTH>IND>LNP>ON,0.6320165998391365,0.3679834001608635,OTH>IND>ON>GRN,0.7003043623916476,0.2996956376083524,OTH>IND>LNP>GRN,ON18,no_synthetic_priority
Point Cook,Western Metro,ALP,ALP,ON,0.539563008632595,0.4604369913674051,0.03956300863259499,ALP-ON,OTH>GRN>IND>LNP,0.5360196708889841,0.46398032911101605,OTH>GRN>IND>ON,0.539563008632595,0.4604369913674051,OTH>GRN>IND>LNP,Western Metro,ALP,ALP,ON,0.5390712663617622,0.4609287336382379,0.03907126636176217,ALP-ON,OTH>GRN>IND>LNP,0.5352027685773845,0.46479723142261564,OTH>GRN>IND>ON,0.5390712663617622,0.4609287336382379,OTH>GRN>IND>LNP,ON18,no_synthetic_priority
Polwarth,Western Victoria,LNP,LNP,ALP,0.6059301373471849,0.3940698626528152,0.10593013734718493,LNP-ALP,IND>OTH>GRN>ON,0.3940698626528152,0.6059301373471849,IND>OTH>GRN>ON,0.4388973454601443,0.5611026545398557,IND>OTH>GRN>LNP,Western Victoria,LNP,LNP,ALP,0.6095125282982864,0.39048747170171366,0.1095125282982864,LNP-ALP,IND>OTH>GRN>ON,0.39048747170171366,0.6095125282982864,IND>OTH>GRN>ON,0.43489528453633786,0.5651047154636623,IND>OTH>GRN>LNP,ON18,no_synthetic_priority
Prahran,Southern Metro,Greens,GRN,LNP,0.5620724005327992,0.43792759946720083,0.062072400532799166,GRN-LNP,IND>OTH>ON>ALP,0.5760604796049901,0.42393952039500993,IND>OTH>ON>GRN,0.7088926361398825,0.2911073638601175,IND>OTH>LNP>GRN,Southern Metro,Greens,GRN,LNP,0.5619731095258877,0.4380268904741123,0.06197310952588775,GRN-LNP,IND>OTH>ON>ALP,0.575725055394011,0.424274944605989,IND>OTH>ON>GRN,0.7090646946994894,0.29093530530051065,IND>OTH>LNP>GRN,ON18,no_synthetic_priority
Preston,Northern Metro,ALP,ALP,ON,0.6544367747229329,0.34556322527706707,0.15443677472293293,ALP-ON,OTH>IND>LNP>GRN,0.6146551278082728,0.38534487219172714,OTH>IND>GRN>ON,0.6544367747229329,0.34556322527706707,OTH>IND>LNP>GRN,Northern Metro,ALP,ALP,ON,0.661648776722651,0.3383512232773491,0.161648776722651,ALP-ON,OTH>IND>LNP>GRN,0.6152282405152532,0.3847717594847469,OTH>IND>GRN>ON,0.661648776722651,0.3383512232773491,OTH>IND>LNP>GRN,ON18,no_synthetic_priority
Richmond,Northern Metro,GRN,GRN,ALP,0.5652470237278461,0.43475297627215387,0.06524702372784608,GRN-ALP,IND>OTH>ON>LNP,0.7388022967145468,0.26119770328545316,IND>OTH>ON>GRN,0.7915160589410373,0.20848394105896267,IND>OTH>LNP>GRN,Northern Metro,GRN,GRN,ALP,0.5658364174596044,0.4341635825403955,0.06583641745960445,GRN-ALP,IND>OTH>ON>LNP,0.7390437749803309,0.26095622501966914,IND>OTH>ON>GRN,0.8005903903022908,0.19940960969770913,IND>OTH>LNP>GRN,ON18,no_synthetic_priority
Ringwood,North-Eastern Metro,LNP,ALP,LNP,0.5035555222989893,0.4964444777010108,0.0035555222989892554,ALP-LNP,IND>OTH>ON>GRN,0.5035555222989893,0.4964444777010108,IND>OTH>ON>GRN,0.5988851635053728,0.40111483649462715,IND>OTH>GRN>LNP,North-Eastern Metro,LNP,ALP,LNP,0.5033862105597979,0.496613789440202,0.003386210559797931,ALP-LNP,IND>OTH>ON>GRN,0.5033862105597979,0.496613789440202,IND>OTH>ON>GRN,0.5963736599665261,0.4036263400334739,IND>OTH>GRN>LNP,ON18,no_synthetic_priority
Ripon,Western Victoria,ALP,LNP,ALP,0.5659915143433164,0.4340084856566837,0.0659915143433164,LNP-ALP,IND>GRN>OTH>ON,0.4340084856566837,0.5659915143433164,IND>GRN>OTH>ON,0.4260187062646747,0.5739812937353254,IND>GRN>OTH>LNP,Western Victoria,ALP,LNP,ALP,0.5669683931828278,0.43303160681717234,0.06696839318282777,LNP-ALP,IND>GRN>OTH>ON,0.43303160681717234,0.5669683931828278,IND>GRN>OTH>ON,0.4232726225157639,0.5767273774842362,IND>GRN>OTH>LNP,ON18,no_synthetic_priority
Rowville,South-Eastern Metro,LNP,LNP,ALP,0.5940128199276961,0.405987180072304,0.09401281992769606,LNP-ALP,OTH>GRN>IND>ON,0.405987180072304,0.5940128199276961,OTH>GRN>IND>ON,0.5279266783757184,0.4720733216242817,OTH>GRN>IND>LNP,South-Eastern Metro,LNP,LNP,ALP,0.5972378774837346,0.4027621225162655,0.09723787748373458,LNP-ALP,OTH>GRN>IND>ON,0.4027621225162655,0.5972378774837346,OTH>GRN>IND>ON,0.5268816580746444,0.4731183419253556,OTH>GRN>IND>LNP,ON18,no_synthetic_priority
Sandringham,Southern Metro,LNP,LNP,ALP,0.6121065304945128,0.3878934695054873,0.1121065304945128,LNP-ALP,OTH>IND>ON>GRN,0.3878934695054873,0.6121065304945128,OTH>IND>ON>GRN,0.5546142329072491,0.445385767092751,OTH>IND>GRN>LNP,Southern Metro,LNP,LNP,ALP,0.6126918117976609,0.38730818820233925,0.11269181179766086,LNP-ALP,OTH>IND>ON>GRN,0.38730818820233925,0.6126918117976609,OTH>IND>ON>GRN,0.5525265135079037,0.44747348649209623,OTH>IND>GRN>LNP,ON18,no_synthetic_priority
Shepparton,Northern Victoria,LNP,LNP,IND,0.6032642791479348,0.39673572085206515,0.10326427914793479,LNP-IND,OTH>GRN>ALP>ON,0.2534232848678649,0.7465767151321351,OTH>GRN>ON>IND,0.3032018342323048,0.6967981657676952,OTH>GRN>IND>LNP,Northern Victoria,LNP,LNP,IND,0.6029853721184973,0.39701462788150266,0.10298537211849734,LNP-IND,OTH>GRN>ALP>ON,0.2534232848678649,0.7465767151321351,OTH>GRN>ON>IND,0.3031428389560064,0.6968571610439936,OTH>GRN>IND>LNP,ON18,no_synthetic_priority
South Barwon,Western Victoria,ALP,LNP,ALP,0.5147588280413407,0.4852411719586594,0.014758828041340655,LNP-ALP,IND>OTH>GRN>ON,0.4852411719586594,0.5147588280413407,IND>OTH>GRN>ON,0.5338207745993073,0.4661792254006927,IND>OTH>GRN>LNP,Western Victoria,ALP,LNP,ALP,0.5182840492653528,0.48171595073464724,0.018284049265352764,LNP-ALP,IND>OTH>GRN>ON,0.48171595073464724,0.5182840492653528,IND>OTH>GRN>ON,0.5302195099066329,0.46978049009336714,IND>OTH>GRN>LNP,ON18,no_synthetic_priority
South-West Coast,Western Victoria,LNP,LNP,IND,0.6013996903024614,0.39860030969753857,0.10139969030246143,LNP-IND,OTH>GRN>ON>ALP,0.34152195014701564,0.6584780498529844,OTH>GRN>ON>IND,0.36717824542408667,0.6328217545759134,OTH>GRN>IND>LNP,Western Victoria,LNP,LNP,IND,0.600638257179532,0.39936174282046805,0.10063825717953201,LNP-IND,OTH>GRN>ON>ALP,0.34017261962406625,0.6598273803759338,OTH>GRN>ON>IND,0.36734262960510694,0.6326573703948931,OTH>GRN>IND>LNP,ON18,no_synthetic_priority
St Albans,Western Metro,ALP,ALP,LNP,0.5593837319457582,0.44061626805424176,0.05938373194575819,ALP-LNP,IND>GRN>OTH>ON,0.5593837319457582,0.44061626805424176,IND>GRN>OTH>ON,0.5890653574885355,0.41093464251146444,IND>GRN>OTH>LNP,Western Metro,ALP,ALP,LNP,0.5587610128349706,0.44123898716502946,0.058761012834970594,ALP-LNP,IND>GRN>OTH>ON,0.5587610128349706,0.44123898716502946,IND>GRN>OTH>ON,0.5885743887767241,0.4114256112232759,IND>GRN>OTH>LNP,ON18,no_synthetic_priority
Sunbury,Western Metro,ALP,LNP,ALP,0.5263881672552403,0.47361183274475965,0.02638816725524029,LNP-ALP,IND>OTH>GRN>ON,0.47361183274475965,0.5263881672552403,IND>OTH>GRN>ON,0.47709678294532737,0.5229032170546726,IND>OTH>GRN>LNP,Western Metro,ALP,LNP,ALP,0.5302323679914854,0.4697676320085146,0.03023236799148543,LNP-ALP,IND>OTH>GRN>ON,0.4697676320085146,0.5302323679914854,IND>OTH>GRN>ON,0.47294549543610914,0.5270545045638908,IND>OTH>GRN>LNP,ON18,no_synthetic_priority
Sydenham,Western Metro,ALP,ALP,LNP,0.5264499102904958,0.47355008970950413,0.026449910290495815,ALP-LNP,IND>GRN>OTH>ON,0.5264499102904958,0.47355008970950413,IND>GRN>OTH>ON,0.544692965984493,0.45530703401550704,IND>GRN>OTH>LNP,Western Metro,ALP,ALP,LNP,0.524450234479348,0.47554976552065203,0.02445023447934802,ALP-LNP,IND>GRN>OTH>ON,0.524450234479348,0.47554976552065203,IND>GRN>OTH>ON,0.5433324796475689,0.4566675203524312,IND>GRN>OTH>LNP,ON18,no_synthetic_priority
Tarneit,Western Metro,ALP,ALP,LNP,0.5602715755905368,0.43972842440946325,0.06027157559053675,ALP-LNP,IND>OTH>GRN>ON,0.5602715755905368,0.43972842440946325,IND>OTH>GRN>ON,0.5810168880425375,0.4189831119574625,IND>OTH>GRN>LNP,Western Metro,ALP,ALP,LNP,0.56787976142627,0.43212023857373005,0.06787976142626995,ALP-LNP,IND>GRN>OTH>ON,0.56787976142627,0.43212023857373005,IND>GRN>OTH>ON,0.5820884159960106,0.4179115840039895,IND>GRN>OTH>LNP,ON18,no_synthetic_priority
Thomastown,Northern Metro,ALP,ALP,ON,0.6045885719409735,0.39541142805902646,0.10458857194097348,ALP-ON,IND>GRN>OTH>LNP,0.6093851509062572,0.39061484909374283,IND>GRN>OTH>ON,0.6045885719409735,0.39541142805902646,IND>GRN>OTH>LNP,Northern Metro,ALP,ALP,ON,0.6038124661884077,0.39618753381159233,0.10381246618840767,ALP-ON,IND>GRN>OTH>LNP,0.6088326659947001,0.39116733400529996,IND>GRN>OTH>ON,0.6038124661884077,0.39618753381159233,IND>GRN>OTH>LNP,ON18,no_synthetic_priority
Warrandyte,North-Eastern Metro,LNP,LNP,ALP,0.6147750131173438,0.3852249868826562,0.11477501311734384,LNP-ALP,IND>OTH>GRN>ON,0.3852249868826562,0.6147750131173438,IND>OTH>GRN>ON,0.535234096787774,0.46476590321222594,IND>OTH>GRN>LNP,North-Eastern Metro,LNP,LNP,ALP,0.6183380904214457,0.38166190957855434,0.11833809042144572,LNP-ALP,IND>OTH>GRN>ON,0.38166190957855434,0.6183380904214457,IND>OTH>GRN>ON,0.533263166317683,0.46673683368231705,IND>OTH>GRN>LNP,ON18,no_synthetic_priority
Wendouree,Western Victoria,ALP,ALP,LNP,0.5101401411857764,0.4898598588142235,0.010140141185776441,ALP-LNP,IND>OTH>GRN>ON,0.5101401411857764,0.4898598588142235,IND>OTH>GRN>ON,0.541511022641805,0.4584889773581951,IND>OTH>GRN>LNP,Western Victoria,ALP,ALP,LNP,0.5069730154817956,0.49302698451820437,0.00697301548179563,ALP-LNP,IND>OTH>GRN>ON,0.5069730154817956,0.49302698451820437,IND>OTH>GRN>ON,0.5384259779442336,0.46157402205576636,IND>OTH>GRN>LNP,ON18,no_synthetic_priority
Werribee,Western Metro,ALP,ON,ALP,0.5054495584246513,0.4945504415753486,0.005449558424651335,ON-ALP,OTH>GRN>IND>LNP,0.5169979942146785,0.4830020057853215,OTH>GRN>IND>ON,0.4945504415753486,0.5054495584246513,OTH>GRN>IND>LNP,Western Metro,ALP,ON,ALP,0.5066755560359563,0.49332444396404374,0.006675556035956265,ON-ALP,OTH>GRN>IND>LNP,0.5166115729300761,0.4833884270699239,OTH>GRN>IND>ON,0.49332444396404374,0.5066755560359563,OTH>GRN>IND>LNP,ON18,no_synthetic_priority
Williamstown,Western Metro,ALP,ALP,LNP,0.5868205246951167,0.41317947530488325,0.0868205246951167,ALP-LNP,IND>OTH>GRN>ON,0.5868205246951167,0.41317947530488325,IND>OTH>GRN>ON,0.6496841342400383,0.3503158657599617,IND>OTH>GRN>LNP,Western Metro,ALP,ALP,LNP,0.583695264077537,0.41630473592246303,0.08369526407753702,ALP-LNP,IND>OTH>GRN>ON,0.583695264077537,0.41630473592246303,IND>OTH>GRN>ON,0.6485213050541917,0.3514786949458083,IND>OTH>GRN>LNP,ON18,no_synthetic_priority
Yan Yean,Northern Victoria,ALP,LNP,ALP,0.5112957105717405,0.48870428942825955,0.011295710571740503,LNP-ALP,IND>GRN>OTH>ON,0.48870428942825955,0.5112957105717405,IND>GRN>OTH>ON,0.49188962973287714,0.5081103702671229,IND>GRN>OTH>LNP,Northern Victoria,ALP,LNP,ALP,0.5131386778820516,0.4868613221179485,0.013138677882051586,LNP-ALP,IND>GRN>OTH>ON,0.4868613221179485,0.5131386778820516,IND>GRN>OTH>ON,0.48896433017717933,0.5110356698228208,IND>GRN>OTH>LNP,ON18,no_synthetic_priority
Albert Park,Southern Metro,ALP,ALP,LNP,0.5431405294358703,0.4568594705641296,0.04314052943587032,ALP-LNP,OTH>IND>ON>GRN,0.5431405294358703,0.4568594705641296,OTH>IND>ON>GRN,0.663923247552631,0.33607675244736895,OTH>IND>GRN>LNP,Southern Metro,ALP,ALP,LNP,0.5715991318510334,0.42840086814896655,0.07159913185103339,ALP-LNP,OTH>IND>ON>GRN,0.5715991318510334,0.42840086814896655,OTH>IND>ON>GRN,0.6819968728391441,0.3180031271608558,OTH>IND>GRN>LNP,ON18,simplified
Ashwood,Southern Metro,ALP,LNP,ALP,0.5129306399244064,0.48706936007559365,0.01293063992440635,LNP-ALP,OTH>IND>ON>GRN,0.48706936007559365,0.5129306399244064,OTH>IND>ON>GRN,0.6418924229603522,0.3581075770396478,OTH>IND>GRN>LNP,Southern Metro,ALP,LNP,ALP,0.5055595078846656,0.4944404921153343,0.005559507884665638,LNP-ALP,OTH>IND>ON>GRN,0.4944404921153343,0.5055595078846656,OTH>IND>ON>GRN,0.6378528492631621,0.36214715073683784,OTH>IND>GRN>LNP,ON18,simplified
Bass,Eastern Victoria,ALP,LNP,ALP,0.5961650628407147,0.4038349371592853,0.09616506284071469,LNP-ALP,OTH>IND>GRN>ON,0.4038349371592853,0.5961650628407147,OTH>IND>GRN>ON,0.4165441527195693,0.5834558472804308,OTH>IND>GRN>LNP,Eastern Victoria,ALP,LNP,ALP,0.6139313031199971,0.38606869688000295,0.11393130311999711,LNP-ALP,OTH>IND>GRN>ON,0.38606869688000295,0.6139313031199971,OTH>IND>GRN>ON,0.406098359828046,0.5939016401719541,OTH>IND>GRN>LNP,ON18,simplified
Bayswater,North-Eastern Metro,ALP,LNP,ALP,0.556569025665904,0.44343097433409595,0.05656902566590405,LNP-ALP,IND>OTH>GRN>ON,0.44343097433409595,0.556569025665904,IND>OTH>GRN>ON,0.5457609639134141,0.45423903608658595,IND>OTH>GRN>LNP,North-Eastern Metro,ALP,LNP,ALP,0.5513778968829866,0.44862210311701345,0.05137789688298655,LNP-ALP,IND>OTH>GRN>ON,0.44862210311701345,0.5513778968829866,IND>OTH>GRN>ON,0.5422446618579294,0.4577553381420706,IND>OTH>GRN>LNP,ON18,simplified
Bellarine,Western Victoria,ALP,ALP,LNP,0.5145312786441061,0.48546872135589403,0.014531278644106083,ALP-LNP,OTH>IND>GRN>ON,0.5145312786441061,0.48546872135589403,OTH>IND>GRN>ON,0.5549127551724121,0.44508724482758794,OTH>IND>GRN>LNP,Western Victoria,ALP,ALP,LNP,0.5044331326215711,0.49556686737842903,0.004433132621571079,ALP-LNP,OTH>IND>GRN>ON,0.5044331326215711,0.49556686737842903,OTH>IND>GRN>ON,0.5420566270459038,0.45794337295409626,OTH>IND>GRN>LNP,ON18,simplified
Benambra,Northern Victoria,LNP,LNP,IND,0.5858011792433285,0.4141988207566714,0.08580117924332853,LNP-IND,OTH>GRN>ALP>ON,0.29111006867199835,0.7088899313280016,OTH>GRN>ON>IND,0.3010061117038892,0.6989938882961109,OTH>GRN>IND>LNP,Northern Victoria,LNP,LNP,IND,0.5847235128377374,0.4152764871622626,0.08472351283773738,LNP-IND,OTH>GRN>ALP>ON,0.2626884094634705,0.7373115905365295,OTH>GRN>ON>IND,0.26733373791022125,0.7326662620897787,OTH>GRN>IND>LNP,ON18,simplified
Bendigo East,Northern Victoria,ALP,ALP,LNP,0.5287893730336248,0.47121062696637517,0.028789373033624832,ALP-LNP,OTH>IND>GRN>ON,0.5287893730336248,0.47121062696637517,OTH>IND>GRN>ON,0.5807147761642316,0.4192852238357684,OTH>IND>GRN>LNP,Northern Victoria,ALP,ALP,LNP,0.5197087013423702,0.48029129865762976,0.01970870134237024,ALP-LNP,OTH>IND>GRN>ON,0.5197087013423702,0.48029129865762976,OTH>IND>GRN>ON,0.5712226840655437,0.4287773159344563,OTH>IND>GRN>LNP,ON18,simplified
Bendigo West,Northern Victoria,ALP,ALP,LNP,0.5671985795274707,0.43280142047252934,0.06719857952747066,ALP-LNP,IND>OTH>GRN>ON,0.5671985795274707,0.43280142047252934,IND>OTH>GRN>ON,0.5890007661816664,0.4109992338183336,IND>OTH>GRN>LNP,Northern Victoria,ALP,ALP,LNP,0.5566246514275568,0.44337534857244326,0.056624651427556794,ALP-LNP,IND>OTH>GRN>ON,0.5566246514275568,0.44337534857244326,IND>OTH>GRN>ON,0.5757200807436866,0.4242799192563135,IND>OTH>GRN>LNP,ON18,simplified
Bentleigh,Southern Metro,ALP,ALP,LNP,0.5110585125249152,0.48894148747508487,0.011058512524915187,ALP-LNP,OTH>IND>GRN>ON,0.5110585125249152,0.48894148747508487,OTH>IND>GRN>ON,0.634505923981522,0.3654940760184781,OTH>IND>GRN>LNP,Southern Metro,ALP,ALP,LNP,0.5159827802807622,0.4840172197192378,0.015982780280762166,ALP-LNP,OTH>IND>GRN>ON,0.5159827802807622,0.4840172197192378,OTH>IND>GRN>ON,0.6312556092654293,0.3687443907345707,OTH>IND>GRN>LNP,ON18,simplified
Berwick,South-Eastern Metro,LNP,LNP,ALP,0.617833037175231,0.3821669628247691,0.11783303717523097,LNP-ALP,IND>OTH>GRN>ON,0.3821669628247691,0.617833037175231,IND>OTH>GRN>ON,0.43773314503906346,0.5622668549609365,IND>OTH>GRN>LNP,South-Eastern Metro,LNP,LNP,ALP,0.6297608993124253,0.3702391006875747,0.1297608993124253,LNP-ALP,IND>OTH>GRN>ON,0.3702391006875747,0.6297608993124253,IND>OTH>GRN>ON,0.42788701116691524,0.5721129888330848,IND>OTH>GRN>LNP,ON18,simplified
Box Hill,North-Eastern Metro,ALP,LNP,ALP,0.500556314287367,0.4994436857126329,0.0005563142873670213,LNP-ALP,IND>OTH>ON>GRN,0.4994436857126329,0.500556314287367,IND>OTH>ON>GRN,0.6518344204979745,0.3481655795020255,IND>OTH>GRN>LNP,North-Eastern Metro,ALP,ALP,LNP,0.5065558966918502,0.49344410330814986,0.006555896691850194,ALP-LNP,IND>OTH>ON>GRN,0.5065558966918502,0.49344410330814986,IND>OTH>ON>GRN,0.6474899240706452,0.3525100759293548,IND>OTH>GRN>LNP,ON18,simplified
Brighton,Southern Metro,LNP,LNP,ALP,0.6210533606289568,0.37894663937104317,0.12105336062895677,LNP-ALP,OTH>IND>ON>GRN,0.37894663937104317,0.6210533606289568,OTH>IND>ON>GRN,0.5983762683838634,0.40162373161613674,OTH>IND>GRN>LNP,Southern Metro,LNP,LNP,ALP,0.5915585830821483,0.4084414169178517,0.09155858308214826,LNP-ALP,OTH>IND>ON>GRN,0.4084414169178517,0.5915585830821483,OTH>IND>ON>GRN,0.6182053025078574,0.3817946974921425,OTH>IND>GRN>LNP,ON18,simplified
Broadmeadows,Northern Metro,ALP,ALP,ON,0.5997096003711184,0.4002903996288816,0.09970960037111842,ALP-ON,IND>GRN>OTH>LNP,0.5886502123968531,0.41134978760314683,IND>GRN>OTH>ON,0.5997096003711184,0.4002903996288816,IND>GRN>OTH>LNP,Northern Metro,ALP,ALP,ON,0.5923534207237885,0.4076465792762115,0.09235342072378849,ALP-ON,IND>GRN>OTH>LNP,0.6046216964015513,0.3953783035984487,IND>GRN>OTH>ON,0.5923534207237885,0.4076465792762115,IND>GRN>OTH>LNP,ON18,simplified
Brunswick,Northern Metro,GRN,GRN,ALP,0.6294733422496175,0.37052665775038246,0.12947334224961748,GRN-ALP,IND>OTH>LNP>ON,0.7267762872118028,0.2732237127881972,IND>OTH>ON>GRN,0.7728043312769106,0.2271956687230894,IND>OTH>LNP>GRN,Northern Metro,GRN,GRN,ALP,0.6339740962317608,0.3660259037682391,0.13397409623176082,GRN-ALP,IND>OTH>LNP>ON,0.7765688579623058,0.22343114203769418,IND>OTH>ON>GRN,0.7975876598333702,0.20241234016662984,IND>OTH>LNP>GRN,ON18,simplified
Bulleen,North-Eastern Metro,LNP,LNP,ALP,0.625359490152003,0.37464050984799707,0.12535949015200298,LNP-ALP,IND>OTH>ON>GRN,0.37464050984799707,0.625359490152003,IND>OTH>ON>GRN,0.5797460607702457,0.4202539392297543,IND>OTH>GRN>LNP,North-Eastern Metro,LNP,LNP,ALP,0.6194133594756183,0.38058664052438174,0.11941335947561826,LNP-ALP,IND>OTH>ON>GRN,0.38058664052438174,0.6194133594756183,IND>OTH>ON>GRN,0.5754201678247791,0.424579832175221,IND>OTH>GRN>LNP,ON18,simplified
Bundoora,North-Eastern Metro,ALP,ALP,LNP,0.5658825485824732,0.43411745141752683,0.06588254858247322,ALP-LNP,IND>OTH>GRN>ON,0.5658825485824732,0.43411745141752683,IND>OTH>GRN>ON,0.6590568995301386,0.34094310046986154,IND>OTH>GRN>LNP,North-Eastern Metro,ALP,ALP,LNP,0.5693022567276226,0.4306977432723774,0.06930225672762258,ALP-LNP,IND>OTH>GRN>ON,0.5693022567276226,0.4306977432723774,IND>OTH>GRN>ON,0.6545370264380934,0.3454629735619067,IND>OTH>GRN>LNP,ON18,simplified
Carrum,South-Eastern Metro,ALP,ALP,LNP,0.5104783784132269,0.48952162158677315,0.010478378413226852,ALP-LNP,IND>OTH>GRN>ON,0.5104783784132269,0.48952162158677315,IND>OTH>GRN>ON,0.5241085456765463,0.47589145432345364,IND>OTH>GRN>LNP,South-Eastern Metro,ALP,LNP,ALP,0.5012929920261568,0.4987070079738431,0.0012929920261568473,LNP-ALP,IND>OTH>GRN>ON,0.4987070079738431,0.5012929920261568,IND>OTH>GRN>ON,0.5139215774080195,0.48607842259198053,IND>OTH>GRN>LNP,ON18,simplified
Caulfield,Southern Metro,LNP,LNP,ALP,0.5951168101632138,0.4048831898367863,0.09511681016321383,LNP-ALP,OTH>IND>ON>GRN,0.4048831898367863,0.5951168101632138,OTH>IND>ON>GRN,0.6160493059891922,0.3839506940108079,OTH>IND>GRN>LNP,Southern Metro,LNP,LNP,ALP,0.5715734569630625,0.42842654303693756,0.0715734569630625,LNP-ALP,OTH>IND>ON>GRN,0.42842654303693756,0.5715734569630625,OTH>IND>ON>GRN,0.6309549129688603,0.3690450870311397,OTH>IND>GRN>LNP,ON18,simplified
Clarinda,South-Eastern Metro,ALP,ALP,LNP,0.5350523981305406,0.4649476018694595,0.03505239813054062,ALP-LNP,OTH>GRN>IND>ON,0.5350523981305406,0.4649476018694595,OTH>GRN>IND>ON,0.6213556572457288,0.3786443427542712,OTH>GRN>IND>LNP,South-Eastern Metro,ALP,ALP,LNP,0.544650061894758,0.455349938105242,0.04465006189475795,ALP-LNP,OTH>GRN>IND>ON,0.544650061894758,0.455349938105242,OTH>GRN>IND>ON,0.6154275931771487,0.38457240682285143,OTH>GRN>IND>LNP,ON18,simplified
Cranbourne,South-Eastern Metro,ALP,ALP,ON,0.5260223908369124,0.4739776091630877,0.02602239083691238,ALP-ON,IND>GRN>OTH>LNP,0.502816049738543,0.497183950261457,IND>GRN>OTH>ON,0.5260223908369124,0.4739776091630877,IND>GRN>OTH>LNP,South-Eastern Metro,ALP,ALP,ON,0.5224954773710356,0.47750452262896437,0.022495477371035633,ALP-ON,IND>GRN>OTH>LNP,0.5148695116797462,0.4851304883202539,IND>GRN>OTH>ON,0.5224954773710356,0.47750452262896437,IND>GRN>OTH>LNP,ON18,simplified
Croydon,North-Eastern Metro,LNP,LNP,ALP,0.592725087563626,0.4072749124363741,0.09272508756362596,LNP-ALP,IND>OTH>GRN>ON,0.4072749124363741,0.592725087563626,IND>OTH>GRN>ON,0.5271157999206137,0.4728842000793863,IND>OTH>GRN>LNP,North-Eastern Metro,LNP,LNP,ALP,0.5878351980185085,0.4121648019814915,0.08783519801850848,LNP-ALP,IND>OTH>GRN>ON,0.4121648019814915,0.5878351980185085,IND>OTH>GRN>ON,0.5234105011862905,0.47658949881370954,IND>OTH>GRN>LNP,ON18,simplified
Dandenong,South-Eastern Metro,ALP,ALP,ON,0.6304019775119795,0.3695980224880206,0.13040197751197946,ALP-ON,IND>OTH>GRN>LNP,0.6147298775410079,0.385270122458992,IND>OTH>GRN>ON,0.6304019775119795,0.3695980224880206,IND>OTH>GRN>LNP,South-Eastern Metro,ALP,ALP,ON,0.6291152685543587,0.37088473144564127,0.12911526855435873,ALP-ON,IND>OTH>GRN>LNP,0.6244741482396692,0.37552585176033076,IND>OTH>GRN>ON,0.6291152685543587,0.37088473144564127,IND>OTH>GRN>LNP,ON18,simplified
Eildon,Northern Victoria,LNP,LNP,ALP,0.6356340926280165,0.3643659073719836,0.1356340926280165,LNP-ALP,IND>OTH>GRN>ON,0.3643659073719836,0.6356340926280165,IND>OTH>GRN>ON,0.39680222794869946,0.6031977720513005,IND>OTH>GRN>LNP,Northern Victoria,LNP,LNP,ALP,0.6501973099472966,0.34980269005270337,0.15019730994729663,LNP-ALP,IND>OTH>GRN>ON,0.34980269005270337,0.6501973099472966,IND>OTH>GRN>ON,0.39017554820088196,0.609824451799118,IND>OTH>GRN>LNP,ON18,simplified
Eltham,North-Eastern Metro,ALP,ALP,LNP,0.5137522405857256,0.4862477594142744,0.01375224058572555,ALP-LNP,IND>OTH>GRN>ON,0.5137522405857256,0.4862477594142744,IND>OTH>GRN>ON,0.6057239479681661,0.39427605203183386,IND>OTH>GRN>LNP,North-Eastern Metro,ALP,ALP,LNP,0.5192952403101858,0.48070475968981424,0.019295240310185813,ALP-LNP,IND>OTH>GRN>ON,0.5192952403101858,0.48070475968981424,IND>OTH>GRN>ON,0.602764631095678,0.39723536890432193,IND>OTH>GRN>LNP,ON18,simplified
Essendon,Northern Metro,ALP,ALP,LNP,0.5244188412238273,0.47558115877617263,0.024418841223827314,ALP-LNP,IND>OTH>GRN>ON,0.5244188412238273,0.47558115877617263,IND>OTH>GRN>ON,0.5999174093289977,0.4000825906710022,IND>OTH>GRN>LNP,Northern Metro,ALP,ALP,LNP,0.5323148473482124,0.4676851526517875,0.03231484734821244,ALP-LNP,IND>OTH>GRN>ON,0.5323148473482124,0.4676851526517875,IND>OTH>GRN>ON,0.5948166744609468,0.40518332553905323,IND>OTH>GRN>LNP,ON18,simplified
Eureka,Western Victoria,ALP,LNP,ALP,0.5159789460652511,0.484021053934749,0.015978946065251076,LNP-ALP,IND>OTH>GRN>ON,0.484021053934749,0.5159789460652511,IND>OTH>GRN>ON,0.46579514495716523,0.5342048550428348,IND>OTH>GRN>LNP,Western Victoria,ALP,ON,ALP,0.5446246812692546,0.4553753187307455,0.04462468126925456,ON-ALP,IND>OTH>GRN>LNP,0.46535741656085955,0.5346425834391405,IND>OTH>GRN>ON,0.4553753187307455,0.5446246812692546,IND>OTH>GRN>LNP,ON18,simplified
Euroa,Northern Victoria,LNP,LNP,ON,0.6412108121240291,0.3587891878759709,0.14121081212402908,LNP-ON,IND>OTH>GRN>ALP,0.3240487631324404,0.6759512368675596,IND>OTH>GRN>ON,0.3594316307751076,0.6405683692248925,IND>OTH>GRN>LNP,Northern Victoria,LNP,LNP,ON,0.6405343526901971,0.35946564730980296,0.1405343526901971,LNP-ON,IND>OTH>GRN>ALP,0.3127999677506619,0.6872000322493381,IND>OTH>GRN>ON,0.35800562925156804,0.641994370748432,IND>OTH>GRN>LNP,ON18,simplified
Evelyn,Eastern Victoria,LNP,LNP,ALP,0.6271719998973447,0.37282800010265527,0.12717199989734473,LNP-ALP,IND>OTH>GRN>ON,0.37282800010265527,0.6271719998973447,IND>OTH>GRN>ON,0.43879278209042344,0.5612072179095765,IND>OTH>GRN>LNP,Eastern Victoria,LNP,LNP,ALP,0.6373394608824398,0.3626605391175603,0.13733946088243976,LNP-ALP,IND>OTH>GRN>ON,0.3626605391175603,0.6373394608824398,IND>OTH>GRN>ON,0.42894974586541984,0.5710502541345802,IND>OTH>GRN>LNP,ON18,simplified
Footscray,Western Metro,ALP,ALP,GRN,0.5587222936590164,0.4412777063409837,0.05872229365901638,ALP-GRN,IND>OTH>ON>LNP,0.6585007302346462,0.3414992697653539,IND>OTH>ON>GRN,0.7413676757368706,0.2586323242631294,IND>OTH>LNP>GRN,Western Metro,ALP,ALP,GRN,0.5557249630936127,0.4442750369063873,0.055724963093612745,ALP-GRN,IND>OTH>ON>LNP,0.6914810265439532,0.3085189734560469,IND>OTH>ON>GRN,0.7767497907438936,0.22325020925610634,IND>OTH>LNP>GRN,ON18,simplified
Frankston,South-Eastern Metro,ALP,ALP,LNP,0.5050083586818956,0.4949916413181044,0.005008358681895642,ALP-LNP,IND>OTH>GRN>ON,0.5050083586818956,0.4949916413181044,IND>OTH>GRN>ON,0.5529016183857557,0.44709838161424437,IND>OTH>GRN>LNP,South-Eastern Metro,ALP,ALP,LNP,0.5136108382414896,0.4863891617585104,0.013610838241489565,ALP-LNP,IND>OTH>GRN>ON,0.5136108382414896,0.4863891617585104,IND>OTH>GRN>ON,0.5481823914897118,0.4518176085102881,IND>OTH>GRN>LNP,ON18,simplified
Geelong,Western Victoria,ALP,ALP,ON,0.5411633429056022,0.45883665709439775,0.041163342905602196,ALP-ON,OTH>IND>GRN>LNP,0.5343097228044298,0.46569027719557016,OTH>IND>GRN>ON,0.5411633429056022,0.45883665709439775,OTH>IND>GRN>LNP,Western Victoria,ALP,ALP,ON,0.52499969557295,0.47500030442704994,0.02499969557295001,ALP-ON,OTH>IND>GRN>LNP,0.5222203591755288,0.47777964082447116,OTH>IND>GRN>ON,0.52499969557295,0.47500030442704994,OTH>IND>GRN>LNP,ON18,simplified
Gippsland East,Eastern Victoria,LNP,LNP,ON,0.643845854129541,0.35615414587045907,0.14384585412954098,LNP-ON,IND>OTH>GRN>ALP,0.22079446008448467,0.7792055399155154,IND>OTH>GRN>ON,0.2603935125919965,0.7396064874080035,IND>OTH>GRN>LNP,Eastern Victoria,LNP,LNP,ON,0.6415742550110408,0.3584257449889592,0.14157425501104082,LNP-ON,IND>OTH>GRN>ALP,0.20711489600115623,0.7928851039988438,IND>OTH>GRN>ON,0.2569558224052228,0.7430441775947773,IND>OTH>GRN>LNP,ON18,simplified
Gippsland South,Eastern Victoria,LNP,LNP,ON,0.6427563841625727,0.3572436158374272,0.14275638416257275,LNP-ON,OTH>IND>GRN>ALP,0.28068135719616416,0.7193186428038358,OTH>IND>GRN>ON,0.31875801367413875,0.6812419863258612,OTH>IND>GRN>LNP,Eastern Victoria,LNP,LNP,ON,0.6389225237157928,0.36107747628420717,0.13892252371579283,LNP-ON,OTH>IND>GRN>ALP,0.2638190584206222,0.7361809415793777,OTH>IND>GRN>ON,0.31009412493615607,0.6899058750638439,OTH>IND>GRN>LNP,ON18,simplified
Glen Waverley,North-Eastern Metro,ALP,LNP,ALP,0.5397038081610114,0.46029619183898857,0.03970380816101138,LNP-ALP,IND>OTH>GRN>ON,0.46029619183898857,0.5397038081610114,IND>OTH>GRN>ON,0.6253253784665288,0.3746746215334712,IND>OTH>GRN>LNP,North-Eastern Metro,ALP,LNP,ALP,0.5359970474448517,0.4640029525551483,0.03599704744485166,LNP-ALP,IND>OTH>GRN>ON,0.4640029525551483,0.5359970474448517,IND>OTH>GRN>ON,0.6224615799926758,0.3775384200073242,IND>OTH>GRN>LNP,ON18,simplified
Greenvale,Northern Metro,ALP,ALP,LNP,0.5569100726000745,0.44308992739992553,0.056910072600074524,ALP-LNP,IND>GRN>OTH>ON,0.5569100726000745,0.44308992739992553,IND>GRN>OTH>ON,0.5967307231542038,0.4032692768457962,IND>GRN>OTH>LNP,Northern Metro,ALP,ALP,LNP,0.5709339082826647,0.4290660917173354,0.07093390828266466,ALP-LNP,IND>GRN>OTH>ON,0.5709339082826647,0.4290660917173354,IND>GRN>OTH>ON,0.5897999655413022,0.41020003445869774,IND>GRN>OTH>LNP,ON18,simplified
Hastings,Eastern Victoria,ALP,LNP,ALP,0.5692781334717758,0.4307218665282242,0.0692781334717758,LNP-ALP,IND>OTH>GRN>ON,0.4307218665282242,0.5692781334717758,IND>OTH>GRN>ON,0.44436654970274664,0.5556334502972534,IND>OTH>GRN>LNP,Eastern Victoria,ALP,LNP,ALP,0.583608873377022,0.416391126622978,0.08360887337702205,LNP-ALP,IND>OTH>GRN>ON,0.416391126622978,0.583608873377022,IND>OTH>GRN>ON,0.43899375347513353,0.5610062465248665,IND>OTH>GRN>LNP,ON18,simplified
Hawthorn,Southern Metro,LNP,LNP,ALP,0.5844973669918428,0.41550263300815715,0.08449736699184285,LNP-ALP,OTH>ON>GRN>IND,0.41550263300815715,0.5844973669918428,OTH>ON>GRN>IND,0.631206819022388,0.36879318097761205,OTH>GRN>IND>LNP,Southern Metro,LNP,LNP,ALP,0.5518891165906791,0.44811088340932087,0.051889116590679074,LNP-ALP,OTH>ON>GRN>IND,0.44811088340932087,0.5518891165906791,OTH>ON>GRN>IND,0.6676864004678923,0.3323135995321077,OTH>GRN>IND>LNP,ON18,simplified
Ivanhoe,North-Eastern Metro,ALP,ALP,LNP,0.554063630279459,0.44593636972054107,0.05406363027945904,ALP-LNP,OTH>IND>ON>GRN,0.554063630279459,0.44593636972054107,OTH>IND>ON>GRN,0.6604278463592603,0.3395721536407398,OTH>IND>GRN>LNP,North-Eastern Metro,ALP,ALP,LNP,0.5628551015064063,0.43714489849359384,0.06285510150640627,ALP-LNP,OTH>IND>ON>GRN,0.5628551015064063,0.43714489849359384,OTH>IND>ON>GRN,0.6558867561430697,0.34411324385693043,OTH>IND>GRN>LNP,ON18,simplified
Kalkallo,Northern Metro,ALP,ALP,LNP,0.5929271496184195,0.40707285038158053,0.09292714961841952,ALP-LNP,IND>GRN>OTH>ON,0.5929271496184195,0.40707285038158053,IND>GRN>OTH>ON,0.5889149770265031,0.41108502297349697,IND>GRN>OTH>LNP,Northern Metro,ALP,ALP,LNP,0.5839685375687724,0.4160314624312276,0.08396853756877243,ALP-LNP,IND>GRN>OTH>ON,0.5839685375687724,0.4160314624312276,IND>GRN>OTH>ON,0.5774534439628645,0.4225465560371356,IND>GRN>OTH>LNP,ON18,simplified
Kew,Southern Metro,LNP,LNP,ALP,0.6183016199013605,0.3816983800986396,0.11830161990136046,LNP-ALP,OTH>ON>GRN>IND,0.3816983800986396,0.6183016199013605,OTH>ON>GRN>IND,0.6160979471467911,0.38390205285320883,OTH>GRN>IND>LNP,Southern Metro,LNP,LNP,ALP,0.5890621429685791,0.410937857031421,0.08906214296857906,LNP-ALP,OTH>ON>GRN>IND,0.410937857031421,0.5890621429685791,OTH>ON>GRN>IND,0.6492504230139955,0.3507495769860045,OTH>GRN>IND>LNP,ON18,simplified
Kororoit,Western Metro,ALP,ALP,LNP,0.5755488623921342,0.42445113760786574,0.07554886239213421,ALP-LNP,IND>GRN>OTH>ON,0.5755488623921342,0.42445113760786574,IND>GRN>OTH>ON,0.5896774790389713,0.41032252096102867,IND>GRN>OTH>LNP,Western Metro,ALP,ALP,ON,0.5859728139858629,0.41402718601413724,0.08597281398586287,ALP-ON,IND>GRN>OTH>LNP,0.5895738717762707,0.41042612822372937,IND>GRN>OTH>ON,0.5859728139858629,0.41402718601413724,IND>GRN>OTH>LNP,ON18,simplified
Lara,Western Victoria,ALP,ALP,ON,0.5197914585863186,0.48020854141368136,0.01979145858631859,ALP-ON,IND>OTH>GRN>LNP,0.5546437689737496,0.44535623102625044,IND>OTH>GRN>ON,0.5197914585863186,0.48020854141368136,IND>OTH>GRN>LNP,Western Victoria,ALP,ALP,ON,0.5073217402067544,0.4926782597932457,0.007321740206754357,ALP-ON,IND>OTH>GRN>LNP,0.5400468532761495,0.4599531467238504,IND>OTH>GRN>ON,0.5073217402067544,0.4926782597932457,IND>OTH>GRN>LNP,ON18,simplified
Laverton,Western Metro,ALP,ALP,ON,0.621397624754111,0.37860237524588897,0.12139762475411098,ALP-ON,IND>GRN>OTH>LNP,0.5914286514180451,0.4085713485819548,IND>GRN>OTH>ON,0.621397624754111,0.37860237524588897,IND>GRN>OTH>LNP,Western Metro,ALP,ALP,ON,0.6168192541812643,0.38318074581873574,0.11681925418126426,ALP-ON,IND>GRN>OTH>LNP,0.60568845095672,0.39431154904328003,IND>GRN>OTH>ON,0.6168192541812643,0.38318074581873574,IND>GRN>OTH>LNP,ON18,simplified
Lowan,Western Victoria,LNP,LNP,ON,0.6727368059013875,0.3272631940986125,0.1727368059013875,LNP-ON,IND>OTH>GRN>ALP,0.2316745698464912,0.7683254301535087,IND>OTH>GRN>ON,0.28350424005737934,0.7164957599426207,IND>OTH>GRN>LNP,Western Victoria,LNP,LNP,ON,0.6686894859237621,0.33131051407623785,0.1686894859237621,LNP-ON,IND>OTH>GRN>ALP,0.21926096464433723,0.7807390353556628,IND>OTH>GRN>ON,0.27913995594469454,0.7208600440553055,IND>OTH>GRN>LNP,ON18,simplified
Macedon,Northern Victoria,ALP,ALP,LNP,0.5089560788021056,0.49104392119789436,0.008956078802105583,ALP-LNP,OTH>IND>GRN>ON,0.5089560788021056,0.49104392119789436,OTH>IND>GRN>ON,0.5095323251454603,0.4904676748545397,OTH>IND>GRN>LNP,Northern Victoria,ALP,LNP,ALP,0.5046571063627429,0.49534289363725714,0.004657106362742858,LNP-ALP,OTH>IND>GRN>ON,0.49534289363725714,0.5046571063627429,OTH>IND>GRN>ON,0.501741595025695,0.498258404974305,OTH>IND>GRN>LNP,ON18,simplified
Malvern,Southern Metro,LNP,LNP,ALP,0.646787212577769,0.35321278742223094,0.14678721257776906,LNP-ALP,IND>OTH>ON>GRN,0.35321278742223094,0.646787212577769,IND>OTH>ON>GRN,0.6102472482341462,0.38975275176585383,IND>OTH>GRN>LNP,Southern Metro,LNP,LNP,ALP,0.6293376107733148,0.37066238922668515,0.12933761077331485,LNP-ALP,IND>OTH>ON>GRN,0.37066238922668515,0.6293376107733148,IND>OTH>ON>GRN,0.6200253947649865,0.3799746052350135,IND>OTH>GRN>LNP,ON18,simplified
Melbourne,Northern Metro,GRN,GRN,ALP,0.5986463743427966,0.40135362565720356,0.09864637434279655,GRN-ALP,IND>OTH>ON>LNP,0.6629430327399495,0.33705696726005063,IND>OTH>ON>GRN,0.7551766737678016,0.24482332623219846,IND>OTH>LNP>GRN,Northern Metro,GRN,GRN,ALP,0.600303060027875,0.3996969399721251,0.10030306002787504,GRN-ALP,IND>OTH>ON>LNP,0.7052239840107389,0.29477601598926106,IND>OTH>ON>GRN,0.7899795295768155,0.21002047042318459,IND>OTH>LNP>GRN,ON18,simplified
Melton,Western Victoria,ALP,ON,ALP,0.5070796942597687,0.4929203057402313,0.007079694259768732,ON-ALP,GRN>OTH>LNP>IND,0.4598208857616499,0.5401791142383501,GRN>OTH>IND>ON,0.4929203057402313,0.5070796942597687,GRN>OTH>LNP>IND,Western Victoria,ALP,ON,ALP,0.5246285437852226,0.4753714562147775,0.024628543785222612,ON-ALP,GRN>OTH>LNP>IND,0.4431272505377169,0.5568727494622832,GRN>OTH>IND>ON,0.4753714562147775,0.5246285437852226,GRN>OTH>LNP>IND,ON18,simplified
Mildura,Northern Victoria,LNP,LNP,IND,0.5464313330412801,0.45356866695871995,0.04643133304128011,LNP-IND,OTH>GRN>ALP>ON,0.30461075320633024,0.6953892467936699,OTH>GRN>ON>IND,0.3958732834799272,0.6041267165200728,OTH>GRN>LNP>IND,Northern Victoria,LNP,LNP,IND,0.545101022865059,0.45489897713494104,0.045101022865059015,LNP-IND,OTH>GRN>ALP>ON,0.2767430069006749,0.7232569930993251,OTH>GRN>ON>IND,0.3718325717327057,0.6281674282672944,OTH>GRN>LNP>IND,ON18,simplified
Mill Park,North-Eastern Metro,ALP,ALP,ON,0.5745812262900876,0.4254187737099125,0.07458122629008757,ALP-ON,IND>GRN>OTH>LNP,0.5563502987393797,0.44364970126062026,IND>GRN>OTH>ON,0.5745812262900876,0.4254187737099125,IND>GRN>OTH>LNP,North-Eastern Metro,ALP,ALP,ON,0.5704277772918002,0.42957222270819984,0.07042777729180016,ALP-ON,IND>GRN>OTH>LNP,0.5666014809664262,0.4333985190335738,IND>GRN>OTH>ON,0.5704277772918002,0.42957222270819984,IND>GRN>OTH>LNP,ON18,simplified
Monbulk,Eastern Victoria,ALP,LNP,ALP,0.5122834584972598,0.48771654150274035,0.012283458497259758,LNP-ALP,OTH>IND>GRN>ON,0.48771654150274035,0.5122834584972598,OTH>IND>GRN>ON,0.5050659798532401,0.49493402014675997,OTH>IND>GRN>LNP,Eastern Victoria,ALP,LNP,ALP,0.526829207172024,0.47317079282797603,0.026829207172023972,LNP-ALP,OTH>IND>GRN>ON,0.47317079282797603,0.526829207172024,OTH>IND>GRN>ON,0.483794416453788,0.516205583546212,OTH>IND>GRN>LNP,ON18,simplified
Mordialloc,South-Eastern Metro,ALP,ALP,LNP,0.5107941051297836,0.4892058948702165,0.010794105129783627,ALP-LNP,OTH>IND>GRN>ON,0.5107941051297836,0.4892058948702165,OTH>IND>GRN>ON,0.611475783722415,0.3885242162775851,OTH>IND>GRN>LNP,South-Eastern Metro,ALP,ALP,LNP,0.5174958270263741,0.48250417297362597,0.01749582702637409,ALP-LNP,OTH>IND>GRN>ON,0.5174958270263741,0.48250417297362597,OTH>IND>GRN>ON,0.6054370142201753,0.3945629857798248,OTH>IND>GRN>LNP,ON18,simplified
Mornington,Eastern Victoria,LNP,LNP,IND,0.6361900738903736,0.3638099261096264,0.13619007389037363,LNP-IND,OTH>GRN>ON>ALP,0.33845590912888646,0.6615440908711135,OTH>GRN>ON>IND,0.40298177254607276,0.5970182274539273,OTH>GRN>IND>LNP,Eastern Victoria,LNP,LNP,IND,0.6362593000596124,0.36374069994038766,0.1362593000596124,LNP-IND,OTH>GRN>ON>ALP,0.32717455452814814,0.6728254454718519,OTH>GRN>ON>IND,0.383084903232993,0.6169150967670071,OTH>GRN>IND>LNP,ON18,simplified
Morwell,Eastern Victoria,LNP,LNP,ON,0.5527263749703046,0.4472736250296955,0.052726374970304635,LNP-ON,GRN>OTH>IND>ALP,0.39204241199745987,0.6079575880025402,GRN>OTH>IND>ON,0.39373271451560515,0.6062672854843949,GRN>OTH>IND>LNP,Eastern Victoria,LNP,LNP,ON,0.5361974905296528,0.4638025094703471,0.03619749052965282,LNP-ON,GRN>OTH>IND>ALP,0.38101892576717,0.6189810742328301,GRN>OTH>IND>ON,0.37776478054701945,0.6222352194529807,GRN>OTH>IND>LNP,ON18,simplified
Mulgrave,South-Eastern Metro,ALP,ALP,LNP,0.6046816819340879,0.3953183180659121,0.10468168193408789,ALP-LNP,OTH>GRN>IND>ON,0.6046816819340879,0.3953183180659121,OTH>GRN>IND>ON,0.6527809475487378,0.34721905245126206,OTH>GRN>IND>LNP,South-Eastern Metro,ALP,ALP,LNP,0.617121865084153,0.382878134915847,0.11712186508415301,ALP-LNP,OTH>GRN>IND>ON,0.617121865084153,0.382878134915847,OTH>GRN>IND>ON,0.6446628128635793,0.35533718713642065,OTH>GRN>IND>LNP,ON18,simplified
Murray Plains,Northern Victoria,LNP,LNP,ON,0.6457283031433961,0.3542716968566039,0.14572830314339613,LNP-ON,IND>GRN>OTH>ALP,0.2112782176693612,0.7887217823306388,IND>GRN>OTH>ON,0.2495131233018622,0.7504868766981379,IND>GRN>OTH>LNP,Northern Victoria,LNP,LNP,ON,0.641291716917289,0.358708283082711,0.14129171691728903,LNP-ON,IND>GRN>OTH>ALP,0.19296653283110934,0.8070334671688907,IND>GRN>OTH>ON,0.23991186904004277,0.7600881309599572,IND>GRN>OTH>LNP,ON18,simplified
Narracan,Eastern Victoria,LNP,LNP,ALP,0.6176060004952748,0.38239399950472525,0.11760600049527481,LNP-ALP,OTH>IND>GRN>ON,0.38239399950472525,0.6176060004952748,OTH>IND>GRN>ON,0.4156438737807194,0.5843561262192807,OTH>IND>GRN>LNP,Eastern Victoria,LNP,LNP,ALP,0.6289530989099753,0.3710469010900247,0.1289530989099753,LNP-ALP,OTH>IND>GRN>ON,0.3710469010900247,0.6289530989099753,OTH>IND>GRN>ON,0.4092295823041608,0.5907704176958392,OTH>IND>GRN>LNP,ON18,simplified
Narre Warren North,South-Eastern Metro,ALP,ALP,LNP,0.5171039551812453,0.4828960448187547,0.0171039551812453,ALP-LNP,IND>GRN>OTH>ON,0.5171039551812453,0.4828960448187547,IND>GRN>OTH>ON,0.5457141259405263,0.4542858740594738,IND>GRN>OTH>LNP,South-Eastern Metro,ALP,ALP,ON,0.5416618000955942,0.4583381999044059,0.04166180009559417,ALP-ON,IND>GRN>OTH>LNP,0.5272415419611444,0.47275845803885563,IND>GRN>OTH>ON,0.5416618000955942,0.4583381999044059,IND>GRN>OTH>LNP,ON18,simplified
Narre Warren South,South-Eastern Metro,ALP,ALP,LNP,0.5168782675094626,0.4831217324905374,0.01687826750946264,ALP-LNP,IND>GRN>OTH>ON,0.5168782675094626,0.4831217324905374,IND>GRN>OTH>ON,0.5524121919758102,0.44758780802418985,IND>GRN>OTH>LNP,South-Eastern Metro,ALP,ALP,LNP,0.5266390550826583,0.47336094491734176,0.02663905508265829,ALP-LNP,IND>GRN>OTH>ON,0.5266390550826583,0.47336094491734176,IND>GRN>OTH>ON,0.5486180549185725,0.4513819450814276,IND>GRN>OTH>LNP,ON18,simplified
Nepean,Eastern Victoria,LNP,LNP,ALP,0.6368847890019615,0.3631152109980384,0.13688478900196155,LNP-ALP,OTH>IND>GRN>ON,0.3631152109980384,0.6368847890019615,OTH>IND>GRN>ON,0.4297244373886737,0.5702755626113263,OTH>IND>GRN>LNP,Eastern Victoria,LNP,LNP,ALP,0.6463651436090112,0.35363485639098874,0.1463651436090112,LNP-ALP,OTH>IND>GRN>ON,0.35363485639098874,0.6463651436090112,OTH>IND>GRN>ON,0.4195952324930733,0.5804047675069267,OTH>IND>GRN>LNP,ON18,simplified
Niddrie,Western Metro,ALP,LNP,ALP,0.5164495898256977,0.4835504101743024,0.016449589825697664,LNP-ALP,IND>OTH>GRN>ON,0.4835504101743024,0.5164495898256977,IND>OTH>GRN>ON,0.5615748490164879,0.43842515098351215,IND>OTH>GRN>LNP,Western Metro,ALP,LNP,ALP,0.5099146790706626,0.4900853209293374,0.009914679070662569,LNP-ALP,IND>OTH>GRN>ON,0.4900853209293374,0.5099146790706626,IND>OTH>GRN>ON,0.5587836109743018,0.44121638902569815,IND>OTH>GRN>LNP,ON18,simplified
Northcote,Northern Metro,ALP,GRN,ALP,0.5110462304927641,0.48895376950723585,0.011046230492764098,GRN-ALP,IND>OTH>LNP>ON,0.7048842922329313,0.2951157077670688,IND>OTH>ON>GRN,0.7434647058102627,0.25653529418973736,IND>OTH>LNP>GRN,Northern Metro,ALP,GRN,ALP,0.5162992196233737,0.4837007803766264,0.016299219623373662,GRN-ALP,IND>OTH>LNP>ON,0.745690106634771,0.25430989336522897,IND>OTH>ON>GRN,0.7682282222362813,0.23177177776371874,IND>OTH>LNP>GRN,ON18,simplified
Oakleigh,Southern Metro,ALP,ALP,LNP,0.5579921769361741,0.44200782306382597,0.05799217693617409,ALP-LNP,OTH>IND>GRN>ON,0.5579921769361741,0.44200782306382597,OTH>IND>GRN>ON,0.6466532693821161,0.353346730617884,OTH>IND>GRN>LNP,Southern Metro,ALP,ALP,LNP,0.564244216335697,0.4357557836643031,0.06424421633569699,ALP-LNP,OTH>IND>GRN>ON,0.564244216335697,0.4357557836643031,OTH>IND>GRN>ON,0.6422894451815273,0.3577105548184728,OTH>IND>GRN>LNP,ON18,simplified
Ovens Valley,Northern Victoria,LNP,LNP,ON,0.6393807101408041,0.36061928985919595,0.1393807101408041,LNP-ON,IND>GRN>OTH>ALP,0.289069700423466,0.7109302995765341,IND>GRN>OTH>ON,0.31177452354205615,0.688225476457944,IND>GRN>OTH>LNP,Northern Victoria,LNP,LNP,ON,0.6303058813241866,0.3696941186758134,0.13030588132418663,LNP-ON,IND>GRN>OTH>ALP,0.2733170024624808,0.7266829975375193,IND>GRN>OTH>ON,0.30110386155113,0.6988961384488701,IND>GRN>OTH>LNP,ON18,simplified
Pakenham,Eastern Victoria,ALP,LNP,ALP,0.5770064517391554,0.42299354826084457,0.07700645173915543,LNP-ALP,IND>GRN>OTH>ON,0.42299354826084457,0.5770064517391554,IND>GRN>OTH>ON,0.4246589310019997,0.5753410689980003,IND>GRN>OTH>LNP,Eastern Victoria,ALP,LNP,ALP,0.5866020478845931,0.4133979521154068,0.08660204788459314,LNP-ALP,IND>GRN>OTH>ON,0.4133979521154068,0.5866020478845931,IND>GRN>OTH>ON,0.4116470153618334,0.5883529846381665,IND>GRN>OTH>LNP,ON18,simplified
Pascoe Vale,Northern Metro,ALP,ALP,LNP,0.6156898597586616,0.3843101402413384,0.11568985975866164,ALP-LNP,OTH>IND>ON>GRN,0.6156898597586616,0.3843101402413384,OTH>IND>ON>GRN,0.7018618106612372,0.2981381893387628,OTH>IND>LNP>GRN,Northern Metro,ALP,ALP,GRN,0.5380449763634625,0.46195502363653757,0.03804497636346249,ALP-GRN,OTH>IND>LNP>ON,0.6320165998391365,0.3679834001608635,OTH>IND>ON>GRN,0.7003043623916476,0.2996956376083524,OTH>IND>LNP>GRN,ON18,simplified
Point Cook,Western Metro,ALP,ALP,LNP,0.5194235635954558,0.4805764364045442,0.01942356359545583,ALP-LNP,OTH>GRN>IND>ON,0.5194235635954558,0.4805764364045442,OTH>GRN>IND>ON,0.5442016036124042,0.4557983963875959,OTH>GRN>IND>LNP,Western Metro,ALP,ALP,ON,0.5390712663617622,0.4609287336382379,0.03907126636176217,ALP-ON,OTH>GRN>IND>LNP,0.5352027685773845,0.46479723142261564,OTH>GRN>IND>ON,0.5390712663617622,0.4609287336382379,OTH>GRN>IND>LNP,ON18,simplified
Polwarth,Western Victoria,LNP,LNP,ALP,0.5972901127460859,0.4027098872539142,0.0972901127460859,LNP-ALP,IND>OTH>GRN>ON,0.4027098872539142,0.5972901127460859,IND>OTH>GRN>ON,0.44250490449148133,0.5574950955085187,IND>OTH>GRN>LNP,Western Victoria,LNP,LNP,ALP,0.6095125282982864,0.39048747170171366,0.1095125282982864,LNP-ALP,IND>OTH>GRN>ON,0.39048747170171366,0.6095125282982864,IND>OTH>GRN>ON,0.43489528453633786,0.5651047154636623,IND>OTH>GRN>LNP,ON18,simplified
Prahran,Southern Metro,Greens,GRN,LNP,0.5375083510490561,0.4624916489509439,0.03750835104905614,GRN-LNP,IND>OTH>ON>ALP,0.5417240682503657,0.45827593174963427,IND>OTH>ON>GRN,0.6696064486901717,0.3303935513098284,IND>OTH>LNP>GRN,Southern Metro,Greens,GRN,LNP,0.5619731095258877,0.4380268904741123,0.06197310952588775,GRN-LNP,IND>OTH>ON>ALP,0.575725055394011,0.424274944605989,IND>OTH>ON>GRN,0.7090646946994894,0.29093530530051065,IND>OTH>LNP>GRN,ON18,simplified
Preston,Northern Metro,ALP,ALP,ON,0.6636469773939185,0.3363530226060816,0.16364697739391854,ALP-ON,OTH>IND>LNP>GRN,0.5951962719805619,0.40480372801943804,OTH>IND>GRN>ON,0.6636469773939185,0.3363530226060816,OTH>IND>LNP>GRN,Northern Metro,ALP,ALP,ON,0.661648776722651,0.3383512232773491,0.161648776722651,ALP-ON,OTH>IND>LNP>GRN,0.6152282405152532,0.3847717594847469,OTH>IND>GRN>ON,0.661648776722651,0.3383512232773491,OTH>IND>LNP>GRN,ON18,simplified
Richmond,Northern Metro,GRN,GRN,ALP,0.5635794615480142,0.43642053845198575,0.0635794615480142,GRN-ALP,IND>OTH>ON>LNP,0.6944511828975115,0.3055488171024885,IND>OTH>ON>GRN,0.769104499111989,0.23089550088801108,IND>OTH>LNP>GRN,Northern Metro,GRN,GRN,ALP,0.5658364174596044,0.4341635825403955,0.06583641745960445,GRN-ALP,IND>OTH>ON>LNP,0.7390437749803309,0.26095622501966914,IND>OTH>ON>GRN,0.8005903903022908,0.19940960969770913,IND>OTH>LNP>GRN,ON18,simplified
Ringwood,North-Eastern Metro,LNP,LNP,ALP,0.5050820476504634,0.49491795234953667,0.005082047650463384,LNP-ALP,IND>OTH>ON>GRN,0.49491795234953667,0.5050820476504634,IND>OTH>ON>GRN,0.6008594026637891,0.39914059733621093,IND>OTH>GRN>LNP,North-Eastern Metro,LNP,ALP,LNP,0.5033862105597979,0.496613789440202,0.003386210559797931,ALP-LNP,IND>OTH>ON>GRN,0.5033862105597979,0.496613789440202,IND>OTH>ON>GRN,0.5963736599665261,0.4036263400334739,IND>OTH>GRN>LNP,ON18,simplified
Ripon,Western Victoria,ALP,LNP,ALP,0.5498612892798913,0.45013871072010875,0.04986128927989131,LNP-ALP,IND>GRN>OTH>ON,0.45013871072010875,0.5498612892798913,IND>GRN>OTH>ON,0.4335885474775694,0.5664114525224305,IND>GRN>OTH>LNP,Western Victoria,ALP,LNP,ALP,0.5669683931828278,0.43303160681717234,0.06696839318282777,LNP-ALP,IND>GRN>OTH>ON,0.43303160681717234,0.5669683931828278,IND>GRN>OTH>ON,0.4232726225157639,0.5767273774842362,IND>GRN>OTH>LNP,ON18,simplified
Rowville,South-Eastern Metro,LNP,LNP,ALP,0.6054524783330127,0.3945475216669873,0.10545247833301274,LNP-ALP,OTH>GRN>IND>ON,0.3945475216669873,0.6054524783330127,OTH>GRN>IND>ON,0.5327742169727079,0.4672257830272922,OTH>GRN>IND>LNP,South-Eastern Metro,LNP,LNP,ALP,0.5972378774837346,0.4027621225162655,0.09723787748373458,LNP-ALP,OTH>GRN>IND>ON,0.4027621225162655,0.5972378774837346,OTH>GRN>IND>ON,0.5268816580746444,0.4731183419253556,OTH>GRN>IND>LNP,ON18,simplified
Sandringham,Southern Metro,LNP,LNP,ALP,0.6234887570459606,0.3765112429540395,0.12348875704596063,LNP-ALP,OTH>IND>ON>GRN,0.3765112429540395,0.6234887570459606,OTH>IND>ON>GRN,0.5596552121679156,0.44034478783208436,OTH>IND>GRN>LNP,Southern Metro,LNP,LNP,ALP,0.6126918117976609,0.38730818820233925,0.11269181179766086,LNP-ALP,OTH>IND>ON>GRN,0.38730818820233925,0.6126918117976609,OTH>IND>ON>GRN,0.5525265135079037,0.44747348649209623,OTH>IND>GRN>LNP,ON18,simplified
Shepparton,Northern Victoria,LNP,LNP,IND,0.6053990808970331,0.39460091910296685,0.10539908089703309,LNP-IND,OTH>GRN>ALP>ON,0.26724876752407345,0.7327512324759266,OTH>GRN>ON>IND,0.3293727611413686,0.6706272388586314,OTH>GRN>IND>LNP,Northern Victoria,LNP,LNP,IND,0.6029853721184973,0.39701462788150266,0.10298537211849734,LNP-IND,OTH>GRN>ALP>ON,0.2534232848678649,0.7465767151321351,OTH>GRN>ON>IND,0.3031428389560064,0.6968571610439936,OTH>GRN>IND>LNP,ON18,simplified
South Barwon,Western Victoria,ALP,LNP,ALP,0.5072634619201432,0.49273653807985685,0.007263461920143155,LNP-ALP,IND>OTH>GRN>ON,0.49273653807985685,0.5072634619201432,IND>OTH>GRN>ON,0.5417247657277319,0.45827523427226813,IND>OTH>GRN>LNP,Western Victoria,ALP,LNP,ALP,0.5182840492653528,0.48171595073464724,0.018284049265352764,LNP-ALP,IND>OTH>GRN>ON,0.48171595073464724,0.5182840492653528,IND>OTH>GRN>ON,0.5302195099066329,0.46978049009336714,IND>OTH>GRN>LNP,ON18,simplified
South-West Coast,Western Victoria,LNP,LNP,IND,0.5999180031176818,0.4000819968823182,0.09991800311768184,LNP-IND,OTH>GRN>ON>ALP,0.36044552650413375,0.6395544734958664,OTH>GRN>ON>IND,0.39323990351222055,0.6067600964877795,OTH>GRN>IND>LNP,Western Victoria,LNP,LNP,IND,0.600638257179532,0.39936174282046805,0.10063825717953201,LNP-IND,OTH>GRN>ON>ALP,0.34017261962406625,0.6598273803759338,OTH>GRN>ON>IND,0.36734262960510694,0.6326573703948931,OTH>GRN>IND>LNP,ON18,simplified
St Albans,Western Metro,ALP,ALP,LNP,0.5446252948483834,0.45537470515161665,0.0446252948483834,ALP-LNP,IND>GRN>OTH>ON,0.5446252948483834,0.45537470515161665,IND>GRN>OTH>ON,0.5933812521191242,0.40661874788087576,IND>GRN>OTH>LNP,Western Metro,ALP,ALP,LNP,0.5587610128349706,0.44123898716502946,0.058761012834970594,ALP-LNP,IND>GRN>OTH>ON,0.5587610128349706,0.44123898716502946,IND>GRN>OTH>ON,0.5885743887767241,0.4114256112232759,IND>GRN>OTH>LNP,ON18,simplified
Sunbury,Western Metro,ALP,LNP,ALP,0.5188565466329047,0.4811434533670953,0.018856546632904703,LNP-ALP,IND>OTH>GRN>ON,0.4811434533670953,0.5188565466329047,IND>OTH>GRN>ON,0.4838933326320503,0.5161066673679497,IND>OTH>GRN>LNP,Western Metro,ALP,LNP,ALP,0.5302323679914854,0.4697676320085146,0.03023236799148543,LNP-ALP,IND>OTH>GRN>ON,0.4697676320085146,0.5302323679914854,IND>OTH>GRN>ON,0.47294549543610914,0.5270545045638908,IND>OTH>GRN>LNP,ON18,simplified
Sydenham,Western Metro,ALP,ALP,LNP,0.513400570550549,0.4865994294494511,0.013400570550548996,ALP-LNP,IND>GRN>OTH>ON,0.513400570550549,0.4865994294494511,IND>GRN>OTH>ON,0.5467624111782052,0.4532375888217948,IND>GRN>OTH>LNP,Western Metro,ALP,ALP,LNP,0.524450234479348,0.47554976552065203,0.02445023447934802,ALP-LNP,IND>GRN>OTH>ON,0.524450234479348,0.47554976552065203,IND>GRN>OTH>ON,0.5433324796475689,0.4566675203524312,IND>GRN>OTH>LNP,ON18,simplified
Tarneit,Western Metro,ALP,ALP,LNP,0.5553604969353902,0.4446395030646097,0.055360496935390247,ALP-LNP,IND>GRN>OTH>ON,0.5553604969353902,0.4446395030646097,IND>GRN>OTH>ON,0.5856028459176069,0.41439715408239314,IND>GRN>OTH>LNP,Western Metro,ALP,ALP,LNP,0.56787976142627,0.43212023857373005,0.06787976142626995,ALP-LNP,IND>GRN>OTH>ON,0.56787976142627,0.43212023857373005,IND>GRN>OTH>ON,0.5820884159960106,0.4179115840039895,IND>GRN>OTH>LNP,ON18,simplified
Thomastown,Northern Metro,ALP,ALP,ON,0.6077898797950716,0.39221012020492846,0.1077898797950716,ALP-ON,IND>GRN>OTH>LNP,0.5962444943806352,0.40375550561936485,IND>GRN>OTH>ON,0.6077898797950716,0.39221012020492846,IND>GRN>OTH>LNP,Northern Metro,ALP,ALP,ON,0.6038124661884077,0.39618753381159233,0.10381246618840767,ALP-ON,IND>GRN>OTH>LNP,0.6088326659947001,0.39116733400529996,IND>GRN>OTH>ON,0.6038124661884077,0.39618753381159233,IND>GRN>OTH>LNP,ON18,simplified
Warrandyte,North-Eastern Metro,LNP,LNP,ALP,0.6215701910254815,0.37842980897451856,0.1215701910254815,LNP-ALP,IND>OTH>GRN>ON,0.37842980897451856,0.6215701910254815,IND>OTH>GRN>ON,0.5367547109447078,0.4632452890552921,IND>OTH>GRN>LNP,North-Eastern Metro,LNP,LNP,ALP,0.6183380904214457,0.38166190957855434,0.11833809042144572,LNP-ALP,IND>OTH>GRN>ON,0.38166190957855434,0.6183380904214457,IND>OTH>GRN>ON,0.533263166317683,0.46673683368231705,IND>OTH>GRN>LNP,ON18,simplified
Wendouree,Western Victoria,ALP,ALP,LNP,0.5175675742741085,0.48243242572589146,0.01756757427410849,ALP-LNP,IND>OTH>GRN>ON,0.5175675742741085,0.48243242572589146,IND>OTH>GRN>ON,0.5478986605401438,0.45210133945985614,IND>OTH>GRN>LNP,Western Victoria,ALP,ALP,LNP,0.5069730154817956,0.49302698451820437,0.00697301548179563,ALP-LNP,IND>OTH>GRN>ON,0.5069730154817956,0.49302698451820437,IND>OTH>GRN>ON,0.5384259779442336,0.46157402205576636,IND>OTH>GRN>LNP,ON18,simplified
Werribee,Western Metro,ALP,ALP,ON,0.5071279688036952,0.49287203119630485,0.0071279688036951505,ALP-ON,OTH>GRN>IND>LNP,0.525716490523779,0.474283509476221,OTH>GRN>IND>ON,0.5071279688036952,0.49287203119630485,OTH>GRN>IND>LNP,Western Metro,ALP,ON,ALP,0.5066755560359563,0.49332444396404374,0.006675556035956265,ON-ALP,OTH>GRN>IND>LNP,0.5166115729300761,0.4833884270699239,OTH>GRN>IND>ON,0.49332444396404374,0.5066755560359563,OTH>GRN>IND>LNP,ON18,simplified
Williamstown,Western Metro,ALP,ALP,LNP,0.5560102327099787,0.44398976729002126,0.056010232709978736,ALP-LNP,IND>OTH>GRN>ON,0.5560102327099787,0.44398976729002126,IND>OTH>GRN>ON,0.6322630654124547,0.36773693458754536,IND>OTH>GRN>LNP,Western Metro,ALP,ALP,LNP,0.583695264077537,0.41630473592246303,0.08369526407753702,ALP-LNP,IND>OTH>GRN>ON,0.583695264077537,0.41630473592246303,IND>OTH>GRN>ON,0.6485213050541917,0.3514786949458083,IND>OTH>GRN>LNP,ON18,simplified
Yan Yean,Northern Victoria,ALP,LNP,ALP,0.5031952284144909,0.4968047715855092,0.003195228414490936,LNP-ALP,IND>GRN>OTH>ON,0.4968047715855092,0.5031952284144909,IND>GRN>OTH>ON,0.500798725086248,0.4992012749137521,IND>GRN>OTH>LNP,Northern Victoria,ALP,LNP,ALP,0.5131386778820516,0.4868613221179485,0.013138677882051586,LNP-ALP,IND>GRN>OTH>ON,0.4868613221179485,0.5131386778820516,IND>GRN>OTH>ON,0.48896433017717933,0.5110356698228208,IND>GRN>OTH>LNP,ON18,simplified
Albert Park,Southern Metro,ALP,ALP,LNP,0.5678570077837408,0.4321429922162591,0.06785700778374082,ALP-LNP,OTH>IND>ON>GRN,0.5678570077837408,0.4321429922162591,OTH>IND>ON>GRN,0.6643848564347868,0.3356151435652131,OTH>IND>GRN>LNP,Southern Metro,ALP,ALP,LNP,0.5678570077837408,0.4321429922162591,0.06785700778374082,ALP-LNP,OTH>IND>ON>GRN,0.5678570077837408,0.4321429922162591,OTH>IND>ON>GRN,0.6643848564347868,0.3356151435652131,OTH>IND>GRN>LNP,ON20,reference
Ashwood,Southern Metro,ALP,LNP,ALP,0.5129802688179168,0.48701973118208314,0.012980268817916807,LNP-ALP,OTH>IND>ON>GRN,0.48701973118208314,0.5129802688179168,OTH>IND>ON>GRN,0.6200377084171782,0.3799622915828218,OTH>IND>GRN>LNP,Southern Metro,ALP,LNP,ALP,0.5129802688179168,0.48701973118208314,0.012980268817916807,LNP-ALP,OTH>IND>ON>GRN,0.48701973118208314,0.5129802688179168,OTH>IND>ON>GRN,0.6200377084171782,0.3799622915828218,OTH>IND>GRN>LNP,ON20,reference
Bass,Eastern Victoria,ALP,LNP,ON,0.5799826402662999,0.4200173597337002,0.07998264026629986,LNP-ON,OTH>IND>GRN>ALP,0.36902867630893565,0.6309713236910643,OTH>IND>GRN>ON,0.37655497222408335,0.6234450277759166,OTH>IND>GRN>LNP,Eastern Victoria,ALP,LNP,ON,0.5799826402662999,0.4200173597337002,0.07998264026629986,LNP-ON,OTH>IND>GRN>ALP,0.36902867630893565,0.6309713236910643,OTH>IND>GRN>ON,0.37655497222408335,0.6234450277759166,OTH>IND>GRN>LNP,ON20,reference
Bayswater,North-Eastern Metro,ALP,LNP,ALP,0.5598518798767187,0.4401481201232813,0.059851879876718694,LNP-ALP,IND>OTH>GRN>ON,0.4401481201232813,0.5598518798767187,IND>OTH>GRN>ON,0.5182199399280819,0.48178006007191815,IND>OTH>GRN>LNP,North-Eastern Metro,ALP,LNP,ALP,0.5598518798767187,0.4401481201232813,0.059851879876718694,LNP-ALP,IND>OTH>GRN>ON,0.4401481201232813,0.5598518798767187,IND>OTH>GRN>ON,0.5182199399280819,0.48178006007191815,IND>OTH>GRN>LNP,ON20,reference
Bellarine,Western Victoria,ALP,LNP,ALP,0.5079793633488386,0.4920206366511614,0.007979363348838642,LNP-ALP,OTH>IND>GRN>ON,0.4920206366511614,0.5079793633488386,OTH>IND>GRN>ON,0.5165267142947599,0.48347328570524,OTH>IND>GRN>LNP,Western Victoria,ALP,LNP,ALP,0.5079793633488386,0.4920206366511614,0.007979363348838642,LNP-ALP,OTH>IND>GRN>ON,0.4920206366511614,0.5079793633488386,OTH>IND>GRN>ON,0.5165267142947599,0.48347328570524,OTH>IND>GRN>LNP,ON20,reference
Benambra,Northern Victoria,LNP,LNP,IND,0.5768156801118683,0.42318431988813165,0.07681568011186835,LNP-IND,ALP>OTH>GRN>ON,0.25023414361737034,0.7497658563826297,OTH>GRN>ON>IND,0.3378351442942617,0.6621648557057384,OTH>GRN>LNP>IND,Northern Victoria,LNP,LNP,IND,0.5768156801118683,0.42318431988813165,0.07681568011186835,LNP-IND,ALP>OTH>GRN>ON,0.25023414361737034,0.7497658563826297,OTH>GRN>ON>IND,0.3378351442942617,0.6621648557057384,OTH>GRN>LNP>IND,ON20,reference
Bendigo East,Northern Victoria,ALP,ALP,LNP,0.5067785733352422,0.4932214266647578,0.006778573335242233,ALP-LNP,OTH>IND>GRN>ON,0.5067785733352422,0.4932214266647578,OTH>IND>GRN>ON,0.5438507591184627,0.45614924088153735,OTH>IND>GRN>LNP,Northern Victoria,ALP,ALP,LNP,0.5067785733352422,0.4932214266647578,0.006778573335242233,ALP-LNP,OTH>IND>GRN>ON,0.5067785733352422,0.4932214266647578,OTH>IND>GRN>ON,0.5438507591184627,0.45614924088153735,OTH>IND>GRN>LNP,ON20,reference
Bendigo West,Northern Victoria,ALP,ALP,LNP,0.5452276312694577,0.4547723687305423,0.045227631269457724,ALP-LNP,IND>OTH>GRN>ON,0.5452276312694577,0.4547723687305423,IND>OTH>GRN>ON,0.5487479855049239,0.45125201449507624,IND>OTH>GRN>LNP,Northern Victoria,ALP,ALP,LNP,0.5452276312694577,0.4547723687305423,0.045227631269457724,ALP-LNP,IND>OTH>GRN>ON,0.5452276312694577,0.4547723687305423,IND>OTH>GRN>ON,0.5487479855049239,0.45125201449507624,IND>OTH>GRN>LNP,ON20,reference
Bentleigh,Southern Metro,ALP,ALP,LNP,0.5086052350401955,0.49139476495980455,0.008605235040195502,ALP-LNP,OTH>IND>GRN>ON,0.5086052350401955,0.49139476495980455,OTH>IND>GRN>ON,0.6086383487360874,0.3913616512639126,OTH>IND>GRN>LNP,Southern Metro,ALP,ALP,LNP,0.5086052350401955,0.49139476495980455,0.008605235040195502,ALP-LNP,OTH>IND>GRN>ON,0.5086052350401955,0.49139476495980455,OTH>IND>GRN>ON,0.6086383487360874,0.3913616512639126,OTH>IND>GRN>LNP,ON20,reference
Berwick,South-Eastern Metro,LNP,LNP,ALP,0.6461680657723776,0.35383193422762244,0.14616806577237762,LNP-ALP,IND>OTH>GRN>ON,0.35383193422762244,0.6461680657723776,IND>OTH>GRN>ON,0.40012667595388113,0.5998733240461189,IND>OTH>GRN>LNP,South-Eastern Metro,LNP,LNP,ALP,0.6461680657723776,0.35383193422762244,0.14616806577237762,LNP-ALP,IND>OTH>GRN>ON,0.35383193422762244,0.6461680657723776,IND>OTH>GRN>ON,0.40012667595388113,0.5998733240461189,IND>OTH>GRN>LNP,ON20,reference
Box Hill,North-Eastern Metro,ALP,LNP,ALP,0.5002597855525803,0.49974021444741973,0.0002597855525803272,LNP-ALP,IND>OTH>ON>GRN,0.49974021444741973,0.5002597855525803,IND>OTH>ON>GRN,0.626760876138789,0.3732391238612111,IND>OTH>GRN>LNP,North-Eastern Metro,ALP,LNP,ALP,0.5002597855525803,0.49974021444741973,0.0002597855525803272,LNP-ALP,IND>OTH>ON>GRN,0.49974021444741973,0.5002597855525803,IND>OTH>ON>GRN,0.626760876138789,0.3732391238612111,IND>OTH>GRN>LNP,ON20,reference
Brighton,Southern Metro,LNP,LNP,GRN,0.589999127513347,0.4100008724866529,0.08999912751334704,LNP-GRN,OTH>IND>ON>ALP,0.40513679963541244,0.5948632003645876,OTH>IND>ON>GRN,0.6027542704687683,0.3972457295312318,OTH>IND>GRN>LNP,Southern Metro,LNP,LNP,GRN,0.589999127513347,0.4100008724866529,0.08999912751334704,LNP-GRN,OTH>IND>ON>ALP,0.40513679963541244,0.5948632003645876,OTH>IND>ON>GRN,0.6027542704687683,0.3972457295312318,OTH>IND>GRN>LNP,ON20,reference
Broadmeadows,Northern Metro,ALP,ALP,ON,0.567364158297876,0.43263584170212394,0.06736415829787601,ALP-ON,IND>GRN>OTH>LNP,0.5978002944302497,0.4021997055697504,IND>GRN>OTH>ON,0.567364158297876,0.43263584170212394,IND>GRN>OTH>LNP,Northern Metro,ALP,ALP,ON,0.567364158297876,0.43263584170212394,0.06736415829787601,ALP-ON,IND>GRN>OTH>LNP,0.5978002944302497,0.4021997055697504,IND>GRN>OTH>ON,0.567364158297876,0.43263584170212394,IND>GRN>OTH>LNP,ON20,reference
Brunswick,Northern Metro,GRN,GRN,ALP,0.6616694382459883,0.33833056175401177,0.16166943824598834,GRN-ALP,IND>LNP>OTH>ON,0.7768400334918242,0.22315996650817588,IND>OTH>ON>GRN,0.771725070871722,0.22827492912827801,IND>LNP>OTH>GRN,Northern Metro,GRN,GRN,ALP,0.6616694382459883,0.33833056175401177,0.16166943824598834,GRN-ALP,IND>LNP>OTH>ON,0.7768400334918242,0.22315996650817588,IND>OTH>ON>GRN,0.771725070871722,0.22827492912827801,IND>LNP>OTH>GRN,ON20,reference
Bulleen,North-Eastern Metro,LNP,LNP,ALP,0.6284971805051333,0.3715028194948668,0.12849718050513326,LNP-ALP,OTH>IND>ON>GRN,0.3715028194948668,0.6284971805051333,OTH>IND>ON>GRN,0.5540150165378518,0.4459849834621483,OTH>IND>GRN>LNP,North-Eastern Metro,LNP,LNP,ALP,0.6284971805051333,0.3715028194948668,0.12849718050513326,LNP-ALP,OTH>IND>ON>GRN,0.3715028194948668,0.6284971805051333,OTH>IND>ON>GRN,0.5540150165378518,0.4459849834621483,OTH>IND>GRN>LNP,ON20,reference
Bundoora,North-Eastern Metro,ALP,ALP,LNP,0.5598975813801,0.44010241861989996,0.05989758138010004,ALP-LNP,IND>OTH>GRN>ON,0.5598975813801,0.44010241861989996,IND>OTH>GRN>ON,0.6314331035502508,0.3685668964497492,IND>OTH>GRN>LNP,North-Eastern Metro,ALP,ALP,LNP,0.5598975813801,0.44010241861989996,0.05989758138010004,ALP-LNP,IND>OTH>GRN>ON,0.5598975813801,0.44010241861989996,IND>OTH>GRN>ON,0.6314331035502508,0.3685668964497492,IND>OTH>GRN>LNP,ON20,reference
Carrum,South-Eastern Metro,ALP,LNP,ALP,0.5176413374930043,0.4823586625069958,0.01764133749300434,LNP-ALP,IND>OTH>GRN>ON,0.4823586625069958,0.5176413374930043,IND>OTH>GRN>ON,0.48320349461416956,0.5167965053858304,IND>OTH>GRN>LNP,South-Eastern Metro,ALP,LNP,ALP,0.5176413374930043,0.4823586625069958,0.01764133749300434,LNP-ALP,IND>OTH>GRN>ON,0.4823586625069958,0.5176413374930043,IND>OTH>GRN>ON,0.48320349461416956,0.5167965053858304,IND>OTH>GRN>LNP,ON20,reference
Caulfield,Southern Metro,LNP,LNP,GRN,0.5830717801973849,0.416928219802615,0.08307178019738493,LNP-GRN,OTH>IND>ON>ALP,0.42497480422066336,0.5750251957793368,OTH>IND>ON>GRN,0.6154927457276478,0.38450725427235233,OTH>IND>GRN>LNP,Southern Metro,LNP,LNP,GRN,0.5830717801973849,0.416928219802615,0.08307178019738493,LNP-GRN,OTH>IND>ON>ALP,0.42497480422066336,0.5750251957793368,OTH>IND>ON>GRN,0.6154927457276478,0.38450725427235233,OTH>IND>GRN>LNP,ON20,reference
Clarinda,South-Eastern Metro,ALP,ALP,LNP,0.5408534461076847,0.45914655389231523,0.04085344610768471,ALP-LNP,OTH>IND>GRN>ON,0.5408534461076847,0.45914655389231523,OTH>IND>GRN>ON,0.5916332615663943,0.4083667384336057,OTH>IND>GRN>LNP,South-Eastern Metro,ALP,ALP,LNP,0.5408534461076847,0.45914655389231523,0.04085344610768471,ALP-LNP,OTH>IND>GRN>ON,0.5408534461076847,0.45914655389231523,OTH>IND>GRN>ON,0.5916332615663943,0.4083667384336057,OTH>IND>GRN>LNP,ON20,reference
Cranbourne,South-Eastern Metro,ALP,ON,ALP,0.5049169692408981,0.49508303075910187,0.004916969240898128,ON-ALP,IND>GRN>OTH>LNP,0.5057009518807695,0.4942990481192306,IND>GRN>OTH>ON,0.49508303075910187,0.5049169692408981,IND>GRN>OTH>LNP,South-Eastern Metro,ALP,ON,ALP,0.5049169692408981,0.49508303075910187,0.004916969240898128,ON-ALP,IND>GRN>OTH>LNP,0.5057009518807695,0.4942990481192306,IND>GRN>OTH>ON,0.49508303075910187,0.5049169692408981,IND>GRN>OTH>LNP,ON20,reference
Croydon,North-Eastern Metro,LNP,LNP,ALP,0.5979218284281275,0.4020781715718726,0.09792182842812747,LNP-ALP,IND>OTH>GRN>ON,0.4020781715718726,0.5979218284281275,IND>OTH>GRN>ON,0.5006096222757165,0.4993903777242835,IND>OTH>GRN>LNP,North-Eastern Metro,LNP,LNP,ALP,0.5979218284281275,0.4020781715718726,0.09792182842812747,LNP-ALP,IND>OTH>GRN>ON,0.4020781715718726,0.5979218284281275,IND>OTH>GRN>ON,0.5006096222757165,0.4993903777242835,IND>OTH>GRN>LNP,ON20,reference
Dandenong,South-Eastern Metro,ALP,ALP,ON,0.6050497856184818,0.3949502143815182,0.10504978561848177,ALP-ON,IND>OTH>GRN>LNP,0.6162821205195709,0.3837178794804291,IND>OTH>GRN>ON,0.6050497856184818,0.3949502143815182,IND>OTH>GRN>LNP,South-Eastern Metro,ALP,ALP,ON,0.6050497856184818,0.3949502143815182,0.10504978561848177,ALP-ON,IND>OTH>GRN>LNP,0.6162821205195709,0.3837178794804291,IND>OTH>GRN>ON,0.6050497856184818,0.3949502143815182,IND>OTH>GRN>LNP,ON20,reference
Eildon,Northern Victoria,LNP,LNP,ON,0.618146030413553,0.3818539695864471,0.11814603041355298,LNP-ON,IND>OTH>GRN>ALP,0.3370070834453483,0.6629929165546518,IND>OTH>GRN>ON,0.3635109724273579,0.6364890275726421,IND>OTH>GRN>LNP,Northern Victoria,LNP,LNP,ON,0.618146030413553,0.3818539695864471,0.11814603041355298,LNP-ON,IND>OTH>GRN>ALP,0.3370070834453483,0.6629929165546518,IND>OTH>GRN>ON,0.3635109724273579,0.6364890275726421,IND>OTH>GRN>LNP,ON20,reference
Eltham,North-Eastern Metro,ALP,ALP,LNP,0.5112593818334205,0.4887406181665796,0.011259381833420457,ALP-LNP,IND>OTH>GRN>ON,0.5112593818334205,0.4887406181665796,IND>OTH>GRN>ON,0.5811298352002644,0.41887016479973566,IND>OTH>GRN>LNP,North-Eastern Metro,ALP,ALP,LNP,0.5112593818334205,0.4887406181665796,0.011259381833420457,ALP-LNP,IND>OTH>GRN>ON,0.5112593818334205,0.4887406181665796,IND>OTH>GRN>ON,0.5811298352002644,0.41887016479973566,IND>OTH>GRN>LNP,ON20,reference
Essendon,Northern Metro,ALP,ALP,LNP,0.52472391751441,0.47527608248558995,0.024723917514410054,ALP-LNP,IND>OTH>GRN>ON,0.52472391751441,0.47527608248558995,IND>OTH>GRN>ON,0.5699267549040431,0.43007324509595696,IND>OTH>GRN>LNP,Northern Metro,ALP,ALP,LNP,0.52472391751441,0.47527608248558995,0.024723917514410054,ALP-LNP,IND>OTH>GRN>ON,0.52472391751441,0.47527608248558995,IND>OTH>GRN>ON,0.5699267549040431,0.43007324509595696,IND>OTH>GRN>LNP,ON20,reference
Eureka,Western Victoria,ALP,ON,ALP,0.5723851592248177,0.4276148407751823,0.0723851592248177,ON-ALP,IND>OTH>GRN>LNP,0.4516360385832864,0.5483639614167136,IND>OTH>GRN>ON,0.4276148407751823,0.5723851592248177,IND>OTH>GRN>LNP,Western Victoria,ALP,ON,ALP,0.5723851592248177,0.4276148407751823,0.0723851592248177,ON-ALP,IND>OTH>GRN>LNP,0.4516360385832864,0.5483639614167136,IND>OTH>GRN>ON,0.4276148407751823,0.5723851592248177,IND>OTH>GRN>LNP,ON20,reference
Euroa,Northern Victoria,LNP,LNP,ON,0.613529337278464,0.3864706627215359,0.11352933727846404,LNP-ON,IND>OTH>GRN>ALP,0.29955995231850086,0.7004400476814993,IND>OTH>GRN>ON,0.33330718186379715,0.6666928181362028,IND>OTH>GRN>LNP,Northern Victoria,LNP,LNP,ON,0.613529337278464,0.3864706627215359,0.11352933727846404,LNP-ON,IND>OTH>GRN>ALP,0.29955995231850086,0.7004400476814993,IND>OTH>GRN>ON,0.33330718186379715,0.6666928181362028,IND>OTH>GRN>LNP,ON20,reference
Evelyn,Eastern Victoria,LNP,LNP,ALP,0.6508103670914623,0.3491896329085376,0.15081036709146234,LNP-ALP,IND>OTH>GRN>ON,0.3491896329085376,0.6508103670914623,IND>OTH>GRN>ON,0.40160232006071483,0.5983976799392852,IND>OTH>GRN>LNP,Eastern Victoria,LNP,LNP,ALP,0.6508103670914623,0.3491896329085376,0.15081036709146234,LNP-ALP,IND>OTH>GRN>ON,0.3491896329085376,0.6508103670914623,IND>OTH>GRN>ON,0.40160232006071483,0.5983976799392852,IND>OTH>GRN>LNP,ON20,reference
Footscray,Western Metro,ALP,ALP,GRN,0.524113988027124,0.47588601197287606,0.024113988027123945,ALP-GRN,IND>OTH>LNP>ON,0.689214894507803,0.310785105492197,IND>OTH>ON>GRN,0.7537903199763639,0.24620968002363613,IND>OTH>LNP>GRN,Western Metro,ALP,ALP,GRN,0.524113988027124,0.47588601197287606,0.024113988027123945,ALP-GRN,IND>OTH>LNP>ON,0.689214894507803,0.310785105492197,IND>OTH>ON>GRN,0.7537903199763639,0.24620968002363613,IND>OTH>LNP>GRN,ON20,reference
Frankston,South-Eastern Metro,ALP,ALP,LNP,0.5050559374704963,0.4949440625295038,0.005055937470496263,ALP-LNP,IND>OTH>GRN>ON,0.5050559374704963,0.4949440625295038,IND>OTH>GRN>ON,0.5223206842429411,0.47767931575705896,IND>OTH>GRN>LNP,South-Eastern Metro,ALP,ALP,LNP,0.5050559374704963,0.4949440625295038,0.005055937470496263,ALP-LNP,IND>OTH>GRN>ON,0.5050559374704963,0.4949440625295038,IND>OTH>GRN>ON,0.5223206842429411,0.47767931575705896,IND>OTH>GRN>LNP,ON20,reference
Geelong,Western Victoria,ALP,ON,ALP,0.5038461842561889,0.4961538157438112,0.003846184256188878,ON-ALP,OTH>IND>GRN>LNP,0.5089691605453456,0.4910308394546544,OTH>IND>GRN>ON,0.4961538157438112,0.5038461842561889,OTH>IND>GRN>LNP,Western Victoria,ALP,ON,ALP,0.5038461842561889,0.4961538157438112,0.003846184256188878,ON-ALP,OTH>IND>GRN>LNP,0.5089691605453456,0.4910308394546544,OTH>IND>GRN>ON,0.4961538157438112,0.5038461842561889,OTH>IND>GRN>LNP,ON20,reference
Gippsland East,Eastern Victoria,LNP,LNP,ON,0.6196287299268712,0.3803712700731289,0.11962872992687124,LNP-ON,IND>ALP>OTH>GRN,0.19773754296552068,0.8022624570344794,IND>OTH>GRN>ON,0.23363193593440876,0.7663680640655911,IND>OTH>GRN>LNP,Eastern Victoria,LNP,LNP,ON,0.6196287299268712,0.3803712700731289,0.11962872992687124,LNP-ON,IND>ALP>OTH>GRN,0.19773754296552068,0.8022624570344794,IND>OTH>GRN>ON,0.23363193593440876,0.7663680640655911,IND>OTH>GRN>LNP,ON20,reference
Gippsland South,Eastern Victoria,LNP,LNP,ON,0.6095432408143006,0.3904567591856995,0.10954324081430056,LNP-ON,OTH>IND>GRN>ALP,0.24928703694011617,0.7507129630598838,OTH>IND>GRN>ON,0.28232072418051923,0.7176792758194808,OTH>IND>GRN>LNP,Eastern Victoria,LNP,LNP,ON,0.6095432408143006,0.3904567591856995,0.10954324081430056,LNP-ON,OTH>IND>GRN>ALP,0.24928703694011617,0.7507129630598838,OTH>IND>GRN>ON,0.28232072418051923,0.7176792758194808,OTH>IND>GRN>LNP,ON20,reference
Glen Waverley,North-Eastern Metro,ALP,LNP,ALP,0.5419493187226015,0.45805068127739845,0.04194931872260155,LNP-ALP,IND>OTH>ON>GRN,0.45805068127739845,0.5419493187226015,IND>OTH>ON>GRN,0.6029543047272573,0.39704569527274275,IND>OTH>GRN>LNP,North-Eastern Metro,ALP,LNP,ALP,0.5419493187226015,0.45805068127739845,0.04194931872260155,LNP-ALP,IND>OTH>ON>GRN,0.45805068127739845,0.5419493187226015,IND>OTH>ON>GRN,0.6029543047272573,0.39704569527274275,IND>OTH>GRN>LNP,ON20,reference
Greenvale,Northern Metro,ALP,ALP,LNP,0.5640419152872127,0.43595808471278735,0.0640419152872127,ALP-LNP,IND>GRN>OTH>ON,0.5640419152872127,0.43595808471278735,IND>GRN>OTH>ON,0.5663103876708127,0.4336896123291873,IND>GRN>OTH>LNP,Northern Metro,ALP,ALP,LNP,0.5640419152872127,0.43595808471278735,0.0640419152872127,ALP-LNP,IND>GRN>OTH>ON,0.5640419152872127,0.43595808471278735,IND>GRN>OTH>ON,0.5663103876708127,0.4336896123291873,IND>GRN>OTH>LNP,ON20,reference
Hastings,Eastern Victoria,ALP,LNP,ALP,0.5969726069901035,0.4030273930098965,0.09697260699010346,LNP-ALP,IND>OTH>GRN>ON,0.4030273930098965,0.5969726069901035,IND>OTH>GRN>ON,0.41215811219782517,0.5878418878021748,IND>OTH>GRN>LNP,Eastern Victoria,ALP,LNP,ALP,0.5969726069901035,0.4030273930098965,0.09697260699010346,LNP-ALP,IND>OTH>GRN>ON,0.4030273930098965,0.5969726069901035,IND>OTH>GRN>ON,0.41215811219782517,0.5878418878021748,IND>OTH>GRN>LNP,ON20,reference
Hawthorn,Southern Metro,LNP,LNP,GRN,0.6339273016841828,0.3660726983158173,0.13392730168418276,LNP-GRN,OTH>ON>ALP>IND,0.44866546603242113,0.5513345339675788,OTH>ON>GRN>IND,0.6586643437804021,0.34133565621959794,OTH>GRN>IND>LNP,Southern Metro,LNP,LNP,GRN,0.6339273016841828,0.3660726983158173,0.13392730168418276,LNP-GRN,OTH>ON>ALP>IND,0.44866546603242113,0.5513345339675788,OTH>ON>GRN>IND,0.6586643437804021,0.34133565621959794,OTH>GRN>IND>LNP,ON20,reference
Ivanhoe,North-Eastern Metro,ALP,ALP,LNP,0.5566025002052869,0.44339749979471316,0.0566025002052869,ALP-LNP,OTH>IND>ON>GRN,0.5566025002052869,0.44339749979471316,OTH>IND>ON>GRN,0.6340804333209078,0.36591956667909226,OTH>IND>GRN>LNP,North-Eastern Metro,ALP,ALP,LNP,0.5566025002052869,0.44339749979471316,0.0566025002052869,ALP-LNP,OTH>IND>ON>GRN,0.5566025002052869,0.44339749979471316,OTH>IND>ON>GRN,0.6340804333209078,0.36591956667909226,OTH>IND>GRN>LNP,ON20,reference
Kalkallo,Northern Metro,ALP,ALP,ON,0.5505745377232301,0.44942546227677005,0.05057453772323006,ALP-ON,IND>GRN>OTH>LNP,0.5727045021400083,0.42729549785999177,IND>GRN>OTH>ON,0.5505745377232301,0.44942546227677005,IND>GRN>OTH>LNP,Northern Metro,ALP,ALP,ON,0.5505745377232301,0.44942546227677005,0.05057453772323006,ALP-ON,IND>GRN>OTH>LNP,0.5727045021400083,0.42729549785999177,IND>GRN>OTH>ON,0.5505745377232301,0.44942546227677005,IND>GRN>OTH>LNP,ON20,reference
Kew,Southern Metro,LNP,LNP,IND,0.6127511846901507,0.3872488153098494,0.11275118469015066,LNP-IND,OTH>ON>ALP>GRN,0.410328173863659,0.5896718261363411,OTH>ON>GRN>IND,0.6407552660078356,0.3592447339921645,OTH>GRN>IND>LNP,Southern Metro,LNP,LNP,IND,0.6127511846901507,0.3872488153098494,0.11275118469015066,LNP-IND,OTH>ON>ALP>GRN,0.410328173863659,0.5896718261363411,OTH>ON>GRN>IND,0.6407552660078356,0.3592447339921645,OTH>GRN>IND>LNP,ON20,reference
Kororoit,Western Metro,ALP,ALP,ON,0.5611155345740948,0.4388844654259053,0.0611155345740948,ALP-ON,IND>GRN>OTH>LNP,0.5827074092985095,0.4172925907014906,IND>GRN>OTH>ON,0.5611155345740948,0.4388844654259053,IND>GRN>OTH>LNP,Western Metro,ALP,ALP,ON,0.5611155345740948,0.4388844654259053,0.0611155345740948,ALP-ON,IND>GRN>OTH>LNP,0.5827074092985095,0.4172925907014906,IND>GRN>OTH>ON,0.5611155345740948,0.4388844654259053,IND>GRN>OTH>LNP,ON20,reference
Lara,Western Victoria,ALP,ON,ALP,0.5244276229337613,0.4755723770662387,0.024427622933761328,ON-ALP,IND>OTH>GRN>LNP,0.5233966263591768,0.4766033736408232,IND>OTH>GRN>ON,0.4755723770662387,0.5244276229337613,IND>OTH>GRN>LNP,Western Victoria,ALP,ON,ALP,0.5244276229337613,0.4755723770662387,0.024427622933761328,ON-ALP,IND>OTH>GRN>LNP,0.5233966263591768,0.4766033736408232,IND>OTH>GRN>ON,0.4755723770662387,0.5244276229337613,IND>OTH>GRN>LNP,ON20,reference
Laverton,Western Metro,ALP,ALP,ON,0.5919186783074779,0.40808132169252215,0.09191867830747791,ALP-ON,IND>GRN>OTH>LNP,0.6000429275604848,0.39995707243951517,IND>GRN>OTH>ON,0.5919186783074779,0.40808132169252215,IND>GRN>OTH>LNP,Western Metro,ALP,ALP,ON,0.5919186783074779,0.40808132169252215,0.09191867830747791,ALP-ON,IND>GRN>OTH>LNP,0.6000429275604848,0.39995707243951517,IND>GRN>OTH>ON,0.5919186783074779,0.40808132169252215,IND>GRN>OTH>LNP,ON20,reference
Lowan,Western Victoria,LNP,LNP,ON,0.6503641017345501,0.3496358982654499,0.15036410173455006,LNP-ON,IND>OTH>ALP>GRN,0.2082548794294279,0.7917451205705721,IND>OTH>GRN>ON,0.25502327576540323,0.7449767242345967,IND>OTH>GRN>LNP,Western Victoria,LNP,LNP,ON,0.6503641017345501,0.3496358982654499,0.15036410173455006,LNP-ON,IND>OTH>ALP>GRN,0.2082548794294279,0.7917451205705721,IND>OTH>GRN>ON,0.25502327576540323,0.7449767242345967,IND>OTH>GRN>LNP,ON20,reference
Macedon,Northern Victoria,ALP,LNP,ALP,0.5168333542487898,0.4831666457512101,0.016833354248789845,LNP-ALP,OTH>IND>GRN>ON,0.4831666457512101,0.5168333542487898,OTH>IND>GRN>ON,0.47607479196221436,0.5239252080377858,OTH>IND>GRN>LNP,Northern Victoria,ALP,LNP,ALP,0.5168333542487898,0.4831666457512101,0.016833354248789845,LNP-ALP,OTH>IND>GRN>ON,0.4831666457512101,0.5168333542487898,OTH>IND>GRN>ON,0.47607479196221436,0.5239252080377858,OTH>IND>GRN>LNP,ON20,reference
Malvern,Southern Metro,LNP,LNP,GRN,0.6397324324694185,0.36026756753058153,0.13973243246941847,LNP-GRN,IND>OTH>ON>ALP,0.36601179573007053,0.6339882042699294,IND>OTH>ON>GRN,0.6047629275616517,0.39523707243834827,IND>OTH>GRN>LNP,Southern Metro,LNP,LNP,GRN,0.6397324324694185,0.36026756753058153,0.13973243246941847,LNP-GRN,IND>OTH>ON>ALP,0.36601179573007053,0.6339882042699294,IND>OTH>ON>GRN,0.6047629275616517,0.39523707243834827,IND>OTH>GRN>LNP,ON20,reference
Melbourne,Northern Metro,GRN,GRN,ALP,0.6373556455354584,0.36264435446454163,0.13735564553545843,GRN-ALP,IND>OTH>LNP>ON,0.7048377092944188,0.2951622907055812,IND>OTH>ON>GRN,0.7692658858842538,0.23073411411574624,IND>OTH>LNP>GRN,Northern Metro,GRN,GRN,ALP,0.6373556455354584,0.36264435446454163,0.13735564553545843,GRN-ALP,IND>OTH>LNP>ON,0.7048377092944188,0.2951622907055812,IND>OTH>ON>GRN,0.7692658858842538,0.23073411411574624,IND>OTH>LNP>GRN,ON20,reference
Melton,Western Victoria,ALP,ON,IND,0.5467589542160335,0.45324104578396646,0.04675895421603349,ON-IND,GRN>OTH>LNP>ALP,0.4304497802585806,0.5695502197414194,GRN>OTH>IND>ON,0.44857827443554443,0.5514217255644556,GRN>OTH>LNP>IND,Western Victoria,ALP,ON,IND,0.5467589542160335,0.45324104578396646,0.04675895421603349,ON-IND,GRN>OTH>LNP>ALP,0.4304497802585806,0.5695502197414194,GRN>OTH>IND>ON,0.44857827443554443,0.5514217255644556,GRN>OTH>LNP>IND,ON20,reference
Mildura,Northern Victoria,LNP,LNP,IND,0.5371470058506205,0.4628529941493796,0.037147005850620474,LNP-IND,OTH>ALP>GRN>ON,0.2668942651476927,0.7331057348523072,OTH>GRN>ON>IND,0.3513014036593061,0.6486985963406939,OTH>GRN>LNP>IND,Northern Victoria,LNP,LNP,IND,0.5371470058506205,0.4628529941493796,0.037147005850620474,LNP-IND,OTH>ALP>GRN>ON,0.2668942651476927,0.7331057348523072,OTH>GRN>ON>IND,0.3513014036593061,0.6486985963406939,OTH>GRN>LNP>IND,ON20,reference
Mill Park,North-Eastern Metro,ALP,ALP,ON,0.5448940917758343,0.4551059082241658,0.044894091775834255,ALP-ON,IND>GRN>OTH>LNP,0.5577988938170404,0.44220110618295955,IND>GRN>OTH>ON,0.5448940917758343,0.4551059082241658,IND>GRN>OTH>LNP,North-Eastern Metro,ALP,ALP,ON,0.5448940917758343,0.4551059082241658,0.044894091775834255,ALP-ON,IND>GRN>OTH>LNP,0.5577988938170404,0.44220110618295955,IND>GRN>OTH>ON,0.5448940917758343,0.4551059082241658,IND>GRN>OTH>LNP,ON20,reference
Monbulk,Eastern Victoria,ALP,LNP,ALP,0.5405205531709534,0.45947944682904657,0.04052055317095338,LNP-ALP,OTH>IND>GRN>ON,0.45947944682904657,0.5405205531709534,OTH>IND>GRN>ON,0.4560032559939396,0.5439967440060604,OTH>IND>GRN>LNP,Eastern Victoria,ALP,LNP,ALP,0.5405205531709534,0.45947944682904657,0.04052055317095338,LNP-ALP,OTH>IND>GRN>ON,0.45947944682904657,0.5405205531709534,OTH>IND>GRN>ON,0.4560032559939396,0.5439967440060604,OTH>IND>GRN>LNP,ON20,reference
Mordialloc,South-Eastern Metro,ALP,ALP,LNP,0.5074135317375673,0.49258646826243263,0.007413531737567314,ALP-LNP,OTH>IND>GRN>ON,0.5074135317375673,0.49258646826243263,OTH>IND>GRN>ON,0.5800067146345991,0.41999328536540104,OTH>IND>GRN>LNP,South-Eastern Metro,ALP,ALP,LNP,0.5074135317375673,0.49258646826243263,0.007413531737567314,ALP-LNP,OTH>IND>GRN>ON,0.5074135317375673,0.49258646826243263,OTH>IND>GRN>ON,0.5800067146345991,0.41999328536540104,OTH>IND>GRN>LNP,ON20,reference
Mornington,Eastern Victoria,LNP,LNP,IND,0.6167543127396109,0.38324568726038916,0.1167543127396109,LNP-IND,OTH>GRN>ALP>ON,0.316594824166064,0.683405175833936,OTH>GRN>ON>IND,0.3598300296593449,0.6401699703406551,OTH>GRN>IND>LNP,Eastern Victoria,LNP,LNP,IND,0.6167543127396109,0.38324568726038916,0.1167543127396109,LNP-IND,OTH>GRN>ALP>ON,0.316594824166064,0.683405175833936,OTH>GRN>ON>IND,0.3598300296593449,0.6401699703406551,OTH>GRN>IND>LNP,ON20,reference
Morwell,Eastern Victoria,LNP,LNP,ON,0.5035253548614784,0.49647464513852163,0.0035253548614784247,LNP-ON,GRN>OTH>IND>ALP,0.36788245551892224,0.6321175444810777,GRN>OTH>IND>ON,0.3482864801996705,0.6517135198003294,GRN>OTH>IND>LNP,Eastern Victoria,LNP,LNP,ON,0.5035253548614784,0.49647464513852163,0.0035253548614784247,LNP-ON,GRN>OTH>IND>ALP,0.36788245551892224,0.6321175444810777,GRN>OTH>IND>ON,0.3482864801996705,0.6517135198003294,GRN>OTH>IND>LNP,ON20,reference
Mulgrave,South-Eastern Metro,ALP,ALP,ON,0.7020918849372006,0.2979081150627993,0.20209188493720065,ALP-ON,OTH>GRN>LNP>IND,0.6071703452649845,0.3928296547350156,OTH>GRN>IND>ON,0.7020918849372006,0.2979081150627993,OTH>GRN>LNP>IND,South-Eastern Metro,ALP,ALP,ON,0.7020918849372006,0.2979081150627993,0.20209188493720065,ALP-ON,OTH>GRN>LNP>IND,0.6071703452649845,0.3928296547350156,OTH>GRN>IND>ON,0.7020918849372006,0.2979081150627993,OTH>GRN>LNP>IND,ON20,reference
Murray Plains,Northern Victoria,LNP,LNP,ON,0.6120693208383282,0.38793067916167184,0.11206932083832821,LNP-ON,IND>ALP>GRN>OTH,0.17928935594577156,0.8207106440542284,IND>GRN>OTH>ON,0.21170275371240022,0.7882972462875998,IND>GRN>OTH>LNP,Northern Victoria,LNP,LNP,ON,0.6120693208383282,0.38793067916167184,0.11206932083832821,LNP-ON,IND>ALP>GRN>OTH,0.17928935594577156,0.8207106440542284,IND>GRN>OTH>ON,0.21170275371240022,0.7882972462875998,IND>GRN>OTH>LNP,ON20,reference
Narracan,Eastern Victoria,LNP,LNP,ON,0.6416777925525248,0.35832220744747517,0.14167779255252477,LNP-ON,OTH>IND>ALP>GRN,0.3622200117915976,0.6377799882084024,OTH>IND>GRN>ON,0.39035551835197274,0.6096444816480272,OTH>IND>GRN>LNP,Eastern Victoria,LNP,LNP,ON,0.6416777925525248,0.35832220744747517,0.14167779255252477,LNP-ON,OTH>IND>ALP>GRN,0.3622200117915976,0.6377799882084024,OTH>IND>GRN>ON,0.39035551835197274,0.6096444816480272,OTH>IND>GRN>LNP,ON20,reference
Narre Warren North,South-Eastern Metro,ALP,ALP,ON,0.5137861473458978,0.4862138526541022,0.013786147345897781,ALP-ON,IND>GRN>OTH>LNP,0.5171059919104938,0.4828940080895062,IND>GRN>OTH>ON,0.5137861473458978,0.4862138526541022,IND>GRN>OTH>LNP,South-Eastern Metro,ALP,ALP,ON,0.5137861473458978,0.4862138526541022,0.013786147345897781,ALP-ON,IND>GRN>OTH>LNP,0.5171059919104938,0.4828940080895062,IND>GRN>OTH>ON,0.5137861473458978,0.4862138526541022,IND>GRN>OTH>LNP,ON20,reference
Narre Warren South,South-Eastern Metro,ALP,ALP,ON,0.5219007752467475,0.47809922475325256,0.021900775246747495,ALP-ON,IND>GRN>OTH>LNP,0.5173210133068477,0.48267898669315235,IND>GRN>OTH>ON,0.5219007752467475,0.47809922475325256,IND>GRN>OTH>LNP,South-Eastern Metro,ALP,ALP,ON,0.5219007752467475,0.47809922475325256,0.021900775246747495,ALP-ON,IND>GRN>OTH>LNP,0.5173210133068477,0.48267898669315235,IND>GRN>OTH>ON,0.5219007752467475,0.47809922475325256,IND>GRN>OTH>LNP,ON20,reference
Nepean,Eastern Victoria,LNP,LNP,ALP,0.6587180605169725,0.3412819394830276,0.15871806051697246,LNP-ALP,OTH>IND>GRN>ON,0.3412819394830276,0.6587180605169725,OTH>IND>GRN>ON,0.3938965938389764,0.6061034061610237,OTH>IND>GRN>LNP,Eastern Victoria,LNP,LNP,ALP,0.6587180605169725,0.3412819394830276,0.15871806051697246,LNP-ALP,OTH>IND>GRN>ON,0.3412819394830276,0.6587180605169725,OTH>IND>GRN>ON,0.3938965938389764,0.6061034061610237,OTH>IND>GRN>LNP,ON20,reference
Niddrie,Western Metro,ALP,LNP,ALP,0.5213594039507781,0.47864059604922193,0.021359403950778066,LNP-ALP,IND>OTH>GRN>ON,0.47864059604922193,0.5213594039507781,IND>OTH>GRN>ON,0.5316448011667306,0.46835519883326937,IND>OTH>GRN>LNP,Western Metro,ALP,LNP,ALP,0.5213594039507781,0.47864059604922193,0.021359403950778066,LNP-ALP,IND>OTH>GRN>ON,0.47864059604922193,0.5213594039507781,IND>OTH>GRN>ON,0.5316448011667306,0.46835519883326937,IND>OTH>GRN>LNP,ON20,reference
Northcote,Northern Metro,ALP,GRN,ALP,0.5445499439953019,0.45545005600469807,0.04454994399530188,GRN-ALP,IND>LNP>OTH>ON,0.743721932738684,0.2562780672613161,IND>OTH>ON>GRN,0.7358096102944388,0.2641903897055613,IND>LNP>OTH>GRN,Northern Metro,ALP,GRN,ALP,0.5445499439953019,0.45545005600469807,0.04454994399530188,GRN-ALP,IND>LNP>OTH>ON,0.743721932738684,0.2562780672613161,IND>OTH>ON>GRN,0.7358096102944388,0.2641903897055613,IND>LNP>OTH>GRN,ON20,reference
Oakleigh,Southern Metro,ALP,ALP,LNP,0.5551886114969715,0.4448113885030285,0.05518861149697152,ALP-LNP,OTH>IND>GRN>ON,0.5551886114969715,0.4448113885030285,OTH>IND>GRN>ON,0.6176759323395408,0.38232406766045934,OTH>IND>GRN>LNP,Southern Metro,ALP,ALP,LNP,0.5551886114969715,0.4448113885030285,0.05518861149697152,ALP-LNP,OTH>IND>GRN>ON,0.5551886114969715,0.4448113885030285,OTH>IND>GRN>ON,0.6176759323395408,0.38232406766045934,OTH>IND>GRN>LNP,ON20,reference
Ovens Valley,Northern Victoria,LNP,LNP,ON,0.6153749401096781,0.38462505989032186,0.11537494010967808,LNP-ON,IND>ALP>OTH>GRN,0.2630705718005313,0.7369294281994688,IND>GRN>OTH>ON,0.27768614778529854,0.7223138522147016,IND>GRN>OTH>LNP,Northern Victoria,LNP,LNP,ON,0.6153749401096781,0.38462505989032186,0.11537494010967808,LNP-ON,IND>ALP>OTH>GRN,0.2630705718005313,0.7369294281994688,IND>GRN>OTH>ON,0.27768614778529854,0.7223138522147016,IND>GRN>OTH>LNP,ON20,reference
Pakenham,Eastern Victoria,ALP,LNP,ON,0.5403965859436985,0.45960341405630156,0.04039658594369855,LNP-ON,IND>GRN>OTH>ALP,0.40240707549215327,0.5975929245078467,IND>GRN>OTH>ON,0.3854474213368909,0.6145525786631092,IND>GRN>OTH>LNP,Eastern Victoria,ALP,LNP,ON,0.5403965859436985,0.45960341405630156,0.04039658594369855,LNP-ON,IND>GRN>OTH>ALP,0.40240707549215327,0.5975929245078467,IND>GRN>OTH>ON,0.3854474213368909,0.6145525786631092,IND>GRN>OTH>LNP,ON20,reference
Pascoe Vale,Northern Metro,ALP,ALP,GRN,0.5103486346091736,0.4896513653908265,0.010348634609173568,ALP-GRN,OTH>IND>LNP>ON,0.6261153293415099,0.37388467065849007,OTH>IND>ON>GRN,0.6777862737538827,0.3222137262461174,OTH>IND>LNP>GRN,Northern Metro,ALP,ALP,GRN,0.5103486346091736,0.4896513653908265,0.010348634609173568,ALP-GRN,OTH>IND>LNP>ON,0.6261153293415099,0.37388467065849007,OTH>IND>ON>GRN,0.6777862737538827,0.3222137262461174,OTH>IND>LNP>GRN,ON20,reference
Point Cook,Western Metro,ALP,ALP,ON,0.5132288463862563,0.4867711536137437,0.013228846386256321,ALP-ON,OTH>GRN>IND>LNP,0.5256147059765484,0.4743852940234516,OTH>GRN>IND>ON,0.5132288463862563,0.4867711536137437,OTH>GRN>IND>LNP,Western Metro,ALP,ALP,ON,0.5132288463862563,0.4867711536137437,0.013228846386256321,ALP-ON,OTH>GRN>IND>LNP,0.5256147059765484,0.4743852940234516,OTH>GRN>IND>ON,0.5132288463862563,0.4867711536137437,OTH>GRN>IND>LNP,ON20,reference
Polwarth,Western Victoria,LNP,LNP,GRN,0.6503707721355864,0.3496292278644137,0.15037077213558636,LNP-GRN,IND>OTH>ALP>ON,0.37879594920330295,0.621204050796697,IND>OTH>GRN>ON,0.41135082030741416,0.5886491796925859,IND>OTH>GRN>LNP,Western Victoria,LNP,LNP,GRN,0.6503707721355864,0.3496292278644137,0.15037077213558636,LNP-GRN,IND>OTH>ALP>ON,0.37879594920330295,0.621204050796697,IND>OTH>GRN>ON,0.41135082030741416,0.5886491796925859,IND>OTH>GRN>LNP,ON20,reference
Prahran,Southern Metro,Greens,GRN,LNP,0.5660240990617631,0.43397590093823685,0.0660240990617631,GRN-LNP,IND>OTH>ON>ALP,0.5743879960983143,0.42561200390168574,IND>OTH>ON>GRN,0.6939300332489841,0.306069966751016,IND>OTH>LNP>GRN,Southern Metro,Greens,GRN,LNP,0.5660240990617631,0.43397590093823685,0.0660240990617631,GRN-LNP,IND>OTH>ON>ALP,0.5743879960983143,0.42561200390168574,IND>OTH>ON>GRN,0.6939300332489841,0.306069966751016,IND>OTH>LNP>GRN,ON20,reference
Preston,Northern Metro,ALP,ALP,ON,0.6258769003809436,0.37412309961905643,0.12587690038094357,ALP-ON,OTH>LNP>IND>GRN,0.6084313732335326,0.3915686267664675,OTH>IND>GRN>ON,0.6258769003809436,0.37412309961905643,OTH>LNP>IND>GRN,Northern Metro,ALP,ALP,ON,0.6258769003809436,0.37412309961905643,0.12587690038094357,ALP-ON,OTH>LNP>IND>GRN,0.6084313732335326,0.3915686267664675,OTH>IND>GRN>ON,0.6258769003809436,0.37412309961905643,OTH>LNP>IND>GRN,ON20,reference
Richmond,Northern Metro,GRN,GRN,ALP,0.5988469047865859,0.40115309521341413,0.09884690478658587,GRN-ALP,IND>OTH>LNP>ON,0.7389602592138836,0.26103974078611636,IND>OTH>ON>GRN,0.7809466330047606,0.2190533669952394,IND>OTH>LNP>GRN,Northern Metro,GRN,GRN,ALP,0.5988469047865859,0.40115309521341413,0.09884690478658587,GRN-ALP,IND>OTH>LNP>ON,0.7389602592138836,0.26103974078611636,IND>OTH>ON>GRN,0.7809466330047606,0.2190533669952394,IND>OTH>LNP>GRN,ON20,reference
Ringwood,North-Eastern Metro,LNP,LNP,ALP,0.5039619041368127,0.4960380958631873,0.003961904136812744,LNP-ALP,IND>OTH>ON>GRN,0.4960380958631873,0.5039619041368127,IND>OTH>ON>GRN,0.5766413685646918,0.4233586314353082,IND>OTH>GRN>LNP,North-Eastern Metro,LNP,LNP,ALP,0.5039619041368127,0.4960380958631873,0.003961904136812744,LNP-ALP,IND>OTH>ON>GRN,0.4960380958631873,0.5039619041368127,IND>OTH>ON>GRN,0.5766413685646918,0.4233586314353082,IND>OTH>GRN>LNP,ON20,reference
Ripon,Western Victoria,ALP,ON,ALP,0.6025888960923486,0.39741110390765144,0.10258889609234856,ON-ALP,IND>GRN>OTH>LNP,0.4221812856060105,0.5778187143939896,IND>GRN>OTH>ON,0.39741110390765144,0.6025888960923486,IND>GRN>OTH>LNP,Western Victoria,ALP,ON,ALP,0.6025888960923486,0.39741110390765144,0.10258889609234856,ON-ALP,IND>GRN>OTH>LNP,0.4221812856060105,0.5778187143939896,IND>GRN>OTH>ON,0.39741110390765144,0.6025888960923486,IND>GRN>OTH>LNP,ON20,reference
Rowville,South-Eastern Metro,LNP,LNP,ALP,0.6049931725204024,0.39500682747959764,0.10499317252040241,LNP-ALP,OTH>GRN>IND>ON,0.39500682747959764,0.6049931725204024,OTH>GRN>IND>ON,0.5049607347847914,0.4950392652152085,OTH>GRN>IND>LNP,South-Eastern Metro,LNP,LNP,ALP,0.6049931725204024,0.39500682747959764,0.10499317252040241,LNP-ALP,OTH>GRN>IND>ON,0.39500682747959764,0.6049931725204024,OTH>GRN>IND>ON,0.5049607347847914,0.4950392652152085,OTH>GRN>IND>LNP,ON20,reference
Sandringham,Southern Metro,LNP,LNP,GRN,0.6286338582652499,0.37136614173475013,0.12863385826524987,LNP-GRN,OTH>IND>ON>ALP,0.3804249656610193,0.6195750343389808,OTH>IND>ON>GRN,0.5313159270769477,0.46868407292305225,OTH>IND>GRN>LNP,Southern Metro,LNP,LNP,GRN,0.6286338582652499,0.37136614173475013,0.12863385826524987,LNP-GRN,OTH>IND>ON>ALP,0.3804249656610193,0.6195750343389808,OTH>IND>ON>GRN,0.5313159270769477,0.46868407292305225,OTH>IND>GRN>LNP,ON20,reference
Shepparton,Northern Victoria,LNP,LNP,IND,0.5904688094547942,0.4095311905452058,0.09046880945479419,LNP-IND,ALP>OTH>GRN>ON,0.24872816226252997,0.75127183773747,OTH>GRN>ON>IND,0.2835620637500306,0.7164379362499694,OTH>GRN>IND>LNP,Northern Victoria,LNP,LNP,IND,0.5904688094547942,0.4095311905452058,0.09046880945479419,LNP-IND,ALP>OTH>GRN>ON,0.24872816226252997,0.75127183773747,OTH>GRN>ON>IND,0.2835620637500306,0.7164379362499694,OTH>GRN>IND>LNP,ON20,reference
South Barwon,Western Victoria,ALP,LNP,ALP,0.5306099406428907,0.46939005935710926,0.030609940642890687,LNP-ALP,IND>OTH>GRN>ON,0.46939005935710926,0.5306099406428907,IND>OTH>GRN>ON,0.5053367962715826,0.49466320372841754,IND>OTH>GRN>LNP,Western Victoria,ALP,LNP,ALP,0.5306099406428907,0.46939005935710926,0.030609940642890687,LNP-ALP,IND>OTH>GRN>ON,0.46939005935710926,0.5306099406428907,IND>OTH>GRN>ON,0.5053367962715826,0.49466320372841754,IND>OTH>GRN>LNP,ON20,reference
South-West Coast,Western Victoria,LNP,LNP,IND,0.5827934011013792,0.4172065988986208,0.08279340110137923,LNP-IND,OTH>GRN>ALP>ON,0.33083606613798394,0.6691639338620161,OTH>GRN>ON>IND,0.3452158417683216,0.6547841582316785,OTH>GRN>IND>LNP,Western Victoria,LNP,LNP,IND,0.5827934011013792,0.4172065988986208,0.08279340110137923,LNP-IND,OTH>GRN>ALP>ON,0.33083606613798394,0.6691639338620161,OTH>GRN>ON>IND,0.3452158417683216,0.6547841582316785,OTH>GRN>IND>LNP,ON20,reference
St Albans,Western Metro,ALP,ALP,ON,0.5627488138958776,0.43725118610412234,0.06274881389587761,ALP-ON,IND>GRN>OTH>LNP,0.5505474335132743,0.44945256648672566,IND>GRN>OTH>ON,0.5627488138958776,0.43725118610412234,IND>GRN>OTH>LNP,Western Metro,ALP,ALP,ON,0.5627488138958776,0.43725118610412234,0.06274881389587761,ALP-ON,IND>GRN>OTH>LNP,0.5505474335132743,0.44945256648672566,IND>GRN>OTH>ON,0.5627488138958776,0.43725118610412234,IND>GRN>OTH>LNP,ON20,reference
Sunbury,Western Metro,ALP,ON,ALP,0.5572340300345805,0.44276596996541945,0.057234030034580496,ON-ALP,IND>OTH>GRN>LNP,0.4539695051194604,0.5460304948805396,IND>OTH>GRN>ON,0.44276596996541945,0.5572340300345805,IND>OTH>GRN>LNP,Western Metro,ALP,ON,ALP,0.5572340300345805,0.44276596996541945,0.057234030034580496,ON-ALP,IND>OTH>GRN>LNP,0.4539695051194604,0.5460304948805396,IND>OTH>GRN>ON,0.44276596996541945,0.5572340300345805,IND>OTH>GRN>LNP,ON20,reference
Sydenham,Western Metro,ALP,ALP,ON,0.5175764412652197,0.48242355873478027,0.017576441265219733,ALP-ON,IND>GRN>OTH>LNP,0.5159163034345157,0.4840836965654844,IND>GRN>OTH>ON,0.5175764412652197,0.48242355873478027,IND>GRN>OTH>LNP,Western Metro,ALP,ALP,ON,0.5175764412652197,0.48242355873478027,0.017576441265219733,ALP-ON,IND>GRN>OTH>LNP,0.5159163034345157,0.4840836965654844,IND>GRN>OTH>ON,0.5175764412652197,0.48242355873478027,IND>GRN>OTH>LNP,ON20,reference
Tarneit,Western Metro,ALP,ALP,ON,0.5517678840900354,0.4482321159099646,0.05176788409003541,ALP-ON,IND>OTH>GRN>LNP,0.5469834803147792,0.4530165196852208,IND>OTH>GRN>ON,0.5517678840900354,0.4482321159099646,IND>OTH>GRN>LNP,Western Metro,ALP,ALP,ON,0.5517678840900354,0.4482321159099646,0.05176788409003541,ALP-ON,IND>OTH>GRN>LNP,0.5469834803147792,0.4530165196852208,IND>OTH>GRN>ON,0.5517678840900354,0.4482321159099646,IND>OTH>GRN>LNP,ON20,reference
Thomastown,Northern Metro,ALP,ALP,ON,0.5788685770706117,0.4211314229293883,0.07886857707061168,ALP-ON,IND>GRN>OTH>LNP,0.602133532594215,0.39786646740578496,IND>GRN>OTH>ON,0.5788685770706117,0.4211314229293883,IND>GRN>OTH>LNP,Northern Metro,ALP,ALP,ON,0.5788685770706117,0.4211314229293883,0.07886857707061168,ALP-ON,IND>GRN>OTH>LNP,0.602133532594215,0.39786646740578496,IND>GRN>OTH>ON,0.5788685770706117,0.4211314229293883,IND>GRN>OTH>LNP,ON20,reference
Warrandyte,North-Eastern Metro,LNP,LNP,ALP,0.6263205766836175,0.3736794233163825,0.1263205766836175,LNP-ALP,IND>OTH>GRN>ON,0.3736794233163825,0.6263205766836175,IND>OTH>GRN>ON,0.511504022534718,0.48849597746528195,IND>OTH>GRN>LNP,North-Eastern Metro,LNP,LNP,ALP,0.6263205766836175,0.3736794233163825,0.1263205766836175,LNP-ALP,IND>OTH>GRN>ON,0.3736794233163825,0.6263205766836175,IND>OTH>GRN>ON,0.511504022534718,0.48849597746528195,IND>OTH>GRN>LNP,ON20,reference
Wendouree,Western Victoria,ALP,LNP,ALP,0.50666105373118,0.49333894626882013,0.006661053731179978,LNP-ALP,IND>OTH>GRN>ON,0.49333894626882013,0.50666105373118,IND>OTH>GRN>ON,0.5096716381445459,0.49032836185545425,IND>OTH>GRN>LNP,Western Victoria,ALP,LNP,ALP,0.50666105373118,0.49333894626882013,0.006661053731179978,LNP-ALP,IND>OTH>GRN>ON,0.49333894626882013,0.50666105373118,IND>OTH>GRN>ON,0.5096716381445459,0.49032836185545425,IND>OTH>GRN>LNP,ON20,reference
Werribee,Western Metro,ALP,ON,ALP,0.5349051718806088,0.4650948281193912,0.03490517188060882,ON-ALP,OTH>GRN>IND>LNP,0.5024284544268077,0.4975715455731923,OTH>GRN>IND>ON,0.4650948281193912,0.5349051718806088,OTH>GRN>IND>LNP,Western Metro,ALP,ON,ALP,0.5349051718806088,0.4650948281193912,0.03490517188060882,ON-ALP,OTH>GRN>IND>LNP,0.5024284544268077,0.4975715455731923,OTH>GRN>IND>ON,0.4650948281193912,0.5349051718806088,OTH>GRN>IND>LNP,ON20,reference
Williamstown,Western Metro,ALP,ALP,LNP,0.5796089056100518,0.42039109438994815,0.07960890561005185,ALP-LNP,IND>OTH>GRN>ON,0.5796089056100518,0.42039109438994815,IND>OTH>GRN>ON,0.6279907203326782,0.3720092796673218,IND>OTH>GRN>LNP,Western Metro,ALP,ALP,LNP,0.5796089056100518,0.42039109438994815,0.07960890561005185,ALP-LNP,IND>OTH>GRN>ON,0.5796089056100518,0.42039109438994815,IND>OTH>GRN>ON,0.6279907203326782,0.3720092796673218,IND>OTH>GRN>LNP,ON20,reference
Yan Yean,Northern Victoria,ALP,LNP,ALP,0.5254302034256915,0.47456979657430853,0.025430203425691467,LNP-ALP,IND>GRN>OTH>ON,0.47456979657430853,0.5254302034256915,IND>GRN>OTH>ON,0.4629909668489645,0.5370090331510355,IND>GRN>OTH>LNP,Northern Victoria,ALP,LNP,ALP,0.5254302034256915,0.47456979657430853,0.025430203425691467,LNP-ALP,IND>GRN>OTH>ON,0.47456979657430853,0.5254302034256915,IND>GRN>OTH>ON,0.4629909668489645,0.5370090331510355,IND>GRN>OTH>LNP,ON20,reference
Albert Park,Southern Metro,ALP,ALP,LNP,0.5674857189547374,0.43251428104526257,0.06748571895473743,ALP-LNP,OTH>IND>ON>GRN,0.5674857189547374,0.43251428104526257,OTH>IND>ON>GRN,0.6669153900245147,0.3330846099754852,OTH>IND>GRN>LNP,Southern Metro,ALP,ALP,LNP,0.5678570077837408,0.4321429922162591,0.06785700778374082,ALP-LNP,OTH>IND>ON>GRN,0.5678570077837408,0.4321429922162591,OTH>IND>ON>GRN,0.6643848564347868,0.3356151435652131,OTH>IND>GRN>LNP,ON20,no_siphon
Ashwood,Southern Metro,ALP,LNP,ALP,0.5132872238279909,0.48671277617200925,0.013287223827990857,LNP-ALP,OTH>IND>ON>GRN,0.48671277617200925,0.5132872238279909,OTH>IND>ON>GRN,0.6208211429441571,0.3791788570558428,OTH>IND>GRN>LNP,Southern Metro,ALP,LNP,ALP,0.5129802688179168,0.48701973118208314,0.012980268817916807,LNP-ALP,OTH>IND>ON>GRN,0.48701973118208314,0.5129802688179168,OTH>IND>ON>GRN,0.6200377084171782,0.3799622915828218,OTH>IND>GRN>LNP,ON20,no_siphon
Bass,Eastern Victoria,ALP,LNP,ON,0.5830019414275937,0.4169980585724063,0.08300194142759365,LNP-ON,OTH>IND>GRN>ALP,0.36799862392682875,0.6320013760731713,OTH>IND>GRN>ON,0.37756755259199376,0.6224324474080062,OTH>IND>GRN>LNP,Eastern Victoria,ALP,LNP,ON,0.5799826402662999,0.4200173597337002,0.07998264026629986,LNP-ON,OTH>IND>GRN>ALP,0.36902867630893565,0.6309713236910643,OTH>IND>GRN>ON,0.37655497222408335,0.6234450277759166,OTH>IND>GRN>LNP,ON20,no_siphon
Bayswater,North-Eastern Metro,ALP,LNP,ALP,0.5601032940693393,0.4398967059306607,0.06010329406933934,LNP-ALP,IND>OTH>GRN>ON,0.4398967059306607,0.5601032940693393,IND>OTH>GRN>ON,0.5191139459396806,0.4808860540603194,IND>OTH>GRN>LNP,North-Eastern Metro,ALP,LNP,ALP,0.5598518798767187,0.4401481201232813,0.059851879876718694,LNP-ALP,IND>OTH>GRN>ON,0.4401481201232813,0.5598518798767187,IND>OTH>GRN>ON,0.5182199399280819,0.48178006007191815,IND>OTH>GRN>LNP,ON20,no_siphon
Bellarine,Western Victoria,ALP,LNP,ALP,0.5086003330288632,0.49139966697113685,0.008600333028863205,LNP-ALP,OTH>IND>GRN>ON,0.49139966697113685,0.5086003330288632,OTH>IND>GRN>ON,0.5173817994219536,0.48261820057804633,OTH>IND>GRN>LNP,Western Victoria,ALP,LNP,ALP,0.5079793633488386,0.4920206366511614,0.007979363348838642,LNP-ALP,OTH>IND>GRN>ON,0.4920206366511614,0.5079793633488386,OTH>IND>GRN>ON,0.5165267142947599,0.48347328570524,OTH>IND>GRN>LNP,ON20,no_siphon
Benambra,Northern Victoria,LNP,LNP,IND,0.5771734936032086,0.42282650639679137,0.07717349360320858,LNP-IND,ALP>OTH>GRN>ON,0.25022796809082626,0.7497720319091737,OTH>GRN>ON>IND,0.343053036043612,0.6569469639563881,OTH>GRN>LNP>IND,Northern Victoria,LNP,LNP,IND,0.5768156801118683,0.42318431988813165,0.07681568011186835,LNP-IND,ALP>OTH>GRN>ON,0.25023414361737034,0.7497658563826297,OTH>GRN>ON>IND,0.3378351442942617,0.6621648557057384,OTH>GRN>LNP>IND,ON20,no_siphon
Bendigo East,Northern Victoria,ALP,ALP,LNP,0.5062313353896186,0.4937686646103814,0.00623133538961862,ALP-LNP,OTH>IND>GRN>ON,0.5062313353896186,0.4937686646103814,OTH>IND>GRN>ON,0.5448334360374678,0.45516656396253224,OTH>IND>GRN>LNP,Northern Victoria,ALP,ALP,LNP,0.5067785733352422,0.4932214266647578,0.006778573335242233,ALP-LNP,OTH>IND>GRN>ON,0.5067785733352422,0.4932214266647578,OTH>IND>GRN>ON,0.5438507591184627,0.45614924088153735,OTH>IND>GRN>LNP,ON20,no_siphon
Bendigo West,Northern Victoria,ALP,ALP,LNP,0.5447581080300337,0.4552418919699664,0.04475810803003366,ALP-LNP,IND>OTH>GRN>ON,0.5447581080300337,0.4552418919699664,IND>OTH>GRN>ON,0.5501599305075686,0.4498400694924314,IND>OTH>GRN>LNP,Northern Victoria,ALP,ALP,LNP,0.5452276312694577,0.4547723687305423,0.045227631269457724,ALP-LNP,IND>OTH>GRN>ON,0.5452276312694577,0.4547723687305423,IND>OTH>GRN>ON,0.5487479855049239,0.45125201449507624,IND>OTH>GRN>LNP,ON20,no_siphon
Bentleigh,Southern Metro,ALP,ALP,LNP,0.5083290400496493,0.4916709599503507,0.008329040049649294,ALP-LNP,OTH>IND>GRN>ON,0.5083290400496493,0.4916709599503507,OTH>IND>GRN>ON,0.6094019882673879,0.39059801173261216,OTH>IND>GRN>LNP,Southern Metro,ALP,ALP,LNP,0.5086052350401955,0.49139476495980455,0.008605235040195502,ALP-LNP,OTH>IND>GRN>ON,0.5086052350401955,0.49139476495980455,OTH>IND>GRN>ON,0.6086383487360874,0.3913616512639126,OTH>IND>GRN>LNP,ON20,no_siphon
Berwick,South-Eastern Metro,LNP,LNP,ALP,0.6462097123843821,0.353790287615618,0.14620971238438207,LNP-ALP,IND>OTH>GRN>ON,0.353790287615618,0.6462097123843821,IND>OTH>GRN>ON,0.4001692978769908,0.5998307021230092,IND>OTH>GRN>LNP,South-Eastern Metro,LNP,LNP,ALP,0.6461680657723776,0.35383193422762244,0.14616806577237762,LNP-ALP,IND>OTH>GRN>ON,0.35383193422762244,0.6461680657723776,IND>OTH>GRN>ON,0.40012667595388113,0.5998733240461189,IND>OTH>GRN>LNP,ON20,no_siphon
Box Hill,North-Eastern Metro,ALP,LNP,ALP,0.5004413830501387,0.4995586169498613,0.0004413830501387439,LNP-ALP,IND>OTH>ON>GRN,0.4995586169498613,0.5004413830501387,IND>OTH>ON>GRN,0.6279115871930264,0.37208841280697363,IND>OTH>GRN>LNP,North-Eastern Metro,ALP,LNP,ALP,0.5002597855525803,0.49974021444741973,0.0002597855525803272,LNP-ALP,IND>OTH>ON>GRN,0.49974021444741973,0.5002597855525803,IND>OTH>ON>GRN,0.626760876138789,0.3732391238612111,IND>OTH>GRN>LNP,ON20,no_siphon
Brighton,Southern Metro,LNP,LNP,GRN,0.5912548218439696,0.4087451781560305,0.0912548218439696,LNP-GRN,OTH>IND>ON>ALP,0.40437005784784186,0.5956299421521583,OTH>IND>ON>GRN,0.6079908767966056,0.3920091232033945,OTH>IND>GRN>LNP,Southern Metro,LNP,LNP,GRN,0.589999127513347,0.4100008724866529,0.08999912751334704,LNP-GRN,OTH>IND>ON>ALP,0.40513679963541244,0.5948632003645876,OTH>IND>ON>GRN,0.6027542704687683,0.3972457295312318,OTH>IND>GRN>LNP,ON20,no_siphon
Broadmeadows,Northern Metro,ALP,ALP,ON,0.5740765919780684,0.42592340802193174,0.07407659197806837,ALP-ON,IND>GRN>OTH>LNP,0.5966528749523528,0.40334712504764736,IND>GRN>OTH>ON,0.5740765919780684,0.42592340802193174,IND>GRN>OTH>LNP,Northern Metro,ALP,ALP,ON,0.567364158297876,0.43263584170212394,0.06736415829787601,ALP-ON,IND>GRN>OTH>LNP,0.5978002944302497,0.4021997055697504,IND>GRN>OTH>ON,0.567364158297876,0.43263584170212394,IND>GRN>OTH>LNP,ON20,no_siphon
Brunswick,Northern Metro,GRN,GRN,ALP,0.6610132529302132,0.33898674706978693,0.16101325293021318,GRN-ALP,IND>LNP>OTH>ON,0.7766835372100136,0.2233164627899865,IND>OTH>ON>GRN,0.7774948136814205,0.22250518631857963,IND>LNP>OTH>GRN,Northern Metro,GRN,GRN,ALP,0.6616694382459883,0.33833056175401177,0.16166943824598834,GRN-ALP,IND>LNP>OTH>ON,0.7768400334918242,0.22315996650817588,IND>OTH>ON>GRN,0.771725070871722,0.22827492912827801,IND>LNP>OTH>GRN,ON20,no_siphon
Bulleen,North-Eastern Metro,LNP,LNP,ALP,0.628608336859496,0.371391663140504,0.12860833685949602,LNP-ALP,OTH>IND>ON>GRN,0.371391663140504,0.628608336859496,OTH>IND>ON>GRN,0.554448616396481,0.44555138360351904,OTH>IND>GRN>LNP,North-Eastern Metro,LNP,LNP,ALP,0.6284971805051333,0.3715028194948668,0.12849718050513326,LNP-ALP,OTH>IND>ON>GRN,0.3715028194948668,0.6284971805051333,OTH>IND>ON>GRN,0.5540150165378518,0.4459849834621483,OTH>IND>GRN>LNP,ON20,no_siphon
Bundoora,North-Eastern Metro,ALP,ALP,LNP,0.5596748798402967,0.4403251201597032,0.059674879840296735,ALP-LNP,IND>OTH>GRN>ON,0.5596748798402967,0.4403251201597032,IND>OTH>GRN>ON,0.6320124152027474,0.36798758479725263,IND>OTH>GRN>LNP,North-Eastern Metro,ALP,ALP,LNP,0.5598975813801,0.44010241861989996,0.05989758138010004,ALP-LNP,IND>OTH>GRN>ON,0.5598975813801,0.44010241861989996,IND>OTH>GRN>ON,0.6314331035502508,0.3685668964497492,IND>OTH>GRN>LNP,ON20,no_siphon
Carrum,South-Eastern Metro,ALP,LNP,ALP,0.5179836350446695,0.4820163649553306,0.017983635044669488,LNP-ALP,IND>OTH>GRN>ON,0.4820163649553306,0.5179836350446695,IND>OTH>GRN>ON,0.48430001354894736,0.5156999864510526,IND>OTH>GRN>LNP,South-Eastern Metro,ALP,LNP,ALP,0.5176413374930043,0.4823586625069958,0.01764133749300434,LNP-ALP,IND>OTH>GRN>ON,0.4823586625069958,0.5176413374930043,IND>OTH>GRN>ON,0.48320349461416956,0.5167965053858304,IND>OTH>GRN>LNP,ON20,no_siphon
Caulfield,Southern Metro,LNP,LNP,GRN,0.5835114813832839,0.4164885186167162,0.0835114813832839,LNP-GRN,OTH>IND>ON>ALP,0.4247925063569495,0.5752074936430505,OTH>IND>ON>GRN,0.618094135392891,0.38190586460710907,OTH>IND>GRN>LNP,Southern Metro,LNP,LNP,GRN,0.5830717801973849,0.416928219802615,0.08307178019738493,LNP-GRN,OTH>IND>ON>ALP,0.42497480422066336,0.5750251957793368,OTH>IND>ON>GRN,0.6154927457276478,0.38450725427235233,OTH>IND>GRN>LNP,ON20,no_siphon
Clarinda,South-Eastern Metro,ALP,ALP,LNP,0.5394109857136878,0.46058901428631216,0.03941098571368784,ALP-LNP,OTH>IND>GRN>ON,0.5394109857136878,0.46058901428631216,OTH>IND>GRN>ON,0.5954105048076163,0.4045894951923838,OTH>IND>GRN>LNP,South-Eastern Metro,ALP,ALP,LNP,0.5408534461076847,0.45914655389231523,0.04085344610768471,ALP-LNP,OTH>IND>GRN>ON,0.5408534461076847,0.45914655389231523,OTH>IND>GRN>ON,0.5916332615663943,0.4083667384336057,OTH>IND>GRN>LNP,ON20,no_siphon
Cranbourne,South-Eastern Metro,ALP,ON,ALP,0.5026621260893198,0.49733787391068024,0.002662126089319816,ON-ALP,IND>GRN>OTH>LNP,0.5046154730411626,0.49538452695883745,IND>GRN>OTH>ON,0.49733787391068024,0.5026621260893198,IND>GRN>OTH>LNP,South-Eastern Metro,ALP,ON,ALP,0.5049169692408981,0.49508303075910187,0.004916969240898128,ON-ALP,IND>GRN>OTH>LNP,0.5057009518807695,0.4942990481192306,IND>GRN>OTH>ON,0.49508303075910187,0.5049169692408981,IND>GRN>OTH>LNP,ON20,no_siphon
Croydon,North-Eastern Metro,LNP,LNP,ALP,0.5979903018914344,0.4020096981085656,0.09799030189143443,LNP-ALP,IND>OTH>GRN>ON,0.4020096981085656,0.5979903018914344,IND>OTH>GRN>ON,0.5007514206281606,0.4992485793718395,IND>OTH>GRN>LNP,North-Eastern Metro,LNP,LNP,ALP,0.5979218284281275,0.4020781715718726,0.09792182842812747,LNP-ALP,IND>OTH>GRN>ON,0.4020781715718726,0.5979218284281275,IND>OTH>GRN>ON,0.5006096222757165,0.4993903777242835,IND>OTH>GRN>LNP,ON20,no_siphon
Dandenong,South-Eastern Metro,ALP,ALP,ON,0.6053827160983338,0.3946172839016661,0.10538271609833383,ALP-ON,IND>OTH>GRN>LNP,0.6161471611040701,0.38385283889592997,IND>OTH>GRN>ON,0.6053827160983338,0.3946172839016661,IND>OTH>GRN>LNP,South-Eastern Metro,ALP,ALP,ON,0.6050497856184818,0.3949502143815182,0.10504978561848177,ALP-ON,IND>OTH>GRN>LNP,0.6162821205195709,0.3837178794804291,IND>OTH>GRN>ON,0.6050497856184818,0.3949502143815182,IND>OTH>GRN>LNP,ON20,no_siphon
Eildon,Northern Victoria,LNP,LNP,ON,0.619533857452009,0.38046614254799105,0.11953385745200895,LNP-ON,IND>OTH>GRN>ALP,0.3366397803785666,0.6633602196214334,IND>OTH>GRN>ON,0.3640854100551462,0.6359145899448538,IND>OTH>GRN>LNP,Northern Victoria,LNP,LNP,ON,0.618146030413553,0.3818539695864471,0.11814603041355298,LNP-ON,IND>OTH>GRN>ALP,0.3370070834453483,0.6629929165546518,IND>OTH>GRN>ON,0.3635109724273579,0.6364890275726421,IND>OTH>GRN>LNP,ON20,no_siphon
Eltham,North-Eastern Metro,ALP,ALP,LNP,0.5112433754470362,0.4887566245529638,0.011243375447036241,ALP-LNP,IND>OTH>GRN>ON,0.5112433754470362,0.4887566245529638,IND>OTH>GRN>ON,0.5811562261992961,0.418843773800704,IND>OTH>GRN>LNP,North-Eastern Metro,ALP,ALP,LNP,0.5112593818334205,0.4887406181665796,0.011259381833420457,ALP-LNP,IND>OTH>GRN>ON,0.5112593818334205,0.4887406181665796,IND>OTH>GRN>ON,0.5811298352002644,0.41887016479973566,IND>OTH>GRN>LNP,ON20,no_siphon
Essendon,Northern Metro,ALP,ALP,LNP,0.5243811552297093,0.4756188447702907,0.024381155229709295,ALP-LNP,IND>OTH>GRN>ON,0.5243811552297093,0.4756188447702907,IND>OTH>GRN>ON,0.5710215490644606,0.42897845093553943,IND>OTH>GRN>LNP,Northern Metro,ALP,ALP,LNP,0.52472391751441,0.47527608248558995,0.024723917514410054,ALP-LNP,IND>OTH>GRN>ON,0.52472391751441,0.47527608248558995,IND>OTH>GRN>ON,0.5699267549040431,0.43007324509595696,IND>OTH>GRN>LNP,ON20,no_siphon
Eureka,Western Victoria,ALP,ON,ALP,0.5713281638678461,0.42867183613215387,0.07132816386784613,ON-ALP,IND>OTH>GRN>LNP,0.45108727958579553,0.5489127204142045,IND>OTH>GRN>ON,0.42867183613215387,0.5713281638678461,IND>OTH>GRN>LNP,Western Victoria,ALP,ON,ALP,0.5723851592248177,0.4276148407751823,0.0723851592248177,ON-ALP,IND>OTH>GRN>LNP,0.4516360385832864,0.5483639614167136,IND>OTH>GRN>ON,0.4276148407751823,0.5723851592248177,IND>OTH>GRN>LNP,ON20,no_siphon
Euroa,Northern Victoria,LNP,LNP,ON,0.6137170306269246,0.3862829693730755,0.11371703062692462,LNP-ON,IND>OTH>GRN>ALP,0.29948585352195317,0.7005141464780469,IND>OTH>GRN>ON,0.333356210001271,0.6666437899987291,IND>OTH>GRN>LNP,Northern Victoria,LNP,LNP,ON,0.613529337278464,0.3864706627215359,0.11352933727846404,LNP-ON,IND>OTH>GRN>ALP,0.29955995231850086,0.7004400476814993,IND>OTH>GRN>ON,0.33330718186379715,0.6666928181362028,IND>OTH>GRN>LNP,ON20,no_siphon
Evelyn,Eastern Victoria,LNP,LNP,ALP,0.6511044078853391,0.34889559211466087,0.15110440788533908,LNP-ALP,IND>OTH>GRN>ON,0.34889559211466087,0.6511044078853391,IND>OTH>GRN>ON,0.4022576976724573,0.5977423023275427,IND>OTH>GRN>LNP,Eastern Victoria,LNP,LNP,ALP,0.6508103670914623,0.3491896329085376,0.15081036709146234,LNP-ALP,IND>OTH>GRN>ON,0.3491896329085376,0.6508103670914623,IND>OTH>GRN>ON,0.40160232006071483,0.5983976799392852,IND>OTH>GRN>LNP,ON20,no_siphon
Footscray,Western Metro,ALP,ALP,GRN,0.5248681639454532,0.47513183605454684,0.024868163945453214,ALP-GRN,IND>OTH>LNP>ON,0.6891943722202556,0.31080562777974446,IND>OTH>ON>GRN,0.7571436957994908,0.24285630420050922,IND>OTH>LNP>GRN,Western Metro,ALP,ALP,GRN,0.524113988027124,0.47588601197287606,0.024113988027123945,ALP-GRN,IND>OTH>LNP>ON,0.689214894507803,0.310785105492197,IND>OTH>ON>GRN,0.7537903199763639,0.24620968002363613,IND>OTH>LNP>GRN,ON20,no_siphon
Frankston,South-Eastern Metro,ALP,ALP,LNP,0.5047123926649343,0.49528760733506577,0.004712392664934284,ALP-LNP,IND>OTH>GRN>ON,0.5047123926649343,0.49528760733506577,IND>OTH>GRN>ON,0.5243887861280596,0.47561121387194044,IND>OTH>GRN>LNP,South-Eastern Metro,ALP,ALP,LNP,0.5050559374704963,0.4949440625295038,0.005055937470496263,ALP-LNP,IND>OTH>GRN>ON,0.5050559374704963,0.4949440625295038,IND>OTH>GRN>ON,0.5223206842429411,0.47767931575705896,IND>OTH>GRN>LNP,ON20,no_siphon
Geelong,Western Victoria,ALP,ON,ALP,0.5013792893674864,0.49862071063251356,0.001379289367486436,ON-ALP,OTH>IND>GRN>LNP,0.5076473911317512,0.49235260886824883,OTH>IND>GRN>ON,0.49862071063251356,0.5013792893674864,OTH>IND>GRN>LNP,Western Victoria,ALP,ON,ALP,0.5038461842561889,0.4961538157438112,0.003846184256188878,ON-ALP,OTH>IND>GRN>LNP,0.5089691605453456,0.4910308394546544,OTH>IND>GRN>ON,0.4961538157438112,0.5038461842561889,OTH>IND>GRN>LNP,ON20,no_siphon
Gippsland East,Eastern Victoria,LNP,LNP,ON,0.6242176929946989,0.37578230700530124,0.12421769299469887,LNP-ON,IND>ALP>OTH>GRN,0.19730922197749967,0.8026907780225002,IND>OTH>GRN>ON,0.23430190159428796,0.7656980984057121,IND>OTH>GRN>LNP,Eastern Victoria,LNP,LNP,ON,0.6196287299268712,0.3803712700731289,0.11962872992687124,LNP-ON,IND>ALP>OTH>GRN,0.19773754296552068,0.8022624570344794,IND>OTH>GRN>ON,0.23363193593440876,0.7663680640655911,IND>OTH>GRN>LNP,ON20,no_siphon
Gippsland South,Eastern Victoria,LNP,LNP,ON,0.6130151303853831,0.3869848696146168,0.11301513038538313,LNP-ON,OTH>IND>GRN>ALP,0.24804012250399182,0.7519598774960082,OTH>IND>GRN>ON,0.2831319246338974,0.7168680753661025,OTH>IND>GRN>LNP,Eastern Victoria,LNP,LNP,ON,0.6095432408143006,0.3904567591856995,0.10954324081430056,LNP-ON,OTH>IND>GRN>ALP,0.24928703694011617,0.7507129630598838,OTH>IND>GRN>ON,0.28232072418051923,0.7176792758194808,OTH>IND>GRN>LNP,ON20,no_siphon
Glen Waverley,North-Eastern Metro,ALP,LNP,ALP,0.5419506457738625,0.4580493542261375,0.04195064577386254,LNP-ALP,IND>OTH>ON>GRN,0.4580493542261375,0.5419506457738625,IND>OTH>ON>GRN,0.6030813589157278,0.3969186410842723,IND>OTH>GRN>LNP,North-Eastern Metro,ALP,LNP,ALP,0.5419493187226015,0.45805068127739845,0.04194931872260155,LNP-ALP,IND>OTH>ON>GRN,0.45805068127739845,0.5419493187226015,IND>OTH>ON>GRN,0.6029543047272573,0.39704569527274275,IND>OTH>GRN>LNP,ON20,no_siphon
Greenvale,Northern Metro,ALP,ALP,LNP,0.5551345127153771,0.4448654872846229,0.05513451271537706,ALP-LNP,IND>GRN>ON>OTH,0.5551345127153771,0.4448654872846229,IND>GRN>ON>OTH,0.571492593697501,0.4285074063024989,IND>GRN>OTH>LNP,Northern Metro,ALP,ALP,LNP,0.5640419152872127,0.43595808471278735,0.0640419152872127,ALP-LNP,IND>GRN>OTH>ON,0.5640419152872127,0.43595808471278735,IND>GRN>OTH>ON,0.5663103876708127,0.4336896123291873,IND>GRN>OTH>LNP,ON20,no_siphon
Hastings,Eastern Victoria,ALP,LNP,ALP,0.5972005655159249,0.402799434484075,0.09720056551592493,LNP-ALP,IND>OTH>GRN>ON,0.402799434484075,0.5972005655159249,IND>OTH>GRN>ON,0.41248062447465067,0.5875193755253493,IND>OTH>GRN>LNP,Eastern Victoria,ALP,LNP,ALP,0.5969726069901035,0.4030273930098965,0.09697260699010346,LNP-ALP,IND>OTH>GRN>ON,0.4030273930098965,0.5969726069901035,IND>OTH>GRN>ON,0.41215811219782517,0.5878418878021748,IND>OTH>GRN>LNP,ON20,no_siphon
Hawthorn,Southern Metro,LNP,LNP,GRN,0.6339273016841828,0.3660726983158173,0.13392730168418276,LNP-GRN,OTH>ON>ALP>IND,0.44866546603242113,0.5513345339675788,OTH>ON>GRN>IND,0.665639057289521,0.334360942710479,OTH>GRN>IND>LNP,Southern Metro,LNP,LNP,GRN,0.6339273016841828,0.3660726983158173,0.13392730168418276,LNP-GRN,OTH>ON>ALP>IND,0.44866546603242113,0.5513345339675788,OTH>ON>GRN>IND,0.6586643437804021,0.34133565621959794,OTH>GRN>IND>LNP,ON20,no_siphon
Ivanhoe,North-Eastern Metro,ALP,ALP,LNP,0.5564722677730226,0.44352773222697744,0.05647226777302261,ALP-LNP,OTH>IND>ON>GRN,0.5564722677730226,0.44352773222697744,OTH>IND>ON>GRN,0.6345999401733214,0.36540005982667856,OTH>IND>GRN>LNP,North-Eastern Metro,ALP,ALP,LNP,0.5566025002052869,0.44339749979471316,0.0566025002052869,ALP-LNP,OTH>IND>ON>GRN,0.5566025002052869,0.44339749979471316,OTH>IND>ON>GRN,0.6340804333209078,0.36591956667909226,OTH>IND>GRN>LNP,ON20,no_siphon
Kalkallo,Northern Metro,ALP,ALP,ON,0.5523036974939305,0.4476963025060695,0.05230369749393049,ALP-ON,IND>GRN>OTH>LNP,0.5718655805728708,0.4281344194271291,IND>GRN>OTH>ON,0.5523036974939305,0.4476963025060695,IND>GRN>OTH>LNP,Northern Metro,ALP,ALP,ON,0.5505745377232301,0.44942546227677005,0.05057453772323006,ALP-ON,IND>GRN>OTH>LNP,0.5727045021400083,0.42729549785999177,IND>GRN>OTH>ON,0.5505745377232301,0.44942546227677005,IND>GRN>OTH>LNP,ON20,no_siphon
Kew,Southern Metro,LNP,LNP,IND,0.6127511846901507,0.3872488153098494,0.11275118469015066,LNP-IND,OTH>ON>ALP>GRN,0.410328173863659,0.5896718261363411,OTH>ON>GRN>IND,0.6486322498816552,0.3513677501183448,OTH>GRN>IND>LNP,Southern Metro,LNP,LNP,IND,0.6127511846901507,0.3872488153098494,0.11275118469015066,LNP-IND,OTH>ON>ALP>GRN,0.410328173863659,0.5896718261363411,OTH>ON>GRN>IND,0.6407552660078356,0.3592447339921645,OTH>GRN>IND>LNP,ON20,no_siphon
Kororoit,Western Metro,ALP,ALP,ON,0.5642091134475814,0.43579088655241854,0.0642091134475814,ALP-ON,IND>GRN>OTH>LNP,0.5823542036998574,0.4176457963001427,IND>GRN>OTH>ON,0.5642091134475814,0.43579088655241854,IND>GRN>OTH>LNP,Western Metro,ALP,ALP,ON,0.5611155345740948,0.4388844654259053,0.0611155345740948,ALP-ON,IND>GRN>OTH>LNP,0.5827074092985095,0.4172925907014906,IND>GRN>OTH>ON,0.5611155345740948,0.4388844654259053,IND>GRN>OTH>LNP,ON20,no_siphon
Lara,Western Victoria,ALP,ON,ALP,0.5237444869477128,0.47625551305228725,0.023744486947712806,ON-ALP,IND>OTH>GRN>LNP,0.5231024406684633,0.4768975593315367,IND>OTH>GRN>ON,0.47625551305228725,0.5237444869477128,IND>OTH>GRN>LNP,Western Victoria,ALP,ON,ALP,0.5244276229337613,0.4755723770662387,0.024427622933761328,ON-ALP,IND>OTH>GRN>LNP,0.5233966263591768,0.4766033736408232,IND>OTH>GRN>ON,0.4755723770662387,0.5244276229337613,IND>OTH>GRN>LNP,ON20,no_siphon
Laverton,Western Metro,ALP,ALP,ON,0.595420129840461,0.4045798701595391,0.095420129840461,ALP-ON,IND>GRN>OTH>LNP,0.5992626812408587,0.4007373187591414,IND>GRN>OTH>ON,0.595420129840461,0.4045798701595391,IND>GRN>OTH>LNP,Western Metro,ALP,ALP,ON,0.5919186783074779,0.40808132169252215,0.09191867830747791,ALP-ON,IND>GRN>OTH>LNP,0.6000429275604848,0.39995707243951517,IND>GRN>OTH>ON,0.5919186783074779,0.40808132169252215,IND>GRN>OTH>LNP,ON20,no_siphon
Lowan,Western Victoria,LNP,LNP,ON,0.6553636046091647,0.3446363953908354,0.15536360460916465,LNP-ON,IND>OTH>ALP>GRN,0.20764222779140074,0.7923577722085993,IND>OTH>GRN>ON,0.2560922537723637,0.7439077462276362,IND>OTH>GRN>LNP,Western Victoria,LNP,LNP,ON,0.6503641017345501,0.3496358982654499,0.15036410173455006,LNP-ON,IND>OTH>ALP>GRN,0.2082548794294279,0.7917451205705721,IND>OTH>GRN>ON,0.25502327576540323,0.7449767242345967,IND>OTH>GRN>LNP,ON20,no_siphon
Macedon,Northern Victoria,ALP,LNP,ALP,0.5177411302075295,0.48225886979247057,0.017741130207529543,LNP-ALP,OTH>IND>GRN>ON,0.48225886979247057,0.5177411302075295,OTH>IND>GRN>ON,0.4770732806333096,0.5229267193666904,OTH>IND>GRN>LNP,Northern Victoria,ALP,LNP,ALP,0.5168333542487898,0.4831666457512101,0.016833354248789845,LNP-ALP,OTH>IND>GRN>ON,0.4831666457512101,0.5168333542487898,OTH>IND>GRN>ON,0.47607479196221436,0.5239252080377858,OTH>IND>GRN>LNP,ON20,no_siphon
Malvern,Southern Metro,LNP,LNP,GRN,0.6399640284173214,0.3600359715826786,0.13996402841732136,LNP-GRN,IND>OTH>ON>ALP,0.365824684485019,0.634175315514981,IND>OTH>ON>GRN,0.6057481023978518,0.3942518976021482,IND>OTH>GRN>LNP,Southern Metro,LNP,LNP,GRN,0.6397324324694185,0.36026756753058153,0.13973243246941847,LNP-GRN,IND>OTH>ON>ALP,0.36601179573007053,0.6339882042699294,IND>OTH>ON>GRN,0.6047629275616517,0.39523707243834827,IND>OTH>GRN>LNP,ON20,no_siphon
Melbourne,Northern Metro,GRN,GRN,ALP,0.6320989047407287,0.3679010952592712,0.13209890474072872,GRN-ALP,IND>OTH>ON>LNP,0.704859890383052,0.295140109616948,IND>OTH>ON>GRN,0.7732095527662063,0.2267904472337937,IND>OTH>LNP>GRN,Northern Metro,GRN,GRN,ALP,0.6373556455354584,0.36264435446454163,0.13735564553545843,GRN-ALP,IND>OTH>LNP>ON,0.7048377092944188,0.2951622907055812,IND>OTH>ON>GRN,0.7692658858842538,0.23073411411574624,IND>OTH>LNP>GRN,ON20,no_siphon
Melton,Western Victoria,ALP,ON,IND,0.5366307435442005,0.4633692564557996,0.036630743544200484,ON-IND,GRN>OTH>LNP>ALP,0.4258883131370821,0.5741116868629179,GRN>OTH>IND>ON,0.45242201527231957,0.5475779847276805,GRN>OTH>LNP>IND,Western Victoria,ALP,ON,IND,0.5467589542160335,0.45324104578396646,0.04675895421603349,ON-IND,GRN>OTH>LNP>ALP,0.4304497802585806,0.5695502197414194,GRN>OTH>IND>ON,0.44857827443554443,0.5514217255644556,GRN>OTH>LNP>IND,ON20,no_siphon
Mildura,Northern Victoria,LNP,LNP,IND,0.5372540634173658,0.46274593658263413,0.03725406341736581,LNP-IND,OTH>ALP>GRN>ON,0.2668918620181503,0.7331081379818497,OTH>GRN>ON>IND,0.3559099201727615,0.6440900798272385,OTH>GRN>LNP>IND,Northern Victoria,LNP,LNP,IND,0.5371470058506205,0.4628529941493796,0.037147005850620474,LNP-IND,OTH>ALP>GRN>ON,0.2668942651476927,0.7331057348523072,OTH>GRN>ON>IND,0.3513014036593061,0.6486985963406939,OTH>GRN>LNP>IND,ON20,no_siphon
Mill Park,North-Eastern Metro,ALP,ALP,ON,0.5463374083556098,0.4536625916443901,0.046337408355609844,ALP-ON,IND>GRN>OTH>LNP,0.556779276567856,0.44322072343214397,IND>GRN>OTH>ON,0.5463374083556098,0.4536625916443901,IND>GRN>OTH>LNP,North-Eastern Metro,ALP,ALP,ON,0.5448940917758343,0.4551059082241658,0.044894091775834255,ALP-ON,IND>GRN>OTH>LNP,0.5577988938170404,0.44220110618295955,IND>GRN>OTH>ON,0.5448940917758343,0.4551059082241658,IND>GRN>OTH>LNP,ON20,no_siphon
Monbulk,Eastern Victoria,ALP,LNP,ALP,0.5425010905902784,0.4574989094097216,0.0425010905902784,LNP-ALP,OTH>IND>GRN>ON,0.4574989094097216,0.5425010905902784,OTH>IND>GRN>ON,0.45788427530857256,0.5421157246914275,OTH>IND>GRN>LNP,Eastern Victoria,ALP,LNP,ALP,0.5405205531709534,0.45947944682904657,0.04052055317095338,LNP-ALP,OTH>IND>GRN>ON,0.45947944682904657,0.5405205531709534,OTH>IND>GRN>ON,0.4560032559939396,0.5439967440060604,OTH>IND>GRN>LNP,ON20,no_siphon
Mordialloc,South-Eastern Metro,ALP,ALP,LNP,0.505946481381603,0.494053518618397,0.00594648138160303,ALP-LNP,OTH>IND>GRN>ON,0.505946481381603,0.494053518618397,OTH>IND>GRN>ON,0.5827383301422824,0.41726166985771757,OTH>IND>GRN>LNP,South-Eastern Metro,ALP,ALP,LNP,0.5074135317375673,0.49258646826243263,0.007413531737567314,ALP-LNP,OTH>IND>GRN>ON,0.5074135317375673,0.49258646826243263,OTH>IND>GRN>ON,0.5800067146345991,0.41999328536540104,OTH>IND>GRN>LNP,ON20,no_siphon
Mornington,Eastern Victoria,LNP,LNP,IND,0.616881893115557,0.3831181068844431,0.11688189311555697,LNP-IND,OTH>GRN>ALP>ON,0.31659295618414,0.68340704381586,OTH>GRN>ON>IND,0.36464561466027084,0.6353543853397292,OTH>GRN>IND>LNP,Eastern Victoria,LNP,LNP,IND,0.6167543127396109,0.38324568726038916,0.1167543127396109,LNP-IND,OTH>GRN>ALP>ON,0.316594824166064,0.683405175833936,OTH>GRN>ON>IND,0.3598300296593449,0.6401699703406551,OTH>GRN>IND>LNP,ON20,no_siphon
Morwell,Eastern Victoria,LNP,LNP,ON,0.5141403929272684,0.4858596070727316,0.01414039292726843,LNP-ON,GRN>OTH>IND>ALP,0.3648124598001276,0.6351875401998723,GRN>OTH>IND>ON,0.3533470826003032,0.6466529173996968,GRN>OTH>IND>LNP,Eastern Victoria,LNP,LNP,ON,0.5035253548614784,0.49647464513852163,0.0035253548614784247,LNP-ON,GRN>OTH>IND>ALP,0.36788245551892224,0.6321175444810777,GRN>OTH>IND>ON,0.3482864801996705,0.6517135198003294,GRN>OTH>IND>LNP,ON20,no_siphon
Mulgrave,South-Eastern Metro,ALP,ALP,ON,0.7064702632286302,0.2935297367713698,0.20647026322863016,ALP-ON,OTH>GRN>LNP>IND,0.6046559291672108,0.3953440708327892,OTH>GRN>IND>ON,0.7064702632286302,0.2935297367713698,OTH>GRN>LNP>IND,South-Eastern Metro,ALP,ALP,ON,0.7020918849372006,0.2979081150627993,0.20209188493720065,ALP-ON,OTH>GRN>LNP>IND,0.6071703452649845,0.3928296547350156,OTH>GRN>IND>ON,0.7020918849372006,0.2979081150627993,OTH>GRN>LNP>IND,ON20,no_siphon
Murray Plains,Northern Victoria,LNP,LNP,ON,0.6162442137542161,0.3837557862457839,0.11624421375421612,LNP-ON,IND>ALP>GRN>OTH,0.17828026870202293,0.821719731297977,IND>GRN>OTH>ON,0.21279958394714096,0.7872004160528591,IND>GRN>OTH>LNP,Northern Victoria,LNP,LNP,ON,0.6120693208383282,0.38793067916167184,0.11206932083832821,LNP-ON,IND>ALP>GRN>OTH,0.17928935594577156,0.8207106440542284,IND>GRN>OTH>ON,0.21170275371240022,0.7882972462875998,IND>GRN>OTH>LNP,ON20,no_siphon
Narracan,Eastern Victoria,LNP,LNP,ON,0.6491644754405723,0.3508355245594276,0.14916447544057232,LNP-ON,OTH>IND>ALP>GRN,0.36131299447968274,0.6386870055203172,OTH>IND>GRN>ON,0.39166023988043197,0.608339760119568,OTH>IND>GRN>LNP,Eastern Victoria,LNP,LNP,ON,0.6416777925525248,0.35832220744747517,0.14167779255252477,LNP-ON,OTH>IND>ALP>GRN,0.3622200117915976,0.6377799882084024,OTH>IND>GRN>ON,0.39035551835197274,0.6096444816480272,OTH>IND>GRN>LNP,ON20,no_siphon
Narre Warren North,South-Eastern Metro,ALP,ALP,ON,0.5158578193443033,0.4841421806556967,0.015857819344303303,ALP-ON,IND>GRN>OTH>LNP,0.5160791625872267,0.48392083741277325,IND>GRN>OTH>ON,0.5158578193443033,0.4841421806556967,IND>GRN>OTH>LNP,South-Eastern Metro,ALP,ALP,ON,0.5137861473458978,0.4862138526541022,0.013786147345897781,ALP-ON,IND>GRN>OTH>LNP,0.5171059919104938,0.4828940080895062,IND>GRN>OTH>ON,0.5137861473458978,0.4862138526541022,IND>GRN>OTH>LNP,ON20,no_siphon
Narre Warren South,South-Eastern Metro,ALP,ALP,ON,0.5234911006777818,0.4765088993222182,0.023491100677781818,ALP-ON,IND>GRN>OTH>LNP,0.5164266691417748,0.4835733308582252,IND>GRN>OTH>ON,0.5234911006777818,0.4765088993222182,IND>GRN>OTH>LNP,South-Eastern Metro,ALP,ALP,ON,0.5219007752467475,0.47809922475325256,0.021900775246747495,ALP-ON,IND>GRN>OTH>LNP,0.5173210133068477,0.48267898669315235,IND>GRN>OTH>ON,0.5219007752467475,0.47809922475325256,IND>GRN>OTH>LNP,ON20,no_siphon
Nepean,Eastern Victoria,LNP,LNP,ALP,0.6593138236956817,0.3406861763043183,0.1593138236956817,LNP-ALP,OTH>IND>GRN>ON,0.3406861763043183,0.6593138236956817,OTH>IND>GRN>ON,0.3947826369732231,0.605217363026777,OTH>IND>GRN>LNP,Eastern Victoria,LNP,LNP,ALP,0.6587180605169725,0.3412819394830276,0.15871806051697246,LNP-ALP,OTH>IND>GRN>ON,0.3412819394830276,0.6587180605169725,OTH>IND>GRN>ON,0.3938965938389764,0.6061034061610237,OTH>IND>GRN>LNP,ON20,no_siphon
Niddrie,Western Metro,ALP,LNP,ALP,0.521453380895352,0.478546619104648,0.02145338089535198,LNP-ALP,IND>OTH>GRN>ON,0.478546619104648,0.521453380895352,IND>OTH>GRN>ON,0.5318573154693108,0.46814268453068925,IND>OTH>GRN>LNP,Western Metro,ALP,LNP,ALP,0.5213594039507781,0.47864059604922193,0.021359403950778066,LNP-ALP,IND>OTH>GRN>ON,0.47864059604922193,0.5213594039507781,IND>OTH>GRN>ON,0.5316448011667306,0.46835519883326937,IND>OTH>GRN>LNP,ON20,no_siphon
Northcote,Northern Metro,ALP,GRN,ALP,0.5439666250118009,0.45603337498819907,0.04396662501180093,GRN-ALP,IND>LNP>OTH>ON,0.743736464936914,0.25626353506308597,IND>OTH>ON>GRN,0.7409513256449294,0.2590486743550707,IND>LNP>OTH>GRN,Northern Metro,ALP,GRN,ALP,0.5445499439953019,0.45545005600469807,0.04454994399530188,GRN-ALP,IND>LNP>OTH>ON,0.743721932738684,0.2562780672613161,IND>OTH>ON>GRN,0.7358096102944388,0.2641903897055613,IND>LNP>OTH>GRN,ON20,no_siphon
Oakleigh,Southern Metro,ALP,ALP,LNP,0.5546738285704699,0.4453261714295302,0.05467382857046987,ALP-LNP,OTH>IND>GRN>ON,0.5546738285704699,0.4453261714295302,OTH>IND>GRN>ON,0.6185846947399747,0.38141530526002543,OTH>IND>GRN>LNP,Southern Metro,ALP,ALP,LNP,0.5551886114969715,0.4448113885030285,0.05518861149697152,ALP-LNP,OTH>IND>GRN>ON,0.5551886114969715,0.4448113885030285,OTH>IND>GRN>ON,0.6176759323395408,0.38232406766045934,OTH>IND>GRN>LNP,ON20,no_siphon
Ovens Valley,Northern Victoria,LNP,LNP,ON,0.6244678511496151,0.37553214885038483,0.12446785114961512,LNP-ON,IND>ALP>OTH>GRN,0.26118439120475023,0.7388156087952499,IND>GRN>OTH>ON,0.27994815418942304,0.720051845810577,IND>GRN>OTH>LNP,Northern Victoria,LNP,LNP,ON,0.6153749401096781,0.38462505989032186,0.11537494010967808,LNP-ON,IND>ALP>OTH>GRN,0.2630705718005313,0.7369294281994688,IND>GRN>OTH>ON,0.27768614778529854,0.7223138522147016,IND>GRN>OTH>LNP,ON20,no_siphon
Pakenham,Eastern Victoria,ALP,LNP,ON,0.5470881407135372,0.4529118592864628,0.047088140713537174,LNP-ON,IND>GRN>OTH>ALP,0.4006656841400752,0.5993343158599248,IND>GRN>OTH>ON,0.38848605203841025,0.6115139479615899,IND>GRN>OTH>LNP,Eastern Victoria,ALP,LNP,ON,0.5403965859436985,0.45960341405630156,0.04039658594369855,LNP-ON,IND>GRN>OTH>ALP,0.40240707549215327,0.5975929245078467,IND>GRN>OTH>ON,0.3854474213368909,0.6145525786631092,IND>GRN>OTH>LNP,ON20,no_siphon
Pascoe Vale,Northern Metro,ALP,ALP,GRN,0.5112461204229348,0.4887538795770653,0.011246120422934824,ALP-GRN,OTH>IND>LNP>ON,0.6254039831325562,0.3745960168674438,OTH>IND>ON>GRN,0.6838167558815001,0.3161832441184999,OTH>IND>LNP>GRN,Northern Metro,ALP,ALP,GRN,0.5103486346091736,0.4896513653908265,0.010348634609173568,ALP-GRN,OTH>IND>LNP>ON,0.6261153293415099,0.37388467065849007,OTH>IND>ON>GRN,0.6777862737538827,0.3222137262461174,OTH>IND>LNP>GRN,ON20,no_siphon
Point Cook,Western Metro,ALP,ALP,ON,0.5175532696622557,0.4824467303377443,0.017553269662255677,ALP-ON,OTH>GRN>IND>LNP,0.5234670352152522,0.4765329647847478,OTH>GRN>IND>ON,0.5175532696622557,0.4824467303377443,OTH>GRN>IND>LNP,Western Metro,ALP,ALP,ON,0.5132288463862563,0.4867711536137437,0.013228846386256321,ALP-ON,OTH>GRN>IND>LNP,0.5256147059765484,0.4743852940234516,OTH>GRN>IND>ON,0.5132288463862563,0.4867711536137437,OTH>GRN>IND>LNP,ON20,no_siphon
Polwarth,Western Victoria,LNP,LNP,GRN,0.6535555235047305,0.3464444764952696,0.15355552350473045,LNP-GRN,IND>OTH>ALP>ON,0.3779790480002668,0.6220209519997332,IND>OTH>GRN>ON,0.41218266464088127,0.5878173353591187,IND>OTH>GRN>LNP,Western Victoria,LNP,LNP,GRN,0.6503707721355864,0.3496292278644137,0.15037077213558636,LNP-GRN,IND>OTH>ALP>ON,0.37879594920330295,0.621204050796697,IND>OTH>GRN>ON,0.41135082030741416,0.5886491796925859,IND>OTH>GRN>LNP,ON20,no_siphon
Prahran,Southern Metro,Greens,GRN,LNP,0.5659756858905103,0.4340243141094897,0.06597568589051028,GRN-LNP,IND>OTH>ON>ALP,0.5743861587368091,0.42561384126319085,IND>OTH>ON>GRN,0.6996039469355689,0.30039605306443107,IND>OTH>LNP>GRN,Southern Metro,Greens,GRN,LNP,0.5660240990617631,0.43397590093823685,0.0660240990617631,GRN-LNP,IND>OTH>ON>ALP,0.5743879960983143,0.42561200390168574,IND>OTH>ON>GRN,0.6939300332489841,0.306069966751016,IND>OTH>LNP>GRN,ON20,no_siphon
Preston,Northern Metro,ALP,ALP,ON,0.6308251172794255,0.36917488272057464,0.13082511727942547,ALP-ON,OTH>LNP>IND>GRN,0.6068784099049119,0.3931215900950882,OTH>IND>GRN>ON,0.6308251172794255,0.36917488272057464,OTH>LNP>IND>GRN,Northern Metro,ALP,ALP,ON,0.6258769003809436,0.37412309961905643,0.12587690038094357,ALP-ON,OTH>LNP>IND>GRN,0.6084313732335326,0.3915686267664675,OTH>IND>GRN>ON,0.6258769003809436,0.37412309961905643,OTH>LNP>IND>GRN,ON20,no_siphon
Richmond,Northern Metro,GRN,GRN,ALP,0.598066987847663,0.401933012152337,0.09806698784766299,GRN-ALP,IND>OTH>LNP>ON,0.7387132743343618,0.2612867256656381,IND>OTH>ON>GRN,0.7873179494399032,0.21268205056009676,IND>OTH>LNP>GRN,Northern Metro,GRN,GRN,ALP,0.5988469047865859,0.40115309521341413,0.09884690478658587,GRN-ALP,IND>OTH>LNP>ON,0.7389602592138836,0.26103974078611636,IND>OTH>ON>GRN,0.7809466330047606,0.2190533669952394,IND>OTH>LNP>GRN,ON20,no_siphon
Ringwood,North-Eastern Metro,LNP,LNP,ALP,0.503961904136821,0.4960380958631791,0.0039619041368209595,LNP-ALP,IND>OTH>ON>GRN,0.4960380958631791,0.503961904136821,IND>OTH>ON>GRN,0.5767567953709887,0.4232432046290113,IND>OTH>GRN>LNP,North-Eastern Metro,LNP,LNP,ALP,0.5039619041368127,0.4960380958631873,0.003961904136812744,LNP-ALP,IND>OTH>ON>GRN,0.4960380958631873,0.5039619041368127,IND>OTH>ON>GRN,0.5766413685646918,0.4233586314353082,IND>OTH>GRN>LNP,ON20,no_siphon
Ripon,Western Victoria,ALP,ON,ALP,0.6010407357363777,0.39895926426362227,0.10104073573637773,ON-ALP,IND>GRN>OTH>LNP,0.42129493511152444,0.5787050648884755,IND>GRN>OTH>ON,0.39895926426362227,0.6010407357363777,IND>GRN>OTH>LNP,Western Victoria,ALP,ON,ALP,0.6025888960923486,0.39741110390765144,0.10258889609234856,ON-ALP,IND>GRN>OTH>LNP,0.4221812856060105,0.5778187143939896,IND>GRN>OTH>ON,0.39741110390765144,0.6025888960923486,IND>GRN>OTH>LNP,ON20,no_siphon
Rowville,South-Eastern Metro,LNP,LNP,ALP,0.6070545238137605,0.39294547618623954,0.10705452381376046,LNP-ALP,OTH>GRN>IND>ON,0.39294547618623954,0.6070545238137605,OTH>GRN>IND>ON,0.5088961956695178,0.4911038043304822,OTH>GRN>IND>LNP,South-Eastern Metro,LNP,LNP,ALP,0.6049931725204024,0.39500682747959764,0.10499317252040241,LNP-ALP,OTH>GRN>IND>ON,0.39500682747959764,0.6049931725204024,OTH>GRN>IND>ON,0.5049607347847914,0.4950392652152085,OTH>GRN>IND>LNP,ON20,no_siphon
Sandringham,Southern Metro,LNP,LNP,GRN,0.629821650374776,0.370178349625224,0.129821650374776,LNP-GRN,OTH>IND>ON>ALP,0.379525238985302,0.620474761014698,OTH>IND>ON>GRN,0.5344939119259791,0.465506088074021,OTH>IND>GRN>LNP,Southern Metro,LNP,LNP,GRN,0.6286338582652499,0.37136614173475013,0.12863385826524987,LNP-GRN,OTH>IND>ON>ALP,0.3804249656610193,0.6195750343389808,OTH>IND>ON>GRN,0.5313159270769477,0.46868407292305225,OTH>IND>GRN>LNP,ON20,no_siphon
Shepparton,Northern Victoria,LNP,LNP,IND,0.5906668215890087,0.4093331784109913,0.09066682158900874,LNP-IND,ALP>OTH>GRN>ON,0.24872068682244317,0.7512793131775568,OTH>GRN>ON>IND,0.2944354211432016,0.7055645788567984,OTH>GRN>IND>LNP,Northern Victoria,LNP,LNP,IND,0.5904688094547942,0.4095311905452058,0.09046880945479419,LNP-IND,ALP>OTH>GRN>ON,0.24872816226252997,0.75127183773747,OTH>GRN>ON>IND,0.2835620637500306,0.7164379362499694,OTH>GRN>IND>LNP,ON20,no_siphon
South Barwon,Western Victoria,ALP,LNP,ALP,0.5307347662215647,0.4692652337784353,0.03073476622156468,LNP-ALP,IND>OTH>GRN>ON,0.4692652337784353,0.5307347662215647,IND>OTH>GRN>ON,0.5055116137763553,0.49448838622364477,IND>OTH>GRN>LNP,Western Victoria,ALP,LNP,ALP,0.5306099406428907,0.46939005935710926,0.030609940642890687,LNP-ALP,IND>OTH>GRN>ON,0.46939005935710926,0.5306099406428907,IND>OTH>GRN>ON,0.5053367962715826,0.49466320372841754,IND>OTH>GRN>LNP,ON20,no_siphon
South-West Coast,Western Victoria,LNP,LNP,IND,0.5838435178772148,0.4161564821227853,0.08384351787721478,LNP-IND,OTH>GRN>ALP>ON,0.3308343001982612,0.6691656998017388,OTH>GRN>ON>IND,0.35155238018905816,0.6484476198109419,OTH>GRN>IND>LNP,Western Victoria,LNP,LNP,IND,0.5827934011013792,0.4172065988986208,0.08279340110137923,LNP-IND,OTH>GRN>ALP>ON,0.33083606613798394,0.6691639338620161,OTH>GRN>ON>IND,0.3452158417683216,0.6547841582316785,OTH>GRN>IND>LNP,ON20,no_siphon
St Albans,Western Metro,ALP,ALP,ON,0.5664217829028984,0.4335782170971016,0.06642178290289835,ALP-ON,IND>GRN>OTH>LNP,0.5490107023410389,0.45098929765896123,IND>GRN>OTH>ON,0.5664217829028984,0.4335782170971016,IND>GRN>OTH>LNP,Western Metro,ALP,ALP,ON,0.5627488138958776,0.43725118610412234,0.06274881389587761,ALP-ON,IND>GRN>OTH>LNP,0.5505474335132743,0.44945256648672566,IND>GRN>OTH>ON,0.5627488138958776,0.43725118610412234,IND>GRN>OTH>LNP,ON20,no_siphon
Sunbury,Western Metro,ALP,ON,ALP,0.5560538914061276,0.44394610859387246,0.0560538914061276,ON-ALP,IND>OTH>GRN>LNP,0.4528609527021372,0.5471390472978628,IND>OTH>GRN>ON,0.44394610859387246,0.5560538914061276,IND>OTH>GRN>LNP,Western Metro,ALP,ON,ALP,0.5572340300345805,0.44276596996541945,0.057234030034580496,ON-ALP,IND>OTH>GRN>LNP,0.4539695051194604,0.5460304948805396,IND>OTH>GRN>ON,0.44276596996541945,0.5572340300345805,IND>OTH>GRN>LNP,ON20,no_siphon
Sydenham,Western Metro,ALP,ALP,ON,0.5195121421492871,0.4804878578507129,0.019512142149287093,ALP-ON,IND>GRN>OTH>LNP,0.5152386809004196,0.4847613190995805,IND>GRN>OTH>ON,0.5195121421492871,0.4804878578507129,IND>GRN>OTH>LNP,Western Metro,ALP,ALP,ON,0.5175764412652197,0.48242355873478027,0.017576441265219733,ALP-ON,IND>GRN>OTH>LNP,0.5159163034345157,0.4840836965654844,IND>GRN>OTH>ON,0.5175764412652197,0.48242355873478027,IND>GRN>OTH>LNP,ON20,no_siphon
Tarneit,Western Metro,ALP,ALP,ON,0.5541961040136927,0.4458038959863073,0.05419610401369268,ALP-ON,IND>OTH>GRN>LNP,0.5465991897486817,0.45340081025131834,IND>OTH>GRN>ON,0.5541961040136927,0.4458038959863073,IND>OTH>GRN>LNP,Western Metro,ALP,ALP,ON,0.5517678840900354,0.4482321159099646,0.05176788409003541,ALP-ON,IND>OTH>GRN>LNP,0.5469834803147792,0.4530165196852208,IND>OTH>GRN>ON,0.5517678840900354,0.4482321159099646,IND>OTH>GRN>LNP,ON20,no_siphon
Thomastown,Northern Metro,ALP,ALP,ON,0.581519557342854,0.41848044265714607,0.08151955734285399,ALP-ON,IND>GRN>OTH>LNP,0.6012949245542335,0.39870507544576655,IND>GRN>OTH>ON,0.581519557342854,0.41848044265714607,IND>GRN>OTH>LNP,Northern Metro,ALP,ALP,ON,0.5788685770706117,0.4211314229293883,0.07886857707061168,ALP-ON,IND>GRN>OTH>LNP,0.602133532594215,0.39786646740578496,IND>GRN>OTH>ON,0.5788685770706117,0.4211314229293883,IND>GRN>OTH>LNP,ON20,no_siphon
Warrandyte,North-Eastern Metro,LNP,LNP,ALP,0.6225869242982718,0.3774130757017282,0.12258692429827178,LNP-ALP,IND>OTH>ON>GRN,0.3774130757017282,0.6225869242982718,IND>OTH>ON>GRN,0.5120850122866956,0.4879149877133045,IND>OTH>GRN>LNP,North-Eastern Metro,LNP,LNP,ALP,0.6263205766836175,0.3736794233163825,0.1263205766836175,LNP-ALP,IND>OTH>GRN>ON,0.3736794233163825,0.6263205766836175,IND>OTH>GRN>ON,0.511504022534718,0.48849597746528195,IND>OTH>GRN>LNP,ON20,no_siphon
Wendouree,Western Victoria,ALP,LNP,ALP,0.5068844528539513,0.49311554714604877,0.0068844528539513394,LNP-ALP,IND>OTH>GRN>ON,0.49311554714604877,0.5068844528539513,IND>OTH>GRN>ON,0.5101564106893781,0.48984358931062194,IND>OTH>GRN>LNP,Western Victoria,ALP,LNP,ALP,0.50666105373118,0.49333894626882013,0.006661053731179978,LNP-ALP,IND>OTH>GRN>ON,0.49333894626882013,0.50666105373118,IND>OTH>GRN>ON,0.5096716381445459,0.49032836185545425,IND>OTH>GRN>LNP,ON20,no_siphon
Werribee,Western Metro,ALP,ON,ALP,0.5320317994408973,0.4679682005591027,0.03203179944089729,ON-ALP,OTH>GRN>IND>LNP,0.4998514923071924,0.5001485076928076,OTH>GRN>IND>ON,0.4679682005591027,0.5320317994408973,OTH>GRN>IND>LNP,Western Metro,ALP,ON,ALP,0.5349051718806088,0.4650948281193912,0.03490517188060882,ON-ALP,OTH>GRN>IND>LNP,0.5024284544268077,0.4975715455731923,OTH>GRN>IND>ON,0.4650948281193912,0.5349051718806088,OTH>GRN>IND>LNP,ON20,no_siphon
Williamstown,Western Metro,ALP,ALP,LNP,0.5789735870933246,0.4210264129066754,0.07897358709332458,ALP-LNP,IND>OTH>GRN>ON,0.5789735870933246,0.4210264129066754,IND>OTH>GRN>ON,0.6307181984914673,0.3692818015085327,IND>OTH>GRN>LNP,Western Metro,ALP,ALP,LNP,0.5796089056100518,0.42039109438994815,0.07960890561005185,ALP-LNP,IND>OTH>GRN>ON,0.5796089056100518,0.42039109438994815,IND>OTH>GRN>ON,0.6279907203326782,0.3720092796673218,IND>OTH>GRN>LNP,ON20,no_siphon
Yan Yean,Northern Victoria,ALP,LNP,ALP,0.52626108889659,0.47373891110341004,0.026261088896589957,LNP-ALP,IND>GRN>OTH>ON,0.47373891110341004,0.52626108889659,IND>GRN>OTH>ON,0.46407553551346803,0.535924464486532,IND>GRN>OTH>LNP,Northern Victoria,ALP,LNP,ALP,0.5254302034256915,0.47456979657430853,0.025430203425691467,LNP-ALP,IND>GRN>OTH>ON,0.47456979657430853,0.5254302034256915,IND>GRN>OTH>ON,0.4629909668489645,0.5370090331510355,IND>GRN>OTH>LNP,ON20,no_siphon
Albert Park,Southern Metro,ALP,ALP,LNP,0.5345304045821091,0.46546959541789085,0.0345304045821091,ALP-LNP,OTH>IND>ON>GRN,0.5345304045821091,0.46546959541789085,OTH>IND>ON>GRN,0.6388859670673973,0.3611140329326027,OTH>IND>GRN>LNP,Southern Metro,ALP,ALP,LNP,0.5678570077837408,0.4321429922162591,0.06785700778374082,ALP-LNP,OTH>IND>ON>GRN,0.5678570077837408,0.4321429922162591,OTH>IND>ON>GRN,0.6643848564347868,0.3356151435652131,OTH>IND>GRN>LNP,ON20,no_geography
Ashwood,Southern Metro,ALP,LNP,ALP,0.5217457374999992,0.4782542625000009,0.021745737499999196,LNP-ALP,OTH>IND>ON>GRN,0.4782542625000009,0.5217457374999992,OTH>IND>ON>GRN,0.6227392517417992,0.3772607482582009,OTH>IND>GRN>LNP,Southern Metro,ALP,LNP,ALP,0.5129802688179168,0.48701973118208314,0.012980268817916807,LNP-ALP,OTH>IND>ON>GRN,0.48701973118208314,0.5129802688179168,OTH>IND>ON>GRN,0.6200377084171782,0.3799622915828218,OTH>IND>GRN>LNP,ON20,no_geography
Bass,Eastern Victoria,ALP,LNP,ON,0.5832499551813409,0.416750044818659,0.08324995518134093,LNP-ON,OTH>IND>GRN>ALP,0.38525636957737436,0.6147436304226256,OTH>IND>GRN>ON,0.38318324560914546,0.6168167543908545,OTH>IND>GRN>LNP,Eastern Victoria,ALP,LNP,ON,0.5799826402662999,0.4200173597337002,0.07998264026629986,LNP-ON,OTH>IND>GRN>ALP,0.36902867630893565,0.6309713236910643,OTH>IND>GRN>ON,0.37655497222408335,0.6234450277759166,OTH>IND>GRN>LNP,ON20,no_geography
Bayswater,North-Eastern Metro,ALP,LNP,ALP,0.5708129880681032,0.4291870119318968,0.07081298806810321,LNP-ALP,IND>OTH>GRN>ON,0.4291870119318968,0.5708129880681032,IND>OTH>GRN>ON,0.5189642961262507,0.4810357038737494,IND>OTH>GRN>LNP,North-Eastern Metro,ALP,LNP,ALP,0.5598518798767187,0.4401481201232813,0.059851879876718694,LNP-ALP,IND>OTH>GRN>ON,0.4401481201232813,0.5598518798767187,IND>OTH>GRN>ON,0.5182199399280819,0.48178006007191815,IND>OTH>GRN>LNP,ON20,no_geography
Bellarine,Western Victoria,ALP,ALP,LNP,0.5000682598005065,0.49993174019949344,6.825980050650937e-05,ALP-LNP,OTH>IND>GRN>ON,0.5000682598005065,0.49993174019949344,OTH>IND>GRN>ON,0.5261595660665267,0.47384043393347336,OTH>IND>GRN>LNP,Western Victoria,ALP,LNP,ALP,0.5079793633488386,0.4920206366511614,0.007979363348838642,LNP-ALP,OTH>IND>GRN>ON,0.4920206366511614,0.5079793633488386,OTH>IND>GRN>ON,0.5165267142947599,0.48347328570524,OTH>IND>GRN>LNP,ON20,no_geography
Benambra,Northern Victoria,LNP,LNP,IND,0.5765920808076245,0.42340791919237547,0.07659208080762447,LNP-IND,ALP>OTH>GRN>ON,0.27810721238366115,0.7218927876163389,OTH>GRN>ON>IND,0.35844297310585754,0.6415570268941425,OTH>GRN>LNP>IND,Northern Victoria,LNP,LNP,IND,0.5768156801118683,0.42318431988813165,0.07681568011186835,LNP-IND,ALP>OTH>GRN>ON,0.25023414361737034,0.7497658563826297,OTH>GRN>ON>IND,0.3378351442942617,0.6621648557057384,OTH>GRN>LNP>IND,ON20,no_geography
Bendigo East,Northern Victoria,ALP,ALP,LNP,0.5145280331931753,0.48547196680682475,0.014528033193175305,ALP-LNP,OTH>IND>GRN>ON,0.5145280331931753,0.48547196680682475,OTH>IND>GRN>ON,0.5517665406633006,0.4482334593366995,OTH>IND>GRN>LNP,Northern Victoria,ALP,ALP,LNP,0.5067785733352422,0.4932214266647578,0.006778573335242233,ALP-LNP,OTH>IND>GRN>ON,0.5067785733352422,0.4932214266647578,OTH>IND>GRN>ON,0.5438507591184627,0.45614924088153735,OTH>IND>GRN>LNP,ON20,no_geography
Bendigo West,Northern Victoria,ALP,ALP,LNP,0.5550375906272295,0.44496240937277054,0.05503759062722946,ALP-LNP,IND>OTH>GRN>ON,0.5550375906272295,0.44496240937277054,IND>OTH>GRN>ON,0.5595550512115347,0.4404449487884653,IND>OTH>GRN>LNP,Northern Victoria,ALP,ALP,LNP,0.5452276312694577,0.4547723687305423,0.045227631269457724,ALP-LNP,IND>OTH>GRN>ON,0.5452276312694577,0.4547723687305423,IND>OTH>GRN>ON,0.5487479855049239,0.45125201449507624,IND>OTH>GRN>LNP,ON20,no_geography
Bentleigh,Southern Metro,ALP,LNP,ALP,0.500933254441099,0.499066745558901,0.0009332544410990407,LNP-ALP,OTH>IND>GRN>ON,0.499066745558901,0.500933254441099,OTH>IND>GRN>ON,0.610552394232469,0.3894476057675311,OTH>IND>GRN>LNP,Southern Metro,ALP,ALP,LNP,0.5086052350401955,0.49139476495980455,0.008605235040195502,ALP-LNP,OTH>IND>GRN>ON,0.5086052350401955,0.49139476495980455,OTH>IND>GRN>ON,0.6086383487360874,0.3913616512639126,OTH>IND>GRN>LNP,ON20,no_geography
Berwick,South-Eastern Metro,LNP,LNP,ALP,0.638934043187253,0.36106595681274695,0.138934043187253,LNP-ALP,IND>OTH>GRN>ON,0.36106595681274695,0.638934043187253,IND>OTH>GRN>ON,0.40590151628674104,0.5940984837132589,IND>OTH>GRN>LNP,South-Eastern Metro,LNP,LNP,ALP,0.6461680657723776,0.35383193422762244,0.14616806577237762,LNP-ALP,IND>OTH>GRN>ON,0.35383193422762244,0.6461680657723776,IND>OTH>GRN>ON,0.40012667595388113,0.5998733240461189,IND>OTH>GRN>LNP,ON20,no_geography
Box Hill,North-Eastern Metro,ALP,LNP,ALP,0.5094947832505344,0.4905052167494656,0.009494783250534433,LNP-ALP,IND>OTH>ON>GRN,0.4905052167494656,0.5094947832505344,IND>OTH>ON>GRN,0.6293039190890304,0.3706960809109697,IND>OTH>GRN>LNP,North-Eastern Metro,ALP,LNP,ALP,0.5002597855525803,0.49974021444741973,0.0002597855525803272,LNP-ALP,IND>OTH>ON>GRN,0.49974021444741973,0.5002597855525803,IND>OTH>ON>GRN,0.626760876138789,0.3732391238612111,IND>OTH>GRN>LNP,ON20,no_geography
Brighton,Southern Metro,LNP,LNP,GRN,0.6224438285211609,0.3775561714788391,0.12244382852116087,LNP-GRN,OTH>IND>ON>ALP,0.37158459992588455,0.6284154000741156,OTH>IND>ON>GRN,0.5722783967606455,0.42772160323935443,OTH>IND>GRN>LNP,Southern Metro,LNP,LNP,GRN,0.589999127513347,0.4100008724866529,0.08999912751334704,LNP-GRN,OTH>IND>ON>ALP,0.40513679963541244,0.5948632003645876,OTH>IND>ON>GRN,0.6027542704687683,0.3972457295312318,OTH>IND>GRN>LNP,ON20,no_geography
Broadmeadows,Northern Metro,ALP,ALP,ON,0.568104796063764,0.43189520393623615,0.06810479606376396,ALP-ON,IND>GRN>OTH>LNP,0.5808016110656935,0.4191983889343066,IND>GRN>OTH>ON,0.568104796063764,0.43189520393623615,IND>GRN>OTH>LNP,Northern Metro,ALP,ALP,ON,0.567364158297876,0.43263584170212394,0.06736415829787601,ALP-ON,IND>GRN>OTH>LNP,0.5978002944302497,0.4021997055697504,IND>GRN>OTH>ON,0.567364158297876,0.43263584170212394,IND>GRN>OTH>LNP,ON20,no_geography
Brunswick,Northern Metro,GRN,GRN,ALP,0.6609548349173877,0.33904516508261234,0.1609548349173877,GRN-ALP,IND>LNP>OTH>ON,0.7219685480104222,0.2780314519895778,IND>OTH>ON>GRN,0.7458099533156207,0.2541900466843794,IND>LNP>OTH>GRN,Northern Metro,GRN,GRN,ALP,0.6616694382459883,0.33833056175401177,0.16166943824598834,GRN-ALP,IND>LNP>OTH>ON,0.7768400334918242,0.22315996650817588,IND>OTH>ON>GRN,0.771725070871722,0.22827492912827801,IND>LNP>OTH>GRN,ON20,no_geography
Bulleen,North-Eastern Metro,LNP,LNP,ALP,0.636261398335869,0.3637386016641311,0.13626139833586903,LNP-ALP,OTH>IND>ON>GRN,0.3637386016641311,0.636261398335869,OTH>IND>ON>GRN,0.5558181186761354,0.4441818813238647,OTH>IND>GRN>LNP,North-Eastern Metro,LNP,LNP,ALP,0.6284971805051333,0.3715028194948668,0.12849718050513326,LNP-ALP,OTH>IND>ON>GRN,0.3715028194948668,0.6284971805051333,OTH>IND>ON>GRN,0.5540150165378518,0.4459849834621483,OTH>IND>GRN>LNP,ON20,no_geography
Bundoora,North-Eastern Metro,ALP,ALP,LNP,0.5491436020903507,0.45085639790964926,0.049143602090350735,ALP-LNP,IND>OTH>GRN>ON,0.5491436020903507,0.45085639790964926,IND>OTH>GRN>ON,0.6332785409220456,0.36672145907795445,IND>OTH>GRN>LNP,North-Eastern Metro,ALP,ALP,LNP,0.5598975813801,0.44010241861989996,0.05989758138010004,ALP-LNP,IND>OTH>GRN>ON,0.5598975813801,0.44010241861989996,IND>OTH>GRN>ON,0.6314331035502508,0.3685668964497492,IND>OTH>GRN>LNP,ON20,no_geography
Carrum,South-Eastern Metro,ALP,LNP,ALP,0.5092107378357927,0.4907892621642072,0.009210737835792737,LNP-ALP,IND>OTH>GRN>ON,0.4907892621642072,0.5092107378357927,IND>OTH>GRN>ON,0.48961054139136495,0.5103894586086352,IND>OTH>GRN>LNP,South-Eastern Metro,ALP,LNP,ALP,0.5176413374930043,0.4823586625069958,0.01764133749300434,LNP-ALP,IND>OTH>GRN>ON,0.4823586625069958,0.5176413374930043,IND>OTH>GRN>ON,0.48320349461416956,0.5167965053858304,IND>OTH>GRN>LNP,ON20,no_geography
Caulfield,Southern Metro,LNP,LNP,GRN,0.6108728887602309,0.3891271112397692,0.11087288876023094,LNP-GRN,OTH>IND>ON>ALP,0.3975167235107045,0.6024832764892954,OTH>IND>ON>GRN,0.5933891187160771,0.406610881283923,OTH>IND>GRN>LNP,Southern Metro,LNP,LNP,GRN,0.5830717801973849,0.416928219802615,0.08307178019738493,LNP-GRN,OTH>IND>ON>ALP,0.42497480422066336,0.5750251957793368,OTH>IND>ON>GRN,0.6154927457276478,0.38450725427235233,OTH>IND>GRN>LNP,ON20,no_geography
Clarinda,South-Eastern Metro,ALP,ALP,LNP,0.5281440933442659,0.47185590665573407,0.02814409334426593,ALP-LNP,OTH>IND>GRN>ON,0.5281440933442659,0.47185590665573407,OTH>IND>GRN>ON,0.5934480562187101,0.40655194378129,OTH>IND>GRN>LNP,South-Eastern Metro,ALP,ALP,LNP,0.5408534461076847,0.45914655389231523,0.04085344610768471,ALP-LNP,OTH>IND>GRN>ON,0.5408534461076847,0.45914655389231523,OTH>IND>GRN>ON,0.5916332615663943,0.4083667384336057,OTH>IND>GRN>LNP,ON20,no_geography
Cranbourne,South-Eastern Metro,ALP,ON,ALP,0.5044037811921092,0.4955962188078909,0.004403781192109157,ON-ALP,IND>GRN>OTH>LNP,0.4900629500383357,0.5099370499616642,IND>GRN>OTH>ON,0.4955962188078909,0.5044037811921092,IND>GRN>OTH>LNP,South-Eastern Metro,ALP,ON,ALP,0.5049169692408981,0.49508303075910187,0.004916969240898128,ON-ALP,IND>GRN>OTH>LNP,0.5057009518807695,0.4942990481192306,IND>GRN>OTH>ON,0.49508303075910187,0.5049169692408981,IND>GRN>OTH>LNP,ON20,no_geography
Croydon,North-Eastern Metro,LNP,LNP,ALP,0.6084006565976176,0.39159934340238245,0.10840065659761755,LNP-ALP,IND>OTH>GRN>ON,0.39159934340238245,0.6084006565976176,IND>OTH>GRN>ON,0.5017767577669326,0.49822324223306735,IND>OTH>GRN>LNP,North-Eastern Metro,LNP,LNP,ALP,0.5979218284281275,0.4020781715718726,0.09792182842812747,LNP-ALP,IND>OTH>GRN>ON,0.4020781715718726,0.5979218284281275,IND>OTH>GRN>ON,0.5006096222757165,0.4993903777242835,IND>OTH>GRN>LNP,ON20,no_geography
Dandenong,South-Eastern Metro,ALP,ALP,ON,0.6061086307274937,0.39389136927250634,0.10610863072749366,ALP-ON,IND>OTH>GRN>LNP,0.6047190796522053,0.3952809203477947,IND>OTH>GRN>ON,0.6061086307274937,0.39389136927250634,IND>OTH>GRN>LNP,South-Eastern Metro,ALP,ALP,ON,0.6050497856184818,0.3949502143815182,0.10504978561848177,ALP-ON,IND>OTH>GRN>LNP,0.6162821205195709,0.3837178794804291,IND>OTH>GRN>ON,0.6050497856184818,0.3949502143815182,IND>OTH>GRN>LNP,ON20,no_geography
Eildon,Northern Victoria,LNP,LNP,ON,0.619535936663965,0.38046406333603505,0.119535936663965,LNP-ON,IND>OTH>GRN>ALP,0.3498819337792541,0.650118066220746,IND>OTH>GRN>ON,0.36666818273250884,0.6333318172674912,IND>OTH>GRN>LNP,Northern Victoria,LNP,LNP,ON,0.618146030413553,0.3818539695864471,0.11814603041355298,LNP-ON,IND>OTH>GRN>ALP,0.3370070834453483,0.6629929165546518,IND>OTH>GRN>ON,0.3635109724273579,0.6364890275726421,IND>OTH>GRN>LNP,ON20,no_geography
Eltham,North-Eastern Metro,ALP,ALP,LNP,0.5017285881712253,0.49827141182877466,0.0017285881712253426,ALP-LNP,IND>OTH>GRN>ON,0.5017285881712253,0.49827141182877466,IND>OTH>GRN>ON,0.5830622455162464,0.41693775448375364,IND>OTH>GRN>LNP,North-Eastern Metro,ALP,ALP,LNP,0.5112593818334205,0.4887406181665796,0.011259381833420457,ALP-LNP,IND>OTH>GRN>ON,0.5112593818334205,0.4887406181665796,IND>OTH>GRN>ON,0.5811298352002644,0.41887016479973566,IND>OTH>GRN>LNP,ON20,no_geography
Essendon,Northern Metro,ALP,ALP,LNP,0.5107346017282769,0.4892653982717231,0.010734601728276894,ALP-LNP,IND>OTH>GRN>ON,0.5107346017282769,0.4892653982717231,IND>OTH>GRN>ON,0.5724004354350786,0.42759956456492154,IND>OTH>GRN>LNP,Northern Metro,ALP,ALP,LNP,0.52472391751441,0.47527608248558995,0.024723917514410054,ALP-LNP,IND>OTH>GRN>ON,0.52472391751441,0.47527608248558995,IND>OTH>GRN>ON,0.5699267549040431,0.43007324509595696,IND>OTH>GRN>LNP,ON20,no_geography
Eureka,Western Victoria,ALP,ON,ALP,0.5667684153538303,0.4332315846461698,0.06676841535383027,ON-ALP,IND>OTH>GRN>LNP,0.4687594957418642,0.5312405042581358,IND>OTH>GRN>ON,0.4332315846461698,0.5667684153538303,IND>OTH>GRN>LNP,Western Victoria,ALP,ON,ALP,0.5723851592248177,0.4276148407751823,0.0723851592248177,ON-ALP,IND>OTH>GRN>LNP,0.4516360385832864,0.5483639614167136,IND>OTH>GRN>ON,0.4276148407751823,0.5723851592248177,IND>OTH>GRN>LNP,ON20,no_geography
Euroa,Northern Victoria,LNP,LNP,ON,0.6140623008602112,0.38593769913978876,0.11406230086021119,LNP-ON,IND>OTH>GRN>ALP,0.312305546070884,0.6876944539291161,IND>OTH>GRN>ON,0.3348020410317127,0.6651979589682874,IND>OTH>GRN>LNP,Northern Victoria,LNP,LNP,ON,0.613529337278464,0.3864706627215359,0.11352933727846404,LNP-ON,IND>OTH>GRN>ALP,0.29955995231850086,0.7004400476814993,IND>OTH>GRN>ON,0.33330718186379715,0.6666928181362028,IND>OTH>GRN>LNP,ON20,no_geography
Evelyn,Eastern Victoria,LNP,LNP,ALP,0.6432983281119674,0.35670167188803253,0.1432983281119674,LNP-ALP,IND>OTH>GRN>ON,0.35670167188803253,0.6432983281119674,IND>OTH>GRN>ON,0.4088827052365892,0.5911172947634108,IND>OTH>GRN>LNP,Eastern Victoria,LNP,LNP,ALP,0.6508103670914623,0.3491896329085376,0.15081036709146234,LNP-ALP,IND>OTH>GRN>ON,0.3491896329085376,0.6508103670914623,IND>OTH>GRN>ON,0.40160232006071483,0.5983976799392852,IND>OTH>GRN>LNP,ON20,no_geography
Footscray,Western Metro,ALP,ALP,GRN,0.5257843359261365,0.4742156640738635,0.025784335926136492,ALP-GRN,IND>OTH>LNP>ON,0.6518378377021179,0.34816216229788216,IND>OTH>ON>GRN,0.7280196493221915,0.2719803506778085,IND>OTH>LNP>GRN,Western Metro,ALP,ALP,GRN,0.524113988027124,0.47588601197287606,0.024113988027123945,ALP-GRN,IND>OTH>LNP>ON,0.689214894507803,0.310785105492197,IND>OTH>ON>GRN,0.7537903199763639,0.24620968002363613,IND>OTH>LNP>GRN,ON20,no_geography
Frankston,South-Eastern Metro,ALP,LNP,ALP,0.5090982212569257,0.4909017787430743,0.00909822125692572,LNP-ALP,IND>OTH>GRN>ON,0.4909017787430743,0.5090982212569257,IND>OTH>GRN>ON,0.5235236131901102,0.47647638680988985,IND>OTH>GRN>LNP,South-Eastern Metro,ALP,ALP,LNP,0.5050559374704963,0.4949440625295038,0.005055937470496263,ALP-LNP,IND>OTH>GRN>ON,0.5050559374704963,0.4949440625295038,IND>OTH>GRN>ON,0.5223206842429411,0.47767931575705896,IND>OTH>GRN>LNP,ON20,no_geography
Geelong,Western Victoria,ALP,ALP,ON,0.5086760796805396,0.49132392031946037,0.008676079680539628,ALP-ON,OTH>IND>GRN>LNP,0.5206862546977288,0.47931374530227117,OTH>IND>GRN>ON,0.5086760796805396,0.49132392031946037,OTH>IND>GRN>LNP,Western Victoria,ALP,ON,ALP,0.5038461842561889,0.4961538157438112,0.003846184256188878,ON-ALP,OTH>IND>GRN>LNP,0.5089691605453456,0.4910308394546544,OTH>IND>GRN>ON,0.4961538157438112,0.5038461842561889,OTH>IND>GRN>LNP,ON20,no_geography
Gippsland East,Eastern Victoria,LNP,LNP,ON,0.6265798843651934,0.3734201156348067,0.1265798843651934,LNP-ON,IND>ALP>OTH>GRN,0.21366521491485554,0.7863347850851443,IND>OTH>GRN>ON,0.237572723697936,0.7624272763020641,IND>OTH>GRN>LNP,Eastern Victoria,LNP,LNP,ON,0.6196287299268712,0.3803712700731289,0.11962872992687124,LNP-ON,IND>ALP>OTH>GRN,0.19773754296552068,0.8022624570344794,IND>OTH>GRN>ON,0.23363193593440876,0.7663680640655911,IND>OTH>GRN>LNP,ON20,no_geography
Gippsland South,Eastern Victoria,LNP,LNP,ON,0.6297576883829061,0.3702423116170938,0.12975768838290613,LNP-ON,OTH>IND>ALP>GRN,0.26402898282491855,0.7359710171750815,OTH>IND>GRN>ON,0.28607531488005566,0.7139246851199443,OTH>IND>GRN>LNP,Eastern Victoria,LNP,LNP,ON,0.6095432408143006,0.3904567591856995,0.10954324081430056,LNP-ON,OTH>IND>GRN>ALP,0.24928703694011617,0.7507129630598838,OTH>IND>GRN>ON,0.28232072418051923,0.7176792758194808,OTH>IND>GRN>LNP,ON20,no_geography
Glen Waverley,North-Eastern Metro,ALP,LNP,ALP,0.5494432206850903,0.45055677931490973,0.04944322068509033,LNP-ALP,IND>OTH>ON>GRN,0.45055677931490973,0.5494432206850903,IND>OTH>ON>GRN,0.6046457612353455,0.3953542387646546,IND>OTH>GRN>LNP,North-Eastern Metro,ALP,LNP,ALP,0.5419493187226015,0.45805068127739845,0.04194931872260155,LNP-ALP,IND>OTH>ON>GRN,0.45805068127739845,0.5419493187226015,IND>OTH>ON>GRN,0.6029543047272573,0.39704569527274275,IND>OTH>GRN>LNP,ON20,no_geography
Greenvale,Northern Metro,ALP,ALP,LNP,0.5392989487710755,0.4607010512289245,0.03929894877107554,ALP-LNP,IND>GRN>ON>OTH,0.5392989487710755,0.4607010512289245,IND>GRN>ON>OTH,0.5671747338827737,0.4328252661172262,IND>GRN>OTH>LNP,Northern Metro,ALP,ALP,LNP,0.5640419152872127,0.43595808471278735,0.0640419152872127,ALP-LNP,IND>GRN>OTH>ON,0.5640419152872127,0.43595808471278735,IND>GRN>OTH>ON,0.5663103876708127,0.4336896123291873,IND>GRN>OTH>LNP,ON20,no_geography
Hastings,Eastern Victoria,ALP,LNP,ALP,0.5837922233490328,0.41620777665096714,0.0837922233490328,LNP-ALP,IND>OTH>GRN>ON,0.41620777665096714,0.5837922233490328,IND>OTH>GRN>ON,0.4147856508255102,0.5852143491744898,IND>OTH>GRN>LNP,Eastern Victoria,ALP,LNP,ALP,0.5969726069901035,0.4030273930098965,0.09697260699010346,LNP-ALP,IND>OTH>GRN>ON,0.4030273930098965,0.5969726069901035,IND>OTH>GRN>ON,0.41215811219782517,0.5878418878021748,IND>OTH>GRN>LNP,ON20,no_geography
Hawthorn,Southern Metro,LNP,LNP,GRN,0.670987744985701,0.329012255014299,0.17098774498570102,LNP-GRN,OTH>ON>ALP>IND,0.41072695637741,0.5892730436225899,OTH>ON>GRN>IND,0.6150135294199421,0.3849864705800578,OTH>GRN>IND>LNP,Southern Metro,LNP,LNP,GRN,0.6339273016841828,0.3660726983158173,0.13392730168418276,LNP-GRN,OTH>ON>ALP>IND,0.44866546603242113,0.5513345339675788,OTH>ON>GRN>IND,0.6586643437804021,0.34133565621959794,OTH>GRN>IND>LNP,ON20,no_geography
Ivanhoe,North-Eastern Metro,ALP,ALP,LNP,0.5459144869595648,0.4540855130404353,0.04591448695956479,ALP-LNP,OTH>IND>ON>GRN,0.5459144869595648,0.4540855130404353,OTH>IND>ON>GRN,0.6373272554740153,0.36267274452598475,OTH>IND>GRN>LNP,North-Eastern Metro,ALP,ALP,LNP,0.5566025002052869,0.44339749979471316,0.0566025002052869,ALP-LNP,OTH>IND>ON>GRN,0.5566025002052869,0.44339749979471316,OTH>IND>ON>GRN,0.6340804333209078,0.36591956667909226,OTH>IND>GRN>LNP,ON20,no_geography
Kalkallo,Northern Metro,ALP,ALP,ON,0.5603820123838281,0.439617987616172,0.06038201238382812,ALP-ON,IND>GRN>OTH>LNP,0.582467289638566,0.4175327103614341,IND>GRN>OTH>ON,0.5603820123838281,0.439617987616172,IND>GRN>OTH>LNP,Northern Metro,ALP,ALP,ON,0.5505745377232301,0.44942546227677005,0.05057453772323006,ALP-ON,IND>GRN>OTH>LNP,0.5727045021400083,0.42729549785999177,IND>GRN>OTH>ON,0.5505745377232301,0.44942546227677005,IND>GRN>OTH>LNP,ON20,no_geography
Kew,Southern Metro,LNP,LNP,IND,0.635566621063718,0.3644333789362821,0.13556662106371797,LNP-IND,OTH>ON>GRN>ALP,0.3764461502238718,0.6235538497761283,OTH>ON>GRN>IND,0.600742016097131,0.39925798390286915,OTH>GRN>IND>LNP,Southern Metro,LNP,LNP,IND,0.6127511846901507,0.3872488153098494,0.11275118469015066,LNP-IND,OTH>ON>ALP>GRN,0.410328173863659,0.5896718261363411,OTH>ON>GRN>IND,0.6407552660078356,0.3592447339921645,OTH>GRN>IND>LNP,ON20,no_geography
Kororoit,Western Metro,ALP,ALP,ON,0.5622022528951646,0.4377977471048355,0.06220225289516457,ALP-ON,IND>GRN>OTH>LNP,0.5664824478950689,0.4335175521049312,IND>GRN>OTH>ON,0.5622022528951646,0.4377977471048355,IND>GRN>OTH>LNP,Western Metro,ALP,ALP,ON,0.5611155345740948,0.4388844654259053,0.0611155345740948,ALP-ON,IND>GRN>OTH>LNP,0.5827074092985095,0.4172925907014906,IND>GRN>OTH>ON,0.5611155345740948,0.4388844654259053,IND>GRN>OTH>LNP,ON20,no_geography
Lara,Western Victoria,ALP,ON,ALP,0.5162254201687477,0.48377457983125227,0.01622542016874773,ON-ALP,IND>OTH>GRN>LNP,0.5343936294017883,0.4656063705982118,IND>OTH>GRN>ON,0.48377457983125227,0.5162254201687477,IND>OTH>GRN>LNP,Western Victoria,ALP,ON,ALP,0.5244276229337613,0.4755723770662387,0.024427622933761328,ON-ALP,IND>OTH>GRN>LNP,0.5233966263591768,0.4766033736408232,IND>OTH>GRN>ON,0.4755723770662387,0.5244276229337613,IND>OTH>GRN>LNP,ON20,no_geography
Laverton,Western Metro,ALP,ALP,ON,0.593915347488704,0.406084652511296,0.093915347488704,ALP-ON,IND>GRN>OTH>LNP,0.584245762089502,0.41575423791049804,IND>GRN>OTH>ON,0.593915347488704,0.406084652511296,IND>GRN>OTH>LNP,Western Metro,ALP,ALP,ON,0.5919186783074779,0.40808132169252215,0.09191867830747791,ALP-ON,IND>GRN>OTH>LNP,0.6000429275604848,0.39995707243951517,IND>GRN>OTH>ON,0.5919186783074779,0.40808132169252215,IND>GRN>OTH>LNP,ON20,no_geography
Lowan,Western Victoria,LNP,LNP,ON,0.6583174244916078,0.34168257550839215,0.1583174244916078,LNP-ON,IND>OTH>ALP>GRN,0.22310100616179757,0.7768989938382025,IND>OTH>GRN>ON,0.2594289727193731,0.740571027280627,IND>OTH>GRN>LNP,Western Victoria,LNP,LNP,ON,0.6503641017345501,0.3496358982654499,0.15036410173455006,LNP-ON,IND>OTH>ALP>GRN,0.2082548794294279,0.7917451205705721,IND>OTH>GRN>ON,0.25502327576540323,0.7449767242345967,IND>OTH>GRN>LNP,ON20,no_geography
Macedon,Northern Victoria,ALP,LNP,ALP,0.5028112696362304,0.49718873036376976,0.0028112696362303513,LNP-ALP,OTH>IND>GRN>ON,0.49718873036376976,0.5028112696362304,OTH>IND>GRN>ON,0.48137123150750494,0.5186287684924952,OTH>IND>GRN>LNP,Northern Victoria,ALP,LNP,ALP,0.5168333542487898,0.4831666457512101,0.016833354248789845,LNP-ALP,OTH>IND>GRN>ON,0.4831666457512101,0.5168333542487898,OTH>IND>GRN>ON,0.47607479196221436,0.5239252080377858,OTH>IND>GRN>LNP,ON20,no_geography
Malvern,Southern Metro,LNP,LNP,GRN,0.6609142388289928,0.33908576117100714,0.1609142388289928,LNP-GRN,IND>OTH>ON>ALP,0.34385257130583646,0.6561474286941635,IND>OTH>ON>GRN,0.589223844337485,0.410776155662515,IND>OTH>GRN>LNP,Southern Metro,LNP,LNP,GRN,0.6397324324694185,0.36026756753058153,0.13973243246941847,LNP-GRN,IND>OTH>ON>ALP,0.36601179573007053,0.6339882042699294,IND>OTH>ON>GRN,0.6047629275616517,0.39523707243834827,IND>OTH>GRN>LNP,ON20,no_geography
Melbourne,Northern Metro,GRN,GRN,ALP,0.6368225560677657,0.3631774439322343,0.13682255606776572,GRN-ALP,IND>OTH>LNP>ON,0.6571308444372438,0.3428691555627562,IND>OTH>ON>GRN,0.7433804133509258,0.25661958664907425,IND>OTH>LNP>GRN,Northern Metro,GRN,GRN,ALP,0.6373556455354584,0.36264435446454163,0.13735564553545843,GRN-ALP,IND>OTH>LNP>ON,0.7048377092944188,0.2951622907055812,IND>OTH>ON>GRN,0.7692658858842538,0.23073411411574624,IND>OTH>LNP>GRN,ON20,no_geography
Melton,Western Victoria,ALP,ON,IND,0.5339820983883454,0.46601790161165463,0.03398209838834543,ON-IND,GRN>OTH>LNP>ALP,0.4467411101624609,0.5532588898375391,GRN>OTH>IND>ON,0.46086003046859925,0.5391399695314009,GRN>OTH>LNP>IND,Western Victoria,ALP,ON,IND,0.5467589542160335,0.45324104578396646,0.04675895421603349,ON-IND,GRN>OTH>LNP>ALP,0.4304497802585806,0.5695502197414194,GRN>OTH>IND>ON,0.44857827443554443,0.5514217255644556,GRN>OTH>LNP>IND,ON20,no_geography
Mildura,Northern Victoria,LNP,LNP,IND,0.5381103478693574,0.46188965213064254,0.03811034786935741,LNP-IND,OTH>ALP>GRN>ON,0.2965541174595311,0.703445882540469,OTH>GRN>ON>IND,0.3686900626198564,0.6313099373801436,OTH>GRN>LNP>IND,Northern Victoria,LNP,LNP,IND,0.5371470058506205,0.4628529941493796,0.037147005850620474,LNP-IND,OTH>ALP>GRN>ON,0.2668942651476927,0.7331057348523072,OTH>GRN>ON>IND,0.3513014036593061,0.6486985963406939,OTH>GRN>LNP>IND,ON20,no_geography
Mill Park,North-Eastern Metro,ALP,ALP,ON,0.5456747569209249,0.4543252430790751,0.04567475692092493,ALP-ON,IND>GRN>OTH>LNP,0.5431808227173489,0.45681917728265115,IND>GRN>OTH>ON,0.5456747569209249,0.4543252430790751,IND>GRN>OTH>LNP,North-Eastern Metro,ALP,ALP,ON,0.5448940917758343,0.4551059082241658,0.044894091775834255,ALP-ON,IND>GRN>OTH>LNP,0.5577988938170404,0.44220110618295955,IND>GRN>OTH>ON,0.5448940917758343,0.4551059082241658,IND>GRN>OTH>LNP,ON20,no_geography
Monbulk,Eastern Victoria,ALP,LNP,ALP,0.529356400601601,0.47064359939839895,0.02935640060160105,LNP-ALP,OTH>IND>GRN>ON,0.47064359939839895,0.529356400601601,OTH>IND>GRN>ON,0.46969517520342763,0.5303048247965725,OTH>IND>GRN>LNP,Eastern Victoria,ALP,LNP,ALP,0.5405205531709534,0.45947944682904657,0.04052055317095338,LNP-ALP,OTH>IND>GRN>ON,0.45947944682904657,0.5405205531709534,OTH>IND>GRN>ON,0.4560032559939396,0.5439967440060604,OTH>IND>GRN>LNP,ON20,no_geography
Mordialloc,South-Eastern Metro,ALP,LNP,ALP,0.5049722536366551,0.495027746363345,0.0049722536366550996,LNP-ALP,OTH>IND>GRN>ON,0.495027746363345,0.5049722536366551,OTH>IND>GRN>ON,0.5817057303760829,0.41829426962391725,OTH>IND>GRN>LNP,South-Eastern Metro,ALP,ALP,LNP,0.5074135317375673,0.49258646826243263,0.007413531737567314,ALP-LNP,OTH>IND>GRN>ON,0.5074135317375673,0.49258646826243263,OTH>IND>GRN>ON,0.5800067146345991,0.41999328536540104,OTH>IND>GRN>LNP,ON20,no_geography
Mornington,Eastern Victoria,LNP,LNP,IND,0.6137993733689621,0.386200626631038,0.11379937336896206,LNP-IND,OTH>GRN>ALP>ON,0.3279978104247349,0.6720021895752651,OTH>GRN>ON>IND,0.37478719965360524,0.6252128003463948,OTH>GRN>IND>LNP,Eastern Victoria,LNP,LNP,IND,0.6167543127396109,0.38324568726038916,0.1167543127396109,LNP-IND,OTH>GRN>ALP>ON,0.316594824166064,0.683405175833936,OTH>GRN>ON>IND,0.3598300296593449,0.6401699703406551,OTH>GRN>IND>LNP,ON20,no_geography
Morwell,Eastern Victoria,LNP,LNP,ON,0.5112124705938589,0.48878752940614106,0.011212470593858881,LNP-ON,GRN>OTH>IND>ALP,0.3819701101579188,0.6180298898420812,GRN>OTH>IND>ON,0.3597443502260949,0.640255649773905,GRN>OTH>IND>LNP,Eastern Victoria,LNP,LNP,ON,0.5035253548614784,0.49647464513852163,0.0035253548614784247,LNP-ON,GRN>OTH>IND>ALP,0.36788245551892224,0.6321175444810777,GRN>OTH>IND>ON,0.3482864801996705,0.6517135198003294,GRN>OTH>IND>LNP,ON20,no_geography
Mulgrave,South-Eastern Metro,ALP,ALP,ON,0.7067385885876777,0.2932614114123223,0.20673858858767769,ALP-ON,OTH>GRN>LNP>IND,0.5928919129812542,0.4071080870187458,OTH>GRN>IND>ON,0.7067385885876777,0.2932614114123223,OTH>GRN>LNP>IND,South-Eastern Metro,ALP,ALP,ON,0.7020918849372006,0.2979081150627993,0.20209188493720065,ALP-ON,OTH>GRN>LNP>IND,0.6071703452649845,0.3928296547350156,OTH>GRN>IND>ON,0.7020918849372006,0.2979081150627993,OTH>GRN>LNP>IND,ON20,no_geography
Murray Plains,Northern Victoria,LNP,LNP,ON,0.6264309993937542,0.3735690006062458,0.12643099939375424,LNP-ON,IND>ALP>OTH>GRN,0.19684038707221307,0.8031596129277869,IND>GRN>OTH>ON,0.21704549646172794,0.7829545035382721,IND>GRN>OTH>LNP,Northern Victoria,LNP,LNP,ON,0.6120693208383282,0.38793067916167184,0.11206932083832821,LNP-ON,IND>ALP>GRN>OTH,0.17928935594577156,0.8207106440542284,IND>GRN>OTH>ON,0.21170275371240022,0.7882972462875998,IND>GRN>OTH>LNP,ON20,no_geography
Narracan,Eastern Victoria,LNP,LNP,ON,0.6548203271029481,0.34517967289705187,0.15482032710294813,LNP-ON,OTH>IND>ALP>GRN,0.37526383187361606,0.624736168126384,OTH>IND>GRN>ON,0.3953187323852357,0.6046812676147644,OTH>IND>GRN>LNP,Eastern Victoria,LNP,LNP,ON,0.6416777925525248,0.35832220744747517,0.14167779255252477,LNP-ON,OTH>IND>ALP>GRN,0.3622200117915976,0.6377799882084024,OTH>IND>GRN>ON,0.39035551835197274,0.6096444816480272,OTH>IND>GRN>LNP,ON20,no_geography
Narre Warren North,South-Eastern Metro,ALP,ALP,ON,0.5144869882207971,0.4855130117792029,0.014486988220797081,ALP-ON,IND>GRN>OTH>LNP,0.5022607784705315,0.4977392215294684,IND>GRN>OTH>ON,0.5144869882207971,0.4855130117792029,IND>GRN>OTH>LNP,South-Eastern Metro,ALP,ALP,ON,0.5137861473458978,0.4862138526541022,0.013786147345897781,ALP-ON,IND>GRN>OTH>LNP,0.5171059919104938,0.4828940080895062,IND>GRN>OTH>ON,0.5137861473458978,0.4862138526541022,IND>GRN>OTH>LNP,ON20,no_geography
Narre Warren South,South-Eastern Metro,ALP,ALP,ON,0.5227261791197032,0.4772738208802968,0.022726179119703205,ALP-ON,IND>GRN>OTH>LNP,0.5031482771258887,0.4968517228741112,IND>GRN>OTH>ON,0.5227261791197032,0.4772738208802968,IND>GRN>OTH>LNP,South-Eastern Metro,ALP,ALP,ON,0.5219007752467475,0.47809922475325256,0.021900775246747495,ALP-ON,IND>GRN>OTH>LNP,0.5173210133068477,0.48267898669315235,IND>GRN>OTH>ON,0.5219007752467475,0.47809922475325256,IND>GRN>OTH>LNP,ON20,no_geography
Nepean,Eastern Victoria,LNP,LNP,ALP,0.6508418064299721,0.349158193570028,0.15084180642997214,LNP-ALP,OTH>IND>GRN>ON,0.349158193570028,0.6508418064299721,OTH>IND>GRN>ON,0.40179807029755876,0.5982019297024412,OTH>IND>GRN>LNP,Eastern Victoria,LNP,LNP,ALP,0.6587180605169725,0.3412819394830276,0.15871806051697246,LNP-ALP,OTH>IND>GRN>ON,0.3412819394830276,0.6587180605169725,OTH>IND>GRN>ON,0.3938965938389764,0.6061034061610237,OTH>IND>GRN>LNP,ON20,no_geography
Niddrie,Western Metro,ALP,LNP,ALP,0.5330419444853141,0.46695805551468594,0.033041944485314056,LNP-ALP,IND>OTH>GRN>ON,0.46695805551468594,0.5330419444853141,IND>OTH>GRN>ON,0.5327295229749477,0.4672704770250523,IND>OTH>GRN>LNP,Western Metro,ALP,LNP,ALP,0.5213594039507781,0.47864059604922193,0.021359403950778066,LNP-ALP,IND>OTH>GRN>ON,0.47864059604922193,0.5213594039507781,IND>OTH>GRN>ON,0.5316448011667306,0.46835519883326937,IND>OTH>GRN>LNP,ON20,no_geography
Northcote,Northern Metro,ALP,GRN,ALP,0.5419696475301521,0.45803035246984786,0.04196964753015209,GRN-ALP,IND>LNP>OTH>ON,0.6974838784466866,0.30251612155331353,IND>OTH>ON>GRN,0.7114164435525444,0.2885835564474556,IND>LNP>OTH>GRN,Northern Metro,ALP,GRN,ALP,0.5445499439953019,0.45545005600469807,0.04454994399530188,GRN-ALP,IND>LNP>OTH>ON,0.743721932738684,0.2562780672613161,IND>OTH>ON>GRN,0.7358096102944388,0.2641903897055613,IND>LNP>OTH>GRN,ON20,no_geography
Oakleigh,Southern Metro,ALP,ALP,LNP,0.5437019835483529,0.4562980164516472,0.04370198354835286,ALP-LNP,OTH>IND>GRN>ON,0.5437019835483529,0.4562980164516472,OTH>IND>GRN>ON,0.620366625726177,0.37963337427382315,OTH>IND>GRN>LNP,Southern Metro,ALP,ALP,LNP,0.5551886114969715,0.4448113885030285,0.05518861149697152,ALP-LNP,OTH>IND>GRN>ON,0.5551886114969715,0.4448113885030285,OTH>IND>GRN>ON,0.6176759323395408,0.38232406766045934,OTH>IND>GRN>LNP,ON20,no_geography
Ovens Valley,Northern Victoria,LNP,LNP,ON,0.6282140395253687,0.3717859604746313,0.1282140395253687,LNP-ON,IND>ALP>OTH>GRN,0.2824800401758476,0.7175199598241524,IND>GRN>OTH>ON,0.28734769923775993,0.7126523007622401,IND>GRN>OTH>LNP,Northern Victoria,LNP,LNP,ON,0.6153749401096781,0.38462505989032186,0.11537494010967808,LNP-ON,IND>ALP>OTH>GRN,0.2630705718005313,0.7369294281994688,IND>GRN>OTH>ON,0.27768614778529854,0.7223138522147016,IND>GRN>OTH>LNP,ON20,no_geography
Pakenham,Eastern Victoria,ALP,LNP,ON,0.5514102192037916,0.4485897807962084,0.05141021920379163,LNP-ON,IND>OTH>GRN>ALP,0.4124277250822846,0.5875722749177155,IND>OTH>GRN>ON,0.39839274201276414,0.6016072579872359,IND>OTH>GRN>LNP,Eastern Victoria,ALP,LNP,ON,0.5403965859436985,0.45960341405630156,0.04039658594369855,LNP-ON,IND>GRN>OTH>ALP,0.40240707549215327,0.5975929245078467,IND>GRN>OTH>ON,0.3854474213368909,0.6145525786631092,IND>GRN>OTH>LNP,ON20,no_geography
Pascoe Vale,Northern Metro,ALP,ALP,GRN,0.5053685400873145,0.49463145991268564,0.005368540087314466,ALP-GRN,OTH>IND>LNP>ON,0.6082775944657806,0.39172240553421944,OTH>IND>ON>GRN,0.6808607004697143,0.3191392995302858,OTH>IND>LNP>GRN,Northern Metro,ALP,ALP,GRN,0.5103486346091736,0.4896513653908265,0.010348634609173568,ALP-GRN,OTH>IND>LNP>ON,0.6261153293415099,0.37388467065849007,OTH>IND>ON>GRN,0.6777862737538827,0.3222137262461174,OTH>IND>LNP>GRN,ON20,no_geography
Point Cook,Western Metro,ALP,ALP,ON,0.5140145487720674,0.4859854512279326,0.014014548772067426,ALP-ON,OTH>GRN>IND>LNP,0.5091861327942422,0.49081386720575776,OTH>GRN>IND>ON,0.5140145487720674,0.4859854512279326,OTH>GRN>IND>LNP,Western Metro,ALP,ALP,ON,0.5132288463862563,0.4867711536137437,0.013228846386256321,ALP-ON,OTH>GRN>IND>LNP,0.5256147059765484,0.4743852940234516,OTH>GRN>IND>ON,0.5132288463862563,0.4867711536137437,OTH>GRN>IND>LNP,ON20,no_geography
Polwarth,Western Victoria,LNP,LNP,GRN,0.6216441678223877,0.3783558321776122,0.12164416782238774,LNP-GRN,IND>OTH>ALP>ON,0.389982950394028,0.610017049605972,IND>OTH>GRN>ON,0.4155063467776776,0.5844936532223224,IND>OTH>GRN>LNP,Western Victoria,LNP,LNP,GRN,0.6503707721355864,0.3496292278644137,0.15037077213558636,LNP-GRN,IND>OTH>ALP>ON,0.37879594920330295,0.621204050796697,IND>OTH>GRN>ON,0.41135082030741416,0.5886491796925859,IND>OTH>GRN>LNP,ON20,no_geography
Prahran,Southern Metro,Greens,GRN,LNP,0.5413716785488856,0.4586283214511145,0.04137167854888557,GRN-LNP,IND>OTH>ON>ALP,0.5350459940263587,0.46495400597364134,IND>OTH>ON>GRN,0.6499978696730605,0.35000213032693955,IND>OTH>LNP>GRN,Southern Metro,Greens,GRN,LNP,0.5660240990617631,0.43397590093823685,0.0660240990617631,GRN-LNP,IND>OTH>ON>ALP,0.5743879960983143,0.42561200390168574,IND>OTH>ON>GRN,0.6939300332489841,0.306069966751016,IND>OTH>LNP>GRN,ON20,no_geography
Preston,Northern Metro,ALP,ALP,ON,0.6286300495651123,0.37136995043488785,0.12863004956511226,ALP-ON,OTH>LNP>IND>GRN,0.5876625990554072,0.4123374009445929,OTH>IND>GRN>ON,0.6286300495651123,0.37136995043488785,OTH>LNP>IND>GRN,Northern Metro,ALP,ALP,ON,0.6258769003809436,0.37412309961905643,0.12587690038094357,ALP-ON,OTH>LNP>IND>GRN,0.6084313732335326,0.3915686267664675,OTH>IND>GRN>ON,0.6258769003809436,0.37412309961905643,OTH>LNP>IND>GRN,ON20,no_geography
Richmond,Northern Metro,GRN,GRN,ALP,0.5972145799288346,0.40278542007116536,0.09721457992883464,GRN-ALP,IND>OTH>LNP>ON,0.6891628511955024,0.3108371488044977,IND>OTH>ON>GRN,0.7531749451166646,0.2468250548833354,IND>OTH>LNP>GRN,Northern Metro,GRN,GRN,ALP,0.5988469047865859,0.40115309521341413,0.09884690478658587,GRN-ALP,IND>OTH>LNP>ON,0.7389602592138836,0.26103974078611636,IND>OTH>ON>GRN,0.7809466330047606,0.2190533669952394,IND>OTH>LNP>GRN,ON20,no_geography
Ringwood,North-Eastern Metro,LNP,LNP,ALP,0.5141105676251772,0.4858894323748229,0.01411056762517715,LNP-ALP,IND>OTH>ON>GRN,0.4858894323748229,0.5141105676251772,IND>OTH>ON>GRN,0.5786294019412529,0.42137059805874716,IND>OTH>GRN>LNP,North-Eastern Metro,LNP,LNP,ALP,0.5039619041368127,0.4960380958631873,0.003961904136812744,LNP-ALP,IND>OTH>ON>GRN,0.4960380958631873,0.5039619041368127,IND>OTH>ON>GRN,0.5766413685646918,0.4233586314353082,IND>OTH>GRN>LNP,ON20,no_geography
Ripon,Western Victoria,ALP,ON,ALP,0.5950989650161695,0.4049010349838304,0.09509896501616955,ON-ALP,IND>GRN>OTH>LNP,0.44159669048083666,0.5584033095191633,IND>GRN>OTH>ON,0.4049010349838304,0.5950989650161695,IND>GRN>OTH>LNP,Western Victoria,ALP,ON,ALP,0.6025888960923486,0.39741110390765144,0.10258889609234856,ON-ALP,IND>GRN>OTH>LNP,0.4221812856060105,0.5778187143939896,IND>GRN>OTH>ON,0.39741110390765144,0.6025888960923486,IND>GRN>OTH>LNP,ON20,no_geography
Rowville,South-Eastern Metro,LNP,LNP,ALP,0.6169875065712662,0.3830124934287338,0.11698750657126622,LNP-ALP,OTH>GRN>IND>ON,0.3830124934287338,0.6169875065712662,OTH>GRN>IND>ON,0.5064992849102292,0.4935007150897708,OTH>GRN>IND>LNP,South-Eastern Metro,LNP,LNP,ALP,0.6049931725204024,0.39500682747959764,0.10499317252040241,LNP-ALP,OTH>GRN>IND>ON,0.39500682747959764,0.6049931725204024,OTH>GRN>IND>ON,0.5049607347847914,0.4950392652152085,OTH>GRN>IND>LNP,ON20,no_geography
Sandringham,Southern Metro,LNP,LNP,GRN,0.6379083343621338,0.36209166563786616,0.1379083343621338,LNP-GRN,OTH>IND>ON>ALP,0.3677916324225512,0.6322083675774488,OTH>IND>ON>GRN,0.5337714364302151,0.4662285635697849,OTH>IND>GRN>LNP,Southern Metro,LNP,LNP,GRN,0.6286338582652499,0.37136614173475013,0.12863385826524987,LNP-GRN,OTH>IND>ON>ALP,0.3804249656610193,0.6195750343389808,OTH>IND>ON>GRN,0.5313159270769477,0.46868407292305225,OTH>IND>GRN>LNP,ON20,no_geography
Shepparton,Northern Victoria,LNP,LNP,IND,0.5922716276015472,0.4077283723984528,0.09227162760154717,LNP-IND,ALP>OTH>GRN>ON,0.2639322556229784,0.7360677443770216,OTH>GRN>ON>IND,0.30011912770734245,0.6998808722926576,OTH>GRN>IND>LNP,Northern Victoria,LNP,LNP,IND,0.5904688094547942,0.4095311905452058,0.09046880945479419,LNP-IND,ALP>OTH>GRN>ON,0.24872816226252997,0.75127183773747,OTH>GRN>ON>IND,0.2835620637500306,0.7164379362499694,OTH>GRN>IND>LNP,ON20,no_geography
South Barwon,Western Victoria,ALP,LNP,ALP,0.5219889989679031,0.47801100103209687,0.021988998967903073,LNP-ALP,IND>OTH>GRN>ON,0.47801100103209687,0.5219889989679031,IND>OTH>GRN>ON,0.5141880430278936,0.48581195697210655,IND>OTH>GRN>LNP,Western Victoria,ALP,LNP,ALP,0.5306099406428907,0.46939005935710926,0.030609940642890687,LNP-ALP,IND>OTH>GRN>ON,0.46939005935710926,0.5306099406428907,IND>OTH>GRN>ON,0.5053367962715826,0.49466320372841754,IND>OTH>GRN>LNP,ON20,no_geography
South-West Coast,Western Victoria,LNP,LNP,IND,0.581596438315457,0.41840356168454296,0.08159643831545704,LNP-IND,OTH>GRN>ALP>ON,0.35193701566475544,0.6480629843352446,OTH>GRN>ON>IND,0.36634765670793695,0.6336523432920631,OTH>GRN>IND>LNP,Western Victoria,LNP,LNP,IND,0.5827934011013792,0.4172065988986208,0.08279340110137923,LNP-IND,OTH>GRN>ALP>ON,0.33083606613798394,0.6691639338620161,OTH>GRN>ON>IND,0.3452158417683216,0.6547841582316785,OTH>GRN>IND>LNP,ON20,no_geography
St Albans,Western Metro,ALP,ALP,ON,0.5642149186519774,0.43578508134802274,0.06421491865197737,ALP-ON,IND>GRN>OTH>LNP,0.5349157468323548,0.46508425316764535,IND>GRN>OTH>ON,0.5642149186519774,0.43578508134802274,IND>GRN>OTH>LNP,Western Metro,ALP,ALP,ON,0.5627488138958776,0.43725118610412234,0.06274881389587761,ALP-ON,IND>GRN>OTH>LNP,0.5505474335132743,0.44945256648672566,IND>GRN>OTH>ON,0.5627488138958776,0.43725118610412234,IND>GRN>OTH>LNP,ON20,no_geography
Sunbury,Western Metro,ALP,ON,ALP,0.5500574284926182,0.4499425715073818,0.05005742849261818,ON-ALP,IND>OTH>GRN>LNP,0.463541249195271,0.536458750804729,IND>OTH>GRN>ON,0.4499425715073818,0.5500574284926182,IND>OTH>GRN>LNP,Western Metro,ALP,ON,ALP,0.5572340300345805,0.44276596996541945,0.057234030034580496,ON-ALP,IND>OTH>GRN>LNP,0.4539695051194604,0.5460304948805396,IND>OTH>GRN>ON,0.44276596996541945,0.5572340300345805,IND>OTH>GRN>LNP,ON20,no_geography
Sydenham,Western Metro,ALP,ALP,ON,0.5182983850791458,0.4817016149208543,0.01829838507914583,ALP-ON,IND>GRN>OTH>LNP,0.5011361807377711,0.49886381926222895,IND>GRN>OTH>ON,0.5182983850791458,0.4817016149208543,IND>GRN>OTH>LNP,Western Metro,ALP,ALP,ON,0.5175764412652197,0.48242355873478027,0.017576441265219733,ALP-ON,IND>GRN>OTH>LNP,0.5159163034345157,0.4840836965654844,IND>GRN>OTH>ON,0.5175764412652197,0.48242355873478027,IND>GRN>OTH>LNP,ON20,no_geography
Tarneit,Western Metro,ALP,ALP,ON,0.5522431423690544,0.44775685763094564,0.05224314236905436,ALP-ON,IND>OTH>GRN>LNP,0.5336311928357705,0.46636880716422946,IND>OTH>GRN>ON,0.5522431423690544,0.44775685763094564,IND>OTH>GRN>LNP,Western Metro,ALP,ALP,ON,0.5517678840900354,0.4482321159099646,0.05176788409003541,ALP-ON,IND>OTH>GRN>LNP,0.5469834803147792,0.4530165196852208,IND>OTH>GRN>ON,0.5517678840900354,0.4482321159099646,IND>OTH>GRN>LNP,ON20,no_geography
Thomastown,Northern Metro,ALP,ALP,ON,0.580127141151308,0.4198728588486919,0.08012714115130803,ALP-ON,IND>GRN>OTH>LNP,0.5871091698847916,0.4128908301152084,IND>GRN>OTH>ON,0.580127141151308,0.4198728588486919,IND>GRN>OTH>LNP,Northern Metro,ALP,ALP,ON,0.5788685770706117,0.4211314229293883,0.07886857707061168,ALP-ON,IND>GRN>OTH>LNP,0.602133532594215,0.39786646740578496,IND>GRN>OTH>ON,0.5788685770706117,0.4211314229293883,IND>GRN>OTH>LNP,ON20,no_geography
Warrandyte,North-Eastern Metro,LNP,LNP,ALP,0.6307637243225672,0.3692362756774328,0.13076372432256722,LNP-ALP,IND>OTH>ON>GRN,0.3692362756774328,0.6307637243225672,IND>OTH>ON>GRN,0.5130832528946053,0.4869167471053947,IND>OTH>GRN>LNP,North-Eastern Metro,LNP,LNP,ALP,0.6263205766836175,0.3736794233163825,0.1263205766836175,LNP-ALP,IND>OTH>GRN>ON,0.3736794233163825,0.6263205766836175,IND>OTH>GRN>ON,0.511504022534718,0.48849597746528195,IND>OTH>GRN>LNP,ON20,no_geography
Wendouree,Western Victoria,ALP,ALP,LNP,0.5021342594116504,0.49786574058834976,0.002134259411650352,ALP-LNP,IND>OTH>GRN>ON,0.5021342594116504,0.49786574058834976,IND>OTH>GRN>ON,0.51739863008453,0.4826013699154699,IND>OTH>GRN>LNP,Western Victoria,ALP,LNP,ALP,0.50666105373118,0.49333894626882013,0.006661053731179978,LNP-ALP,IND>OTH>GRN>ON,0.49333894626882013,0.50666105373118,IND>OTH>GRN>ON,0.5096716381445459,0.49032836185545425,IND>OTH>GRN>LNP,ON20,no_geography
Werribee,Western Metro,ALP,ON,ALP,0.5233478139816047,0.4766521860183953,0.02334781398160468,ON-ALP,OTH>GRN>IND>LNP,0.5152276265839157,0.4847723734160843,OTH>GRN>IND>ON,0.4766521860183953,0.5233478139816047,OTH>GRN>IND>LNP,Western Metro,ALP,ON,ALP,0.5349051718806088,0.4650948281193912,0.03490517188060882,ON-ALP,OTH>GRN>IND>LNP,0.5024284544268077,0.4975715455731923,OTH>GRN>IND>ON,0.4650948281193912,0.5349051718806088,OTH>GRN>IND>LNP,ON20,no_geography
Williamstown,Western Metro,ALP,ALP,LNP,0.5444772606510078,0.45552273934899223,0.044477260651007766,ALP-LNP,IND>OTH>GRN>ON,0.5444772606510078,0.45552273934899223,IND>OTH>GRN>ON,0.6052952744194351,0.3947047255805649,IND>OTH>GRN>LNP,Western Metro,ALP,ALP,LNP,0.5796089056100518,0.42039109438994815,0.07960890561005185,ALP-LNP,IND>OTH>GRN>ON,0.5796089056100518,0.42039109438994815,IND>OTH>GRN>ON,0.6279907203326782,0.3720092796673218,IND>OTH>GRN>LNP,ON20,no_geography
Yan Yean,Northern Victoria,ALP,LNP,ALP,0.5151930434402878,0.48480695655971223,0.015193043440287823,LNP-ALP,IND>GRN>OTH>ON,0.48480695655971223,0.5151930434402878,IND>GRN>OTH>ON,0.4724835159052939,0.5275164840947061,IND>GRN>OTH>LNP,Northern Victoria,ALP,LNP,ALP,0.5254302034256915,0.47456979657430853,0.025430203425691467,LNP-ALP,IND>GRN>OTH>ON,0.47456979657430853,0.5254302034256915,IND>GRN>OTH>ON,0.4629909668489645,0.5370090331510355,IND>GRN>OTH>LNP,ON20,no_geography
Albert Park,Southern Metro,ALP,ALP,LNP,0.5683617570010345,0.4316382429989655,0.06836175700103453,ALP-LNP,OTH>IND>ON>GRN,0.5683617570010345,0.4316382429989655,OTH>IND>ON>GRN,0.6665045549970806,0.3334954450029194,OTH>IND>GRN>LNP,Southern Metro,ALP,ALP,LNP,0.5678570077837408,0.4321429922162591,0.06785700778374082,ALP-LNP,OTH>IND>ON>GRN,0.5678570077837408,0.4321429922162591,OTH>IND>ON>GRN,0.6643848564347868,0.3356151435652131,OTH>IND>GRN>LNP,ON20,no_constraints
Ashwood,Southern Metro,ALP,LNP,ALP,0.5129802688179168,0.48701973118208314,0.012980268817916807,LNP-ALP,OTH>IND>ON>GRN,0.48701973118208314,0.5129802688179168,OTH>IND>ON>GRN,0.6200377084171782,0.3799622915828218,OTH>IND>GRN>LNP,Southern Metro,ALP,LNP,ALP,0.5129802688179168,0.48701973118208314,0.012980268817916807,LNP-ALP,OTH>IND>ON>GRN,0.48701973118208314,0.5129802688179168,OTH>IND>ON>GRN,0.6200377084171782,0.3799622915828218,OTH>IND>GRN>LNP,ON20,no_constraints
Bass,Eastern Victoria,ALP,LNP,ON,0.5799826402662999,0.4200173597337002,0.07998264026629986,LNP-ON,OTH>IND>GRN>ALP,0.36902867630893565,0.6309713236910643,OTH>IND>GRN>ON,0.37655497222408335,0.6234450277759166,OTH>IND>GRN>LNP,Eastern Victoria,ALP,LNP,ON,0.5799826402662999,0.4200173597337002,0.07998264026629986,LNP-ON,OTH>IND>GRN>ALP,0.36902867630893565,0.6309713236910643,OTH>IND>GRN>ON,0.37655497222408335,0.6234450277759166,OTH>IND>GRN>LNP,ON20,no_constraints
Bayswater,North-Eastern Metro,ALP,LNP,ALP,0.5598518798767187,0.4401481201232813,0.059851879876718694,LNP-ALP,IND>OTH>GRN>ON,0.4401481201232813,0.5598518798767187,IND>OTH>GRN>ON,0.5182199399280819,0.48178006007191815,IND>OTH>GRN>LNP,North-Eastern Metro,ALP,LNP,ALP,0.5598518798767187,0.4401481201232813,0.059851879876718694,LNP-ALP,IND>OTH>GRN>ON,0.4401481201232813,0.5598518798767187,IND>OTH>GRN>ON,0.5182199399280819,0.48178006007191815,IND>OTH>GRN>LNP,ON20,no_constraints
Bellarine,Western Victoria,ALP,LNP,ALP,0.5079793633488386,0.4920206366511614,0.007979363348838642,LNP-ALP,OTH>IND>GRN>ON,0.4920206366511614,0.5079793633488386,OTH>IND>GRN>ON,0.5165267142947599,0.48347328570524,OTH>IND>GRN>LNP,Western Victoria,ALP,LNP,ALP,0.5079793633488386,0.4920206366511614,0.007979363348838642,LNP-ALP,OTH>IND>GRN>ON,0.4920206366511614,0.5079793633488386,OTH>IND>GRN>ON,0.5165267142947599,0.48347328570524,OTH>IND>GRN>LNP,ON20,no_constraints
Benambra,Northern Victoria,LNP,LNP,IND,0.5768156801118683,0.42318431988813165,0.07681568011186835,LNP-IND,ALP>OTH>GRN>ON,0.25018092941172604,0.7498190705882739,OTH>GRN>ON>IND,0.33772935667686954,0.6622706433231306,OTH>GRN>LNP>IND,Northern Victoria,LNP,LNP,IND,0.5768156801118683,0.42318431988813165,0.07681568011186835,LNP-IND,ALP>OTH>GRN>ON,0.25023414361737034,0.7497658563826297,OTH>GRN>ON>IND,0.3378351442942617,0.6621648557057384,OTH>GRN>LNP>IND,ON20,no_constraints
Bendigo East,Northern Victoria,ALP,ALP,LNP,0.5067785733352422,0.4932214266647578,0.006778573335242233,ALP-LNP,OTH>IND>GRN>ON,0.5067785733352422,0.4932214266647578,OTH>IND>GRN>ON,0.5438507591184627,0.45614924088153735,OTH>IND>GRN>LNP,Northern Victoria,ALP,ALP,LNP,0.5067785733352422,0.4932214266647578,0.006778573335242233,ALP-LNP,OTH>IND>GRN>ON,0.5067785733352422,0.4932214266647578,OTH>IND>GRN>ON,0.5438507591184627,0.45614924088153735,OTH>IND>GRN>LNP,ON20,no_constraints
Bendigo West,Northern Victoria,ALP,ALP,LNP,0.5452276312694577,0.4547723687305423,0.045227631269457724,ALP-LNP,IND>OTH>GRN>ON,0.5452276312694577,0.4547723687305423,IND>OTH>GRN>ON,0.5487479855049239,0.45125201449507624,IND>OTH>GRN>LNP,Northern Victoria,ALP,ALP,LNP,0.5452276312694577,0.4547723687305423,0.045227631269457724,ALP-LNP,IND>OTH>GRN>ON,0.5452276312694577,0.4547723687305423,IND>OTH>GRN>ON,0.5487479855049239,0.45125201449507624,IND>OTH>GRN>LNP,ON20,no_constraints
Bentleigh,Southern Metro,ALP,ALP,LNP,0.5086052350401955,0.49139476495980455,0.008605235040195502,ALP-LNP,OTH>IND>GRN>ON,0.5086052350401955,0.49139476495980455,OTH>IND>GRN>ON,0.6086383487360874,0.3913616512639126,OTH>IND>GRN>LNP,Southern Metro,ALP,ALP,LNP,0.5086052350401955,0.49139476495980455,0.008605235040195502,ALP-LNP,OTH>IND>GRN>ON,0.5086052350401955,0.49139476495980455,OTH>IND>GRN>ON,0.6086383487360874,0.3913616512639126,OTH>IND>GRN>LNP,ON20,no_constraints
Berwick,South-Eastern Metro,LNP,LNP,ALP,0.6461680657723776,0.35383193422762244,0.14616806577237762,LNP-ALP,IND>OTH>GRN>ON,0.35383193422762244,0.6461680657723776,IND>OTH>GRN>ON,0.40012667595388113,0.5998733240461189,IND>OTH>GRN>LNP,South-Eastern Metro,LNP,LNP,ALP,0.6461680657723776,0.35383193422762244,0.14616806577237762,LNP-ALP,IND>OTH>GRN>ON,0.35383193422762244,0.6461680657723776,IND>OTH>GRN>ON,0.40012667595388113,0.5998733240461189,IND>OTH>GRN>LNP,ON20,no_constraints
Box Hill,North-Eastern Metro,ALP,LNP,ALP,0.5002597855525803,0.49974021444741973,0.0002597855525803272,LNP-ALP,IND>OTH>ON>GRN,0.49974021444741973,0.5002597855525803,IND>OTH>ON>GRN,0.626760876138789,0.3732391238612111,IND>OTH>GRN>LNP,North-Eastern Metro,ALP,LNP,ALP,0.5002597855525803,0.49974021444741973,0.0002597855525803272,LNP-ALP,IND>OTH>ON>GRN,0.49974021444741973,0.5002597855525803,IND>OTH>ON>GRN,0.626760876138789,0.3732391238612111,IND>OTH>GRN>LNP,ON20,no_constraints
Brighton,Southern Metro,LNP,LNP,GRN,0.589999127513347,0.4100008724866529,0.08999912751334704,LNP-GRN,OTH>IND>ON>ALP,0.40513679963541244,0.5948632003645876,OTH>IND>ON>GRN,0.6040131972718383,0.3959868027281618,OTH>IND>GRN>LNP,Southern Metro,LNP,LNP,GRN,0.589999127513347,0.4100008724866529,0.08999912751334704,LNP-GRN,OTH>IND>ON>ALP,0.40513679963541244,0.5948632003645876,OTH>IND>ON>GRN,0.6027542704687683,0.3972457295312318,OTH>IND>GRN>LNP,ON20,no_constraints
Broadmeadows,Northern Metro,ALP,ALP,ON,0.567364158297876,0.43263584170212394,0.06736415829787601,ALP-ON,IND>GRN>OTH>LNP,0.5978002944302497,0.4021997055697504,IND>GRN>OTH>ON,0.567364158297876,0.43263584170212394,IND>GRN>OTH>LNP,Northern Metro,ALP,ALP,ON,0.567364158297876,0.43263584170212394,0.06736415829787601,ALP-ON,IND>GRN>OTH>LNP,0.5978002944302497,0.4021997055697504,IND>GRN>OTH>ON,0.567364158297876,0.43263584170212394,IND>GRN>OTH>LNP,ON20,no_constraints
Brunswick,Northern Metro,GRN,GRN,ALP,0.6616694382459883,0.33833056175401177,0.16166943824598834,GRN-ALP,IND>LNP>OTH>ON,0.7776764749274601,0.2223235250725398,IND>OTH>ON>GRN,0.771725070871722,0.22827492912827801,IND>LNP>OTH>GRN,Northern Metro,GRN,GRN,ALP,0.6616694382459883,0.33833056175401177,0.16166943824598834,GRN-ALP,IND>LNP>OTH>ON,0.7768400334918242,0.22315996650817588,IND>OTH>ON>GRN,0.771725070871722,0.22827492912827801,IND>LNP>OTH>GRN,ON20,no_constraints
Bulleen,North-Eastern Metro,LNP,LNP,ALP,0.6284971805051333,0.3715028194948668,0.12849718050513326,LNP-ALP,OTH>IND>ON>GRN,0.3715028194948668,0.6284971805051333,OTH>IND>ON>GRN,0.5540150165378518,0.4459849834621483,OTH>IND>GRN>LNP,North-Eastern Metro,LNP,LNP,ALP,0.6284971805051333,0.3715028194948668,0.12849718050513326,LNP-ALP,OTH>IND>ON>GRN,0.3715028194948668,0.6284971805051333,OTH>IND>ON>GRN,0.5540150165378518,0.4459849834621483,OTH>IND>GRN>LNP,ON20,no_constraints
Bundoora,North-Eastern Metro,ALP,ALP,LNP,0.5598975813801,0.44010241861989996,0.05989758138010004,ALP-LNP,IND>OTH>GRN>ON,0.5598975813801,0.44010241861989996,IND>OTH>GRN>ON,0.6314331035502508,0.3685668964497492,IND>OTH>GRN>LNP,North-Eastern Metro,ALP,ALP,LNP,0.5598975813801,0.44010241861989996,0.05989758138010004,ALP-LNP,IND>OTH>GRN>ON,0.5598975813801,0.44010241861989996,IND>OTH>GRN>ON,0.6314331035502508,0.3685668964497492,IND>OTH>GRN>LNP,ON20,no_constraints
Carrum,South-Eastern Metro,ALP,LNP,ALP,0.5176413374930043,0.4823586625069958,0.01764133749300434,LNP-ALP,IND>OTH>GRN>ON,0.4823586625069958,0.5176413374930043,IND>OTH>GRN>ON,0.48320349461416956,0.5167965053858304,IND>OTH>GRN>LNP,South-Eastern Metro,ALP,LNP,ALP,0.5176413374930043,0.4823586625069958,0.01764133749300434,LNP-ALP,IND>OTH>GRN>ON,0.4823586625069958,0.5176413374930043,IND>OTH>GRN>ON,0.48320349461416956,0.5167965053858304,IND>OTH>GRN>LNP,ON20,no_constraints
Caulfield,Southern Metro,LNP,LNP,GRN,0.5830717801973849,0.416928219802615,0.08307178019738493,LNP-GRN,OTH>IND>ON>ALP,0.4253084714218272,0.5746915285781727,OTH>IND>ON>GRN,0.6172706424526544,0.3827293575473457,OTH>IND>GRN>LNP,Southern Metro,LNP,LNP,GRN,0.5830717801973849,0.416928219802615,0.08307178019738493,LNP-GRN,OTH>IND>ON>ALP,0.42497480422066336,0.5750251957793368,OTH>IND>ON>GRN,0.6154927457276478,0.38450725427235233,OTH>IND>GRN>LNP,ON20,no_constraints
Clarinda,South-Eastern Metro,ALP,ALP,LNP,0.540882837209962,0.459117162790038,0.040882837209962,ALP-LNP,OTH>IND>GRN>ON,0.540882837209962,0.459117162790038,OTH>IND>GRN>ON,0.5916739796427526,0.40832602035724747,OTH>IND>GRN>LNP,South-Eastern Metro,ALP,ALP,LNP,0.5408534461076847,0.45914655389231523,0.04085344610768471,ALP-LNP,OTH>IND>GRN>ON,0.5408534461076847,0.45914655389231523,OTH>IND>GRN>ON,0.5916332615663943,0.4083667384336057,OTH>IND>GRN>LNP,ON20,no_constraints
Cranbourne,South-Eastern Metro,ALP,ON,ALP,0.5048350518098603,0.49516494819013973,0.004835051809860325,ON-ALP,IND>GRN>OTH>LNP,0.5057558313013193,0.49424416869868065,IND>GRN>OTH>ON,0.49516494819013973,0.5048350518098603,IND>GRN>OTH>LNP,South-Eastern Metro,ALP,ON,ALP,0.5049169692408981,0.49508303075910187,0.004916969240898128,ON-ALP,IND>GRN>OTH>LNP,0.5057009518807695,0.4942990481192306,IND>GRN>OTH>ON,0.49508303075910187,0.5049169692408981,IND>GRN>OTH>LNP,ON20,no_constraints
Croydon,North-Eastern Metro,LNP,LNP,ALP,0.5979218284281275,0.4020781715718726,0.09792182842812747,LNP-ALP,IND>OTH>GRN>ON,0.4020781715718726,0.5979218284281275,IND>OTH>GRN>ON,0.5006096222757165,0.4993903777242835,IND>OTH>GRN>LNP,North-Eastern Metro,LNP,LNP,ALP,0.5979218284281275,0.4020781715718726,0.09792182842812747,LNP-ALP,IND>OTH>GRN>ON,0.4020781715718726,0.5979218284281275,IND>OTH>GRN>ON,0.5006096222757165,0.4993903777242835,IND>OTH>GRN>LNP,ON20,no_constraints
Dandenong,South-Eastern Metro,ALP,ALP,ON,0.6053050425192082,0.39469495748079175,0.10530504251920825,ALP-ON,IND>OTH>GRN>LNP,0.6164402081852475,0.3835597918147525,IND>OTH>GRN>ON,0.6053050425192082,0.39469495748079175,IND>OTH>GRN>LNP,South-Eastern Metro,ALP,ALP,ON,0.6050497856184818,0.3949502143815182,0.10504978561848177,ALP-ON,IND>OTH>GRN>LNP,0.6162821205195709,0.3837178794804291,IND>OTH>GRN>ON,0.6050497856184818,0.3949502143815182,IND>OTH>GRN>LNP,ON20,no_constraints
Eildon,Northern Victoria,LNP,LNP,ON,0.618146030413553,0.3818539695864471,0.11814603041355298,LNP-ON,IND>OTH>GRN>ALP,0.3370070834453483,0.6629929165546518,IND>OTH>GRN>ON,0.3635109724273579,0.6364890275726421,IND>OTH>GRN>LNP,Northern Victoria,LNP,LNP,ON,0.618146030413553,0.3818539695864471,0.11814603041355298,LNP-ON,IND>OTH>GRN>ALP,0.3370070834453483,0.6629929165546518,IND>OTH>GRN>ON,0.3635109724273579,0.6364890275726421,IND>OTH>GRN>LNP,ON20,no_constraints
Eltham,North-Eastern Metro,ALP,ALP,LNP,0.5113473851739027,0.4886526148260974,0.011347385173902658,ALP-LNP,IND>OTH>GRN>ON,0.5113473851739027,0.4886526148260974,IND>OTH>GRN>ON,0.5812460449787107,0.41875395502128937,IND>OTH>GRN>LNP,North-Eastern Metro,ALP,ALP,LNP,0.5112593818334205,0.4887406181665796,0.011259381833420457,ALP-LNP,IND>OTH>GRN>ON,0.5112593818334205,0.4887406181665796,IND>OTH>GRN>ON,0.5811298352002644,0.41887016479973566,IND>OTH>GRN>LNP,ON20,no_constraints
Essendon,Northern Metro,ALP,ALP,LNP,0.52472391751441,0.47527608248558995,0.024723917514410054,ALP-LNP,IND>OTH>GRN>ON,0.52472391751441,0.47527608248558995,IND>OTH>GRN>ON,0.5699267549040431,0.43007324509595696,IND>OTH>GRN>LNP,Northern Metro,ALP,ALP,LNP,0.52472391751441,0.47527608248558995,0.024723917514410054,ALP-LNP,IND>OTH>GRN>ON,0.52472391751441,0.47527608248558995,IND>OTH>GRN>ON,0.5699267549040431,0.43007324509595696,IND>OTH>GRN>LNP,ON20,no_constraints
Eureka,Western Victoria,ALP,ON,ALP,0.5723851592248177,0.4276148407751823,0.0723851592248177,ON-ALP,IND>OTH>GRN>LNP,0.4516360385832864,0.5483639614167136,IND>OTH>GRN>ON,0.4276148407751823,0.5723851592248177,IND>OTH>GRN>LNP,Western Victoria,ALP,ON,ALP,0.5723851592248177,0.4276148407751823,0.0723851592248177,ON-ALP,IND>OTH>GRN>LNP,0.4516360385832864,0.5483639614167136,IND>OTH>GRN>ON,0.4276148407751823,0.5723851592248177,IND>OTH>GRN>LNP,ON20,no_constraints
Euroa,Northern Victoria,LNP,LNP,ON,0.613529337278464,0.3864706627215359,0.11352933727846404,LNP-ON,IND>OTH>GRN>ALP,0.29955995231850086,0.7004400476814993,IND>OTH>GRN>ON,0.33330718186379715,0.6666928181362028,IND>OTH>GRN>LNP,Northern Victoria,LNP,LNP,ON,0.613529337278464,0.3864706627215359,0.11352933727846404,LNP-ON,IND>OTH>GRN>ALP,0.29955995231850086,0.7004400476814993,IND>OTH>GRN>ON,0.33330718186379715,0.6666928181362028,IND>OTH>GRN>LNP,ON20,no_constraints
Evelyn,Eastern Victoria,LNP,LNP,ALP,0.6508103670914623,0.3491896329085376,0.15081036709146234,LNP-ALP,IND>OTH>GRN>ON,0.3491896329085376,0.6508103670914623,IND>OTH>GRN>ON,0.40160232006071483,0.5983976799392852,IND>OTH>GRN>LNP,Eastern Victoria,LNP,LNP,ALP,0.6508103670914623,0.3491896329085376,0.15081036709146234,LNP-ALP,IND>OTH>GRN>ON,0.3491896329085376,0.6508103670914623,IND>OTH>GRN>ON,0.40160232006071483,0.5983976799392852,IND>OTH>GRN>LNP,ON20,no_constraints
Footscray,Western Metro,ALP,ALP,GRN,0.524113988027124,0.47588601197287606,0.024113988027123945,ALP-GRN,IND>OTH>LNP>ON,0.6895625577431638,0.3104374422568363,IND>OTH>ON>GRN,0.7537903199763639,0.24620968002363613,IND>OTH>LNP>GRN,Western Metro,ALP,ALP,GRN,0.524113988027124,0.47588601197287606,0.024113988027123945,ALP-GRN,IND>OTH>LNP>ON,0.689214894507803,0.310785105492197,IND>OTH>ON>GRN,0.7537903199763639,0.24620968002363613,IND>OTH>LNP>GRN,ON20,no_constraints
Frankston,South-Eastern Metro,ALP,ALP,LNP,0.5050559374704963,0.4949440625295038,0.005055937470496263,ALP-LNP,IND>OTH>GRN>ON,0.5050559374704963,0.4949440625295038,IND>OTH>GRN>ON,0.5223206842429411,0.47767931575705896,IND>OTH>GRN>LNP,South-Eastern Metro,ALP,ALP,LNP,0.5050559374704963,0.4949440625295038,0.005055937470496263,ALP-LNP,IND>OTH>GRN>ON,0.5050559374704963,0.4949440625295038,IND>OTH>GRN>ON,0.5223206842429411,0.47767931575705896,IND>OTH>GRN>LNP,ON20,no_constraints
Geelong,Western Victoria,ALP,ON,ALP,0.5038461842561889,0.4961538157438112,0.003846184256188878,ON-ALP,OTH>IND>GRN>LNP,0.5089691605453456,0.4910308394546544,OTH>IND>GRN>ON,0.4961538157438112,0.5038461842561889,OTH>IND>GRN>LNP,Western Victoria,ALP,ON,ALP,0.5038461842561889,0.4961538157438112,0.003846184256188878,ON-ALP,OTH>IND>GRN>LNP,0.5089691605453456,0.4910308394546544,OTH>IND>GRN>ON,0.4961538157438112,0.5038461842561889,OTH>IND>GRN>LNP,ON20,no_constraints
Gippsland East,Eastern Victoria,LNP,LNP,ON,0.6196287299268712,0.3803712700731289,0.11962872992687124,LNP-ON,IND>ALP>OTH>GRN,0.19773754296552068,0.8022624570344794,IND>OTH>GRN>ON,0.23363193593440876,0.7663680640655911,IND>OTH>GRN>LNP,Eastern Victoria,LNP,LNP,ON,0.6196287299268712,0.3803712700731289,0.11962872992687124,LNP-ON,IND>ALP>OTH>GRN,0.19773754296552068,0.8022624570344794,IND>OTH>GRN>ON,0.23363193593440876,0.7663680640655911,IND>OTH>GRN>LNP,ON20,no_constraints
Gippsland South,Eastern Victoria,LNP,LNP,ON,0.6095430358229664,0.3904569641770336,0.10954303582296643,LNP-ON,OTH>IND>GRN>ALP,0.24928685152312705,0.750713148476873,OTH>IND>GRN>ON,0.28232039616716476,0.7176796038328352,OTH>IND>GRN>LNP,Eastern Victoria,LNP,LNP,ON,0.6095432408143006,0.3904567591856995,0.10954324081430056,LNP-ON,OTH>IND>GRN>ALP,0.24928703694011617,0.7507129630598838,OTH>IND>GRN>ON,0.28232072418051923,0.7176792758194808,OTH>IND>GRN>LNP,ON20,no_constraints
Glen Waverley,North-Eastern Metro,ALP,LNP,ALP,0.5419493187226015,0.45805068127739845,0.04194931872260155,LNP-ALP,IND>OTH>ON>GRN,0.45805068127739845,0.5419493187226015,IND>OTH>ON>GRN,0.6029543047272573,0.39704569527274275,IND>OTH>GRN>LNP,North-Eastern Metro,ALP,LNP,ALP,0.5419493187226015,0.45805068127739845,0.04194931872260155,LNP-ALP,IND>OTH>ON>GRN,0.45805068127739845,0.5419493187226015,IND>OTH>ON>GRN,0.6029543047272573,0.39704569527274275,IND>OTH>GRN>LNP,ON20,no_constraints
Greenvale,Northern Metro,ALP,ALP,LNP,0.5641603119336503,0.4358396880663496,0.06416031193365035,ALP-LNP,IND>GRN>OTH>ON,0.5641603119336503,0.4358396880663496,IND>GRN>OTH>ON,0.5665355534434041,0.43346444655659583,IND>GRN>OTH>LNP,Northern Metro,ALP,ALP,LNP,0.5640419152872127,0.43595808471278735,0.0640419152872127,ALP-LNP,IND>GRN>OTH>ON,0.5640419152872127,0.43595808471278735,IND>GRN>OTH>ON,0.5663103876708127,0.4336896123291873,IND>GRN>OTH>LNP,ON20,no_constraints
Hastings,Eastern Victoria,ALP,LNP,ALP,0.5969726069901035,0.4030273930098965,0.09697260699010346,LNP-ALP,IND>OTH>GRN>ON,0.4030273930098965,0.5969726069901035,IND>OTH>GRN>ON,0.41215811219782517,0.5878418878021748,IND>OTH>GRN>LNP,Eastern Victoria,ALP,LNP,ALP,0.5969726069901035,0.4030273930098965,0.09697260699010346,LNP-ALP,IND>OTH>GRN>ON,0.4030273930098965,0.5969726069901035,IND>OTH>GRN>ON,0.41215811219782517,0.5878418878021748,IND>OTH>GRN>LNP,ON20,no_constraints
Hawthorn,Southern Metro,LNP,LNP,GRN,0.6339273016841828,0.3660726983158173,0.13392730168418276,LNP-GRN,OTH>ON>ALP>IND,0.44877048007993636,0.5512295199200636,OTH>ON>GRN>IND,0.6600989074600854,0.33990109253991463,OTH>GRN>IND>LNP,Southern Metro,LNP,LNP,GRN,0.6339273016841828,0.3660726983158173,0.13392730168418276,LNP-GRN,OTH>ON>ALP>IND,0.44866546603242113,0.5513345339675788,OTH>ON>GRN>IND,0.6586643437804021,0.34133565621959794,OTH>GRN>IND>LNP,ON20,no_constraints
Ivanhoe,North-Eastern Metro,ALP,ALP,LNP,0.5566025002052869,0.44339749979471316,0.0566025002052869,ALP-LNP,OTH>IND>ON>GRN,0.5566025002052869,0.44339749979471316,OTH>IND>ON>GRN,0.6342856586414324,0.3657143413585676,OTH>IND>GRN>LNP,North-Eastern Metro,ALP,ALP,LNP,0.5566025002052869,0.44339749979471316,0.0566025002052869,ALP-LNP,OTH>IND>ON>GRN,0.5566025002052869,0.44339749979471316,OTH>IND>ON>GRN,0.6340804333209078,0.36591956667909226,OTH>IND>GRN>LNP,ON20,no_constraints
Kalkallo,Northern Metro,ALP,ALP,ON,0.5505745377232301,0.44942546227677005,0.05057453772323006,ALP-ON,IND>GRN>OTH>LNP,0.5727045021400083,0.42729549785999177,IND>GRN>OTH>ON,0.5505745377232301,0.44942546227677005,IND>GRN>OTH>LNP,Northern Metro,ALP,ALP,ON,0.5505745377232301,0.44942546227677005,0.05057453772323006,ALP-ON,IND>GRN>OTH>LNP,0.5727045021400083,0.42729549785999177,IND>GRN>OTH>ON,0.5505745377232301,0.44942546227677005,IND>GRN>OTH>LNP,ON20,no_constraints
Kew,Southern Metro,LNP,LNP,IND,0.6127181211124612,0.3872818788875389,0.11271812111246116,LNP-IND,OTH>ON>ALP>GRN,0.4104045429380539,0.5895954570619462,OTH>ON>GRN>IND,0.6418461439878489,0.3581538560121512,OTH>GRN>IND>LNP,Southern Metro,LNP,LNP,IND,0.6127511846901507,0.3872488153098494,0.11275118469015066,LNP-IND,OTH>ON>ALP>GRN,0.410328173863659,0.5896718261363411,OTH>ON>GRN>IND,0.6407552660078356,0.3592447339921645,OTH>GRN>IND>LNP,ON20,no_constraints
Kororoit,Western Metro,ALP,ALP,ON,0.5612452781425149,0.43875472185748515,0.0612452781425149,ALP-ON,IND>GRN>OTH>LNP,0.582795032915547,0.4172049670844531,IND>GRN>OTH>ON,0.5612452781425149,0.43875472185748515,IND>GRN>OTH>LNP,Western Metro,ALP,ALP,ON,0.5611155345740948,0.4388844654259053,0.0611155345740948,ALP-ON,IND>GRN>OTH>LNP,0.5827074092985095,0.4172925907014906,IND>GRN>OTH>ON,0.5611155345740948,0.4388844654259053,IND>GRN>OTH>LNP,ON20,no_constraints
Lara,Western Victoria,ALP,ON,ALP,0.5244276229337613,0.4755723770662387,0.024427622933761328,ON-ALP,IND>OTH>GRN>LNP,0.5233966263591768,0.4766033736408232,IND>OTH>GRN>ON,0.4755723770662387,0.5244276229337613,IND>OTH>GRN>LNP,Western Victoria,ALP,ON,ALP,0.5244276229337613,0.4755723770662387,0.024427622933761328,ON-ALP,IND>OTH>GRN>LNP,0.5233966263591768,0.4766033736408232,IND>OTH>GRN>ON,0.4755723770662387,0.5244276229337613,IND>OTH>GRN>LNP,ON20,no_constraints
Laverton,Western Metro,ALP,ALP,ON,0.5919186783074779,0.40808132169252215,0.09191867830747791,ALP-ON,IND>GRN>OTH>LNP,0.6000429275604848,0.39995707243951517,IND>GRN>OTH>ON,0.5919186783074779,0.40808132169252215,IND>GRN>OTH>LNP,Western Metro,ALP,ALP,ON,0.5919186783074779,0.40808132169252215,0.09191867830747791,ALP-ON,IND>GRN>OTH>LNP,0.6000429275604848,0.39995707243951517,IND>GRN>OTH>ON,0.5919186783074779,0.40808132169252215,IND>GRN>OTH>LNP,ON20,no_constraints
Lowan,Western Victoria,LNP,LNP,ON,0.6503641017345501,0.3496358982654499,0.15036410173455006,LNP-ON,IND>OTH>ALP>GRN,0.2082548794294279,0.7917451205705721,IND>OTH>GRN>ON,0.25502327576540323,0.7449767242345967,IND>OTH>GRN>LNP,Western Victoria,LNP,LNP,ON,0.6503641017345501,0.3496358982654499,0.15036410173455006,LNP-ON,IND>OTH>ALP>GRN,0.2082548794294279,0.7917451205705721,IND>OTH>GRN>ON,0.25502327576540323,0.7449767242345967,IND>OTH>GRN>LNP,ON20,no_constraints
Macedon,Northern Victoria,ALP,LNP,ALP,0.5168333542487898,0.4831666457512101,0.016833354248789845,LNP-ALP,OTH>IND>GRN>ON,0.4831666457512101,0.5168333542487898,OTH>IND>GRN>ON,0.47607479196221436,0.5239252080377858,OTH>IND>GRN>LNP,Northern Victoria,ALP,LNP,ALP,0.5168333542487898,0.4831666457512101,0.016833354248789845,LNP-ALP,OTH>IND>GRN>ON,0.4831666457512101,0.5168333542487898,OTH>IND>GRN>ON,0.47607479196221436,0.5239252080377858,OTH>IND>GRN>LNP,ON20,no_constraints
Malvern,Southern Metro,LNP,LNP,GRN,0.6397324324694185,0.36026756753058153,0.13973243246941847,LNP-GRN,IND>OTH>ON>ALP,0.36621413289798116,0.6337858671020188,IND>OTH>ON>GRN,0.606451651310837,0.393548348689163,IND>OTH>GRN>LNP,Southern Metro,LNP,LNP,GRN,0.6397324324694185,0.36026756753058153,0.13973243246941847,LNP-GRN,IND>OTH>ON>ALP,0.36601179573007053,0.6339882042699294,IND>OTH>ON>GRN,0.6047629275616517,0.39523707243834827,IND>OTH>GRN>LNP,ON20,no_constraints
Melbourne,Northern Metro,GRN,GRN,ALP,0.6373619180007115,0.36263808199928854,0.1373619180007115,GRN-ALP,IND>OTH>LNP>ON,0.7054517990225576,0.2945482009774424,IND>OTH>ON>GRN,0.7692645418025564,0.23073545819744357,IND>OTH>LNP>GRN,Northern Metro,GRN,GRN,ALP,0.6373556455354584,0.36264435446454163,0.13735564553545843,GRN-ALP,IND>OTH>LNP>ON,0.7048377092944188,0.2951622907055812,IND>OTH>ON>GRN,0.7692658858842538,0.23073411411574624,IND>OTH>LNP>GRN,ON20,no_constraints
Melton,Western Victoria,ALP,ON,IND,0.5467589542160335,0.45324104578396646,0.04675895421603349,ON-IND,GRN>OTH>LNP>ALP,0.4304497802585806,0.5695502197414194,GRN>OTH>IND>ON,0.44857827443554443,0.5514217255644556,GRN>OTH>LNP>IND,Western Victoria,ALP,ON,IND,0.5467589542160335,0.45324104578396646,0.04675895421603349,ON-IND,GRN>OTH>LNP>ALP,0.4304497802585806,0.5695502197414194,GRN>OTH>IND>ON,0.44857827443554443,0.5514217255644556,GRN>OTH>LNP>IND,ON20,no_constraints
Mildura,Northern Victoria,LNP,LNP,IND,0.5371470058506205,0.4628529941493796,0.037147005850620474,LNP-IND,OTH>ALP>GRN>ON,0.2669066998836422,0.7330933001163578,OTH>GRN>ON>IND,0.35129982697197,0.6487001730280301,OTH>GRN>LNP>IND,Northern Victoria,LNP,LNP,IND,0.5371470058506205,0.4628529941493796,0.037147005850620474,LNP-IND,OTH>ALP>GRN>ON,0.2668942651476927,0.7331057348523072,OTH>GRN>ON>IND,0.3513014036593061,0.6486985963406939,OTH>GRN>LNP>IND,ON20,no_constraints
Mill Park,North-Eastern Metro,ALP,ALP,ON,0.5449394768098885,0.45506052319011153,0.04493947680988852,ALP-ON,IND>GRN>OTH>LNP,0.5578296335966823,0.4421703664033178,IND>GRN>OTH>ON,0.5449394768098885,0.45506052319011153,IND>GRN>OTH>LNP,North-Eastern Metro,ALP,ALP,ON,0.5448940917758343,0.4551059082241658,0.044894091775834255,ALP-ON,IND>GRN>OTH>LNP,0.5577988938170404,0.44220110618295955,IND>GRN>OTH>ON,0.5448940917758343,0.4551059082241658,IND>GRN>OTH>LNP,ON20,no_constraints
Monbulk,Eastern Victoria,ALP,LNP,ALP,0.5405205531709534,0.45947944682904657,0.04052055317095338,LNP-ALP,OTH>IND>GRN>ON,0.45947944682904657,0.5405205531709534,OTH>IND>GRN>ON,0.4560032559939396,0.5439967440060604,OTH>IND>GRN>LNP,Eastern Victoria,ALP,LNP,ALP,0.5405205531709534,0.45947944682904657,0.04052055317095338,LNP-ALP,OTH>IND>GRN>ON,0.45947944682904657,0.5405205531709534,OTH>IND>GRN>ON,0.4560032559939396,0.5439967440060604,OTH>IND>GRN>LNP,ON20,no_constraints
Mordialloc,South-Eastern Metro,ALP,ALP,LNP,0.5074135317375673,0.49258646826243263,0.007413531737567314,ALP-LNP,OTH>IND>GRN>ON,0.5074135317375673,0.49258646826243263,OTH>IND>GRN>ON,0.5800067146345991,0.41999328536540104,OTH>IND>GRN>LNP,South-Eastern Metro,ALP,ALP,LNP,0.5074135317375673,0.49258646826243263,0.007413531737567314,ALP-LNP,OTH>IND>GRN>ON,0.5074135317375673,0.49258646826243263,OTH>IND>GRN>ON,0.5800067146345991,0.41999328536540104,OTH>IND>GRN>LNP,ON20,no_constraints
Mornington,Eastern Victoria,LNP,LNP,IND,0.6167543127396109,0.38324568726038916,0.1167543127396109,LNP-IND,OTH>GRN>ALP>ON,0.316594824166064,0.683405175833936,OTH>GRN>ON>IND,0.3598300296593449,0.6401699703406551,OTH>GRN>IND>LNP,Eastern Victoria,LNP,LNP,IND,0.6167543127396109,0.38324568726038916,0.1167543127396109,LNP-IND,OTH>GRN>ALP>ON,0.316594824166064,0.683405175833936,OTH>GRN>ON>IND,0.3598300296593449,0.6401699703406551,OTH>GRN>IND>LNP,ON20,no_constraints
Morwell,Eastern Victoria,LNP,LNP,ON,0.5035253548614784,0.49647464513852163,0.0035253548614784247,LNP-ON,GRN>OTH>IND>ALP,0.36788245551892224,0.6321175444810777,GRN>OTH>IND>ON,0.3482864801996705,0.6517135198003294,GRN>OTH>IND>LNP,Eastern Victoria,LNP,LNP,ON,0.5035253548614784,0.49647464513852163,0.0035253548614784247,LNP-ON,GRN>OTH>IND>ALP,0.36788245551892224,0.6321175444810777,GRN>OTH>IND>ON,0.3482864801996705,0.6517135198003294,GRN>OTH>IND>LNP,ON20,no_constraints
Mulgrave,South-Eastern Metro,ALP,ALP,ON,0.7020918849372006,0.2979081150627993,0.20209188493720065,ALP-ON,OTH>GRN>LNP>IND,0.6071703452649845,0.3928296547350156,OTH>GRN>IND>ON,0.7020918849372006,0.2979081150627993,OTH>GRN>LNP>IND,South-Eastern Metro,ALP,ALP,ON,0.7020918849372006,0.2979081150627993,0.20209188493720065,ALP-ON,OTH>GRN>LNP>IND,0.6071703452649845,0.3928296547350156,OTH>GRN>IND>ON,0.7020918849372006,0.2979081150627993,OTH>GRN>LNP>IND,ON20,no_constraints
Murray Plains,Northern Victoria,LNP,LNP,ON,0.6120693208383282,0.38793067916167184,0.11206932083832821,LNP-ON,IND>ALP>GRN>OTH,0.17928935594577156,0.8207106440542284,IND>GRN>OTH>ON,0.21170275371240022,0.7882972462875998,IND>GRN>OTH>LNP,Northern Victoria,LNP,LNP,ON,0.6120693208383282,0.38793067916167184,0.11206932083832821,LNP-ON,IND>ALP>GRN>OTH,0.17928935594577156,0.8207106440542284,IND>GRN>OTH>ON,0.21170275371240022,0.7882972462875998,IND>GRN>OTH>LNP,ON20,no_constraints
Narracan,Eastern Victoria,LNP,LNP,ON,0.6416777925525248,0.35832220744747517,0.14167779255252477,LNP-ON,OTH>IND>ALP>GRN,0.3630010003421699,0.63699899965783,OTH>IND>GRN>ON,0.39162139750465613,0.6083786024953438,OTH>IND>GRN>LNP,Eastern Victoria,LNP,LNP,ON,0.6416777925525248,0.35832220744747517,0.14167779255252477,LNP-ON,OTH>IND>ALP>GRN,0.3622200117915976,0.6377799882084024,OTH>IND>GRN>ON,0.39035551835197274,0.6096444816480272,OTH>IND>GRN>LNP,ON20,no_constraints
Narre Warren North,South-Eastern Metro,ALP,ALP,ON,0.5137861473458978,0.4862138526541022,0.013786147345897781,ALP-ON,IND>GRN>OTH>LNP,0.5171059919104938,0.4828940080895062,IND>GRN>OTH>ON,0.5137861473458978,0.4862138526541022,IND>GRN>OTH>LNP,South-Eastern Metro,ALP,ALP,ON,0.5137861473458978,0.4862138526541022,0.013786147345897781,ALP-ON,IND>GRN>OTH>LNP,0.5171059919104938,0.4828940080895062,IND>GRN>OTH>ON,0.5137861473458978,0.4862138526541022,IND>GRN>OTH>LNP,ON20,no_constraints
Narre Warren South,South-Eastern Metro,ALP,ALP,ON,0.521958571715057,0.47804142828494295,0.021958571715056996,ALP-ON,IND>GRN>OTH>LNP,0.5173603964159261,0.4826396035840738,IND>GRN>OTH>ON,0.521958571715057,0.47804142828494295,IND>GRN>OTH>LNP,South-Eastern Metro,ALP,ALP,ON,0.5219007752467475,0.47809922475325256,0.021900775246747495,ALP-ON,IND>GRN>OTH>LNP,0.5173210133068477,0.48267898669315235,IND>GRN>OTH>ON,0.5219007752467475,0.47809922475325256,IND>GRN>OTH>LNP,ON20,no_constraints
Nepean,Eastern Victoria,LNP,LNP,ALP,0.6587180605169725,0.3412819394830276,0.15871806051697246,LNP-ALP,OTH>IND>GRN>ON,0.3412819394830276,0.6587180605169725,OTH>IND>GRN>ON,0.3938965938389764,0.6061034061610237,OTH>IND>GRN>LNP,Eastern Victoria,LNP,LNP,ALP,0.6587180605169725,0.3412819394830276,0.15871806051697246,LNP-ALP,OTH>IND>GRN>ON,0.3412819394830276,0.6587180605169725,OTH>IND>GRN>ON,0.3938965938389764,0.6061034061610237,OTH>IND>GRN>LNP,ON20,no_constraints
Niddrie,Western Metro,ALP,LNP,ALP,0.5213594039507781,0.47864059604922193,0.021359403950778066,LNP-ALP,IND>OTH>GRN>ON,0.47864059604922193,0.5213594039507781,IND>OTH>GRN>ON,0.5316448011667306,0.46835519883326937,IND>OTH>GRN>LNP,Western Metro,ALP,LNP,ALP,0.5213594039507781,0.47864059604922193,0.021359403950778066,LNP-ALP,IND>OTH>GRN>ON,0.47864059604922193,0.5213594039507781,IND>OTH>GRN>ON,0.5316448011667306,0.46835519883326937,IND>OTH>GRN>LNP,ON20,no_constraints
Northcote,Northern Metro,ALP,GRN,ALP,0.5445512256874117,0.45544877431258834,0.044551225687411655,GRN-ALP,IND>LNP>OTH>ON,0.7442476240690759,0.25575237593092415,IND>OTH>ON>GRN,0.7358094056938943,0.2641905943061057,IND>LNP>OTH>GRN,Northern Metro,ALP,GRN,ALP,0.5445499439953019,0.45545005600469807,0.04454994399530188,GRN-ALP,IND>LNP>OTH>ON,0.743721932738684,0.2562780672613161,IND>OTH>ON>GRN,0.7358096102944388,0.2641903897055613,IND>LNP>OTH>GRN,ON20,no_constraints
Oakleigh,Southern Metro,ALP,ALP,LNP,0.5551886114969715,0.4448113885030285,0.05518861149697152,ALP-LNP,OTH>IND>GRN>ON,0.5551886114969715,0.4448113885030285,OTH>IND>GRN>ON,0.6176759323395408,0.38232406766045934,OTH>IND>GRN>LNP,Southern Metro,ALP,ALP,LNP,0.5551886114969715,0.4448113885030285,0.05518861149697152,ALP-LNP,OTH>IND>GRN>ON,0.5551886114969715,0.4448113885030285,OTH>IND>GRN>ON,0.6176759323395408,0.38232406766045934,OTH>IND>GRN>LNP,ON20,no_constraints
Ovens Valley,Northern Victoria,LNP,LNP,ON,0.6153749401096781,0.38462505989032186,0.11537494010967808,LNP-ON,IND>ALP>OTH>GRN,0.2630705718005313,0.7369294281994688,IND>GRN>OTH>ON,0.27768614778529854,0.7223138522147016,IND>GRN>OTH>LNP,Northern Victoria,LNP,LNP,ON,0.6153749401096781,0.38462505989032186,0.11537494010967808,LNP-ON,IND>ALP>OTH>GRN,0.2630705718005313,0.7369294281994688,IND>GRN>OTH>ON,0.27768614778529854,0.7223138522147016,IND>GRN>OTH>LNP,ON20,no_constraints
Pakenham,Eastern Victoria,ALP,LNP,ON,0.5403965859436985,0.45960341405630156,0.04039658594369855,LNP-ON,IND>GRN>OTH>ALP,0.40240707549215327,0.5975929245078467,IND>GRN>OTH>ON,0.3854474213368909,0.6145525786631092,IND>GRN>OTH>LNP,Eastern Victoria,ALP,LNP,ON,0.5403965859436985,0.45960341405630156,0.04039658594369855,LNP-ON,IND>GRN>OTH>ALP,0.40240707549215327,0.5975929245078467,IND>GRN>OTH>ON,0.3854474213368909,0.6145525786631092,IND>GRN>OTH>LNP,ON20,no_constraints
Pascoe Vale,Northern Metro,ALP,ALP,GRN,0.5103486346091736,0.4896513653908265,0.010348634609173568,ALP-GRN,OTH>IND>LNP>ON,0.6267320610976944,0.3732679389023057,OTH>IND>ON>GRN,0.6777862737538827,0.3222137262461174,OTH>IND>LNP>GRN,Northern Metro,ALP,ALP,GRN,0.5103486346091736,0.4896513653908265,0.010348634609173568,ALP-GRN,OTH>IND>LNP>ON,0.6261153293415099,0.37388467065849007,OTH>IND>ON>GRN,0.6777862737538827,0.3222137262461174,OTH>IND>LNP>GRN,ON20,no_constraints
Point Cook,Western Metro,ALP,ALP,ON,0.5132288463862563,0.4867711536137437,0.013228846386256321,ALP-ON,OTH>GRN>IND>LNP,0.5256147059765484,0.4743852940234516,OTH>GRN>IND>ON,0.5132288463862563,0.4867711536137437,OTH>GRN>IND>LNP,Western Metro,ALP,ALP,ON,0.5132288463862563,0.4867711536137437,0.013228846386256321,ALP-ON,OTH>GRN>IND>LNP,0.5256147059765484,0.4743852940234516,OTH>GRN>IND>ON,0.5132288463862563,0.4867711536137437,OTH>GRN>IND>LNP,ON20,no_constraints
Polwarth,Western Victoria,LNP,LNP,GRN,0.6506406764556689,0.34935932354433114,0.15064067645566892,LNP-GRN,IND>OTH>ALP>ON,0.37879594920330295,0.621204050796697,IND>OTH>GRN>ON,0.41135082030741416,0.5886491796925859,IND>OTH>GRN>LNP,Western Victoria,LNP,LNP,GRN,0.6503707721355864,0.3496292278644137,0.15037077213558636,LNP-GRN,IND>OTH>ALP>ON,0.37879594920330295,0.621204050796697,IND>OTH>GRN>ON,0.41135082030741416,0.5886491796925859,IND>OTH>GRN>LNP,ON20,no_constraints
Prahran,Southern Metro,Greens,GRN,LNP,0.5660240990617631,0.43397590093823685,0.0660240990617631,GRN-LNP,IND>OTH>ON>ALP,0.5748940544067318,0.42510594559326825,IND>OTH>ON>GRN,0.6939300332489841,0.306069966751016,IND>OTH>LNP>GRN,Southern Metro,Greens,GRN,LNP,0.5660240990617631,0.43397590093823685,0.0660240990617631,GRN-LNP,IND>OTH>ON>ALP,0.5743879960983143,0.42561200390168574,IND>OTH>ON>GRN,0.6939300332489841,0.306069966751016,IND>OTH>LNP>GRN,ON20,no_constraints
Preston,Northern Metro,ALP,ALP,ON,0.6258769003809436,0.37412309961905643,0.12587690038094357,ALP-ON,OTH>LNP>IND>GRN,0.6088909131110423,0.3911090868889578,OTH>IND>GRN>ON,0.6258769003809436,0.37412309961905643,OTH>LNP>IND>GRN,Northern Metro,ALP,ALP,ON,0.6258769003809436,0.37412309961905643,0.12587690038094357,ALP-ON,OTH>LNP>IND>GRN,0.6084313732335326,0.3915686267664675,OTH>IND>GRN>ON,0.6258769003809436,0.37412309961905643,OTH>LNP>IND>GRN,ON20,no_constraints
Richmond,Northern Metro,GRN,GRN,ALP,0.5988469047865859,0.40115309521341413,0.09884690478658587,GRN-ALP,IND>OTH>LNP>ON,0.739514142376028,0.26048585762397203,IND>OTH>ON>GRN,0.7809466330047606,0.2190533669952394,IND>OTH>LNP>GRN,Northern Metro,GRN,GRN,ALP,0.5988469047865859,0.40115309521341413,0.09884690478658587,GRN-ALP,IND>OTH>LNP>ON,0.7389602592138836,0.26103974078611636,IND>OTH>ON>GRN,0.7809466330047606,0.2190533669952394,IND>OTH>LNP>GRN,ON20,no_constraints
Ringwood,North-Eastern Metro,LNP,LNP,ALP,0.5039619041368127,0.4960380958631873,0.003961904136812744,LNP-ALP,IND>OTH>ON>GRN,0.4960380958631873,0.5039619041368127,IND>OTH>ON>GRN,0.5766413685646918,0.4233586314353082,IND>OTH>GRN>LNP,North-Eastern Metro,LNP,LNP,ALP,0.5039619041368127,0.4960380958631873,0.003961904136812744,LNP-ALP,IND>OTH>ON>GRN,0.4960380958631873,0.5039619041368127,IND>OTH>ON>GRN,0.5766413685646918,0.4233586314353082,IND>OTH>GRN>LNP,ON20,no_constraints
Ripon,Western Victoria,ALP,ON,ALP,0.6025860874426904,0.3974139125573097,0.10258608744269038,ON-ALP,IND>GRN>OTH>LNP,0.4221843778894802,0.5778156221105198,IND>GRN>OTH>ON,0.3974139125573097,0.6025860874426904,IND>GRN>OTH>LNP,Western Victoria,ALP,ON,ALP,0.6025888960923486,0.39741110390765144,0.10258889609234856,ON-ALP,IND>GRN>OTH>LNP,0.4221812856060105,0.5778187143939896,IND>GRN>OTH>ON,0.39741110390765144,0.6025888960923486,IND>GRN>OTH>LNP,ON20,no_constraints
Rowville,South-Eastern Metro,LNP,LNP,ALP,0.6049711484223397,0.39502885157766027,0.10497114842233968,LNP-ALP,OTH>GRN>IND>ON,0.39502885157766027,0.6049711484223397,OTH>GRN>IND>ON,0.5049941493133568,0.49500585068664316,OTH>GRN>IND>LNP,South-Eastern Metro,LNP,LNP,ALP,0.6049931725204024,0.39500682747959764,0.10499317252040241,LNP-ALP,OTH>GRN>IND>ON,0.39500682747959764,0.6049931725204024,OTH>GRN>IND>ON,0.5049607347847914,0.4950392652152085,OTH>GRN>IND>LNP,ON20,no_constraints
Sandringham,Southern Metro,LNP,LNP,GRN,0.6286338582652499,0.37136614173475013,0.12863385826524987,LNP-GRN,OTH>IND>ON>ALP,0.3804249656610193,0.6195750343389808,OTH>IND>ON>GRN,0.5313159270769477,0.46868407292305225,OTH>IND>GRN>LNP,Southern Metro,LNP,LNP,GRN,0.6286338582652499,0.37136614173475013,0.12863385826524987,LNP-GRN,OTH>IND>ON>ALP,0.3804249656610193,0.6195750343389808,OTH>IND>ON>GRN,0.5313159270769477,0.46868407292305225,OTH>IND>GRN>LNP,ON20,no_constraints
Shepparton,Northern Victoria,LNP,LNP,IND,0.5904688094547942,0.4095311905452058,0.09046880945479419,LNP-IND,ALP>OTH>GRN>ON,0.24872816226252997,0.75127183773747,OTH>GRN>ON>IND,0.2835620637500306,0.7164379362499694,OTH>GRN>IND>LNP,Northern Victoria,LNP,LNP,IND,0.5904688094547942,0.4095311905452058,0.09046880945479419,LNP-IND,ALP>OTH>GRN>ON,0.24872816226252997,0.75127183773747,OTH>GRN>ON>IND,0.2835620637500306,0.7164379362499694,OTH>GRN>IND>LNP,ON20,no_constraints
South Barwon,Western Victoria,ALP,LNP,ALP,0.5306099406428907,0.46939005935710926,0.030609940642890687,LNP-ALP,IND>OTH>GRN>ON,0.46939005935710926,0.5306099406428907,IND>OTH>GRN>ON,0.5053367962715826,0.49466320372841754,IND>OTH>GRN>LNP,Western Victoria,ALP,LNP,ALP,0.5306099406428907,0.46939005935710926,0.030609940642890687,LNP-ALP,IND>OTH>GRN>ON,0.46939005935710926,0.5306099406428907,IND>OTH>GRN>ON,0.5053367962715826,0.49466320372841754,IND>OTH>GRN>LNP,ON20,no_constraints
South-West Coast,Western Victoria,LNP,LNP,IND,0.5827930410119682,0.4172069589880319,0.08279304101196816,LNP-IND,OTH>GRN>ALP>ON,0.3308391611550264,0.6691608388449737,OTH>GRN>ON>IND,0.3453140343885651,0.6546859656114349,OTH>GRN>IND>LNP,Western Victoria,LNP,LNP,IND,0.5827934011013792,0.4172065988986208,0.08279340110137923,LNP-IND,OTH>GRN>ALP>ON,0.33083606613798394,0.6691639338620161,OTH>GRN>ON>IND,0.3452158417683216,0.6547841582316785,OTH>GRN>IND>LNP,ON20,no_constraints
St Albans,Western Metro,ALP,ALP,ON,0.5627488138958776,0.43725118610412234,0.06274881389587761,ALP-ON,IND>GRN>OTH>LNP,0.5505474335132743,0.44945256648672566,IND>GRN>OTH>ON,0.5627488138958776,0.43725118610412234,IND>GRN>OTH>LNP,Western Metro,ALP,ALP,ON,0.5627488138958776,0.43725118610412234,0.06274881389587761,ALP-ON,IND>GRN>OTH>LNP,0.5505474335132743,0.44945256648672566,IND>GRN>OTH>ON,0.5627488138958776,0.43725118610412234,IND>GRN>OTH>LNP,ON20,no_constraints
Sunbury,Western Metro,ALP,ON,ALP,0.5572340300345805,0.44276596996541945,0.057234030034580496,ON-ALP,IND>OTH>GRN>LNP,0.4539695051194604,0.5460304948805396,IND>OTH>GRN>ON,0.44276596996541945,0.5572340300345805,IND>OTH>GRN>LNP,Western Metro,ALP,ON,ALP,0.5572340300345805,0.44276596996541945,0.057234030034580496,ON-ALP,IND>OTH>GRN>LNP,0.4539695051194604,0.5460304948805396,IND>OTH>GRN>ON,0.44276596996541945,0.5572340300345805,IND>OTH>GRN>LNP,ON20,no_constraints
Sydenham,Western Metro,ALP,ALP,ON,0.5175764412652197,0.48242355873478027,0.017576441265219733,ALP-ON,IND>GRN>OTH>LNP,0.5159163034345157,0.4840836965654844,IND>GRN>OTH>ON,0.5175764412652197,0.48242355873478027,IND>GRN>OTH>LNP,Western Metro,ALP,ALP,ON,0.5175764412652197,0.48242355873478027,0.017576441265219733,ALP-ON,IND>GRN>OTH>LNP,0.5159163034345157,0.4840836965654844,IND>GRN>OTH>ON,0.5175764412652197,0.48242355873478027,IND>GRN>OTH>LNP,ON20,no_constraints
Tarneit,Western Metro,ALP,ALP,ON,0.5517678840900354,0.4482321159099646,0.05176788409003541,ALP-ON,IND>OTH>GRN>LNP,0.5469834803147792,0.4530165196852208,IND>OTH>GRN>ON,0.5517678840900354,0.4482321159099646,IND>OTH>GRN>LNP,Western Metro,ALP,ALP,ON,0.5517678840900354,0.4482321159099646,0.05176788409003541,ALP-ON,IND>OTH>GRN>LNP,0.5469834803147792,0.4530165196852208,IND>OTH>GRN>ON,0.5517678840900354,0.4482321159099646,IND>OTH>GRN>LNP,ON20,no_constraints
Thomastown,Northern Metro,ALP,ALP,ON,0.5791138649692906,0.4208861350307093,0.07911386496929063,ALP-ON,IND>GRN>OTH>LNP,0.6022528125399874,0.39774718746001264,IND>GRN>OTH>ON,0.5791138649692906,0.4208861350307093,IND>GRN>OTH>LNP,Northern Metro,ALP,ALP,ON,0.5788685770706117,0.4211314229293883,0.07886857707061168,ALP-ON,IND>GRN>OTH>LNP,0.602133532594215,0.39786646740578496,IND>GRN>OTH>ON,0.5788685770706117,0.4211314229293883,IND>GRN>OTH>LNP,ON20,no_constraints
Warrandyte,North-Eastern Metro,LNP,LNP,ALP,0.6263205766836175,0.3736794233163825,0.1263205766836175,LNP-ALP,IND>OTH>GRN>ON,0.3736794233163825,0.6263205766836175,IND>OTH>GRN>ON,0.511504022534718,0.48849597746528195,IND>OTH>GRN>LNP,North-Eastern Metro,LNP,LNP,ALP,0.6263205766836175,0.3736794233163825,0.1263205766836175,LNP-ALP,IND>OTH>GRN>ON,0.3736794233163825,0.6263205766836175,IND>OTH>GRN>ON,0.511504022534718,0.48849597746528195,IND>OTH>GRN>LNP,ON20,no_constraints
Wendouree,Western Victoria,ALP,LNP,ALP,0.50666105373118,0.49333894626882013,0.006661053731179978,LNP-ALP,IND>OTH>GRN>ON,0.49333894626882013,0.50666105373118,IND>OTH>GRN>ON,0.5096716381445459,0.49032836185545425,IND>OTH>GRN>LNP,Western Victoria,ALP,LNP,ALP,0.50666105373118,0.49333894626882013,0.006661053731179978,LNP-ALP,IND>OTH>GRN>ON,0.49333894626882013,0.50666105373118,IND>OTH>GRN>ON,0.5096716381445459,0.49032836185545425,IND>OTH>GRN>LNP,ON20,no_constraints
Werribee,Western Metro,ALP,ON,ALP,0.5349051718806088,0.4650948281193912,0.03490517188060882,ON-ALP,OTH>GRN>IND>LNP,0.5024284544268077,0.4975715455731923,OTH>GRN>IND>ON,0.4650948281193912,0.5349051718806088,OTH>GRN>IND>LNP,Western Metro,ALP,ON,ALP,0.5349051718806088,0.4650948281193912,0.03490517188060882,ON-ALP,OTH>GRN>IND>LNP,0.5024284544268077,0.4975715455731923,OTH>GRN>IND>ON,0.4650948281193912,0.5349051718806088,OTH>GRN>IND>LNP,ON20,no_constraints
Williamstown,Western Metro,ALP,ALP,LNP,0.5810645174298001,0.4189354825701999,0.08106451742980014,ALP-LNP,IND>OTH>GRN>ON,0.5810645174298001,0.4189354825701999,IND>OTH>GRN>ON,0.6295704605167388,0.3704295394832612,IND>OTH>GRN>LNP,Western Metro,ALP,ALP,LNP,0.5796089056100518,0.42039109438994815,0.07960890561005185,ALP-LNP,IND>OTH>GRN>ON,0.5796089056100518,0.42039109438994815,IND>OTH>GRN>ON,0.6279907203326782,0.3720092796673218,IND>OTH>GRN>LNP,ON20,no_constraints
Yan Yean,Northern Victoria,ALP,LNP,ALP,0.5254302034256915,0.47456979657430853,0.025430203425691467,LNP-ALP,IND>GRN>OTH>ON,0.47456979657430853,0.5254302034256915,IND>GRN>OTH>ON,0.4629909668489645,0.5370090331510355,IND>GRN>OTH>LNP,Northern Victoria,ALP,LNP,ALP,0.5254302034256915,0.47456979657430853,0.025430203425691467,LNP-ALP,IND>GRN>OTH>ON,0.47456979657430853,0.5254302034256915,IND>GRN>OTH>ON,0.4629909668489645,0.5370090331510355,IND>GRN>OTH>LNP,ON20,no_constraints
Albert Park,Southern Metro,ALP,ALP,LNP,0.5683333346913275,0.4316666653086724,0.06833333469132752,ALP-LNP,OTH>IND>ON>GRN,0.5683333346913275,0.4316666653086724,OTH>IND>ON>GRN,0.6668549000768773,0.33314509992312275,OTH>IND>GRN>LNP,Southern Metro,ALP,ALP,LNP,0.5678570077837408,0.4321429922162591,0.06785700778374082,ALP-LNP,OTH>IND>ON>GRN,0.5678570077837408,0.4321429922162591,OTH>IND>ON>GRN,0.6643848564347868,0.3356151435652131,OTH>IND>GRN>LNP,ON20,no_synthetic_priority
Ashwood,Southern Metro,ALP,LNP,ALP,0.512980268817915,0.4870197311820851,0.01298026881791503,LNP-ALP,OTH>IND>ON>GRN,0.4870197311820851,0.512980268817915,OTH>IND>ON>GRN,0.6212608381530337,0.37873916184696627,OTH>IND>GRN>LNP,Southern Metro,ALP,LNP,ALP,0.5129802688179168,0.48701973118208314,0.012980268817916807,LNP-ALP,OTH>IND>ON>GRN,0.48701973118208314,0.5129802688179168,OTH>IND>ON>GRN,0.6200377084171782,0.3799622915828218,OTH>IND>GRN>LNP,ON20,no_synthetic_priority
Bass,Eastern Victoria,ALP,LNP,ON,0.5786162451856053,0.4213837548143947,0.07861624518560528,LNP-ON,OTH>IND>GRN>ALP,0.374785793055094,0.625214206944906,OTH>IND>GRN>ON,0.38180531495353587,0.6181946850464641,OTH>IND>GRN>LNP,Eastern Victoria,ALP,LNP,ON,0.5799826402662999,0.4200173597337002,0.07998264026629986,LNP-ON,OTH>IND>GRN>ALP,0.36902867630893565,0.6309713236910643,OTH>IND>GRN>ON,0.37655497222408335,0.6234450277759166,OTH>IND>GRN>LNP,ON20,no_synthetic_priority
Bayswater,North-Eastern Metro,ALP,LNP,ALP,0.5553345289820438,0.4446654710179562,0.05533452898204383,LNP-ALP,IND>OTH>GRN>ON,0.4446654710179562,0.5553345289820438,IND>OTH>GRN>ON,0.5213369004610151,0.4786630995389849,IND>OTH>GRN>LNP,North-Eastern Metro,ALP,LNP,ALP,0.5598518798767187,0.4401481201232813,0.059851879876718694,LNP-ALP,IND>OTH>GRN>ON,0.4401481201232813,0.5598518798767187,IND>OTH>GRN>ON,0.5182199399280819,0.48178006007191815,IND>OTH>GRN>LNP,ON20,no_synthetic_priority
Bellarine,Western Victoria,ALP,LNP,ALP,0.5034511451503352,0.4965488548496649,0.0034511451503351775,LNP-ALP,OTH>IND>GRN>ON,0.4965488548496649,0.5034511451503352,OTH>IND>GRN>ON,0.5217201375075564,0.47827986249244364,OTH>IND>GRN>LNP,Western Victoria,ALP,LNP,ALP,0.5079793633488386,0.4920206366511614,0.007979363348838642,LNP-ALP,OTH>IND>GRN>ON,0.4920206366511614,0.5079793633488386,OTH>IND>GRN>ON,0.5165267142947599,0.48347328570524,OTH>IND>GRN>LNP,ON20,no_synthetic_priority
Benambra,Northern Victoria,LNP,LNP,IND,0.5769489970575234,0.42305100294247655,0.07694899705752345,LNP-IND,ALP>OTH>GRN>ON,0.25408195665415195,0.7459180433458481,OTH>GRN>ON>IND,0.24636357777766213,0.753636422222338,OTH>GRN>IND>LNP,Northern Victoria,LNP,LNP,IND,0.5768156801118683,0.42318431988813165,0.07681568011186835,LNP-IND,ALP>OTH>GRN>ON,0.25023414361737034,0.7497658563826297,OTH>GRN>ON>IND,0.3378351442942617,0.6621648557057384,OTH>GRN>LNP>IND,ON20,no_synthetic_priority
Bendigo East,Northern Victoria,ALP,ALP,LNP,0.5104866797051704,0.4895133202948297,0.010486679705170365,ALP-LNP,OTH>IND>GRN>ON,0.5104866797051704,0.4895133202948297,OTH>IND>GRN>ON,0.5472093778096592,0.4527906221903409,OTH>IND>GRN>LNP,Northern Victoria,ALP,ALP,LNP,0.5067785733352422,0.4932214266647578,0.006778573335242233,ALP-LNP,OTH>IND>GRN>ON,0.5067785733352422,0.4932214266647578,OTH>IND>GRN>ON,0.5438507591184627,0.45614924088153735,OTH>IND>GRN>LNP,ON20,no_synthetic_priority
Bendigo West,Northern Victoria,ALP,ALP,LNP,0.5482424888853893,0.4517575111146107,0.04824248888538929,ALP-LNP,IND>OTH>GRN>ON,0.5482424888853893,0.4517575111146107,IND>OTH>GRN>ON,0.5528999169722607,0.4471000830277394,IND>OTH>GRN>LNP,Northern Victoria,ALP,ALP,LNP,0.5452276312694577,0.4547723687305423,0.045227631269457724,ALP-LNP,IND>OTH>GRN>ON,0.5452276312694577,0.4547723687305423,IND>OTH>GRN>ON,0.5487479855049239,0.45125201449507624,IND>OTH>GRN>LNP,ON20,no_synthetic_priority
Bentleigh,Southern Metro,ALP,ALP,LNP,0.5118260815611522,0.48817391843884783,0.011826081561152169,ALP-LNP,OTH>IND>GRN>ON,0.5118260815611522,0.48817391843884783,OTH>IND>GRN>ON,0.6101264496031968,0.38987355039680327,OTH>IND>GRN>LNP,Southern Metro,ALP,ALP,LNP,0.5086052350401955,0.49139476495980455,0.008605235040195502,ALP-LNP,OTH>IND>GRN>ON,0.5086052350401955,0.49139476495980455,OTH>IND>GRN>ON,0.6086383487360874,0.3913616512639126,OTH>IND>GRN>LNP,ON20,no_synthetic_priority
Berwick,South-Eastern Metro,LNP,LNP,ALP,0.6393756074896285,0.3606243925103714,0.13937560748962852,LNP-ALP,IND>OTH>GRN>ON,0.3606243925103714,0.6393756074896285,IND>OTH>GRN>ON,0.40616231181973234,0.5938376881802677,IND>OTH>GRN>LNP,South-Eastern Metro,LNP,LNP,ALP,0.6461680657723776,0.35383193422762244,0.14616806577237762,LNP-ALP,IND>OTH>GRN>ON,0.35383193422762244,0.6461680657723776,IND>OTH>GRN>ON,0.40012667595388113,0.5998733240461189,IND>OTH>GRN>LNP,ON20,no_synthetic_priority
Box Hill,North-Eastern Metro,ALP,ALP,LNP,0.50015004157497,0.4998499584250301,0.0001500415749700057,ALP-LNP,IND>OTH>ON>GRN,0.50015004157497,0.4998499584250301,IND>OTH>ON>GRN,0.6289455002436293,0.37105449975637084,IND>OTH>GRN>LNP,North-Eastern Metro,ALP,LNP,ALP,0.5002597855525803,0.49974021444741973,0.0002597855525803272,LNP-ALP,IND>OTH>ON>GRN,0.49974021444741973,0.5002597855525803,IND>OTH>ON>GRN,0.626760876138789,0.3732391238612111,IND>OTH>GRN>LNP,ON20,no_synthetic_priority
Brighton,Southern Metro,LNP,LNP,GRN,0.5919833327919588,0.40801666720804125,0.0919833327919588,LNP-GRN,OTH>IND>ON>ALP,0.40502393399054704,0.5949760660094531,OTH>IND>ON>GRN,0.6052428180688447,0.39475718193115533,OTH>IND>GRN>LNP,Southern Metro,LNP,LNP,GRN,0.589999127513347,0.4100008724866529,0.08999912751334704,LNP-GRN,OTH>IND>ON>ALP,0.40513679963541244,0.5948632003645876,OTH>IND>ON>GRN,0.6027542704687683,0.3972457295312318,OTH>IND>GRN>LNP,ON20,no_synthetic_priority
Broadmeadows,Northern Metro,ALP,ALP,ON,0.5686444014164879,0.4313555985835121,0.06864440141648787,ALP-ON,IND>GRN>OTH>LNP,0.597830457738277,0.4021695422617231,IND>GRN>OTH>ON,0.5686444014164879,0.4313555985835121,IND>GRN>OTH>LNP,Northern Metro,ALP,ALP,ON,0.567364158297876,0.43263584170212394,0.06736415829787601,ALP-ON,IND>GRN>OTH>LNP,0.5978002944302497,0.4021997055697504,IND>GRN>OTH>ON,0.567364158297876,0.43263584170212394,IND>GRN>OTH>LNP,ON20,no_synthetic_priority
Brunswick,Northern Metro,GRN,GRN,ALP,0.6617623897476803,0.33823761025231974,0.1617623897476803,GRN-ALP,IND>LNP>OTH>ON,0.7767416944768417,0.22325830552315834,IND>OTH>ON>GRN,0.7711093985066957,0.22889060149330437,IND>LNP>OTH>GRN,Northern Metro,GRN,GRN,ALP,0.6616694382459883,0.33833056175401177,0.16166943824598834,GRN-ALP,IND>LNP>OTH>ON,0.7768400334918242,0.22315996650817588,IND>OTH>ON>GRN,0.771725070871722,0.22827492912827801,IND>LNP>OTH>GRN,ON20,no_synthetic_priority
Bulleen,North-Eastern Metro,LNP,LNP,ALP,0.6284801939055877,0.3715198060944123,0.12848019390558774,LNP-ALP,OTH>IND>ON>GRN,0.3715198060944123,0.6284801939055877,OTH>IND>ON>GRN,0.5571706973072987,0.4428293026927013,OTH>IND>GRN>LNP,North-Eastern Metro,LNP,LNP,ALP,0.6284971805051333,0.3715028194948668,0.12849718050513326,LNP-ALP,OTH>IND>ON>GRN,0.3715028194948668,0.6284971805051333,OTH>IND>ON>GRN,0.5540150165378518,0.4459849834621483,OTH>IND>GRN>LNP,ON20,no_synthetic_priority
Bundoora,North-Eastern Metro,ALP,ALP,LNP,0.5662819438811374,0.4337180561188626,0.0662819438811374,ALP-LNP,IND>OTH>GRN>ON,0.5662819438811374,0.4337180561188626,IND>OTH>GRN>ON,0.6346789188947228,0.36532108110527717,IND>OTH>GRN>LNP,North-Eastern Metro,ALP,ALP,LNP,0.5598975813801,0.44010241861989996,0.05989758138010004,ALP-LNP,IND>OTH>GRN>ON,0.5598975813801,0.44010241861989996,IND>OTH>GRN>ON,0.6314331035502508,0.3685668964497492,IND>OTH>GRN>LNP,ON20,no_synthetic_priority
Carrum,South-Eastern Metro,ALP,LNP,ALP,0.5114922255968463,0.48850777440315385,0.011492225596846262,LNP-ALP,IND>OTH>GRN>ON,0.48850777440315385,0.5114922255968463,IND>OTH>GRN>ON,0.48946148918079113,0.510538510819209,IND>OTH>GRN>LNP,South-Eastern Metro,ALP,LNP,ALP,0.5176413374930043,0.4823586625069958,0.01764133749300434,LNP-ALP,IND>OTH>GRN>ON,0.4823586625069958,0.5176413374930043,IND>OTH>GRN>ON,0.48320349461416956,0.5167965053858304,IND>OTH>GRN>LNP,ON20,no_synthetic_priority
Caulfield,Southern Metro,LNP,LNP,GRN,0.5846977207755838,0.4153022792244163,0.0846977207755838,LNP-GRN,OTH>IND>ON>ALP,0.42452197780867085,0.5754780221913292,OTH>IND>ON>GRN,0.6173855247590572,0.38261447524094294,OTH>IND>GRN>LNP,Southern Metro,LNP,LNP,GRN,0.5830717801973849,0.416928219802615,0.08307178019738493,LNP-GRN,OTH>IND>ON>ALP,0.42497480422066336,0.5750251957793368,OTH>IND>ON>GRN,0.6154927457276478,0.38450725427235233,OTH>IND>GRN>LNP,ON20,no_synthetic_priority
Clarinda,South-Eastern Metro,ALP,ALP,LNP,0.5410597373576849,0.45894026264231513,0.04105973735768487,ALP-LNP,OTH>IND>GRN>ON,0.5410597373576849,0.45894026264231513,OTH>IND>GRN>ON,0.591813589738778,0.40818641026122204,OTH>IND>GRN>LNP,South-Eastern Metro,ALP,ALP,LNP,0.5408534461076847,0.45914655389231523,0.04085344610768471,ALP-LNP,OTH>IND>GRN>ON,0.5408534461076847,0.45914655389231523,OTH>IND>GRN>ON,0.5916332615663943,0.4083667384336057,OTH>IND>GRN>LNP,ON20,no_synthetic_priority
Cranbourne,South-Eastern Metro,ALP,ON,ALP,0.5029498648012404,0.49705013519875957,0.002949864801240376,ON-ALP,IND>GRN>OTH>LNP,0.5082500334258917,0.49174996657410824,IND>GRN>OTH>ON,0.49705013519875957,0.5029498648012404,IND>GRN>OTH>LNP,South-Eastern Metro,ALP,ON,ALP,0.5049169692408981,0.49508303075910187,0.004916969240898128,ON-ALP,IND>GRN>OTH>LNP,0.5057009518807695,0.4942990481192306,IND>GRN>OTH>ON,0.49508303075910187,0.5049169692408981,IND>GRN>OTH>LNP,ON20,no_synthetic_priority
Croydon,North-Eastern Metro,LNP,LNP,ALP,0.5932026845334095,0.4067973154665905,0.09320268453340952,LNP-ALP,IND>OTH>GRN>ON,0.4067973154665905,0.5932026845334095,IND>OTH>GRN>ON,0.5035939329639588,0.4964060670360412,IND>OTH>GRN>LNP,North-Eastern Metro,LNP,LNP,ALP,0.5979218284281275,0.4020781715718726,0.09792182842812747,LNP-ALP,IND>OTH>GRN>ON,0.4020781715718726,0.5979218284281275,IND>OTH>GRN>ON,0.5006096222757165,0.4993903777242835,IND>OTH>GRN>LNP,ON20,no_synthetic_priority
Dandenong,South-Eastern Metro,ALP,ALP,ON,0.6051112527347972,0.3948887472652029,0.10511125273479716,ALP-ON,IND>OTH>GRN>LNP,0.6163441804055136,0.3836558195944864,IND>OTH>GRN>ON,0.6051112527347972,0.3948887472652029,IND>OTH>GRN>LNP,South-Eastern Metro,ALP,ALP,ON,0.6050497856184818,0.3949502143815182,0.10504978561848177,ALP-ON,IND>OTH>GRN>LNP,0.6162821205195709,0.3837178794804291,IND>OTH>GRN>ON,0.6050497856184818,0.3949502143815182,IND>OTH>GRN>LNP,ON20,no_synthetic_priority
Eildon,Northern Victoria,LNP,LNP,ON,0.6183326431255537,0.38166735687444636,0.1183326431255537,LNP-ON,IND>OTH>GRN>ALP,0.34207248178491545,0.6579275182150846,IND>OTH>GRN>ON,0.3692692099812848,0.6307307900187152,IND>OTH>GRN>LNP,Northern Victoria,LNP,LNP,ON,0.618146030413553,0.3818539695864471,0.11814603041355298,LNP-ON,IND>OTH>GRN>ALP,0.3370070834453483,0.6629929165546518,IND>OTH>GRN>ON,0.3635109724273579,0.6364890275726421,IND>OTH>GRN>LNP,ON20,no_synthetic_priority
Eltham,North-Eastern Metro,ALP,ALP,LNP,0.513711670674687,0.486288329325313,0.013711670674687038,ALP-LNP,IND>OTH>GRN>ON,0.513711670674687,0.486288329325313,IND>OTH>GRN>ON,0.5821675508662396,0.41783244913376044,IND>OTH>GRN>LNP,North-Eastern Metro,ALP,ALP,LNP,0.5112593818334205,0.4887406181665796,0.011259381833420457,ALP-LNP,IND>OTH>GRN>ON,0.5112593818334205,0.4887406181665796,IND>OTH>GRN>ON,0.5811298352002644,0.41887016479973566,IND>OTH>GRN>LNP,ON20,no_synthetic_priority
Essendon,Northern Metro,ALP,ALP,LNP,0.5293255981120599,0.47067440188794013,0.029325598112059925,ALP-LNP,IND>OTH>GRN>ON,0.5293255981120599,0.47067440188794013,IND>OTH>GRN>ON,0.5724709691331972,0.4275290308668029,IND>OTH>GRN>LNP,Northern Metro,ALP,ALP,LNP,0.52472391751441,0.47527608248558995,0.024723917514410054,ALP-LNP,IND>OTH>GRN>ON,0.52472391751441,0.47527608248558995,IND>OTH>GRN>ON,0.5699267549040431,0.43007324509595696,IND>OTH>GRN>LNP,ON20,no_synthetic_priority
Eureka,Western Victoria,ALP,ON,ALP,0.566160037835307,0.43383996216469295,0.066160037835307,ON-ALP,IND>OTH>GRN>LNP,0.45673885069541004,0.5432611493045899,IND>OTH>GRN>ON,0.43383996216469295,0.566160037835307,IND>OTH>GRN>LNP,Western Victoria,ALP,ON,ALP,0.5723851592248177,0.4276148407751823,0.0723851592248177,ON-ALP,IND>OTH>GRN>LNP,0.4516360385832864,0.5483639614167136,IND>OTH>GRN>ON,0.4276148407751823,0.5723851592248177,IND>OTH>GRN>LNP,ON20,no_synthetic_priority
Euroa,Northern Victoria,LNP,LNP,ON,0.6136091701893517,0.3863908298106484,0.11360917018935168,LNP-ON,IND>OTH>GRN>ALP,0.2997118716763487,0.7002881283236513,IND>OTH>GRN>ON,0.33351706537753717,0.6664829346224629,IND>OTH>GRN>LNP,Northern Victoria,LNP,LNP,ON,0.613529337278464,0.3864706627215359,0.11352933727846404,LNP-ON,IND>OTH>GRN>ALP,0.29955995231850086,0.7004400476814993,IND>OTH>GRN>ON,0.33330718186379715,0.6666928181362028,IND>OTH>GRN>LNP,ON20,no_synthetic_priority
Evelyn,Eastern Victoria,LNP,LNP,ALP,0.6458319091730137,0.35416809082698625,0.1458319091730137,LNP-ALP,IND>OTH>GRN>ON,0.35416809082698625,0.6458319091730137,IND>OTH>GRN>ON,0.4066893124568174,0.5933106875431826,IND>OTH>GRN>LNP,Eastern Victoria,LNP,LNP,ALP,0.6508103670914623,0.3491896329085376,0.15081036709146234,LNP-ALP,IND>OTH>GRN>ON,0.3491896329085376,0.6508103670914623,IND>OTH>GRN>ON,0.40160232006071483,0.5983976799392852,IND>OTH>GRN>LNP,ON20,no_synthetic_priority
Footscray,Western Metro,ALP,ALP,GRN,0.5281898995529533,0.47181010044704674,0.028189899552953257,ALP-GRN,IND>OTH>LNP>ON,0.6891069464812517,0.31089305351874835,IND>OTH>ON>GRN,0.7433475314698733,0.2566524685301268,IND>OTH>LNP>GRN,Western Metro,ALP,ALP,GRN,0.524113988027124,0.47588601197287606,0.024113988027123945,ALP-GRN,IND>OTH>LNP>ON,0.689214894507803,0.310785105492197,IND>OTH>ON>GRN,0.7537903199763639,0.24620968002363613,IND>OTH>LNP>GRN,ON20,no_synthetic_priority
Frankston,South-Eastern Metro,ALP,ALP,LNP,0.5091630805267255,0.4908369194732745,0.009163080526725542,ALP-LNP,IND>OTH>GRN>ON,0.5091630805267255,0.4908369194732745,IND>OTH>GRN>ON,0.525151016667256,0.474848983332744,IND>OTH>GRN>LNP,South-Eastern Metro,ALP,ALP,LNP,0.5050559374704963,0.4949440625295038,0.005055937470496263,ALP-LNP,IND>OTH>GRN>ON,0.5050559374704963,0.4949440625295038,IND>OTH>GRN>ON,0.5223206842429411,0.47767931575705896,IND>OTH>GRN>LNP,ON20,no_synthetic_priority
Geelong,Western Victoria,ALP,ON,ALP,0.500494865209201,0.49950513479079905,0.0004948652092009453,ON-ALP,OTH>IND>GRN>LNP,0.512264763978548,0.48773523602145197,OTH>IND>GRN>ON,0.49950513479079905,0.500494865209201,OTH>IND>GRN>LNP,Western Victoria,ALP,ON,ALP,0.5038461842561889,0.4961538157438112,0.003846184256188878,ON-ALP,OTH>IND>GRN>LNP,0.5089691605453456,0.4910308394546544,OTH>IND>GRN>ON,0.4961538157438112,0.5038461842561889,OTH>IND>GRN>LNP,ON20,no_synthetic_priority
Gippsland East,Eastern Victoria,LNP,LNP,ON,0.6196287299268712,0.3803712700731289,0.11962872992687124,LNP-ON,IND>ALP>OTH>GRN,0.19793815461600014,0.8020618453839999,IND>OTH>GRN>ON,0.233911854923981,0.7660881450760191,IND>OTH>GRN>LNP,Eastern Victoria,LNP,LNP,ON,0.6196287299268712,0.3803712700731289,0.11962872992687124,LNP-ON,IND>ALP>OTH>GRN,0.19773754296552068,0.8022624570344794,IND>OTH>GRN>ON,0.23363193593440876,0.7663680640655911,IND>OTH>GRN>LNP,ON20,no_synthetic_priority
Gippsland South,Eastern Victoria,LNP,LNP,ON,0.6088318715059409,0.3911681284940591,0.10883187150594087,LNP-ON,OTH>IND>GRN>ALP,0.2556736587882729,0.744326341211727,OTH>IND>GRN>ON,0.2886831397178478,0.7113168602821522,OTH>IND>GRN>LNP,Eastern Victoria,LNP,LNP,ON,0.6095432408143006,0.3904567591856995,0.10954324081430056,LNP-ON,OTH>IND>GRN>ALP,0.24928703694011617,0.7507129630598838,OTH>IND>GRN>ON,0.28232072418051923,0.7176792758194808,OTH>IND>GRN>LNP,ON20,no_synthetic_priority
Glen Waverley,North-Eastern Metro,ALP,LNP,ALP,0.5416995864099536,0.4583004135900464,0.04169958640995364,LNP-ALP,IND>OTH>ON>GRN,0.4583004135900464,0.5416995864099536,IND>OTH>ON>GRN,0.6045950982935187,0.39540490170648135,IND>OTH>GRN>LNP,North-Eastern Metro,ALP,LNP,ALP,0.5419493187226015,0.45805068127739845,0.04194931872260155,LNP-ALP,IND>OTH>ON>GRN,0.45805068127739845,0.5419493187226015,IND>OTH>ON>GRN,0.6029543047272573,0.39704569527274275,IND>OTH>GRN>LNP,ON20,no_synthetic_priority
Greenvale,Northern Metro,ALP,ALP,LNP,0.5661560104646557,0.43384398953534425,0.06615601046465569,ALP-LNP,IND>GRN>OTH>ON,0.5661560104646557,0.43384398953534425,IND>GRN>OTH>ON,0.5685195264353154,0.4314804735646846,IND>GRN>OTH>LNP,Northern Metro,ALP,ALP,LNP,0.5640419152872127,0.43595808471278735,0.0640419152872127,ALP-LNP,IND>GRN>OTH>ON,0.5640419152872127,0.43595808471278735,IND>GRN>OTH>ON,0.5663103876708127,0.4336896123291873,IND>GRN>OTH>LNP,ON20,no_synthetic_priority
Hastings,Eastern Victoria,ALP,LNP,ALP,0.5927899101830556,0.4072100898169444,0.0927899101830556,LNP-ALP,IND>OTH>GRN>ON,0.4072100898169444,0.5927899101830556,IND>OTH>GRN>ON,0.417037466154565,0.582962533845435,IND>OTH>GRN>LNP,Eastern Victoria,ALP,LNP,ALP,0.5969726069901035,0.4030273930098965,0.09697260699010346,LNP-ALP,IND>OTH>GRN>ON,0.4030273930098965,0.5969726069901035,IND>OTH>GRN>ON,0.41215811219782517,0.5878418878021748,IND>OTH>GRN>LNP,ON20,no_synthetic_priority
Hawthorn,Southern Metro,LNP,LNP,GRN,0.6337064008945684,0.3662935991054317,0.13370640089456842,LNP-GRN,OTH>ON>ALP>IND,0.44881276760159944,0.5511872323984005,OTH>ON>GRN>IND,0.651298578750458,0.34870142124954195,OTH>GRN>IND>LNP,Southern Metro,LNP,LNP,GRN,0.6339273016841828,0.3660726983158173,0.13392730168418276,LNP-GRN,OTH>ON>ALP>IND,0.44866546603242113,0.5513345339675788,OTH>ON>GRN>IND,0.6586643437804021,0.34133565621959794,OTH>GRN>IND>LNP,ON20,no_synthetic_priority
Ivanhoe,North-Eastern Metro,ALP,ALP,LNP,0.5566222110141741,0.443377788985826,0.056622211014174084,ALP-LNP,OTH>IND>ON>GRN,0.5566222110141741,0.443377788985826,OTH>IND>ON>GRN,0.6350889828535768,0.36491101714642327,OTH>IND>GRN>LNP,North-Eastern Metro,ALP,ALP,LNP,0.5566025002052869,0.44339749979471316,0.0566025002052869,ALP-LNP,OTH>IND>ON>GRN,0.5566025002052869,0.44339749979471316,OTH>IND>ON>GRN,0.6340804333209078,0.36591956667909226,OTH>IND>GRN>LNP,ON20,no_synthetic_priority
Kalkallo,Northern Metro,ALP,ALP,ON,0.5542582216641634,0.4457417783358367,0.054258221664163386,ALP-ON,IND>GRN>OTH>LNP,0.5747870514166781,0.42521294858332204,IND>GRN>OTH>ON,0.5542582216641634,0.4457417783358367,IND>GRN>OTH>LNP,Northern Metro,ALP,ALP,ON,0.5505745377232301,0.44942546227677005,0.05057453772323006,ALP-ON,IND>GRN>OTH>LNP,0.5727045021400083,0.42729549785999177,IND>GRN>OTH>ON,0.5505745377232301,0.44942546227677005,IND>GRN>OTH>LNP,ON20,no_synthetic_priority
Kew,Southern Metro,LNP,LNP,IND,0.6127210751977082,0.3872789248022918,0.11272107519770824,LNP-IND,OTH>ON>ALP>GRN,0.41035957418734353,0.5896404258126565,OTH>ON>GRN>IND,0.6337040243215772,0.3662959756784228,OTH>GRN>IND>LNP,Southern Metro,LNP,LNP,IND,0.6127511846901507,0.3872488153098494,0.11275118469015066,LNP-IND,OTH>ON>ALP>GRN,0.410328173863659,0.5896718261363411,OTH>ON>GRN>IND,0.6407552660078356,0.3592447339921645,OTH>GRN>IND>LNP,ON20,no_synthetic_priority
Kororoit,Western Metro,ALP,ALP,ON,0.5619585181575376,0.4380414818424625,0.06195851815753761,ALP-ON,IND>GRN>OTH>LNP,0.5831148881447135,0.41688511185528654,IND>GRN>OTH>ON,0.5619585181575376,0.4380414818424625,IND>GRN>OTH>LNP,Western Metro,ALP,ALP,ON,0.5611155345740948,0.4388844654259053,0.0611155345740948,ALP-ON,IND>GRN>OTH>LNP,0.5827074092985095,0.4172925907014906,IND>GRN>OTH>ON,0.5611155345740948,0.4388844654259053,IND>GRN>OTH>LNP,ON20,no_synthetic_priority
Lara,Western Victoria,ALP,ON,ALP,0.5181346997576635,0.48186530024233665,0.018134699757663464,ON-ALP,IND>OTH>GRN>LNP,0.5293609073082998,0.47063909269170023,IND>OTH>GRN>ON,0.48186530024233665,0.5181346997576635,IND>OTH>GRN>LNP,Western Victoria,ALP,ON,ALP,0.5244276229337613,0.4755723770662387,0.024427622933761328,ON-ALP,IND>OTH>GRN>LNP,0.5233966263591768,0.4766033736408232,IND>OTH>GRN>ON,0.4755723770662387,0.5244276229337613,IND>OTH>GRN>LNP,ON20,no_synthetic_priority
Laverton,Western Metro,ALP,ALP,ON,0.5923086653215719,0.4076913346784282,0.09230866532157189,ALP-ON,IND>GRN>OTH>LNP,0.6001089284450358,0.39989107155496423,IND>GRN>OTH>ON,0.5923086653215719,0.4076913346784282,IND>GRN>OTH>LNP,Western Metro,ALP,ALP,ON,0.5919186783074779,0.40808132169252215,0.09191867830747791,ALP-ON,IND>GRN>OTH>LNP,0.6000429275604848,0.39995707243951517,IND>GRN>OTH>ON,0.5919186783074779,0.40808132169252215,IND>GRN>OTH>LNP,ON20,no_synthetic_priority
Lowan,Western Victoria,LNP,LNP,ON,0.6503641017345501,0.3496358982654499,0.15036410173455006,LNP-ON,IND>OTH>ALP>GRN,0.20834305161298533,0.7916569483870147,IND>OTH>GRN>ON,0.25510234252744396,0.744897657472556,IND>OTH>GRN>LNP,Western Victoria,LNP,LNP,ON,0.6503641017345501,0.3496358982654499,0.15036410173455006,LNP-ON,IND>OTH>ALP>GRN,0.2082548794294279,0.7917451205705721,IND>OTH>GRN>ON,0.25502327576540323,0.7449767242345967,IND>OTH>GRN>LNP,ON20,no_synthetic_priority
Macedon,Northern Victoria,ALP,LNP,ALP,0.5138567990457804,0.48614320095421965,0.01385679904578041,LNP-ALP,OTH>IND>GRN>ON,0.48614320095421965,0.5138567990457804,OTH>IND>GRN>ON,0.47954489658724403,0.520455103412756,OTH>IND>GRN>LNP,Northern Victoria,ALP,LNP,ALP,0.5168333542487898,0.4831666457512101,0.016833354248789845,LNP-ALP,OTH>IND>GRN>ON,0.4831666457512101,0.5168333542487898,OTH>IND>GRN>ON,0.47607479196221436,0.5239252080377858,OTH>IND>GRN>LNP,ON20,no_synthetic_priority
Malvern,Southern Metro,LNP,LNP,GRN,0.639527256472128,0.3604727435278719,0.13952725647212805,LNP-GRN,IND>OTH>ON>ALP,0.36638783938065855,0.6336121606193414,IND>OTH>ON>GRN,0.6072855990329463,0.3927144009670536,IND>OTH>GRN>LNP,Southern Metro,LNP,LNP,GRN,0.6397324324694185,0.36026756753058153,0.13973243246941847,LNP-GRN,IND>OTH>ON>ALP,0.36601179573007053,0.6339882042699294,IND>OTH>ON>GRN,0.6047629275616517,0.39523707243834827,IND>OTH>GRN>LNP,ON20,no_synthetic_priority
Melbourne,Northern Metro,GRN,GRN,ALP,0.6318328511349214,0.3681671488650786,0.13183285113492138,GRN-ALP,IND>OTH>LNP>ON,0.7047190901338544,0.29528090986614564,IND>OTH>ON>GRN,0.7587347364985167,0.24126526350148336,IND>OTH>LNP>GRN,Northern Metro,GRN,GRN,ALP,0.6373556455354584,0.36264435446454163,0.13735564553545843,GRN-ALP,IND>OTH>LNP>ON,0.7048377092944188,0.2951622907055812,IND>OTH>ON>GRN,0.7692658858842538,0.23073411411574624,IND>OTH>LNP>GRN,ON20,no_synthetic_priority
Melton,Western Victoria,ALP,ON,IND,0.5469995974953016,0.45300040250469836,0.04699959749530158,ON-IND,GRN>OTH>LNP>ALP,0.4368696272630733,0.5631303727369267,GRN>OTH>IND>ON,0.45046492968203483,0.5495350703179652,GRN>OTH>LNP>IND,Western Victoria,ALP,ON,IND,0.5467589542160335,0.45324104578396646,0.04675895421603349,ON-IND,GRN>OTH>LNP>ALP,0.4304497802585806,0.5695502197414194,GRN>OTH>IND>ON,0.44857827443554443,0.5514217255644556,GRN>OTH>LNP>IND,ON20,no_synthetic_priority
Mildura,Northern Victoria,LNP,LNP,IND,0.5371936988373146,0.46280630116268534,0.037193698837314604,LNP-IND,OTH>ALP>GRN>ON,0.26690210568046074,0.7330978943195393,OTH>GRN>ON>IND,0.35131480114343333,0.6486851988565667,OTH>GRN>LNP>IND,Northern Victoria,LNP,LNP,IND,0.5371470058506205,0.4628529941493796,0.037147005850620474,LNP-IND,OTH>ALP>GRN>ON,0.2668942651476927,0.7331057348523072,OTH>GRN>ON>IND,0.3513014036593061,0.6486985963406939,OTH>GRN>LNP>IND,ON20,no_synthetic_priority
Mill Park,North-Eastern Metro,ALP,ALP,ON,0.5474161881621218,0.45258381183787827,0.047416188162121786,ALP-ON,IND>GRN>OTH>LNP,0.5615476053537046,0.43845239464629543,IND>GRN>OTH>ON,0.5474161881621218,0.45258381183787827,IND>GRN>OTH>LNP,North-Eastern Metro,ALP,ALP,ON,0.5448940917758343,0.4551059082241658,0.044894091775834255,ALP-ON,IND>GRN>OTH>LNP,0.5577988938170404,0.44220110618295955,IND>GRN>OTH>ON,0.5448940917758343,0.4551059082241658,IND>GRN>OTH>LNP,ON20,no_synthetic_priority
Monbulk,Eastern Victoria,ALP,LNP,ALP,0.5333374522094295,0.4666625477905706,0.03333745220942952,LNP-ALP,OTH>IND>GRN>ON,0.4666625477905706,0.5333374522094295,OTH>IND>GRN>ON,0.46436867428080186,0.5356313257191982,OTH>IND>GRN>LNP,Eastern Victoria,ALP,LNP,ALP,0.5405205531709534,0.45947944682904657,0.04052055317095338,LNP-ALP,OTH>IND>GRN>ON,0.45947944682904657,0.5405205531709534,OTH>IND>GRN>ON,0.4560032559939396,0.5439967440060604,OTH>IND>GRN>LNP,ON20,no_synthetic_priority
Mordialloc,South-Eastern Metro,ALP,ALP,LNP,0.5129881558746217,0.4870118441253784,0.012988155874621654,ALP-LNP,OTH>IND>GRN>ON,0.5129881558746217,0.4870118441253784,OTH>IND>GRN>ON,0.5827016224375379,0.41729837756246224,OTH>IND>GRN>LNP,South-Eastern Metro,ALP,ALP,LNP,0.5074135317375673,0.49258646826243263,0.007413531737567314,ALP-LNP,OTH>IND>GRN>ON,0.5074135317375673,0.49258646826243263,OTH>IND>GRN>ON,0.5800067146345991,0.41999328536540104,OTH>IND>GRN>LNP,ON20,no_synthetic_priority
Mornington,Eastern Victoria,LNP,LNP,IND,0.6243754594188087,0.3756245405811913,0.12437545941880868,LNP-IND,OTH>GRN>ALP>ON,0.3184968951997878,0.6815031048002123,OTH>GRN>ON>IND,0.3628791294792188,0.6371208705207813,OTH>GRN>IND>LNP,Eastern Victoria,LNP,LNP,IND,0.6167543127396109,0.38324568726038916,0.1167543127396109,LNP-IND,OTH>GRN>ALP>ON,0.316594824166064,0.683405175833936,OTH>GRN>ON>IND,0.3598300296593449,0.6401699703406551,OTH>GRN>IND>LNP,ON20,no_synthetic_priority
Morwell,Eastern Victoria,LNP,LNP,ON,0.5036262753468946,0.4963737246531053,0.0036262753468946363,LNP-ON,GRN>OTH>IND>ALP,0.3695640193220295,0.6304359806779706,GRN>OTH>IND>ON,0.35002643488495516,0.6499735651150449,GRN>OTH>IND>LNP,Eastern Victoria,LNP,LNP,ON,0.5035253548614784,0.49647464513852163,0.0035253548614784247,LNP-ON,GRN>OTH>IND>ALP,0.36788245551892224,0.6321175444810777,GRN>OTH>IND>ON,0.3482864801996705,0.6517135198003294,GRN>OTH>IND>LNP,ON20,no_synthetic_priority
Mulgrave,South-Eastern Metro,ALP,ALP,ON,0.6958391687890001,0.3041608312109999,0.1958391687890001,ALP-ON,OTH>GRN>LNP>IND,0.6099442369354833,0.39005576306451667,OTH>GRN>IND>ON,0.6958391687890001,0.3041608312109999,OTH>GRN>LNP>IND,South-Eastern Metro,ALP,ALP,ON,0.7020918849372006,0.2979081150627993,0.20209188493720065,ALP-ON,OTH>GRN>LNP>IND,0.6071703452649845,0.3928296547350156,OTH>GRN>IND>ON,0.7020918849372006,0.2979081150627993,OTH>GRN>LNP>IND,ON20,no_synthetic_priority
Murray Plains,Northern Victoria,LNP,LNP,ON,0.6122634662149666,0.3877365337850334,0.11226346621496663,LNP-ON,IND>ALP>GRN>OTH,0.18458346443697218,0.8154165355630278,IND>GRN>OTH>ON,0.21785414903887973,0.7821458509611203,IND>GRN>OTH>LNP,Northern Victoria,LNP,LNP,ON,0.6120693208383282,0.38793067916167184,0.11206932083832821,LNP-ON,IND>ALP>GRN>OTH,0.17928935594577156,0.8207106440542284,IND>GRN>OTH>ON,0.21170275371240022,0.7882972462875998,IND>GRN>OTH>LNP,ON20,no_synthetic_priority
Narracan,Eastern Victoria,LNP,LNP,ON,0.6416777925525248,0.35832220744747517,0.14167779255252477,LNP-ON,OTH>IND>ALP>GRN,0.3622200117915976,0.6377799882084024,OTH>IND>GRN>ON,0.39035551835197274,0.6096444816480272,OTH>IND>GRN>LNP,Eastern Victoria,LNP,LNP,ON,0.6416777925525248,0.35832220744747517,0.14167779255252477,LNP-ON,OTH>IND>ALP>GRN,0.3622200117915976,0.6377799882084024,OTH>IND>GRN>ON,0.39035551835197274,0.6096444816480272,OTH>IND>GRN>LNP,ON20,no_synthetic_priority
Narre Warren North,South-Eastern Metro,ALP,ALP,ON,0.5164350020280634,0.4835649979719367,0.01643500202806336,ALP-ON,IND>GRN>OTH>LNP,0.5208945105030903,0.4791054894969096,IND>GRN>OTH>ON,0.5164350020280634,0.4835649979719367,IND>GRN>OTH>LNP,South-Eastern Metro,ALP,ALP,ON,0.5137861473458978,0.4862138526541022,0.013786147345897781,ALP-ON,IND>GRN>OTH>LNP,0.5171059919104938,0.4828940080895062,IND>GRN>OTH>ON,0.5137861473458978,0.4862138526541022,IND>GRN>OTH>LNP,ON20,no_synthetic_priority
Narre Warren South,South-Eastern Metro,ALP,ALP,ON,0.5282356139444113,0.4717643860555887,0.02823561394441132,ALP-ON,IND>OTH>GRN>LNP,0.5216040327622303,0.47839596723776967,IND>OTH>GRN>ON,0.5282356139444113,0.4717643860555887,IND>OTH>GRN>LNP,South-Eastern Metro,ALP,ALP,ON,0.5219007752467475,0.47809922475325256,0.021900775246747495,ALP-ON,IND>GRN>OTH>LNP,0.5173210133068477,0.48267898669315235,IND>GRN>OTH>ON,0.5219007752467475,0.47809922475325256,IND>GRN>OTH>LNP,ON20,no_synthetic_priority
Nepean,Eastern Victoria,LNP,LNP,ALP,0.6547643017652195,0.34523569823478056,0.1547643017652195,LNP-ALP,OTH>IND>GRN>ON,0.34523569823478056,0.6547643017652195,OTH>IND>GRN>ON,0.3976595285984466,0.6023404714015534,OTH>IND>GRN>LNP,Eastern Victoria,LNP,LNP,ALP,0.6587180605169725,0.3412819394830276,0.15871806051697246,LNP-ALP,OTH>IND>GRN>ON,0.3412819394830276,0.6587180605169725,OTH>IND>GRN>ON,0.3938965938389764,0.6061034061610237,OTH>IND>GRN>LNP,ON20,no_synthetic_priority
Niddrie,Western Metro,ALP,LNP,ALP,0.5169947917648587,0.48300520823514137,0.01699479176485874,LNP-ALP,IND>OTH>GRN>ON,0.48300520823514137,0.5169947917648587,IND>OTH>GRN>ON,0.5337344207235252,0.46626557927647494,IND>OTH>GRN>LNP,Western Metro,ALP,LNP,ALP,0.5213594039507781,0.47864059604922193,0.021359403950778066,LNP-ALP,IND>OTH>GRN>ON,0.47864059604922193,0.5213594039507781,IND>OTH>GRN>ON,0.5316448011667306,0.46835519883326937,IND>OTH>GRN>LNP,ON20,no_synthetic_priority
Northcote,Northern Metro,ALP,GRN,ALP,0.5441520806794002,0.45584791932059976,0.04415208067940024,GRN-ALP,IND>LNP>OTH>ON,0.7437154946154213,0.25628450538457875,IND>OTH>ON>GRN,0.7351646117340854,0.2648353882659146,IND>LNP>OTH>GRN,Northern Metro,ALP,GRN,ALP,0.5445499439953019,0.45545005600469807,0.04454994399530188,GRN-ALP,IND>LNP>OTH>ON,0.743721932738684,0.2562780672613161,IND>OTH>ON>GRN,0.7358096102944388,0.2641903897055613,IND>LNP>OTH>GRN,ON20,no_synthetic_priority
Oakleigh,Southern Metro,ALP,ALP,LNP,0.5590236764467867,0.44097632355321337,0.059023676446786744,ALP-LNP,OTH>IND>GRN>ON,0.5590236764467867,0.44097632355321337,OTH>IND>GRN>ON,0.6191931038481923,0.38080689615180785,OTH>IND>GRN>LNP,Southern Metro,ALP,ALP,LNP,0.5551886114969715,0.4448113885030285,0.05518861149697152,ALP-LNP,OTH>IND>GRN>ON,0.5551886114969715,0.4448113885030285,OTH>IND>GRN>ON,0.6176759323395408,0.38232406766045934,OTH>IND>GRN>LNP,ON20,no_synthetic_priority
Ovens Valley,Northern Victoria,LNP,LNP,ON,0.6153749401096781,0.38462505989032186,0.11537494010967808,LNP-ON,IND>ALP>OTH>GRN,0.26343179552845464,0.7365682044715454,IND>GRN>OTH>ON,0.27802399582000137,0.7219760041799986,IND>GRN>OTH>LNP,Northern Victoria,LNP,LNP,ON,0.6153749401096781,0.38462505989032186,0.11537494010967808,LNP-ON,IND>ALP>OTH>GRN,0.2630705718005313,0.7369294281994688,IND>GRN>OTH>ON,0.27768614778529854,0.7223138522147016,IND>GRN>OTH>LNP,ON20,no_synthetic_priority
Pakenham,Eastern Victoria,ALP,LNP,ON,0.5404130673134792,0.4595869326865209,0.040413067313479156,LNP-ON,IND>GRN>OTH>ALP,0.4024318505797432,0.5975681494202568,IND>GRN>OTH>ON,0.3854845646939228,0.6145154353060772,IND>GRN>OTH>LNP,Eastern Victoria,ALP,LNP,ON,0.5403965859436985,0.45960341405630156,0.04039658594369855,LNP-ON,IND>GRN>OTH>ALP,0.40240707549215327,0.5975929245078467,IND>GRN>OTH>ON,0.3854474213368909,0.6145525786631092,IND>GRN>OTH>LNP,ON20,no_synthetic_priority
Pascoe Vale,Northern Metro,ALP,ALP,GRN,0.5130141952143321,0.48698580478566794,0.013014195214332114,ALP-GRN,OTH>IND>LNP>ON,0.6261412621481742,0.37385873785182583,OTH>IND>ON>GRN,0.6715734874966428,0.32842651250335725,OTH>IND>LNP>GRN,Northern Metro,ALP,ALP,GRN,0.5103486346091736,0.4896513653908265,0.010348634609173568,ALP-GRN,OTH>IND>LNP>ON,0.6261153293415099,0.37388467065849007,OTH>IND>ON>GRN,0.6777862737538827,0.3222137262461174,OTH>IND>LNP>GRN,ON20,no_synthetic_priority
Point Cook,Western Metro,ALP,ALP,ON,0.513844179069273,0.4861558209307269,0.013844179069273044,ALP-ON,OTH>GRN>IND>LNP,0.526636921720393,0.473363078279607,OTH>GRN>IND>ON,0.513844179069273,0.4861558209307269,OTH>GRN>IND>LNP,Western Metro,ALP,ALP,ON,0.5132288463862563,0.4867711536137437,0.013228846386256321,ALP-ON,OTH>GRN>IND>LNP,0.5256147059765484,0.4743852940234516,OTH>GRN>IND>ON,0.5132288463862563,0.4867711536137437,OTH>GRN>IND>LNP,ON20,no_synthetic_priority
Polwarth,Western Victoria,LNP,LNP,GRN,0.6502975582864589,0.34970244171354115,0.15029755828645885,LNP-GRN,IND>OTH>ALP>ON,0.38286925298416324,0.6171307470158368,IND>OTH>GRN>ON,0.4158958487553626,0.5841041512446374,IND>OTH>GRN>LNP,Western Victoria,LNP,LNP,GRN,0.6503707721355864,0.3496292278644137,0.15037077213558636,LNP-GRN,IND>OTH>ALP>ON,0.37879594920330295,0.621204050796697,IND>OTH>GRN>ON,0.41135082030741416,0.5886491796925859,IND>OTH>GRN>LNP,ON20,no_synthetic_priority
Prahran,Southern Metro,Greens,GRN,LNP,0.5660168605391928,0.43398313946080724,0.06601686053919276,GRN-LNP,IND>OTH>ON>ALP,0.5747659526810054,0.42523404731899456,IND>OTH>ON>GRN,0.6937459978467737,0.30625400215322635,IND>OTH>LNP>GRN,Southern Metro,Greens,GRN,LNP,0.5660240990617631,0.43397590093823685,0.0660240990617631,GRN-LNP,IND>OTH>ON>ALP,0.5743879960983143,0.42561200390168574,IND>OTH>ON>GRN,0.6939300332489841,0.306069966751016,IND>OTH>LNP>GRN,ON20,no_synthetic_priority
Preston,Northern Metro,ALP,ALP,ON,0.6250681700400822,0.37493182995991786,0.1250681700400822,ALP-ON,OTH>LNP>IND>GRN,0.6077947421053843,0.39220525789461574,OTH>IND>GRN>ON,0.6250681700400822,0.37493182995991786,OTH>LNP>IND>GRN,Northern Metro,ALP,ALP,ON,0.6258769003809436,0.37412309961905643,0.12587690038094357,ALP-ON,OTH>LNP>IND>GRN,0.6084313732335326,0.3915686267664675,OTH>IND>GRN>ON,0.6258769003809436,0.37412309961905643,OTH>LNP>IND>GRN,ON20,no_synthetic_priority
Richmond,Northern Metro,GRN,GRN,ALP,0.5951468008053084,0.4048531991946917,0.09514680080530835,GRN-ALP,IND>OTH>LNP>ON,0.7386812551475986,0.2613187448524013,IND>OTH>ON>GRN,0.7731481291904825,0.2268518708095175,IND>OTH>LNP>GRN,Northern Metro,GRN,GRN,ALP,0.5988469047865859,0.40115309521341413,0.09884690478658587,GRN-ALP,IND>OTH>LNP>ON,0.7389602592138836,0.26103974078611636,IND>OTH>ON>GRN,0.7809466330047606,0.2190533669952394,IND>OTH>LNP>GRN,ON20,no_synthetic_priority
Ringwood,North-Eastern Metro,LNP,LNP,ALP,0.5037370194799543,0.49626298052004575,0.0037370194799543066,LNP-ALP,IND>OTH>ON>GRN,0.49626298052004575,0.5037370194799543,IND>OTH>ON>GRN,0.5795714541260956,0.4204285458739045,IND>OTH>GRN>LNP,North-Eastern Metro,LNP,LNP,ALP,0.5039619041368127,0.4960380958631873,0.003961904136812744,LNP-ALP,IND>OTH>ON>GRN,0.4960380958631873,0.5039619041368127,IND>OTH>ON>GRN,0.5766413685646918,0.4233586314353082,IND>OTH>GRN>LNP,ON20,no_synthetic_priority
Ripon,Western Victoria,ALP,ON,ALP,0.5991872619482423,0.4008127380517576,0.09918726194824234,ON-ALP,IND>GRN>OTH>LNP,0.4233694563329849,0.5766305436670152,IND>GRN>OTH>ON,0.4008127380517576,0.5991872619482423,IND>GRN>OTH>LNP,Western Victoria,ALP,ON,ALP,0.6025888960923486,0.39741110390765144,0.10258889609234856,ON-ALP,IND>GRN>OTH>LNP,0.4221812856060105,0.5778187143939896,IND>GRN>OTH>ON,0.39741110390765144,0.6025888960923486,IND>GRN>OTH>LNP,ON20,no_synthetic_priority
Rowville,South-Eastern Metro,LNP,LNP,ALP,0.6010936012757713,0.39890639872422873,0.10109360127577127,LNP-ALP,OTH>GRN>IND>ON,0.39890639872422873,0.6010936012757713,OTH>GRN>IND>ON,0.5063977920387552,0.4936022079612447,OTH>GRN>IND>LNP,South-Eastern Metro,LNP,LNP,ALP,0.6049931725204024,0.39500682747959764,0.10499317252040241,LNP-ALP,OTH>GRN>IND>ON,0.39500682747959764,0.6049931725204024,OTH>GRN>IND>ON,0.5049607347847914,0.4950392652152085,OTH>GRN>IND>LNP,ON20,no_synthetic_priority
Sandringham,Southern Metro,LNP,LNP,GRN,0.6290714514551785,0.3709285485448215,0.1290714514551785,LNP-GRN,OTH>IND>ON>ALP,0.3811583602426574,0.6188416397573425,OTH>IND>ON>GRN,0.5337902474271634,0.46620975257283664,OTH>IND>GRN>LNP,Southern Metro,LNP,LNP,GRN,0.6286338582652499,0.37136614173475013,0.12863385826524987,LNP-GRN,OTH>IND>ON>ALP,0.3804249656610193,0.6195750343389808,OTH>IND>ON>GRN,0.5313159270769477,0.46868407292305225,OTH>IND>GRN>LNP,ON20,no_synthetic_priority
Shepparton,Northern Victoria,LNP,LNP,IND,0.5904828114811271,0.4095171885188729,0.09048281148112713,LNP-IND,ALP>OTH>GRN>ON,0.24872816226252997,0.75127183773747,OTH>GRN>ON>IND,0.2836534677584152,0.7163465322415847,OTH>GRN>IND>LNP,Northern Victoria,LNP,LNP,IND,0.5904688094547942,0.4095311905452058,0.09046880945479419,LNP-IND,ALP>OTH>GRN>ON,0.24872816226252997,0.75127183773747,OTH>GRN>ON>IND,0.2835620637500306,0.7164379362499694,OTH>GRN>IND>LNP,ON20,no_synthetic_priority
South Barwon,Western Victoria,ALP,LNP,ALP,0.5264660545366777,0.4735339454633224,0.02646605453667772,LNP-ALP,IND>OTH>GRN>ON,0.4735339454633224,0.5264660545366777,IND>OTH>GRN>ON,0.5095757242281655,0.4904242757718344,IND>OTH>GRN>LNP,Western Victoria,ALP,LNP,ALP,0.5306099406428907,0.46939005935710926,0.030609940642890687,LNP-ALP,IND>OTH>GRN>ON,0.46939005935710926,0.5306099406428907,IND>OTH>GRN>ON,0.5053367962715826,0.49466320372841754,IND>OTH>GRN>LNP,ON20,no_synthetic_priority
South-West Coast,Western Victoria,LNP,LNP,IND,0.5837108292421118,0.41628917075788824,0.08371082924211182,LNP-IND,OTH>GRN>ALP>ON,0.33264919001838,0.6673508099816201,OTH>GRN>ON>IND,0.34568492859169103,0.6543150714083089,OTH>GRN>IND>LNP,Western Victoria,LNP,LNP,IND,0.5827934011013792,0.4172065988986208,0.08279340110137923,LNP-IND,OTH>GRN>ALP>ON,0.33083606613798394,0.6691639338620161,OTH>GRN>ON>IND,0.3452158417683216,0.6547841582316785,OTH>GRN>IND>LNP,ON20,no_synthetic_priority
St Albans,Western Metro,ALP,ALP,ON,0.5634635548098162,0.43653644519018386,0.06346355480981625,ALP-ON,IND>GRN>OTH>LNP,0.5514229694770697,0.4485770305229304,IND>GRN>OTH>ON,0.5634635548098162,0.43653644519018386,IND>GRN>OTH>LNP,Western Metro,ALP,ALP,ON,0.5627488138958776,0.43725118610412234,0.06274881389587761,ALP-ON,IND>GRN>OTH>LNP,0.5505474335132743,0.44945256648672566,IND>GRN>OTH>ON,0.5627488138958776,0.43725118610412234,IND>GRN>OTH>LNP,ON20,no_synthetic_priority
Sunbury,Western Metro,ALP,ON,ALP,0.5518924931506798,0.44810750684932027,0.051892493150679786,ON-ALP,IND>OTH>GRN>LNP,0.45890889697410664,0.5410911030258934,IND>OTH>GRN>ON,0.44810750684932027,0.5518924931506798,IND>OTH>GRN>LNP,Western Metro,ALP,ON,ALP,0.5572340300345805,0.44276596996541945,0.057234030034580496,ON-ALP,IND>OTH>GRN>LNP,0.4539695051194604,0.5460304948805396,IND>OTH>GRN>ON,0.44276596996541945,0.5572340300345805,IND>OTH>GRN>LNP,ON20,no_synthetic_priority
Sydenham,Western Metro,ALP,ALP,ON,0.5193642527463757,0.48063574725362446,0.019364252746375654,ALP-ON,IND>GRN>OTH>LNP,0.518543406145287,0.481456593854713,IND>GRN>OTH>ON,0.5193642527463757,0.48063574725362446,IND>GRN>OTH>LNP,Western Metro,ALP,ALP,ON,0.5175764412652197,0.48242355873478027,0.017576441265219733,ALP-ON,IND>GRN>OTH>LNP,0.5159163034345157,0.4840836965654844,IND>GRN>OTH>ON,0.5175764412652197,0.48242355873478027,IND>GRN>OTH>LNP,ON20,no_synthetic_priority
Tarneit,Western Metro,ALP,ALP,ON,0.5551925890720157,0.4448074109279843,0.05519258907201574,ALP-ON,IND>OTH>GRN>LNP,0.5510976985362354,0.4489023014637647,IND>OTH>GRN>ON,0.5551925890720157,0.4448074109279843,IND>OTH>GRN>LNP,Western Metro,ALP,ALP,ON,0.5517678840900354,0.4482321159099646,0.05176788409003541,ALP-ON,IND>OTH>GRN>LNP,0.5469834803147792,0.4530165196852208,IND>OTH>GRN>ON,0.5517678840900354,0.4482321159099646,IND>OTH>GRN>LNP,ON20,no_synthetic_priority
Thomastown,Northern Metro,ALP,ALP,ON,0.5798986187438779,0.4201013812561221,0.07989861874387794,ALP-ON,IND>GRN>OTH>LNP,0.6028883821300148,0.3971116178699852,IND>GRN>OTH>ON,0.5798986187438779,0.4201013812561221,IND>GRN>OTH>LNP,Northern Metro,ALP,ALP,ON,0.5788685770706117,0.4211314229293883,0.07886857707061168,ALP-ON,IND>GRN>OTH>LNP,0.602133532594215,0.39786646740578496,IND>GRN>OTH>ON,0.5788685770706117,0.4211314229293883,IND>GRN>OTH>LNP,ON20,no_synthetic_priority
Warrandyte,North-Eastern Metro,LNP,LNP,ALP,0.6223227668287525,0.37767723317124746,0.12232276682875254,LNP-ALP,IND>OTH>ON>GRN,0.37767723317124746,0.6223227668287525,IND>OTH>ON>GRN,0.5140663259682885,0.4859336740317115,IND>OTH>GRN>LNP,North-Eastern Metro,LNP,LNP,ALP,0.6263205766836175,0.3736794233163825,0.1263205766836175,LNP-ALP,IND>OTH>GRN>ON,0.3736794233163825,0.6263205766836175,IND>OTH>GRN>ON,0.511504022534718,0.48849597746528195,IND>OTH>GRN>LNP,ON20,no_synthetic_priority
Wendouree,Western Victoria,ALP,LNP,ALP,0.5028165383183165,0.4971834616816834,0.0028165383183165194,LNP-ALP,IND>OTH>GRN>ON,0.4971834616816834,0.5028165383183165,IND>OTH>GRN>ON,0.5136116471725399,0.48638835282746,IND>OTH>GRN>LNP,Western Victoria,ALP,LNP,ALP,0.50666105373118,0.49333894626882013,0.006661053731179978,LNP-ALP,IND>OTH>GRN>ON,0.49333894626882013,0.50666105373118,IND>OTH>GRN>ON,0.5096716381445459,0.49032836185545425,IND>OTH>GRN>LNP,ON20,no_synthetic_priority
Werribee,Western Metro,ALP,ON,ALP,0.53343661520655,0.46656338479345005,0.03343661520654995,ON-ALP,OTH>GRN>IND>LNP,0.5029252796045068,0.49707472039549316,OTH>GRN>IND>ON,0.46656338479345005,0.53343661520655,OTH>GRN>IND>LNP,Western Metro,ALP,ON,ALP,0.5349051718806088,0.4650948281193912,0.03490517188060882,ON-ALP,OTH>GRN>IND>LNP,0.5024284544268077,0.4975715455731923,OTH>GRN>IND>ON,0.4650948281193912,0.5349051718806088,OTH>GRN>IND>LNP,ON20,no_synthetic_priority
Williamstown,Western Metro,ALP,ALP,LNP,0.5831528988663198,0.41684710113368023,0.08315289886631982,ALP-LNP,IND>OTH>GRN>ON,0.5831528988663198,0.41684710113368023,IND>OTH>GRN>ON,0.6292890481382897,0.3707109518617103,IND>OTH>GRN>LNP,Western Metro,ALP,ALP,LNP,0.5796089056100518,0.42039109438994815,0.07960890561005185,ALP-LNP,IND>OTH>GRN>ON,0.5796089056100518,0.42039109438994815,IND>OTH>GRN>ON,0.6279907203326782,0.3720092796673218,IND>OTH>GRN>LNP,ON20,no_synthetic_priority
Yan Yean,Northern Victoria,ALP,LNP,ALP,0.5231355863183459,0.47686441368165416,0.02313558631834589,LNP-ALP,IND>GRN>OTH>ON,0.47686441368165416,0.5231355863183459,IND>GRN>OTH>ON,0.46660157601911423,0.5333984239808858,IND>GRN>OTH>LNP,Northern Victoria,ALP,LNP,ALP,0.5254302034256915,0.47456979657430853,0.025430203425691467,LNP-ALP,IND>GRN>OTH>ON,0.47456979657430853,0.5254302034256915,IND>GRN>OTH>ON,0.4629909668489645,0.5370090331510355,IND>GRN>OTH>LNP,ON20,no_synthetic_priority
Albert Park,Southern Metro,ALP,ALP,LNP,0.5345560877878072,0.4654439122121928,0.034556087787807166,ALP-LNP,OTH>IND>ON>GRN,0.5345560877878072,0.4654439122121928,OTH>IND>ON>GRN,0.6428554224207734,0.3571445775792265,OTH>IND>GRN>LNP,Southern Metro,ALP,ALP,LNP,0.5678570077837408,0.4321429922162591,0.06785700778374082,ALP-LNP,OTH>IND>ON>GRN,0.5678570077837408,0.4321429922162591,OTH>IND>ON>GRN,0.6643848564347868,0.3356151435652131,OTH>IND>GRN>LNP,ON20,simplified
Ashwood,Southern Metro,ALP,LNP,ALP,0.5220721287592721,0.47792787124072783,0.022072128759272114,LNP-ALP,OTH>IND>ON>GRN,0.47792787124072783,0.5220721287592721,OTH>IND>ON>GRN,0.6251245518847971,0.3748754481152029,OTH>IND>GRN>LNP,Southern Metro,ALP,LNP,ALP,0.5129802688179168,0.48701973118208314,0.012980268817916807,LNP-ALP,OTH>IND>ON>GRN,0.48701973118208314,0.5129802688179168,OTH>IND>ON>GRN,0.6200377084171782,0.3799622915828218,OTH>IND>GRN>LNP,ON20,simplified
Bass,Eastern Victoria,ALP,LNP,ALP,0.6100542335612639,0.3899457664387361,0.11005423356126387,LNP-ALP,OTH>IND>GRN>ON,0.3899457664387361,0.6100542335612639,OTH>IND>GRN>ON,0.3897057278468523,0.6102942721531477,OTH>IND>GRN>LNP,Eastern Victoria,ALP,LNP,ON,0.5799826402662999,0.4200173597337002,0.07998264026629986,LNP-ON,OTH>IND>GRN>ALP,0.36902867630893565,0.6309713236910643,OTH>IND>GRN>ON,0.37655497222408335,0.6234450277759166,OTH>IND>GRN>LNP,ON20,simplified
Bayswater,North-Eastern Metro,ALP,LNP,ALP,0.5664325623106023,0.43356743768939776,0.06643256231060235,LNP-ALP,IND>OTH>GRN>ON,0.43356743768939776,0.5664325623106023,IND>OTH>GRN>ON,0.5231472520263253,0.4768527479736748,IND>OTH>GRN>LNP,North-Eastern Metro,ALP,LNP,ALP,0.5598518798767187,0.4401481201232813,0.059851879876718694,LNP-ALP,IND>OTH>GRN>ON,0.4401481201232813,0.5598518798767187,IND>OTH>GRN>ON,0.5182199399280819,0.48178006007191815,IND>OTH>GRN>LNP,ON20,simplified
Bellarine,Western Victoria,ALP,ALP,LNP,0.5041706963756515,0.49582930362434857,0.004170696375651484,ALP-LNP,OTH>IND>GRN>ON,0.5041706963756515,0.49582930362434857,OTH>IND>GRN>ON,0.5326228517225526,0.46737714827744736,OTH>IND>GRN>LNP,Western Victoria,ALP,LNP,ALP,0.5079793633488386,0.4920206366511614,0.007979363348838642,LNP-ALP,OTH>IND>GRN>ON,0.4920206366511614,0.5079793633488386,OTH>IND>GRN>ON,0.5165267142947599,0.48347328570524,OTH>IND>GRN>LNP,ON20,simplified
Benambra,Northern Victoria,LNP,LNP,IND,0.5771509439637409,0.42284905603625916,0.07715094396374089,LNP-IND,ALP>OTH>GRN>ON,0.2821001603240108,0.7178998396759892,OTH>GRN>ON>IND,0.2790156420568224,0.7209843579431776,OTH>GRN>IND>LNP,Northern Victoria,LNP,LNP,IND,0.5768156801118683,0.42318431988813165,0.07681568011186835,LNP-IND,ALP>OTH>GRN>ON,0.25023414361737034,0.7497658563826297,OTH>GRN>ON>IND,0.3378351442942617,0.6621648557057384,OTH>GRN>LNP>IND,ON20,simplified
Bendigo East,Northern Victoria,ALP,ALP,LNP,0.5178717039351142,0.4821282960648859,0.01787170393511417,ALP-LNP,OTH>IND>GRN>ON,0.5178717039351142,0.4821282960648859,OTH>IND>GRN>ON,0.5564033167750311,0.4435966832249689,OTH>IND>GRN>LNP,Northern Victoria,ALP,ALP,LNP,0.5067785733352422,0.4932214266647578,0.006778573335242233,ALP-LNP,OTH>IND>GRN>ON,0.5067785733352422,0.4932214266647578,OTH>IND>GRN>ON,0.5438507591184627,0.45614924088153735,OTH>IND>GRN>LNP,ON20,simplified
Bendigo West,Northern Victoria,ALP,ALP,LNP,0.557636591759231,0.44236340824076903,0.05763659175923097,ALP-LNP,IND>OTH>GRN>ON,0.557636591759231,0.44236340824076903,IND>OTH>GRN>ON,0.5654583510302726,0.4345416489697274,IND>OTH>GRN>LNP,Northern Victoria,ALP,ALP,LNP,0.5452276312694577,0.4547723687305423,0.045227631269457724,ALP-LNP,IND>OTH>GRN>ON,0.5452276312694577,0.4547723687305423,IND>OTH>GRN>ON,0.5487479855049239,0.45125201449507624,IND>OTH>GRN>LNP,ON20,simplified
Bentleigh,Southern Metro,ALP,ALP,LNP,0.5020847361192577,0.49791526388074225,0.0020847361192577463,ALP-LNP,OTH>IND>GRN>ON,0.5020847361192577,0.49791526388074225,OTH>IND>GRN>ON,0.6129099702998658,0.38709002970013423,OTH>IND>GRN>LNP,Southern Metro,ALP,ALP,LNP,0.5086052350401955,0.49139476495980455,0.008605235040195502,ALP-LNP,OTH>IND>GRN>ON,0.5086052350401955,0.49139476495980455,OTH>IND>GRN>ON,0.6086383487360874,0.3913616512639126,OTH>IND>GRN>LNP,ON20,simplified
Berwick,South-Eastern Metro,LNP,LNP,ALP,0.6318158344681999,0.36818416553180006,0.1318158344681999,LNP-ALP,IND>OTH>GRN>ON,0.36818416553180006,0.6318158344681999,IND>OTH>GRN>ON,0.4123481671918077,0.5876518328081922,IND>OTH>GRN>LNP,South-Eastern Metro,LNP,LNP,ALP,0.6461680657723776,0.35383193422762244,0.14616806577237762,LNP-ALP,IND>OTH>GRN>ON,0.35383193422762244,0.6461680657723776,IND>OTH>GRN>ON,0.40012667595388113,0.5998733240461189,IND>OTH>GRN>LNP,ON20,simplified
Box Hill,North-Eastern Metro,ALP,LNP,ALP,0.5092342700205968,0.49076572997940315,0.009234270020596846,LNP-ALP,IND>OTH>ON>GRN,0.49076572997940315,0.5092342700205968,IND>OTH>ON>GRN,0.6327781132456785,0.36722188675432166,IND>OTH>GRN>LNP,North-Eastern Metro,ALP,LNP,ALP,0.5002597855525803,0.49974021444741973,0.0002597855525803272,LNP-ALP,IND>OTH>ON>GRN,0.49974021444741973,0.5002597855525803,IND>OTH>ON>GRN,0.626760876138789,0.3732391238612111,IND>OTH>GRN>LNP,ON20,simplified
Brighton,Southern Metro,LNP,LNP,GRN,0.626126750138383,0.37387324986161696,0.12612675013838304,LNP-GRN,OTH>IND>ON>ALP,0.3705627076087681,0.6294372923912319,OTH>IND>ON>GRN,0.5793283156068787,0.42067168439312125,OTH>IND>GRN>LNP,Southern Metro,LNP,LNP,GRN,0.589999127513347,0.4100008724866529,0.08999912751334704,LNP-GRN,OTH>IND>ON>ALP,0.40513679963541244,0.5948632003645876,OTH>IND>ON>GRN,0.6027542704687683,0.3972457295312318,OTH>IND>GRN>LNP,ON20,simplified
Broadmeadows,Northern Metro,ALP,ALP,ON,0.5760721773632974,0.4239278226367027,0.07607217736329741,ALP-ON,IND>GRN>OTH>LNP,0.5793758439066179,0.4206241560933822,IND>GRN>OTH>ON,0.5760721773632974,0.4239278226367027,IND>GRN>OTH>LNP,Northern Metro,ALP,ALP,ON,0.567364158297876,0.43263584170212394,0.06736415829787601,ALP-ON,IND>GRN>OTH>LNP,0.5978002944302497,0.4021997055697504,IND>GRN>OTH>ON,0.567364158297876,0.43263584170212394,IND>GRN>OTH>LNP,ON20,simplified
Brunswick,Northern Metro,GRN,GRN,ALP,0.6605031745840977,0.33949682541590237,0.16050317458409769,GRN-ALP,IND>LNP>OTH>ON,0.7218256991234409,0.2781743008765592,IND>OTH>ON>GRN,0.7499489268134493,0.25005107318655073,IND>LNP>OTH>GRN,Northern Metro,GRN,GRN,ALP,0.6616694382459883,0.33833056175401177,0.16166943824598834,GRN-ALP,IND>LNP>OTH>ON,0.7768400334918242,0.22315996650817588,IND>OTH>ON>GRN,0.771725070871722,0.22827492912827801,IND>LNP>OTH>GRN,ON20,simplified
Bulleen,North-Eastern Metro,LNP,LNP,ALP,0.6363675752225985,0.3636324247774016,0.13636757522259846,LNP-ALP,OTH>IND>ON>GRN,0.3636324247774016,0.6363675752225985,OTH>IND>ON>GRN,0.5595597632154985,0.44044023678450156,OTH>IND>GRN>LNP,North-Eastern Metro,LNP,LNP,ALP,0.6284971805051333,0.3715028194948668,0.12849718050513326,LNP-ALP,OTH>IND>ON>GRN,0.3715028194948668,0.6284971805051333,OTH>IND>ON>GRN,0.5540150165378518,0.4459849834621483,OTH>IND>GRN>LNP,ON20,simplified
Bundoora,North-Eastern Metro,ALP,ALP,LNP,0.5555204703548239,0.4444795296451761,0.05552047035482388,ALP-LNP,IND>OTH>GRN>ON,0.5555204703548239,0.4444795296451761,IND>OTH>GRN>ON,0.6372544408614083,0.3627455591385918,IND>OTH>GRN>LNP,North-Eastern Metro,ALP,ALP,LNP,0.5598975813801,0.44010241861989996,0.05989758138010004,ALP-LNP,IND>OTH>GRN>ON,0.5598975813801,0.44010241861989996,IND>OTH>GRN>ON,0.6314331035502508,0.3685668964497492,IND>OTH>GRN>LNP,ON20,simplified
Carrum,South-Eastern Metro,ALP,LNP,ALP,0.5031277301064698,0.49687226989353017,0.003127730106469828,LNP-ALP,IND>OTH>GRN>ON,0.49687226989353017,0.5031277301064698,IND>OTH>GRN>ON,0.4973183765757103,0.5026816234242898,IND>OTH>GRN>LNP,South-Eastern Metro,ALP,LNP,ALP,0.5176413374930043,0.4823586625069958,0.01764133749300434,LNP-ALP,IND>OTH>GRN>ON,0.4823586625069958,0.5176413374930043,IND>OTH>GRN>ON,0.48320349461416956,0.5167965053858304,IND>OTH>GRN>LNP,ON20,simplified
Caulfield,Southern Metro,LNP,LNP,GRN,0.6132796554819151,0.38672034451808485,0.1132796554819151,LNP-GRN,OTH>IND>ON>ALP,0.39674697950661736,0.6032530204933826,OTH>IND>ON>GRN,0.597158109564594,0.4028418904354061,OTH>IND>GRN>LNP,Southern Metro,LNP,LNP,GRN,0.5830717801973849,0.416928219802615,0.08307178019738493,LNP-GRN,OTH>IND>ON>ALP,0.42497480422066336,0.5750251957793368,OTH>IND>ON>GRN,0.6154927457276478,0.38450725427235233,OTH>IND>GRN>LNP,ON20,simplified
Clarinda,South-Eastern Metro,ALP,ALP,LNP,0.5268579408717762,0.4731420591282238,0.026857940871776176,ALP-LNP,OTH>IND>GRN>ON,0.5268579408717762,0.4731420591282238,OTH>IND>GRN>ON,0.5976790225276479,0.4023209774723521,OTH>IND>GRN>LNP,South-Eastern Metro,ALP,ALP,LNP,0.5408534461076847,0.45914655389231523,0.04085344610768471,ALP-LNP,OTH>IND>GRN>ON,0.5408534461076847,0.45914655389231523,OTH>IND>GRN>ON,0.5916332615663943,0.4083667384336057,OTH>IND>GRN>LNP,ON20,simplified
Cranbourne,South-Eastern Metro,ALP,ON,ALP,0.500000101943647,0.4999998980563531,1.0194364696847202e-07,ON-ALP,IND>GRN>OTH>LNP,0.49170904908655827,0.5082909509134418,IND>GRN>OTH>ON,0.4999998980563531,0.500000101943647,IND>GRN>OTH>LNP,South-Eastern Metro,ALP,ON,ALP,0.5049169692408981,0.49508303075910187,0.004916969240898128,ON-ALP,IND>GRN>OTH>LNP,0.5057009518807695,0.4942990481192306,IND>GRN>OTH>ON,0.49508303075910187,0.5049169692408981,IND>GRN>OTH>LNP,ON20,simplified
Croydon,North-Eastern Metro,LNP,LNP,ALP,0.6035930416289578,0.3964069583710423,0.10359304162895777,LNP-ALP,IND>OTH>GRN>ON,0.3964069583710423,0.6035930416289578,IND>OTH>GRN>ON,0.5050374415126112,0.4949625584873888,IND>OTH>GRN>LNP,North-Eastern Metro,LNP,LNP,ALP,0.5979218284281275,0.4020781715718726,0.09792182842812747,LNP-ALP,IND>OTH>GRN>ON,0.4020781715718726,0.5979218284281275,IND>OTH>GRN>ON,0.5006096222757165,0.4993903777242835,IND>OTH>GRN>LNP,ON20,simplified
Dandenong,South-Eastern Metro,ALP,ALP,ON,0.6067771322097932,0.39322286779020676,0.10677713220979324,ALP-ON,IND>OTH>GRN>LNP,0.6048737735259987,0.39512622647400125,IND>OTH>GRN>ON,0.6067771322097932,0.39322286779020676,IND>OTH>GRN>LNP,South-Eastern Metro,ALP,ALP,ON,0.6050497856184818,0.3949502143815182,0.10504978561848177,ALP-ON,IND>OTH>GRN>LNP,0.6162821205195709,0.3837178794804291,IND>OTH>GRN>ON,0.6050497856184818,0.3949502143815182,IND>OTH>GRN>LNP,ON20,simplified
Eildon,Northern Victoria,LNP,LNP,ALP,0.6454674929474948,0.3545325070525052,0.14546749294749484,LNP-ALP,IND>OTH>GRN>ON,0.3545325070525052,0.6454674929474948,IND>OTH>GRN>ON,0.37317762811595845,0.6268223718840416,IND>OTH>GRN>LNP,Northern Victoria,LNP,LNP,ON,0.618146030413553,0.3818539695864471,0.11814603041355298,LNP-ON,IND>OTH>GRN>ALP,0.3370070834453483,0.6629929165546518,IND>OTH>GRN>ON,0.3635109724273579,0.6364890275726421,IND>OTH>GRN>LNP,ON20,simplified
Eltham,North-Eastern Metro,ALP,ALP,LNP,0.5046227047477554,0.49537729525224466,0.004622704747755391,ALP-LNP,IND>OTH>GRN>ON,0.5046227047477554,0.49537729525224466,IND>OTH>GRN>ON,0.5846550135097075,0.4153449864902925,IND>OTH>GRN>LNP,North-Eastern Metro,ALP,ALP,LNP,0.5112593818334205,0.4887406181665796,0.011259381833420457,ALP-LNP,IND>OTH>GRN>ON,0.5112593818334205,0.4887406181665796,IND>OTH>GRN>ON,0.5811298352002644,0.41887016479973566,IND>OTH>GRN>LNP,ON20,simplified
Essendon,Northern Metro,ALP,ALP,LNP,0.5151369201982435,0.4848630798017565,0.01513692019824353,ALP-LNP,IND>OTH>GRN>ON,0.5151369201982435,0.4848630798017565,IND>OTH>GRN>ON,0.5762138320571061,0.4237861679428939,IND>OTH>GRN>LNP,Northern Metro,ALP,ALP,LNP,0.52472391751441,0.47527608248558995,0.024723917514410054,ALP-LNP,IND>OTH>GRN>ON,0.52472391751441,0.47527608248558995,IND>OTH>GRN>ON,0.5699267549040431,0.43007324509595696,IND>OTH>GRN>LNP,ON20,simplified
Eureka,Western Victoria,ALP,ON,ALP,0.5591349187145832,0.44086508128541674,0.05913491871458321,ON-ALP,IND>OTH>GRN>LNP,0.47324858717814344,0.5267514128218566,IND>OTH>GRN>ON,0.44086508128541674,0.5591349187145832,IND>OTH>GRN>LNP,Western Victoria,ALP,ON,ALP,0.5723851592248177,0.4276148407751823,0.0723851592248177,ON-ALP,IND>OTH>GRN>LNP,0.4516360385832864,0.5483639614167136,IND>OTH>GRN>ON,0.4276148407751823,0.5723851592248177,IND>OTH>GRN>LNP,ON20,simplified
Euroa,Northern Victoria,LNP,LNP,ON,0.614400313965518,0.38559968603448214,0.11440031396551797,LNP-ON,IND>OTH>GRN>ALP,0.3124203839544669,0.6875796160455332,IND>OTH>GRN>ON,0.3351675412916675,0.6648324587083326,IND>OTH>GRN>LNP,Northern Victoria,LNP,LNP,ON,0.613529337278464,0.3864706627215359,0.11352933727846404,LNP-ON,IND>OTH>GRN>ALP,0.29955995231850086,0.7004400476814993,IND>OTH>GRN>ON,0.33330718186379715,0.6666928181362028,IND>OTH>GRN>LNP,ON20,simplified
Evelyn,Eastern Victoria,LNP,LNP,ALP,0.6383674131566025,0.3616325868433975,0.1383674131566025,LNP-ALP,IND>OTH>GRN>ON,0.3616325868433975,0.6383674131566025,IND>OTH>GRN>ON,0.4149624897360049,0.5850375102639951,IND>OTH>GRN>LNP,Eastern Victoria,LNP,LNP,ALP,0.6508103670914623,0.3491896329085376,0.15081036709146234,LNP-ALP,IND>OTH>GRN>ON,0.3491896329085376,0.6508103670914623,IND>OTH>GRN>ON,0.40160232006071483,0.5983976799392852,IND>OTH>GRN>LNP,ON20,simplified
Footscray,Western Metro,ALP,ALP,GRN,0.5305111917779812,0.4694888082220188,0.030511191777981228,ALP-GRN,IND>OTH>LNP>ON,0.6520008312913045,0.3479991687086955,IND>OTH>ON>GRN,0.719821651143678,0.28017834885632203,IND>OTH>LNP>GRN,Western Metro,ALP,ALP,GRN,0.524113988027124,0.47588601197287606,0.024113988027123945,ALP-GRN,IND>OTH>LNP>ON,0.689214894507803,0.310785105492197,IND>OTH>ON>GRN,0.7537903199763639,0.24620968002363613,IND>OTH>LNP>GRN,ON20,simplified
Frankston,South-Eastern Metro,ALP,LNP,ALP,0.5052506486993664,0.4947493513006336,0.0052506486993664225,LNP-ALP,IND>OTH>GRN>ON,0.4947493513006336,0.5052506486993664,IND>OTH>GRN>ON,0.528479433857506,0.4715205661424941,IND>OTH>GRN>LNP,South-Eastern Metro,ALP,ALP,LNP,0.5050559374704963,0.4949440625295038,0.005055937470496263,ALP-LNP,IND>OTH>GRN>ON,0.5050559374704963,0.4949440625295038,IND>OTH>GRN>ON,0.5223206842429411,0.47767931575705896,IND>OTH>GRN>LNP,ON20,simplified
Geelong,Western Victoria,ALP,ALP,ON,0.5149358960193057,0.4850641039806943,0.014935896019305672,ALP-ON,OTH>IND>GRN>LNP,0.5228083849236633,0.4771916150763367,OTH>IND>GRN>ON,0.5149358960193057,0.4850641039806943,OTH>IND>GRN>LNP,Western Victoria,ALP,ON,ALP,0.5038461842561889,0.4961538157438112,0.003846184256188878,ON-ALP,OTH>IND>GRN>LNP,0.5089691605453456,0.4910308394546544,OTH>IND>GRN>ON,0.4961538157438112,0.5038461842561889,OTH>IND>GRN>LNP,ON20,simplified
Gippsland East,Eastern Victoria,LNP,LNP,ON,0.6311312220625116,0.3688687779374885,0.1311312220625116,LNP-ON,IND>ALP>OTH>GRN,0.2134935538344176,0.7865064461655825,IND>OTH>GRN>ON,0.23880402804443046,0.7611959719555694,IND>OTH>GRN>LNP,Eastern Victoria,LNP,LNP,ON,0.6196287299268712,0.3803712700731289,0.11962872992687124,LNP-ON,IND>ALP>OTH>GRN,0.19773754296552068,0.8022624570344794,IND>OTH>GRN>ON,0.23363193593440876,0.7663680640655911,IND>OTH>GRN>LNP,ON20,simplified
Gippsland South,Eastern Victoria,LNP,LNP,ON,0.6147739009240315,0.38522609907596844,0.1147739009240315,LNP-ON,OTH>IND>GRN>ALP,0.2692759302819692,0.7307240697180307,OTH>IND>GRN>ON,0.2936360976632645,0.7063639023367355,OTH>IND>GRN>LNP,Eastern Victoria,LNP,LNP,ON,0.6095432408143006,0.3904567591856995,0.10954324081430056,LNP-ON,OTH>IND>GRN>ALP,0.24928703694011617,0.7507129630598838,OTH>IND>GRN>ON,0.28232072418051923,0.7176792758194808,OTH>IND>GRN>LNP,ON20,simplified
Glen Waverley,North-Eastern Metro,ALP,LNP,ALP,0.5491803347062436,0.4508196652937564,0.04918033470624361,LNP-ALP,IND>OTH>ON>GRN,0.4508196652937564,0.5491803347062436,IND>OTH>ON>GRN,0.6064898098731675,0.3935101901268326,IND>OTH>GRN>LNP,North-Eastern Metro,ALP,LNP,ALP,0.5419493187226015,0.45805068127739845,0.04194931872260155,LNP-ALP,IND>OTH>ON>GRN,0.45805068127739845,0.5419493187226015,IND>OTH>ON>GRN,0.6029543047272573,0.39704569527274275,IND>OTH>GRN>LNP,ON20,simplified
Greenvale,Northern Metro,ALP,ALP,LNP,0.5414679454066599,0.45853205459334007,0.04146794540665988,ALP-LNP,IND>GRN>ON>OTH,0.5414679454066599,0.45853205459334007,IND>GRN>ON>OTH,0.5748648360600009,0.4251351639399991,IND>GRN>OTH>LNP,Northern Metro,ALP,ALP,LNP,0.5640419152872127,0.43595808471278735,0.0640419152872127,ALP-LNP,IND>GRN>OTH>ON,0.5640419152872127,0.43595808471278735,IND>GRN>OTH>ON,0.5663103876708127,0.4336896123291873,IND>GRN>OTH>LNP,ON20,simplified
Hastings,Eastern Victoria,ALP,LNP,ALP,0.5798687688704269,0.420131231129573,0.07986876887042693,LNP-ALP,IND>OTH>GRN>ON,0.420131231129573,0.5798687688704269,IND>OTH>GRN>ON,0.42013485009259527,0.5798651499074047,IND>OTH>GRN>LNP,Eastern Victoria,ALP,LNP,ALP,0.5969726069901035,0.4030273930098965,0.09697260699010346,LNP-ALP,IND>OTH>GRN>ON,0.4030273930098965,0.5969726069901035,IND>OTH>GRN>ON,0.41215811219782517,0.5878418878021748,IND>OTH>GRN>LNP,ON20,simplified
Hawthorn,Southern Metro,LNP,LNP,GRN,0.6707749976451912,0.32922500235480884,0.17077499764519122,LNP-GRN,OTH>ON>ALP>IND,0.41091967947124436,0.5890803205287556,OTH>ON>GRN>IND,0.6168582742209574,0.38314172577904254,OTH>GRN>IND>LNP,Southern Metro,LNP,LNP,GRN,0.6339273016841828,0.3660726983158173,0.13392730168418276,LNP-GRN,OTH>ON>ALP>IND,0.44866546603242113,0.5513345339675788,OTH>ON>GRN>IND,0.6586643437804021,0.34133565621959794,OTH>GRN>IND>LNP,ON20,simplified
Ivanhoe,North-Eastern Metro,ALP,ALP,LNP,0.5457897190492189,0.45421028095078103,0.04578971904921891,ALP-LNP,OTH>IND>ON>GRN,0.5457897190492189,0.45421028095078103,OTH>IND>ON>GRN,0.6395929453744448,0.36040705462555533,OTH>IND>GRN>LNP,North-Eastern Metro,ALP,ALP,LNP,0.5566025002052869,0.44339749979471316,0.0566025002052869,ALP-LNP,OTH>IND>ON>GRN,0.5566025002052869,0.44339749979471316,OTH>IND>ON>GRN,0.6340804333209078,0.36591956667909226,OTH>IND>GRN>LNP,ON20,simplified
Kalkallo,Northern Metro,ALP,ALP,ON,0.5660104140390425,0.4339895859609576,0.06601041403904251,ALP-ON,IND>GRN>OTH>LNP,0.5837229187934377,0.4162770812065623,IND>GRN>OTH>ON,0.5660104140390425,0.4339895859609576,IND>GRN>OTH>LNP,Northern Metro,ALP,ALP,ON,0.5505745377232301,0.44942546227677005,0.05057453772323006,ALP-ON,IND>GRN>OTH>LNP,0.5727045021400083,0.42729549785999177,IND>GRN>OTH>ON,0.5505745377232301,0.44942546227677005,IND>GRN>OTH>LNP,ON20,simplified
Kew,Southern Metro,LNP,LNP,IND,0.6355399977125219,0.36446000228747816,0.1355399977125219,LNP-IND,OTH>ON>GRN>ALP,0.3765234714601066,0.6234765285398934,OTH>ON>GRN>IND,0.6028725526408609,0.39712744735913913,OTH>GRN>IND>LNP,Southern Metro,LNP,LNP,IND,0.6127511846901507,0.3872488153098494,0.11275118469015066,LNP-IND,OTH>ON>ALP>GRN,0.410328173863659,0.5896718261363411,OTH>ON>GRN>IND,0.6407552660078356,0.3592447339921645,OTH>GRN>IND>LNP,ON20,simplified
Kororoit,Western Metro,ALP,ALP,ON,0.5662824847350098,0.43371751526499036,0.06628248473500975,ALP-ON,IND>GRN>OTH>LNP,0.5664773195304786,0.4335226804695214,IND>GRN>OTH>ON,0.5662824847350098,0.43371751526499036,IND>GRN>OTH>LNP,Western Metro,ALP,ALP,ON,0.5611155345740948,0.4388844654259053,0.0611155345740948,ALP-ON,IND>GRN>OTH>LNP,0.5827074092985095,0.4172925907014906,IND>GRN>OTH>ON,0.5611155345740948,0.4388844654259053,IND>GRN>OTH>LNP,ON20,simplified
Lara,Western Victoria,ALP,ON,ALP,0.5088108373981767,0.4911891626018234,0.008810837398176674,ON-ALP,IND>OTH>GRN>LNP,0.5403241580332934,0.45967584196670674,IND>OTH>GRN>ON,0.4911891626018234,0.5088108373981767,IND>OTH>GRN>LNP,Western Victoria,ALP,ON,ALP,0.5244276229337613,0.4755723770662387,0.024427622933761328,ON-ALP,IND>OTH>GRN>LNP,0.5233966263591768,0.4766033736408232,IND>OTH>GRN>ON,0.4755723770662387,0.5244276229337613,IND>OTH>GRN>LNP,ON20,simplified
Laverton,Western Metro,ALP,ALP,ON,0.5979103931474564,0.40208960685254364,0.09791039314745642,ALP-ON,IND>GRN>OTH>LNP,0.5833349534733515,0.41666504652664854,IND>GRN>OTH>ON,0.5979103931474564,0.40208960685254364,IND>GRN>OTH>LNP,Western Metro,ALP,ALP,ON,0.5919186783074779,0.40808132169252215,0.09191867830747791,ALP-ON,IND>GRN>OTH>LNP,0.6000429275604848,0.39995707243951517,IND>GRN>OTH>ON,0.5919186783074779,0.40808132169252215,IND>GRN>OTH>LNP,ON20,simplified
Lowan,Western Victoria,LNP,LNP,ON,0.6633158128371062,0.3366841871628939,0.16331581283710617,LNP-ON,IND>OTH>ALP>GRN,0.22266465455500856,0.7773353454449914,IND>OTH>GRN>ON,0.2609197591042189,0.7390802408957811,IND>OTH>GRN>LNP,Western Victoria,LNP,LNP,ON,0.6503641017345501,0.3496358982654499,0.15036410173455006,LNP-ON,IND>OTH>ALP>GRN,0.2082548794294279,0.7917451205705721,IND>OTH>GRN>ON,0.25502327576540323,0.7449767242345967,IND>OTH>GRN>LNP,ON20,simplified
Macedon,Northern Victoria,ALP,LNP,ALP,0.5007786787356394,0.49922132126436053,0.0007786787356394154,LNP-ALP,OTH>IND>GRN>ON,0.49922132126436053,0.5007786787356394,OTH>IND>GRN>ON,0.4860508934855552,0.5139491065144449,OTH>IND>GRN>LNP,Northern Victoria,ALP,LNP,ALP,0.5168333542487898,0.4831666457512101,0.016833354248789845,LNP-ALP,OTH>IND>GRN>ON,0.4831666457512101,0.5168333542487898,OTH>IND>GRN>ON,0.47607479196221436,0.5239252080377858,OTH>IND>GRN>LNP,ON20,simplified
Malvern,Southern Metro,LNP,LNP,GRN,0.6609705216219146,0.3390294783780854,0.1609705216219146,LNP-GRN,IND>OTH>ON>ALP,0.3440316712143093,0.6559683287856907,IND>OTH>ON>GRN,0.5919905377701171,0.4080094622298829,IND>OTH>GRN>LNP,Southern Metro,LNP,LNP,GRN,0.6397324324694185,0.36026756753058153,0.13973243246941847,LNP-GRN,IND>OTH>ON>ALP,0.36601179573007053,0.6339882042699294,IND>OTH>ON>GRN,0.6047629275616517,0.39523707243834827,IND>OTH>GRN>LNP,ON20,simplified
Melbourne,Northern Metro,GRN,GRN,ALP,0.6306754735220033,0.3693245264779967,0.13067547352200326,GRN-ALP,IND>OTH>LNP>ON,0.6574199790283753,0.3425800209716246,IND>OTH>ON>GRN,0.7355903448908319,0.26440965510916814,IND>OTH>LNP>GRN,Northern Metro,GRN,GRN,ALP,0.6373556455354584,0.36264435446454163,0.13735564553545843,GRN-ALP,IND>OTH>LNP>ON,0.7048377092944188,0.2951622907055812,IND>OTH>ON>GRN,0.7692658858842538,0.23073411411574624,IND>OTH>LNP>GRN,ON20,simplified
Melton,Western Victoria,ALP,ON,IND,0.5234975676343987,0.47650243236560136,0.023497567634398697,ON-IND,GRN>OTH>LNP>ALP,0.44923937787277957,0.5507606221272205,GRN>OTH>IND>ON,0.4669965827834731,0.5330034172165269,GRN>OTH>LNP>IND,Western Victoria,ALP,ON,IND,0.5467589542160335,0.45324104578396646,0.04675895421603349,ON-IND,GRN>OTH>LNP>ALP,0.4304497802585806,0.5695502197414194,GRN>OTH>IND>ON,0.44857827443554443,0.5514217255644556,GRN>OTH>LNP>IND,ON20,simplified
Mildura,Northern Victoria,LNP,LNP,IND,0.5382982600202805,0.4617017399797195,0.03829826002028047,LNP-IND,OTH>ALP>GRN>ON,0.29658243815299506,0.703417561847005,OTH>GRN>ON>IND,0.3740509209711643,0.6259490790288357,OTH>GRN>LNP>IND,Northern Victoria,LNP,LNP,IND,0.5371470058506205,0.4628529941493796,0.037147005850620474,LNP-IND,OTH>ALP>GRN>ON,0.2668942651476927,0.7331057348523072,OTH>GRN>ON>IND,0.3513014036593061,0.6486985963406939,OTH>GRN>LNP>IND,ON20,simplified
Mill Park,North-Eastern Metro,ALP,ALP,ON,0.5498157249121892,0.45018427508781084,0.04981572491218922,ALP-ON,IND>GRN>OTH>LNP,0.5461642056339079,0.45383579436609217,IND>GRN>OTH>ON,0.5498157249121892,0.45018427508781084,IND>GRN>OTH>LNP,North-Eastern Metro,ALP,ALP,ON,0.5448940917758343,0.4551059082241658,0.044894091775834255,ALP-ON,IND>GRN>OTH>LNP,0.5577988938170404,0.44220110618295955,IND>GRN>OTH>ON,0.5448940917758343,0.4551059082241658,IND>GRN>OTH>LNP,ON20,simplified
Monbulk,Eastern Victoria,ALP,LNP,ALP,0.5238405902385496,0.4761594097614504,0.023840590238549564,LNP-ALP,OTH>IND>GRN>ON,0.4761594097614504,0.5238405902385496,OTH>IND>GRN>ON,0.4806035128361704,0.5193964871638296,OTH>IND>GRN>LNP,Eastern Victoria,ALP,LNP,ALP,0.5405205531709534,0.45947944682904657,0.04052055317095338,LNP-ALP,OTH>IND>GRN>ON,0.45947944682904657,0.5405205531709534,OTH>IND>GRN>ON,0.4560032559939396,0.5439967440060604,OTH>IND>GRN>LNP,ON20,simplified
Mordialloc,South-Eastern Metro,ALP,LNP,ALP,0.5006336513072754,0.49936634869272467,0.0006336513072754402,LNP-ALP,OTH>IND>GRN>ON,0.49936634869272467,0.5006336513072754,OTH>IND>GRN>ON,0.5873646685540214,0.4126353314459786,OTH>IND>GRN>LNP,South-Eastern Metro,ALP,ALP,LNP,0.5074135317375673,0.49258646826243263,0.007413531737567314,ALP-LNP,OTH>IND>GRN>ON,0.5074135317375673,0.49258646826243263,OTH>IND>GRN>ON,0.5800067146345991,0.41999328536540104,OTH>IND>GRN>LNP,ON20,simplified
Mornington,Eastern Victoria,LNP,LNP,IND,0.6226146955604236,0.37738530443957646,0.12261469556042359,LNP-IND,OTH>GRN>ALP>ON,0.3298874292330055,0.6701125707669946,OTH>GRN>ON>IND,0.3830978535617194,0.6169021464382807,OTH>GRN>IND>LNP,Eastern Victoria,LNP,LNP,IND,0.6167543127396109,0.38324568726038916,0.1167543127396109,LNP-IND,OTH>GRN>ALP>ON,0.316594824166064,0.683405175833936,OTH>GRN>ON>IND,0.3598300296593449,0.6401699703406551,OTH>GRN>IND>LNP,ON20,simplified
Morwell,Eastern Victoria,LNP,LNP,ON,0.522129962954399,0.477870037045601,0.022129962954398952,LNP-ON,GRN>OTH>IND>ALP,0.3806772636320161,0.6193227363679839,GRN>OTH>IND>ON,0.36703398764024275,0.6329660123597572,GRN>OTH>IND>LNP,Eastern Victoria,LNP,LNP,ON,0.5035253548614784,0.49647464513852163,0.0035253548614784247,LNP-ON,GRN>OTH>IND>ALP,0.36788245551892224,0.6321175444810777,GRN>OTH>IND>ON,0.3482864801996705,0.6517135198003294,GRN>OTH>IND>LNP,ON20,simplified
Mulgrave,South-Eastern Metro,ALP,ALP,ON,0.7040906405130718,0.29590935948692826,0.2040906405130718,ALP-ON,OTH>GRN>LNP>IND,0.5931044381014599,0.40689556189854015,OTH>GRN>IND>ON,0.7040906405130718,0.29590935948692826,OTH>GRN>LNP>IND,South-Eastern Metro,ALP,ALP,ON,0.7020918849372006,0.2979081150627993,0.20209188493720065,ALP-ON,OTH>GRN>LNP>IND,0.6071703452649845,0.3928296547350156,OTH>GRN>IND>ON,0.7020918849372006,0.2979081150627993,OTH>GRN>LNP>IND,ON20,simplified
Murray Plains,Northern Victoria,LNP,LNP,ON,0.6317171271146345,0.3682828728853656,0.13171712711463446,LNP-ON,IND>ALP>OTH>GRN,0.20119117655269042,0.7988088234473096,IND>GRN>OTH>ON,0.22476357539508998,0.77523642460491,IND>GRN>OTH>LNP,Northern Victoria,LNP,LNP,ON,0.6120693208383282,0.38793067916167184,0.11206932083832821,LNP-ON,IND>ALP>GRN>OTH,0.17928935594577156,0.8207106440542284,IND>GRN>OTH>ON,0.21170275371240022,0.7882972462875998,IND>GRN>OTH>LNP,ON20,simplified
Narracan,Eastern Victoria,LNP,LNP,GRN,0.6623038563752826,0.33769614362471745,0.16230385637528255,LNP-GRN,OTH>IND>ALP>ON,0.375118654641559,0.624881345358441,OTH>IND>GRN>ON,0.3981327233114852,0.6018672766885148,OTH>IND>GRN>LNP,Eastern Victoria,LNP,LNP,ON,0.6416777925525248,0.35832220744747517,0.14167779255252477,LNP-ON,OTH>IND>ALP>GRN,0.3622200117915976,0.6377799882084024,OTH>IND>GRN>ON,0.39035551835197274,0.6096444816480272,OTH>IND>GRN>LNP,ON20,simplified
Narre Warren North,South-Eastern Metro,ALP,ALP,ON,0.5193424995155945,0.4806575004844055,0.019342499515594525,ALP-ON,IND>GRN>OTH>LNP,0.5051968857624266,0.49480311423757334,IND>GRN>OTH>ON,0.5193424995155945,0.4806575004844055,IND>GRN>OTH>LNP,South-Eastern Metro,ALP,ALP,ON,0.5137861473458978,0.4862138526541022,0.013786147345897781,ALP-ON,IND>GRN>OTH>LNP,0.5171059919104938,0.4828940080895062,IND>GRN>OTH>ON,0.5137861473458978,0.4862138526541022,IND>GRN>OTH>LNP,ON20,simplified
Narre Warren South,South-Eastern Metro,ALP,ALP,ON,0.5269151693006111,0.47308483069938895,0.026915169300611108,ALP-ON,IND>GRN>OTH>LNP,0.505877157322998,0.49412284267700196,IND>GRN>OTH>ON,0.5269151693006111,0.47308483069938895,IND>GRN>OTH>LNP,South-Eastern Metro,ALP,ALP,ON,0.5219007752467475,0.47809922475325256,0.021900775246747495,ALP-ON,IND>GRN>OTH>LNP,0.5173210133068477,0.48267898669315235,IND>GRN>OTH>ON,0.5219007752467475,0.47809922475325256,IND>GRN>OTH>LNP,ON20,simplified
Nepean,Eastern Victoria,LNP,LNP,ALP,0.6472814556149861,0.35271854438501393,0.14728145561498607,LNP-ALP,OTH>IND>GRN>ON,0.35271854438501393,0.6472814556149861,OTH>IND>GRN>ON,0.4067641100679742,0.5932358899320259,OTH>IND>GRN>LNP,Eastern Victoria,LNP,LNP,ALP,0.6587180605169725,0.3412819394830276,0.15871806051697246,LNP-ALP,OTH>IND>GRN>ON,0.3412819394830276,0.6587180605169725,OTH>IND>GRN>ON,0.3938965938389764,0.6061034061610237,OTH>IND>GRN>LNP,ON20,simplified
Niddrie,Western Metro,ALP,LNP,ALP,0.5286467498267833,0.4713532501732167,0.02864674982678328,LNP-ALP,IND>OTH>GRN>ON,0.4713532501732167,0.5286467498267833,IND>OTH>GRN>ON,0.5351344913871956,0.46486550861280446,IND>OTH>GRN>LNP,Western Metro,ALP,LNP,ALP,0.5213594039507781,0.47864059604922193,0.021359403950778066,LNP-ALP,IND>OTH>GRN>ON,0.47864059604922193,0.5213594039507781,IND>OTH>GRN>ON,0.5316448011667306,0.46835519883326937,IND>OTH>GRN>LNP,ON20,simplified
Northcote,Northern Metro,ALP,GRN,ALP,0.5411143511667125,0.45888564883328753,0.04111435116671247,GRN-ALP,IND>LNP>OTH>ON,0.6978077235055676,0.3021922764944324,IND>OTH>ON>GRN,0.7149077918669778,0.28509220813302216,IND>LNP>OTH>GRN,Northern Metro,ALP,GRN,ALP,0.5445499439953019,0.45545005600469807,0.04454994399530188,GRN-ALP,IND>LNP>OTH>ON,0.743721932738684,0.2562780672613161,IND>OTH>ON>GRN,0.7358096102944388,0.2641903897055613,IND>LNP>OTH>GRN,ON20,simplified
Oakleigh,Southern Metro,ALP,ALP,LNP,0.5474186090120677,0.45258139098793226,0.047418609012067736,ALP-LNP,OTH>IND>GRN>ON,0.5474186090120677,0.45258139098793226,OTH>IND>GRN>ON,0.6232171205124855,0.3767828794875146,OTH>IND>GRN>LNP,Southern Metro,ALP,ALP,LNP,0.5551886114969715,0.4448113885030285,0.05518861149697152,ALP-LNP,OTH>IND>GRN>ON,0.5551886114969715,0.4448113885030285,OTH>IND>GRN>ON,0.6176759323395408,0.38232406766045934,OTH>IND>GRN>LNP,ON20,simplified
Ovens Valley,Northern Victoria,LNP,LNP,ON,0.6372763799212884,0.3627236200787117,0.13727637992128838,LNP-ON,IND>ALP>OTH>GRN,0.28098550015974894,0.7190144998402511,IND>GRN>OTH>ON,0.29044583167588806,0.709554168324112,IND>GRN>OTH>LNP,Northern Victoria,LNP,LNP,ON,0.6153749401096781,0.38462505989032186,0.11537494010967808,LNP-ON,IND>ALP>OTH>GRN,0.2630705718005313,0.7369294281994688,IND>GRN>OTH>ON,0.27768614778529854,0.7223138522147016,IND>GRN>OTH>LNP,ON20,simplified
Pakenham,Eastern Victoria,ALP,LNP,ON,0.5533200316135586,0.4466799683864414,0.05332003161355858,LNP-ON,IND>GRN>OTH>ALP,0.4134647478630819,0.5865352521369182,IND>GRN>OTH>ON,0.40103431166980064,0.5989656883301994,IND>GRN>OTH>LNP,Eastern Victoria,ALP,LNP,ON,0.5403965859436985,0.45960341405630156,0.04039658594369855,LNP-ON,IND>GRN>OTH>ALP,0.40240707549215327,0.5975929245078467,IND>GRN>OTH>ON,0.3854474213368909,0.6145525786631092,IND>GRN>OTH>LNP,ON20,simplified
Pascoe Vale,Northern Metro,ALP,ALP,GRN,0.5090828343007593,0.49091716569924077,0.00908283430075929,ALP-GRN,OTH>IND>LNP>ON,0.6077187904483229,0.3922812095516772,OTH>IND>ON>GRN,0.6804645292894033,0.31953547071059685,OTH>IND>LNP>GRN,Northern Metro,ALP,ALP,GRN,0.5103486346091736,0.4896513653908265,0.010348634609173568,ALP-GRN,OTH>IND>LNP>ON,0.6261153293415099,0.37388467065849007,OTH>IND>ON>GRN,0.6777862737538827,0.3222137262461174,OTH>IND>LNP>GRN,ON20,simplified
Point Cook,Western Metro,ALP,ALP,ON,0.5191278760060547,0.4808721239939453,0.0191278760060547,ALP-ON,OTH>GRN>IND>LNP,0.5078459065066628,0.49215409349333716,OTH>GRN>IND>ON,0.5191278760060547,0.4808721239939453,OTH>GRN>IND>LNP,Western Metro,ALP,ALP,ON,0.5132288463862563,0.4867711536137437,0.013228846386256321,ALP-ON,OTH>GRN>IND>LNP,0.5256147059765484,0.4743852940234516,OTH>GRN>IND>ON,0.5132288463862563,0.4867711536137437,OTH>GRN>IND>LNP,ON20,simplified
Polwarth,Western Victoria,LNP,LNP,GRN,0.6246481815506923,0.37535181844930765,0.12464818155069235,LNP-GRN,IND>OTH>ALP>ON,0.3932236658492024,0.6067763341507977,IND>OTH>GRN>ON,0.4211182673444821,0.5788817326555179,IND>OTH>GRN>LNP,Western Victoria,LNP,LNP,GRN,0.6503707721355864,0.3496292278644137,0.15037077213558636,LNP-GRN,IND>OTH>ALP>ON,0.37879594920330295,0.621204050796697,IND>OTH>GRN>ON,0.41135082030741416,0.5886491796925859,IND>OTH>GRN>LNP,ON20,simplified
Prahran,Southern Metro,Greens,GRN,LNP,0.5412198886577818,0.45878011134221824,0.04121988865778181,GRN-LNP,IND>OTH>ON>ALP,0.5357205728607017,0.46427942713929826,IND>OTH>ON>GRN,0.654474765463094,0.345525234536906,IND>OTH>LNP>GRN,Southern Metro,Greens,GRN,LNP,0.5660240990617631,0.43397590093823685,0.0660240990617631,GRN-LNP,IND>OTH>ON>ALP,0.5743879960983143,0.42561200390168574,IND>OTH>ON>GRN,0.6939300332489841,0.306069966751016,IND>OTH>LNP>GRN,ON20,simplified
Preston,Northern Metro,ALP,ALP,ON,0.6326589286300366,0.3673410713699635,0.1326589286300366,ALP-ON,OTH>LNP>IND>GRN,0.5860783060825525,0.4139216939174476,OTH>IND>GRN>ON,0.6326589286300366,0.3673410713699635,OTH>LNP>IND>GRN,Northern Metro,ALP,ALP,ON,0.6258769003809436,0.37412309961905643,0.12587690038094357,ALP-ON,OTH>LNP>IND>GRN,0.6084313732335326,0.3915686267664675,OTH>IND>GRN>ON,0.6258769003809436,0.37412309961905643,OTH>LNP>IND>GRN,ON20,simplified
Richmond,Northern Metro,GRN,GRN,ALP,0.5928555468421111,0.407144453157889,0.09285554684211106,GRN-ALP,IND>OTH>LNP>ON,0.689076633546581,0.31092336645341906,IND>OTH>ON>GRN,0.7504283684438757,0.24957163155612427,IND>OTH>LNP>GRN,Northern Metro,GRN,GRN,ALP,0.5988469047865859,0.40115309521341413,0.09884690478658587,GRN-ALP,IND>OTH>LNP>ON,0.7389602592138836,0.26103974078611636,IND>OTH>ON>GRN,0.7809466330047606,0.2190533669952394,IND>OTH>LNP>GRN,ON20,simplified
Ringwood,North-Eastern Metro,LNP,LNP,ALP,0.5138597905800952,0.4861402094199048,0.013859790580095233,LNP-ALP,IND>OTH>ON>GRN,0.4861402094199048,0.5138597905800952,IND>OTH>ON>GRN,0.5818047764370113,0.41819522356298866,IND>OTH>GRN>LNP,North-Eastern Metro,LNP,LNP,ALP,0.5039619041368127,0.4960380958631873,0.003961904136812744,LNP-ALP,IND>OTH>ON>GRN,0.4960380958631873,0.5039619041368127,IND>OTH>ON>GRN,0.5766413685646918,0.4233586314353082,IND>OTH>GRN>LNP,ON20,simplified
Ripon,Western Victoria,ALP,ON,ALP,0.5896295945522338,0.4103704054477661,0.08962959455223385,ON-ALP,IND>GRN>OTH>LNP,0.44183999666424073,0.5581600033357593,IND>GRN>OTH>ON,0.4103704054477661,0.5896295945522338,IND>GRN>OTH>LNP,Western Victoria,ALP,ON,ALP,0.6025888960923486,0.39741110390765144,0.10258889609234856,ON-ALP,IND>GRN>OTH>LNP,0.4221812856060105,0.5778187143939896,IND>GRN>OTH>ON,0.39741110390765144,0.6025888960923486,IND>GRN>OTH>LNP,ON20,simplified
Rowville,South-Eastern Metro,LNP,LNP,ALP,0.614835905224722,0.38516409477527797,0.11483590522472198,LNP-ALP,OTH>GRN>IND>ON,0.38516409477527797,0.614835905224722,OTH>GRN>IND>ON,0.5120340611724666,0.4879659388275333,OTH>GRN>IND>LNP,South-Eastern Metro,LNP,LNP,ALP,0.6049931725204024,0.39500682747959764,0.10499317252040241,LNP-ALP,OTH>GRN>IND>ON,0.39500682747959764,0.6049931725204024,OTH>GRN>IND>ON,0.5049607347847914,0.4950392652152085,OTH>GRN>IND>LNP,ON20,simplified
Sandringham,Southern Metro,LNP,LNP,GRN,0.6397117789777519,0.3602882210222481,0.1397117789777519,LNP-GRN,OTH>IND>ON>ALP,0.36763779810023367,0.6323622018997663,OTH>IND>ON>GRN,0.5397015516585381,0.46029844834146194,OTH>IND>GRN>LNP,Southern Metro,LNP,LNP,GRN,0.6286338582652499,0.37136614173475013,0.12863385826524987,LNP-GRN,OTH>IND>ON>ALP,0.3804249656610193,0.6195750343389808,OTH>IND>ON>GRN,0.5313159270769477,0.46868407292305225,OTH>IND>GRN>LNP,ON20,simplified
Shepparton,Northern Victoria,LNP,LNP,IND,0.5924943914870655,0.4075056085129345,0.09249439148706551,LNP-IND,ALP>OTH>GRN>ON,0.2639228521155358,0.7360771478844642,OTH>GRN>ON>IND,0.31177438131430446,0.6882256186856955,OTH>GRN>IND>LNP,Northern Victoria,LNP,LNP,IND,0.5904688094547942,0.4095311905452058,0.09046880945479419,LNP-IND,ALP>OTH>GRN>ON,0.24872816226252997,0.75127183773747,OTH>GRN>ON>IND,0.2835620637500306,0.7164379362499694,OTH>GRN>IND>LNP,ON20,simplified
South Barwon,Western Victoria,ALP,LNP,ALP,0.5177841445668787,0.4822158554331214,0.017784144566878712,LNP-ALP,IND>OTH>GRN>ON,0.4822158554331214,0.5177841445668787,IND>OTH>GRN>ON,0.518895470870881,0.481104529129119,IND>OTH>GRN>LNP,Western Victoria,ALP,LNP,ALP,0.5306099406428907,0.46939005935710926,0.030609940642890687,LNP-ALP,IND>OTH>GRN>ON,0.46939005935710926,0.5306099406428907,IND>OTH>GRN>ON,0.5053367962715826,0.49466320372841754,IND>OTH>GRN>LNP,ON20,simplified
South-West Coast,Western Victoria,LNP,LNP,IND,0.5836277193540558,0.4163722806459442,0.08362771935405577,LNP-IND,OTH>GRN>ALP>ON,0.35379601001227184,0.6462039899877282,OTH>GRN>ON>IND,0.37391821059252894,0.6260817894074711,OTH>GRN>IND>LNP,Western Victoria,LNP,LNP,IND,0.5827934011013792,0.4172065988986208,0.08279340110137923,LNP-IND,OTH>GRN>ALP>ON,0.33083606613798394,0.6691639338620161,OTH>GRN>ON>IND,0.3452158417683216,0.6547841582316785,OTH>GRN>IND>LNP,ON20,simplified
St Albans,Western Metro,ALP,ALP,ON,0.5688237734365776,0.43117622656342247,0.06882377343657764,ALP-ON,IND>GRN>OTH>LNP,0.5341571543108763,0.46584284568912376,IND>GRN>OTH>ON,0.5688237734365776,0.43117622656342247,IND>GRN>OTH>LNP,Western Metro,ALP,ALP,ON,0.5627488138958776,0.43725118610412234,0.06274881389587761,ALP-ON,IND>GRN>OTH>LNP,0.5505474335132743,0.44945256648672566,IND>GRN>OTH>ON,0.5627488138958776,0.43725118610412234,IND>GRN>OTH>LNP,ON20,simplified
Sunbury,Western Metro,ALP,ON,ALP,0.5430728521197956,0.45692714788020444,0.04307285211979561,ON-ALP,IND>OTH>GRN>LNP,0.4676297049577406,0.5323702950422594,IND>OTH>GRN>ON,0.45692714788020444,0.5430728521197956,IND>OTH>GRN>LNP,Western Metro,ALP,ON,ALP,0.5572340300345805,0.44276596996541945,0.057234030034580496,ON-ALP,IND>OTH>GRN>LNP,0.4539695051194604,0.5460304948805396,IND>OTH>GRN>ON,0.44276596996541945,0.5572340300345805,IND>OTH>GRN>LNP,ON20,simplified
Sydenham,Western Metro,ALP,ALP,ON,0.5221521934601737,0.4778478065398263,0.02215219346017372,ALP-ON,IND>GRN>OTH>LNP,0.5031114049470883,0.4968885950529117,IND>GRN>OTH>ON,0.5221521934601737,0.4778478065398263,IND>GRN>OTH>LNP,Western Metro,ALP,ALP,ON,0.5175764412652197,0.48242355873478027,0.017576441265219733,ALP-ON,IND>GRN>OTH>LNP,0.5159163034345157,0.4840836965654844,IND>GRN>OTH>ON,0.5175764412652197,0.48242355873478027,IND>GRN>OTH>LNP,ON20,simplified
Tarneit,Western Metro,ALP,ALP,LNP,0.5374011023093768,0.46259889769062323,0.037401102309376766,ALP-LNP,IND>OTH>GRN>ON,0.5374011023093768,0.46259889769062323,IND>OTH>GRN>ON,0.5582003366992279,0.4417996633007722,IND>OTH>GRN>LNP,Western Metro,ALP,ALP,ON,0.5517678840900354,0.4482321159099646,0.05176788409003541,ALP-ON,IND>OTH>GRN>LNP,0.5469834803147792,0.4530165196852208,IND>OTH>GRN>ON,0.5517678840900354,0.4482321159099646,IND>OTH>GRN>LNP,ON20,simplified
Thomastown,Northern Metro,ALP,ALP,ON,0.5840814168263726,0.41591858317362745,0.0840814168263726,ALP-ON,IND>GRN>OTH>LNP,0.5872061235498203,0.4127938764501798,IND>GRN>OTH>ON,0.5840814168263726,0.41591858317362745,IND>GRN>OTH>LNP,Northern Metro,ALP,ALP,ON,0.5788685770706117,0.4211314229293883,0.07886857707061168,ALP-ON,IND>GRN>OTH>LNP,0.602133532594215,0.39786646740578496,IND>GRN>OTH>ON,0.5788685770706117,0.4211314229293883,IND>GRN>OTH>LNP,ON20,simplified
Warrandyte,North-Eastern Metro,LNP,LNP,ALP,0.6306447470451284,0.36935525295487165,0.1306447470451284,LNP-ALP,IND>OTH>ON>GRN,0.36935525295487165,0.6306447470451284,IND>OTH>ON>GRN,0.516342587772141,0.48365741222785896,IND>OTH>GRN>LNP,North-Eastern Metro,LNP,LNP,ALP,0.6263205766836175,0.3736794233163825,0.1263205766836175,LNP-ALP,IND>OTH>GRN>ON,0.3736794233163825,0.6263205766836175,IND>OTH>GRN>ON,0.511504022534718,0.48849597746528195,IND>OTH>GRN>LNP,ON20,simplified
Wendouree,Western Victoria,ALP,ALP,LNP,0.5059318967957737,0.49406810320422645,0.005931896795773661,ALP-LNP,IND>OTH>GRN>ON,0.5059318967957737,0.49406810320422645,IND>OTH>GRN>ON,0.5221048411072052,0.4778951588927949,IND>OTH>GRN>LNP,Western Victoria,ALP,LNP,ALP,0.50666105373118,0.49333894626882013,0.006661053731179978,LNP-ALP,IND>OTH>GRN>ON,0.49333894626882013,0.50666105373118,IND>OTH>GRN>ON,0.5096716381445459,0.49032836185545425,IND>OTH>GRN>LNP,ON20,simplified
Werribee,Western Metro,ALP,ON,ALP,0.518669688344014,0.48133031165598605,0.018669688344013946,ON-ALP,OTH>GRN>IND>LNP,0.5130185032952266,0.4869814967047734,OTH>GRN>IND>ON,0.48133031165598605,0.518669688344014,OTH>GRN>IND>LNP,Western Metro,ALP,ON,ALP,0.5349051718806088,0.4650948281193912,0.03490517188060882,ON-ALP,OTH>GRN>IND>LNP,0.5024284544268077,0.4975715455731923,OTH>GRN>IND>ON,0.4650948281193912,0.5349051718806088,OTH>GRN>IND>LNP,ON20,simplified
Williamstown,Western Metro,ALP,ALP,LNP,0.5471756622277287,0.4528243377722713,0.04717566222772873,ALP-LNP,IND>OTH>GRN>ON,0.5471756622277287,0.4528243377722713,IND>OTH>GRN>ON,0.6085297028253647,0.39147029717463533,IND>OTH>GRN>LNP,Western Metro,ALP,ALP,LNP,0.5796089056100518,0.42039109438994815,0.07960890561005185,ALP-LNP,IND>OTH>GRN>ON,0.5796089056100518,0.42039109438994815,IND>OTH>GRN>ON,0.6279907203326782,0.3720092796673218,IND>OTH>GRN>LNP,ON20,simplified
Yan Yean,Northern Victoria,ALP,LNP,ALP,0.5136620981857601,0.4863379018142399,0.013662098185760141,LNP-ALP,IND>GRN>OTH>ON,0.4863379018142399,0.5136620981857601,IND>GRN>OTH>ON,0.4773760815926569,0.5226239184073431,IND>GRN>OTH>LNP,Northern Victoria,ALP,LNP,ALP,0.5254302034256915,0.47456979657430853,0.025430203425691467,LNP-ALP,IND>GRN>OTH>ON,0.47456979657430853,0.5254302034256915,IND>GRN>OTH>ON,0.4629909668489645,0.5370090331510355,IND>GRN>OTH>LNP,ON20,simplified
Albert Park,Southern Metro,ALP,ALP,LNP,0.5622546699914455,0.43774533000855453,0.062254669991445466,ALP-LNP,OTH>IND>ON>GRN,0.5622546699914455,0.43774533000855453,OTH>IND>ON>GRN,0.6413428938975128,0.35865710610248724,OTH>IND>GRN>LNP,Southern Metro,ALP,ALP,LNP,0.5622546699914455,0.43774533000855453,0.062254669991445466,ALP-LNP,OTH>IND>ON>GRN,0.5622546699914455,0.43774533000855453,OTH>IND>ON>GRN,0.6413428938975128,0.35865710610248724,OTH>IND>GRN>LNP,ON24,reference
Ashwood,Southern Metro,ALP,LNP,ALP,0.5186496393127032,0.48135036068729675,0.018649639312703248,LNP-ALP,OTH>IND>ON>GRN,0.48135036068729675,0.5186496393127032,OTH>IND>ON>GRN,0.6025943212612176,0.3974056787387824,OTH>IND>GRN>LNP,Southern Metro,ALP,LNP,ALP,0.5186496393127032,0.48135036068729675,0.018649639312703248,LNP-ALP,OTH>IND>ON>GRN,0.48135036068729675,0.5186496393127032,OTH>IND>ON>GRN,0.6025943212612176,0.3974056787387824,OTH>IND>GRN>LNP,ON24,reference
Bass,Eastern Victoria,ALP,LNP,ON,0.5402251139900116,0.45977488600998834,0.04022511399001161,LNP-ON,OTH>IND>GRN>ALP,0.3601947025248527,0.6398052974751474,OTH>IND>GRN>ON,0.3547482054753756,0.6452517945246243,OTH>IND>GRN>LNP,Eastern Victoria,ALP,LNP,ON,0.5402251139900116,0.45977488600998834,0.04022511399001161,LNP-ON,OTH>IND>GRN>ALP,0.3601947025248527,0.6398052974751474,OTH>IND>GRN>ON,0.3547482054753756,0.6452517945246243,OTH>IND>GRN>LNP,ON24,reference
Bayswater,North-Eastern Metro,ALP,LNP,ALP,0.5648875474309896,0.4351124525690104,0.06488754743098957,LNP-ALP,IND>OTH>GRN>ON,0.4351124525690104,0.5648875474309896,IND>OTH>GRN>ON,0.49697085634391636,0.5030291436560836,IND>OTH>GRN>LNP,North-Eastern Metro,ALP,LNP,ALP,0.5648875474309896,0.4351124525690104,0.06488754743098957,LNP-ALP,IND>OTH>GRN>ON,0.4351124525690104,0.5648875474309896,IND>OTH>GRN>ON,0.49697085634391636,0.5030291436560836,IND>OTH>GRN>LNP,ON24,reference
Bellarine,Western Victoria,ALP,LNP,ALP,0.5140542637702862,0.4859457362297138,0.01405426377028618,LNP-ALP,OTH>IND>GRN>ON,0.4859457362297138,0.5140542637702862,OTH>IND>GRN>ON,0.5011464894933254,0.4988535105066747,OTH>IND>GRN>LNP,Western Victoria,ALP,LNP,ALP,0.5140542637702862,0.4859457362297138,0.01405426377028618,LNP-ALP,OTH>IND>GRN>ON,0.4859457362297138,0.5140542637702862,OTH>IND>GRN>ON,0.5011464894933254,0.4988535105066747,OTH>IND>GRN>LNP,ON24,reference
Benambra,Northern Victoria,LNP,LNP,IND,0.5842014821869774,0.4157985178130226,0.08420148218697743,LNP-IND,ALP>OTH>GRN>ON,0.24373037493653182,0.7562696250634682,OTH>GRN>ON>IND,0.31763741831634584,0.6823625816836542,OTH>GRN>LNP>IND,Northern Victoria,LNP,LNP,IND,0.5842014821869774,0.4157985178130226,0.08420148218697743,LNP-IND,ALP>OTH>GRN>ON,0.24373037493653182,0.7562696250634682,OTH>GRN>ON>IND,0.31763741831634584,0.6823625816836542,OTH>GRN>LNP>IND,ON24,reference
Bendigo East,Northern Victoria,ALP,LNP,ALP,0.5012482695647006,0.49875173043529947,0.0012482695647005881,LNP-ALP,OTH>IND>GRN>ON,0.49875173043529947,0.5012482695647006,OTH>IND>GRN>ON,0.5224561417735831,0.4775438582264168,OTH>IND>GRN>LNP,Northern Victoria,ALP,LNP,ALP,0.5012482695647006,0.49875173043529947,0.0012482695647005881,LNP-ALP,OTH>IND>GRN>ON,0.49875173043529947,0.5012482695647006,OTH>IND>GRN>ON,0.5224561417735831,0.4775438582264168,OTH>IND>GRN>LNP,ON24,reference
Bendigo West,Northern Victoria,ALP,ALP,ON,0.527594521357731,0.4724054786422691,0.027594521357730994,ALP-ON,IND>OTH>GRN>LNP,0.5363036504836564,0.46369634951634375,IND>OTH>GRN>ON,0.527594521357731,0.4724054786422691,IND>OTH>GRN>LNP,Northern Victoria,ALP,ALP,ON,0.527594521357731,0.4724054786422691,0.027594521357730994,ALP-ON,IND>OTH>GRN>LNP,0.5363036504836564,0.46369634951634375,IND>OTH>GRN>ON,0.527594521357731,0.4724054786422691,IND>OTH>GRN>LNP,ON24,reference
Bentleigh,Southern Metro,ALP,ALP,LNP,0.5030407164756805,0.4969592835243195,0.003040716475680494,ALP-LNP,OTH>IND>GRN>ON,0.5030407164756805,0.4969592835243195,OTH>IND>GRN>ON,0.5867813513303483,0.41321864866965174,OTH>IND>GRN>LNP,Southern Metro,ALP,ALP,LNP,0.5030407164756805,0.4969592835243195,0.003040716475680494,ALP-LNP,OTH>IND>GRN>ON,0.5030407164756805,0.4969592835243195,OTH>IND>GRN>ON,0.5867813513303483,0.41321864866965174,OTH>IND>GRN>LNP,ON24,reference
Berwick,South-Eastern Metro,LNP,LNP,ON,0.6002620533967314,0.3997379466032685,0.10026205339673144,LNP-ON,IND>OTH>GRN>ALP,0.3473112617553033,0.6526887382446966,IND>OTH>GRN>ON,0.3801127847080001,0.619887215292,IND>OTH>GRN>LNP,South-Eastern Metro,LNP,LNP,ON,0.6002620533967314,0.3997379466032685,0.10026205339673144,LNP-ON,IND>OTH>GRN>ALP,0.3473112617553033,0.6526887382446966,IND>OTH>GRN>ON,0.3801127847080001,0.619887215292,IND>OTH>GRN>LNP,ON24,reference
Box Hill,North-Eastern Metro,ALP,LNP,ALP,0.505103398781634,0.494896601218366,0.0051033987816340165,LNP-ALP,IND>OTH>ON>GRN,0.494896601218366,0.505103398781634,IND>OTH>ON>GRN,0.610978180357462,0.38902181964253807,IND>OTH>GRN>LNP,North-Eastern Metro,ALP,LNP,ALP,0.505103398781634,0.494896601218366,0.0051033987816340165,LNP-ALP,IND>OTH>ON>GRN,0.494896601218366,0.505103398781634,IND>OTH>ON>GRN,0.610978180357462,0.38902181964253807,IND>OTH>GRN>LNP,ON24,reference
Brighton,Southern Metro,LNP,LNP,GRN,0.5985073913140834,0.40149260868591663,0.09850739131408337,LNP-GRN,OTH>IND>ON>ALP,0.3999124093688101,0.6000875906311899,OTH>IND>ON>GRN,0.5843655874493275,0.41563441255067246,OTH>IND>GRN>LNP,Southern Metro,LNP,LNP,GRN,0.5985073913140834,0.40149260868591663,0.09850739131408337,LNP-GRN,OTH>IND>ON>ALP,0.3999124093688101,0.6000875906311899,OTH>IND>ON>GRN,0.5843655874493275,0.41563441255067246,OTH>IND>GRN>LNP,ON24,reference
Broadmeadows,Northern Metro,ALP,ALP,ON,0.5429940718667641,0.45700592813323604,0.04299407186676407,ALP-ON,IND>GRN>OTH>LNP,0.5897772956602597,0.41022270433974034,IND>GRN>OTH>ON,0.5429940718667641,0.45700592813323604,IND>GRN>OTH>LNP,Northern Metro,ALP,ALP,ON,0.5429940718667641,0.45700592813323604,0.04299407186676407,ALP-ON,IND>GRN>OTH>LNP,0.5897772956602597,0.41022270433974034,IND>GRN>OTH>ON,0.5429940718667641,0.45700592813323604,IND>GRN>OTH>LNP,ON24,reference
Brunswick,Northern Metro,GRN,GRN,ALP,0.6474714586258143,0.3525285413741856,0.14747145862581434,GRN-ALP,IND>LNP>OTH>ON,0.7731344289491149,0.2268655710508851,IND>OTH>ON>GRN,0.748012591954114,0.251987408045886,IND>LNP>OTH>GRN,Northern Metro,GRN,GRN,ALP,0.6474714586258143,0.3525285413741856,0.14747145862581434,GRN-ALP,IND>LNP>OTH>ON,0.7731344289491149,0.2268655710508851,IND>OTH>ON>GRN,0.748012591954114,0.251987408045886,IND>LNP>OTH>GRN,ON24,reference
Bulleen,North-Eastern Metro,LNP,LNP,ALP,0.6375724716971124,0.3624275283028877,0.1375724716971124,LNP-ALP,OTH>IND>GRN>ON,0.3624275283028877,0.6375724716971124,OTH>IND>GRN>ON,0.5365446676598853,0.4634553323401147,OTH>IND>GRN>LNP,North-Eastern Metro,LNP,LNP,ALP,0.6375724716971124,0.3624275283028877,0.1375724716971124,LNP-ALP,OTH>IND>GRN>ON,0.3624275283028877,0.6375724716971124,OTH>IND>GRN>ON,0.5365446676598853,0.4634553323401147,OTH>IND>GRN>LNP,ON24,reference
Bundoora,North-Eastern Metro,ALP,ALP,LNP,0.5563696888483032,0.4436303111516969,0.05636968884830318,ALP-LNP,IND>OTH>GRN>ON,0.5563696888483032,0.4436303111516969,IND>OTH>GRN>ON,0.6112709715504889,0.3887290284495111,IND>OTH>GRN>LNP,North-Eastern Metro,ALP,ALP,LNP,0.5563696888483032,0.4436303111516969,0.05636968884830318,ALP-LNP,IND>OTH>GRN>ON,0.5563696888483032,0.4436303111516969,IND>OTH>GRN>ON,0.6112709715504889,0.3887290284495111,IND>OTH>GRN>LNP,ON24,reference
Carrum,South-Eastern Metro,ALP,ON,ALP,0.537787548817946,0.46221245118205406,0.03778754881794599,ON-ALP,IND>OTH>GRN>LNP,0.4751643321751537,0.5248356678248464,IND>OTH>GRN>ON,0.46221245118205406,0.537787548817946,IND>OTH>GRN>LNP,South-Eastern Metro,ALP,ON,ALP,0.537787548817946,0.46221245118205406,0.03778754881794599,ON-ALP,IND>OTH>GRN>LNP,0.4751643321751537,0.5248356678248464,IND>OTH>GRN>ON,0.46221245118205406,0.537787548817946,IND>OTH>GRN>LNP,ON24,reference
Caulfield,Southern Metro,LNP,LNP,GRN,0.5920088542549342,0.4079911457450658,0.09200885425493421,LNP-GRN,OTH>IND>ON>ALP,0.418724057828483,0.581275942171517,OTH>IND>ON>GRN,0.5945849727681025,0.40541502723189743,OTH>IND>GRN>LNP,Southern Metro,LNP,LNP,GRN,0.5920088542549342,0.4079911457450658,0.09200885425493421,LNP-GRN,OTH>IND>ON>ALP,0.418724057828483,0.581275942171517,OTH>IND>ON>GRN,0.5945849727681025,0.40541502723189743,OTH>IND>GRN>LNP,ON24,reference
Clarinda,South-Eastern Metro,ALP,ALP,LNP,0.529286199301246,0.470713800698754,0.029286199301245985,ALP-LNP,OTH>GRN>IND>ON,0.529286199301246,0.470713800698754,OTH>GRN>IND>ON,0.565601698755349,0.43439830124465106,OTH>GRN>IND>LNP,South-Eastern Metro,ALP,ALP,LNP,0.529286199301246,0.470713800698754,0.029286199301245985,ALP-LNP,OTH>GRN>IND>ON,0.529286199301246,0.470713800698754,OTH>GRN>IND>ON,0.565601698755349,0.43439830124465106,OTH>GRN>IND>LNP,ON24,reference
Cranbourne,South-Eastern Metro,ALP,ON,ALP,0.5341313788827566,0.4658686211172433,0.034131378882756636,ON-ALP,IND>GRN>OTH>LNP,0.49559229342171063,0.5044077065782894,IND>GRN>OTH>ON,0.4658686211172433,0.5341313788827566,IND>GRN>OTH>LNP,South-Eastern Metro,ALP,ON,ALP,0.5341313788827566,0.4658686211172433,0.034131378882756636,ON-ALP,IND>GRN>OTH>LNP,0.49559229342171063,0.5044077065782894,IND>GRN>OTH>ON,0.4658686211172433,0.5341313788827566,IND>GRN>OTH>LNP,ON24,reference
Croydon,North-Eastern Metro,LNP,LNP,ALP,0.6034910075701774,0.3965089924298227,0.10349100757017737,LNP-ALP,IND>OTH>GRN>ON,0.3965089924298227,0.6034910075701774,IND>OTH>GRN>ON,0.47933683513250697,0.5206631648674931,IND>OTH>GRN>LNP,North-Eastern Metro,LNP,LNP,ALP,0.6034910075701774,0.3965089924298227,0.10349100757017737,LNP-ALP,IND>OTH>GRN>ON,0.3965089924298227,0.6034910075701774,IND>OTH>GRN>ON,0.47933683513250697,0.5206631648674931,IND>OTH>GRN>LNP,ON24,reference
Dandenong,South-Eastern Metro,ALP,ALP,ON,0.5782016093696545,0.4217983906303455,0.07820160936965448,ALP-ON,IND>OTH>GRN>LNP,0.6071977565723046,0.39280224342769543,IND>OTH>GRN>ON,0.5782016093696545,0.4217983906303455,IND>OTH>GRN>LNP,South-Eastern Metro,ALP,ALP,ON,0.5782016093696545,0.4217983906303455,0.07820160936965448,ALP-ON,IND>OTH>GRN>LNP,0.6071977565723046,0.39280224342769543,IND>OTH>GRN>ON,0.5782016093696545,0.4217983906303455,IND>OTH>GRN>LNP,ON24,reference
Eildon,Northern Victoria,LNP,LNP,ON,0.5795253250397241,0.42047467496027585,0.07952532503972409,LNP-ON,IND>OTH>GRN>ALP,0.3290019891953892,0.6709980108046109,IND>OTH>GRN>ON,0.3430051370126696,0.6569948629873303,IND>OTH>GRN>LNP,Northern Victoria,LNP,LNP,ON,0.5795253250397241,0.42047467496027585,0.07952532503972409,LNP-ON,IND>OTH>GRN>ALP,0.3290019891953892,0.6709980108046109,IND>OTH>GRN>ON,0.3430051370126696,0.6569948629873303,IND>OTH>GRN>LNP,ON24,reference
Eltham,North-Eastern Metro,ALP,ALP,LNP,0.5043150163327854,0.4956849836672146,0.004315016332785415,ALP-LNP,IND>OTH>GRN>ON,0.5043150163327854,0.4956849836672146,IND>OTH>GRN>ON,0.5584340521197672,0.4415659478802329,IND>OTH>GRN>LNP,North-Eastern Metro,ALP,ALP,LNP,0.5043150163327854,0.4956849836672146,0.004315016332785415,ALP-LNP,IND>OTH>GRN>ON,0.5043150163327854,0.4956849836672146,IND>OTH>GRN>ON,0.5584340521197672,0.4415659478802329,IND>OTH>GRN>LNP,ON24,reference
Essendon,Northern Metro,ALP,ALP,ON,0.5432346615526883,0.4567653384473118,0.04323466155268829,ALP-ON,IND>OTH>GRN>LNP,0.5174205761560945,0.48257942384390545,IND>OTH>GRN>ON,0.5432346615526883,0.4567653384473118,IND>OTH>GRN>LNP,Northern Metro,ALP,ALP,ON,0.5432346615526883,0.4567653384473118,0.04323466155268829,ALP-ON,IND>OTH>GRN>LNP,0.5174205761560945,0.48257942384390545,IND>OTH>GRN>ON,0.5432346615526883,0.4567653384473118,IND>OTH>GRN>LNP,ON24,reference
Eureka,Western Victoria,ALP,ON,ALP,0.5950832612347782,0.40491673876522183,0.09508326123477817,ON-ALP,IND>OTH>GRN>LNP,0.44217029634017346,0.5578297036598265,IND>OTH>GRN>ON,0.40491673876522183,0.5950832612347782,IND>OTH>GRN>LNP,Western Victoria,ALP,ON,ALP,0.5950832612347782,0.40491673876522183,0.09508326123477817,ON-ALP,IND>OTH>GRN>LNP,0.44217029634017346,0.5578297036598265,IND>OTH>GRN>ON,0.40491673876522183,0.5950832612347782,IND>OTH>GRN>LNP,ON24,reference
Euroa,Northern Victoria,LNP,LNP,ON,0.5721978358711717,0.42780216412882827,0.07219783587117168,LNP-ON,IND>OTH>GRN>ALP,0.28970671581769386,0.7102932841823061,IND>OTH>GRN>ON,0.3100725106997454,0.6899274893002546,IND>OTH>GRN>LNP,Northern Victoria,LNP,LNP,ON,0.5721978358711717,0.42780216412882827,0.07219783587117168,LNP-ON,IND>OTH>GRN>ALP,0.28970671581769386,0.7102932841823061,IND>OTH>GRN>ON,0.3100725106997454,0.6899274893002546,IND>OTH>GRN>LNP,ON24,reference
Evelyn,Eastern Victoria,LNP,LNP,ON,0.6263822327441402,0.37361776725585977,0.12638223274414018,LNP-ON,IND>OTH>GRN>ALP,0.3417962087629793,0.6582037912370208,IND>OTH>GRN>ON,0.3826115698383527,0.6173884301616474,IND>OTH>GRN>LNP,Eastern Victoria,LNP,LNP,ON,0.6263822327441402,0.37361776725585977,0.12638223274414018,LNP-ON,IND>OTH>GRN>ALP,0.3417962087629793,0.6582037912370208,IND>OTH>GRN>ON,0.3826115698383527,0.6173884301616474,IND>OTH>GRN>LNP,ON24,reference
Footscray,Western Metro,ALP,ALP,GRN,0.5404775670864616,0.45952243291353845,0.04047756708646155,ALP-GRN,IND>OTH>LNP>ON,0.6822719888167457,0.3177280111832544,IND>OTH>ON>GRN,0.7219007061059923,0.27809929389400767,IND>OTH>LNP>GRN,Western Metro,ALP,ALP,GRN,0.5404775670864616,0.45952243291353845,0.04047756708646155,ALP-GRN,IND>OTH>LNP>ON,0.6822719888167457,0.3177280111832544,IND>OTH>ON>GRN,0.7219007061059923,0.27809929389400767,IND>OTH>LNP>GRN,ON24,reference
Frankston,South-Eastern Metro,ALP,ON,ALP,0.5042056782638329,0.4957943217361672,0.0042056782638328905,ON-ALP,IND>OTH>GRN>LNP,0.49749973310988865,0.5025002668901113,IND>OTH>GRN>ON,0.4957943217361672,0.5042056782638329,IND>OTH>GRN>LNP,South-Eastern Metro,ALP,ON,ALP,0.5042056782638329,0.4957943217361672,0.0042056782638328905,ON-ALP,IND>OTH>GRN>LNP,0.49749973310988865,0.5025002668901113,IND>OTH>GRN>ON,0.4957943217361672,0.5042056782638329,IND>OTH>GRN>LNP,ON24,reference
Geelong,Western Victoria,ALP,ON,ALP,0.5312588356329738,0.46874116436702623,0.031258835632973825,ON-ALP,OTH>IND>GRN>LNP,0.49671675128021847,0.5032832487197816,OTH>IND>GRN>ON,0.46874116436702623,0.5312588356329738,OTH>IND>GRN>LNP,Western Victoria,ALP,ON,ALP,0.5312588356329738,0.46874116436702623,0.031258835632973825,ON-ALP,OTH>IND>GRN>LNP,0.49671675128021847,0.5032832487197816,OTH>IND>GRN>ON,0.46874116436702623,0.5312588356329738,OTH>IND>GRN>LNP,ON24,reference
Gippsland East,Eastern Victoria,LNP,LNP,ON,0.5729431734596214,0.4270568265403785,0.07294317345962142,LNP-ON,IND>ALP>OTH>GRN,0.18999845320032463,0.8100015467996753,IND>OTH>GRN>ON,0.21138224703731567,0.7886177529626842,IND>OTH>GRN>LNP,Eastern Victoria,LNP,LNP,ON,0.5729431734596214,0.4270568265403785,0.07294317345962142,LNP-ON,IND>ALP>OTH>GRN,0.18999845320032463,0.8100015467996753,IND>OTH>GRN>ON,0.21138224703731567,0.7886177529626842,IND>OTH>GRN>LNP,ON24,reference
Gippsland South,Eastern Victoria,LNP,LNP,ON,0.5663239914408633,0.4336760085591366,0.06632399144086332,LNP-ON,OTH>IND>GRN>ALP,0.24223215378411345,0.7577678462158866,OTH>IND>GRN>ON,0.26093204536234127,0.7390679546376587,OTH>IND>GRN>LNP,Eastern Victoria,LNP,LNP,ON,0.5663239914408633,0.4336760085591366,0.06632399144086332,LNP-ON,OTH>IND>GRN>ALP,0.24223215378411345,0.7577678462158866,OTH>IND>GRN>ON,0.26093204536234127,0.7390679546376587,OTH>IND>GRN>LNP,ON24,reference
Glen Waverley,North-Eastern Metro,ALP,LNP,ALP,0.5494215351357207,0.45057846486427927,0.04942153513572067,LNP-ALP,IND>OTH>GRN>ON,0.45057846486427927,0.5494215351357207,IND>OTH>GRN>ON,0.5861011459279549,0.4138988540720451,IND>OTH>GRN>LNP,North-Eastern Metro,ALP,LNP,ALP,0.5494215351357207,0.45057846486427927,0.04942153513572067,LNP-ALP,IND>OTH>GRN>ON,0.45057846486427927,0.5494215351357207,IND>OTH>GRN>ON,0.5861011459279549,0.4138988540720451,IND>OTH>GRN>LNP,ON24,reference
Greenvale,Northern Metro,ALP,ALP,ON,0.5464130965349483,0.4535869034650517,0.046413096534948295,ALP-ON,IND>GRN>OTH>LNP,0.5575846344310352,0.44241536556896477,IND>GRN>OTH>ON,0.5464130965349483,0.4535869034650517,IND>GRN>OTH>LNP,Northern Metro,ALP,ALP,ON,0.5464130965349483,0.4535869034650517,0.046413096534948295,ALP-ON,IND>GRN>OTH>LNP,0.5575846344310352,0.44241536556896477,IND>GRN>OTH>ON,0.5464130965349483,0.4535869034650517,IND>GRN>OTH>LNP,ON24,reference
Hastings,Eastern Victoria,ALP,LNP,ON,0.545510776560324,0.454489223439676,0.045510776560323984,LNP-ON,IND>OTH>GRN>ALP,0.3942462291907849,0.6057537708092151,IND>OTH>GRN>ON,0.3907493044148626,0.6092506955851373,IND>OTH>GRN>LNP,Eastern Victoria,ALP,LNP,ON,0.545510776560324,0.454489223439676,0.045510776560323984,LNP-ON,IND>OTH>GRN>ALP,0.3942462291907849,0.6057537708092151,IND>OTH>GRN>ON,0.3907493044148626,0.6092506955851373,IND>OTH>GRN>LNP,ON24,reference
Hawthorn,Southern Metro,LNP,LNP,IND,0.5915602568291091,0.40843974317089093,0.09156025682910907,LNP-IND,OTH>ON>ALP>GRN,0.4426350339468108,0.5573649660531893,OTH>ON>GRN>IND,0.6434272467728234,0.3565727532271767,OTH>GRN>IND>LNP,Southern Metro,LNP,LNP,IND,0.5915602568291091,0.40843974317089093,0.09156025682910907,LNP-IND,OTH>ON>ALP>GRN,0.4426350339468108,0.5573649660531893,OTH>ON>GRN>IND,0.6434272467728234,0.3565727532271767,OTH>GRN>IND>LNP,ON24,reference
Ivanhoe,North-Eastern Metro,ALP,ALP,LNP,0.5499112756220466,0.4500887243779535,0.04991127562204656,ALP-LNP,OTH>IND>ON>GRN,0.5499112756220466,0.4500887243779535,OTH>IND>ON>GRN,0.6128252230727874,0.3871747769272125,OTH>IND>GRN>LNP,North-Eastern Metro,ALP,ALP,LNP,0.5499112756220466,0.4500887243779535,0.04991127562204656,ALP-LNP,OTH>IND>ON>GRN,0.5499112756220466,0.4500887243779535,OTH>IND>ON>GRN,0.6128252230727874,0.3871747769272125,OTH>IND>GRN>LNP,ON24,reference
Kalkallo,Northern Metro,ALP,ALP,ON,0.5325816146624945,0.4674183853375055,0.03258161466249454,ALP-ON,IND>GRN>OTH>LNP,0.5643325656327027,0.43566743436729727,IND>GRN>OTH>ON,0.5325816146624945,0.4674183853375055,IND>GRN>OTH>LNP,Northern Metro,ALP,ALP,ON,0.5325816146624945,0.4674183853375055,0.03258161466249454,ALP-ON,IND>GRN>OTH>LNP,0.5643325656327027,0.43566743436729727,IND>GRN>OTH>ON,0.5325816146624945,0.4674183853375055,IND>GRN>OTH>LNP,ON24,reference
Kew,Southern Metro,LNP,LNP,IND,0.614616951832482,0.38538304816751806,0.114616951832482,LNP-IND,OTH>ON>GRN>ALP,0.40431916676383267,0.5956808332361674,OTH>ON>GRN>IND,0.6253906987503931,0.37460930124960695,OTH>GRN>IND>LNP,Southern Metro,LNP,LNP,IND,0.614616951832482,0.38538304816751806,0.114616951832482,LNP-IND,OTH>ON>GRN>ALP,0.40431916676383267,0.5956808332361674,OTH>ON>GRN>IND,0.6253906987503931,0.37460930124960695,OTH>GRN>IND>LNP,ON24,reference
Kororoit,Western Metro,ALP,ALP,ON,0.5378116422148423,0.4621883577851577,0.037811642214842345,ALP-ON,IND>GRN>OTH>LNP,0.5756709768935242,0.42432902310647574,IND>GRN>OTH>ON,0.5378116422148423,0.4621883577851577,IND>GRN>OTH>LNP,Western Metro,ALP,ALP,ON,0.5378116422148423,0.4621883577851577,0.037811642214842345,ALP-ON,IND>GRN>OTH>LNP,0.5756709768935242,0.42432902310647574,IND>GRN>OTH>ON,0.5378116422148423,0.4621883577851577,IND>GRN>OTH>LNP,ON24,reference
Lara,Western Victoria,ALP,ON,ALP,0.5512329122960354,0.4487670877039646,0.05123291229603544,ON-ALP,IND>OTH>GRN>LNP,0.5114879669346125,0.48851203306538754,IND>OTH>GRN>ON,0.4487670877039646,0.5512329122960354,IND>OTH>GRN>LNP,Western Victoria,ALP,ON,ALP,0.5512329122960354,0.4487670877039646,0.05123291229603544,ON-ALP,IND>OTH>GRN>LNP,0.5114879669346125,0.48851203306538754,IND>OTH>GRN>ON,0.4487670877039646,0.5512329122960354,IND>OTH>GRN>LNP,ON24,reference
Laverton,Western Metro,ALP,ALP,ON,0.5656967469937698,0.4343032530062301,0.06569674699376982,ALP-ON,IND>GRN>OTH>LNP,0.591472928046768,0.40852707195323196,IND>GRN>OTH>ON,0.5656967469937698,0.4343032530062301,IND>GRN>OTH>LNP,Western Metro,ALP,ALP,ON,0.5656967469937698,0.4343032530062301,0.06569674699376982,ALP-ON,IND>GRN>OTH>LNP,0.591472928046768,0.40852707195323196,IND>GRN>OTH>ON,0.5656967469937698,0.4343032530062301,IND>GRN>OTH>LNP,ON24,reference
Lowan,Western Victoria,LNP,LNP,ON,0.5990935365828465,0.4009064634171536,0.09909353658284648,LNP-ON,IND>OTH>GRN>ALP,0.20051863500014216,0.7994813649998579,IND>OTH>GRN>ON,0.2339442902420771,0.7660557097579229,IND>OTH>GRN>LNP,Western Victoria,LNP,LNP,ON,0.5990935365828465,0.4009064634171536,0.09909353658284648,LNP-ON,IND>OTH>GRN>ALP,0.20051863500014216,0.7994813649998579,IND>OTH>GRN>ON,0.2339442902420771,0.7660557097579229,IND>OTH>GRN>LNP,ON24,reference
Macedon,Northern Victoria,ALP,ON,ALP,0.5456384061364214,0.45436159386357855,0.04563840613642145,ON-ALP,OTH>IND>GRN>LNP,0.4733039930216632,0.5266960069783369,OTH>IND>GRN>ON,0.45436159386357855,0.5456384061364214,OTH>IND>GRN>LNP,Northern Victoria,ALP,ON,ALP,0.5456384061364214,0.45436159386357855,0.04563840613642145,ON-ALP,OTH>IND>GRN>LNP,0.4733039930216632,0.5266960069783369,OTH>IND>GRN>ON,0.45436159386357855,0.5456384061364214,OTH>IND>GRN>LNP,ON24,reference
Malvern,Southern Metro,LNP,LNP,GRN,0.6491235817279375,0.3508764182720625,0.1491235817279375,LNP-GRN,IND>OTH>ON>ALP,0.3594563499122036,0.6405436500877963,IND>OTH>ON>GRN,0.5872482521038642,0.41275174789613583,IND>OTH>GRN>LNP,Southern Metro,LNP,LNP,GRN,0.6491235817279375,0.3508764182720625,0.1491235817279375,LNP-GRN,IND>OTH>ON>ALP,0.3594563499122036,0.6405436500877963,IND>OTH>ON>GRN,0.5872482521038642,0.41275174789613583,IND>OTH>GRN>LNP,ON24,reference
Melbourne,Northern Metro,GRN,GRN,ALP,0.6213697934524596,0.3786302065475404,0.12136979345245957,GRN-ALP,IND>OTH>LNP>ON,0.6994507920156122,0.30054920798438783,IND>OTH>ON>GRN,0.7411804338795994,0.25881956612040063,IND>OTH>LNP>GRN,Northern Metro,GRN,GRN,ALP,0.6213697934524596,0.3786302065475404,0.12136979345245957,GRN-ALP,IND>OTH>LNP>ON,0.6994507920156122,0.30054920798438783,IND>OTH>ON>GRN,0.7411804338795994,0.25881956612040063,IND>OTH>LNP>GRN,ON24,reference
Melton,Western Victoria,ALP,ON,IND,0.5706111851831983,0.4293888148168017,0.07061118518319831,ON-IND,GRN>OTH>LNP>ALP,0.4187581462794663,0.5812418537205337,GRN>OTH>IND>ON,0.42261045258477903,0.577389547415221,GRN>OTH>LNP>IND,Western Victoria,ALP,ON,IND,0.5706111851831983,0.4293888148168017,0.07061118518319831,ON-IND,GRN>OTH>LNP>ALP,0.4187581462794663,0.5812418537205337,GRN>OTH>IND>ON,0.42261045258477903,0.577389547415221,GRN>OTH>LNP>IND,ON24,reference
Mildura,Northern Victoria,LNP,ON,IND,0.5029766378733128,0.49702336212668724,0.002976637873312815,ON-IND,OTH>ALP>GRN>LNP,0.25709114220125523,0.7429088577987447,OTH>GRN>ON>IND,0.3273700523879417,0.6726299476120583,OTH>GRN>LNP>IND,Northern Victoria,LNP,ON,IND,0.5029766378733128,0.49702336212668724,0.002976637873312815,ON-IND,OTH>ALP>GRN>LNP,0.25709114220125523,0.7429088577987447,OTH>GRN>ON>IND,0.3273700523879417,0.6726299476120583,OTH>GRN>LNP>IND,ON24,reference
Mill Park,North-Eastern Metro,ALP,ALP,ON,0.5163426876266562,0.4836573123733438,0.01634268762665625,ALP-ON,IND>GRN>OTH>LNP,0.5479739493177657,0.4520260506822343,IND>GRN>OTH>ON,0.5163426876266562,0.4836573123733438,IND>GRN>OTH>LNP,North-Eastern Metro,ALP,ALP,ON,0.5163426876266562,0.4836573123733438,0.01634268762665625,ALP-ON,IND>GRN>OTH>LNP,0.5479739493177657,0.4520260506822343,IND>GRN>OTH>ON,0.5163426876266562,0.4836573123733438,IND>GRN>OTH>LNP,ON24,reference
Monbulk,Eastern Victoria,ALP,LNP,ALP,0.5488339539394075,0.45116604606059246,0.04883395393940748,LNP-ALP,OTH>IND>GRN>ON,0.45116604606059246,0.5488339539394075,OTH>IND>GRN>ON,0.4364639853217026,0.5635360146782974,OTH>IND>GRN>LNP,Eastern Victoria,ALP,LNP,ALP,0.5488339539394075,0.45116604606059246,0.04883395393940748,LNP-ALP,OTH>IND>GRN>ON,0.45116604606059246,0.5488339539394075,OTH>IND>GRN>ON,0.4364639853217026,0.5635360146782974,OTH>IND>GRN>LNP,ON24,reference
Mordialloc,South-Eastern Metro,ALP,ALP,LNP,0.5014885911898996,0.49851140881010036,0.0014885911898996351,ALP-LNP,OTH>IND>GRN>ON,0.5014885911898996,0.49851140881010036,OTH>IND>GRN>ON,0.5552506392382623,0.4447493607617377,OTH>IND>GRN>LNP,South-Eastern Metro,ALP,ALP,LNP,0.5014885911898996,0.49851140881010036,0.0014885911898996351,ALP-LNP,OTH>IND>GRN>ON,0.5014885911898996,0.49851140881010036,OTH>IND>GRN>ON,0.5552506392382623,0.4447493607617377,OTH>IND>GRN>LNP,ON24,reference
Mornington,Eastern Victoria,LNP,LNP,IND,0.6243414829305001,0.3756585170695,0.12434148293050007,LNP-IND,OTH>GRN>ALP>ON,0.307582167074125,0.692417832925875,OTH>GRN>ON>IND,0.34271342244801817,0.6572865775519818,OTH>GRN>IND>LNP,Eastern Victoria,LNP,LNP,IND,0.6243414829305001,0.3756585170695,0.12434148293050007,LNP-IND,OTH>GRN>ALP>ON,0.307582167074125,0.692417832925875,OTH>GRN>ON>IND,0.34271342244801817,0.6572865775519818,OTH>GRN>IND>LNP,ON24,reference
Morwell,Eastern Victoria,LNP,ON,LNP,0.5406026504814045,0.4593973495185954,0.040602650481404545,ON-LNP,GRN>OTH>IND>ALP,0.3549077462596592,0.6450922537403408,GRN>OTH>IND>ON,0.3192574990809151,0.680742500919085,GRN>OTH>IND>LNP,Eastern Victoria,LNP,ON,LNP,0.5406026504814045,0.4593973495185954,0.040602650481404545,ON-LNP,GRN>OTH>IND>ALP,0.3549077462596592,0.6450922537403408,GRN>OTH>IND>ON,0.3192574990809151,0.680742500919085,GRN>OTH>IND>LNP,ON24,reference
Mulgrave,South-Eastern Metro,ALP,ALP,ON,0.6734225507982211,0.326577449201779,0.1734225507982211,ALP-ON,OTH>GRN>LNP>IND,0.6014461813131885,0.39855381868681156,OTH>GRN>IND>ON,0.6734225507982211,0.326577449201779,OTH>GRN>LNP>IND,South-Eastern Metro,ALP,ALP,ON,0.6734225507982211,0.326577449201779,0.1734225507982211,ALP-ON,OTH>GRN>LNP>IND,0.6014461813131885,0.39855381868681156,OTH>GRN>IND>ON,0.6734225507982211,0.326577449201779,OTH>GRN>LNP>IND,ON24,reference
Murray Plains,Northern Victoria,LNP,LNP,ON,0.5744706904625705,0.42552930953742946,0.07447069046257049,LNP-ON,IND>GRN>ALP>OTH,0.17515393527980908,0.8248460647201908,IND>GRN>OTH>ON,0.19321340353433883,0.8067865964656611,IND>GRN>OTH>LNP,Northern Victoria,LNP,LNP,ON,0.5744706904625705,0.42552930953742946,0.07447069046257049,LNP-ON,IND>GRN>ALP>OTH,0.17515393527980908,0.8248460647201908,IND>GRN>OTH>ON,0.19321340353433883,0.8067865964656611,IND>GRN>OTH>LNP,ON24,reference
Narracan,Eastern Victoria,LNP,LNP,ON,0.5823587273205935,0.41764127267940654,0.08235872732059346,LNP-ON,OTH>IND>GRN>ALP,0.3516672662471812,0.6483327337528189,OTH>IND>GRN>ON,0.36775705819076143,0.6322429418092386,OTH>IND>GRN>LNP,Eastern Victoria,LNP,LNP,ON,0.5823587273205935,0.41764127267940654,0.08235872732059346,LNP-ON,OTH>IND>GRN>ALP,0.3516672662471812,0.6483327337528189,OTH>IND>GRN>ON,0.36775705819076143,0.6322429418092386,OTH>IND>GRN>LNP,ON24,reference
Narre Warren North,South-Eastern Metro,ALP,ON,ALP,0.5149506804810492,0.48504931951895086,0.014950680481049194,ON-ALP,IND>GRN>OTH>LNP,0.5077721711095448,0.4922278288904553,IND>GRN>OTH>ON,0.48504931951895086,0.5149506804810492,IND>GRN>OTH>LNP,South-Eastern Metro,ALP,ON,ALP,0.5149506804810492,0.48504931951895086,0.014950680481049194,ON-ALP,IND>GRN>OTH>LNP,0.5077721711095448,0.4922278288904553,IND>GRN>OTH>ON,0.48504931951895086,0.5149506804810492,IND>GRN>OTH>LNP,ON24,reference
Narre Warren South,South-Eastern Metro,ALP,ON,ALP,0.506507880272015,0.4934921197279851,0.0065078802720149875,ON-ALP,IND>GRN>OTH>LNP,0.5077132927035861,0.492286707296414,IND>GRN>OTH>ON,0.4934921197279851,0.506507880272015,IND>GRN>OTH>LNP,South-Eastern Metro,ALP,ON,ALP,0.506507880272015,0.4934921197279851,0.0065078802720149875,ON-ALP,IND>GRN>OTH>LNP,0.5077132927035861,0.492286707296414,IND>GRN>OTH>ON,0.4934921197279851,0.506507880272015,IND>GRN>OTH>LNP,ON24,reference
Nepean,Eastern Victoria,LNP,LNP,ON,0.6242996571556744,0.37570034284432563,0.12429965715567437,LNP-ON,OTH>IND>GRN>ALP,0.333565667126081,0.6664343328739191,OTH>IND>GRN>ON,0.3743697197240742,0.6256302802759258,OTH>IND>GRN>LNP,Eastern Victoria,LNP,LNP,ON,0.6242996571556744,0.37570034284432563,0.12429965715567437,LNP-ON,OTH>IND>GRN>ALP,0.333565667126081,0.6664343328739191,OTH>IND>GRN>ON,0.3743697197240742,0.6256302802759258,OTH>IND>GRN>LNP,ON24,reference
Niddrie,Western Metro,ALP,ALP,ON,0.5018119229118693,0.4981880770881308,0.0018119229118692681,ALP-ON,IND>OTH>GRN>LNP,0.4717180514181985,0.5282819485818016,IND>OTH>GRN>ON,0.5018119229118693,0.4981880770881308,IND>OTH>GRN>LNP,Western Metro,ALP,ALP,ON,0.5018119229118693,0.4981880770881308,0.0018119229118692681,ALP-ON,IND>OTH>GRN>LNP,0.4717180514181985,0.5282819485818016,IND>OTH>GRN>ON,0.5018119229118693,0.4981880770881308,IND>OTH>GRN>LNP,ON24,reference
Northcote,Northern Metro,ALP,GRN,ALP,0.5292068590326576,0.47079314096734237,0.02920685903265763,GRN-ALP,IND>LNP>OTH>ON,0.7363527539135915,0.26364724608640866,IND>OTH>ON>GRN,0.7051866790342712,0.29481332096572876,IND>LNP>OTH>GRN,Northern Metro,ALP,GRN,ALP,0.5292068590326576,0.47079314096734237,0.02920685903265763,GRN-ALP,IND>LNP>OTH>ON,0.7363527539135915,0.26364724608640866,IND>OTH>ON>GRN,0.7051866790342712,0.29481332096572876,IND>LNP>OTH>GRN,ON24,reference
Oakleigh,Southern Metro,ALP,ALP,LNP,0.5480915187951414,0.4519084812048587,0.0480915187951414,ALP-LNP,OTH>IND>GRN>ON,0.5480915187951414,0.4519084812048587,OTH>IND>GRN>ON,0.5923824470702986,0.4076175529297013,OTH>IND>GRN>LNP,Southern Metro,ALP,ALP,LNP,0.5480915187951414,0.4519084812048587,0.0480915187951414,ALP-LNP,OTH>IND>GRN>ON,0.5480915187951414,0.4519084812048587,OTH>IND>GRN>ON,0.5923824470702986,0.4076175529297013,OTH>IND>GRN>LNP,ON24,reference
Ovens Valley,Northern Victoria,LNP,LNP,ON,0.5719601313072502,0.4280398686927499,0.07196013130725021,LNP-ON,IND>ALP>GRN>OTH,0.2540050846501843,0.7459949153498158,IND>GRN>OTH>ON,0.25654864356521395,0.7434513564347861,IND>GRN>OTH>LNP,Northern Victoria,LNP,LNP,ON,0.5719601313072502,0.4280398686927499,0.07196013130725021,LNP-ON,IND>ALP>GRN>OTH,0.2540050846501843,0.7459949153498158,IND>GRN>OTH>ON,0.25654864356521395,0.7434513564347861,IND>GRN>OTH>LNP,ON24,reference
Pakenham,Eastern Victoria,ALP,LNP,ON,0.5029610058021956,0.49703899419780434,0.0029610058021956043,LNP-ON,IND>GRN>OTH>ALP,0.390884265355723,0.6091157346442769,IND>GRN>OTH>ON,0.36129279735158054,0.6387072026484195,IND>GRN>OTH>LNP,Eastern Victoria,ALP,LNP,ON,0.5029610058021956,0.49703899419780434,0.0029610058021956043,LNP-ON,IND>GRN>OTH>ALP,0.390884265355723,0.6091157346442769,IND>GRN>OTH>ON,0.36129279735158054,0.6387072026484195,IND>GRN>OTH>LNP,ON24,reference
Pascoe Vale,Northern Metro,ALP,ALP,GRN,0.5264700128995132,0.4735299871004869,0.02647001289951323,ALP-GRN,OTH>IND>LNP>ON,0.6176682379119274,0.38233176208807257,OTH>IND>ON>GRN,0.6488970797375753,0.3511029202624248,OTH>IND>LNP>GRN,Northern Metro,ALP,ALP,GRN,0.5264700128995132,0.4735299871004869,0.02647001289951323,ALP-GRN,OTH>IND>LNP>ON,0.6176682379119274,0.38233176208807257,OTH>IND>ON>GRN,0.6488970797375753,0.3511029202624248,OTH>IND>LNP>GRN,ON24,reference
Point Cook,Western Metro,ALP,ON,ALP,0.5122275977242526,0.4877724022757473,0.012227597724252637,ON-ALP,GRN>OTH>IND>LNP,0.5212129847757251,0.478787015224275,GRN>OTH>IND>ON,0.4877724022757473,0.5122275977242526,GRN>OTH>IND>LNP,Western Metro,ALP,ON,ALP,0.5122275977242526,0.4877724022757473,0.012227597724252637,ON-ALP,GRN>OTH>IND>LNP,0.5212129847757251,0.478787015224275,GRN>OTH>IND>ON,0.4877724022757473,0.5122275977242526,GRN>OTH>IND>LNP,ON24,reference
Polwarth,Western Victoria,LNP,LNP,ALP,0.6290891638865279,0.37091083611347203,0.1290891638865279,LNP-ALP,IND>OTH>GRN>ON,0.37091083611347203,0.6290891638865279,IND>OTH>GRN>ON,0.3940185640382262,0.6059814359617738,IND>OTH>GRN>LNP,Western Victoria,LNP,LNP,ALP,0.6290891638865279,0.37091083611347203,0.1290891638865279,LNP-ALP,IND>OTH>GRN>ON,0.37091083611347203,0.6290891638865279,IND>OTH>GRN>ON,0.3940185640382262,0.6059814359617738,IND>OTH>GRN>LNP,ON24,reference
Prahran,Southern Metro,Greens,GRN,LNP,0.5624618566635233,0.4375381433364767,0.06246185666352333,GRN-LNP,IND>OTH>ALP>ON,0.5680707544368905,0.4319292455631096,IND>OTH>ON>GRN,0.6715815878398349,0.32841841216016504,IND>OTH>LNP>GRN,Southern Metro,Greens,GRN,LNP,0.5624618566635233,0.4375381433364767,0.06246185666352333,GRN-LNP,IND>OTH>ALP>ON,0.5680707544368905,0.4319292455631096,IND>OTH>ON>GRN,0.6715815878398349,0.32841841216016504,IND>OTH>LNP>GRN,ON24,reference
Preston,Northern Metro,ALP,ALP,ON,0.5937966404352366,0.4062033595647634,0.09379664043523661,ALP-ON,OTH>LNP>IND>GRN,0.598080542209797,0.40191945779020294,OTH>IND>GRN>ON,0.5937966404352366,0.4062033595647634,OTH>LNP>IND>GRN,Northern Metro,ALP,ALP,ON,0.5937966404352366,0.4062033595647634,0.09379664043523661,ALP-ON,OTH>LNP>IND>GRN,0.598080542209797,0.40191945779020294,OTH>IND>GRN>ON,0.5937966404352366,0.4062033595647634,OTH>LNP>IND>GRN,ON24,reference
Richmond,Northern Metro,GRN,GRN,ALP,0.5826321518768207,0.41736784812317923,0.08263215187682071,GRN-ALP,IND>OTH>LNP>ON,0.7346075694633667,0.2653924305366334,IND>OTH>ON>GRN,0.7548487003168252,0.24515129968317476,IND>OTH>LNP>GRN,Northern Metro,GRN,GRN,ALP,0.5826321518768207,0.41736784812317923,0.08263215187682071,GRN-ALP,IND>OTH>LNP>ON,0.7346075694633667,0.2653924305366334,IND>OTH>ON>GRN,0.7548487003168252,0.24515129968317476,IND>OTH>LNP>GRN,ON24,reference
Ringwood,North-Eastern Metro,LNP,LNP,ALP,0.5135016860744245,0.48649831392557547,0.01350168607442448,LNP-ALP,IND>OTH>GRN>ON,0.48649831392557547,0.5135016860744245,IND>OTH>GRN>ON,0.559407521391002,0.440592478608998,IND>OTH>GRN>LNP,North-Eastern Metro,LNP,LNP,ALP,0.5135016860744245,0.48649831392557547,0.01350168607442448,LNP-ALP,IND>OTH>GRN>ON,0.48649831392557547,0.5135016860744245,IND>OTH>GRN>ON,0.559407521391002,0.440592478608998,IND>OTH>GRN>LNP,ON24,reference
Ripon,Western Victoria,ALP,ON,ALP,0.625727928924343,0.37427207107565696,0.12572792892434304,ON-ALP,IND>GRN>OTH>LNP,0.41101030602661276,0.5889896939733873,IND>GRN>OTH>ON,0.37427207107565696,0.625727928924343,IND>GRN>OTH>LNP,Western Victoria,ALP,ON,ALP,0.625727928924343,0.37427207107565696,0.12572792892434304,ON-ALP,IND>GRN>OTH>LNP,0.41101030602661276,0.5889896939733873,IND>GRN>OTH>ON,0.37427207107565696,0.625727928924343,IND>GRN>OTH>LNP,ON24,reference
Rowville,South-Eastern Metro,LNP,LNP,ALP,0.6116895611132376,0.3883104388867624,0.11168956111323758,LNP-ALP,OTH>GRN>IND>ON,0.3883104388867624,0.6116895611132376,OTH>GRN>IND>ON,0.48521470995759525,0.5147852900424048,OTH>GRN>IND>LNP,South-Eastern Metro,LNP,LNP,ALP,0.6116895611132376,0.3883104388867624,0.11168956111323758,LNP-ALP,OTH>GRN>IND>ON,0.3883104388867624,0.6116895611132376,OTH>GRN>IND>ON,0.48521470995759525,0.5147852900424048,OTH>GRN>IND>LNP,ON24,reference
Sandringham,Southern Metro,LNP,LNP,ALP,0.6288623736588749,0.37113762634112524,0.12886237365887487,LNP-ALP,OTH>IND>GRN>ON,0.37113762634112524,0.6288623736588749,OTH>IND>GRN>ON,0.5127609282474428,0.48723907175255715,OTH>IND>GRN>LNP,Southern Metro,LNP,LNP,ALP,0.6288623736588749,0.37113762634112524,0.12886237365887487,LNP-ALP,OTH>IND>GRN>ON,0.37113762634112524,0.6288623736588749,OTH>IND>GRN>ON,0.5127609282474428,0.48723907175255715,OTH>IND>GRN>LNP,ON24,reference
Shepparton,Northern Victoria,LNP,LNP,IND,0.5995433335731521,0.40045666642684785,0.09954333357315215,LNP-IND,ALP>OTH>GRN>ON,0.24190018087669501,0.758099819123305,OTH>GRN>ON>IND,0.4008155688819507,0.5991844311180493,OTH>GRN>LNP>IND,Northern Victoria,LNP,LNP,IND,0.5995433335731521,0.40045666642684785,0.09954333357315215,LNP-IND,ALP>OTH>GRN>ON,0.24190018087669501,0.758099819123305,OTH>GRN>ON>IND,0.4008155688819507,0.5991844311180493,OTH>GRN>LNP>IND,ON24,reference
South Barwon,Western Victoria,ALP,LNP,ALP,0.5389896894425115,0.4610103105574885,0.038989689442511466,LNP-ALP,IND>OTH>GRN>ON,0.4610103105574885,0.5389896894425115,IND>OTH>GRN>ON,0.48439222477832017,0.5156077752216798,IND>OTH>GRN>LNP,Western Victoria,ALP,LNP,ALP,0.5389896894425115,0.4610103105574885,0.038989689442511466,LNP-ALP,IND>OTH>GRN>ON,0.4610103105574885,0.5389896894425115,IND>OTH>GRN>ON,0.48439222477832017,0.5156077752216798,IND>OTH>GRN>LNP,ON24,reference
South-West Coast,Western Victoria,LNP,LNP,IND,0.5892111021949227,0.4107888978050773,0.08921110219492268,LNP-IND,OTH>GRN>ALP>ON,0.3223668858421794,0.6776331141578207,OTH>GRN>ON>IND,0.32913737790603037,0.6708626220939697,OTH>GRN>IND>LNP,Western Victoria,LNP,LNP,IND,0.5892111021949227,0.4107888978050773,0.08921110219492268,LNP-IND,OTH>GRN>ALP>ON,0.3223668858421794,0.6776331141578207,OTH>GRN>ON>IND,0.32913737790603037,0.6708626220939697,OTH>GRN>IND>LNP,ON24,reference
St Albans,Western Metro,ALP,ALP,ON,0.5358674499215137,0.4641325500784863,0.035867449921513694,ALP-ON,IND>GRN>OTH>LNP,0.5422454711794488,0.4577545288205513,IND>GRN>OTH>ON,0.5358674499215137,0.4641325500784863,IND>GRN>OTH>LNP,Western Metro,ALP,ALP,ON,0.5358674499215137,0.4641325500784863,0.035867449921513694,ALP-ON,IND>GRN>OTH>LNP,0.5422454711794488,0.4577545288205513,IND>GRN>OTH>ON,0.5358674499215137,0.4641325500784863,IND>GRN>OTH>LNP,ON24,reference
Sunbury,Western Metro,ALP,ON,ALP,0.5810284825128295,0.4189715174871706,0.08102848251282946,ON-ALP,IND>OTH>GRN>LNP,0.4441541741031003,0.5558458258968997,IND>OTH>GRN>ON,0.4189715174871706,0.5810284825128295,IND>OTH>GRN>LNP,Western Metro,ALP,ON,ALP,0.5810284825128295,0.4189715174871706,0.08102848251282946,ON-ALP,IND>OTH>GRN>LNP,0.4441541741031003,0.5558458258968997,IND>OTH>GRN>ON,0.4189715174871706,0.5810284825128295,IND>OTH>GRN>LNP,ON24,reference
Sydenham,Western Metro,ALP,ON,ALP,0.509271588245131,0.49072841175486903,0.009271588245130968,ON-ALP,IND>GRN>OTH>LNP,0.5078619084337912,0.49213809156620875,IND>GRN>OTH>ON,0.49072841175486903,0.509271588245131,IND>GRN>OTH>LNP,Western Metro,ALP,ON,ALP,0.509271588245131,0.49072841175486903,0.009271588245130968,ON-ALP,IND>GRN>OTH>LNP,0.5078619084337912,0.49213809156620875,IND>GRN>OTH>ON,0.49072841175486903,0.509271588245131,IND>GRN>OTH>LNP,ON24,reference
Tarneit,Western Metro,ALP,ALP,ON,0.5306785013868721,0.46932149861312794,0.030678501386872115,ALP-ON,IND>GRN>OTH>LNP,0.5518438245040285,0.44815617549597164,IND>GRN>OTH>ON,0.5306785013868721,0.46932149861312794,IND>GRN>OTH>LNP,Western Metro,ALP,ALP,ON,0.5306785013868721,0.46932149861312794,0.030678501386872115,ALP-ON,IND>GRN>OTH>LNP,0.5518438245040285,0.44815617549597164,IND>GRN>OTH>ON,0.5306785013868721,0.46932149861312794,IND>GRN>OTH>LNP,ON24,reference
Thomastown,Northern Metro,ALP,ALP,ON,0.5524777270042404,0.44752227299575975,0.05247772700424036,ALP-ON,IND>GRN>OTH>LNP,0.5924594940657848,0.40754050593421526,IND>GRN>OTH>ON,0.5524777270042404,0.44752227299575975,IND>GRN>OTH>LNP,Northern Metro,ALP,ALP,ON,0.5524777270042404,0.44752227299575975,0.05247772700424036,ALP-ON,IND>GRN>OTH>LNP,0.5924594940657848,0.40754050593421526,IND>GRN>OTH>ON,0.5524777270042404,0.44752227299575975,IND>GRN>OTH>LNP,ON24,reference
Warrandyte,North-Eastern Metro,LNP,LNP,ALP,0.6317147686497444,0.36828523135025554,0.1317147686497444,LNP-ALP,IND>OTH>GRN>ON,0.36828523135025554,0.6317147686497444,IND>OTH>GRN>ON,0.49301655440190856,0.5069834455980915,IND>OTH>GRN>LNP,North-Eastern Metro,LNP,LNP,ALP,0.6317147686497444,0.36828523135025554,0.1317147686497444,LNP-ALP,IND>OTH>GRN>ON,0.36828523135025554,0.6317147686497444,IND>OTH>GRN>ON,0.49301655440190856,0.5069834455980915,IND>OTH>GRN>LNP,ON24,reference
Wendouree,Western Victoria,ALP,ON,ALP,0.515288351253158,0.4847116487468421,0.015288351253157972,ON-ALP,IND>OTH>GRN>LNP,0.4830792389838601,0.5169207610161399,IND>OTH>GRN>ON,0.4847116487468421,0.515288351253158,IND>OTH>GRN>LNP,Western Victoria,ALP,ON,ALP,0.515288351253158,0.4847116487468421,0.015288351253157972,ON-ALP,IND>OTH>GRN>LNP,0.4830792389838601,0.5169207610161399,IND>OTH>GRN>ON,0.4847116487468421,0.515288351253158,IND>OTH>GRN>LNP,ON24,reference
Werribee,Western Metro,ALP,ON,ALP,0.558197977536066,0.44180202246393396,0.05819797753606604,ON-ALP,GRN>OTH>IND>LNP,0.49307970387702416,0.5069202961229758,GRN>OTH>IND>ON,0.44180202246393396,0.558197977536066,GRN>OTH>IND>LNP,Western Metro,ALP,ON,ALP,0.558197977536066,0.44180202246393396,0.05819797753606604,ON-ALP,GRN>OTH>IND>LNP,0.49307970387702416,0.5069202961229758,GRN>OTH>IND>ON,0.44180202246393396,0.558197977536066,GRN>OTH>IND>LNP,ON24,reference
Williamstown,Western Metro,ALP,ALP,ON,0.5979362513538116,0.4020637486461885,0.09793625135381157,ALP-ON,IND>OTH>GRN>LNP,0.5731453545797661,0.42685464542023394,IND>OTH>GRN>ON,0.5979362513538116,0.4020637486461885,IND>OTH>GRN>LNP,Western Metro,ALP,ALP,ON,0.5979362513538116,0.4020637486461885,0.09793625135381157,ALP-ON,IND>OTH>GRN>LNP,0.5731453545797661,0.42685464542023394,IND>OTH>GRN>ON,0.5979362513538116,0.4020637486461885,IND>OTH>GRN>LNP,ON24,reference
Yan Yean,Northern Victoria,ALP,ON,ALP,0.5580510246288717,0.44194897537112826,0.058051024628871684,ON-ALP,IND>GRN>OTH>LNP,0.4642047550871271,0.535795244912873,IND>GRN>OTH>ON,0.44194897537112826,0.5580510246288717,IND>GRN>OTH>LNP,Northern Victoria,ALP,ON,ALP,0.5580510246288717,0.44194897537112826,0.058051024628871684,ON-ALP,IND>GRN>OTH>LNP,0.4642047550871271,0.535795244912873,IND>GRN>OTH>ON,0.44194897537112826,0.5580510246288717,IND>GRN>OTH>LNP,ON24,reference
Albert Park,Southern Metro,ALP,ALP,LNP,0.56187963710746,0.43812036289254,0.06187963710746003,ALP-LNP,OTH>IND>ON>GRN,0.56187963710746,0.43812036289254,OTH>IND>ON>GRN,0.6438712785643637,0.3561287214356364,OTH>IND>GRN>LNP,Southern Metro,ALP,ALP,LNP,0.5622546699914455,0.43774533000855453,0.062254669991445466,ALP-LNP,OTH>IND>ON>GRN,0.5622546699914455,0.43774533000855453,OTH>IND>ON>GRN,0.6413428938975128,0.35865710610248724,OTH>IND>GRN>LNP,ON24,no_siphon
Ashwood,Southern Metro,ALP,LNP,ALP,0.5189622780467152,0.48103772195328476,0.018962278046715242,LNP-ALP,OTH>IND>ON>GRN,0.48103772195328476,0.5189622780467152,OTH>IND>ON>GRN,0.6033922622319052,0.39660773776809477,OTH>IND>GRN>LNP,Southern Metro,ALP,LNP,ALP,0.5186496393127032,0.48135036068729675,0.018649639312703248,LNP-ALP,OTH>IND>ON>GRN,0.48135036068729675,0.5186496393127032,OTH>IND>ON>GRN,0.6025943212612176,0.3974056787387824,OTH>IND>GRN>LNP,ON24,no_siphon
Bass,Eastern Victoria,ALP,LNP,ON,0.543208953462448,0.45679104653755204,0.04320895346244802,LNP-ON,OTH>IND>GRN>ALP,0.3591776441423835,0.6408223558576165,OTH>IND>GRN>ON,0.35575017532935077,0.6442498246706492,OTH>IND>GRN>LNP,Eastern Victoria,ALP,LNP,ON,0.5402251139900116,0.45977488600998834,0.04022511399001161,LNP-ON,OTH>IND>GRN>ALP,0.3601947025248527,0.6398052974751474,OTH>IND>GRN>ON,0.3547482054753756,0.6452517945246243,OTH>IND>GRN>LNP,ON24,no_siphon
Bayswater,North-Eastern Metro,ALP,LNP,ALP,0.5651269290941516,0.43487307090584837,0.06512692909415163,LNP-ALP,IND>OTH>GRN>ON,0.43487307090584837,0.5651269290941516,IND>OTH>GRN>ON,0.4978454557784774,0.5021545442215226,IND>OTH>GRN>LNP,North-Eastern Metro,ALP,LNP,ALP,0.5648875474309896,0.4351124525690104,0.06488754743098957,LNP-ALP,IND>OTH>GRN>ON,0.4351124525690104,0.5648875474309896,IND>OTH>GRN>ON,0.49697085634391636,0.5030291436560836,IND>OTH>GRN>LNP,ON24,no_siphon
Bellarine,Western Victoria,ALP,LNP,ALP,0.5146811138019838,0.4853188861980162,0.01468111380198378,LNP-ALP,OTH>IND>GRN>ON,0.4853188861980162,0.5146811138019838,OTH>IND>GRN>ON,0.5020099590913782,0.4979900409086218,OTH>IND>GRN>LNP,Western Victoria,ALP,LNP,ALP,0.5140542637702862,0.4859457362297138,0.01405426377028618,LNP-ALP,OTH>IND>GRN>ON,0.4859457362297138,0.5140542637702862,OTH>IND>GRN>ON,0.5011464894933254,0.4988535105066747,OTH>IND>GRN>LNP,ON24,no_siphon
Benambra,Northern Victoria,LNP,LNP,IND,0.5845304528224007,0.41546954717759926,0.08453045282240068,LNP-IND,ALP>OTH>GRN>ON,0.24372507232840052,0.7562749276715995,OTH>GRN>ON>IND,0.32246301643342434,0.6775369835665757,OTH>GRN>LNP>IND,Northern Victoria,LNP,LNP,IND,0.5842014821869774,0.4157985178130226,0.08420148218697743,LNP-IND,ALP>OTH>GRN>ON,0.24373037493653182,0.7562696250634682,OTH>GRN>ON>IND,0.31763741831634584,0.6823625816836542,OTH>GRN>LNP>IND,ON24,no_siphon
Bendigo East,Northern Victoria,ALP,LNP,ALP,0.5017961852309508,0.4982038147690491,0.0017961852309508197,LNP-ALP,OTH>IND>GRN>ON,0.4982038147690491,0.5017961852309508,OTH>IND>GRN>ON,0.5234433546312145,0.4765566453687855,OTH>IND>GRN>LNP,Northern Victoria,ALP,LNP,ALP,0.5012482695647006,0.49875173043529947,0.0012482695647005881,LNP-ALP,OTH>IND>GRN>ON,0.49875173043529947,0.5012482695647006,OTH>IND>GRN>ON,0.5224561417735831,0.4775438582264168,OTH>IND>GRN>LNP,ON24,no_siphon
Bendigo West,Northern Victoria,ALP,ALP,ON,0.5289972473645479,0.4710027526354522,0.028997247364547896,ALP-ON,IND>OTH>GRN>LNP,0.5358474396763168,0.4641525603236832,IND>OTH>GRN>ON,0.5289972473645479,0.4710027526354522,IND>OTH>GRN>LNP,Northern Victoria,ALP,ALP,ON,0.527594521357731,0.4724054786422691,0.027594521357730994,ALP-ON,IND>OTH>GRN>LNP,0.5363036504836564,0.46369634951634375,IND>OTH>GRN>ON,0.527594521357731,0.4724054786422691,IND>OTH>GRN>LNP,ON24,no_siphon
Bentleigh,Southern Metro,ALP,ALP,LNP,0.5027672242028883,0.4972327757971116,0.00276722420288833,ALP-LNP,OTH>IND>GRN>ON,0.5027672242028883,0.4972327757971116,OTH>IND>GRN>ON,0.5875411551412857,0.4124588448587143,OTH>IND>GRN>LNP,Southern Metro,ALP,ALP,LNP,0.5030407164756805,0.4969592835243195,0.003040716475680494,ALP-LNP,OTH>IND>GRN>ON,0.5030407164756805,0.4969592835243195,OTH>IND>GRN>ON,0.5867813513303483,0.41321864866965174,OTH>IND>GRN>LNP,ON24,no_siphon
Berwick,South-Eastern Metro,LNP,LNP,ON,0.6003749502269206,0.3996250497730794,0.10037495022692056,LNP-ON,IND>OTH>GRN>ALP,0.3472728323046785,0.6527271676953216,IND>OTH>GRN>ON,0.3801548743545751,0.6198451256454248,IND>OTH>GRN>LNP,South-Eastern Metro,LNP,LNP,ON,0.6002620533967314,0.3997379466032685,0.10026205339673144,LNP-ON,IND>OTH>GRN>ALP,0.3473112617553033,0.6526887382446966,IND>OTH>GRN>ON,0.3801127847080001,0.619887215292,IND>OTH>GRN>LNP,ON24,no_siphon
Box Hill,North-Eastern Metro,ALP,LNP,ALP,0.5052894003429079,0.49471059965709213,0.005289400342907924,LNP-ALP,IND>OTH>ON>GRN,0.49471059965709213,0.5052894003429079,IND>OTH>ON>GRN,0.612146448028048,0.38785355197195204,IND>OTH>GRN>LNP,North-Eastern Metro,ALP,LNP,ALP,0.505103398781634,0.494896601218366,0.0051033987816340165,LNP-ALP,IND>OTH>ON>GRN,0.494896601218366,0.505103398781634,IND>OTH>ON>GRN,0.610978180357462,0.38902181964253807,IND>OTH>GRN>LNP,ON24,no_siphon
Brighton,Southern Metro,LNP,LNP,GRN,0.5997838556794222,0.40021614432057784,0.09978385567942216,LNP-GRN,OTH>IND>ON>ALP,0.3991329851527552,0.6008670148472448,OTH>IND>ON>GRN,0.5896606724621094,0.41033932753789065,OTH>IND>GRN>LNP,Southern Metro,LNP,LNP,GRN,0.5985073913140834,0.40149260868591663,0.09850739131408337,LNP-GRN,OTH>IND>ON>ALP,0.3999124093688101,0.6000875906311899,OTH>IND>ON>GRN,0.5843655874493275,0.41563441255067246,OTH>IND>GRN>LNP,ON24,no_siphon
Broadmeadows,Northern Metro,ALP,ALP,ON,0.5495408962690761,0.45045910373092396,0.049540896269076096,ALP-ON,IND>GRN>OTH>LNP,0.5886958284027795,0.41130417159722055,IND>GRN>OTH>ON,0.5495408962690761,0.45045910373092396,IND>GRN>OTH>LNP,Northern Metro,ALP,ALP,ON,0.5429940718667641,0.45700592813323604,0.04299407186676407,ALP-ON,IND>GRN>OTH>LNP,0.5897772956602597,0.41022270433974034,IND>GRN>OTH>ON,0.5429940718667641,0.45700592813323604,IND>GRN>OTH>LNP,ON24,no_siphon
Brunswick,Northern Metro,GRN,GRN,ALP,0.6469072922124002,0.3530927077875998,0.14690729221240018,GRN-ALP,IND>LNP>OTH>ON,0.7729751561649564,0.22702484383504368,IND>OTH>ON>GRN,0.7529527217472648,0.24704727825273523,IND>LNP>OTH>GRN,Northern Metro,GRN,GRN,ALP,0.6474714586258143,0.3525285413741856,0.14747145862581434,GRN-ALP,IND>LNP>OTH>ON,0.7731344289491149,0.2268655710508851,IND>OTH>ON>GRN,0.748012591954114,0.251987408045886,IND>LNP>OTH>GRN,ON24,no_siphon
Bulleen,North-Eastern Metro,LNP,LNP,ALP,0.6377582773316569,0.36224172266834315,0.1377582773316569,LNP-ALP,OTH>IND>GRN>ON,0.36224172266834315,0.6377582773316569,OTH>IND>GRN>ON,0.536980927692989,0.4630190723070111,OTH>IND>GRN>LNP,North-Eastern Metro,LNP,LNP,ALP,0.6375724716971124,0.3624275283028877,0.1375724716971124,LNP-ALP,OTH>IND>GRN>ON,0.3624275283028877,0.6375724716971124,OTH>IND>GRN>ON,0.5365446676598853,0.4634553323401147,OTH>IND>GRN>LNP,ON24,no_siphon
Bundoora,North-Eastern Metro,ALP,ALP,LNP,0.5561586050407495,0.44384139495925057,0.05615860504074954,ALP-LNP,IND>OTH>GRN>ON,0.5561586050407495,0.44384139495925057,IND>OTH>GRN>ON,0.6118299428581345,0.3881700571418656,IND>OTH>GRN>LNP,North-Eastern Metro,ALP,ALP,LNP,0.5563696888483032,0.4436303111516969,0.05636968884830318,ALP-LNP,IND>OTH>GRN>ON,0.5563696888483032,0.4436303111516969,IND>OTH>GRN>ON,0.6112709715504889,0.3887290284495111,IND>OTH>GRN>LNP,ON24,no_siphon
Carrum,South-Eastern Metro,ALP,ON,ALP,0.5367000856178716,0.4632999143821284,0.036700085617871636,ON-ALP,IND>OTH>GRN>LNP,0.47483067825389363,0.5251693217461064,IND>OTH>GRN>ON,0.4632999143821284,0.5367000856178716,IND>OTH>GRN>LNP,South-Eastern Metro,ALP,ON,ALP,0.537787548817946,0.46221245118205406,0.03778754881794599,ON-ALP,IND>OTH>GRN>LNP,0.4751643321751537,0.5248356678248464,IND>OTH>GRN>ON,0.46221245118205406,0.537787548817946,IND>OTH>GRN>LNP,ON24,no_siphon
Caulfield,Southern Metro,LNP,LNP,GRN,0.5924553418599501,0.4075446581400499,0.09245534185995008,LNP-GRN,OTH>IND>ON>ALP,0.4185389463500987,0.5814610536499013,OTH>IND>ON>GRN,0.5972190233985707,0.40278097660142925,OTH>IND>GRN>LNP,Southern Metro,LNP,LNP,GRN,0.5920088542549342,0.4079911457450658,0.09200885425493421,LNP-GRN,OTH>IND>ON>ALP,0.418724057828483,0.581275942171517,OTH>IND>ON>GRN,0.5945849727681025,0.40541502723189743,OTH>IND>GRN>LNP,ON24,no_siphon
Clarinda,South-Eastern Metro,ALP,ALP,LNP,0.5274712352235492,0.47252876477645084,0.027471235223549217,ALP-LNP,OTH>GRN>IND>ON,0.5274712352235492,0.47252876477645084,OTH>GRN>IND>ON,0.5695672013112443,0.43043279868875567,OTH>GRN>IND>LNP,South-Eastern Metro,ALP,ALP,LNP,0.529286199301246,0.470713800698754,0.029286199301245985,ALP-LNP,OTH>GRN>IND>ON,0.529286199301246,0.470713800698754,OTH>GRN>IND>ON,0.565601698755349,0.43439830124465106,OTH>GRN>IND>LNP,ON24,no_siphon
Cranbourne,South-Eastern Metro,ALP,ON,ALP,0.5321367796529196,0.46786322034708044,0.03213677965291961,ON-ALP,IND>GRN>OTH>LNP,0.494640560546638,0.5053594394533619,IND>GRN>OTH>ON,0.46786322034708044,0.5321367796529196,IND>GRN>OTH>LNP,South-Eastern Metro,ALP,ON,ALP,0.5341313788827566,0.4658686211172433,0.034131378882756636,ON-ALP,IND>GRN>OTH>LNP,0.49559229342171063,0.5044077065782894,IND>GRN>OTH>ON,0.4658686211172433,0.5341313788827566,IND>GRN>OTH>LNP,ON24,no_siphon
Croydon,North-Eastern Metro,LNP,LNP,ALP,0.6035501034492036,0.3964498965507965,0.10355010344920357,LNP-ALP,IND>OTH>GRN>ON,0.3964498965507965,0.6035501034492036,IND>OTH>GRN>ON,0.47945921390345836,0.5205407860965416,IND>OTH>GRN>LNP,North-Eastern Metro,LNP,LNP,ALP,0.6034910075701774,0.3965089924298227,0.10349100757017737,LNP-ALP,IND>OTH>GRN>ON,0.3965089924298227,0.6034910075701774,IND>OTH>GRN>ON,0.47933683513250697,0.5206631648674931,IND>OTH>GRN>LNP,ON24,no_siphon
Dandenong,South-Eastern Metro,ALP,ALP,ON,0.5784992158500842,0.4215007841499158,0.07849921585008424,ALP-ON,IND>OTH>GRN>LNP,0.60707732967569,0.3929226703243101,IND>OTH>GRN>ON,0.5784992158500842,0.4215007841499158,IND>OTH>GRN>LNP,South-Eastern Metro,ALP,ALP,ON,0.5782016093696545,0.4217983906303455,0.07820160936965448,ALP-ON,IND>OTH>GRN>LNP,0.6071977565723046,0.39280224342769543,IND>OTH>GRN>ON,0.5782016093696545,0.4217983906303455,IND>OTH>GRN>LNP,ON24,no_siphon
Eildon,Northern Victoria,LNP,LNP,ON,0.580895921518581,0.4191040784814189,0.08089592151858105,LNP-ON,IND>OTH>GRN>ALP,0.3286410543370592,0.6713589456629409,IND>OTH>GRN>ON,0.34357464178221114,0.6564253582177889,IND>OTH>GRN>LNP,Northern Victoria,LNP,LNP,ON,0.5795253250397241,0.42047467496027585,0.07952532503972409,LNP-ON,IND>OTH>GRN>ALP,0.3290019891953892,0.6709980108046109,IND>OTH>GRN>ON,0.3430051370126696,0.6569948629873303,IND>OTH>GRN>LNP,ON24,no_siphon
Eltham,North-Eastern Metro,ALP,ALP,LNP,0.5043013618303709,0.4956986381696292,0.004301361830370887,ALP-LNP,IND>OTH>GRN>ON,0.5043013618303709,0.4956986381696292,IND>OTH>GRN>ON,0.5584565653811244,0.4415434346188757,IND>OTH>GRN>LNP,North-Eastern Metro,ALP,ALP,LNP,0.5043150163327854,0.4956849836672146,0.004315016332785415,ALP-LNP,IND>OTH>GRN>ON,0.5043150163327854,0.4956849836672146,IND>OTH>GRN>ON,0.5584340521197672,0.4415659478802329,IND>OTH>GRN>LNP,ON24,no_siphon
Essendon,Northern Metro,ALP,ALP,ON,0.5442869095669395,0.45571309043306046,0.04428690956693948,ALP-ON,IND>OTH>GRN>LNP,0.51709411669261,0.4829058833073901,IND>OTH>GRN>ON,0.5442869095669395,0.45571309043306046,IND>OTH>GRN>LNP,Northern Metro,ALP,ALP,ON,0.5432346615526883,0.4567653384473118,0.04323466155268829,ALP-ON,IND>OTH>GRN>LNP,0.5174205761560945,0.48257942384390545,IND>OTH>GRN>ON,0.5432346615526883,0.4567653384473118,IND>OTH>GRN>LNP,ON24,no_siphon
Eureka,Western Victoria,ALP,ON,ALP,0.5940448120708706,0.40595518792912944,0.09404481207087056,ON-ALP,IND>OTH>GRN>LNP,0.4416367100237891,0.5583632899762109,IND>OTH>GRN>ON,0.40595518792912944,0.5940448120708706,IND>OTH>GRN>LNP,Western Victoria,ALP,ON,ALP,0.5950832612347782,0.40491673876522183,0.09508326123477817,ON-ALP,IND>OTH>GRN>LNP,0.44217029634017346,0.5578297036598265,IND>OTH>GRN>ON,0.40491673876522183,0.5950832612347782,IND>OTH>GRN>LNP,ON24,no_siphon
Euroa,Northern Victoria,LNP,LNP,ON,0.5723591295317015,0.4276408704682984,0.07235912953170154,LNP-ON,IND>OTH>GRN>ALP,0.28964303926252016,0.7103569607374799,IND>OTH>GRN>ON,0.3101146428698487,0.6898853571301513,IND>OTH>GRN>LNP,Northern Victoria,LNP,LNP,ON,0.5721978358711717,0.42780216412882827,0.07219783587117168,LNP-ON,IND>OTH>GRN>ALP,0.28970671581769386,0.7102932841823061,IND>OTH>GRN>ON,0.3100725106997454,0.6899274893002546,IND>OTH>GRN>LNP,ON24,no_siphon
Evelyn,Eastern Victoria,LNP,LNP,ALP,0.6584962883163522,0.34150371168364774,0.1584962883163522,LNP-ALP,IND>OTH>GRN>ON,0.34150371168364774,0.6584962883163522,IND>OTH>GRN>ON,0.38326926856548216,0.6167307314345178,IND>OTH>GRN>LNP,Eastern Victoria,LNP,LNP,ON,0.6263822327441402,0.37361776725585977,0.12638223274414018,LNP-ON,IND>OTH>GRN>ALP,0.3417962087629793,0.6582037912370208,IND>OTH>GRN>ON,0.3826115698383527,0.6173884301616474,IND>OTH>GRN>LNP,ON24,no_siphon
Footscray,Western Metro,ALP,ALP,GRN,0.5411351639894949,0.4588648360105051,0.041135163989494905,ALP-GRN,IND>OTH>LNP>ON,0.6822516482911147,0.3177483517088852,IND>OTH>ON>GRN,0.7248397682722375,0.27516023172776255,IND>OTH>LNP>GRN,Western Metro,ALP,ALP,GRN,0.5404775670864616,0.45952243291353845,0.04047756708646155,ALP-GRN,IND>OTH>LNP>ON,0.6822719888167457,0.3177280111832544,IND>OTH>ON>GRN,0.7219007061059923,0.27809929389400767,IND>OTH>LNP>GRN,ON24,no_siphon
Frankston,South-Eastern Metro,ALP,ON,ALP,0.5021889919494364,0.4978110080505636,0.0021889919494364474,ON-ALP,IND>OTH>GRN>LNP,0.4971779329163105,0.5028220670836895,IND>OTH>GRN>ON,0.4978110080505636,0.5021889919494364,IND>OTH>GRN>LNP,South-Eastern Metro,ALP,ON,ALP,0.5042056782638329,0.4957943217361672,0.0042056782638328905,ON-ALP,IND>OTH>GRN>LNP,0.49749973310988865,0.5025002668901113,IND>OTH>GRN>ON,0.4957943217361672,0.5042056782638329,IND>OTH>GRN>LNP,ON24,no_siphon
Geelong,Western Victoria,ALP,ON,ALP,0.5288183442332985,0.4711816557667015,0.028818344233298543,ON-ALP,OTH>IND>GRN>LNP,0.4954106479016825,0.5045893520983176,OTH>IND>GRN>ON,0.4711816557667015,0.5288183442332985,OTH>IND>GRN>LNP,Western Victoria,ALP,ON,ALP,0.5312588356329738,0.46874116436702623,0.031258835632973825,ON-ALP,OTH>IND>GRN>LNP,0.49671675128021847,0.5032832487197816,OTH>IND>GRN>ON,0.46874116436702623,0.5312588356329738,OTH>IND>GRN>LNP,ON24,no_siphon
Gippsland East,Eastern Victoria,LNP,LNP,ON,0.5772962448426727,0.4227037551573272,0.07729624484267272,LNP-ON,IND>ALP>OTH>GRN,0.1895887997003839,0.810411200299616,IND>OTH>GRN>ON,0.21203463762373828,0.7879653623762616,IND>OTH>GRN>LNP,Eastern Victoria,LNP,LNP,ON,0.5729431734596214,0.4270568265403785,0.07294317345962142,LNP-ON,IND>ALP>OTH>GRN,0.18999845320032463,0.8100015467996753,IND>OTH>GRN>ON,0.21138224703731567,0.7886177529626842,IND>OTH>GRN>LNP,ON24,no_siphon
Gippsland South,Eastern Victoria,LNP,LNP,ON,0.569752822288808,0.430247177711192,0.06975282228880797,LNP-ON,OTH>IND>GRN>ALP,0.24100062640861472,0.7589993735913853,OTH>IND>GRN>ON,0.261732883439371,0.738267116560629,OTH>IND>GRN>LNP,Eastern Victoria,LNP,LNP,ON,0.5663239914408633,0.4336760085591366,0.06632399144086332,LNP-ON,OTH>IND>GRN>ALP,0.24223215378411345,0.7577678462158866,OTH>IND>GRN>ON,0.26093204536234127,0.7390679546376587,OTH>IND>GRN>LNP,ON24,no_siphon
Glen Waverley,North-Eastern Metro,ALP,LNP,ALP,0.5494761755478168,0.4505238244521833,0.0494761755478168,LNP-ALP,IND>OTH>GRN>ON,0.4505238244521833,0.5494761755478168,IND>OTH>GRN>ON,0.5862164657817832,0.41378353421821673,IND>OTH>GRN>LNP,North-Eastern Metro,ALP,LNP,ALP,0.5494215351357207,0.45057846486427927,0.04942153513572067,LNP-ALP,IND>OTH>GRN>ON,0.45057846486427927,0.5494215351357207,IND>OTH>GRN>ON,0.5861011459279549,0.4138988540720451,IND>OTH>GRN>LNP,ON24,no_siphon
Greenvale,Northern Metro,ALP,ALP,ON,0.5513855630425731,0.4486144369574269,0.051385563042573135,ALP-ON,IND>GRN>OTH>LNP,0.5556977189886719,0.4443022810113281,IND>GRN>OTH>ON,0.5513855630425731,0.4486144369574269,IND>GRN>OTH>LNP,Northern Metro,ALP,ALP,ON,0.5464130965349483,0.4535869034650517,0.046413096534948295,ALP-ON,IND>GRN>OTH>LNP,0.5575846344310352,0.44241536556896477,IND>GRN>OTH>ON,0.5464130965349483,0.4535869034650517,IND>GRN>OTH>LNP,ON24,no_siphon
Hastings,Eastern Victoria,ALP,LNP,ON,0.5463040536645091,0.4536959463354909,0.04630405366450907,LNP-ON,IND>OTH>GRN>ALP,0.3940257067072658,0.6059742932927342,IND>OTH>GRN>ON,0.39106532292560364,0.6089346770743963,IND>OTH>GRN>LNP,Eastern Victoria,ALP,LNP,ON,0.545510776560324,0.454489223439676,0.045510776560323984,LNP-ON,IND>OTH>GRN>ALP,0.3942462291907849,0.6057537708092151,IND>OTH>GRN>ON,0.3907493044148626,0.6092506955851373,IND>OTH>GRN>LNP,ON24,no_siphon
Hawthorn,Southern Metro,LNP,LNP,IND,0.5915602568291091,0.40843974317089093,0.09156025682910907,LNP-IND,OTH>ON>ALP>GRN,0.4426350339468108,0.5573649660531893,OTH>ON>GRN>IND,0.6505395736727807,0.3494604263272193,OTH>GRN>IND>LNP,Southern Metro,LNP,LNP,IND,0.5915602568291091,0.40843974317089093,0.09156025682910907,LNP-IND,OTH>ON>ALP>GRN,0.4426350339468108,0.5573649660531893,OTH>ON>GRN>IND,0.6434272467728234,0.3565727532271767,OTH>GRN>IND>LNP,ON24,no_siphon
Ivanhoe,North-Eastern Metro,ALP,ALP,LNP,0.5497798360199487,0.4502201639800513,0.04977983601994873,ALP-LNP,OTH>IND>ON>GRN,0.5497798360199487,0.4502201639800513,OTH>IND>ON>GRN,0.6133432179619772,0.3866567820380228,OTH>IND>GRN>LNP,North-Eastern Metro,ALP,ALP,LNP,0.5499112756220466,0.4500887243779535,0.04991127562204656,ALP-LNP,OTH>IND>ON>GRN,0.5499112756220466,0.4500887243779535,OTH>IND>ON>GRN,0.6128252230727874,0.3871747769272125,OTH>IND>GRN>LNP,ON24,no_siphon
Kalkallo,Northern Metro,ALP,ALP,ON,0.534193484798106,0.465806515201894,0.03419348479810602,ALP-ON,IND>GRN>OTH>LNP,0.5635778281004858,0.4364221718995142,IND>GRN>OTH>ON,0.534193484798106,0.465806515201894,IND>GRN>OTH>LNP,Northern Metro,ALP,ALP,ON,0.5325816146624945,0.4674183853375055,0.03258161466249454,ALP-ON,IND>GRN>OTH>LNP,0.5643325656327027,0.43566743436729727,IND>GRN>OTH>ON,0.5325816146624945,0.4674183853375055,IND>GRN>OTH>LNP,ON24,no_siphon
Kew,Southern Metro,LNP,LNP,IND,0.614616951832482,0.38538304816751806,0.114616951832482,LNP-IND,OTH>ON>GRN>ALP,0.40431916676383267,0.5956808332361674,OTH>ON>GRN>IND,0.6334271630510716,0.36657283694892834,OTH>GRN>IND>LNP,Southern Metro,LNP,LNP,IND,0.614616951832482,0.38538304816751806,0.114616951832482,LNP-IND,OTH>ON>GRN>ALP,0.40431916676383267,0.5956808332361674,OTH>ON>GRN>IND,0.6253906987503931,0.37460930124960695,OTH>GRN>IND>LNP,ON24,no_siphon
Kororoit,Western Metro,ALP,ALP,ON,0.540621983568583,0.459378016431417,0.04062198356858304,ALP-ON,IND>GRN>OTH>LNP,0.5753508948613096,0.4246491051386903,IND>GRN>OTH>ON,0.540621983568583,0.459378016431417,IND>GRN>OTH>LNP,Western Metro,ALP,ALP,ON,0.5378116422148423,0.4621883577851577,0.037811642214842345,ALP-ON,IND>GRN>OTH>LNP,0.5756709768935242,0.42432902310647574,IND>GRN>OTH>ON,0.5378116422148423,0.4621883577851577,IND>GRN>OTH>LNP,ON24,no_siphon
Lara,Western Victoria,ALP,ON,ALP,0.5505737205607543,0.4494262794392457,0.050573720560754265,ON-ALP,IND>OTH>GRN>LNP,0.5112102501182916,0.4887897498817085,IND>OTH>GRN>ON,0.4494262794392457,0.5505737205607543,IND>OTH>GRN>LNP,Western Victoria,ALP,ON,ALP,0.5512329122960354,0.4487670877039646,0.05123291229603544,ON-ALP,IND>OTH>GRN>LNP,0.5114879669346125,0.48851203306538754,IND>OTH>GRN>ON,0.4487670877039646,0.5512329122960354,IND>OTH>GRN>LNP,ON24,no_siphon
Laverton,Western Metro,ALP,ALP,ON,0.56894492105762,0.4310550789423801,0.06894492105761996,ALP-ON,IND>GRN>OTH>LNP,0.5907783867993308,0.40922161320066913,IND>GRN>OTH>ON,0.56894492105762,0.4310550789423801,IND>GRN>OTH>LNP,Western Metro,ALP,ALP,ON,0.5656967469937698,0.4343032530062301,0.06569674699376982,ALP-ON,IND>GRN>OTH>LNP,0.591472928046768,0.40852707195323196,IND>GRN>OTH>ON,0.5656967469937698,0.4343032530062301,IND>GRN>OTH>LNP,ON24,no_siphon
Lowan,Western Victoria,LNP,LNP,ON,0.6019537035585727,0.39804629644142725,0.1019537035585727,LNP-ON,IND>OTH>GRN>ALP,0.19991672816136946,0.8000832718386305,IND>OTH>GRN>ON,0.23500009511238967,0.7649999048876104,IND>OTH>GRN>LNP,Western Victoria,LNP,LNP,ON,0.5990935365828465,0.4009064634171536,0.09909353658284648,LNP-ON,IND>OTH>GRN>ALP,0.20051863500014216,0.7994813649998579,IND>OTH>GRN>ON,0.2339442902420771,0.7660557097579229,IND>OTH>GRN>LNP,ON24,no_siphon
Macedon,Northern Victoria,ALP,ON,ALP,0.5446437264053715,0.45535627359462844,0.04464372640537151,ON-ALP,OTH>IND>GRN>LNP,0.4724005697905783,0.5275994302094217,OTH>IND>GRN>ON,0.45535627359462844,0.5446437264053715,OTH>IND>GRN>LNP,Northern Victoria,ALP,ON,ALP,0.5456384061364214,0.45436159386357855,0.04563840613642145,ON-ALP,OTH>IND>GRN>LNP,0.4733039930216632,0.5266960069783369,OTH>IND>GRN>ON,0.45436159386357855,0.5456384061364214,OTH>IND>GRN>LNP,ON24,no_siphon
Malvern,Southern Metro,LNP,LNP,GRN,0.6493622136336007,0.35063778636639936,0.1493622136336007,LNP-GRN,IND>OTH>ON>ALP,0.3592635541686599,0.64073644583134,IND>OTH>ON>GRN,0.5882416017178876,0.4117583982821124,IND>OTH>GRN>LNP,Southern Metro,LNP,LNP,GRN,0.6491235817279375,0.3508764182720625,0.1491235817279375,LNP-GRN,IND>OTH>ON>ALP,0.3594563499122036,0.6405436500877963,IND>OTH>ON>GRN,0.5872482521038642,0.41275174789613583,IND>OTH>GRN>LNP,ON24,no_siphon
Melbourne,Northern Metro,GRN,GRN,ALP,0.620772964775968,0.37922703522403206,0.120772964775968,GRN-ALP,IND>OTH>LNP>ON,0.69947330832508,0.30052669167492,IND>OTH>ON>GRN,0.7447765182189168,0.25522348178108323,IND>OTH>LNP>GRN,Northern Metro,GRN,GRN,ALP,0.6213697934524596,0.3786302065475404,0.12136979345245957,GRN-ALP,IND>OTH>LNP>ON,0.6994507920156122,0.30054920798438783,IND>OTH>ON>GRN,0.7411804338795994,0.25881956612040063,IND>OTH>LNP>GRN,ON24,no_siphon
Melton,Western Victoria,ALP,ON,IND,0.5612828875373452,0.4387171124626548,0.06128288753734523,ON-IND,GRN>OTH>LNP>ALP,0.41429847883177,0.58570152116823,GRN>OTH>IND>ON,0.4259288996214591,0.5740711003785409,GRN>OTH>LNP>IND,Western Victoria,ALP,ON,IND,0.5706111851831983,0.4293888148168017,0.07061118518319831,ON-IND,GRN>OTH>LNP>ALP,0.4187581462794663,0.5812418537205337,GRN>OTH>IND>ON,0.42261045258477903,0.577389547415221,GRN>OTH>LNP>IND,ON24,no_siphon
Mildura,Northern Victoria,LNP,IND,ON,0.5028116367889035,0.49718836321109655,0.0028116367889035043,IND-ON,OTH>ALP>GRN>LNP,0.25708895505706,0.74291104494294,OTH>GRN>ON>IND,0.331612434110991,0.668387565889009,OTH>GRN>LNP>IND,Northern Victoria,LNP,ON,IND,0.5029766378733128,0.49702336212668724,0.002976637873312815,ON-IND,OTH>ALP>GRN>LNP,0.25709114220125523,0.7429088577987447,OTH>GRN>ON>IND,0.3273700523879417,0.6726299476120583,OTH>GRN>LNP>IND,ON24,no_siphon
Mill Park,North-Eastern Metro,ALP,ALP,ON,0.5175812820213878,0.4824187179786122,0.017581282021387756,ALP-ON,IND>GRN>OTH>LNP,0.5470989561088521,0.452901043891148,IND>GRN>OTH>ON,0.5175812820213878,0.4824187179786122,IND>GRN>OTH>LNP,North-Eastern Metro,ALP,ALP,ON,0.5163426876266562,0.4836573123733438,0.01634268762665625,ALP-ON,IND>GRN>OTH>LNP,0.5479739493177657,0.4520260506822343,IND>GRN>OTH>ON,0.5163426876266562,0.4836573123733438,IND>GRN>OTH>LNP,ON24,no_siphon
Monbulk,Eastern Victoria,ALP,LNP,ALP,0.5508162924517207,0.4491837075482793,0.0508162924517207,LNP-ALP,OTH>IND>GRN>ON,0.4491837075482793,0.5508162924517207,OTH>IND>GRN>ON,0.43834520387079356,0.5616547961292064,OTH>IND>GRN>LNP,Eastern Victoria,ALP,LNP,ALP,0.5488339539394075,0.45116604606059246,0.04883395393940748,LNP-ALP,OTH>IND>GRN>ON,0.45116604606059246,0.5488339539394075,OTH>IND>GRN>ON,0.4364639853217026,0.5635360146782974,OTH>IND>GRN>LNP,ON24,no_siphon
Mordialloc,South-Eastern Metro,ALP,ALP,LNP,0.5000235587136647,0.4999764412863354,2.3558713664662e-05,ALP-LNP,OTH>IND>GRN>ON,0.5000235587136647,0.4999764412863354,OTH>IND>GRN>ON,0.557975869042274,0.442024130957726,OTH>IND>GRN>LNP,South-Eastern Metro,ALP,ALP,LNP,0.5014885911898996,0.49851140881010036,0.0014885911898996351,ALP-LNP,OTH>IND>GRN>ON,0.5014885911898996,0.49851140881010036,OTH>IND>GRN>ON,0.5552506392382623,0.4447493607617377,OTH>IND>GRN>LNP,ON24,no_siphon
Mornington,Eastern Victoria,LNP,LNP,IND,0.6244685127496568,0.37553148725034324,0.12446851274965676,LNP-IND,OTH>GRN>ALP>ON,0.3075805878917865,0.6924194121082136,OTH>GRN>ON>IND,0.3475555050616338,0.6524444949383662,OTH>GRN>IND>LNP,Eastern Victoria,LNP,LNP,IND,0.6243414829305001,0.3756585170695,0.12434148293050007,LNP-IND,OTH>GRN>ALP>ON,0.307582167074125,0.692417832925875,OTH>GRN>ON>IND,0.34271342244801817,0.6572865775519818,OTH>GRN>IND>LNP,ON24,no_siphon
Morwell,Eastern Victoria,LNP,ON,LNP,0.5305659673185349,0.4694340326814651,0.030565967318534892,ON-LNP,GRN>OTH>IND>ALP,0.3520178458566336,0.6479821541433664,GRN>OTH>IND>ON,0.3240579840312142,0.6759420159687858,GRN>OTH>IND>LNP,Eastern Victoria,LNP,ON,LNP,0.5406026504814045,0.4593973495185954,0.040602650481404545,ON-LNP,GRN>OTH>IND>ALP,0.3549077462596592,0.6450922537403408,GRN>OTH>IND>ON,0.3192574990809151,0.680742500919085,GRN>OTH>IND>LNP,ON24,no_siphon
Mulgrave,South-Eastern Metro,ALP,ALP,ON,0.6772667835003358,0.32273321649966435,0.17726678350033576,ALP-ON,OTH>GRN>LNP>IND,0.5989335296327633,0.4010664703672368,OTH>GRN>IND>ON,0.6772667835003358,0.32273321649966435,OTH>GRN>LNP>IND,South-Eastern Metro,ALP,ALP,ON,0.6734225507982211,0.326577449201779,0.1734225507982211,ALP-ON,OTH>GRN>LNP>IND,0.6014461813131885,0.39855381868681156,OTH>GRN>IND>ON,0.6734225507982211,0.326577449201779,OTH>GRN>LNP>IND,ON24,no_siphon
Murray Plains,Northern Victoria,LNP,LNP,ON,0.5786044752985341,0.42139552470146585,0.0786044752985341,LNP-ON,IND>GRN>ALP>OTH,0.17424626702183962,0.8257537329781603,IND>GRN>OTH>ON,0.19422035853569103,0.8057796414643089,IND>GRN>OTH>LNP,Northern Victoria,LNP,LNP,ON,0.5744706904625705,0.42552930953742946,0.07447069046257049,LNP-ON,IND>GRN>ALP>OTH,0.17515393527980908,0.8248460647201908,IND>GRN>OTH>ON,0.19321340353433883,0.8067865964656611,IND>GRN>OTH>LNP,ON24,no_siphon
Narracan,Eastern Victoria,LNP,LNP,ON,0.5855893028084939,0.4144106971915062,0.08558930280849386,LNP-ON,OTH>IND>GRN>ALP,0.35076660766353235,0.6492333923364677,OTH>IND>GRN>ON,0.3690526328489813,0.6309473671510186,OTH>IND>GRN>LNP,Eastern Victoria,LNP,LNP,ON,0.5823587273205935,0.41764127267940654,0.08235872732059346,LNP-ON,OTH>IND>GRN>ALP,0.3516672662471812,0.6483327337528189,OTH>IND>GRN>ON,0.36775705819076143,0.6322429418092386,OTH>IND>GRN>LNP,ON24,no_siphon
Narre Warren North,South-Eastern Metro,ALP,ON,ALP,0.5130834589598677,0.4869165410401323,0.013083458959867733,ON-ALP,IND>GRN>OTH>LNP,0.50686489539121,0.49313510460879006,IND>GRN>OTH>ON,0.4869165410401323,0.5130834589598677,IND>GRN>OTH>LNP,South-Eastern Metro,ALP,ON,ALP,0.5149506804810492,0.48504931951895086,0.014950680481049194,ON-ALP,IND>GRN>OTH>LNP,0.5077721711095448,0.4922278288904553,IND>GRN>OTH>ON,0.48504931951895086,0.5149506804810492,IND>GRN>OTH>LNP,ON24,no_siphon
Narre Warren South,South-Eastern Metro,ALP,ON,ALP,0.5051096402922868,0.49489035970771333,0.005109640292286777,ON-ALP,IND>GRN>OTH>LNP,0.5069408607837337,0.49305913921626643,IND>GRN>OTH>ON,0.49489035970771333,0.5051096402922868,IND>GRN>OTH>LNP,South-Eastern Metro,ALP,ON,ALP,0.506507880272015,0.4934921197279851,0.0065078802720149875,ON-ALP,IND>GRN>OTH>LNP,0.5077132927035861,0.492286707296414,IND>GRN>OTH>ON,0.4934921197279851,0.506507880272015,IND>GRN>OTH>LNP,ON24,no_siphon
Nepean,Eastern Victoria,LNP,LNP,ON,0.6263322406404711,0.3736677593595289,0.1263322406404711,LNP-ON,OTH>IND>GRN>ALP,0.33296979106395075,0.6670302089360493,OTH>IND>GRN>ON,0.3752571499449737,0.6247428500550263,OTH>IND>GRN>LNP,Eastern Victoria,LNP,LNP,ON,0.6242996571556744,0.37570034284432563,0.12429965715567437,LNP-ON,OTH>IND>GRN>ALP,0.333565667126081,0.6664343328739191,OTH>IND>GRN>ON,0.3743697197240742,0.6256302802759258,OTH>IND>GRN>LNP,ON24,no_siphon
Niddrie,Western Metro,ALP,ALP,ON,0.501994420642163,0.498005579357837,0.0019944206421630417,ALP-ON,IND>OTH>GRN>LNP,0.4716373482425711,0.5283626517574289,IND>OTH>GRN>ON,0.501994420642163,0.498005579357837,IND>OTH>GRN>LNP,Western Metro,ALP,ALP,ON,0.5018119229118693,0.4981880770881308,0.0018119229118692681,ALP-ON,IND>OTH>GRN>LNP,0.4717180514181985,0.5282819485818016,IND>OTH>GRN>ON,0.5018119229118693,0.4981880770881308,IND>OTH>GRN>LNP,ON24,no_siphon
Northcote,Northern Metro,ALP,GRN,ALP,0.5287373945164681,0.471262605483532,0.028737394516468062,GRN-ALP,IND>LNP>OTH>ON,0.7363672611549975,0.26363273884500255,IND>OTH>ON>GRN,0.7093903490408489,0.2906096509591512,IND>LNP>OTH>GRN,Northern Metro,ALP,GRN,ALP,0.5292068590326576,0.47079314096734237,0.02920685903265763,GRN-ALP,IND>LNP>OTH>ON,0.7363527539135915,0.26364724608640866,IND>OTH>ON>GRN,0.7051866790342712,0.29481332096572876,IND>LNP>OTH>GRN,ON24,no_siphon
Oakleigh,Southern Metro,ALP,ALP,LNP,0.5475788398400017,0.4524211601599984,0.04757883984000166,ALP-LNP,OTH>IND>GRN>ON,0.5475788398400017,0.4524211601599984,OTH>IND>GRN>ON,0.5932863231944284,0.4067136768055717,OTH>IND>GRN>LNP,Southern Metro,ALP,ALP,LNP,0.5480915187951414,0.4519084812048587,0.0480915187951414,ALP-LNP,OTH>IND>GRN>ON,0.5480915187951414,0.4519084812048587,OTH>IND>GRN>ON,0.5923824470702986,0.4076175529297013,OTH>IND>GRN>LNP,ON24,no_siphon
Ovens Valley,Northern Victoria,LNP,LNP,ON,0.5799241618359028,0.4200758381640972,0.07992416183590279,LNP-ON,IND>ALP>GRN>OTH,0.2522797169308515,0.7477202830691486,IND>GRN>OTH>ON,0.25869875909028256,0.7413012409097175,IND>GRN>OTH>LNP,Northern Victoria,LNP,LNP,ON,0.5719601313072502,0.4280398686927499,0.07196013130725021,LNP-ON,IND>ALP>GRN>OTH,0.2540050846501843,0.7459949153498158,IND>GRN>OTH>ON,0.25654864356521395,0.7434513564347861,IND>GRN>OTH>LNP,ON24,no_siphon
Pakenham,Eastern Victoria,ALP,LNP,ON,0.5093324041635849,0.4906675958364151,0.00933240416358494,LNP-ON,IND>GRN>OTH>ALP,0.38924199265769105,0.6107580073423089,IND>GRN>OTH>ON,0.3642031677992443,0.6357968322007558,IND>GRN>OTH>LNP,Eastern Victoria,ALP,LNP,ON,0.5029610058021956,0.49703899419780434,0.0029610058021956043,LNP-ON,IND>GRN>OTH>ALP,0.390884265355723,0.6091157346442769,IND>GRN>OTH>ON,0.36129279735158054,0.6387072026484195,IND>GRN>OTH>LNP,ON24,no_siphon
Pascoe Vale,Northern Metro,ALP,ALP,GRN,0.5273028265432158,0.47269717345678425,0.027302826543215808,ALP-GRN,OTH>IND>LNP>ON,0.6169537805501225,0.38304621944987743,OTH>IND>ON>GRN,0.6546368108987439,0.34536318910125613,OTH>IND>LNP>GRN,Northern Metro,ALP,ALP,GRN,0.5264700128995132,0.4735299871004869,0.02647001289951323,ALP-GRN,OTH>IND>LNP>ON,0.6176682379119274,0.38233176208807257,OTH>IND>ON>GRN,0.6488970797375753,0.3511029202624248,OTH>IND>LNP>GRN,ON24,no_siphon
Point Cook,Western Metro,ALP,ON,ALP,0.5072769237545997,0.4927230762454004,0.007276923754599651,ON-ALP,GRN>OTH>IND>LNP,0.518900767380639,0.4810992326193611,GRN>OTH>IND>ON,0.4927230762454004,0.5072769237545997,GRN>OTH>IND>LNP,Western Metro,ALP,ON,ALP,0.5122275977242526,0.4877724022757473,0.012227597724252637,ON-ALP,GRN>OTH>IND>LNP,0.5212129847757251,0.478787015224275,GRN>OTH>IND>ON,0.4877724022757473,0.5122275977242526,GRN>OTH>IND>LNP,ON24,no_siphon
Polwarth,Western Victoria,LNP,LNP,ALP,0.6299090053167681,0.37009099468323187,0.12990900531676808,LNP-ALP,IND>OTH>GRN>ON,0.37009099468323187,0.6299090053167681,IND>OTH>GRN>ON,0.3948522307309039,0.6051477692690961,IND>OTH>GRN>LNP,Western Victoria,LNP,LNP,ALP,0.6290891638865279,0.37091083611347203,0.1290891638865279,LNP-ALP,IND>OTH>GRN>ON,0.37091083611347203,0.6290891638865279,IND>OTH>GRN>ON,0.3940185640382262,0.6059814359617738,IND>OTH>GRN>LNP,ON24,no_siphon
Prahran,Southern Metro,Greens,GRN,LNP,0.5611377783811767,0.43886222161882327,0.06113777838117673,GRN-LNP,IND>OTH>ALP>ON,0.5680688848587809,0.4319311151412191,IND>OTH>ON>GRN,0.6770138765087379,0.32298612349126204,IND>OTH>LNP>GRN,Southern Metro,Greens,GRN,LNP,0.5624618566635233,0.4375381433364767,0.06246185666352333,GRN-LNP,IND>OTH>ALP>ON,0.5680707544368905,0.4319292455631096,IND>OTH>ON>GRN,0.6715815878398349,0.32841841216016504,IND>OTH>LNP>GRN,ON24,no_siphon
Preston,Northern Metro,ALP,ALP,ON,0.5982944714781676,0.4017055285218324,0.09829447147816761,ALP-ON,OTH>LNP>IND>GRN,0.5965513995317092,0.40344860046829073,OTH>IND>GRN>ON,0.5982944714781676,0.4017055285218324,OTH>LNP>IND>GRN,Northern Metro,ALP,ALP,ON,0.5937966404352366,0.4062033595647634,0.09379664043523661,ALP-ON,OTH>LNP>IND>GRN,0.598080542209797,0.40191945779020294,OTH>IND>GRN>ON,0.5937966404352366,0.4062033595647634,OTH>LNP>IND>GRN,ON24,no_siphon
Richmond,Northern Metro,GRN,GRN,ALP,0.5819250847366262,0.4180749152633739,0.08192508473662619,GRN-ALP,IND>OTH>LNP>ON,0.7343565948494452,0.26564340515055485,IND>OTH>ON>GRN,0.7609298931876315,0.23907010681236837,IND>OTH>LNP>GRN,Northern Metro,GRN,GRN,ALP,0.5826321518768207,0.41736784812317923,0.08263215187682071,GRN-ALP,IND>OTH>LNP>ON,0.7346075694633667,0.2653924305366334,IND>OTH>ON>GRN,0.7548487003168252,0.24515129968317476,IND>OTH>LNP>GRN,ON24,no_siphon
Ringwood,North-Eastern Metro,LNP,LNP,ALP,0.5135528222882321,0.48644717771176793,0.01355282228823207,LNP-ALP,IND>OTH>GRN>ON,0.48644717771176793,0.5135528222882321,IND>OTH>GRN>ON,0.5595091766526576,0.44049082334734235,IND>OTH>GRN>LNP,North-Eastern Metro,LNP,LNP,ALP,0.5135016860744245,0.48649831392557547,0.01350168607442448,LNP-ALP,IND>OTH>GRN>ON,0.48649831392557547,0.5135016860744245,IND>OTH>GRN>ON,0.559407521391002,0.440592478608998,IND>OTH>GRN>LNP,ON24,no_siphon
Ripon,Western Victoria,ALP,ON,ALP,0.6243077913185671,0.37569220868143294,0.12430779131856706,ON-ALP,IND>GRN>OTH>LNP,0.4102242540374564,0.5897757459625436,IND>GRN>OTH>ON,0.37569220868143294,0.6243077913185671,IND>GRN>OTH>LNP,Western Victoria,ALP,ON,ALP,0.625727928924343,0.37427207107565696,0.12572792892434304,ON-ALP,IND>GRN>OTH>LNP,0.41101030602661276,0.5889896939733873,IND>GRN>OTH>ON,0.37427207107565696,0.625727928924343,IND>GRN>OTH>LNP,ON24,no_siphon
Rowville,South-Eastern Metro,LNP,LNP,ALP,0.6137664234519858,0.38623357654801416,0.11376642345198584,LNP-ALP,OTH>GRN>IND>ON,0.38623357654801416,0.6137664234519858,OTH>GRN>IND>ON,0.48917889520915847,0.5108211047908415,OTH>GRN>IND>LNP,South-Eastern Metro,LNP,LNP,ALP,0.6116895611132376,0.3883104388867624,0.11168956111323758,LNP-ALP,OTH>GRN>IND>ON,0.3883104388867624,0.6116895611132376,OTH>GRN>IND>ON,0.48521470995759525,0.5147852900424048,OTH>GRN>IND>LNP,ON24,no_siphon
Sandringham,Southern Metro,LNP,LNP,ALP,0.6303164589201578,0.36968354107984236,0.13031645892015775,LNP-ALP,OTH>IND>GRN>ON,0.36968354107984236,0.6303164589201578,OTH>IND>GRN>ON,0.5159683126680074,0.4840316873319926,OTH>IND>GRN>LNP,Southern Metro,LNP,LNP,ALP,0.6288623736588749,0.37113762634112524,0.12886237365887487,LNP-ALP,OTH>IND>GRN>ON,0.37113762634112524,0.6288623736588749,OTH>IND>GRN>ON,0.5127609282474428,0.48723907175255715,OTH>IND>GRN>LNP,ON24,no_siphon
Shepparton,Northern Victoria,LNP,LNP,IND,0.599722496624949,0.400277503375051,0.09972249662494903,LNP-IND,ALP>OTH>GRN>ON,0.24189369065249497,0.758106309347505,OTH>GRN>ON>IND,0.4081603213475922,0.5918396786524078,OTH>GRN>LNP>IND,Northern Victoria,LNP,LNP,IND,0.5995433335731521,0.40045666642684785,0.09954333357315215,LNP-IND,ALP>OTH>GRN>ON,0.24190018087669501,0.758099819123305,OTH>GRN>ON>IND,0.4008155688819507,0.5991844311180493,OTH>GRN>LNP>IND,ON24,no_siphon
South Barwon,Western Victoria,ALP,LNP,ALP,0.5391010790679773,0.46089892093202267,0.03910107906797733,LNP-ALP,IND>OTH>GRN>ON,0.46089892093202267,0.5391010790679773,IND>OTH>GRN>ON,0.4845518134512335,0.5154481865487666,IND>OTH>GRN>LNP,Western Victoria,ALP,LNP,ALP,0.5389896894425115,0.4610103105574885,0.038989689442511466,LNP-ALP,IND>OTH>GRN>ON,0.4610103105574885,0.5389896894425115,IND>OTH>GRN>ON,0.48439222477832017,0.5156077752216798,IND>OTH>GRN>LNP,ON24,no_siphon
South-West Coast,Western Victoria,LNP,LNP,IND,0.5902828757666478,0.40971712423335227,0.09028287576664784,LNP-IND,OTH>GRN>ALP>ON,0.32236538069278625,0.6776346193072138,OTH>GRN>ON>IND,0.3355097792779089,0.6644902207220912,OTH>GRN>IND>LNP,Western Victoria,LNP,LNP,IND,0.5892111021949227,0.4107888978050773,0.08921110219492268,LNP-IND,OTH>GRN>ALP>ON,0.3223668858421794,0.6776331141578207,OTH>GRN>ON>IND,0.32913737790603037,0.6708626220939697,OTH>GRN>IND>LNP,ON24,no_siphon
St Albans,Western Metro,ALP,ALP,ON,0.5392656081064956,0.4607343918935044,0.0392656081064956,ALP-ON,IND>GRN>OTH>LNP,0.5408365669622592,0.4591634330377408,IND>GRN>OTH>ON,0.5392656081064956,0.4607343918935044,IND>GRN>OTH>LNP,Western Metro,ALP,ALP,ON,0.5358674499215137,0.4641325500784863,0.035867449921513694,ALP-ON,IND>GRN>OTH>LNP,0.5422454711794488,0.4577545288205513,IND>GRN>OTH>ON,0.5358674499215137,0.4641325500784863,IND>GRN>OTH>LNP,ON24,no_siphon
Sunbury,Western Metro,ALP,ON,ALP,0.5798687665738522,0.42013123342614783,0.07986876657385222,ON-ALP,IND>OTH>GRN>LNP,0.44306373588615255,0.5569362641138476,IND>OTH>GRN>ON,0.42013123342614783,0.5798687665738522,IND>OTH>GRN>LNP,Western Metro,ALP,ON,ALP,0.5810284825128295,0.4189715174871706,0.08102848251282946,ON-ALP,IND>OTH>GRN>LNP,0.4441541741031003,0.5558458258968997,IND>OTH>GRN>ON,0.4189715174871706,0.5810284825128295,IND>OTH>GRN>LNP,ON24,no_siphon
Sydenham,Western Metro,ALP,ON,ALP,0.507568102594272,0.49243189740572796,0.007568102594271986,ON-ALP,IND>GRN>OTH>LNP,0.5072680556647506,0.4927319443352494,IND>GRN>OTH>ON,0.49243189740572796,0.507568102594272,IND>GRN>OTH>LNP,Western Metro,ALP,ON,ALP,0.509271588245131,0.49072841175486903,0.009271588245130968,ON-ALP,IND>GRN>OTH>LNP,0.5078619084337912,0.49213809156620875,IND>GRN>OTH>ON,0.49072841175486903,0.509271588245131,IND>GRN>OTH>LNP,ON24,no_siphon
Tarneit,Western Metro,ALP,ALP,ON,0.5338087778700631,0.466191222129937,0.03380877787006309,ALP-ON,IND>GRN>OTH>LNP,0.5511510336165406,0.44884896638345934,IND>GRN>OTH>ON,0.5338087778700631,0.466191222129937,IND>GRN>OTH>LNP,Western Metro,ALP,ALP,ON,0.5306785013868721,0.46932149861312794,0.030678501386872115,ALP-ON,IND>GRN>OTH>LNP,0.5518438245040285,0.44815617549597164,IND>GRN>OTH>ON,0.5306785013868721,0.46932149861312794,IND>GRN>OTH>LNP,ON24,no_siphon
Thomastown,Northern Metro,ALP,ALP,ON,0.5549308285961854,0.4450691714038147,0.054930828596185366,ALP-ON,IND>GRN>OTH>LNP,0.5916878500082835,0.4083121499917166,IND>GRN>OTH>ON,0.5549308285961854,0.4450691714038147,IND>GRN>OTH>LNP,Northern Metro,ALP,ALP,ON,0.5524777270042404,0.44752227299575975,0.05247772700424036,ALP-ON,IND>GRN>OTH>LNP,0.5924594940657848,0.40754050593421526,IND>GRN>OTH>ON,0.5524777270042404,0.44752227299575975,IND>GRN>OTH>LNP,ON24,no_siphon
Warrandyte,North-Eastern Metro,LNP,LNP,ALP,0.6318752842096802,0.36812471579031986,0.1318752842096802,LNP-ALP,IND>OTH>GRN>ON,0.36812471579031986,0.6318752842096802,IND>OTH>GRN>ON,0.4935999860437538,0.5064000139562462,IND>OTH>GRN>LNP,North-Eastern Metro,LNP,LNP,ALP,0.6317147686497444,0.36828523135025554,0.1317147686497444,LNP-ALP,IND>OTH>GRN>ON,0.36828523135025554,0.6317147686497444,IND>OTH>GRN>ON,0.49301655440190856,0.5069834455980915,IND>OTH>GRN>LNP,ON24,no_siphon
Wendouree,Western Victoria,ALP,ON,ALP,0.514815727621767,0.4851842723782331,0.014815727621766972,ON-ALP,IND>OTH>GRN>LNP,0.4828654526915957,0.5171345473084044,IND>OTH>GRN>ON,0.4851842723782331,0.514815727621767,IND>OTH>GRN>LNP,Western Victoria,ALP,ON,ALP,0.515288351253158,0.4847116487468421,0.015288351253157972,ON-ALP,IND>OTH>GRN>LNP,0.4830792389838601,0.5169207610161399,IND>OTH>GRN>ON,0.4847116487468421,0.515288351253158,IND>OTH>GRN>LNP,ON24,no_siphon
Werribee,Western Metro,ALP,ON,ALP,0.5549426667039075,0.4450573332960926,0.05494266670390746,ON-ALP,GRN>OTH>IND>LNP,0.4903197622757497,0.5096802377242503,GRN>OTH>IND>ON,0.4450573332960926,0.5549426667039075,GRN>OTH>IND>LNP,Western Metro,ALP,ON,ALP,0.558197977536066,0.44180202246393396,0.05819797753606604,ON-ALP,GRN>OTH>IND>LNP,0.49307970387702416,0.5069202961229758,GRN>OTH>IND>ON,0.44180202246393396,0.558197977536066,GRN>OTH>IND>LNP,ON24,no_siphon
Williamstown,Western Metro,ALP,ALP,ON,0.6005957996203636,0.3994042003796364,0.10059579962036358,ALP-ON,IND>OTH>GRN>LNP,0.5725334027400057,0.4274665972599943,IND>OTH>GRN>ON,0.6005957996203636,0.3994042003796364,IND>OTH>GRN>LNP,Western Metro,ALP,ALP,ON,0.5979362513538116,0.4020637486461885,0.09793625135381157,ALP-ON,IND>OTH>GRN>LNP,0.5731453545797661,0.42685464542023394,IND>OTH>GRN>ON,0.5979362513538116,0.4020637486461885,IND>OTH>GRN>LNP,ON24,no_siphon
Yan Yean,Northern Victoria,ALP,ON,ALP,0.5571144475048153,0.4428855524951848,0.05711444750481531,ON-ALP,IND>GRN>OTH>LNP,0.46348871723274393,0.5365112827672561,IND>GRN>OTH>ON,0.4428855524951848,0.5571144475048153,IND>GRN>OTH>LNP,Northern Victoria,ALP,ON,ALP,0.5580510246288717,0.44194897537112826,0.058051024628871684,ON-ALP,IND>GRN>OTH>LNP,0.4642047550871271,0.535795244912873,IND>GRN>OTH>ON,0.44194897537112826,0.5580510246288717,IND>GRN>OTH>LNP,ON24,no_siphon
Albert Park,Southern Metro,ALP,ALP,LNP,0.528644658209397,0.47135534179060307,0.02864465820939699,ALP-LNP,OTH>IND>ON>GRN,0.528644658209397,0.47135534179060307,OTH>IND>ON>GRN,0.6170260378314119,0.3829739621685882,OTH>IND>GRN>LNP,Southern Metro,ALP,ALP,LNP,0.5622546699914455,0.43774533000855453,0.062254669991445466,ALP-LNP,OTH>IND>ON>GRN,0.5622546699914455,0.43774533000855453,OTH>IND>ON>GRN,0.6413428938975128,0.35865710610248724,OTH>IND>GRN>LNP,ON24,no_geography
Ashwood,Southern Metro,ALP,LNP,ALP,0.527400496152408,0.4725995038475919,0.027400496152408027,LNP-ALP,OTH>IND>ON>GRN,0.4725995038475919,0.527400496152408,OTH>IND>ON>GRN,0.6050001202295934,0.3949998797704066,OTH>IND>GRN>LNP,Southern Metro,ALP,LNP,ALP,0.5186496393127032,0.48135036068729675,0.018649639312703248,LNP-ALP,OTH>IND>ON>GRN,0.48135036068729675,0.5186496393127032,OTH>IND>ON>GRN,0.6025943212612176,0.3974056787387824,OTH>IND>GRN>LNP,ON24,no_geography
Bass,Eastern Victoria,ALP,LNP,ON,0.5434863271177272,0.4565136728822729,0.04348632711772715,LNP-ON,OTH>IND>GRN>ALP,0.37826089590055895,0.6217391040994411,OTH>IND>GRN>ON,0.36135162988849817,0.6386483701115018,OTH>IND>GRN>LNP,Eastern Victoria,ALP,LNP,ON,0.5402251139900116,0.45977488600998834,0.04022511399001161,LNP-ON,OTH>IND>GRN>ALP,0.3601947025248527,0.6398052974751474,OTH>IND>GRN>ON,0.3547482054753756,0.6452517945246243,OTH>IND>GRN>LNP,ON24,no_geography
Bayswater,North-Eastern Metro,ALP,LNP,ALP,0.5762212551472834,0.42377874485271666,0.0762212551472834,LNP-ALP,IND>OTH>GRN>ON,0.42377874485271666,0.5762212551472834,IND>OTH>GRN>ON,0.4974886914603774,0.5025113085396226,IND>OTH>GRN>LNP,North-Eastern Metro,ALP,LNP,ALP,0.5648875474309896,0.4351124525690104,0.06488754743098957,LNP-ALP,IND>OTH>GRN>ON,0.4351124525690104,0.5648875474309896,IND>OTH>GRN>ON,0.49697085634391636,0.5030291436560836,IND>OTH>GRN>LNP,ON24,no_geography
Bellarine,Western Victoria,ALP,LNP,ALP,0.5057355743057572,0.4942644256942429,0.005735574305757218,LNP-ALP,OTH>IND>GRN>ON,0.4942644256942429,0.5057355743057572,OTH>IND>GRN>ON,0.509779113222269,0.49022088677773107,OTH>IND>GRN>LNP,Western Victoria,ALP,LNP,ALP,0.5140542637702862,0.4859457362297138,0.01405426377028618,LNP-ALP,OTH>IND>GRN>ON,0.4859457362297138,0.5140542637702862,OTH>IND>GRN>ON,0.5011464894933254,0.4988535105066747,OTH>IND>GRN>LNP,ON24,no_geography
Benambra,Northern Victoria,LNP,LNP,IND,0.5841812159191183,0.4158187840808817,0.08418121591911831,LNP-IND,ALP>OTH>GRN>ON,0.27362432275973675,0.7263756772402632,OTH>GRN>ON>IND,0.33681646435405627,0.6631835356459437,OTH>GRN>LNP>IND,Northern Victoria,LNP,LNP,IND,0.5842014821869774,0.4157985178130226,0.08420148218697743,LNP-IND,ALP>OTH>GRN>ON,0.24373037493653182,0.7562696250634682,OTH>GRN>ON>IND,0.31763741831634584,0.6823625816836542,OTH>GRN>LNP>IND,ON24,no_geography
Bendigo East,Northern Victoria,ALP,ALP,LNP,0.5068800365744862,0.49311996342551373,0.006880036574486215,ALP-LNP,OTH>IND>GRN>ON,0.5068800365744862,0.49311996342551373,OTH>IND>GRN>ON,0.5292873664282655,0.4707126335717345,OTH>IND>GRN>LNP,Northern Victoria,ALP,LNP,ALP,0.5012482695647006,0.49875173043529947,0.0012482695647005881,LNP-ALP,OTH>IND>GRN>ON,0.49875173043529947,0.5012482695647006,OTH>IND>GRN>ON,0.5224561417735831,0.4775438582264168,OTH>IND>GRN>LNP,ON24,no_geography
Bendigo West,Northern Victoria,ALP,ALP,ON,0.5373383724021851,0.46266162759781504,0.03733837240218507,ALP-ON,IND>OTH>GRN>LNP,0.5464634254334627,0.4535365745665373,IND>OTH>GRN>ON,0.5373383724021851,0.46266162759781504,IND>OTH>GRN>LNP,Northern Victoria,ALP,ALP,ON,0.527594521357731,0.4724054786422691,0.027594521357730994,ALP-ON,IND>OTH>GRN>LNP,0.5363036504836564,0.46369634951634375,IND>OTH>GRN>ON,0.527594521357731,0.4724054786422691,IND>OTH>GRN>LNP,ON24,no_geography
Bentleigh,Southern Metro,ALP,LNP,ALP,0.5068314547726653,0.4931685452273347,0.006831454772665335,LNP-ALP,OTH>IND>GRN>ON,0.4931685452273347,0.5068314547726653,OTH>IND>GRN>ON,0.5884039331077422,0.41159606689225786,OTH>IND>GRN>LNP,Southern Metro,ALP,ALP,LNP,0.5030407164756805,0.4969592835243195,0.003040716475680494,ALP-LNP,OTH>IND>GRN>ON,0.5030407164756805,0.4969592835243195,OTH>IND>GRN>ON,0.5867813513303483,0.41321864866965174,OTH>IND>GRN>LNP,ON24,no_geography
Berwick,South-Eastern Metro,LNP,LNP,ON,0.6030771788054033,0.3969228211945966,0.10307717880540335,LNP-ON,IND>OTH>GRN>ALP,0.35504316638008576,0.6449568336199142,IND>OTH>GRN>ON,0.3849523084511291,0.615047691548871,IND>OTH>GRN>LNP,South-Eastern Metro,LNP,LNP,ON,0.6002620533967314,0.3997379466032685,0.10026205339673144,LNP-ON,IND>OTH>GRN>ALP,0.3473112617553033,0.6526887382446966,IND>OTH>GRN>ON,0.3801127847080001,0.619887215292,IND>OTH>GRN>LNP,ON24,no_geography
Box Hill,North-Eastern Metro,ALP,LNP,ALP,0.5142865989918752,0.48571340100812477,0.014286598991875232,LNP-ALP,IND>OTH>ON>GRN,0.48571340100812477,0.5142865989918752,IND>OTH>ON>GRN,0.6132339565703906,0.38676604342960935,IND>OTH>GRN>LNP,North-Eastern Metro,ALP,LNP,ALP,0.505103398781634,0.494896601218366,0.0051033987816340165,LNP-ALP,IND>OTH>ON>GRN,0.494896601218366,0.505103398781634,IND>OTH>ON>GRN,0.610978180357462,0.38902181964253807,IND>OTH>GRN>LNP,ON24,no_geography
Brighton,Southern Metro,LNP,LNP,GRN,0.6330014414694013,0.3669985585305987,0.1330014414694013,LNP-GRN,OTH>IND>ON>ALP,0.366315031208941,0.6336849687910591,OTH>IND>ON>GRN,0.5548678554439865,0.44513214455601346,OTH>IND>GRN>LNP,Southern Metro,LNP,LNP,GRN,0.5985073913140834,0.40149260868591663,0.09850739131408337,LNP-GRN,OTH>IND>ON>ALP,0.3999124093688101,0.6000875906311899,OTH>IND>ON>GRN,0.5843655874493275,0.41563441255067246,OTH>IND>GRN>LNP,ON24,no_geography
Broadmeadows,Northern Metro,ALP,ALP,ON,0.543423768886593,0.45657623111340706,0.04342376888659305,ALP-ON,IND>GRN>OTH>LNP,0.5723397029433834,0.42766029705661657,IND>GRN>OTH>ON,0.543423768886593,0.45657623111340706,IND>GRN>OTH>LNP,Northern Metro,ALP,ALP,ON,0.5429940718667641,0.45700592813323604,0.04299407186676407,ALP-ON,IND>GRN>OTH>LNP,0.5897772956602597,0.41022270433974034,IND>GRN>OTH>ON,0.5429940718667641,0.45700592813323604,IND>GRN>OTH>LNP,ON24,no_geography
Brunswick,Northern Metro,GRN,GRN,ALP,0.6459726838966572,0.35402731610334276,0.14597268389665718,GRN-ALP,IND>LNP>OTH>ON,0.7178558828121441,0.2821441171878559,IND>OTH>ON>GRN,0.7243629742522935,0.2756370257477065,IND>LNP>OTH>GRN,Northern Metro,GRN,GRN,ALP,0.6474714586258143,0.3525285413741856,0.14747145862581434,GRN-ALP,IND>LNP>OTH>ON,0.7731344289491149,0.2268655710508851,IND>OTH>ON>GRN,0.748012591954114,0.251987408045886,IND>LNP>OTH>GRN,ON24,no_geography
Bulleen,North-Eastern Metro,LNP,LNP,ALP,0.6461299627240417,0.35387003727595834,0.14612996272404166,LNP-ALP,OTH>IND>GRN>ON,0.35387003727595834,0.6461299627240417,OTH>IND>GRN>ON,0.5380947509980392,0.4619052490019608,OTH>IND>GRN>LNP,North-Eastern Metro,LNP,LNP,ALP,0.6375724716971124,0.3624275283028877,0.1375724716971124,LNP-ALP,OTH>IND>GRN>ON,0.3624275283028877,0.6375724716971124,OTH>IND>GRN>ON,0.5365446676598853,0.4634553323401147,OTH>IND>GRN>LNP,ON24,no_geography
Bundoora,North-Eastern Metro,ALP,ALP,LNP,0.5453150049801726,0.4546849950198275,0.0453150049801726,ALP-LNP,IND>OTH>GRN>ON,0.5453150049801726,0.4546849950198275,IND>OTH>GRN>ON,0.6128484240204717,0.38715157597952843,IND>OTH>GRN>LNP,North-Eastern Metro,ALP,ALP,LNP,0.5563696888483032,0.4436303111516969,0.05636968884830318,ALP-LNP,IND>OTH>GRN>ON,0.5563696888483032,0.4436303111516969,IND>OTH>GRN>ON,0.6112709715504889,0.3887290284495111,IND>OTH>GRN>LNP,ON24,no_geography
Carrum,South-Eastern Metro,ALP,ON,ALP,0.5323027606166897,0.46769723938331037,0.032302760616689685,ON-ALP,IND>OTH>GRN>LNP,0.4841182124679941,0.515881787532006,IND>OTH>GRN>ON,0.46769723938331037,0.5323027606166897,IND>OTH>GRN>LNP,South-Eastern Metro,ALP,ON,ALP,0.537787548817946,0.46221245118205406,0.03778754881794599,ON-ALP,IND>OTH>GRN>LNP,0.4751643321751537,0.5248356678248464,IND>OTH>GRN>ON,0.46221245118205406,0.537787548817946,IND>OTH>GRN>LNP,ON24,no_geography
Caulfield,Southern Metro,LNP,LNP,GRN,0.6219383324437798,0.3780616675562201,0.12193833244377983,LNP-GRN,OTH>IND>ON>ALP,0.39119598712996123,0.6088040128700388,OTH>IND>ON>GRN,0.5736512389389776,0.4263487610610223,OTH>IND>GRN>LNP,Southern Metro,LNP,LNP,GRN,0.5920088542549342,0.4079911457450658,0.09200885425493421,LNP-GRN,OTH>IND>ON>ALP,0.418724057828483,0.581275942171517,OTH>IND>ON>GRN,0.5945849727681025,0.40541502723189743,OTH>IND>GRN>LNP,ON24,no_geography
Clarinda,South-Eastern Metro,ALP,ALP,LNP,0.5158576274884794,0.4841423725115206,0.01585762748847941,ALP-LNP,OTH>GRN>IND>ON,0.5158576274884794,0.4841423725115206,OTH>GRN>IND>ON,0.5673024521163015,0.4326975478836986,OTH>GRN>IND>LNP,South-Eastern Metro,ALP,ALP,LNP,0.529286199301246,0.470713800698754,0.029286199301245985,ALP-LNP,OTH>GRN>IND>ON,0.529286199301246,0.470713800698754,OTH>GRN>IND>ON,0.565601698755349,0.43439830124465106,OTH>GRN>IND>LNP,ON24,no_geography
Cranbourne,South-Eastern Metro,ALP,ON,ALP,0.5339549130011313,0.46604508699886876,0.03395491300113129,ON-ALP,IND>GRN>OTH>LNP,0.479544691184415,0.520455308815585,IND>GRN>OTH>ON,0.46604508699886876,0.5339549130011313,IND>GRN>OTH>LNP,South-Eastern Metro,ALP,ON,ALP,0.5341313788827566,0.4658686211172433,0.034131378882756636,ON-ALP,IND>GRN>OTH>LNP,0.49559229342171063,0.5044077065782894,IND>GRN>OTH>ON,0.4658686211172433,0.5341313788827566,IND>GRN>OTH>LNP,ON24,no_geography
Croydon,North-Eastern Metro,LNP,LNP,ALP,0.6143366771954977,0.3856633228045023,0.11433667719549767,LNP-ALP,IND>OTH>GRN>ON,0.3856633228045023,0.6143366771954977,IND>OTH>GRN>ON,0.48027297653929224,0.5197270234607078,IND>OTH>GRN>LNP,North-Eastern Metro,LNP,LNP,ALP,0.6034910075701774,0.3965089924298227,0.10349100757017737,LNP-ALP,IND>OTH>GRN>ON,0.3965089924298227,0.6034910075701774,IND>OTH>GRN>ON,0.47933683513250697,0.5206631648674931,IND>OTH>GRN>LNP,ON24,no_geography
Dandenong,South-Eastern Metro,ALP,ALP,ON,0.5789940317610851,0.4210059682389149,0.0789940317610851,ALP-ON,IND>OTH>GRN>LNP,0.595090895155393,0.404909104844607,IND>OTH>GRN>ON,0.5789940317610851,0.4210059682389149,IND>OTH>GRN>LNP,South-Eastern Metro,ALP,ALP,ON,0.5782016093696545,0.4217983906303455,0.07820160936965448,ALP-ON,IND>OTH>GRN>LNP,0.6071977565723046,0.39280224342769543,IND>OTH>GRN>ON,0.5782016093696545,0.4217983906303455,IND>OTH>GRN>LNP,ON24,no_geography
Eildon,Northern Victoria,LNP,LNP,ON,0.5809198107507817,0.41908018924921836,0.0809198107507817,LNP-ON,IND>OTH>GRN>ALP,0.34367319510486954,0.6563268048951305,IND>OTH>GRN>ON,0.3461649473342023,0.6538350526657978,IND>OTH>GRN>LNP,Northern Victoria,LNP,LNP,ON,0.5795253250397241,0.42047467496027585,0.07952532503972409,LNP-ON,IND>OTH>GRN>ALP,0.3290019891953892,0.6709980108046109,IND>OTH>GRN>ON,0.3430051370126696,0.6569948629873303,IND>OTH>GRN>LNP,ON24,no_geography
Eltham,North-Eastern Metro,ALP,LNP,ALP,0.5056086881604521,0.4943913118395479,0.005608688160452124,LNP-ALP,IND>OTH>GRN>ON,0.4943913118395479,0.5056086881604521,IND>OTH>GRN>ON,0.5601038801472871,0.43989611985271304,IND>OTH>GRN>LNP,North-Eastern Metro,ALP,ALP,LNP,0.5043150163327854,0.4956849836672146,0.004315016332785415,ALP-LNP,IND>OTH>GRN>ON,0.5043150163327854,0.4956849836672146,IND>OTH>GRN>ON,0.5584340521197672,0.4415659478802329,IND>OTH>GRN>LNP,ON24,no_geography
Essendon,Northern Metro,ALP,ALP,ON,0.5454044553260714,0.45459554467392854,0.0454044553260714,ALP-ON,IND>OTH>GRN>LNP,0.5029424691304872,0.4970575308695127,IND>OTH>GRN>ON,0.5454044553260714,0.45459554467392854,IND>OTH>GRN>LNP,Northern Metro,ALP,ALP,ON,0.5432346615526883,0.4567653384473118,0.04323466155268829,ALP-ON,IND>OTH>GRN>LNP,0.5174205761560945,0.48257942384390545,IND>OTH>GRN>ON,0.5432346615526883,0.4567653384473118,IND>OTH>GRN>LNP,ON24,no_geography
Eureka,Western Victoria,ALP,ON,ALP,0.5894982119058296,0.4105017880941704,0.08949821190582963,ON-ALP,IND>OTH>GRN>LNP,0.461189097981952,0.538810902018048,IND>OTH>GRN>ON,0.4105017880941704,0.5894982119058296,IND>OTH>GRN>LNP,Western Victoria,ALP,ON,ALP,0.5950832612347782,0.40491673876522183,0.09508326123477817,ON-ALP,IND>OTH>GRN>LNP,0.44217029634017346,0.5578297036598265,IND>OTH>GRN>ON,0.40491673876522183,0.5950832612347782,IND>OTH>GRN>LNP,ON24,no_geography
Euroa,Northern Victoria,LNP,LNP,ON,0.5727366202599734,0.42726337974002654,0.0727366202599734,LNP-ON,IND>OTH>GRN>ALP,0.30438323150017005,0.69561676849983,IND>OTH>GRN>ON,0.3115697764799727,0.6884302235200274,IND>OTH>GRN>LNP,Northern Victoria,LNP,LNP,ON,0.5721978358711717,0.42780216412882827,0.07219783587117168,LNP-ON,IND>OTH>GRN>ALP,0.28970671581769386,0.7102932841823061,IND>OTH>GRN>ON,0.3100725106997454,0.6899274893002546,IND>OTH>GRN>LNP,ON24,no_geography
Evelyn,Eastern Victoria,LNP,LNP,ALP,0.6502925198005143,0.3497074801994858,0.15029251980051428,LNP-ALP,IND>OTH>GRN>ON,0.3497074801994858,0.6502925198005143,IND>OTH>GRN>ON,0.3888913401449124,0.6111086598550876,IND>OTH>GRN>LNP,Eastern Victoria,LNP,LNP,ON,0.6263822327441402,0.37361776725585977,0.12638223274414018,LNP-ON,IND>OTH>GRN>ALP,0.3417962087629793,0.6582037912370208,IND>OTH>GRN>ON,0.3826115698383527,0.6173884301616474,IND>OTH>GRN>LNP,ON24,no_geography
Footscray,Western Metro,ALP,ALP,GRN,0.543019887125632,0.456980112874368,0.043019887125631984,ALP-GRN,IND>OTH>LNP>ON,0.6445167706692942,0.35548322933070575,IND>OTH>ON>GRN,0.6982421138593191,0.30175788614068094,IND>OTH>LNP>GRN,Western Metro,ALP,ALP,GRN,0.5404775670864616,0.45952243291353845,0.04047756708646155,ALP-GRN,IND>OTH>LNP>ON,0.6822719888167457,0.3177280111832544,IND>OTH>ON>GRN,0.7219007061059923,0.27809929389400767,IND>OTH>LNP>GRN,ON24,no_geography
Frankston,South-Eastern Metro,ALP,ON,ALP,0.503243616354896,0.496756383645104,0.003243616354896006,ON-ALP,IND>OTH>GRN>LNP,0.4827988839069377,0.5172011160930623,IND>OTH>GRN>ON,0.496756383645104,0.503243616354896,IND>OTH>GRN>LNP,South-Eastern Metro,ALP,ON,ALP,0.5042056782638329,0.4957943217361672,0.0042056782638328905,ON-ALP,IND>OTH>GRN>LNP,0.49749973310988865,0.5025002668901113,IND>OTH>GRN>ON,0.4957943217361672,0.5042056782638329,IND>OTH>GRN>LNP,ON24,no_geography
Geelong,Western Victoria,ALP,ON,ALP,0.5198546978962899,0.4801453021037101,0.019854697896289908,ON-ALP,OTH>IND>GRN>LNP,0.5089351997989151,0.4910648002010849,OTH>IND>GRN>ON,0.4801453021037101,0.5198546978962899,OTH>IND>GRN>LNP,Western Victoria,ALP,ON,ALP,0.5312588356329738,0.46874116436702623,0.031258835632973825,ON-ALP,OTH>IND>GRN>LNP,0.49671675128021847,0.5032832487197816,OTH>IND>GRN>ON,0.46874116436702623,0.5312588356329738,OTH>IND>GRN>LNP,ON24,no_geography
Gippsland East,Eastern Victoria,LNP,LNP,ON,0.5798304018219567,0.4201695981780433,0.07983040182195666,LNP-ON,IND>ALP>OTH>GRN,0.20792398211475138,0.7920760178852485,IND>OTH>GRN>ON,0.2152921063468537,0.7847078936531464,IND>OTH>GRN>LNP,Eastern Victoria,LNP,LNP,ON,0.5729431734596214,0.4270568265403785,0.07294317345962142,LNP-ON,IND>ALP>OTH>GRN,0.18999845320032463,0.8100015467996753,IND>OTH>GRN>ON,0.21138224703731567,0.7886177529626842,IND>OTH>GRN>LNP,ON24,no_geography
Gippsland South,Eastern Victoria,LNP,LNP,ON,0.5686838959260401,0.4313161040739599,0.06868389592604007,LNP-ON,OTH>IND>GRN>ALP,0.25893612813832817,0.7410638718616718,OTH>IND>GRN>ON,0.26466192862719745,0.7353380713728025,OTH>IND>GRN>LNP,Eastern Victoria,LNP,LNP,ON,0.5663239914408633,0.4336760085591366,0.06632399144086332,LNP-ON,OTH>IND>GRN>ALP,0.24223215378411345,0.7577678462158866,OTH>IND>GRN>ON,0.26093204536234127,0.7390679546376587,OTH>IND>GRN>LNP,ON24,no_geography
Glen Waverley,North-Eastern Metro,ALP,LNP,ALP,0.5575606018058084,0.4424393981941916,0.057560601805808354,LNP-ALP,IND>OTH>GRN>ON,0.4424393981941916,0.5575606018058084,IND>OTH>GRN>ON,0.5875072369456068,0.4124927630543932,IND>OTH>GRN>LNP,North-Eastern Metro,ALP,LNP,ALP,0.5494215351357207,0.45057846486427927,0.04942153513572067,LNP-ALP,IND>OTH>GRN>ON,0.45057846486427927,0.5494215351357207,IND>OTH>GRN>ON,0.5861011459279549,0.4138988540720451,IND>OTH>GRN>LNP,ON24,no_geography
Greenvale,Northern Metro,ALP,ALP,ON,0.5468894862140011,0.4531105137859989,0.04688948621400113,ALP-ON,IND>GRN>OTH>LNP,0.5409261214420691,0.4590738785579309,IND>GRN>OTH>ON,0.5468894862140011,0.4531105137859989,IND>GRN>OTH>LNP,Northern Metro,ALP,ALP,ON,0.5464130965349483,0.4535869034650517,0.046413096534948295,ALP-ON,IND>GRN>OTH>LNP,0.5575846344310352,0.44241536556896477,IND>GRN>OTH>ON,0.5464130965349483,0.4535869034650517,IND>GRN>OTH>LNP,ON24,no_geography
Hastings,Eastern Victoria,ALP,LNP,ON,0.5464364868081872,0.4535635131918127,0.04643648680818724,LNP-ON,IND>OTH>GRN>ALP,0.40925415920033714,0.5907458407996629,IND>OTH>GRN>ON,0.3933791017005489,0.6066208982994511,IND>OTH>GRN>LNP,Eastern Victoria,ALP,LNP,ON,0.545510776560324,0.454489223439676,0.045510776560323984,LNP-ON,IND>OTH>GRN>ALP,0.3942462291907849,0.6057537708092151,IND>OTH>GRN>ON,0.3907493044148626,0.6092506955851373,IND>OTH>GRN>LNP,ON24,no_geography
Hawthorn,Southern Metro,LNP,LNP,IND,0.6193174753973222,0.38068252460267776,0.11931747539732218,LNP-IND,OTH>ON>ALP>GRN,0.4050657086969347,0.5949342913030653,OTH>ON>GRN>IND,0.6014218729429311,0.3985781270570688,OTH>GRN>IND>LNP,Southern Metro,LNP,LNP,IND,0.5915602568291091,0.40843974317089093,0.09156025682910907,LNP-IND,OTH>ON>ALP>GRN,0.4426350339468108,0.5573649660531893,OTH>ON>GRN>IND,0.6434272467728234,0.3565727532271767,OTH>GRN>IND>LNP,ON24,no_geography
Ivanhoe,North-Eastern Metro,ALP,ALP,LNP,0.5391449356561885,0.46085506434381157,0.039144935656188484,ALP-LNP,OTH>IND>ON>GRN,0.5391449356561885,0.46085506434381157,OTH>IND>ON>GRN,0.6157711193883982,0.3842288806116017,OTH>IND>GRN>LNP,North-Eastern Metro,ALP,ALP,LNP,0.5499112756220466,0.4500887243779535,0.04991127562204656,ALP-LNP,OTH>IND>ON>GRN,0.5499112756220466,0.4500887243779535,OTH>IND>ON>GRN,0.6128252230727874,0.3871747769272125,OTH>IND>GRN>LNP,ON24,no_geography
Kalkallo,Northern Metro,ALP,ALP,ON,0.5409452170364141,0.45905478296358593,0.04094521703641407,ALP-ON,IND>GRN>OTH>LNP,0.5743316293379748,0.42566837066202523,IND>GRN>OTH>ON,0.5409452170364141,0.45905478296358593,IND>GRN>OTH>LNP,Northern Metro,ALP,ALP,ON,0.5325816146624945,0.4674183853375055,0.03258161466249454,ALP-ON,IND>GRN>OTH>LNP,0.5643325656327027,0.43566743436729727,IND>GRN>OTH>ON,0.5325816146624945,0.4674183853375055,IND>GRN>OTH>LNP,ON24,no_geography
Kew,Southern Metro,LNP,LNP,IND,0.6394586192506503,0.36054138074934966,0.13945861925065028,LNP-IND,OTH>ON>GRN>ALP,0.37074376552270777,0.6292562344772923,OTH>ON>GRN>IND,0.5870145221561923,0.41298547784380774,OTH>GRN>IND>LNP,Southern Metro,LNP,LNP,IND,0.614616951832482,0.38538304816751806,0.114616951832482,LNP-IND,OTH>ON>GRN>ALP,0.40431916676383267,0.5956808332361674,OTH>ON>GRN>IND,0.6253906987503931,0.37460930124960695,OTH>GRN>IND>LNP,ON24,no_geography
Kororoit,Western Metro,ALP,ALP,ON,0.5385604482754187,0.46143955172458123,0.03856044827541871,ALP-ON,IND>GRN>OTH>LNP,0.5592925999184598,0.44070740008154013,IND>GRN>OTH>ON,0.5385604482754187,0.46143955172458123,IND>GRN>OTH>LNP,Western Metro,ALP,ALP,ON,0.5378116422148423,0.4621883577851577,0.037811642214842345,ALP-ON,IND>GRN>OTH>LNP,0.5756709768935242,0.42432902310647574,IND>GRN>OTH>ON,0.5378116422148423,0.4621883577851577,IND>GRN>OTH>LNP,ON24,no_geography
Lara,Western Victoria,ALP,ON,ALP,0.5440212359673327,0.4559787640326674,0.04402123596733265,ON-ALP,IND>OTH>GRN>LNP,0.5231012166569677,0.4768987833430323,IND>OTH>GRN>ON,0.4559787640326674,0.5440212359673327,IND>OTH>GRN>LNP,Western Victoria,ALP,ON,ALP,0.5512329122960354,0.4487670877039646,0.05123291229603544,ON-ALP,IND>OTH>GRN>LNP,0.5114879669346125,0.48851203306538754,IND>OTH>GRN>ON,0.4487670877039646,0.5512329122960354,IND>OTH>GRN>LNP,ON24,no_geography
Laverton,Western Metro,ALP,ALP,ON,0.5673183048021193,0.43268169519788063,0.06731830480211931,ALP-ON,IND>GRN>OTH>LNP,0.5752526148705467,0.42474738512945337,IND>GRN>OTH>ON,0.5673183048021193,0.43268169519788063,IND>GRN>OTH>LNP,Western Metro,ALP,ALP,ON,0.5656967469937698,0.4343032530062301,0.06569674699376982,ALP-ON,IND>GRN>OTH>LNP,0.591472928046768,0.40852707195323196,IND>GRN>OTH>ON,0.5656967469937698,0.4343032530062301,IND>GRN>OTH>LNP,ON24,no_geography
Lowan,Western Victoria,LNP,LNP,ON,0.6015327057777903,0.39846729422220967,0.10153270577779028,LNP-ON,IND>OTH>GRN>ALP,0.21723338567851486,0.7827666143214852,IND>OTH>GRN>ON,0.23832744131550268,0.7616725586844973,IND>OTH>GRN>LNP,Western Victoria,LNP,LNP,ON,0.5990935365828465,0.4009064634171536,0.09909353658284648,LNP-ON,IND>OTH>GRN>ALP,0.20051863500014216,0.7994813649998579,IND>OTH>GRN>ON,0.2339442902420771,0.7660557097579229,IND>OTH>GRN>LNP,ON24,no_geography
Macedon,Northern Victoria,ALP,ON,ALP,0.5403407755231665,0.45965922447683355,0.040340775523166506,ON-ALP,OTH>IND>GRN>LNP,0.4891095038488343,0.5108904961511657,OTH>IND>GRN>ON,0.45965922447683355,0.5403407755231665,OTH>IND>GRN>LNP,Northern Victoria,ALP,ON,ALP,0.5456384061364214,0.45436159386357855,0.04563840613642145,ON-ALP,OTH>IND>GRN>LNP,0.4733039930216632,0.5266960069783369,OTH>IND>GRN>ON,0.45436159386357855,0.5456384061364214,OTH>IND>GRN>LNP,ON24,no_geography
Malvern,Southern Metro,LNP,LNP,GRN,0.6721236075652468,0.32787639243475325,0.1721236075652468,LNP-GRN,IND>OTH>ON>ALP,0.3374997741354426,0.6625002258645575,IND>OTH>ON>GRN,0.5728993120893839,0.427100687910616,IND>OTH>GRN>LNP,Southern Metro,LNP,LNP,GRN,0.6491235817279375,0.3508764182720625,0.1491235817279375,LNP-GRN,IND>OTH>ON>ALP,0.3594563499122036,0.6405436500877963,IND>OTH>ON>GRN,0.5872482521038642,0.41275174789613583,IND>OTH>GRN>LNP,ON24,no_geography
Melbourne,Northern Metro,GRN,GRN,ALP,0.6199569160983779,0.3800430839016222,0.11995691609837789,GRN-ALP,IND>OTH>LNP>ON,0.6514026654976963,0.34859733450230374,IND>OTH>ON>GRN,0.7172211971651058,0.2827788028348942,IND>OTH>LNP>GRN,Northern Metro,GRN,GRN,ALP,0.6213697934524596,0.3786302065475404,0.12136979345245957,GRN-ALP,IND>OTH>LNP>ON,0.6994507920156122,0.30054920798438783,IND>OTH>ON>GRN,0.7411804338795994,0.25881956612040063,IND>OTH>LNP>GRN,ON24,no_geography
Melton,Western Victoria,ALP,ON,IND,0.5594089941060739,0.4405910058939261,0.05940899410607392,ON-IND,GRN>OTH>LNP>ALP,0.4353712564320702,0.5646287435679298,GRN>OTH>IND>ON,0.4330054233713838,0.5669945766286162,GRN>OTH>LNP>IND,Western Victoria,ALP,ON,IND,0.5706111851831983,0.4293888148168017,0.07061118518319831,ON-IND,GRN>OTH>LNP>ALP,0.4187581462794663,0.5812418537205337,GRN>OTH>IND>ON,0.42261045258477903,0.577389547415221,GRN>OTH>LNP>IND,ON24,no_geography
Mildura,Northern Victoria,LNP,IND,ON,0.505118780118049,0.494881219881951,0.0051187801180490045,IND-ON,OTH>ALP>GRN>LNP,0.288656291935027,0.711343708064973,OTH>GRN>ON>IND,0.3434066612273951,0.656593338772605,OTH>GRN>LNP>IND,Northern Victoria,LNP,ON,IND,0.5029766378733128,0.49702336212668724,0.002976637873312815,ON-IND,OTH>ALP>GRN>LNP,0.25709114220125523,0.7429088577987447,OTH>GRN>ON>IND,0.3273700523879417,0.6726299476120583,OTH>GRN>LNP>IND,ON24,no_geography
Mill Park,North-Eastern Metro,ALP,ALP,ON,0.5167897784635115,0.48321022153648857,0.016789778463511484,ALP-ON,IND>GRN>OTH>LNP,0.5329252527312464,0.4670747472687537,IND>GRN>OTH>ON,0.5167897784635115,0.48321022153648857,IND>GRN>OTH>LNP,North-Eastern Metro,ALP,ALP,ON,0.5163426876266562,0.4836573123733438,0.01634268762665625,ALP-ON,IND>GRN>OTH>LNP,0.5479739493177657,0.4520260506822343,IND>GRN>OTH>ON,0.5163426876266562,0.4836573123733438,IND>GRN>OTH>LNP,ON24,no_geography
Monbulk,Eastern Victoria,ALP,LNP,ALP,0.5372834709985822,0.4627165290014178,0.0372834709985822,LNP-ALP,OTH>IND>GRN>ON,0.4627165290014178,0.5372834709985822,OTH>IND>GRN>ON,0.44912927144444575,0.5508707285555542,OTH>IND>GRN>LNP,Eastern Victoria,ALP,LNP,ALP,0.5488339539394075,0.45116604606059246,0.04883395393940748,LNP-ALP,OTH>IND>GRN>ON,0.45116604606059246,0.5488339539394075,OTH>IND>GRN>ON,0.4364639853217026,0.5635360146782974,OTH>IND>GRN>LNP,ON24,no_geography
Mordialloc,South-Eastern Metro,ALP,LNP,ALP,0.511340645212804,0.4886593547871961,0.01134064521280398,LNP-ALP,OTH>IND>GRN>ON,0.4886593547871961,0.511340645212804,OTH>IND>GRN>ON,0.5566706169947114,0.44332938300528857,OTH>IND>GRN>LNP,South-Eastern Metro,ALP,ALP,LNP,0.5014885911898996,0.49851140881010036,0.0014885911898996351,ALP-LNP,OTH>IND>GRN>ON,0.5014885911898996,0.49851140881010036,OTH>IND>GRN>ON,0.5552506392382623,0.4447493607617377,OTH>IND>GRN>LNP,ON24,no_geography
Mornington,Eastern Victoria,LNP,LNP,IND,0.6220906354710536,0.37790936452894636,0.12209063547105359,LNP-IND,OTH>GRN>ALP>ON,0.3192339515839522,0.6807660484160478,OTH>GRN>ON>IND,0.3562875238307028,0.6437124761692972,OTH>GRN>IND>LNP,Eastern Victoria,LNP,LNP,IND,0.6243414829305001,0.3756585170695,0.12434148293050007,LNP-IND,OTH>GRN>ALP>ON,0.307582167074125,0.692417832925875,OTH>GRN>ON>IND,0.34271342244801817,0.6572865775519818,OTH>GRN>IND>LNP,ON24,no_geography
Morwell,Eastern Victoria,LNP,ON,LNP,0.5337345704700325,0.4662654295299676,0.03373457047003248,ON-LNP,GRN>OTH>IND>ALP,0.36950245202579285,0.6304975479742072,GRN>OTH>IND>ON,0.32937438635258476,0.6706256136474152,GRN>OTH>IND>LNP,Eastern Victoria,LNP,ON,LNP,0.5406026504814045,0.4593973495185954,0.040602650481404545,ON-LNP,GRN>OTH>IND>ALP,0.3549077462596592,0.6450922537403408,GRN>OTH>IND>ON,0.3192574990809151,0.680742500919085,GRN>OTH>IND>LNP,ON24,no_geography
Mulgrave,South-Eastern Metro,ALP,ALP,ON,0.6771494428643393,0.3228505571356608,0.1771494428643393,ALP-ON,OTH>GRN>LNP>IND,0.5868737732934677,0.41312622670653243,OTH>GRN>IND>ON,0.6771494428643393,0.3228505571356608,OTH>GRN>LNP>IND,South-Eastern Metro,ALP,ALP,ON,0.6734225507982211,0.326577449201779,0.1734225507982211,ALP-ON,OTH>GRN>LNP>IND,0.6014461813131885,0.39855381868681156,OTH>GRN>IND>ON,0.6734225507982211,0.326577449201779,OTH>GRN>LNP>IND,ON24,no_geography
Murray Plains,Northern Victoria,LNP,LNP,ON,0.5766043753128849,0.42339562468711506,0.07660437531288489,LNP-ON,IND>GRN>ALP>OTH,0.19465281284717223,0.8053471871528277,IND>GRN>OTH>ON,0.1985281312703974,0.8014718687296025,IND>GRN>OTH>LNP,Northern Victoria,LNP,LNP,ON,0.5744706904625705,0.42552930953742946,0.07447069046257049,LNP-ON,IND>GRN>ALP>OTH,0.17515393527980908,0.8248460647201908,IND>GRN>OTH>ON,0.19321340353433883,0.8067865964656611,IND>GRN>OTH>LNP,ON24,no_geography
Narracan,Eastern Victoria,LNP,LNP,ON,0.5851832795521842,0.41481672044781587,0.08518327955218419,LNP-ON,OTH>IND>GRN>ALP,0.36644922863245566,0.6335507713675443,OTH>IND>GRN>ON,0.37268547715703176,0.6273145228429682,OTH>IND>GRN>LNP,Eastern Victoria,LNP,LNP,ON,0.5823587273205935,0.41764127267940654,0.08235872732059346,LNP-ON,OTH>IND>GRN>ALP,0.3516672662471812,0.6483327337528189,OTH>IND>GRN>ON,0.36775705819076143,0.6322429418092386,OTH>IND>GRN>LNP,ON24,no_geography
Narre Warren North,South-Eastern Metro,ALP,ON,ALP,0.5145521534979349,0.4854478465020652,0.014552153497934928,ON-ALP,IND>GRN>OTH>LNP,0.49248457146977087,0.5075154285302292,IND>GRN>OTH>ON,0.4854478465020652,0.5145521534979349,IND>GRN>OTH>LNP,South-Eastern Metro,ALP,ON,ALP,0.5149506804810492,0.48504931951895086,0.014950680481049194,ON-ALP,IND>GRN>OTH>LNP,0.5077721711095448,0.4922278288904553,IND>GRN>OTH>ON,0.48504931951895086,0.5149506804810492,IND>GRN>OTH>LNP,ON24,no_geography
Narre Warren South,South-Eastern Metro,ALP,ON,ALP,0.506015713374158,0.4939842866258421,0.0060157133741579605,ON-ALP,IND>GRN>OTH>LNP,0.493142177806731,0.5068578221932691,IND>GRN>OTH>ON,0.4939842866258421,0.506015713374158,IND>GRN>OTH>LNP,South-Eastern Metro,ALP,ON,ALP,0.506507880272015,0.4934921197279851,0.0065078802720149875,ON-ALP,IND>GRN>OTH>LNP,0.5077132927035861,0.492286707296414,IND>GRN>OTH>ON,0.4934921197279851,0.506507880272015,IND>GRN>OTH>LNP,ON24,no_geography
Nepean,Eastern Victoria,LNP,LNP,ON,0.6280125586506381,0.3719874413493619,0.1280125586506381,LNP-ON,OTH>IND>GRN>ALP,0.3418577662422916,0.6581422337577084,OTH>IND>GRN>ON,0.38127370420718926,0.6187262957928108,OTH>IND>GRN>LNP,Eastern Victoria,LNP,LNP,ON,0.6242996571556744,0.37570034284432563,0.12429965715567437,LNP-ON,OTH>IND>GRN>ALP,0.333565667126081,0.6664343328739191,OTH>IND>GRN>ON,0.3743697197240742,0.6256302802759258,OTH>IND>GRN>LNP,ON24,no_geography
Niddrie,Western Metro,ALP,ALP,ON,0.5026402365559524,0.49735976344404775,0.0026402365559523577,ALP-ON,IND>OTH>GRN>LNP,0.4593956598820339,0.5406043401179662,IND>OTH>GRN>ON,0.5026402365559524,0.49735976344404775,IND>OTH>GRN>LNP,Western Metro,ALP,ALP,ON,0.5018119229118693,0.4981880770881308,0.0018119229118692681,ALP-ON,IND>OTH>GRN>LNP,0.4717180514181985,0.5282819485818016,IND>OTH>GRN>ON,0.5018119229118693,0.4981880770881308,IND>OTH>GRN>LNP,ON24,no_geography
Northcote,Northern Metro,ALP,GRN,ALP,0.5257763670381148,0.47422363296188524,0.02577636703811481,GRN-ALP,IND>LNP>OTH>ON,0.6896687101649335,0.3103312898350665,IND>OTH>ON>GRN,0.6834102031905828,0.31658979680941723,IND>LNP>OTH>GRN,Northern Metro,ALP,GRN,ALP,0.5292068590326576,0.47079314096734237,0.02920685903265763,GRN-ALP,IND>LNP>OTH>ON,0.7363527539135915,0.26364724608640866,IND>OTH>ON>GRN,0.7051866790342712,0.29481332096572876,IND>LNP>OTH>GRN,ON24,no_geography
Oakleigh,Southern Metro,ALP,ALP,LNP,0.5361654597184389,0.46383454028156124,0.036165459718438875,ALP-LNP,OTH>IND>GRN>ON,0.5361654597184389,0.46383454028156124,OTH>IND>GRN>ON,0.5947639573666826,0.4052360426333175,OTH>IND>GRN>LNP,Southern Metro,ALP,ALP,LNP,0.5480915187951414,0.4519084812048587,0.0480915187951414,ALP-LNP,OTH>IND>GRN>ON,0.5480915187951414,0.4519084812048587,OTH>IND>GRN>ON,0.5923824470702986,0.4076175529297013,OTH>IND>GRN>LNP,ON24,no_geography
Ovens Valley,Northern Victoria,LNP,LNP,ON,0.5883408300809684,0.4116591699190317,0.08834083008096838,LNP-ON,IND>ALP>OTH>GRN,0.275153261314902,0.7248467386850981,IND>GRN>OTH>ON,0.26620034777196677,0.7337996522280332,IND>GRN>OTH>LNP,Northern Victoria,LNP,LNP,ON,0.5719601313072502,0.4280398686927499,0.07196013130725021,LNP-ON,IND>ALP>GRN>OTH,0.2540050846501843,0.7459949153498158,IND>GRN>OTH>ON,0.25654864356521395,0.7434513564347861,IND>GRN>OTH>LNP,ON24,no_geography
Pakenham,Eastern Victoria,ALP,LNP,ON,0.5083531542865718,0.49164684571342815,0.008353154286571796,LNP-ON,IND>GRN>OTH>ALP,0.4040348462371282,0.5959651537628718,IND>GRN>OTH>ON,0.37209997038381853,0.6279000296161814,IND>GRN>OTH>LNP,Eastern Victoria,ALP,LNP,ON,0.5029610058021956,0.49703899419780434,0.0029610058021956043,LNP-ON,IND>GRN>OTH>ALP,0.390884265355723,0.6091157346442769,IND>GRN>OTH>ON,0.36129279735158054,0.6387072026484195,IND>GRN>OTH>LNP,ON24,no_geography
Pascoe Vale,Northern Metro,ALP,ALP,GRN,0.5216661290119804,0.4783338709880196,0.021666129011980395,ALP-GRN,OTH>IND>LNP>ON,0.5996199357047501,0.40038006429524986,OTH>IND>ON>GRN,0.6517630027836312,0.3482369972163688,OTH>IND>LNP>GRN,Northern Metro,ALP,ALP,GRN,0.5264700128995132,0.4735299871004869,0.02647001289951323,ALP-GRN,OTH>IND>LNP>ON,0.6176682379119274,0.38233176208807257,OTH>IND>ON>GRN,0.6488970797375753,0.3511029202624248,OTH>IND>LNP>GRN,ON24,no_geography
Point Cook,Western Metro,ALP,ON,ALP,0.5116756819401396,0.48832431805986054,0.01167568194013957,ON-ALP,GRN>OTH>IND>LNP,0.5036659274810876,0.4963340725189125,GRN>OTH>IND>ON,0.48832431805986054,0.5116756819401396,GRN>OTH>IND>LNP,Western Metro,ALP,ON,ALP,0.5122275977242526,0.4877724022757473,0.012227597724252637,ON-ALP,GRN>OTH>IND>LNP,0.5212129847757251,0.478787015224275,GRN>OTH>IND>ON,0.4877724022757473,0.5122275977242526,GRN>OTH>IND>LNP,ON24,no_geography
Polwarth,Western Victoria,LNP,LNP,ALP,0.6164334728348856,0.3835665271651144,0.11643347283488559,LNP-ALP,IND>OTH>GRN>ON,0.3835665271651144,0.6164334728348856,IND>OTH>GRN>ON,0.39820731965425654,0.6017926803457434,IND>OTH>GRN>LNP,Western Victoria,LNP,LNP,ALP,0.6290891638865279,0.37091083611347203,0.1290891638865279,LNP-ALP,IND>OTH>GRN>ON,0.37091083611347203,0.6290891638865279,IND>OTH>GRN>ON,0.3940185640382262,0.6059814359617738,IND>OTH>GRN>LNP,ON24,no_geography
Prahran,Southern Metro,Greens,GRN,LNP,0.5325138547571682,0.4674861452428319,0.03251385475716817,GRN-LNP,IND>OTH>ALP>ON,0.528511251838504,0.471488748161496,IND>OTH>ON>GRN,0.6294822505012962,0.3705177494987037,IND>OTH>LNP>GRN,Southern Metro,Greens,GRN,LNP,0.5624618566635233,0.4375381433364767,0.06246185666352333,GRN-LNP,IND>OTH>ALP>ON,0.5680707544368905,0.4319292455631096,IND>OTH>ON>GRN,0.6715815878398349,0.32841841216016504,IND>OTH>LNP>GRN,ON24,no_geography
Preston,Northern Metro,ALP,ALP,ON,0.5964489158350524,0.40355108416494756,0.09644891583505244,ALP-ON,OTH>LNP>IND>GRN,0.576808601534302,0.423191398465698,OTH>IND>GRN>ON,0.5964489158350524,0.40355108416494756,OTH>LNP>IND>GRN,Northern Metro,ALP,ALP,ON,0.5937966404352366,0.4062033595647634,0.09379664043523661,ALP-ON,OTH>LNP>IND>GRN,0.598080542209797,0.40191945779020294,OTH>IND>GRN>ON,0.5937966404352366,0.4062033595647634,OTH>LNP>IND>GRN,ON24,no_geography
Richmond,Northern Metro,GRN,GRN,ALP,0.5801583381553664,0.4198416618446337,0.08015833815536644,GRN-ALP,IND>OTH>LNP>ON,0.684483848866414,0.315516151133586,IND>OTH>ON>GRN,0.7288587099148627,0.2711412900851373,IND>OTH>LNP>GRN,Northern Metro,GRN,GRN,ALP,0.5826321518768207,0.41736784812317923,0.08263215187682071,GRN-ALP,IND>OTH>LNP>ON,0.7346075694633667,0.2653924305366334,IND>OTH>ON>GRN,0.7548487003168252,0.24515129968317476,IND>OTH>LNP>GRN,ON24,no_geography
Ringwood,North-Eastern Metro,LNP,LNP,ALP,0.5242954803339613,0.47570451966603866,0.02429548033396134,LNP-ALP,IND>OTH>GRN>ON,0.47570451966603866,0.5242954803339613,IND>OTH>GRN>ON,0.561152883167441,0.43884711683255895,IND>OTH>GRN>LNP,North-Eastern Metro,LNP,LNP,ALP,0.5135016860744245,0.48649831392557547,0.01350168607442448,LNP-ALP,IND>OTH>GRN>ON,0.48649831392557547,0.5135016860744245,IND>OTH>GRN>ON,0.559407521391002,0.440592478608998,IND>OTH>GRN>LNP,ON24,no_geography
Ripon,Western Victoria,ALP,ON,ALP,0.6182680209044695,0.38173197909553047,0.11826802090446953,ON-ALP,IND>GRN>OTH>LNP,0.4322850916375431,0.567714908362457,IND>GRN>OTH>ON,0.38173197909553047,0.6182680209044695,IND>GRN>OTH>LNP,Western Victoria,ALP,ON,ALP,0.625727928924343,0.37427207107565696,0.12572792892434304,ON-ALP,IND>GRN>OTH>LNP,0.41101030602661276,0.5889896939733873,IND>GRN>OTH>ON,0.37427207107565696,0.625727928924343,IND>GRN>OTH>LNP,ON24,no_geography
Rowville,South-Eastern Metro,LNP,LNP,ALP,0.6238512333392044,0.37614876666079555,0.12385123333920445,LNP-ALP,OTH>GRN>IND>ON,0.37614876666079555,0.6238512333392044,OTH>GRN>IND>ON,0.48645562524427904,0.513544374755721,OTH>GRN>IND>LNP,South-Eastern Metro,LNP,LNP,ALP,0.6116895611132376,0.3883104388867624,0.11168956111323758,LNP-ALP,OTH>GRN>IND>ON,0.3883104388867624,0.6116895611132376,OTH>GRN>IND>ON,0.48521470995759525,0.5147852900424048,OTH>GRN>IND>LNP,ON24,no_geography
Sandringham,Southern Metro,LNP,LNP,ALP,0.6422024203110309,0.35779757968896914,0.14220242031103092,LNP-ALP,OTH>IND>GRN>ON,0.35779757968896914,0.6422024203110309,OTH>IND>GRN>ON,0.5149396514972556,0.4850603485027444,OTH>IND>GRN>LNP,Southern Metro,LNP,LNP,ALP,0.6288623736588749,0.37113762634112524,0.12886237365887487,LNP-ALP,OTH>IND>GRN>ON,0.37113762634112524,0.6288623736588749,OTH>IND>GRN>ON,0.5127609282474428,0.48723907175255715,OTH>IND>GRN>LNP,ON24,no_geography
Shepparton,Northern Victoria,LNP,LNP,IND,0.6019147979058593,0.39808520209414067,0.10191479790585933,LNP-IND,ALP>OTH>GRN>ON,0.25764170129447056,0.7423582987055295,OTH>GRN>ON>IND,0.413116873822463,0.586883126177537,OTH>GRN>LNP>IND,Northern Victoria,LNP,LNP,IND,0.5995433335731521,0.40045666642684785,0.09954333357315215,LNP-IND,ALP>OTH>GRN>ON,0.24190018087669501,0.758099819123305,OTH>GRN>ON>IND,0.4008155688819507,0.5991844311180493,OTH>GRN>LNP>IND,ON24,no_geography
South Barwon,Western Victoria,ALP,LNP,ALP,0.5300061849809945,0.4699938150190055,0.0300061849809945,LNP-ALP,IND>OTH>GRN>ON,0.4699938150190055,0.5300061849809945,IND>OTH>GRN>ON,0.4922049916381581,0.5077950083618419,IND>OTH>GRN>LNP,Western Victoria,ALP,LNP,ALP,0.5389896894425115,0.4610103105574885,0.038989689442511466,LNP-ALP,IND>OTH>GRN>ON,0.4610103105574885,0.5389896894425115,IND>OTH>GRN>ON,0.48439222477832017,0.5156077752216798,IND>OTH>GRN>LNP,ON24,no_geography
South-West Coast,Western Victoria,LNP,LNP,IND,0.588168312551292,0.4118316874487081,0.08816831255129198,LNP-IND,OTH>GRN>ALP>ON,0.34516064733702795,0.6548393526629721,OTH>GRN>ON>IND,0.3503948646575325,0.6496051353424676,OTH>GRN>IND>LNP,Western Victoria,LNP,LNP,IND,0.5892111021949227,0.4107888978050773,0.08921110219492268,LNP-IND,OTH>GRN>ALP>ON,0.3223668858421794,0.6776331141578207,OTH>GRN>ON>IND,0.32913737790603037,0.6708626220939697,OTH>GRN>IND>LNP,ON24,no_geography
St Albans,Western Metro,ALP,ALP,ON,0.536979641671236,0.4630203583287639,0.03697964167123602,ALP-ON,IND>GRN>OTH>LNP,0.5261354663599579,0.47386453364004205,IND>GRN>OTH>ON,0.536979641671236,0.4630203583287639,IND>GRN>OTH>LNP,Western Metro,ALP,ALP,ON,0.5358674499215137,0.4641325500784863,0.035867449921513694,ALP-ON,IND>GRN>OTH>LNP,0.5422454711794488,0.4577545288205513,IND>GRN>OTH>ON,0.5358674499215137,0.4641325500784863,IND>GRN>OTH>LNP,ON24,no_geography
Sunbury,Western Metro,ALP,ON,ALP,0.574841617073231,0.42515838292676905,0.074841617073231,ON-ALP,IND>OTH>GRN>LNP,0.45427505987230254,0.5457249401276975,IND>OTH>GRN>ON,0.42515838292676905,0.574841617073231,IND>OTH>GRN>LNP,Western Metro,ALP,ON,ALP,0.5810284825128295,0.4189715174871706,0.08102848251282946,ON-ALP,IND>OTH>GRN>LNP,0.4441541741031003,0.5558458258968997,IND>OTH>GRN>ON,0.4189715174871706,0.5810284825128295,IND>OTH>GRN>LNP,ON24,no_geography
Sydenham,Western Metro,ALP,ON,ALP,0.508856693157834,0.49114330684216606,0.008856693157833995,ON-ALP,IND>GRN>OTH>LNP,0.49273044939301763,0.5072695506069824,IND>GRN>OTH>ON,0.49114330684216606,0.508856693157834,IND>GRN>OTH>LNP,Western Metro,ALP,ON,ALP,0.509271588245131,0.49072841175486903,0.009271588245130968,ON-ALP,IND>GRN>OTH>LNP,0.5078619084337912,0.49213809156620875,IND>GRN>OTH>ON,0.49072841175486903,0.509271588245131,IND>GRN>OTH>LNP,ON24,no_geography
Tarneit,Western Metro,ALP,ALP,ON,0.5312169638984893,0.46878303610151084,0.03121696389848927,ALP-ON,IND>GRN>OTH>LNP,0.5372647363987623,0.4627352636012378,IND>GRN>OTH>ON,0.5312169638984893,0.46878303610151084,IND>GRN>OTH>LNP,Western Metro,ALP,ALP,ON,0.5306785013868721,0.46932149861312794,0.030678501386872115,ALP-ON,IND>GRN>OTH>LNP,0.5518438245040285,0.44815617549597164,IND>GRN>OTH>ON,0.5306785013868721,0.46932149861312794,IND>GRN>OTH>LNP,ON24,no_geography
Thomastown,Northern Metro,ALP,ALP,ON,0.5533362027936357,0.44666379720636423,0.05333620279363571,ALP-ON,IND>GRN>OTH>LNP,0.5772127078663127,0.4227872921336874,IND>GRN>OTH>ON,0.5533362027936357,0.44666379720636423,IND>GRN>OTH>LNP,Northern Metro,ALP,ALP,ON,0.5524777270042404,0.44752227299575975,0.05247772700424036,ALP-ON,IND>GRN>OTH>LNP,0.5924594940657848,0.40754050593421526,IND>GRN>OTH>ON,0.5524777270042404,0.44752227299575975,IND>GRN>OTH>LNP,ON24,no_geography
Warrandyte,North-Eastern Metro,LNP,LNP,ALP,0.6408416977681559,0.35915830223184414,0.14084169776815592,LNP-ALP,IND>OTH>GRN>ON,0.35915830223184414,0.6408416977681559,IND>OTH>GRN>ON,0.4943640250891775,0.5056359749108226,IND>OTH>GRN>LNP,North-Eastern Metro,LNP,LNP,ALP,0.6317147686497444,0.36828523135025554,0.1317147686497444,LNP-ALP,IND>OTH>GRN>ON,0.36828523135025554,0.6317147686497444,IND>OTH>GRN>ON,0.49301655440190856,0.5069834455980915,IND>OTH>GRN>LNP,ON24,no_geography
Wendouree,Western Victoria,ALP,ON,ALP,0.5086021058802975,0.4913978941197024,0.008602105880297528,ON-ALP,IND>OTH>GRN>LNP,0.4923546708914342,0.5076453291085659,IND>OTH>GRN>ON,0.4913978941197024,0.5086021058802975,IND>OTH>GRN>LNP,Western Victoria,ALP,ON,ALP,0.515288351253158,0.4847116487468421,0.015288351253157972,ON-ALP,IND>OTH>GRN>LNP,0.4830792389838601,0.5169207610161399,IND>OTH>GRN>ON,0.4847116487468421,0.515288351253158,IND>OTH>GRN>LNP,ON24,no_geography
Werribee,Western Metro,ALP,ON,ALP,0.5468297227256178,0.45317027727438225,0.046829722725617806,ON-ALP,GRN>OTH>IND>LNP,0.5067543003483987,0.4932456996516013,GRN>OTH>IND>ON,0.45317027727438225,0.5468297227256178,GRN>OTH>IND>LNP,Western Metro,ALP,ON,ALP,0.558197977536066,0.44180202246393396,0.05819797753606604,ON-ALP,GRN>OTH>IND>LNP,0.49307970387702416,0.5069202961229758,GRN>OTH>IND>ON,0.44180202246393396,0.558197977536066,GRN>OTH>IND>LNP,ON24,no_geography
Williamstown,Western Metro,ALP,ALP,ON,0.5766422044259182,0.42335779557408193,0.07664220442591818,ALP-ON,IND>OTH>GRN>LNP,0.5366026462773152,0.46339735372268487,IND>OTH>GRN>ON,0.5766422044259182,0.42335779557408193,IND>OTH>GRN>LNP,Western Metro,ALP,ALP,ON,0.5979362513538116,0.4020637486461885,0.09793625135381157,ALP-ON,IND>OTH>GRN>LNP,0.5731453545797661,0.42685464542023394,IND>OTH>GRN>ON,0.5979362513538116,0.4020637486461885,IND>OTH>GRN>LNP,ON24,no_geography
Yan Yean,Northern Victoria,ALP,ON,ALP,0.5499772156006709,0.45002278439932913,0.04997721560067092,ON-ALP,IND>GRN>OTH>LNP,0.47474969415512713,0.525250305844873,IND>GRN>OTH>ON,0.45002278439932913,0.5499772156006709,IND>GRN>OTH>LNP,Northern Victoria,ALP,ON,ALP,0.5580510246288717,0.44194897537112826,0.058051024628871684,ON-ALP,IND>GRN>OTH>LNP,0.4642047550871271,0.535795244912873,IND>GRN>OTH>ON,0.44194897537112826,0.5580510246288717,IND>GRN>OTH>LNP,ON24,no_geography
Albert Park,Southern Metro,ALP,ALP,LNP,0.5627161402748903,0.4372838597251098,0.06271614027489025,ALP-LNP,OTH>IND>ON>GRN,0.5627161402748903,0.4372838597251098,OTH>IND>ON>GRN,0.6432808422149046,0.3567191577850954,OTH>IND>GRN>LNP,Southern Metro,ALP,ALP,LNP,0.5622546699914455,0.43774533000855453,0.062254669991445466,ALP-LNP,OTH>IND>ON>GRN,0.5622546699914455,0.43774533000855453,OTH>IND>ON>GRN,0.6413428938975128,0.35865710610248724,OTH>IND>GRN>LNP,ON24,no_constraints
Ashwood,Southern Metro,ALP,LNP,ALP,0.5186496393127032,0.48135036068729675,0.018649639312703248,LNP-ALP,OTH>IND>ON>GRN,0.48135036068729675,0.5186496393127032,OTH>IND>ON>GRN,0.6025943212612176,0.3974056787387824,OTH>IND>GRN>LNP,Southern Metro,ALP,LNP,ALP,0.5186496393127032,0.48135036068729675,0.018649639312703248,LNP-ALP,OTH>IND>ON>GRN,0.48135036068729675,0.5186496393127032,OTH>IND>ON>GRN,0.6025943212612176,0.3974056787387824,OTH>IND>GRN>LNP,ON24,no_constraints
Bass,Eastern Victoria,ALP,LNP,ON,0.5402251139900116,0.45977488600998834,0.04022511399001161,LNP-ON,OTH>IND>GRN>ALP,0.3601947025248527,0.6398052974751474,OTH>IND>GRN>ON,0.3547482054753756,0.6452517945246243,OTH>IND>GRN>LNP,Eastern Victoria,ALP,LNP,ON,0.5402251139900116,0.45977488600998834,0.04022511399001161,LNP-ON,OTH>IND>GRN>ALP,0.3601947025248527,0.6398052974751474,OTH>IND>GRN>ON,0.3547482054753756,0.6452517945246243,OTH>IND>GRN>LNP,ON24,no_constraints
Bayswater,North-Eastern Metro,ALP,LNP,ALP,0.5648875474309896,0.4351124525690104,0.06488754743098957,LNP-ALP,IND>OTH>GRN>ON,0.4351124525690104,0.5648875474309896,IND>OTH>GRN>ON,0.49697085634391636,0.5030291436560836,IND>OTH>GRN>LNP,North-Eastern Metro,ALP,LNP,ALP,0.5648875474309896,0.4351124525690104,0.06488754743098957,LNP-ALP,IND>OTH>GRN>ON,0.4351124525690104,0.5648875474309896,IND>OTH>GRN>ON,0.49697085634391636,0.5030291436560836,IND>OTH>GRN>LNP,ON24,no_constraints
Bellarine,Western Victoria,ALP,LNP,ALP,0.5140542637702862,0.4859457362297138,0.01405426377028618,LNP-ALP,OTH>IND>GRN>ON,0.4859457362297138,0.5140542637702862,OTH>IND>GRN>ON,0.5011464894933254,0.4988535105066747,OTH>IND>GRN>LNP,Western Victoria,ALP,LNP,ALP,0.5140542637702862,0.4859457362297138,0.01405426377028618,LNP-ALP,OTH>IND>GRN>ON,0.4859457362297138,0.5140542637702862,OTH>IND>GRN>ON,0.5011464894933254,0.4988535105066747,OTH>IND>GRN>LNP,ON24,no_constraints
Benambra,Northern Victoria,LNP,LNP,IND,0.5842014821869774,0.4157985178130226,0.08420148218697743,LNP-IND,ALP>OTH>GRN>ON,0.24366686584259234,0.7563331341574077,OTH>GRN>ON>IND,0.3175317907399125,0.6824682092600874,OTH>GRN>LNP>IND,Northern Victoria,LNP,LNP,IND,0.5842014821869774,0.4157985178130226,0.08420148218697743,LNP-IND,ALP>OTH>GRN>ON,0.24373037493653182,0.7562696250634682,OTH>GRN>ON>IND,0.31763741831634584,0.6823625816836542,OTH>GRN>LNP>IND,ON24,no_constraints
Bendigo East,Northern Victoria,ALP,LNP,ALP,0.5012482695647006,0.49875173043529947,0.0012482695647005881,LNP-ALP,OTH>IND>GRN>ON,0.49875173043529947,0.5012482695647006,OTH>IND>GRN>ON,0.5224561417735831,0.4775438582264168,OTH>IND>GRN>LNP,Northern Victoria,ALP,LNP,ALP,0.5012482695647006,0.49875173043529947,0.0012482695647005881,LNP-ALP,OTH>IND>GRN>ON,0.49875173043529947,0.5012482695647006,OTH>IND>GRN>ON,0.5224561417735831,0.4775438582264168,OTH>IND>GRN>LNP,ON24,no_constraints
Bendigo West,Northern Victoria,ALP,ALP,ON,0.527594521357731,0.4724054786422691,0.027594521357730994,ALP-ON,IND>OTH>GRN>LNP,0.5363036504836564,0.46369634951634375,IND>OTH>GRN>ON,0.527594521357731,0.4724054786422691,IND>OTH>GRN>LNP,Northern Victoria,ALP,ALP,ON,0.527594521357731,0.4724054786422691,0.027594521357730994,ALP-ON,IND>OTH>GRN>LNP,0.5363036504836564,0.46369634951634375,IND>OTH>GRN>ON,0.527594521357731,0.4724054786422691,IND>OTH>GRN>LNP,ON24,no_constraints
Bentleigh,Southern Metro,ALP,ALP,LNP,0.5030407164756805,0.4969592835243195,0.003040716475680494,ALP-LNP,OTH>IND>GRN>ON,0.5030407164756805,0.4969592835243195,OTH>IND>GRN>ON,0.5867813513303483,0.41321864866965174,OTH>IND>GRN>LNP,Southern Metro,ALP,ALP,LNP,0.5030407164756805,0.4969592835243195,0.003040716475680494,ALP-LNP,OTH>IND>GRN>ON,0.5030407164756805,0.4969592835243195,OTH>IND>GRN>ON,0.5867813513303483,0.41321864866965174,OTH>IND>GRN>LNP,ON24,no_constraints
Berwick,South-Eastern Metro,LNP,LNP,ON,0.6002620533967314,0.3997379466032685,0.10026205339673144,LNP-ON,IND>OTH>GRN>ALP,0.3473112617553033,0.6526887382446966,IND>OTH>GRN>ON,0.3801127847080001,0.619887215292,IND>OTH>GRN>LNP,South-Eastern Metro,LNP,LNP,ON,0.6002620533967314,0.3997379466032685,0.10026205339673144,LNP-ON,IND>OTH>GRN>ALP,0.3473112617553033,0.6526887382446966,IND>OTH>GRN>ON,0.3801127847080001,0.619887215292,IND>OTH>GRN>LNP,ON24,no_constraints
Box Hill,North-Eastern Metro,ALP,LNP,ALP,0.505103398781634,0.494896601218366,0.0051033987816340165,LNP-ALP,IND>OTH>ON>GRN,0.494896601218366,0.505103398781634,IND>OTH>ON>GRN,0.610978180357462,0.38902181964253807,IND>OTH>GRN>LNP,North-Eastern Metro,ALP,LNP,ALP,0.505103398781634,0.494896601218366,0.0051033987816340165,LNP-ALP,IND>OTH>ON>GRN,0.494896601218366,0.505103398781634,IND>OTH>ON>GRN,0.610978180357462,0.38902181964253807,IND>OTH>GRN>LNP,ON24,no_constraints
Brighton,Southern Metro,LNP,LNP,GRN,0.5985073913140834,0.40149260868591663,0.09850739131408337,LNP-GRN,OTH>IND>ON>ALP,0.3999124093688101,0.6000875906311899,OTH>IND>ON>GRN,0.5854848067706614,0.41451519322933866,OTH>IND>GRN>LNP,Southern Metro,LNP,LNP,GRN,0.5985073913140834,0.40149260868591663,0.09850739131408337,LNP-GRN,OTH>IND>ON>ALP,0.3999124093688101,0.6000875906311899,OTH>IND>ON>GRN,0.5843655874493275,0.41563441255067246,OTH>IND>GRN>LNP,ON24,no_constraints
Broadmeadows,Northern Metro,ALP,ALP,ON,0.5429940718667641,0.45700592813323604,0.04299407186676407,ALP-ON,IND>GRN>OTH>LNP,0.5897772956602597,0.41022270433974034,IND>GRN>OTH>ON,0.5429940718667641,0.45700592813323604,IND>GRN>OTH>LNP,Northern Metro,ALP,ALP,ON,0.5429940718667641,0.45700592813323604,0.04299407186676407,ALP-ON,IND>GRN>OTH>LNP,0.5897772956602597,0.41022270433974034,IND>GRN>OTH>ON,0.5429940718667641,0.45700592813323604,IND>GRN>OTH>LNP,ON24,no_constraints
Brunswick,Northern Metro,GRN,GRN,ALP,0.6474714586258143,0.3525285413741856,0.14747145862581434,GRN-ALP,IND>LNP>OTH>ON,0.7739491844000279,0.22605081559997206,IND>OTH>ON>GRN,0.748012591954114,0.251987408045886,IND>LNP>OTH>GRN,Northern Metro,GRN,GRN,ALP,0.6474714586258143,0.3525285413741856,0.14747145862581434,GRN-ALP,IND>LNP>OTH>ON,0.7731344289491149,0.2268655710508851,IND>OTH>ON>GRN,0.748012591954114,0.251987408045886,IND>LNP>OTH>GRN,ON24,no_constraints
Bulleen,North-Eastern Metro,LNP,LNP,ALP,0.6375724716971124,0.3624275283028877,0.1375724716971124,LNP-ALP,OTH>IND>GRN>ON,0.3624275283028877,0.6375724716971124,OTH>IND>GRN>ON,0.5365446676598853,0.4634553323401147,OTH>IND>GRN>LNP,North-Eastern Metro,LNP,LNP,ALP,0.6375724716971124,0.3624275283028877,0.1375724716971124,LNP-ALP,OTH>IND>GRN>ON,0.3624275283028877,0.6375724716971124,OTH>IND>GRN>ON,0.5365446676598853,0.4634553323401147,OTH>IND>GRN>LNP,ON24,no_constraints
Bundoora,North-Eastern Metro,ALP,ALP,LNP,0.5563696888483032,0.4436303111516969,0.05636968884830318,ALP-LNP,IND>OTH>GRN>ON,0.5563696888483032,0.4436303111516969,IND>OTH>GRN>ON,0.6112709715504889,0.3887290284495111,IND>OTH>GRN>LNP,North-Eastern Metro,ALP,ALP,LNP,0.5563696888483032,0.4436303111516969,0.05636968884830318,ALP-LNP,IND>OTH>GRN>ON,0.5563696888483032,0.4436303111516969,IND>OTH>GRN>ON,0.6112709715504889,0.3887290284495111,IND>OTH>GRN>LNP,ON24,no_constraints
Carrum,South-Eastern Metro,ALP,ON,ALP,0.537787548817946,0.46221245118205406,0.03778754881794599,ON-ALP,IND>OTH>GRN>LNP,0.4751643321751537,0.5248356678248464,IND>OTH>GRN>ON,0.46221245118205406,0.537787548817946,IND>OTH>GRN>LNP,South-Eastern Metro,ALP,ON,ALP,0.537787548817946,0.46221245118205406,0.03778754881794599,ON-ALP,IND>OTH>GRN>LNP,0.4751643321751537,0.5248356678248464,IND>OTH>GRN>ON,0.46221245118205406,0.537787548817946,IND>OTH>GRN>LNP,ON24,no_constraints
Caulfield,Southern Metro,LNP,LNP,GRN,0.5920088542549342,0.4079911457450658,0.09200885425493421,LNP-GRN,OTH>IND>ON>ALP,0.41902352890659345,0.5809764710934066,OTH>IND>ON>GRN,0.5961806604687503,0.4038193395312497,OTH>IND>GRN>LNP,Southern Metro,LNP,LNP,GRN,0.5920088542549342,0.4079911457450658,0.09200885425493421,LNP-GRN,OTH>IND>ON>ALP,0.418724057828483,0.581275942171517,OTH>IND>ON>GRN,0.5945849727681025,0.40541502723189743,OTH>IND>GRN>LNP,ON24,no_constraints
Clarinda,South-Eastern Metro,ALP,ALP,LNP,0.5292915621495952,0.4707084378504049,0.029291562149595163,ALP-LNP,OTH>GRN>IND>ON,0.5292915621495952,0.4707084378504049,OTH>GRN>IND>ON,0.5656091283803599,0.43439087161964013,OTH>GRN>IND>LNP,South-Eastern Metro,ALP,ALP,LNP,0.529286199301246,0.470713800698754,0.029286199301245985,ALP-LNP,OTH>GRN>IND>ON,0.529286199301246,0.470713800698754,OTH>GRN>IND>ON,0.565601698755349,0.43439830124465106,OTH>GRN>IND>LNP,ON24,no_constraints
Cranbourne,South-Eastern Metro,ALP,ON,ALP,0.5340713331674792,0.46592866683252077,0.034071333167479234,ON-ALP,IND>GRN>OTH>LNP,0.49563252019663734,0.5043674798033627,IND>GRN>OTH>ON,0.46592866683252077,0.5340713331674792,IND>GRN>OTH>LNP,South-Eastern Metro,ALP,ON,ALP,0.5341313788827566,0.4658686211172433,0.034131378882756636,ON-ALP,IND>GRN>OTH>LNP,0.49559229342171063,0.5044077065782894,IND>GRN>OTH>ON,0.4658686211172433,0.5341313788827566,IND>GRN>OTH>LNP,ON24,no_constraints
Croydon,North-Eastern Metro,LNP,LNP,ALP,0.6034910075701774,0.3965089924298227,0.10349100757017737,LNP-ALP,IND>OTH>GRN>ON,0.3965089924298227,0.6034910075701774,IND>OTH>GRN>ON,0.47933683513250697,0.5206631648674931,IND>OTH>GRN>LNP,North-Eastern Metro,LNP,LNP,ALP,0.6034910075701774,0.3965089924298227,0.10349100757017737,LNP-ALP,IND>OTH>GRN>ON,0.3965089924298227,0.6034910075701774,IND>OTH>GRN>ON,0.47933683513250697,0.5206631648674931,IND>OTH>GRN>LNP,ON24,no_constraints
Dandenong,South-Eastern Metro,ALP,ALP,ON,0.5784066714236474,0.4215933285763527,0.07840667142364743,ALP-ON,IND>OTH>GRN>LNP,0.6073247571797018,0.39267524282029825,IND>OTH>GRN>ON,0.5784066714236474,0.4215933285763527,IND>OTH>GRN>LNP,South-Eastern Metro,ALP,ALP,ON,0.5782016093696545,0.4217983906303455,0.07820160936965448,ALP-ON,IND>OTH>GRN>LNP,0.6071977565723046,0.39280224342769543,IND>OTH>GRN>ON,0.5782016093696545,0.4217983906303455,IND>OTH>GRN>LNP,ON24,no_constraints
Eildon,Northern Victoria,LNP,LNP,ON,0.5795253250397241,0.42047467496027585,0.07952532503972409,LNP-ON,IND>OTH>GRN>ALP,0.3290019891953892,0.6709980108046109,IND>OTH>GRN>ON,0.3430051370126696,0.6569948629873303,IND>OTH>GRN>LNP,Northern Victoria,LNP,LNP,ON,0.5795253250397241,0.42047467496027585,0.07952532503972409,LNP-ON,IND>OTH>GRN>ALP,0.3290019891953892,0.6709980108046109,IND>OTH>GRN>ON,0.3430051370126696,0.6569948629873303,IND>OTH>GRN>LNP,ON24,no_constraints
Eltham,North-Eastern Metro,ALP,ALP,LNP,0.5043914562361761,0.4956085437638239,0.0043914562361760945,ALP-LNP,IND>OTH>GRN>ON,0.5043914562361761,0.4956085437638239,IND>OTH>GRN>ON,0.5585349921998687,0.4414650078001313,IND>OTH>GRN>LNP,North-Eastern Metro,ALP,ALP,LNP,0.5043150163327854,0.4956849836672146,0.004315016332785415,ALP-LNP,IND>OTH>GRN>ON,0.5043150163327854,0.4956849836672146,IND>OTH>GRN>ON,0.5584340521197672,0.4415659478802329,IND>OTH>GRN>LNP,ON24,no_constraints
Essendon,Northern Metro,ALP,ALP,ON,0.5432346615526883,0.4567653384473118,0.04323466155268829,ALP-ON,IND>OTH>GRN>LNP,0.5174205761560945,0.48257942384390545,IND>OTH>GRN>ON,0.5432346615526883,0.4567653384473118,IND>OTH>GRN>LNP,Northern Metro,ALP,ALP,ON,0.5432346615526883,0.4567653384473118,0.04323466155268829,ALP-ON,IND>OTH>GRN>LNP,0.5174205761560945,0.48257942384390545,IND>OTH>GRN>ON,0.5432346615526883,0.4567653384473118,IND>OTH>GRN>LNP,ON24,no_constraints
Eureka,Western Victoria,ALP,ON,ALP,0.5950832612347782,0.40491673876522183,0.09508326123477817,ON-ALP,IND>OTH>GRN>LNP,0.44217029634017346,0.5578297036598265,IND>OTH>GRN>ON,0.40491673876522183,0.5950832612347782,IND>OTH>GRN>LNP,Western Victoria,ALP,ON,ALP,0.5950832612347782,0.40491673876522183,0.09508326123477817,ON-ALP,IND>OTH>GRN>LNP,0.44217029634017346,0.5578297036598265,IND>OTH>GRN>ON,0.40491673876522183,0.5950832612347782,IND>OTH>GRN>LNP,ON24,no_constraints
Euroa,Northern Victoria,LNP,LNP,ON,0.5721978358711717,0.42780216412882827,0.07219783587117168,LNP-ON,IND>OTH>GRN>ALP,0.28970671581769386,0.7102932841823061,IND>OTH>GRN>ON,0.3100725106997454,0.6899274893002546,IND>OTH>GRN>LNP,Northern Victoria,LNP,LNP,ON,0.5721978358711717,0.42780216412882827,0.07219783587117168,LNP-ON,IND>OTH>GRN>ALP,0.28970671581769386,0.7102932841823061,IND>OTH>GRN>ON,0.3100725106997454,0.6899274893002546,IND>OTH>GRN>LNP,ON24,no_constraints
Evelyn,Eastern Victoria,LNP,LNP,ON,0.6263822327441402,0.37361776725585977,0.12638223274414018,LNP-ON,IND>OTH>GRN>ALP,0.3417962087629793,0.6582037912370208,IND>OTH>GRN>ON,0.3826115698383527,0.6173884301616474,IND>OTH>GRN>LNP,Eastern Victoria,LNP,LNP,ON,0.6263822327441402,0.37361776725585977,0.12638223274414018,LNP-ON,IND>OTH>GRN>ALP,0.3417962087629793,0.6582037912370208,IND>OTH>GRN>ON,0.3826115698383527,0.6173884301616474,IND>OTH>GRN>LNP,ON24,no_constraints
Footscray,Western Metro,ALP,ALP,GRN,0.5404775670864616,0.45952243291353845,0.04047756708646155,ALP-GRN,IND>OTH>LNP>ON,0.6825915224827133,0.31740847751728674,IND>OTH>ON>GRN,0.7219007061059923,0.27809929389400767,IND>OTH>LNP>GRN,Western Metro,ALP,ALP,GRN,0.5404775670864616,0.45952243291353845,0.04047756708646155,ALP-GRN,IND>OTH>LNP>ON,0.6822719888167457,0.3177280111832544,IND>OTH>ON>GRN,0.7219007061059923,0.27809929389400767,IND>OTH>LNP>GRN,ON24,no_constraints
Frankston,South-Eastern Metro,ALP,ON,ALP,0.5042056782638329,0.4957943217361672,0.0042056782638328905,ON-ALP,IND>OTH>GRN>LNP,0.49749973310988865,0.5025002668901113,IND>OTH>GRN>ON,0.4957943217361672,0.5042056782638329,IND>OTH>GRN>LNP,South-Eastern Metro,ALP,ON,ALP,0.5042056782638329,0.4957943217361672,0.0042056782638328905,ON-ALP,IND>OTH>GRN>LNP,0.49749973310988865,0.5025002668901113,IND>OTH>GRN>ON,0.4957943217361672,0.5042056782638329,IND>OTH>GRN>LNP,ON24,no_constraints
Geelong,Western Victoria,ALP,ON,ALP,0.5312588356329738,0.46874116436702623,0.031258835632973825,ON-ALP,OTH>IND>GRN>LNP,0.49671675128021847,0.5032832487197816,OTH>IND>GRN>ON,0.46874116436702623,0.5312588356329738,OTH>IND>GRN>LNP,Western Victoria,ALP,ON,ALP,0.5312588356329738,0.46874116436702623,0.031258835632973825,ON-ALP,OTH>IND>GRN>LNP,0.49671675128021847,0.5032832487197816,OTH>IND>GRN>ON,0.46874116436702623,0.5312588356329738,OTH>IND>GRN>LNP,ON24,no_constraints
Gippsland East,Eastern Victoria,LNP,LNP,ON,0.5729431734596214,0.4270568265403785,0.07294317345962142,LNP-ON,IND>ALP>OTH>GRN,0.18999845320032463,0.8100015467996753,IND>OTH>GRN>ON,0.21138224703731567,0.7886177529626842,IND>OTH>GRN>LNP,Eastern Victoria,LNP,LNP,ON,0.5729431734596214,0.4270568265403785,0.07294317345962142,LNP-ON,IND>ALP>OTH>GRN,0.18999845320032463,0.8100015467996753,IND>OTH>GRN>ON,0.21138224703731567,0.7886177529626842,IND>OTH>GRN>LNP,ON24,no_constraints
Gippsland South,Eastern Victoria,LNP,LNP,ON,0.5663237688007056,0.4336762311992944,0.06632376880070556,LNP-ON,OTH>IND>GRN>ALP,0.2422319724082609,0.7577680275917391,OTH>IND>GRN>ON,0.2609317097232487,0.7390682902767512,OTH>IND>GRN>LNP,Eastern Victoria,LNP,LNP,ON,0.5663239914408633,0.4336760085591366,0.06632399144086332,LNP-ON,OTH>IND>GRN>ALP,0.24223215378411345,0.7577678462158866,OTH>IND>GRN>ON,0.26093204536234127,0.7390679546376587,OTH>IND>GRN>LNP,ON24,no_constraints
Glen Waverley,North-Eastern Metro,ALP,LNP,ALP,0.5494215351357207,0.45057846486427927,0.04942153513572067,LNP-ALP,IND>OTH>GRN>ON,0.45057846486427927,0.5494215351357207,IND>OTH>GRN>ON,0.5861011459279549,0.4138988540720451,IND>OTH>GRN>LNP,North-Eastern Metro,ALP,LNP,ALP,0.5494215351357207,0.45057846486427927,0.04942153513572067,LNP-ALP,IND>OTH>GRN>ON,0.45057846486427927,0.5494215351357207,IND>OTH>GRN>ON,0.5861011459279549,0.4138988540720451,IND>OTH>GRN>LNP,ON24,no_constraints
Greenvale,Northern Metro,ALP,ALP,ON,0.5465873738358836,0.45341262616411643,0.04658737383588363,ALP-ON,IND>GRN>OTH>LNP,0.5576762729058508,0.4423237270941492,IND>GRN>OTH>ON,0.5465873738358836,0.45341262616411643,IND>GRN>OTH>LNP,Northern Metro,ALP,ALP,ON,0.5464130965349483,0.4535869034650517,0.046413096534948295,ALP-ON,IND>GRN>OTH>LNP,0.5575846344310352,0.44241536556896477,IND>GRN>OTH>ON,0.5464130965349483,0.4535869034650517,IND>GRN>OTH>LNP,ON24,no_constraints
Hastings,Eastern Victoria,ALP,LNP,ON,0.545510776560324,0.454489223439676,0.045510776560323984,LNP-ON,IND>OTH>GRN>ALP,0.3942462291907849,0.6057537708092151,IND>OTH>GRN>ON,0.3907493044148626,0.6092506955851373,IND>OTH>GRN>LNP,Eastern Victoria,ALP,LNP,ON,0.545510776560324,0.454489223439676,0.045510776560323984,LNP-ON,IND>OTH>GRN>ALP,0.3942462291907849,0.6057537708092151,IND>OTH>GRN>ON,0.3907493044148626,0.6092506955851373,IND>OTH>GRN>LNP,ON24,no_constraints
Hawthorn,Southern Metro,LNP,LNP,IND,0.5909076071659042,0.40909239283409593,0.09090760716590418,LNP-IND,OTH>ON>ALP>GRN,0.4427278403558069,0.5572721596441931,OTH>ON>GRN>IND,0.6446950457648435,0.3553049542351565,OTH>GRN>IND>LNP,Southern Metro,LNP,LNP,IND,0.5915602568291091,0.40843974317089093,0.09156025682910907,LNP-IND,OTH>ON>ALP>GRN,0.4426350339468108,0.5573649660531893,OTH>ON>GRN>IND,0.6434272467728234,0.3565727532271767,OTH>GRN>IND>LNP,ON24,no_constraints
Ivanhoe,North-Eastern Metro,ALP,ALP,LNP,0.5499112756220466,0.4500887243779535,0.04991127562204656,ALP-LNP,OTH>IND>ON>GRN,0.5499112756220466,0.4500887243779535,OTH>IND>ON>GRN,0.6130113092358829,0.38698869076411707,OTH>IND>GRN>LNP,North-Eastern Metro,ALP,ALP,LNP,0.5499112756220466,0.4500887243779535,0.04991127562204656,ALP-LNP,OTH>IND>ON>GRN,0.5499112756220466,0.4500887243779535,OTH>IND>ON>GRN,0.6128252230727874,0.3871747769272125,OTH>IND>GRN>LNP,ON24,no_constraints
Kalkallo,Northern Metro,ALP,ALP,ON,0.5325816146624945,0.4674183853375055,0.03258161466249454,ALP-ON,IND>GRN>OTH>LNP,0.5643325656327027,0.43566743436729727,IND>GRN>OTH>ON,0.5325816146624945,0.4674183853375055,IND>GRN>OTH>LNP,Northern Metro,ALP,ALP,ON,0.5325816146624945,0.4674183853375055,0.03258161466249454,ALP-ON,IND>GRN>OTH>LNP,0.5643325656327027,0.43566743436729727,IND>GRN>OTH>ON,0.5325816146624945,0.4674183853375055,IND>GRN>OTH>LNP,ON24,no_constraints
Kew,Southern Metro,LNP,LNP,IND,0.6146014929906763,0.3853985070093236,0.11460149299067635,LNP-IND,OTH>ON>GRN>ALP,0.40438448540777433,0.5956155145922257,OTH>ON>GRN>IND,0.6263237291809018,0.3736762708190981,OTH>GRN>IND>LNP,Southern Metro,LNP,LNP,IND,0.614616951832482,0.38538304816751806,0.114616951832482,LNP-IND,OTH>ON>GRN>ALP,0.40431916676383267,0.5956808332361674,OTH>ON>GRN>IND,0.6253906987503931,0.37460930124960695,OTH>GRN>IND>LNP,ON24,no_constraints
Kororoit,Western Metro,ALP,ALP,ON,0.5379139664439015,0.4620860335560984,0.03791396644390155,ALP-ON,IND>GRN>OTH>LNP,0.5757400825853894,0.4242599174146105,IND>GRN>OTH>ON,0.5379139664439015,0.4620860335560984,IND>GRN>OTH>LNP,Western Metro,ALP,ALP,ON,0.5378116422148423,0.4621883577851577,0.037811642214842345,ALP-ON,IND>GRN>OTH>LNP,0.5756709768935242,0.42432902310647574,IND>GRN>OTH>ON,0.5378116422148423,0.4621883577851577,IND>GRN>OTH>LNP,ON24,no_constraints
Lara,Western Victoria,ALP,ON,ALP,0.5512329122960354,0.4487670877039646,0.05123291229603544,ON-ALP,IND>OTH>GRN>LNP,0.5114879669346125,0.48851203306538754,IND>OTH>GRN>ON,0.4487670877039646,0.5512329122960354,IND>OTH>GRN>LNP,Western Victoria,ALP,ON,ALP,0.5512329122960354,0.4487670877039646,0.05123291229603544,ON-ALP,IND>OTH>GRN>LNP,0.5114879669346125,0.48851203306538754,IND>OTH>GRN>ON,0.4487670877039646,0.5512329122960354,IND>OTH>GRN>LNP,ON24,no_constraints
Laverton,Western Metro,ALP,ALP,ON,0.5656967469937698,0.4343032530062301,0.06569674699376982,ALP-ON,IND>GRN>OTH>LNP,0.591472928046768,0.40852707195323196,IND>GRN>OTH>ON,0.5656967469937698,0.4343032530062301,IND>GRN>OTH>LNP,Western Metro,ALP,ALP,ON,0.5656967469937698,0.4343032530062301,0.06569674699376982,ALP-ON,IND>GRN>OTH>LNP,0.591472928046768,0.40852707195323196,IND>GRN>OTH>ON,0.5656967469937698,0.4343032530062301,IND>GRN>OTH>LNP,ON24,no_constraints
Lowan,Western Victoria,LNP,LNP,ON,0.5990935365828465,0.4009064634171536,0.09909353658284648,LNP-ON,IND>OTH>GRN>ALP,0.20051863500014216,0.7994813649998579,IND>OTH>GRN>ON,0.2339442902420771,0.7660557097579229,IND>OTH>GRN>LNP,Western Victoria,LNP,LNP,ON,0.5990935365828465,0.4009064634171536,0.09909353658284648,LNP-ON,IND>OTH>GRN>ALP,0.20051863500014216,0.7994813649998579,IND>OTH>GRN>ON,0.2339442902420771,0.7660557097579229,IND>OTH>GRN>LNP,ON24,no_constraints
Macedon,Northern Victoria,ALP,ON,ALP,0.5456384061364214,0.45436159386357855,0.04563840613642145,ON-ALP,OTH>IND>GRN>LNP,0.4733039930216632,0.5266960069783369,OTH>IND>GRN>ON,0.45436159386357855,0.5456384061364214,OTH>IND>GRN>LNP,Northern Victoria,ALP,ON,ALP,0.5456384061364214,0.45436159386357855,0.04563840613642145,ON-ALP,OTH>IND>GRN>LNP,0.4733039930216632,0.5266960069783369,OTH>IND>GRN>ON,0.45436159386357855,0.5456384061364214,OTH>IND>GRN>LNP,ON24,no_constraints
Malvern,Southern Metro,LNP,LNP,GRN,0.6491235817279375,0.3508764182720625,0.1491235817279375,LNP-GRN,IND>OTH>ON>ALP,0.35963806683121774,0.6403619331687823,IND>OTH>ON>GRN,0.5887648774472782,0.4112351225527218,IND>OTH>GRN>LNP,Southern Metro,LNP,LNP,GRN,0.6491235817279375,0.3508764182720625,0.1491235817279375,LNP-GRN,IND>OTH>ON>ALP,0.3594563499122036,0.6405436500877963,IND>OTH>ON>GRN,0.5872482521038642,0.41275174789613583,IND>OTH>GRN>LNP,ON24,no_constraints
Melbourne,Northern Metro,GRN,GRN,ALP,0.6213761607129263,0.37862383928707366,0.12137616071292634,GRN-ALP,IND>OTH>LNP>ON,0.7000398387296597,0.29996016127034036,IND>OTH>ON>GRN,0.7411790694849141,0.25882093051508603,IND>OTH>LNP>GRN,Northern Metro,GRN,GRN,ALP,0.6213697934524596,0.3786302065475404,0.12136979345245957,GRN-ALP,IND>OTH>LNP>ON,0.6994507920156122,0.30054920798438783,IND>OTH>ON>GRN,0.7411804338795994,0.25881956612040063,IND>OTH>LNP>GRN,ON24,no_constraints
Melton,Western Victoria,ALP,ON,IND,0.5706111851831983,0.4293888148168017,0.07061118518319831,ON-IND,GRN>OTH>LNP>ALP,0.4187581462794663,0.5812418537205337,GRN>OTH>IND>ON,0.42261045258477903,0.577389547415221,GRN>OTH>LNP>IND,Western Victoria,ALP,ON,IND,0.5706111851831983,0.4293888148168017,0.07061118518319831,ON-IND,GRN>OTH>LNP>ALP,0.4187581462794663,0.5812418537205337,GRN>OTH>IND>ON,0.42261045258477903,0.577389547415221,GRN>OTH>LNP>IND,ON24,no_constraints
Mildura,Northern Victoria,LNP,ON,IND,0.5029766378733128,0.49702336212668724,0.002976637873312815,ON-IND,OTH>ALP>GRN>LNP,0.2570981653993885,0.7429018346006114,OTH>GRN>ON>IND,0.32736838562606574,0.6726316143739343,OTH>GRN>LNP>IND,Northern Victoria,LNP,ON,IND,0.5029766378733128,0.49702336212668724,0.002976637873312815,ON-IND,OTH>ALP>GRN>LNP,0.25709114220125523,0.7429088577987447,OTH>GRN>ON>IND,0.3273700523879417,0.6726299476120583,OTH>GRN>LNP>IND,ON24,no_constraints
Mill Park,North-Eastern Metro,ALP,ALP,ON,0.5163780454828625,0.48362195451713746,0.01637804548286248,ALP-ON,IND>GRN>OTH>LNP,0.54799789758025,0.4520021024197501,IND>GRN>OTH>ON,0.5163780454828625,0.48362195451713746,IND>GRN>OTH>LNP,North-Eastern Metro,ALP,ALP,ON,0.5163426876266562,0.4836573123733438,0.01634268762665625,ALP-ON,IND>GRN>OTH>LNP,0.5479739493177657,0.4520260506822343,IND>GRN>OTH>ON,0.5163426876266562,0.4836573123733438,IND>GRN>OTH>LNP,ON24,no_constraints
Monbulk,Eastern Victoria,ALP,LNP,ALP,0.5488339539394075,0.45116604606059246,0.04883395393940748,LNP-ALP,OTH>IND>GRN>ON,0.45116604606059246,0.5488339539394075,OTH>IND>GRN>ON,0.4364639853217026,0.5635360146782974,OTH>IND>GRN>LNP,Eastern Victoria,ALP,LNP,ALP,0.5488339539394075,0.45116604606059246,0.04883395393940748,LNP-ALP,OTH>IND>GRN>ON,0.45116604606059246,0.5488339539394075,OTH>IND>GRN>ON,0.4364639853217026,0.5635360146782974,OTH>IND>GRN>LNP,ON24,no_constraints
Mordialloc,South-Eastern Metro,ALP,ALP,LNP,0.5014885911898996,0.49851140881010036,0.0014885911898996351,ALP-LNP,OTH>IND>GRN>ON,0.5014885911898996,0.49851140881010036,OTH>IND>GRN>ON,0.5552506392382623,0.4447493607617377,OTH>IND>GRN>LNP,South-Eastern Metro,ALP,ALP,LNP,0.5014885911898996,0.49851140881010036,0.0014885911898996351,ALP-LNP,OTH>IND>GRN>ON,0.5014885911898996,0.49851140881010036,OTH>IND>GRN>ON,0.5552506392382623,0.4447493607617377,OTH>IND>GRN>LNP,ON24,no_constraints
Mornington,Eastern Victoria,LNP,LNP,IND,0.6243414829305001,0.3756585170695,0.12434148293050007,LNP-IND,OTH>GRN>ALP>ON,0.307582167074125,0.692417832925875,OTH>GRN>ON>IND,0.34271342244801817,0.6572865775519818,OTH>GRN>IND>LNP,Eastern Victoria,LNP,LNP,IND,0.6243414829305001,0.3756585170695,0.12434148293050007,LNP-IND,OTH>GRN>ALP>ON,0.307582167074125,0.692417832925875,OTH>GRN>ON>IND,0.34271342244801817,0.6572865775519818,OTH>GRN>IND>LNP,ON24,no_constraints
Morwell,Eastern Victoria,LNP,ON,LNP,0.5406026504814045,0.4593973495185954,0.040602650481404545,ON-LNP,GRN>OTH>IND>ALP,0.3549077462596592,0.6450922537403408,GRN>OTH>IND>ON,0.3192574990809151,0.680742500919085,GRN>OTH>IND>LNP,Eastern Victoria,LNP,ON,LNP,0.5406026504814045,0.4593973495185954,0.040602650481404545,ON-LNP,GRN>OTH>IND>ALP,0.3549077462596592,0.6450922537403408,GRN>OTH>IND>ON,0.3192574990809151,0.680742500919085,GRN>OTH>IND>LNP,ON24,no_constraints
Mulgrave,South-Eastern Metro,ALP,ALP,ON,0.6734225507982211,0.326577449201779,0.1734225507982211,ALP-ON,OTH>GRN>LNP>IND,0.6014461813131885,0.39855381868681156,OTH>GRN>IND>ON,0.6734225507982211,0.326577449201779,OTH>GRN>LNP>IND,South-Eastern Metro,ALP,ALP,ON,0.6734225507982211,0.326577449201779,0.1734225507982211,ALP-ON,OTH>GRN>LNP>IND,0.6014461813131885,0.39855381868681156,OTH>GRN>IND>ON,0.6734225507982211,0.326577449201779,OTH>GRN>LNP>IND,ON24,no_constraints
Murray Plains,Northern Victoria,LNP,LNP,ON,0.5744706904625705,0.42552930953742946,0.07447069046257049,LNP-ON,IND>GRN>ALP>OTH,0.17515393527980908,0.8248460647201908,IND>GRN>OTH>ON,0.19321340353433883,0.8067865964656611,IND>GRN>OTH>LNP,Northern Victoria,LNP,LNP,ON,0.5744706904625705,0.42552930953742946,0.07447069046257049,LNP-ON,IND>GRN>ALP>OTH,0.17515393527980908,0.8248460647201908,IND>GRN>OTH>ON,0.19321340353433883,0.8067865964656611,IND>GRN>OTH>LNP,ON24,no_constraints
Narracan,Eastern Victoria,LNP,LNP,ON,0.5825328563721434,0.41746714362785664,0.08253285637214336,LNP-ON,OTH>IND>GRN>ALP,0.3523540478509178,0.6476459521490822,OTH>IND>GRN>ON,0.36887024034174115,0.6311297596582588,OTH>IND>GRN>LNP,Eastern Victoria,LNP,LNP,ON,0.5823587273205935,0.41764127267940654,0.08235872732059346,LNP-ON,OTH>IND>GRN>ALP,0.3516672662471812,0.6483327337528189,OTH>IND>GRN>ON,0.36775705819076143,0.6322429418092386,OTH>IND>GRN>LNP,ON24,no_constraints
Narre Warren North,South-Eastern Metro,ALP,ON,ALP,0.5149506804810492,0.48504931951895086,0.014950680481049194,ON-ALP,IND>GRN>OTH>LNP,0.5077721711095448,0.4922278288904553,IND>GRN>OTH>ON,0.48504931951895086,0.5149506804810492,IND>GRN>OTH>LNP,South-Eastern Metro,ALP,ON,ALP,0.5149506804810492,0.48504931951895086,0.014950680481049194,ON-ALP,IND>GRN>OTH>LNP,0.5077721711095448,0.4922278288904553,IND>GRN>OTH>ON,0.48504931951895086,0.5149506804810492,IND>GRN>OTH>LNP,ON24,no_constraints
Narre Warren South,South-Eastern Metro,ALP,ON,ALP,0.5064634500075396,0.4935365499924605,0.006463450007539562,ON-ALP,IND>GRN>OTH>LNP,0.507743567943638,0.49225643205636216,IND>GRN>OTH>ON,0.4935365499924605,0.5064634500075396,IND>GRN>OTH>LNP,South-Eastern Metro,ALP,ON,ALP,0.506507880272015,0.4934921197279851,0.0065078802720149875,ON-ALP,IND>GRN>OTH>LNP,0.5077132927035861,0.492286707296414,IND>GRN>OTH>ON,0.4934921197279851,0.506507880272015,IND>GRN>OTH>LNP,ON24,no_constraints
Nepean,Eastern Victoria,LNP,LNP,ON,0.6242996571556744,0.37570034284432563,0.12429965715567437,LNP-ON,OTH>IND>GRN>ALP,0.333565667126081,0.6664343328739191,OTH>IND>GRN>ON,0.3743697197240742,0.6256302802759258,OTH>IND>GRN>LNP,Eastern Victoria,LNP,LNP,ON,0.6242996571556744,0.37570034284432563,0.12429965715567437,LNP-ON,OTH>IND>GRN>ALP,0.333565667126081,0.6664343328739191,OTH>IND>GRN>ON,0.3743697197240742,0.6256302802759258,OTH>IND>GRN>LNP,ON24,no_constraints
Niddrie,Western Metro,ALP,ALP,ON,0.5018119229118693,0.4981880770881308,0.0018119229118692681,ALP-ON,IND>OTH>GRN>LNP,0.4717180514181985,0.5282819485818016,IND>OTH>GRN>ON,0.5018119229118693,0.4981880770881308,IND>OTH>GRN>LNP,Western Metro,ALP,ALP,ON,0.5018119229118693,0.4981880770881308,0.0018119229118692681,ALP-ON,IND>OTH>GRN>LNP,0.4717180514181985,0.5282819485818016,IND>OTH>GRN>ON,0.5018119229118693,0.4981880770881308,IND>OTH>GRN>LNP,ON24,no_constraints
Northcote,Northern Metro,ALP,GRN,ALP,0.5292081385236576,0.4707918614763425,0.029208138523657556,GRN-ALP,IND>LNP>OTH>ON,0.7368499947659986,0.26315000523400156,IND>OTH>ON>GRN,0.705186474785097,0.2948135252149031,IND>LNP>OTH>GRN,Northern Metro,ALP,GRN,ALP,0.5292068590326576,0.47079314096734237,0.02920685903265763,GRN-ALP,IND>LNP>OTH>ON,0.7363527539135915,0.26364724608640866,IND>OTH>ON>GRN,0.7051866790342712,0.29481332096572876,IND>LNP>OTH>GRN,ON24,no_constraints
Oakleigh,Southern Metro,ALP,ALP,LNP,0.5480915187951414,0.4519084812048587,0.0480915187951414,ALP-LNP,OTH>IND>GRN>ON,0.5480915187951414,0.4519084812048587,OTH>IND>GRN>ON,0.5923824470702986,0.4076175529297013,OTH>IND>GRN>LNP,Southern Metro,ALP,ALP,LNP,0.5480915187951414,0.4519084812048587,0.0480915187951414,ALP-LNP,OTH>IND>GRN>ON,0.5480915187951414,0.4519084812048587,OTH>IND>GRN>ON,0.5923824470702986,0.4076175529297013,OTH>IND>GRN>LNP,ON24,no_constraints
Ovens Valley,Northern Victoria,LNP,LNP,ON,0.5719601313072502,0.4280398686927499,0.07196013130725021,LNP-ON,IND>ALP>GRN>OTH,0.2540050846501843,0.7459949153498158,IND>GRN>OTH>ON,0.25654864356521395,0.7434513564347861,IND>GRN>OTH>LNP,Northern Victoria,LNP,LNP,ON,0.5719601313072502,0.4280398686927499,0.07196013130725021,LNP-ON,IND>ALP>GRN>OTH,0.2540050846501843,0.7459949153498158,IND>GRN>OTH>ON,0.25654864356521395,0.7434513564347861,IND>GRN>OTH>LNP,ON24,no_constraints
Pakenham,Eastern Victoria,ALP,LNP,ON,0.5029610058021956,0.49703899419780434,0.0029610058021956043,LNP-ON,IND>GRN>OTH>ALP,0.390884265355723,0.6091157346442769,IND>GRN>OTH>ON,0.36129279735158054,0.6387072026484195,IND>GRN>OTH>LNP,Eastern Victoria,ALP,LNP,ON,0.5029610058021956,0.49703899419780434,0.0029610058021956043,LNP-ON,IND>GRN>OTH>ALP,0.390884265355723,0.6091157346442769,IND>GRN>OTH>ON,0.36129279735158054,0.6387072026484195,IND>GRN>OTH>LNP,ON24,no_constraints
Pascoe Vale,Northern Metro,ALP,ALP,GRN,0.5264700128995132,0.4735299871004869,0.02647001289951323,ALP-GRN,OTH>IND>LNP>ON,0.6182341708143323,0.38176582918566776,OTH>IND>ON>GRN,0.6488970797375753,0.3511029202624248,OTH>IND>LNP>GRN,Northern Metro,ALP,ALP,GRN,0.5264700128995132,0.4735299871004869,0.02647001289951323,ALP-GRN,OTH>IND>LNP>ON,0.6176682379119274,0.38233176208807257,OTH>IND>ON>GRN,0.6488970797375753,0.3511029202624248,OTH>IND>LNP>GRN,ON24,no_constraints
Point Cook,Western Metro,ALP,ON,ALP,0.5122275977242526,0.4877724022757473,0.012227597724252637,ON-ALP,GRN>OTH>IND>LNP,0.5212129847757251,0.478787015224275,GRN>OTH>IND>ON,0.4877724022757473,0.5122275977242526,GRN>OTH>IND>LNP,Western Metro,ALP,ON,ALP,0.5122275977242526,0.4877724022757473,0.012227597724252637,ON-ALP,GRN>OTH>IND>LNP,0.5212129847757251,0.478787015224275,GRN>OTH>IND>ON,0.4877724022757473,0.5122275977242526,GRN>OTH>IND>LNP,ON24,no_constraints
Polwarth,Western Victoria,LNP,LNP,ALP,0.6290891638865279,0.37091083611347203,0.1290891638865279,LNP-ALP,IND>OTH>GRN>ON,0.37091083611347203,0.6290891638865279,IND>OTH>GRN>ON,0.3940185640382262,0.6059814359617738,IND>OTH>GRN>LNP,Western Victoria,LNP,LNP,ALP,0.6290891638865279,0.37091083611347203,0.1290891638865279,LNP-ALP,IND>OTH>GRN>ON,0.37091083611347203,0.6290891638865279,IND>OTH>GRN>ON,0.3940185640382262,0.6059814359617738,IND>OTH>GRN>LNP,ON24,no_constraints
Prahran,Southern Metro,Greens,GRN,LNP,0.5638570673057302,0.4361429326942699,0.06385706730573015,GRN-LNP,IND>OTH>ALP>ON,0.568551939576114,0.431448060423886,IND>OTH>ON>GRN,0.6715815878398349,0.32841841216016504,IND>OTH>LNP>GRN,Southern Metro,Greens,GRN,LNP,0.5624618566635233,0.4375381433364767,0.06246185666352333,GRN-LNP,IND>OTH>ALP>ON,0.5680707544368905,0.4319292455631096,IND>OTH>ON>GRN,0.6715815878398349,0.32841841216016504,IND>OTH>LNP>GRN,ON24,no_constraints
Preston,Northern Metro,ALP,ALP,ON,0.5937966404352366,0.4062033595647634,0.09379664043523661,ALP-ON,OTH>LNP>IND>GRN,0.598484166823781,0.401515833176219,OTH>IND>GRN>ON,0.5937966404352366,0.4062033595647634,OTH>LNP>IND>GRN,Northern Metro,ALP,ALP,ON,0.5937966404352366,0.4062033595647634,0.09379664043523661,ALP-ON,OTH>LNP>IND>GRN,0.598080542209797,0.40191945779020294,OTH>IND>GRN>ON,0.5937966404352366,0.4062033595647634,OTH>LNP>IND>GRN,ON24,no_constraints
Richmond,Northern Metro,GRN,GRN,ALP,0.5826321518768207,0.41736784812317923,0.08263215187682071,GRN-ALP,IND>OTH>LNP>ON,0.7351362403779321,0.2648637596220679,IND>OTH>ON>GRN,0.7548487003168252,0.24515129968317476,IND>OTH>LNP>GRN,Northern Metro,GRN,GRN,ALP,0.5826321518768207,0.41736784812317923,0.08263215187682071,GRN-ALP,IND>OTH>LNP>ON,0.7346075694633667,0.2653924305366334,IND>OTH>ON>GRN,0.7548487003168252,0.24515129968317476,IND>OTH>LNP>GRN,ON24,no_constraints
Ringwood,North-Eastern Metro,LNP,LNP,ALP,0.5135016860744245,0.48649831392557547,0.01350168607442448,LNP-ALP,IND>OTH>GRN>ON,0.48649831392557547,0.5135016860744245,IND>OTH>GRN>ON,0.559407521391002,0.440592478608998,IND>OTH>GRN>LNP,North-Eastern Metro,LNP,LNP,ALP,0.5135016860744245,0.48649831392557547,0.01350168607442448,LNP-ALP,IND>OTH>GRN>ON,0.48649831392557547,0.5135016860744245,IND>OTH>GRN>ON,0.559407521391002,0.440592478608998,IND>OTH>GRN>LNP,ON24,no_constraints
Ripon,Western Victoria,ALP,ON,ALP,0.6257262818242114,0.3742737181757886,0.12572628182421142,ON-ALP,IND>GRN>OTH>LNP,0.41101266805052794,0.5889873319494721,IND>GRN>OTH>ON,0.3742737181757886,0.6257262818242114,IND>GRN>OTH>LNP,Western Victoria,ALP,ON,ALP,0.625727928924343,0.37427207107565696,0.12572792892434304,ON-ALP,IND>GRN>OTH>LNP,0.41101030602661276,0.5889896939733873,IND>GRN>OTH>ON,0.37427207107565696,0.625727928924343,IND>GRN>OTH>LNP,ON24,no_constraints
Rowville,South-Eastern Metro,LNP,LNP,ALP,0.6116717356202555,0.3883282643797446,0.11167173562025545,LNP-ALP,OTH>GRN>IND>ON,0.3883282643797446,0.6116717356202555,OTH>GRN>IND>ON,0.48524175444508116,0.5147582455549189,OTH>GRN>IND>LNP,South-Eastern Metro,LNP,LNP,ALP,0.6116895611132376,0.3883104388867624,0.11168956111323758,LNP-ALP,OTH>GRN>IND>ON,0.3883104388867624,0.6116895611132376,OTH>GRN>IND>ON,0.48521470995759525,0.5147852900424048,OTH>GRN>IND>LNP,ON24,no_constraints
Sandringham,Southern Metro,LNP,LNP,ALP,0.6288623736588749,0.37113762634112524,0.12886237365887487,LNP-ALP,OTH>IND>GRN>ON,0.37113762634112524,0.6288623736588749,OTH>IND>GRN>ON,0.5127609282474428,0.48723907175255715,OTH>IND>GRN>LNP,Southern Metro,LNP,LNP,ALP,0.6288623736588749,0.37113762634112524,0.12886237365887487,LNP-ALP,OTH>IND>GRN>ON,0.37113762634112524,0.6288623736588749,OTH>IND>GRN>ON,0.5127609282474428,0.48723907175255715,OTH>IND>GRN>LNP,ON24,no_constraints
Shepparton,Northern Victoria,LNP,LNP,IND,0.5995433335731521,0.40045666642684785,0.09954333357315215,LNP-IND,ALP>OTH>GRN>ON,0.24190018087669501,0.758099819123305,OTH>GRN>ON>IND,0.4008155688819507,0.5991844311180493,OTH>GRN>LNP>IND,Northern Victoria,LNP,LNP,IND,0.5995433335731521,0.40045666642684785,0.09954333357315215,LNP-IND,ALP>OTH>GRN>ON,0.24190018087669501,0.758099819123305,OTH>GRN>ON>IND,0.4008155688819507,0.5991844311180493,OTH>GRN>LNP>IND,ON24,no_constraints
South Barwon,Western Victoria,ALP,LNP,ALP,0.5389896894425115,0.4610103105574885,0.038989689442511466,LNP-ALP,IND>OTH>GRN>ON,0.4610103105574885,0.5389896894425115,IND>OTH>GRN>ON,0.48439222477832017,0.5156077752216798,IND>OTH>GRN>LNP,Western Victoria,ALP,LNP,ALP,0.5389896894425115,0.4610103105574885,0.038989689442511466,LNP-ALP,IND>OTH>GRN>ON,0.4610103105574885,0.5389896894425115,IND>OTH>GRN>ON,0.48439222477832017,0.5156077752216798,IND>OTH>GRN>LNP,ON24,no_constraints
South-West Coast,Western Victoria,LNP,LNP,IND,0.5892107035205664,0.41078929647943363,0.08921070352056637,LNP-IND,OTH>GRN>ALP>ON,0.3223634997856393,0.6776365002143608,OTH>GRN>ON>IND,0.32920392346950084,0.6707960765304992,OTH>GRN>IND>LNP,Western Victoria,LNP,LNP,IND,0.5892111021949227,0.4107888978050773,0.08921110219492268,LNP-IND,OTH>GRN>ALP>ON,0.3223668858421794,0.6776331141578207,OTH>GRN>ON>IND,0.32913737790603037,0.6708626220939697,OTH>GRN>IND>LNP,ON24,no_constraints
St Albans,Western Metro,ALP,ALP,ON,0.5358674499215137,0.4641325500784863,0.035867449921513694,ALP-ON,IND>GRN>OTH>LNP,0.5422454711794488,0.4577545288205513,IND>GRN>OTH>ON,0.5358674499215137,0.4641325500784863,IND>GRN>OTH>LNP,Western Metro,ALP,ALP,ON,0.5358674499215137,0.4641325500784863,0.035867449921513694,ALP-ON,IND>GRN>OTH>LNP,0.5422454711794488,0.4577545288205513,IND>GRN>OTH>ON,0.5358674499215137,0.4641325500784863,IND>GRN>OTH>LNP,ON24,no_constraints
Sunbury,Western Metro,ALP,ON,ALP,0.5810284825128295,0.4189715174871706,0.08102848251282946,ON-ALP,IND>OTH>GRN>LNP,0.4441541741031003,0.5558458258968997,IND>OTH>GRN>ON,0.4189715174871706,0.5810284825128295,IND>OTH>GRN>LNP,Western Metro,ALP,ON,ALP,0.5810284825128295,0.4189715174871706,0.08102848251282946,ON-ALP,IND>OTH>GRN>LNP,0.4441541741031003,0.5558458258968997,IND>OTH>GRN>ON,0.4189715174871706,0.5810284825128295,IND>OTH>GRN>LNP,ON24,no_constraints
Sydenham,Western Metro,ALP,ON,ALP,0.509271588245131,0.49072841175486903,0.009271588245130968,ON-ALP,IND>GRN>OTH>LNP,0.5078619084337912,0.49213809156620875,IND>GRN>OTH>ON,0.49072841175486903,0.509271588245131,IND>GRN>OTH>LNP,Western Metro,ALP,ON,ALP,0.509271588245131,0.49072841175486903,0.009271588245130968,ON-ALP,IND>GRN>OTH>LNP,0.5078619084337912,0.49213809156620875,IND>GRN>OTH>ON,0.49072841175486903,0.509271588245131,IND>GRN>OTH>LNP,ON24,no_constraints
Tarneit,Western Metro,ALP,ALP,ON,0.5306785013868721,0.46932149861312794,0.030678501386872115,ALP-ON,IND>GRN>OTH>LNP,0.5518438245040285,0.44815617549597164,IND>GRN>OTH>ON,0.5306785013868721,0.46932149861312794,IND>GRN>OTH>LNP,Western Metro,ALP,ALP,ON,0.5306785013868721,0.46932149861312794,0.030678501386872115,ALP-ON,IND>GRN>OTH>LNP,0.5518438245040285,0.44815617549597164,IND>GRN>OTH>ON,0.5306785013868721,0.46932149861312794,IND>GRN>OTH>LNP,ON24,no_constraints
Thomastown,Northern Metro,ALP,ALP,ON,0.5526658599917614,0.4473341400082387,0.05266585999176143,ALP-ON,IND>GRN>OTH>LNP,0.592550980407632,0.4074490195923681,IND>GRN>OTH>ON,0.5526658599917614,0.4473341400082387,IND>GRN>OTH>LNP,Northern Metro,ALP,ALP,ON,0.5524777270042404,0.44752227299575975,0.05247772700424036,ALP-ON,IND>GRN>OTH>LNP,0.5924594940657848,0.40754050593421526,IND>GRN>OTH>ON,0.5524777270042404,0.44752227299575975,IND>GRN>OTH>LNP,ON24,no_constraints
Warrandyte,North-Eastern Metro,LNP,LNP,ALP,0.6317147686497444,0.36828523135025554,0.1317147686497444,LNP-ALP,IND>OTH>GRN>ON,0.36828523135025554,0.6317147686497444,IND>OTH>GRN>ON,0.49301655440190856,0.5069834455980915,IND>OTH>GRN>LNP,North-Eastern Metro,LNP,LNP,ALP,0.6317147686497444,0.36828523135025554,0.1317147686497444,LNP-ALP,IND>OTH>GRN>ON,0.36828523135025554,0.6317147686497444,IND>OTH>GRN>ON,0.49301655440190856,0.5069834455980915,IND>OTH>GRN>LNP,ON24,no_constraints
Wendouree,Western Victoria,ALP,ON,ALP,0.515288351253158,0.4847116487468421,0.015288351253157972,ON-ALP,IND>OTH>GRN>LNP,0.4830792389838601,0.5169207610161399,IND>OTH>GRN>ON,0.4847116487468421,0.515288351253158,IND>OTH>GRN>LNP,Western Victoria,ALP,ON,ALP,0.515288351253158,0.4847116487468421,0.015288351253157972,ON-ALP,IND>OTH>GRN>LNP,0.4830792389838601,0.5169207610161399,IND>OTH>GRN>ON,0.4847116487468421,0.515288351253158,IND>OTH>GRN>LNP,ON24,no_constraints
Werribee,Western Metro,ALP,ON,ALP,0.558197977536066,0.44180202246393396,0.05819797753606604,ON-ALP,GRN>OTH>IND>LNP,0.49307970387702416,0.5069202961229758,GRN>OTH>IND>ON,0.44180202246393396,0.558197977536066,GRN>OTH>IND>LNP,Western Metro,ALP,ON,ALP,0.558197977536066,0.44180202246393396,0.05819797753606604,ON-ALP,GRN>OTH>IND>LNP,0.49307970387702416,0.5069202961229758,GRN>OTH>IND>ON,0.44180202246393396,0.558197977536066,GRN>OTH>IND>LNP,ON24,no_constraints
Williamstown,Western Metro,ALP,ALP,ON,0.5993280059003627,0.4006719940996373,0.09932800590036273,ALP-ON,IND>OTH>GRN>LNP,0.5744277517667142,0.4255722482332858,IND>OTH>GRN>ON,0.5993280059003627,0.4006719940996373,IND>OTH>GRN>LNP,Western Metro,ALP,ALP,ON,0.5979362513538116,0.4020637486461885,0.09793625135381157,ALP-ON,IND>OTH>GRN>LNP,0.5731453545797661,0.42685464542023394,IND>OTH>GRN>ON,0.5979362513538116,0.4020637486461885,IND>OTH>GRN>LNP,ON24,no_constraints
Yan Yean,Northern Victoria,ALP,ON,ALP,0.5580510246288717,0.44194897537112826,0.058051024628871684,ON-ALP,IND>GRN>OTH>LNP,0.4642047550871271,0.535795244912873,IND>GRN>OTH>ON,0.44194897537112826,0.5580510246288717,IND>GRN>OTH>LNP,Northern Victoria,ALP,ON,ALP,0.5580510246288717,0.44194897537112826,0.058051024628871684,ON-ALP,IND>GRN>OTH>LNP,0.4642047550871271,0.535795244912873,IND>GRN>OTH>ON,0.44194897537112826,0.5580510246288717,IND>GRN>OTH>LNP,ON24,no_constraints
Albert Park,Southern Metro,ALP,ALP,LNP,0.5627325458209893,0.4372674541790107,0.0627325458209893,ALP-LNP,OTH>IND>ON>GRN,0.5627325458209893,0.4372674541790107,OTH>IND>ON>GRN,0.6436021353481952,0.3563978646518048,OTH>IND>GRN>LNP,Southern Metro,ALP,ALP,LNP,0.5622546699914455,0.43774533000855453,0.062254669991445466,ALP-LNP,OTH>IND>ON>GRN,0.5622546699914455,0.43774533000855453,OTH>IND>ON>GRN,0.6413428938975128,0.35865710610248724,OTH>IND>GRN>LNP,ON24,no_synthetic_priority
Ashwood,Southern Metro,ALP,LNP,ALP,0.5186496393127014,0.4813503606872986,0.01864963931270136,LNP-ALP,OTH>IND>ON>GRN,0.4813503606872986,0.5186496393127014,OTH>IND>ON>GRN,0.60368155064497,0.39631844935503,OTH>IND>GRN>LNP,Southern Metro,ALP,LNP,ALP,0.5186496393127032,0.48135036068729675,0.018649639312703248,LNP-ALP,OTH>IND>ON>GRN,0.48135036068729675,0.5186496393127032,OTH>IND>ON>GRN,0.6025943212612176,0.3974056787387824,OTH>IND>GRN>LNP,ON24,no_synthetic_priority
Bass,Eastern Victoria,ALP,LNP,ON,0.5391530073489328,0.46084699265106727,0.03915300734893279,LNP-ON,OTH>IND>GRN>ALP,0.36478969929772737,0.6352103007022727,OTH>IND>GRN>ON,0.35895032437466073,0.6410496756253393,OTH>IND>GRN>LNP,Eastern Victoria,ALP,LNP,ON,0.5402251139900116,0.45977488600998834,0.04022511399001161,LNP-ON,OTH>IND>GRN>ALP,0.3601947025248527,0.6398052974751474,OTH>IND>GRN>ON,0.3547482054753756,0.6452517945246243,OTH>IND>GRN>LNP,ON24,no_synthetic_priority
Bayswater,North-Eastern Metro,ALP,LNP,ALP,0.5611513509566982,0.43884864904330173,0.061151350956698214,LNP-ALP,IND>OTH>GRN>ON,0.43884864904330173,0.5611513509566982,IND>OTH>GRN>ON,0.49964761386485307,0.5003523861351469,IND>OTH>GRN>LNP,North-Eastern Metro,ALP,LNP,ALP,0.5648875474309896,0.4351124525690104,0.06488754743098957,LNP-ALP,IND>OTH>GRN>ON,0.4351124525690104,0.5648875474309896,IND>OTH>GRN>ON,0.49697085634391636,0.5030291436560836,IND>OTH>GRN>LNP,ON24,no_synthetic_priority
Bellarine,Western Victoria,ALP,LNP,ALP,0.5101177631340941,0.489882236865906,0.010117763134094071,LNP-ALP,OTH>IND>GRN>ON,0.489882236865906,0.5101177631340941,OTH>IND>GRN>ON,0.5057674583349661,0.49423254166503405,OTH>IND>GRN>LNP,Western Victoria,ALP,LNP,ALP,0.5140542637702862,0.4859457362297138,0.01405426377028618,LNP-ALP,OTH>IND>GRN>ON,0.4859457362297138,0.5140542637702862,OTH>IND>GRN>ON,0.5011464894933254,0.4988535105066747,OTH>IND>GRN>LNP,ON24,no_synthetic_priority
Benambra,Northern Victoria,LNP,LNP,IND,0.5843425688272263,0.4156574311727736,0.08434256882722635,LNP-IND,ALP>OTH>GRN>ON,0.24644978143869525,0.7535502185613048,OTH>GRN>ON>IND,0.3210371645410896,0.6789628354589103,OTH>GRN>LNP>IND,Northern Victoria,LNP,LNP,IND,0.5842014821869774,0.4157985178130226,0.08420148218697743,LNP-IND,ALP>OTH>GRN>ON,0.24373037493653182,0.7562696250634682,OTH>GRN>ON>IND,0.31763741831634584,0.6823625816836542,OTH>GRN>LNP>IND,ON24,no_synthetic_priority
Bendigo East,Northern Victoria,ALP,ALP,LNP,0.5017938633515125,0.4982061366484874,0.001793863351512548,ALP-LNP,OTH>IND>GRN>ON,0.5017938633515125,0.4982061366484874,OTH>IND>GRN>ON,0.525211986519947,0.47478801348005295,OTH>IND>GRN>LNP,Northern Victoria,ALP,LNP,ALP,0.5012482695647006,0.49875173043529947,0.0012482695647005881,LNP-ALP,OTH>IND>GRN>ON,0.49875173043529947,0.5012482695647006,OTH>IND>GRN>ON,0.5224561417735831,0.4775438582264168,OTH>IND>GRN>LNP,ON24,no_synthetic_priority
Bendigo West,Northern Victoria,ALP,ALP,ON,0.5313754693965934,0.46862453060340664,0.031375469396593414,ALP-ON,IND>OTH>GRN>LNP,0.5389708569374895,0.46102914306251064,IND>OTH>GRN>ON,0.5313754693965934,0.46862453060340664,IND>OTH>GRN>LNP,Northern Victoria,ALP,ALP,ON,0.527594521357731,0.4724054786422691,0.027594521357730994,ALP-ON,IND>OTH>GRN>LNP,0.5363036504836564,0.46369634951634375,IND>OTH>GRN>ON,0.527594521357731,0.4724054786422691,IND>OTH>GRN>LNP,ON24,no_synthetic_priority
Bentleigh,Southern Metro,ALP,ALP,LNP,0.5057657838427436,0.4942342161572564,0.0057657838427436214,ALP-LNP,OTH>IND>GRN>ON,0.5057657838427436,0.4942342161572564,OTH>IND>GRN>ON,0.5880411111913294,0.41195888880867054,OTH>IND>GRN>LNP,Southern Metro,ALP,ALP,LNP,0.5030407164756805,0.4969592835243195,0.003040716475680494,ALP-LNP,OTH>IND>GRN>ON,0.5030407164756805,0.4969592835243195,OTH>IND>GRN>ON,0.5867813513303483,0.41321864866965174,OTH>IND>GRN>LNP,ON24,no_synthetic_priority
Berwick,South-Eastern Metro,LNP,LNP,ON,0.5990713490041732,0.4009286509958267,0.09907134900417325,LNP-ON,IND>OTH>GRN>ALP,0.3529368268717878,0.6470631731282122,IND>OTH>GRN>ON,0.3851435961297895,0.6148564038702106,IND>OTH>GRN>LNP,South-Eastern Metro,LNP,LNP,ON,0.6002620533967314,0.3997379466032685,0.10026205339673144,LNP-ON,IND>OTH>GRN>ALP,0.3473112617553033,0.6526887382446966,IND>OTH>GRN>ON,0.3801127847080001,0.619887215292,IND>OTH>GRN>LNP,ON24,no_synthetic_priority
Box Hill,North-Eastern Metro,ALP,LNP,ALP,0.5046904790036336,0.4953095209963664,0.004690479003633619,LNP-ALP,IND>OTH>ON>GRN,0.4953095209963664,0.5046904790036336,IND>OTH>ON>GRN,0.6129809831344788,0.38701901686552115,IND>OTH>GRN>LNP,North-Eastern Metro,ALP,LNP,ALP,0.505103398781634,0.494896601218366,0.0051033987816340165,LNP-ALP,IND>OTH>ON>GRN,0.494896601218366,0.505103398781634,IND>OTH>ON>GRN,0.610978180357462,0.38902181964253807,IND>OTH>GRN>LNP,ON24,no_synthetic_priority
Brighton,Southern Metro,LNP,LNP,GRN,0.6005230538111074,0.3994769461888927,0.10052305381110738,LNP-GRN,OTH>IND>ON>ALP,0.39979490905532605,0.600205090944674,OTH>IND>ON>GRN,0.5865386681222701,0.41346133187773,OTH>IND>GRN>LNP,Southern Metro,LNP,LNP,GRN,0.5985073913140834,0.40149260868591663,0.09850739131408337,LNP-GRN,OTH>IND>ON>ALP,0.3999124093688101,0.6000875906311899,OTH>IND>ON>GRN,0.5843655874493275,0.41563441255067246,OTH>IND>GRN>LNP,ON24,no_synthetic_priority
Broadmeadows,Northern Metro,ALP,ALP,ON,0.5442425678591314,0.4557574321408687,0.04424256785913139,ALP-ON,IND>GRN>OTH>LNP,0.5897524852355204,0.4102475147644797,IND>GRN>OTH>ON,0.5442425678591314,0.4557574321408687,IND>GRN>OTH>LNP,Northern Metro,ALP,ALP,ON,0.5429940718667641,0.45700592813323604,0.04299407186676407,ALP-ON,IND>GRN>OTH>LNP,0.5897772956602597,0.41022270433974034,IND>GRN>OTH>ON,0.5429940718667641,0.45700592813323604,IND>GRN>OTH>LNP,ON24,no_synthetic_priority
Brunswick,Northern Metro,GRN,GRN,ALP,0.6476315195321626,0.3523684804678374,0.14763151953216258,GRN-ALP,IND>LNP>OTH>ON,0.7730345519846932,0.22696544801530677,IND>OTH>ON>GRN,0.7475662716524941,0.2524337283475058,IND>LNP>OTH>GRN,Northern Metro,GRN,GRN,ALP,0.6474714586258143,0.3525285413741856,0.14747145862581434,GRN-ALP,IND>LNP>OTH>ON,0.7731344289491149,0.2268655710508851,IND>OTH>ON>GRN,0.748012591954114,0.251987408045886,IND>LNP>OTH>GRN,ON24,no_synthetic_priority
Bulleen,North-Eastern Metro,LNP,LNP,ALP,0.6322272409420796,0.3677727590579205,0.1322272409420796,LNP-ALP,OTH>IND>GRN>ON,0.3677727590579205,0.6322272409420796,OTH>IND>GRN>ON,0.5392539695037982,0.4607460304962017,OTH>IND>GRN>LNP,North-Eastern Metro,LNP,LNP,ALP,0.6375724716971124,0.3624275283028877,0.1375724716971124,LNP-ALP,OTH>IND>GRN>ON,0.3624275283028877,0.6375724716971124,OTH>IND>GRN>ON,0.5365446676598853,0.4634553323401147,OTH>IND>GRN>LNP,ON24,no_synthetic_priority
Bundoora,North-Eastern Metro,ALP,ALP,LNP,0.5619733793834588,0.43802662061654124,0.061973379383458815,ALP-LNP,IND>OTH>GRN>ON,0.5619733793834588,0.43802662061654124,IND>OTH>GRN>ON,0.6141291026024482,0.3858708973975517,IND>OTH>GRN>LNP,North-Eastern Metro,ALP,ALP,LNP,0.5563696888483032,0.4436303111516969,0.05636968884830318,ALP-LNP,IND>OTH>GRN>ON,0.5563696888483032,0.4436303111516969,IND>OTH>GRN>ON,0.6112709715504889,0.3887290284495111,IND>OTH>GRN>LNP,ON24,no_synthetic_priority
Carrum,South-Eastern Metro,ALP,ON,ALP,0.5325809635084447,0.4674190364915553,0.03258096350844475,ON-ALP,IND>OTH>GRN>LNP,0.4800819669077631,0.5199180330922369,IND>OTH>GRN>ON,0.4674190364915553,0.5325809635084447,IND>OTH>GRN>LNP,South-Eastern Metro,ALP,ON,ALP,0.537787548817946,0.46221245118205406,0.03778754881794599,ON-ALP,IND>OTH>GRN>LNP,0.4751643321751537,0.5248356678248464,IND>OTH>GRN>ON,0.46221245118205406,0.537787548817946,IND>OTH>GRN>LNP,ON24,no_synthetic_priority
Caulfield,Southern Metro,LNP,LNP,GRN,0.5936667930919758,0.4063332069080242,0.09366679309197579,LNP-GRN,OTH>IND>ON>ALP,0.41825662030144284,0.5817433796985572,OTH>IND>ON>GRN,0.5962360194928708,0.40376398050712925,OTH>IND>GRN>LNP,Southern Metro,LNP,LNP,GRN,0.5920088542549342,0.4079911457450658,0.09200885425493421,LNP-GRN,OTH>IND>ON>ALP,0.418724057828483,0.581275942171517,OTH>IND>ON>GRN,0.5945849727681025,0.40541502723189743,OTH>IND>GRN>LNP,ON24,no_synthetic_priority
Clarinda,South-Eastern Metro,ALP,ALP,ON,0.5663272287658254,0.43367277123417464,0.06632722876582542,ALP-ON,OTH>GRN>IND>LNP,0.5321929478424879,0.4678070521575121,OTH>GRN>IND>ON,0.5663272287658254,0.43367277123417464,OTH>GRN>IND>LNP,South-Eastern Metro,ALP,ALP,LNP,0.529286199301246,0.470713800698754,0.029286199301245985,ALP-LNP,OTH>GRN>IND>ON,0.529286199301246,0.470713800698754,OTH>GRN>IND>ON,0.565601698755349,0.43439830124465106,OTH>GRN>IND>LNP,ON24,no_synthetic_priority
Cranbourne,South-Eastern Metro,ALP,ON,ALP,0.5324778955512239,0.4675221044487761,0.032477895551223934,ON-ALP,IND>GRN>OTH>LNP,0.4977553281250241,0.5022446718749759,IND>GRN>OTH>ON,0.4675221044487761,0.5324778955512239,IND>GRN>OTH>LNP,South-Eastern Metro,ALP,ON,ALP,0.5341313788827566,0.4658686211172433,0.034131378882756636,ON-ALP,IND>GRN>OTH>LNP,0.49559229342171063,0.5044077065782894,IND>GRN>OTH>ON,0.4658686211172433,0.5341313788827566,IND>GRN>OTH>LNP,ON24,no_synthetic_priority
Croydon,North-Eastern Metro,LNP,LNP,ALP,0.5994613580199789,0.4005386419800211,0.09946135801997891,LNP-ALP,IND>OTH>GRN>ON,0.4005386419800211,0.5994613580199789,IND>OTH>GRN>ON,0.4819375521026359,0.5180624478973641,IND>OTH>GRN>LNP,North-Eastern Metro,LNP,LNP,ALP,0.6034910075701774,0.3965089924298227,0.10349100757017737,LNP-ALP,IND>OTH>GRN>ON,0.3965089924298227,0.6034910075701774,IND>OTH>GRN>ON,0.47933683513250697,0.5206631648674931,IND>OTH>GRN>LNP,ON24,no_synthetic_priority
Dandenong,South-Eastern Metro,ALP,ALP,ON,0.5782614007544123,0.4217385992455877,0.07826140075441235,ALP-ON,IND>OTH>GRN>LNP,0.6072584405932604,0.39274155940673966,IND>OTH>GRN>ON,0.5782614007544123,0.4217385992455877,IND>OTH>GRN>LNP,South-Eastern Metro,ALP,ALP,ON,0.5782016093696545,0.4217983906303455,0.07820160936965448,ALP-ON,IND>OTH>GRN>LNP,0.6071977565723046,0.39280224342769543,IND>OTH>GRN>ON,0.5782016093696545,0.4217983906303455,IND>OTH>GRN>LNP,ON24,no_synthetic_priority
Eildon,Northern Victoria,LNP,LNP,ON,0.5798465644575043,0.4201534355424957,0.07984656445750427,LNP-ON,IND>OTH>GRN>ALP,0.3333639627218748,0.6666360372781253,IND>OTH>GRN>ON,0.34806635491885973,0.6519336450811403,IND>OTH>GRN>LNP,Northern Victoria,LNP,LNP,ON,0.5795253250397241,0.42047467496027585,0.07952532503972409,LNP-ON,IND>OTH>GRN>ALP,0.3290019891953892,0.6709980108046109,IND>OTH>GRN>ON,0.3430051370126696,0.6569948629873303,IND>OTH>GRN>LNP,ON24,no_synthetic_priority
Eltham,North-Eastern Metro,ALP,ALP,LNP,0.5064556929570928,0.4935443070429072,0.006455692957092807,ALP-LNP,IND>OTH>GRN>ON,0.5064556929570928,0.4935443070429072,IND>OTH>GRN>ON,0.5593506945371847,0.44064930546281544,IND>OTH>GRN>LNP,North-Eastern Metro,ALP,ALP,LNP,0.5043150163327854,0.4956849836672146,0.004315016332785415,ALP-LNP,IND>OTH>GRN>ON,0.5043150163327854,0.4956849836672146,IND>OTH>GRN>ON,0.5584340521197672,0.4415659478802329,IND>OTH>GRN>LNP,ON24,no_synthetic_priority
Essendon,Northern Metro,ALP,ALP,ON,0.5455454459957937,0.4544545540042064,0.04554544599579369,ALP-ON,IND>OTH>GRN>LNP,0.5215151342175627,0.47848486578243743,IND>OTH>GRN>ON,0.5455454459957937,0.4544545540042064,IND>OTH>GRN>LNP,Northern Metro,ALP,ALP,ON,0.5432346615526883,0.4567653384473118,0.04323466155268829,ALP-ON,IND>OTH>GRN>LNP,0.5174205761560945,0.48257942384390545,IND>OTH>GRN>ON,0.5432346615526883,0.4567653384473118,IND>OTH>GRN>LNP,ON24,no_synthetic_priority
Eureka,Western Victoria,ALP,ON,ALP,0.5896175871000879,0.4103824128999121,0.08961758710008794,ON-ALP,IND>OTH>GRN>LNP,0.44649778561757697,0.5535022143824231,IND>OTH>GRN>ON,0.4103824128999121,0.5896175871000879,IND>OTH>GRN>LNP,Western Victoria,ALP,ON,ALP,0.5950832612347782,0.40491673876522183,0.09508326123477817,ON-ALP,IND>OTH>GRN>LNP,0.44217029634017346,0.5578297036598265,IND>OTH>GRN>ON,0.40491673876522183,0.5950832612347782,IND>OTH>GRN>LNP,ON24,no_synthetic_priority
Euroa,Northern Victoria,LNP,LNP,ON,0.5722774018376887,0.42772259816231123,0.07227740183768872,LNP-ON,IND>OTH>GRN>ALP,0.28985941526048664,0.7101405847395134,IND>OTH>GRN>ON,0.3102830197571238,0.6897169802428762,IND>OTH>GRN>LNP,Northern Victoria,LNP,LNP,ON,0.5721978358711717,0.42780216412882827,0.07219783587117168,LNP-ON,IND>OTH>GRN>ALP,0.28970671581769386,0.7102932841823061,IND>OTH>GRN>ON,0.3100725106997454,0.6899274893002546,IND>OTH>GRN>LNP,ON24,no_synthetic_priority
Evelyn,Eastern Victoria,LNP,LNP,ALP,0.6540162391824512,0.3459837608175488,0.15401623918245122,LNP-ALP,IND>OTH>GRN>ON,0.3459837608175488,0.6540162391824512,IND>OTH>GRN>ON,0.386974216580425,0.613025783419575,IND>OTH>GRN>LNP,Eastern Victoria,LNP,LNP,ON,0.6263822327441402,0.37361776725585977,0.12638223274414018,LNP-ON,IND>OTH>GRN>ALP,0.3417962087629793,0.6582037912370208,IND>OTH>GRN>ON,0.3826115698383527,0.6173884301616474,IND>OTH>GRN>LNP,ON24,no_synthetic_priority
Footscray,Western Metro,ALP,ALP,GRN,0.5441966443718209,0.4558033556281791,0.044196644371820915,ALP-GRN,IND>OTH>LNP>ON,0.6821633013515707,0.31783669864842934,IND>OTH>ON>GRN,0.7126842402603556,0.28731575973964446,IND>OTH>LNP>GRN,Western Metro,ALP,ALP,GRN,0.5404775670864616,0.45952243291353845,0.04047756708646155,ALP-GRN,IND>OTH>LNP>ON,0.6822719888167457,0.3177280111832544,IND>OTH>ON>GRN,0.7219007061059923,0.27809929389400767,IND>OTH>LNP>GRN,ON24,no_synthetic_priority
Frankston,South-Eastern Metro,ALP,ON,ALP,0.5017144678538691,0.4982855321461309,0.0017144678538690838,ON-ALP,IND>OTH>GRN>LNP,0.501001708498361,0.498998291501639,IND>OTH>GRN>ON,0.4982855321461309,0.5017144678538691,IND>OTH>GRN>LNP,South-Eastern Metro,ALP,ON,ALP,0.5042056782638329,0.4957943217361672,0.0042056782638328905,ON-ALP,IND>OTH>GRN>LNP,0.49749973310988865,0.5025002668901113,IND>OTH>GRN>ON,0.4957943217361672,0.5042056782638329,IND>OTH>GRN>LNP,ON24,no_synthetic_priority
Geelong,Western Victoria,ALP,ON,ALP,0.5283556918395952,0.47164430816040487,0.028355691839595187,ON-ALP,OTH>IND>GRN>LNP,0.49956908095107394,0.5004309190489261,OTH>IND>GRN>ON,0.47164430816040487,0.5283556918395952,OTH>IND>GRN>LNP,Western Victoria,ALP,ON,ALP,0.5312588356329738,0.46874116436702623,0.031258835632973825,ON-ALP,OTH>IND>GRN>LNP,0.49671675128021847,0.5032832487197816,OTH>IND>GRN>ON,0.46874116436702623,0.5312588356329738,OTH>IND>GRN>LNP,ON24,no_synthetic_priority
Gippsland East,Eastern Victoria,LNP,LNP,ON,0.5729431734596214,0.4270568265403785,0.07294317345962142,LNP-ON,IND>ALP>OTH>GRN,0.19019919452689393,0.809800805473106,IND>OTH>GRN>ON,0.21166176779327864,0.7883382322067213,IND>OTH>GRN>LNP,Eastern Victoria,LNP,LNP,ON,0.5729431734596214,0.4270568265403785,0.07294317345962142,LNP-ON,IND>ALP>OTH>GRN,0.18999845320032463,0.8100015467996753,IND>OTH>GRN>ON,0.21138224703731567,0.7886177529626842,IND>OTH>GRN>LNP,ON24,no_synthetic_priority
Gippsland South,Eastern Victoria,LNP,LNP,ON,0.5657881587641963,0.4342118412358037,0.0657881587641963,LNP-ON,OTH>IND>GRN>ALP,0.24780021879420372,0.7521997812057962,OTH>IND>GRN>ON,0.2665115776705798,0.7334884223294202,OTH>IND>GRN>LNP,Eastern Victoria,LNP,LNP,ON,0.5663239914408633,0.4336760085591366,0.06632399144086332,LNP-ON,OTH>IND>GRN>ALP,0.24223215378411345,0.7577678462158866,OTH>IND>GRN>ON,0.26093204536234127,0.7390679546376587,OTH>IND>GRN>LNP,ON24,no_synthetic_priority
Glen Waverley,North-Eastern Metro,ALP,LNP,ALP,0.5465068252870094,0.4534931747129905,0.046506825287009446,LNP-ALP,IND>OTH>GRN>ON,0.4534931747129905,0.5465068252870094,IND>OTH>GRN>ON,0.5875078117851765,0.4124921882148234,IND>OTH>GRN>LNP,North-Eastern Metro,ALP,LNP,ALP,0.5494215351357207,0.45057846486427927,0.04942153513572067,LNP-ALP,IND>OTH>GRN>ON,0.45057846486427927,0.5494215351357207,IND>OTH>GRN>ON,0.5861011459279549,0.4138988540720451,IND>OTH>GRN>LNP,ON24,no_synthetic_priority
Greenvale,Northern Metro,ALP,ALP,ON,0.5482963657786031,0.4517036342213969,0.04829636577860308,ALP-ON,IND>GRN>OTH>LNP,0.5593715699430171,0.4406284300569829,IND>GRN>OTH>ON,0.5482963657786031,0.4517036342213969,IND>GRN>OTH>LNP,Northern Metro,ALP,ALP,ON,0.5464130965349483,0.4535869034650517,0.046413096534948295,ALP-ON,IND>GRN>OTH>LNP,0.5575846344310352,0.44241536556896477,IND>GRN>OTH>ON,0.5464130965349483,0.4535869034650517,IND>GRN>OTH>LNP,ON24,no_synthetic_priority
Hastings,Eastern Victoria,ALP,LNP,ON,0.5459116481284042,0.4540883518715958,0.0459116481284042,LNP-ON,IND>OTH>GRN>ALP,0.397790547307806,0.6022094526921941,IND>OTH>GRN>ON,0.39498367125740474,0.6050163287425953,IND>OTH>GRN>LNP,Eastern Victoria,ALP,LNP,ON,0.545510776560324,0.454489223439676,0.045510776560323984,LNP-ON,IND>OTH>GRN>ALP,0.3942462291907849,0.6057537708092151,IND>OTH>GRN>ON,0.3907493044148626,0.6092506955851373,IND>OTH>GRN>LNP,ON24,no_synthetic_priority
Hawthorn,Southern Metro,LNP,LNP,IND,0.591352865443776,0.40864713455622415,0.09135286544377597,LNP-IND,OTH>ON>ALP>GRN,0.4427766624154903,0.5572233375845098,OTH>ON>GRN>IND,0.6357496452151854,0.36425035478481466,OTH>GRN>IND>LNP,Southern Metro,LNP,LNP,IND,0.5915602568291091,0.40843974317089093,0.09156025682910907,LNP-IND,OTH>ON>ALP>GRN,0.4426350339468108,0.5573649660531893,OTH>ON>GRN>IND,0.6434272467728234,0.3565727532271767,OTH>GRN>IND>LNP,ON24,no_synthetic_priority
Ivanhoe,North-Eastern Metro,ALP,ALP,LNP,0.5499306679447074,0.45006933205529265,0.04993066794470735,ALP-LNP,OTH>IND>ON>GRN,0.5499306679447074,0.45006933205529265,OTH>IND>ON>GRN,0.6137407012322,0.38625929876779996,OTH>IND>GRN>LNP,North-Eastern Metro,ALP,ALP,LNP,0.5499112756220466,0.4500887243779535,0.04991127562204656,ALP-LNP,OTH>IND>ON>GRN,0.5499112756220466,0.4500887243779535,OTH>IND>ON>GRN,0.6128252230727874,0.3871747769272125,OTH>IND>GRN>LNP,ON24,no_synthetic_priority
Kalkallo,Northern Metro,ALP,ALP,ON,0.5356461130619089,0.4643538869380911,0.0356461130619089,ALP-ON,IND>GRN>OTH>LNP,0.5659499024248481,0.4340500975751519,IND>GRN>OTH>ON,0.5356461130619089,0.4643538869380911,IND>GRN>OTH>LNP,Northern Metro,ALP,ALP,ON,0.5325816146624945,0.4674183853375055,0.03258161466249454,ALP-ON,IND>GRN>OTH>LNP,0.5643325656327027,0.43566743436729727,IND>GRN>OTH>ON,0.5325816146624945,0.4674183853375055,IND>GRN>OTH>LNP,ON24,no_synthetic_priority
Kew,Southern Metro,LNP,LNP,IND,0.6145965007620209,0.3854034992379792,0.11459650076202088,LNP-IND,OTH>ON>GRN>ALP,0.40434142291477976,0.5956585770852203,OTH>ON>GRN>IND,0.618009028420649,0.38199097157935097,OTH>GRN>IND>LNP,Southern Metro,LNP,LNP,IND,0.614616951832482,0.38538304816751806,0.114616951832482,LNP-IND,OTH>ON>GRN>ALP,0.40431916676383267,0.5956808332361674,OTH>ON>GRN>IND,0.6253906987503931,0.37460930124960695,OTH>GRN>IND>LNP,ON24,no_synthetic_priority
Kororoit,Western Metro,ALP,ALP,ON,0.538156906083677,0.4618430939163231,0.038156906083676945,ALP-ON,IND>GRN>OTH>LNP,0.5754361625745416,0.4245638374254585,IND>GRN>OTH>ON,0.538156906083677,0.4618430939163231,IND>GRN>OTH>LNP,Western Metro,ALP,ALP,ON,0.5378116422148423,0.4621883577851577,0.037811642214842345,ALP-ON,IND>GRN>OTH>LNP,0.5756709768935242,0.42432902310647574,IND>GRN>OTH>ON,0.5378116422148423,0.4621883577851577,IND>GRN>OTH>LNP,ON24,no_synthetic_priority
Lara,Western Victoria,ALP,ON,ALP,0.545804572424575,0.454195427575425,0.04580457242457503,ON-ALP,IND>OTH>GRN>LNP,0.5164858114957338,0.48351418850426625,IND>OTH>GRN>ON,0.454195427575425,0.545804572424575,IND>OTH>GRN>LNP,Western Victoria,ALP,ON,ALP,0.5512329122960354,0.4487670877039646,0.05123291229603544,ON-ALP,IND>OTH>GRN>LNP,0.5114879669346125,0.48851203306538754,IND>OTH>GRN>ON,0.4487670877039646,0.5512329122960354,IND>OTH>GRN>LNP,ON24,no_synthetic_priority
Laverton,Western Metro,ALP,ALP,ON,0.5660683763770734,0.43393162362292664,0.06606837637707341,ALP-ON,IND>GRN>OTH>LNP,0.5915016262721157,0.4084983737278844,IND>GRN>OTH>ON,0.5660683763770734,0.43393162362292664,IND>GRN>OTH>LNP,Western Metro,ALP,ALP,ON,0.5656967469937698,0.4343032530062301,0.06569674699376982,ALP-ON,IND>GRN>OTH>LNP,0.591472928046768,0.40852707195323196,IND>GRN>OTH>ON,0.5656967469937698,0.4343032530062301,IND>GRN>OTH>LNP,ON24,no_synthetic_priority
Lowan,Western Victoria,LNP,LNP,ON,0.5990782501458363,0.40092174985416373,0.09907825014583627,LNP-ON,IND>OTH>GRN>ALP,0.20060613294649957,0.7993938670535005,IND>OTH>GRN>ON,0.2340227523944768,0.7659772476055232,IND>OTH>GRN>LNP,Western Victoria,LNP,LNP,ON,0.5990935365828465,0.4009064634171536,0.09909353658284648,LNP-ON,IND>OTH>GRN>ALP,0.20051863500014216,0.7994813649998579,IND>OTH>GRN>ON,0.2339442902420771,0.7660557097579229,IND>OTH>GRN>LNP,ON24,no_synthetic_priority
Macedon,Northern Victoria,ALP,ON,ALP,0.5426616656963027,0.45733833430369736,0.0426616656963027,ON-ALP,OTH>IND>GRN>LNP,0.47585265254395154,0.5241473474560485,OTH>IND>GRN>ON,0.45733833430369736,0.5426616656963027,OTH>IND>GRN>LNP,Northern Victoria,ALP,ON,ALP,0.5456384061364214,0.45436159386357855,0.04563840613642145,ON-ALP,OTH>IND>GRN>LNP,0.4733039930216632,0.5266960069783369,OTH>IND>GRN>ON,0.45436159386357855,0.5456384061364214,OTH>IND>GRN>LNP,ON24,no_synthetic_priority
Malvern,Southern Metro,LNP,LNP,GRN,0.6489147693807426,0.3510852306192575,0.14891476938074255,LNP-GRN,IND>OTH>ON>ALP,0.35983913223314756,0.6401608677668524,IND>OTH>ON>GRN,0.5895302866345181,0.41046971336548194,IND>OTH>GRN>LNP,Southern Metro,LNP,LNP,GRN,0.6491235817279375,0.3508764182720625,0.1491235817279375,LNP-GRN,IND>OTH>ON>ALP,0.3594563499122036,0.6405436500877963,IND>OTH>ON>GRN,0.5872482521038642,0.41275174789613583,IND>OTH>GRN>LNP,ON24,no_synthetic_priority
Melbourne,Northern Metro,GRN,GRN,ALP,0.6163114367446877,0.3836885632553123,0.11631143674468769,GRN-ALP,IND>OTH>LNP>ON,0.6993310665489543,0.3006689334510458,IND>OTH>ON>GRN,0.7317794660368868,0.2682205339631132,IND>OTH>LNP>GRN,Northern Metro,GRN,GRN,ALP,0.6213697934524596,0.3786302065475404,0.12136979345245957,GRN-ALP,IND>OTH>LNP>ON,0.6994507920156122,0.30054920798438783,IND>OTH>ON>GRN,0.7411804338795994,0.25881956612040063,IND>OTH>LNP>GRN,ON24,no_synthetic_priority
Melton,Western Victoria,ALP,ON,IND,0.5707823498367148,0.4292176501632852,0.07078234983671483,ON-IND,GRN>OTH>LNP>ALP,0.4248398640811919,0.5751601359188081,GRN>OTH>IND>ON,0.42395239195891293,0.5760476080410871,GRN>OTH>LNP>IND,Western Victoria,ALP,ON,IND,0.5706111851831983,0.4293888148168017,0.07061118518319831,ON-IND,GRN>OTH>LNP>ALP,0.4187581462794663,0.5812418537205337,GRN>OTH>IND>ON,0.42261045258477903,0.577389547415221,GRN>OTH>LNP>IND,ON24,no_synthetic_priority
Mildura,Northern Victoria,LNP,ON,IND,0.5030009327632802,0.4969990672367199,0.003000932763280173,ON-IND,OTH>ALP>GRN>LNP,0.25709949314573005,0.74290050685427,OTH>GRN>ON>IND,0.32738429683928166,0.6726157031607183,OTH>GRN>LNP>IND,Northern Victoria,LNP,ON,IND,0.5029766378733128,0.49702336212668724,0.002976637873312815,ON-IND,OTH>ALP>GRN>LNP,0.25709114220125523,0.7429088577987447,OTH>GRN>ON>IND,0.3273700523879417,0.6726299476120583,OTH>GRN>LNP>IND,ON24,no_synthetic_priority
Mill Park,North-Eastern Metro,ALP,ALP,ON,0.518586402069157,0.4814135979308431,0.01858640206915696,ALP-ON,IND>GRN>OTH>LNP,0.5513272535604896,0.44867274643951033,IND>GRN>OTH>ON,0.518586402069157,0.4814135979308431,IND>GRN>OTH>LNP,North-Eastern Metro,ALP,ALP,ON,0.5163426876266562,0.4836573123733438,0.01634268762665625,ALP-ON,IND>GRN>OTH>LNP,0.5479739493177657,0.4520260506822343,IND>GRN>OTH>ON,0.5163426876266562,0.4836573123733438,IND>GRN>OTH>LNP,ON24,no_synthetic_priority
Monbulk,Eastern Victoria,ALP,LNP,ALP,0.5422400155743389,0.45775998442566107,0.042240015574338874,LNP-ALP,OTH>IND>GRN>ON,0.45775998442566107,0.5422400155743389,OTH>IND>GRN>ON,0.4442549149288987,0.5557450850711013,OTH>IND>GRN>LNP,Eastern Victoria,ALP,LNP,ALP,0.5488339539394075,0.45116604606059246,0.04883395393940748,LNP-ALP,OTH>IND>GRN>ON,0.45116604606059246,0.5488339539394075,OTH>IND>GRN>ON,0.4364639853217026,0.5635360146782974,OTH>IND>GRN>LNP,ON24,no_synthetic_priority
Mordialloc,South-Eastern Metro,ALP,ALP,LNP,0.5063937410639624,0.4936062589360376,0.006393741063962399,ALP-LNP,OTH>IND>GRN>ON,0.5063937410639624,0.4936062589360376,OTH>IND>GRN>ON,0.557619366883635,0.442380633116365,OTH>IND>GRN>LNP,South-Eastern Metro,ALP,ALP,LNP,0.5014885911898996,0.49851140881010036,0.0014885911898996351,ALP-LNP,OTH>IND>GRN>ON,0.5014885911898996,0.49851140881010036,OTH>IND>GRN>ON,0.5552506392382623,0.4447493607617377,OTH>IND>GRN>LNP,ON24,no_synthetic_priority
Mornington,Eastern Victoria,LNP,LNP,IND,0.6316813514787201,0.3683186485212799,0.13168135147872007,LNP-IND,OTH>GRN>ALP>ON,0.30911631242481513,0.6908836875751848,OTH>GRN>ON>IND,0.3451669895733801,0.6548330104266199,OTH>GRN>IND>LNP,Eastern Victoria,LNP,LNP,IND,0.6243414829305001,0.3756585170695,0.12434148293050007,LNP-IND,OTH>GRN>ALP>ON,0.307582167074125,0.692417832925875,OTH>GRN>ON>IND,0.34271342244801817,0.6572865775519818,OTH>GRN>IND>LNP,ON24,no_synthetic_priority
Morwell,Eastern Victoria,LNP,ON,LNP,0.540557398448546,0.45944260155145406,0.040557398448546,ON-LNP,GRN>OTH>IND>ALP,0.35616109519281686,0.6438389048071832,GRN>OTH>IND>ON,0.3205196555993853,0.6794803444006147,GRN>OTH>IND>LNP,Eastern Victoria,LNP,ON,LNP,0.5406026504814045,0.4593973495185954,0.040602650481404545,ON-LNP,GRN>OTH>IND>ALP,0.3549077462596592,0.6450922537403408,GRN>OTH>IND>ON,0.3192574990809151,0.680742500919085,GRN>OTH>IND>LNP,ON24,no_synthetic_priority
Mulgrave,South-Eastern Metro,ALP,ALP,ON,0.6679036933957697,0.3320963066042304,0.16790369339576972,ALP-ON,OTH>GRN>LNP>IND,0.6035768046447567,0.39642319535524334,OTH>GRN>IND>ON,0.6679036933957697,0.3320963066042304,OTH>GRN>LNP>IND,South-Eastern Metro,ALP,ALP,ON,0.6734225507982211,0.326577449201779,0.1734225507982211,ALP-ON,OTH>GRN>LNP>IND,0.6014461813131885,0.39855381868681156,OTH>GRN>IND>ON,0.6734225507982211,0.326577449201779,OTH>GRN>LNP>IND,ON24,no_synthetic_priority
Murray Plains,Northern Victoria,LNP,LNP,ON,0.5738628623789012,0.4261371376210988,0.07386286237890116,LNP-ON,IND>GRN>ALP>OTH,0.17915537992264682,0.8208446200773531,IND>GRN>OTH>ON,0.19811329443701547,0.8018867055629845,IND>GRN>OTH>LNP,Northern Victoria,LNP,LNP,ON,0.5744706904625705,0.42552930953742946,0.07447069046257049,LNP-ON,IND>GRN>ALP>OTH,0.17515393527980908,0.8248460647201908,IND>GRN>OTH>ON,0.19321340353433883,0.8067865964656611,IND>GRN>OTH>LNP,ON24,no_synthetic_priority
Narracan,Eastern Victoria,LNP,LNP,ON,0.5823587273205935,0.41764127267940654,0.08235872732059346,LNP-ON,OTH>IND>GRN>ALP,0.3516672662471812,0.6483327337528189,OTH>IND>GRN>ON,0.36775705819076143,0.6322429418092386,OTH>IND>GRN>LNP,Eastern Victoria,LNP,LNP,ON,0.5823587273205935,0.41764127267940654,0.08235872732059346,LNP-ON,OTH>IND>GRN>ALP,0.3516672662471812,0.6483327337528189,OTH>IND>GRN>ON,0.36775705819076143,0.6322429418092386,OTH>IND>GRN>LNP,ON24,no_synthetic_priority
Narre Warren North,South-Eastern Metro,ALP,ON,ALP,0.5126771460988856,0.48732285390111446,0.012677146098885594,ON-ALP,IND>GRN>OTH>LNP,0.5110151002762952,0.48898489972370496,IND>GRN>OTH>ON,0.48732285390111446,0.5126771460988856,IND>GRN>OTH>LNP,South-Eastern Metro,ALP,ON,ALP,0.5149506804810492,0.48504931951895086,0.014950680481049194,ON-ALP,IND>GRN>OTH>LNP,0.5077721711095448,0.4922278288904553,IND>GRN>OTH>ON,0.48504931951895086,0.5149506804810492,IND>GRN>OTH>LNP,ON24,no_synthetic_priority
Narre Warren South,South-Eastern Metro,ALP,ON,ALP,0.5043830778190552,0.4956169221809449,0.0043830778190552255,ON-ALP,IND>GRN>OTH>LNP,0.5106591444682035,0.48934085553179657,IND>GRN>OTH>ON,0.4956169221809449,0.5043830778190552,IND>GRN>OTH>LNP,South-Eastern Metro,ALP,ON,ALP,0.506507880272015,0.4934921197279851,0.0065078802720149875,ON-ALP,IND>GRN>OTH>LNP,0.5077132927035861,0.492286707296414,IND>GRN>OTH>ON,0.4934921197279851,0.506507880272015,IND>GRN>OTH>LNP,ON24,no_synthetic_priority
Nepean,Eastern Victoria,LNP,LNP,ON,0.6236775265375095,0.3763224734624905,0.12367752653750952,LNP-ON,OTH>IND>GRN>ALP,0.33684306120161517,0.6631569387983849,OTH>IND>GRN>ON,0.3774910106478105,0.6225089893521896,OTH>IND>GRN>LNP,Eastern Victoria,LNP,LNP,ON,0.6242996571556744,0.37570034284432563,0.12429965715567437,LNP-ON,OTH>IND>GRN>ALP,0.333565667126081,0.6664343328739191,OTH>IND>GRN>ON,0.3743697197240742,0.6256302802759258,OTH>IND>GRN>LNP,ON24,no_synthetic_priority
Niddrie,Western Metro,ALP,ALP,ON,0.5034605881426952,0.4965394118573048,0.003460588142695231,ALP-ON,IND>OTH>GRN>LNP,0.47520731362808255,0.5247926863719174,IND>OTH>GRN>ON,0.5034605881426952,0.4965394118573048,IND>OTH>GRN>LNP,Western Metro,ALP,ALP,ON,0.5018119229118693,0.4981880770881308,0.0018119229118692681,ALP-ON,IND>OTH>GRN>LNP,0.4717180514181985,0.5282819485818016,IND>OTH>GRN>ON,0.5018119229118693,0.4981880770881308,IND>OTH>GRN>LNP,ON24,no_synthetic_priority
Northcote,Northern Metro,ALP,GRN,ALP,0.5288543683485064,0.47114563165149365,0.02885436834850641,GRN-ALP,IND>LNP>OTH>ON,0.7363460946181596,0.26365390538184047,IND>OTH>ON>GRN,0.7047250846356424,0.2952749153643577,IND>LNP>OTH>GRN,Northern Metro,ALP,GRN,ALP,0.5292068590326576,0.47079314096734237,0.02920685903265763,GRN-ALP,IND>LNP>OTH>ON,0.7363527539135915,0.26364724608640866,IND>OTH>ON>GRN,0.7051866790342712,0.29481332096572876,IND>LNP>OTH>GRN,ON24,no_synthetic_priority
Oakleigh,Southern Metro,ALP,ALP,LNP,0.5515594274693059,0.44844057253069425,0.05155942746930586,ALP-LNP,OTH>IND>GRN>ON,0.5515594274693059,0.44844057253069425,OTH>IND>GRN>ON,0.5937650384507629,0.4062349615492372,OTH>IND>GRN>LNP,Southern Metro,ALP,ALP,LNP,0.5480915187951414,0.4519084812048587,0.0480915187951414,ALP-LNP,OTH>IND>GRN>ON,0.5480915187951414,0.4519084812048587,OTH>IND>GRN>ON,0.5923824470702986,0.4076175529297013,OTH>IND>GRN>LNP,ON24,no_synthetic_priority
Ovens Valley,Northern Victoria,LNP,LNP,ON,0.5719601313072502,0.4280398686927499,0.07196013130725021,LNP-ON,IND>ALP>GRN>OTH,0.25429453697805166,0.7457054630219484,IND>GRN>OTH>ON,0.25681936470712885,0.7431806352928713,IND>GRN>OTH>LNP,Northern Victoria,LNP,LNP,ON,0.5719601313072502,0.4280398686927499,0.07196013130725021,LNP-ON,IND>ALP>GRN>OTH,0.2540050846501843,0.7459949153498158,IND>GRN>OTH>ON,0.25654864356521395,0.7434513564347861,IND>GRN>OTH>LNP,ON24,no_synthetic_priority
Pakenham,Eastern Victoria,ALP,LNP,ON,0.5029773859078878,0.4970226140921122,0.002977385907887764,LNP-ON,IND>GRN>OTH>ALP,0.3909088882213378,0.6090911117786623,IND>GRN>OTH>ON,0.36132971249407425,0.6386702875059258,IND>GRN>OTH>LNP,Eastern Victoria,ALP,LNP,ON,0.5029610058021956,0.49703899419780434,0.0029610058021956043,LNP-ON,IND>GRN>OTH>ALP,0.390884265355723,0.6091157346442769,IND>GRN>OTH>ON,0.36129279735158054,0.6387072026484195,IND>GRN>OTH>LNP,ON24,no_synthetic_priority
Pascoe Vale,Northern Metro,ALP,ALP,ON,0.6434611498480866,0.35653885015191344,0.14346114984808656,ALP-ON,OTH>IND>LNP>GRN,0.6176942766428212,0.38230572335717883,OTH>IND>ON>GRN,0.6434611498480866,0.35653885015191344,OTH>IND>LNP>GRN,Northern Metro,ALP,ALP,GRN,0.5264700128995132,0.4735299871004869,0.02647001289951323,ALP-GRN,OTH>IND>LNP>ON,0.6176682379119274,0.38233176208807257,OTH>IND>ON>GRN,0.6488970797375753,0.3511029202624248,OTH>IND>LNP>GRN,ON24,no_synthetic_priority
Point Cook,Western Metro,ALP,ON,ALP,0.5119311942728179,0.48806880572718225,0.011931194272817858,ON-ALP,GRN>OTH>IND>LNP,0.5217053822754013,0.47829461772459875,GRN>OTH>IND>ON,0.48806880572718225,0.5119311942728179,GRN>OTH>IND>LNP,Western Metro,ALP,ON,ALP,0.5122275977242526,0.4877724022757473,0.012227597724252637,ON-ALP,GRN>OTH>IND>LNP,0.5212129847757251,0.478787015224275,GRN>OTH>IND>ON,0.4877724022757473,0.5122275977242526,GRN>OTH>IND>LNP,ON24,no_synthetic_priority
Polwarth,Western Victoria,LNP,LNP,ALP,0.6254581600442163,0.3745418399557837,0.12545816004421628,LNP-ALP,IND>OTH>GRN>ON,0.3745418399557837,0.6254581600442163,IND>OTH>GRN>ON,0.3980673793565574,0.6019326206434426,IND>OTH>GRN>LNP,Western Victoria,LNP,LNP,ALP,0.6290891638865279,0.37091083611347203,0.1290891638865279,LNP-ALP,IND>OTH>GRN>ON,0.37091083611347203,0.6290891638865279,IND>OTH>GRN>ON,0.3940185640382262,0.6059814359617738,IND>OTH>GRN>LNP,ON24,no_synthetic_priority
Prahran,Southern Metro,Greens,GRN,LNP,0.5606346066422506,0.4393653933577494,0.06063460664225062,GRN-LNP,IND>OTH>ALP>ON,0.5684503257756282,0.43154967422437185,IND>OTH>ON>GRN,0.6713962172226123,0.3286037827773876,IND>OTH>LNP>GRN,Southern Metro,Greens,GRN,LNP,0.5624618566635233,0.4375381433364767,0.06246185666352333,GRN-LNP,IND>OTH>ALP>ON,0.5680707544368905,0.4319292455631096,IND>OTH>ON>GRN,0.6715815878398349,0.32841841216016504,IND>OTH>LNP>GRN,ON24,no_synthetic_priority
Preston,Northern Metro,ALP,ALP,ON,0.5931252259433346,0.4068747740566654,0.09312522594333461,ALP-ON,OTH>LNP>IND>GRN,0.5974471371214103,0.4025528628785897,OTH>IND>GRN>ON,0.5931252259433346,0.4068747740566654,OTH>LNP>IND>GRN,Northern Metro,ALP,ALP,ON,0.5937966404352366,0.4062033595647634,0.09379664043523661,ALP-ON,OTH>LNP>IND>GRN,0.598080542209797,0.40191945779020294,OTH>IND>GRN>ON,0.5937966404352366,0.4062033595647634,OTH>LNP>IND>GRN,ON24,no_synthetic_priority
Richmond,Northern Metro,GRN,GRN,ALP,0.5793954362065902,0.42060456379340994,0.07939543620659018,GRN-ALP,IND>OTH>LNP>ON,0.734325516753359,0.26567448324664106,IND>OTH>ON>GRN,0.7481660669940718,0.25183393300592816,IND>OTH>LNP>GRN,Northern Metro,GRN,GRN,ALP,0.5826321518768207,0.41736784812317923,0.08263215187682071,GRN-ALP,IND>OTH>LNP>ON,0.7346075694633667,0.2653924305366334,IND>OTH>ON>GRN,0.7548487003168252,0.24515129968317476,IND>OTH>LNP>GRN,ON24,no_synthetic_priority
Ringwood,North-Eastern Metro,LNP,LNP,ALP,0.50906055601878,0.49093944398121997,0.009060556018779975,LNP-ALP,IND>OTH>GRN>ON,0.49093944398121997,0.50906055601878,IND>OTH>GRN>ON,0.5620708729843925,0.43792912701560743,IND>OTH>GRN>LNP,North-Eastern Metro,LNP,LNP,ALP,0.5135016860744245,0.48649831392557547,0.01350168607442448,LNP-ALP,IND>OTH>GRN>ON,0.48649831392557547,0.5135016860744245,IND>OTH>GRN>ON,0.559407521391002,0.440592478608998,IND>OTH>GRN>LNP,ON24,no_synthetic_priority
Ripon,Western Victoria,ALP,ON,ALP,0.6227588456426284,0.37724115435737154,0.1227588456426284,ON-ALP,IND>GRN>OTH>LNP,0.4119256653710448,0.5880743346289552,IND>GRN>OTH>ON,0.37724115435737154,0.6227588456426284,IND>GRN>OTH>LNP,Western Victoria,ALP,ON,ALP,0.625727928924343,0.37427207107565696,0.12572792892434304,ON-ALP,IND>GRN>OTH>LNP,0.41101030602661276,0.5889896939733873,IND>GRN>OTH>ON,0.37427207107565696,0.625727928924343,IND>GRN>OTH>LNP,ON24,no_synthetic_priority
Rowville,South-Eastern Metro,LNP,LNP,ALP,0.6081530369091662,0.39184696309083383,0.10815303690916622,LNP-ALP,OTH>GRN>IND>ON,0.39184696309083383,0.6081530369091662,OTH>GRN>IND>ON,0.48640657893742006,0.51359342106258,OTH>GRN>IND>LNP,South-Eastern Metro,LNP,LNP,ALP,0.6116895611132376,0.3883104388867624,0.11168956111323758,LNP-ALP,OTH>GRN>IND>ON,0.3883104388867624,0.6116895611132376,OTH>GRN>IND>ON,0.48521470995759525,0.5147852900424048,OTH>GRN>IND>LNP,ON24,no_synthetic_priority
Sandringham,Southern Metro,LNP,LNP,ALP,0.6244476955166937,0.3755523044833063,0.12444769551669366,LNP-ALP,OTH>IND>GRN>ON,0.3755523044833063,0.6244476955166937,OTH>IND>GRN>ON,0.5150045855119006,0.48499541448809935,OTH>IND>GRN>LNP,Southern Metro,LNP,LNP,ALP,0.6288623736588749,0.37113762634112524,0.12886237365887487,LNP-ALP,OTH>IND>GRN>ON,0.37113762634112524,0.6288623736588749,OTH>IND>GRN>ON,0.5127609282474428,0.48723907175255715,OTH>IND>GRN>LNP,ON24,no_synthetic_priority
Shepparton,Northern Victoria,LNP,LNP,IND,0.5995570402152822,0.4004429597847178,0.09955704021528222,LNP-IND,ALP>OTH>GRN>ON,0.24190018087669501,0.758099819123305,OTH>GRN>ON>IND,0.4008155688819507,0.5991844311180493,OTH>GRN>LNP>IND,Northern Victoria,LNP,LNP,IND,0.5995433335731521,0.40045666642684785,0.09954333357315215,LNP-IND,ALP>OTH>GRN>ON,0.24190018087669501,0.758099819123305,OTH>GRN>ON>IND,0.4008155688819507,0.5991844311180493,OTH>GRN>LNP>IND,ON24,no_synthetic_priority
South Barwon,Western Victoria,ALP,LNP,ALP,0.5353753233530256,0.4646246766469745,0.03537532335302562,LNP-ALP,IND>OTH>GRN>ON,0.4646246766469745,0.5353753233530256,IND>OTH>GRN>ON,0.488130699407663,0.511869300592337,IND>OTH>GRN>LNP,Western Victoria,ALP,LNP,ALP,0.5389896894425115,0.4610103105574885,0.038989689442511466,LNP-ALP,IND>OTH>GRN>ON,0.4610103105574885,0.5389896894425115,IND>OTH>GRN>ON,0.48439222477832017,0.5156077752216798,IND>OTH>GRN>LNP,ON24,no_synthetic_priority
South-West Coast,Western Victoria,LNP,LNP,IND,0.5899285778776409,0.41007142212235914,0.08992857787764086,LNP-IND,OTH>GRN>ALP>ON,0.3237669132899081,0.676233086710092,OTH>GRN>ON>IND,0.32897134245082627,0.6710286575491737,OTH>GRN>IND>LNP,Western Victoria,LNP,LNP,IND,0.5892111021949227,0.4107888978050773,0.08921110219492268,LNP-IND,OTH>GRN>ALP>ON,0.3223668858421794,0.6776331141578207,OTH>GRN>ON>IND,0.32913737790603037,0.6708626220939697,OTH>GRN>IND>LNP,ON24,no_synthetic_priority
St Albans,Western Metro,ALP,ALP,ON,0.5365462989905918,0.4634537010094082,0.03654629899059181,ALP-ON,IND>GRN>OTH>LNP,0.5430526012352823,0.4569473987647176,IND>GRN>OTH>ON,0.5365462989905918,0.4634537010094082,IND>GRN>OTH>LNP,Western Metro,ALP,ALP,ON,0.5358674499215137,0.4641325500784863,0.035867449921513694,ALP-ON,IND>GRN>OTH>LNP,0.5422454711794488,0.4577545288205513,IND>GRN>OTH>ON,0.5358674499215137,0.4641325500784863,IND>GRN>OTH>LNP,ON24,no_synthetic_priority
Sunbury,Western Metro,ALP,ON,ALP,0.5764365817115467,0.4235634182884534,0.07643658171154666,ON-ALP,IND>OTH>GRN>LNP,0.4482745965889108,0.5517254034110892,IND>OTH>GRN>ON,0.4235634182884534,0.5764365817115467,IND>OTH>GRN>LNP,Western Metro,ALP,ON,ALP,0.5810284825128295,0.4189715174871706,0.08102848251282946,ON-ALP,IND>OTH>GRN>LNP,0.4441541741031003,0.5558458258968997,IND>OTH>GRN>ON,0.4189715174871706,0.5810284825128295,IND>OTH>GRN>LNP,ON24,no_synthetic_priority
Sydenham,Western Metro,ALP,ON,ALP,0.5079473352750918,0.4920526647249081,0.007947335275091838,ON-ALP,IND>GRN>OTH>LNP,0.5098050988065554,0.4901949011934445,IND>GRN>OTH>ON,0.4920526647249081,0.5079473352750918,IND>GRN>OTH>LNP,Western Metro,ALP,ON,ALP,0.509271588245131,0.49072841175486903,0.009271588245130968,ON-ALP,IND>GRN>OTH>LNP,0.5078619084337912,0.49213809156620875,IND>GRN>OTH>ON,0.49072841175486903,0.509271588245131,IND>GRN>OTH>LNP,ON24,no_synthetic_priority
Tarneit,Western Metro,ALP,ALP,ON,0.5311261818003362,0.4688738181996639,0.031126181800336217,ALP-ON,IND>GRN>OTH>LNP,0.5519203548338483,0.44807964516615184,IND>GRN>OTH>ON,0.5311261818003362,0.4688738181996639,IND>GRN>OTH>LNP,Western Metro,ALP,ALP,ON,0.5306785013868721,0.46932149861312794,0.030678501386872115,ALP-ON,IND>GRN>OTH>LNP,0.5518438245040285,0.44815617549597164,IND>GRN>OTH>ON,0.5306785013868721,0.46932149861312794,IND>GRN>OTH>LNP,ON24,no_synthetic_priority
Thomastown,Northern Metro,ALP,ALP,ON,0.5532182801787936,0.44678171982120646,0.0532182801787936,ALP-ON,IND>GRN>OTH>LNP,0.5929618313785741,0.40703816862142606,IND>GRN>OTH>ON,0.5532182801787936,0.44678171982120646,IND>GRN>OTH>LNP,Northern Metro,ALP,ALP,ON,0.5524777270042404,0.44752227299575975,0.05247772700424036,ALP-ON,IND>GRN>OTH>LNP,0.5924594940657848,0.40754050593421526,IND>GRN>OTH>ON,0.5524777270042404,0.44752227299575975,IND>GRN>OTH>LNP,ON24,no_synthetic_priority
Warrandyte,North-Eastern Metro,LNP,LNP,ALP,0.6279684002496981,0.3720315997503018,0.12796840024969813,LNP-ALP,IND>OTH>GRN>ON,0.3720315997503018,0.6279684002496981,IND>OTH>GRN>ON,0.4952670162189778,0.5047329837810223,IND>OTH>GRN>LNP,North-Eastern Metro,LNP,LNP,ALP,0.6317147686497444,0.36828523135025554,0.1317147686497444,LNP-ALP,IND>OTH>GRN>ON,0.36828523135025554,0.6317147686497444,IND>OTH>GRN>ON,0.49301655440190856,0.5069834455980915,IND>OTH>GRN>LNP,ON24,no_synthetic_priority
Wendouree,Western Victoria,ALP,ON,ALP,0.5118880868455584,0.48811191315444163,0.011888086845558421,ON-ALP,IND>OTH>GRN>LNP,0.4863353395445043,0.5136646604554957,IND>OTH>GRN>ON,0.48811191315444163,0.5118880868455584,IND>OTH>GRN>LNP,Western Victoria,ALP,ON,ALP,0.515288351253158,0.4847116487468421,0.015288351253157972,ON-ALP,IND>OTH>GRN>LNP,0.4830792389838601,0.5169207610161399,IND>OTH>GRN>ON,0.4847116487468421,0.515288351253158,IND>OTH>GRN>LNP,ON24,no_synthetic_priority
Werribee,Western Metro,ALP,ON,ALP,0.5579461547063421,0.4420538452936579,0.05794615470634212,ON-ALP,GRN>OTH>IND>LNP,0.49336207168054913,0.5066379283194509,GRN>OTH>IND>ON,0.4420538452936579,0.5579461547063421,GRN>OTH>IND>LNP,Western Metro,ALP,ON,ALP,0.558197977536066,0.44180202246393396,0.05819797753606604,ON-ALP,GRN>OTH>IND>LNP,0.49307970387702416,0.5069202961229758,GRN>OTH>IND>ON,0.44180202246393396,0.558197977536066,GRN>OTH>IND>LNP,ON24,no_synthetic_priority
Williamstown,Western Metro,ALP,ALP,ON,0.5990509781607793,0.40094902183922076,0.09905097816077935,ALP-ON,IND>OTH>GRN>LNP,0.576322515646921,0.42367748435307906,IND>OTH>GRN>ON,0.5990509781607793,0.40094902183922076,IND>OTH>GRN>LNP,Western Metro,ALP,ALP,ON,0.5979362513538116,0.4020637486461885,0.09793625135381157,ALP-ON,IND>OTH>GRN>LNP,0.5731453545797661,0.42685464542023394,IND>OTH>GRN>ON,0.5979362513538116,0.4020637486461885,IND>OTH>GRN>LNP,ON24,no_synthetic_priority
Yan Yean,Northern Victoria,ALP,ON,ALP,0.554983494584216,0.4450165054157841,0.05498349458421603,ON-ALP,IND>GRN>OTH>LNP,0.4661221072867729,0.5338778927132272,IND>GRN>OTH>ON,0.4450165054157841,0.554983494584216,IND>GRN>OTH>LNP,Northern Victoria,ALP,ON,ALP,0.5580510246288717,0.44194897537112826,0.058051024628871684,ON-ALP,IND>GRN>OTH>LNP,0.4642047550871271,0.535795244912873,IND>GRN>OTH>ON,0.44194897537112826,0.5580510246288717,IND>GRN>OTH>LNP,ON24,no_synthetic_priority
Albert Park,Southern Metro,ALP,ALP,LNP,0.5286674590637847,0.47133254093621535,0.02866745906378465,ALP-LNP,OTH>IND>ON>GRN,0.5286674590637847,0.47133254093621535,OTH>IND>ON>GRN,0.6208572179882427,0.3791427820117574,OTH>IND>GRN>LNP,Southern Metro,ALP,ALP,LNP,0.5622546699914455,0.43774533000855453,0.062254669991445466,ALP-LNP,OTH>IND>ON>GRN,0.5622546699914455,0.43774533000855453,OTH>IND>ON>GRN,0.6413428938975128,0.35865710610248724,OTH>IND>GRN>LNP,ON24,simplified
Ashwood,Southern Metro,ALP,LNP,ALP,0.5277329310263889,0.47226706897361115,0.027732931026388852,LNP-ALP,OTH>IND>ON>GRN,0.47226706897361115,0.5277329310263889,OTH>IND>ON>GRN,0.6072278197761692,0.3927721802238307,OTH>IND>GRN>LNP,Southern Metro,ALP,LNP,ALP,0.5186496393127032,0.48135036068729675,0.018649639312703248,LNP-ALP,OTH>IND>ON>GRN,0.48135036068729675,0.5186496393127032,OTH>IND>ON>GRN,0.6025943212612176,0.3974056787387824,OTH>IND>GRN>LNP,ON24,simplified
Bass,Eastern Victoria,ALP,LNP,ON,0.5455798257102712,0.45442017428972886,0.04557982571027119,LNP-ON,OTH>IND>GRN>ALP,0.3818050868797835,0.6181949131202166,OTH>IND>GRN>ON,0.36680985093300955,0.6331901490669904,OTH>IND>GRN>LNP,Eastern Victoria,ALP,LNP,ON,0.5402251139900116,0.45977488600998834,0.04022511399001161,LNP-ON,OTH>IND>GRN>ALP,0.3601947025248527,0.6398052974751474,OTH>IND>GRN>ON,0.3547482054753756,0.6452517945246243,OTH>IND>GRN>LNP,ON24,simplified
Bayswater,North-Eastern Metro,ALP,LNP,ALP,0.5726369823015333,0.4273630176984667,0.07263698230153326,LNP-ALP,IND>OTH>GRN>ON,0.4273630176984667,0.5726369823015333,IND>OTH>GRN>ON,0.5011923884670925,0.4988076115329075,IND>OTH>GRN>LNP,North-Eastern Metro,ALP,LNP,ALP,0.5648875474309896,0.4351124525690104,0.06488754743098957,LNP-ALP,IND>OTH>GRN>ON,0.4351124525690104,0.5648875474309896,IND>OTH>GRN>ON,0.49697085634391636,0.5030291436560836,IND>OTH>GRN>LNP,ON24,simplified
Bellarine,Western Victoria,ALP,LNP,ALP,0.5022619634873077,0.49773803651269244,0.002261963487307672,LNP-ALP,OTH>IND>GRN>ON,0.49773803651269244,0.5022619634873077,OTH>IND>GRN>ON,0.5156431102366457,0.48435688976335445,OTH>IND>GRN>LNP,Western Victoria,ALP,LNP,ALP,0.5140542637702862,0.4859457362297138,0.01405426377028618,LNP-ALP,OTH>IND>GRN>ON,0.4859457362297138,0.5140542637702862,OTH>IND>GRN>ON,0.5011464894933254,0.4988535105066747,OTH>IND>GRN>LNP,ON24,simplified
Benambra,Northern Victoria,LNP,LNP,IND,0.5847258190481169,0.41527418095188307,0.08472581904811693,LNP-IND,ALP>OTH>GRN>ON,0.2764821992665046,0.7235178007334954,OTH>GRN>ON>IND,0.34606144344324413,0.6539385565567559,OTH>GRN>LNP>IND,Northern Victoria,LNP,LNP,IND,0.5842014821869774,0.4157985178130226,0.08420148218697743,LNP-IND,ALP>OTH>GRN>ON,0.24373037493653182,0.7562696250634682,OTH>GRN>ON>IND,0.31763741831634584,0.6823625816836542,OTH>GRN>LNP>IND,ON24,simplified
Bendigo East,Northern Victoria,ALP,ALP,LNP,0.5095220639663565,0.4904779360336435,0.009522063966356464,ALP-LNP,OTH>IND>GRN>ON,0.5095220639663565,0.4904779360336435,OTH>IND>GRN>ON,0.5332891781446639,0.4667108218553361,OTH>IND>GRN>LNP,Northern Victoria,ALP,LNP,ALP,0.5012482695647006,0.49875173043529947,0.0012482695647005881,LNP-ALP,OTH>IND>GRN>ON,0.49875173043529947,0.5012482695647006,OTH>IND>GRN>ON,0.5224561417735831,0.4775438582264168,OTH>IND>GRN>LNP,ON24,simplified
Bendigo West,Northern Victoria,ALP,ALP,ON,0.5428332730393169,0.45716672696068317,0.042833273039316944,ALP-ON,IND>OTH>GRN>LNP,0.5487140067172747,0.45128599328272545,IND>OTH>GRN>ON,0.5428332730393169,0.45716672696068317,IND>OTH>GRN>LNP,Northern Victoria,ALP,ALP,ON,0.527594521357731,0.4724054786422691,0.027594521357730994,ALP-ON,IND>OTH>GRN>LNP,0.5363036504836564,0.46369634951634375,IND>OTH>GRN>ON,0.527594521357731,0.4724054786422691,IND>OTH>GRN>LNP,ON24,simplified
Bentleigh,Southern Metro,ALP,LNP,ALP,0.5043243795894019,0.49567562041059815,0.0043243795894019055,LNP-ALP,OTH>IND>GRN>ON,0.49567562041059815,0.5043243795894019,OTH>IND>GRN>ON,0.590520026682638,0.4094799733173619,OTH>IND>GRN>LNP,Southern Metro,ALP,ALP,LNP,0.5030407164756805,0.4969592835243195,0.003040716475680494,ALP-LNP,OTH>IND>GRN>ON,0.5030407164756805,0.4969592835243195,OTH>IND>GRN>ON,0.5867813513303483,0.41321864866965174,OTH>IND>GRN>LNP,ON24,simplified
Berwick,South-Eastern Metro,LNP,LNP,ON,0.6019449196847565,0.39805508031524345,0.1019449196847565,LNP-ON,IND>OTH>GRN>ALP,0.36093245260657647,0.6390675473934235,IND>OTH>GRN>ON,0.3903323456118674,0.6096676543881326,IND>OTH>GRN>LNP,South-Eastern Metro,LNP,LNP,ON,0.6002620533967314,0.3997379466032685,0.10026205339673144,LNP-ON,IND>OTH>GRN>ALP,0.3473112617553033,0.6526887382446966,IND>OTH>GRN>ON,0.3801127847080001,0.619887215292,IND>OTH>GRN>LNP,ON24,simplified
Box Hill,North-Eastern Metro,ALP,LNP,ALP,0.5140268914460903,0.4859731085539097,0.014026891446090262,LNP-ALP,IND>OTH>ON>GRN,0.4859731085539097,0.5140268914460903,IND>OTH>ON>GRN,0.6165299758216314,0.38347002417836856,IND>OTH>GRN>LNP,North-Eastern Metro,ALP,LNP,ALP,0.505103398781634,0.494896601218366,0.0051033987816340165,LNP-ALP,IND>OTH>ON>GRN,0.494896601218366,0.505103398781634,IND>OTH>ON>GRN,0.610978180357462,0.38902181964253807,IND>OTH>GRN>LNP,ON24,simplified
Brighton,Southern Metro,LNP,LNP,GRN,0.6367432819150485,0.3632567180849516,0.13674328191504848,LNP-GRN,OTH>IND>ON>ALP,0.3652731928953101,0.63472680710469,OTH>IND>ON>GRN,0.5616969375808826,0.43830306241911743,OTH>IND>GRN>LNP,Southern Metro,LNP,LNP,GRN,0.5985073913140834,0.40149260868591663,0.09850739131408337,LNP-GRN,OTH>IND>ON>ALP,0.3999124093688101,0.6000875906311899,OTH>IND>ON>GRN,0.5843655874493275,0.41563441255067246,OTH>IND>GRN>LNP,ON24,simplified
Broadmeadows,Northern Metro,ALP,ALP,ON,0.5511835244530111,0.44881647554698895,0.05118352445301111,ALP-ON,IND>GRN>OTH>LNP,0.5709366681616049,0.4290633318383952,IND>GRN>OTH>ON,0.5511835244530111,0.44881647554698895,IND>GRN>OTH>LNP,Northern Metro,ALP,ALP,ON,0.5429940718667641,0.45700592813323604,0.04299407186676407,ALP-ON,IND>GRN>OTH>LNP,0.5897772956602597,0.41022270433974034,IND>GRN>OTH>ON,0.5429940718667641,0.45700592813323604,IND>GRN>OTH>LNP,ON24,simplified
Brunswick,Northern Metro,GRN,GRN,ALP,0.645664926743187,0.35433507325681307,0.14566492674318698,GRN-ALP,IND>LNP>OTH>ON,0.7176883959827813,0.28231160401721866,IND>OTH>ON>GRN,0.7280247576718344,0.2719752423281656,IND>LNP>OTH>GRN,Northern Metro,GRN,GRN,ALP,0.6474714586258143,0.3525285413741856,0.14747145862581434,GRN-ALP,IND>LNP>OTH>ON,0.7731344289491149,0.2268655710508851,IND>OTH>ON>GRN,0.748012591954114,0.251987408045886,IND>LNP>OTH>GRN,ON24,simplified
Bulleen,North-Eastern Metro,LNP,LNP,ALP,0.6407926944591185,0.3592073055408816,0.14079269445911846,LNP-ALP,OTH>IND>GRN>ON,0.3592073055408816,0.6407926944591185,OTH>IND>GRN>ON,0.5413750268370516,0.4586249731629485,OTH>IND>GRN>LNP,North-Eastern Metro,LNP,LNP,ALP,0.6375724716971124,0.3624275283028877,0.1375724716971124,LNP-ALP,OTH>IND>GRN>ON,0.3624275283028877,0.6375724716971124,OTH>IND>GRN>ON,0.5365446676598853,0.4634553323401147,OTH>IND>GRN>LNP,ON24,simplified
Bundoora,North-Eastern Metro,ALP,ALP,LNP,0.5508951740038888,0.44910482599611135,0.050895174003888766,ALP-LNP,IND>OTH>GRN>ON,0.5508951740038888,0.44910482599611135,IND>OTH>GRN>ON,0.6163988761428809,0.38360112385711903,IND>OTH>GRN>LNP,North-Eastern Metro,ALP,ALP,LNP,0.5563696888483032,0.4436303111516969,0.05636968884830318,ALP-LNP,IND>OTH>GRN>ON,0.5563696888483032,0.4436303111516969,IND>OTH>GRN>ON,0.6112709715504889,0.3887290284495111,IND>OTH>GRN>LNP,ON24,simplified
Carrum,South-Eastern Metro,ALP,ON,ALP,0.5257208420893155,0.4742791579106846,0.025720842089315465,ON-ALP,IND>OTH>GRN>LNP,0.4889092319250899,0.5110907680749102,IND>OTH>GRN>ON,0.4742791579106846,0.5257208420893155,IND>OTH>GRN>LNP,South-Eastern Metro,ALP,ON,ALP,0.537787548817946,0.46221245118205406,0.03778754881794599,ON-ALP,IND>OTH>GRN>LNP,0.4751643321751537,0.5248356678248464,IND>OTH>GRN>ON,0.46221245118205406,0.537787548817946,IND>OTH>GRN>LNP,ON24,simplified
Caulfield,Southern Metro,LNP,LNP,ALP,0.6095928656284492,0.3904071343715508,0.10959286562844917,LNP-ALP,OTH>IND>ON>GRN,0.3904071343715508,0.6095928656284492,OTH>IND>ON>GRN,0.5772775808549495,0.42272241914505043,OTH>IND>GRN>LNP,Southern Metro,LNP,LNP,GRN,0.5920088542549342,0.4079911457450658,0.09200885425493421,LNP-GRN,OTH>IND>ON>ALP,0.418724057828483,0.581275942171517,OTH>IND>ON>GRN,0.5945849727681025,0.40541502723189743,OTH>IND>GRN>LNP,ON24,simplified
Clarinda,South-Eastern Metro,ALP,ALP,LNP,0.5171359597809762,0.4828640402190239,0.01713595978097615,ALP-LNP,OTH>GRN>IND>ON,0.5171359597809762,0.4828640402190239,OTH>GRN>IND>ON,0.5721236908268169,0.42787630917318314,OTH>GRN>IND>LNP,South-Eastern Metro,ALP,ALP,LNP,0.529286199301246,0.470713800698754,0.029286199301245985,ALP-LNP,OTH>GRN>IND>ON,0.529286199301246,0.470713800698754,OTH>GRN>IND>ON,0.565601698755349,0.43439830124465106,OTH>GRN>IND>LNP,ON24,simplified
Cranbourne,South-Eastern Metro,ALP,ON,ALP,0.5301550394850488,0.4698449605149512,0.03015503948504883,ON-ALP,IND>GRN>OTH>LNP,0.4808912913447872,0.5191087086552129,IND>GRN>OTH>ON,0.4698449605149512,0.5301550394850488,IND>GRN>OTH>LNP,South-Eastern Metro,ALP,ON,ALP,0.5341313788827566,0.4658686211172433,0.034131378882756636,ON-ALP,IND>GRN>OTH>LNP,0.49559229342171063,0.5044077065782894,IND>GRN>OTH>ON,0.4658686211172433,0.5341313788827566,IND>GRN>OTH>LNP,ON24,simplified
Croydon,North-Eastern Metro,LNP,LNP,ALP,0.6102328550992103,0.3897671449007896,0.11023285509921033,LNP-ALP,IND>OTH>GRN>ON,0.3897671449007896,0.6102328550992103,IND>OTH>GRN>ON,0.48311344145899027,0.5168865585410097,IND>OTH>GRN>LNP,North-Eastern Metro,LNP,LNP,ALP,0.6034910075701774,0.3965089924298227,0.10349100757017737,LNP-ALP,IND>OTH>GRN>ON,0.3965089924298227,0.6034910075701774,IND>OTH>GRN>ON,0.47933683513250697,0.5206631648674931,IND>OTH>GRN>LNP,ON24,simplified
Dandenong,South-Eastern Metro,ALP,ALP,ON,0.5795722958621756,0.42042770413782443,0.07957229586217562,ALP-ON,IND>OTH>GRN>LNP,0.5952136359124045,0.4047863640875956,IND>OTH>GRN>ON,0.5795722958621756,0.42042770413782443,IND>OTH>GRN>LNP,South-Eastern Metro,ALP,ALP,ON,0.5782016093696545,0.4217983906303455,0.07820160936965448,ALP-ON,IND>OTH>GRN>LNP,0.6071977565723046,0.39280224342769543,IND>OTH>GRN>ON,0.5782016093696545,0.4217983906303455,IND>OTH>GRN>LNP,ON24,simplified
Eildon,Northern Victoria,LNP,LNP,ON,0.5827212259716413,0.4172787740283587,0.08272122597164133,LNP-ON,IND>OTH>GRN>ALP,0.3476286867801501,0.6523713132198499,IND>OTH>GRN>ON,0.3519693517012697,0.6480306482987304,IND>OTH>GRN>LNP,Northern Victoria,LNP,LNP,ON,0.5795253250397241,0.42047467496027585,0.07952532503972409,LNP-ON,IND>OTH>GRN>ALP,0.3290019891953892,0.6709980108046109,IND>OTH>GRN>ON,0.3430051370126696,0.6569948629873303,IND>OTH>GRN>LNP,ON24,simplified
Eltham,North-Eastern Metro,ALP,LNP,ALP,0.5030833970060034,0.49691660299399665,0.003083397006003352,LNP-ALP,IND>OTH>GRN>ON,0.49691660299399665,0.5030833970060034,IND>OTH>GRN>ON,0.5615029272883995,0.43849707271160054,IND>OTH>GRN>LNP,North-Eastern Metro,ALP,ALP,LNP,0.5043150163327854,0.4956849836672146,0.004315016332785415,ALP-LNP,IND>OTH>GRN>ON,0.5043150163327854,0.4956849836672146,IND>OTH>GRN>ON,0.5584340521197672,0.4415659478802329,IND>OTH>GRN>LNP,ON24,simplified
Essendon,Northern Metro,ALP,ALP,ON,0.5489311336201088,0.4510688663798913,0.04893113362010881,ALP-ON,IND>OTH>GRN>LNP,0.5068382845062014,0.4931617154937986,IND>OTH>GRN>ON,0.5489311336201088,0.4510688663798913,IND>OTH>GRN>LNP,Northern Metro,ALP,ALP,ON,0.5432346615526883,0.4567653384473118,0.04323466155268829,ALP-ON,IND>OTH>GRN>LNP,0.5174205761560945,0.48257942384390545,IND>OTH>GRN>ON,0.5432346615526883,0.4567653384473118,IND>OTH>GRN>LNP,ON24,simplified
Eureka,Western Victoria,ALP,ON,ALP,0.5826513060608088,0.41734869393919116,0.08265130606080884,ON-ALP,IND>OTH>GRN>LNP,0.4649215302356284,0.5350784697643717,IND>OTH>GRN>ON,0.41734869393919116,0.5826513060608088,IND>OTH>GRN>LNP,Western Victoria,ALP,ON,ALP,0.5950832612347782,0.40491673876522183,0.09508326123477817,ON-ALP,IND>OTH>GRN>LNP,0.44217029634017346,0.5578297036598265,IND>OTH>GRN>ON,0.40491673876522183,0.5950832612347782,IND>OTH>GRN>LNP,ON24,simplified
Euroa,Northern Victoria,LNP,LNP,ON,0.5730420942622092,0.42695790573779074,0.0730420942622092,LNP-ON,IND>OTH>GRN>ALP,0.3045108429014668,0.6954891570985332,IND>OTH>GRN>ON,0.31192512955478024,0.6880748704452198,IND>OTH>GRN>LNP,Northern Victoria,LNP,LNP,ON,0.5721978358711717,0.42780216412882827,0.07219783587117168,LNP-ON,IND>OTH>GRN>ALP,0.28970671581769386,0.7102932841823061,IND>OTH>GRN>ON,0.3100725106997454,0.6899274893002546,IND>OTH>GRN>LNP,ON24,simplified
Evelyn,Eastern Victoria,LNP,LNP,ALP,0.6461940259789387,0.3538059740210613,0.1461940259789387,LNP-ALP,IND>OTH>GRN>ON,0.3538059740210613,0.6461940259789387,IND>OTH>GRN>ON,0.3942044424835855,0.6057955575164146,IND>OTH>GRN>LNP,Eastern Victoria,LNP,LNP,ON,0.6263822327441402,0.37361776725585977,0.12638223274414018,LNP-ON,IND>OTH>GRN>ALP,0.3417962087629793,0.6582037912370208,IND>OTH>GRN>ON,0.3826115698383527,0.6173884301616474,IND>OTH>GRN>LNP,ON24,simplified
Footscray,Western Metro,ALP,ALP,GRN,0.5472992386843516,0.45270076131564846,0.0472992386843516,ALP-GRN,IND>OTH>LNP>ON,0.6446609374082628,0.3553390625917372,IND>OTH>ON>GRN,0.69099140400228,0.30900859599771996,IND>OTH>LNP>GRN,Western Metro,ALP,ALP,GRN,0.5404775670864616,0.45952243291353845,0.04047756708646155,ALP-GRN,IND>OTH>LNP>ON,0.6822719888167457,0.3177280111832544,IND>OTH>ON>GRN,0.7219007061059923,0.27809929389400767,IND>OTH>LNP>GRN,ON24,simplified
Frankston,South-Eastern Metro,ALP,ALP,ON,0.5013077590978737,0.4986922409021263,0.0013077590978737286,ALP-ON,IND>OTH>GRN>LNP,0.48604164586863446,0.5139583541313656,IND>OTH>GRN>ON,0.5013077590978737,0.4986922409021263,IND>OTH>GRN>LNP,South-Eastern Metro,ALP,ON,ALP,0.5042056782638329,0.4957943217361672,0.0042056782638328905,ON-ALP,IND>OTH>GRN>LNP,0.49749973310988865,0.5025002668901113,IND>OTH>GRN>ON,0.4957943217361672,0.5042056782638329,IND>OTH>GRN>LNP,ON24,simplified
Geelong,Western Victoria,ALP,ON,ALP,0.5140999441480592,0.4859000558519409,0.014099944148059151,ON-ALP,OTH>IND>GRN>LNP,0.510607935152499,0.489392064847501,OTH>IND>GRN>ON,0.4859000558519409,0.5140999441480592,OTH>IND>GRN>LNP,Western Victoria,ALP,ON,ALP,0.5312588356329738,0.46874116436702623,0.031258835632973825,ON-ALP,OTH>IND>GRN>LNP,0.49671675128021847,0.5032832487197816,OTH>IND>GRN>ON,0.46874116436702623,0.5312588356329738,OTH>IND>GRN>LNP,ON24,simplified
Gippsland East,Eastern Victoria,LNP,LNP,ON,0.5841574464352697,0.41584255356473043,0.08415744643526968,LNP-ON,IND>ALP>OTH>GRN,0.2077728926740918,0.7922271073259081,IND>OTH>GRN>ON,0.21649775223949733,0.7835022477605026,IND>OTH>GRN>LNP,Eastern Victoria,LNP,LNP,ON,0.5729431734596214,0.4270568265403785,0.07294317345962142,LNP-ON,IND>ALP>OTH>GRN,0.18999845320032463,0.8100015467996753,IND>OTH>GRN>ON,0.21138224703731567,0.7886177529626842,IND>OTH>GRN>LNP,ON24,simplified
Gippsland South,Eastern Victoria,LNP,LNP,ON,0.5716620685055659,0.42833793149443405,0.07166206850556589,LNP-ON,OTH>IND>GRN>ALP,0.26337996174062156,0.7366200382593785,OTH>IND>GRN>ON,0.27142429107067495,0.728575708929325,OTH>IND>GRN>LNP,Eastern Victoria,LNP,LNP,ON,0.5663239914408633,0.4336760085591366,0.06632399144086332,LNP-ON,OTH>IND>GRN>ALP,0.24223215378411345,0.7577678462158866,OTH>IND>GRN>ON,0.26093204536234127,0.7390679546376587,OTH>IND>GRN>LNP,ON24,simplified
Glen Waverley,North-Eastern Metro,ALP,LNP,ALP,0.5545997835764594,0.4454002164235405,0.05459978357645945,LNP-ALP,IND>OTH>GRN>ON,0.4454002164235405,0.5545997835764594,IND>OTH>GRN>ON,0.5890952840655547,0.4109047159344453,IND>OTH>GRN>LNP,North-Eastern Metro,ALP,LNP,ALP,0.5494215351357207,0.45057846486427927,0.04942153513572067,LNP-ALP,IND>OTH>GRN>ON,0.45057846486427927,0.5494215351357207,IND>OTH>GRN>ON,0.5861011459279549,0.4138988540720451,IND>OTH>GRN>LNP,ON24,simplified
Greenvale,Northern Metro,ALP,ALP,ON,0.554001153056795,0.445998846943205,0.05400115305679498,ALP-ON,IND>GRN>OTH>LNP,0.5409604853085349,0.45903951469146503,IND>GRN>OTH>ON,0.554001153056795,0.445998846943205,IND>GRN>OTH>LNP,Northern Metro,ALP,ALP,ON,0.5464130965349483,0.4535869034650517,0.046413096534948295,ALP-ON,IND>GRN>OTH>LNP,0.5575846344310352,0.44241536556896477,IND>GRN>OTH>ON,0.5464130965349483,0.4535869034650517,IND>GRN>OTH>LNP,ON24,simplified
Hastings,Eastern Victoria,ALP,LNP,ON,0.5477279381825788,0.45227206181742124,0.04772793818257881,LNP-ON,IND>OTH>GRN>ALP,0.41254870794686394,0.5874512920531361,IND>OTH>GRN>ON,0.3980726744290453,0.6019273255709546,IND>OTH>GRN>LNP,Eastern Victoria,ALP,LNP,ON,0.545510776560324,0.454489223439676,0.045510776560323984,LNP-ON,IND>OTH>GRN>ALP,0.3942462291907849,0.6057537708092151,IND>OTH>GRN>ON,0.3907493044148626,0.6092506955851373,IND>OTH>GRN>LNP,ON24,simplified
Hawthorn,Southern Metro,LNP,LNP,IND,0.6191162830289804,0.38088371697101975,0.11911628302898036,LNP-IND,OTH>ON>ALP>GRN,0.4052458412267049,0.5947541587732951,OTH>ON>GRN>IND,0.6029504045176813,0.39704959548231866,OTH>GRN>IND>LNP,Southern Metro,LNP,LNP,IND,0.5915602568291091,0.40843974317089093,0.09156025682910907,LNP-IND,OTH>ON>ALP>GRN,0.4426350339468108,0.5573649660531893,OTH>ON>GRN>IND,0.6434272467728234,0.3565727532271767,OTH>GRN>IND>LNP,ON24,simplified
Ivanhoe,North-Eastern Metro,ALP,ALP,LNP,0.5390184912420275,0.46098150875797256,0.0390184912420275,ALP-LNP,OTH>IND>ON>GRN,0.5390184912420275,0.46098150875797256,OTH>IND>ON>GRN,0.617876344813708,0.382123655186292,OTH>IND>GRN>LNP,North-Eastern Metro,ALP,ALP,LNP,0.5499112756220466,0.4500887243779535,0.04991127562204656,ALP-LNP,OTH>IND>ON>GRN,0.5499112756220466,0.4500887243779535,OTH>IND>ON>GRN,0.6128252230727874,0.3871747769272125,OTH>IND>GRN>LNP,ON24,simplified
Kalkallo,Northern Metro,ALP,ALP,ON,0.5458263240043933,0.45417367599560665,0.04582632400439335,ALP-ON,IND>GRN>OTH>LNP,0.5751959847215092,0.4248040152784908,IND>GRN>OTH>ON,0.5458263240043933,0.45417367599560665,IND>GRN>OTH>LNP,Northern Metro,ALP,ALP,ON,0.5325816146624945,0.4674183853375055,0.03258161466249454,ALP-ON,IND>GRN>OTH>LNP,0.5643325656327027,0.43566743436729727,IND>GRN>OTH>ON,0.5325816146624945,0.4674183853375055,IND>GRN>OTH>LNP,ON24,simplified
Kew,Southern Metro,LNP,LNP,IND,0.6394397489571817,0.36056025104281836,0.1394397489571817,LNP-IND,OTH>ON>GRN>ALP,0.3708055817908685,0.6291944182091315,OTH>ON>GRN>IND,0.5888377746571848,0.41116222534281527,OTH>GRN>IND>LNP,Southern Metro,LNP,LNP,IND,0.614616951832482,0.38538304816751806,0.114616951832482,LNP-IND,OTH>ON>GRN>ALP,0.40431916676383267,0.5956808332361674,OTH>ON>GRN>IND,0.6253906987503931,0.37460930124960695,OTH>GRN>IND>LNP,ON24,simplified
Kororoit,Western Metro,ALP,ALP,ON,0.5418211527170289,0.45817884728297104,0.04182115271702891,ALP-ON,IND>GRN>OTH>LNP,0.5586349638932736,0.44136503610672645,IND>GRN>OTH>ON,0.5418211527170289,0.45817884728297104,IND>GRN>OTH>LNP,Western Metro,ALP,ALP,ON,0.5378116422148423,0.4621883577851577,0.037811642214842345,ALP-ON,IND>GRN>OTH>LNP,0.5756709768935242,0.42432902310647574,IND>GRN>OTH>ON,0.5378116422148423,0.4621883577851577,IND>GRN>OTH>LNP,ON24,simplified
Lara,Western Victoria,ALP,ON,ALP,0.5375522659826977,0.4624477340173024,0.037552265982697675,ON-ALP,IND>OTH>GRN>LNP,0.528030597209703,0.47196940279029703,IND>OTH>GRN>ON,0.4624477340173024,0.5375522659826977,IND>OTH>GRN>LNP,Western Victoria,ALP,ON,ALP,0.5512329122960354,0.4487670877039646,0.05123291229603544,ON-ALP,IND>OTH>GRN>LNP,0.5114879669346125,0.48851203306538754,IND>OTH>GRN>ON,0.4487670877039646,0.5512329122960354,IND>OTH>GRN>LNP,ON24,simplified
Laverton,Western Metro,ALP,ALP,ON,0.5710258420372847,0.4289741579627153,0.07102584203728468,ALP-ON,IND>GRN>OTH>LNP,0.574406566175751,0.4255934338242489,IND>GRN>OTH>ON,0.5710258420372847,0.4289741579627153,IND>GRN>OTH>LNP,Western Metro,ALP,ALP,ON,0.5656967469937698,0.4343032530062301,0.06569674699376982,ALP-ON,IND>GRN>OTH>LNP,0.591472928046768,0.40852707195323196,IND>GRN>OTH>ON,0.5656967469937698,0.4343032530062301,IND>GRN>OTH>LNP,ON24,simplified
Lowan,Western Victoria,LNP,LNP,ON,0.6045439020943185,0.39545609790568154,0.10454390209431852,LNP-ON,IND>OTH>GRN>ALP,0.21680768793177674,0.7831923120682233,IND>OTH>GRN>ON,0.2397992508111805,0.7602007491888195,IND>OTH>GRN>LNP,Western Victoria,LNP,LNP,ON,0.5990935365828465,0.4009064634171536,0.09909353658284648,LNP-ON,IND>OTH>GRN>ALP,0.20051863500014216,0.7994813649998579,IND>OTH>GRN>ON,0.2339442902420771,0.7660557097579229,IND>OTH>GRN>LNP,ON24,simplified
Macedon,Northern Victoria,ALP,ON,ALP,0.5361610319023181,0.4638389680976818,0.03616103190231812,ON-ALP,OTH>IND>GRN>LNP,0.4907202308518744,0.5092797691481257,OTH>IND>GRN>ON,0.4638389680976818,0.5361610319023181,OTH>IND>GRN>LNP,Northern Victoria,ALP,ON,ALP,0.5456384061364214,0.45436159386357855,0.04563840613642145,ON-ALP,OTH>IND>GRN>LNP,0.4733039930216632,0.5266960069783369,OTH>IND>GRN>ON,0.45436159386357855,0.5456384061364214,OTH>IND>GRN>LNP,ON24,simplified
Malvern,Southern Metro,LNP,LNP,GRN,0.6721831540158646,0.32781684598413535,0.1721831540158646,LNP-GRN,IND>OTH>ON>ALP,0.33768025246069366,0.6623197475393063,IND>OTH>ON>GRN,0.5754911031743994,0.4245088968256006,IND>OTH>GRN>LNP,Southern Metro,LNP,LNP,GRN,0.6491235817279375,0.3508764182720625,0.1491235817279375,LNP-GRN,IND>OTH>ON>ALP,0.3594563499122036,0.6405436500877963,IND>OTH>ON>GRN,0.5872482521038642,0.41275174789613583,IND>OTH>GRN>LNP,ON24,simplified
Melbourne,Northern Metro,GRN,GRN,ALP,0.614351123178079,0.38564887682192095,0.11435112317807905,GRN-ALP,IND>OTH>LNP>ON,0.6516735590096141,0.3483264409903859,IND>OTH>ON>GRN,0.7103331086472969,0.2896668913527032,IND>OTH>LNP>GRN,Northern Metro,GRN,GRN,ALP,0.6213697934524596,0.3786302065475404,0.12136979345245957,GRN-ALP,IND>OTH>LNP>ON,0.6994507920156122,0.30054920798438783,IND>OTH>ON>GRN,0.7411804338795994,0.25881956612040063,IND>OTH>LNP>GRN,ON24,simplified
Melton,Western Victoria,ALP,ON,IND,0.5497179061669569,0.4502820938330431,0.04971790616695693,ON-IND,GRN>OTH>LNP>ALP,0.43760489845195566,0.5623951015480444,GRN>OTH>IND>ON,0.4380005703882395,0.5619994296117605,GRN>OTH>LNP>IND,Western Victoria,ALP,ON,IND,0.5706111851831983,0.4293888148168017,0.07061118518319831,ON-IND,GRN>OTH>LNP>ALP,0.4187581462794663,0.5812418537205337,GRN>OTH>IND>ON,0.42261045258477903,0.577389547415221,GRN>OTH>LNP>IND,ON24,simplified
Mildura,Northern Victoria,LNP,IND,ON,0.5113454226378887,0.4886545773621113,0.011345422637888736,IND-ON,OTH>ALP>GRN>LNP,0.2886807494766112,0.7113192505233888,OTH>GRN>ON>IND,0.3483458208880927,0.6516541791119073,OTH>GRN>LNP>IND,Northern Victoria,LNP,ON,IND,0.5029766378733128,0.49702336212668724,0.002976637873312815,ON-IND,OTH>ALP>GRN>LNP,0.25709114220125523,0.7429088577987447,OTH>GRN>ON>IND,0.3273700523879417,0.6726299476120583,OTH>GRN>LNP>IND,ON24,simplified
Mill Park,North-Eastern Metro,ALP,ALP,ON,0.5204248048117228,0.47957519518827724,0.02042480481172282,ALP-ON,IND>GRN>OTH>LNP,0.5356192957121366,0.46438070428786343,IND>GRN>OTH>ON,0.5204248048117228,0.47957519518827724,IND>GRN>OTH>LNP,North-Eastern Metro,ALP,ALP,ON,0.5163426876266562,0.4836573123733438,0.01634268762665625,ALP-ON,IND>GRN>OTH>LNP,0.5479739493177657,0.4520260506822343,IND>GRN>OTH>ON,0.5163426876266562,0.4836573123733438,IND>GRN>OTH>LNP,ON24,simplified
Monbulk,Eastern Victoria,ALP,LNP,ALP,0.5323894568234391,0.4676105431765609,0.03238945682343908,LNP-ALP,OTH>IND>GRN>ON,0.4676105431765609,0.5323894568234391,OTH>IND>GRN>ON,0.4594270788844138,0.5405729211155862,OTH>IND>GRN>LNP,Eastern Victoria,ALP,LNP,ALP,0.5488339539394075,0.45116604606059246,0.04883395393940748,LNP-ALP,OTH>IND>GRN>ON,0.45116604606059246,0.5488339539394075,OTH>IND>GRN>ON,0.4364639853217026,0.5635360146782974,OTH>IND>GRN>LNP,ON24,simplified
Mordialloc,South-Eastern Metro,ALP,LNP,ALP,0.507693861859216,0.492306138140784,0.007693861859215945,LNP-ALP,OTH>IND>GRN>ON,0.492306138140784,0.507693861859216,OTH>IND>GRN>ON,0.5619833828886724,0.43801661711132756,OTH>IND>GRN>LNP,South-Eastern Metro,ALP,ALP,LNP,0.5014885911898996,0.49851140881010036,0.0014885911898996351,ALP-LNP,OTH>IND>GRN>ON,0.5014885911898996,0.49851140881010036,OTH>IND>GRN>ON,0.5552506392382623,0.4447493607617377,OTH>IND>GRN>LNP,ON24,simplified
Mornington,Eastern Victoria,LNP,LNP,IND,0.6306284257188424,0.3693715742811576,0.13062842571884237,LNP-IND,OTH>GRN>ALP>ON,0.32075850297568465,0.6792414970243154,OTH>GRN>ON>IND,0.3640110772770414,0.6359889227229586,OTH>GRN>IND>LNP,Eastern Victoria,LNP,LNP,IND,0.6243414829305001,0.3756585170695,0.12434148293050007,LNP-IND,OTH>GRN>ALP>ON,0.307582167074125,0.692417832925875,OTH>GRN>ON>IND,0.34271342244801817,0.6572865775519818,OTH>GRN>IND>LNP,ON24,simplified
Morwell,Eastern Victoria,LNP,ON,LNP,0.523463552546951,0.4765364474530491,0.023463552546950983,ON-LNP,GRN>OTH>IND>ALP,0.36792670103157343,0.6320732989684266,GRN>OTH>IND>ON,0.33586412910148666,0.6641358708985133,GRN>OTH>IND>LNP,Eastern Victoria,LNP,ON,LNP,0.5406026504814045,0.4593973495185954,0.040602650481404545,ON-LNP,GRN>OTH>IND>ALP,0.3549077462596592,0.6450922537403408,GRN>OTH>IND>ON,0.3192574990809151,0.680742500919085,GRN>OTH>IND>LNP,ON24,simplified
Mulgrave,South-Eastern Metro,ALP,ALP,ON,0.6748046127906008,0.32519538720939933,0.17480461279060078,ALP-ON,OTH>GRN>LNP>IND,0.5864038430204624,0.4135961569795376,OTH>GRN>IND>ON,0.6748046127906008,0.32519538720939933,OTH>GRN>LNP>IND,South-Eastern Metro,ALP,ALP,ON,0.6734225507982211,0.326577449201779,0.1734225507982211,ALP-ON,OTH>GRN>LNP>IND,0.6014461813131885,0.39855381868681156,OTH>GRN>IND>ON,0.6734225507982211,0.326577449201779,OTH>GRN>LNP>IND,ON24,simplified
Murray Plains,Northern Victoria,LNP,LNP,ON,0.5805312313340176,0.41946876866598237,0.08053123133401763,LNP-ON,IND>GRN>ALP>OTH,0.1978037574023029,0.802196242597697,IND>GRN>OTH>ON,0.20488104788723627,0.7951189521127636,IND>GRN>OTH>LNP,Northern Victoria,LNP,LNP,ON,0.5744706904625705,0.42552930953742946,0.07447069046257049,LNP-ON,IND>GRN>ALP>OTH,0.17515393527980908,0.8248460647201908,IND>GRN>OTH>ON,0.19321340353433883,0.8067865964656611,IND>GRN>OTH>LNP,ON24,simplified
Narracan,Eastern Victoria,LNP,LNP,ON,0.5887158384535316,0.41128416154646846,0.08871583845353159,LNP-ON,OTH>IND>GRN>ALP,0.3662163374239846,0.6337836625760154,OTH>IND>GRN>ON,0.3753359179015649,0.6246640820984352,OTH>IND>GRN>LNP,Eastern Victoria,LNP,LNP,ON,0.5823587273205935,0.41764127267940654,0.08235872732059346,LNP-ON,OTH>IND>GRN>ALP,0.3516672662471812,0.6483327337528189,OTH>IND>GRN>ON,0.36775705819076143,0.6322429418092386,OTH>IND>GRN>LNP,ON24,simplified
Narre Warren North,South-Eastern Metro,ALP,ON,ALP,0.5102931954446593,0.48970680455534077,0.010293195444659342,ON-ALP,IND>GRN>OTH>LNP,0.49496227656061276,0.5050377234393874,IND>GRN>OTH>ON,0.48970680455534077,0.5102931954446593,IND>GRN>OTH>LNP,South-Eastern Metro,ALP,ON,ALP,0.5149506804810492,0.48504931951895086,0.014950680481049194,ON-ALP,IND>GRN>OTH>LNP,0.5077721711095448,0.4922278288904553,IND>GRN>OTH>ON,0.48504931951895086,0.5149506804810492,IND>GRN>OTH>LNP,ON24,simplified
Narre Warren South,South-Eastern Metro,ALP,ON,ALP,0.5023617347273173,0.4976382652726828,0.002361734727317266,ON-ALP,IND>GRN>OTH>LNP,0.49552391625195524,0.5044760837480449,IND>GRN>OTH>ON,0.4976382652726828,0.5023617347273173,IND>GRN>OTH>LNP,South-Eastern Metro,ALP,ON,ALP,0.506507880272015,0.4934921197279851,0.0065078802720149875,ON-ALP,IND>GRN>OTH>LNP,0.5077132927035861,0.492286707296414,IND>GRN>OTH>ON,0.4934921197279851,0.506507880272015,IND>GRN>OTH>LNP,ON24,simplified
Nepean,Eastern Victoria,LNP,LNP,ALP,0.6552948611136816,0.34470513888631843,0.15529486111368163,LNP-ALP,OTH>IND>GRN>ON,0.34470513888631843,0.6552948611136816,OTH>IND>GRN>ON,0.3855606919595472,0.6144393080404529,OTH>IND>GRN>LNP,Eastern Victoria,LNP,LNP,ON,0.6242996571556744,0.37570034284432563,0.12429965715567437,LNP-ON,OTH>IND>GRN>ALP,0.333565667126081,0.6664343328739191,OTH>IND>GRN>ON,0.3743697197240742,0.6256302802759258,OTH>IND>GRN>LNP,ON24,simplified
Niddrie,Western Metro,ALP,ALP,ON,0.5045536705460703,0.49544632945392986,0.004553670546070254,ALP-ON,IND>OTH>GRN>LNP,0.46289802148385756,0.5371019785161425,IND>OTH>GRN>ON,0.5045536705460703,0.49544632945392986,IND>OTH>GRN>LNP,Western Metro,ALP,ALP,ON,0.5018119229118693,0.4981880770881308,0.0018119229118692681,ALP-ON,IND>OTH>GRN>LNP,0.4717180514181985,0.5282819485818016,IND>OTH>GRN>ON,0.5018119229118693,0.4981880770881308,IND>OTH>GRN>LNP,ON24,simplified
Northcote,Northern Metro,ALP,GRN,ALP,0.5250616061989238,0.4749383938010763,0.025061606198923836,GRN-ALP,IND>LNP>OTH>ON,0.6899737672136106,0.3100262327863895,IND>OTH>ON>GRN,0.6863464121496988,0.3136535878503013,IND>LNP>OTH>GRN,Northern Metro,ALP,GRN,ALP,0.5292068590326576,0.47079314096734237,0.02920685903265763,GRN-ALP,IND>LNP>OTH>ON,0.7363527539135915,0.26364724608640866,IND>OTH>ON>GRN,0.7051866790342712,0.29481332096572876,IND>LNP>OTH>GRN,ON24,simplified
Oakleigh,Southern Metro,ALP,ALP,LNP,0.5394770172304012,0.46052298276959885,0.0394770172304012,ALP-LNP,OTH>IND>GRN>ON,0.5394770172304012,0.46052298276959885,OTH>IND>GRN>ON,0.5974326906866213,0.4025673093133788,OTH>IND>GRN>LNP,Southern Metro,ALP,ALP,LNP,0.5480915187951414,0.4519084812048587,0.0480915187951414,ALP-LNP,OTH>IND>GRN>ON,0.5480915187951414,0.4519084812048587,OTH>IND>GRN>ON,0.5923824470702986,0.4076175529297013,OTH>IND>GRN>LNP,ON24,simplified
Ovens Valley,Northern Victoria,LNP,LNP,ON,0.5970381636051599,0.4029618363948401,0.09703816360515993,LNP-ON,IND>ALP>OTH>GRN,0.2737448424780627,0.7262551575219374,IND>GRN>OTH>ON,0.2691003128837071,0.7308996871162929,IND>GRN>OTH>LNP,Northern Victoria,LNP,LNP,ON,0.5719601313072502,0.4280398686927499,0.07196013130725021,LNP-ON,IND>ALP>GRN>OTH,0.2540050846501843,0.7459949153498158,IND>GRN>OTH>ON,0.25654864356521395,0.7434513564347861,IND>GRN>OTH>LNP,ON24,simplified
Pakenham,Eastern Victoria,ALP,LNP,ON,0.5149419619666362,0.4850580380333637,0.014941961966636219,LNP-ON,IND>GRN>OTH>ALP,0.4024338851596883,0.5975661148403116,IND>GRN>OTH>ON,0.3753768563412076,0.6246231436587923,IND>GRN>OTH>LNP,Eastern Victoria,ALP,LNP,ON,0.5029610058021956,0.49703899419780434,0.0029610058021956043,LNP-ON,IND>GRN>OTH>ALP,0.390884265355723,0.6091157346442769,IND>GRN>OTH>ON,0.36129279735158054,0.6387072026484195,IND>GRN>OTH>LNP,ON24,simplified
Pascoe Vale,Northern Metro,ALP,ALP,GRN,0.5249788650838733,0.4750211349161268,0.02497886508387326,ALP-GRN,OTH>IND>LNP>ON,0.5990389622433325,0.40096103775666747,OTH>IND>ON>GRN,0.6519327913297122,0.34806720867028784,OTH>IND>LNP>GRN,Northern Metro,ALP,ALP,GRN,0.5264700128995132,0.4735299871004869,0.02647001289951323,ALP-GRN,OTH>IND>LNP>ON,0.6176682379119274,0.38233176208807257,OTH>IND>ON>GRN,0.6488970797375753,0.3511029202624248,OTH>IND>LNP>GRN,ON24,simplified
Point Cook,Western Metro,ALP,ON,ALP,0.5062372487932857,0.49376275120671426,0.006237248793285688,ON-ALP,GRN>OTH>IND>LNP,0.501540159788622,0.49845984021137796,GRN>OTH>IND>ON,0.49376275120671426,0.5062372487932857,GRN>OTH>IND>LNP,Western Metro,ALP,ON,ALP,0.5122275977242526,0.4877724022757473,0.012227597724252637,ON-ALP,GRN>OTH>IND>LNP,0.5212129847757251,0.478787015224275,GRN>OTH>IND>ON,0.4877724022757473,0.5122275977242526,GRN>OTH>IND>LNP,ON24,simplified
Polwarth,Western Victoria,LNP,LNP,ALP,0.6136378914550467,0.3863621085449534,0.11363789145504666,LNP-ALP,IND>OTH>GRN>ON,0.3863621085449534,0.6136378914550467,IND>OTH>GRN>ON,0.403324178205193,0.5966758217948069,IND>OTH>GRN>LNP,Western Victoria,LNP,LNP,ALP,0.6290891638865279,0.37091083611347203,0.1290891638865279,LNP-ALP,IND>OTH>GRN>ON,0.37091083611347203,0.6290891638865279,IND>OTH>GRN>ON,0.3940185640382262,0.6059814359617738,IND>OTH>GRN>LNP,ON24,simplified
Prahran,Southern Metro,Greens,GRN,LNP,0.5287164848783925,0.4712835151216075,0.028716484878392512,GRN-LNP,IND>OTH>ALP>ON,0.5291703820803044,0.47082961791969563,IND>OTH>ON>GRN,0.6337664979632489,0.36623350203675104,IND>OTH>LNP>GRN,Southern Metro,Greens,GRN,LNP,0.5624618566635233,0.4375381433364767,0.06246185666352333,GRN-LNP,IND>OTH>ALP>ON,0.5680707544368905,0.4319292455631096,IND>OTH>ON>GRN,0.6715815878398349,0.32841841216016504,IND>OTH>LNP>GRN,ON24,simplified
Preston,Northern Metro,ALP,ALP,ON,0.6001866803830302,0.3998133196169697,0.10018668038303025,ALP-ON,OTH>LNP>IND>GRN,0.5751544960798236,0.4248455039201764,OTH>IND>GRN>ON,0.6001866803830302,0.3998133196169697,OTH>LNP>IND>GRN,Northern Metro,ALP,ALP,ON,0.5937966404352366,0.4062033595647634,0.09379664043523661,ALP-ON,OTH>LNP>IND>GRN,0.598080542209797,0.40191945779020294,OTH>IND>GRN>ON,0.5937966404352366,0.4062033595647634,OTH>LNP>IND>GRN,ON24,simplified
Richmond,Northern Metro,GRN,GRN,ALP,0.5763359149603036,0.4236640850396964,0.07633591496030356,GRN-ALP,IND>OTH>LNP>ON,0.6843745325673233,0.3156254674326767,IND>OTH>ON>GRN,0.7270484399416814,0.27295156005831867,IND>OTH>LNP>GRN,Northern Metro,GRN,GRN,ALP,0.5826321518768207,0.41736784812317923,0.08263215187682071,GRN-ALP,IND>OTH>LNP>ON,0.7346075694633667,0.2653924305366334,IND>OTH>ON>GRN,0.7548487003168252,0.24515129968317476,IND>OTH>LNP>GRN,ON24,simplified
Ringwood,North-Eastern Metro,LNP,LNP,ALP,0.5197565482330047,0.4802434517669954,0.019756548233004656,LNP-ALP,IND>OTH>GRN>ON,0.4802434517669954,0.5197565482330047,IND>OTH>GRN>ON,0.5640356914143073,0.43596430858569274,IND>OTH>GRN>LNP,North-Eastern Metro,LNP,LNP,ALP,0.5135016860744245,0.48649831392557547,0.01350168607442448,LNP-ALP,IND>OTH>GRN>ON,0.48649831392557547,0.5135016860744245,IND>OTH>GRN>ON,0.559407521391002,0.440592478608998,IND>OTH>GRN>LNP,ON24,simplified
Ripon,Western Victoria,ALP,ON,ALP,0.613390392324943,0.386609607675057,0.11339039232494297,ON-ALP,IND>GRN>OTH>LNP,0.43234766595526575,0.5676523340447343,IND>GRN>OTH>ON,0.386609607675057,0.613390392324943,IND>GRN>OTH>LNP,Western Victoria,ALP,ON,ALP,0.625727928924343,0.37427207107565696,0.12572792892434304,ON-ALP,IND>GRN>OTH>LNP,0.41101030602661276,0.5889896939733873,IND>GRN>OTH>ON,0.37427207107565696,0.625727928924343,IND>GRN>OTH>LNP,ON24,simplified
Rowville,South-Eastern Metro,LNP,LNP,ALP,0.6221112059841036,0.3778887940158965,0.12211120598410363,LNP-ALP,OTH>GRN>IND>ON,0.3778887940158965,0.6221112059841036,OTH>GRN>IND>ON,0.4917577223210532,0.5082422776789468,OTH>GRN>IND>LNP,South-Eastern Metro,LNP,LNP,ALP,0.6116895611132376,0.3883104388867624,0.11168956111323758,LNP-ALP,OTH>GRN>IND>ON,0.3883104388867624,0.6116895611132376,OTH>GRN>IND>ON,0.48521470995759525,0.5147852900424048,OTH>GRN>IND>LNP,ON24,simplified
Sandringham,Southern Metro,LNP,LNP,ALP,0.6391614564878798,0.3608385435121202,0.1391614564878798,LNP-ALP,OTH>IND>GRN>ON,0.3608385435121202,0.6391614564878798,OTH>IND>GRN>ON,0.5206606838926016,0.4793393161073984,OTH>IND>GRN>LNP,Southern Metro,LNP,LNP,ALP,0.6288623736588749,0.37113762634112524,0.12886237365887487,LNP-ALP,OTH>IND>GRN>ON,0.37113762634112524,0.6288623736588749,OTH>IND>GRN>ON,0.5127609282474428,0.48723907175255715,OTH>IND>GRN>LNP,ON24,simplified
Shepparton,Northern Victoria,LNP,LNP,IND,0.6021179174379213,0.3978820825620787,0.10211791743792131,LNP-IND,ALP>OTH>GRN>ON,0.2576335371100399,0.7423664628899601,OTH>GRN>ON>IND,0.42096622522531296,0.5790337747746871,OTH>GRN>LNP>IND,Northern Victoria,LNP,LNP,IND,0.5995433335731521,0.40045666642684785,0.09954333357315215,LNP-IND,ALP>OTH>GRN>ON,0.24190018087669501,0.758099819123305,OTH>GRN>ON>IND,0.4008155688819507,0.5991844311180493,OTH>GRN>LNP>IND,ON24,simplified
South Barwon,Western Victoria,ALP,LNP,ALP,0.5263426555188983,0.4736573444811018,0.02634265551889825,LNP-ALP,IND>OTH>GRN>ON,0.4736573444811018,0.5263426555188983,IND>OTH>GRN>ON,0.49636173100716474,0.5036382689928353,IND>OTH>GRN>LNP,Western Victoria,ALP,LNP,ALP,0.5389896894425115,0.4610103105574885,0.038989689442511466,LNP-ALP,IND>OTH>GRN>ON,0.4610103105574885,0.5389896894425115,IND>OTH>GRN>ON,0.48439222477832017,0.5156077752216798,IND>OTH>GRN>LNP,ON24,simplified
South-West Coast,Western Victoria,LNP,LNP,IND,0.5900224832300839,0.40997751676991623,0.09002248323008388,LNP-IND,OTH>GRN>ALP>ON,0.34660085964637277,0.6533991403536273,OTH>GRN>ON>IND,0.35734044452567854,0.6426595554743215,OTH>GRN>IND>LNP,Western Victoria,LNP,LNP,IND,0.5892111021949227,0.4107888978050773,0.08921110219492268,LNP-IND,OTH>GRN>ALP>ON,0.3223668858421794,0.6776331141578207,OTH>GRN>ON>IND,0.32913737790603037,0.6708626220939697,OTH>GRN>IND>LNP,ON24,simplified
St Albans,Western Metro,ALP,ALP,ON,0.5412594643427874,0.45874053565721257,0.04125946434278738,ALP-ON,IND>GRN>OTH>LNP,0.5254493847331051,0.47455061526689496,IND>GRN>OTH>ON,0.5412594643427874,0.45874053565721257,IND>GRN>OTH>LNP,Western Metro,ALP,ALP,ON,0.5358674499215137,0.4641325500784863,0.035867449921513694,ALP-ON,IND>GRN>OTH>LNP,0.5422454711794488,0.4577545288205513,IND>GRN>OTH>ON,0.5358674499215137,0.4641325500784863,IND>GRN>OTH>LNP,ON24,simplified
Sunbury,Western Metro,ALP,ON,ALP,0.5686764934007073,0.43132350659929275,0.06867649340070725,ON-ALP,IND>OTH>GRN>LNP,0.4575188357849151,0.542481164215085,IND>OTH>GRN>ON,0.43132350659929275,0.5686764934007073,IND>OTH>GRN>LNP,Western Metro,ALP,ON,ALP,0.5810284825128295,0.4189715174871706,0.08102848251282946,ON-ALP,IND>OTH>GRN>LNP,0.4441541741031003,0.5558458258968997,IND>OTH>GRN>ON,0.4189715174871706,0.5810284825128295,IND>OTH>GRN>LNP,ON24,simplified
Sydenham,Western Metro,ALP,ON,ALP,0.5057197040405358,0.49428029595946416,0.005719704040535789,ON-ALP,IND>GRN>OTH>LNP,0.4940795410657507,0.5059204589342493,IND>GRN>OTH>ON,0.49428029595946416,0.5057197040405358,IND>GRN>OTH>LNP,Western Metro,ALP,ON,ALP,0.509271588245131,0.49072841175486903,0.009271588245130968,ON-ALP,IND>GRN>OTH>LNP,0.5078619084337912,0.49213809156620875,IND>GRN>OTH>ON,0.49072841175486903,0.509271588245131,IND>GRN>OTH>LNP,ON24,simplified
Tarneit,Western Metro,ALP,ALP,ON,0.5348301553608322,0.46516984463916783,0.03483015536083223,ALP-ON,IND>GRN>OTH>LNP,0.5364769293786102,0.4635230706213897,IND>GRN>OTH>ON,0.5348301553608322,0.46516984463916783,IND>GRN>OTH>LNP,Western Metro,ALP,ALP,ON,0.5306785013868721,0.46932149861312794,0.030678501386872115,ALP-ON,IND>GRN>OTH>LNP,0.5518438245040285,0.44815617549597164,IND>GRN>OTH>ON,0.5306785013868721,0.46932149861312794,IND>GRN>OTH>LNP,ON24,simplified
Thomastown,Northern Metro,ALP,ALP,ON,0.556759835418219,0.443240164581781,0.05675983541821905,ALP-ON,IND>GRN>OTH>LNP,0.5770508264222439,0.42294917357775613,IND>GRN>OTH>ON,0.556759835418219,0.443240164581781,IND>GRN>OTH>LNP,Northern Metro,ALP,ALP,ON,0.5524777270042404,0.44752227299575975,0.05247772700424036,ALP-ON,IND>GRN>OTH>LNP,0.5924594940657848,0.40754050593421526,IND>GRN>OTH>ON,0.5524777270042404,0.44752227299575975,IND>GRN>OTH>LNP,ON24,simplified
Warrandyte,North-Eastern Metro,LNP,LNP,ALP,0.6371384041963863,0.3628615958036136,0.13713840419638634,LNP-ALP,IND>OTH>GRN>ON,0.3628615958036136,0.6371384041963863,IND>OTH>GRN>ON,0.49730116853567746,0.5026988314643225,IND>OTH>GRN>LNP,North-Eastern Metro,LNP,LNP,ALP,0.6317147686497444,0.36828523135025554,0.1317147686497444,LNP-ALP,IND>OTH>GRN>ON,0.36828523135025554,0.6317147686497444,IND>OTH>GRN>ON,0.49301655440190856,0.5069834455980915,IND>OTH>GRN>LNP,ON24,simplified
Wendouree,Western Victoria,ALP,ON,ALP,0.5044841758242138,0.49551582417578627,0.0044841758242137875,ON-ALP,IND>OTH>GRN>LNP,0.4955438004374148,0.5044561995625853,IND>OTH>GRN>ON,0.49551582417578627,0.5044841758242138,IND>OTH>GRN>LNP,Western Victoria,ALP,ON,ALP,0.515288351253158,0.4847116487468421,0.015288351253157972,ON-ALP,IND>OTH>GRN>LNP,0.4830792389838601,0.5169207610161399,IND>OTH>GRN>ON,0.4847116487468421,0.515288351253158,IND>OTH>GRN>LNP,ON24,simplified
Werribee,Western Metro,ALP,ON,ALP,0.5430847044954819,0.4569152955045182,0.04308470449548185,ON-ALP,GRN>OTH>IND>LNP,0.5041856015749746,0.49581439842502545,GRN>OTH>IND>ON,0.4569152955045182,0.5430847044954819,GRN>OTH>IND>LNP,Western Metro,ALP,ON,ALP,0.558197977536066,0.44180202246393396,0.05819797753606604,ON-ALP,GRN>OTH>IND>LNP,0.49307970387702416,0.5069202961229758,GRN>OTH>IND>ON,0.44180202246393396,0.558197977536066,GRN>OTH>IND>LNP,ON24,simplified
Williamstown,Western Metro,ALP,ALP,ON,0.5796824957759806,0.4203175042240195,0.07968249577598063,ALP-ON,IND>OTH>GRN>LNP,0.5389665220973588,0.46103347790264126,IND>OTH>GRN>ON,0.5796824957759806,0.4203175042240195,IND>OTH>GRN>LNP,Western Metro,ALP,ALP,ON,0.5979362513538116,0.4020637486461885,0.09793625135381157,ALP-ON,IND>OTH>GRN>LNP,0.5731453545797661,0.42685464542023394,IND>OTH>GRN>ON,0.5979362513538116,0.4020637486461885,IND>OTH>GRN>LNP,ON24,simplified
Yan Yean,Northern Victoria,ALP,ON,ALP,0.5457918265046692,0.4542081734953309,0.045791826504669175,ON-ALP,IND>GRN>OTH>LNP,0.47600830047523324,0.5239916995247669,IND>GRN>OTH>ON,0.4542081734953309,0.5457918265046692,IND>GRN>OTH>LNP,Northern Victoria,ALP,ON,ALP,0.5580510246288717,0.44194897537112826,0.058051024628871684,ON-ALP,IND>GRN>OTH>LNP,0.4642047550871271,0.535795244912873,IND>GRN>OTH>ON,0.44194897537112826,0.5580510246288717,IND>GRN>OTH>LNP,ON24,simplified
